workload,config,seed,policy,n,onsets,recall,recall_lag3,mean_delay,T_hits,T_n,V_hits,V_n,fa,fa_lag3,auc,feat_ms_per_win,feat_pct,arith_s,note
tpch,template_only,0,dci_v2_P1,41,6,0.8333,0.8333,0.0,5,6,0,0,0,0,0.9095,2.32325,100.0,0.00137,
tpch,template_only,0,dci_v2_P2,41,6,0.8333,0.8333,0.0,5,6,0,0,0,0,0.9214,1.25067,53.83,0.00114,
tpch,template_only,0,dci_v2_P4,41,6,0.8333,0.8333,0.0,5,6,0,0,0,0,0.9214,0.74261,31.96,0.00105,
tpch,template_only,0,dci_v2_P8,41,6,0.8333,0.8333,0.0,5,6,0,0,0,0,0.9214,0.46035,19.82,0.00104,
tpch,template_only,0,dci_v1,41,6,0.8333,0.8333,0.0,5,6,0,0,0,0,0.9619,2.32325,100.0,0.0039,
tpch,template_only,0,always_multiD,41,6,0.8333,0.8333,0.0,5,6,0,0,0,0,0.9167,2.32325,100.0,0.00075,
tpch,template_only,0,best_axis_oracle,41,6,0.8333,0.8333,0.0,5,6,0,0,0,0,0.9167,0.09575,4.12,0.00231,S_R
tpch,template_only,0,union4_raw,41,6,0.8333,0.8333,0.0,5,6,0,0,0,0,0.9167,0.11528,4.96,0.00195,
tpch,template_only,0,union4_bonf,41,6,0.8333,0.8333,0.0,5,6,0,0,0,0,0.9167,0.11528,4.96,0.00196,
tpch,template_only,0,every_k2,41,6,0.8333,0.8333,0.0,5,6,0,0,0,0,,1.13329,48.78,6e-05,offset=1
tpch,template_only,0,every_k3,41,6,0.0,0.0,,0,6,0,0,0,0,,0.79331,34.15,3e-05,offset=1
tpch,template_only,0,every_k4,41,6,0.5,0.5,0.0,3,6,0,0,0,0,,0.56665,24.39,2e-05,offset=1
tpch,template_only,0,adwin,41,6,0.0,0.0,,0,6,0,0,0,0,,2.32325,100.0,0.07232,
tpch,template_only,0,adwin_s,41,6,0.0,0.0,,0,6,0,0,0,0,,2.32325,100.0,2e-05,
tpch,template_only,0,mcusum,41,6,0.8333,0.8333,0.0,5,6,0,0,0,0,0.9167,2.32325,100.0,6e-05,
tpch,template_only,0,sketch1,41,6,0.8333,0.8333,0.0,5,6,0,0,0,0,0.9167,2.32325,100.0,0.00079,
tpch,template_only,1,dci_v2_P1,41,6,1.0,1.0,0.0,6,6,0,0,0,0,1.0,2.32325,100.0,0.00109,
tpch,template_only,1,dci_v2_P2,41,6,1.0,1.0,0.0,6,6,0,0,0,0,1.0,1.25067,53.83,0.00111,
tpch,template_only,1,dci_v2_P4,41,6,1.0,1.0,0.0,6,6,0,0,0,0,1.0,0.74261,31.96,0.00105,
tpch,template_only,1,dci_v2_P8,41,6,1.0,1.0,0.0,6,6,0,0,0,0,1.0,0.46035,19.82,0.00102,
tpch,template_only,1,dci_v1,41,6,1.0,1.0,0.0,6,6,0,0,0,0,1.0,2.32325,100.0,0.00164,
tpch,template_only,1,always_multiD,41,6,1.0,1.0,0.0,6,6,0,0,0,0,1.0,2.32325,100.0,0.00074,
tpch,template_only,1,best_axis_oracle,41,6,1.0,1.0,0.0,6,6,0,0,0,0,1.0,0.09575,4.12,0.00231,S_R
tpch,template_only,1,union4_raw,41,6,1.0,1.0,0.0,6,6,0,0,0,0,1.0,0.11528,4.96,0.00194,
tpch,template_only,1,union4_bonf,41,6,1.0,1.0,0.0,6,6,0,0,0,0,1.0,0.11528,4.96,0.00195,
tpch,template_only,1,every_k2,41,6,1.0,1.0,0.0,6,6,0,0,0,0,,1.13329,48.78,7e-05,offset=1
tpch,template_only,1,every_k3,41,6,0.0,0.0,,0,6,0,0,0,0,,0.79331,34.15,3e-05,offset=1
tpch,template_only,1,every_k4,41,6,0.0,0.0,,0,6,0,0,0,0,,0.56665,24.39,2e-05,offset=2
tpch,template_only,1,adwin,41,6,0.0,0.0,,0,6,0,0,0,0,,2.32325,100.0,2e-05,
tpch,template_only,1,adwin_s,41,6,0.0,0.0,,0,6,0,0,0,0,,2.32325,100.0,2e-05,
tpch,template_only,1,mcusum,41,6,1.0,1.0,0.0,6,6,0,0,0,0,1.0,2.32325,100.0,6e-05,
tpch,template_only,1,sketch1,41,6,1.0,1.0,0.0,6,6,0,0,0,0,1.0,2.32325,100.0,0.00075,
tpch,template_only,2,dci_v2_P1,41,6,1.0,1.0,0.0,6,6,0,0,0,0,1.0,2.32325,100.0,0.00105,
tpch,template_only,2,dci_v2_P2,41,6,1.0,1.0,0.0,6,6,0,0,0,0,1.0,1.25067,53.83,0.00111,
tpch,template_only,2,dci_v2_P4,41,6,1.0,1.0,0.0,6,6,0,0,0,0,1.0,0.74261,31.96,0.00104,
tpch,template_only,2,dci_v2_P8,41,6,1.0,1.0,0.0,6,6,0,0,0,0,1.0,0.46035,19.82,0.00101,
tpch,template_only,2,dci_v1,41,6,1.0,1.0,0.0,6,6,0,0,0,0,1.0,2.32325,100.0,0.00161,
tpch,template_only,2,always_multiD,41,6,1.0,1.0,0.0,6,6,0,0,0,0,1.0,2.32325,100.0,0.00075,
tpch,template_only,2,best_axis_oracle,41,6,1.0,1.0,0.0,6,6,0,0,0,0,1.0,0.09575,4.12,0.00231,S_R
tpch,template_only,2,union4_raw,41,6,1.0,1.0,0.0,6,6,0,0,0,0,1.0,0.11528,4.96,0.00196,
tpch,template_only,2,union4_bonf,41,6,1.0,1.0,0.0,6,6,0,0,0,0,1.0,0.11528,4.96,0.00194,
tpch,template_only,2,every_k2,41,6,1.0,1.0,0.0,6,6,0,0,0,0,,1.13329,48.78,5e-05,offset=1
tpch,template_only,2,every_k3,41,6,1.0,1.0,0.0,6,6,0,0,0,0,,0.73664,31.71,3e-05,offset=2
tpch,template_only,2,every_k4,41,6,0.5,0.5,0.0,3,6,0,0,0,0,,0.56665,24.39,2e-05,offset=3
tpch,template_only,2,adwin,41,6,0.0,0.0,,0,6,0,0,0,0,,2.32325,100.0,2e-05,
tpch,template_only,2,adwin_s,41,6,0.0,0.0,,0,6,0,0,0,0,,2.32325,100.0,2e-05,
tpch,template_only,2,mcusum,41,6,1.0,1.0,0.0,6,6,0,0,0,0,1.0,2.32325,100.0,6e-05,
tpch,template_only,2,sketch1,41,6,1.0,1.0,0.0,6,6,0,0,0,0,1.0,2.32325,100.0,0.00075,
tpch,template_only,3,dci_v2_P1,41,6,1.0,1.0,0.0,6,6,0,0,0,0,1.0,2.32325,100.0,0.00106,
tpch,template_only,3,dci_v2_P2,41,6,1.0,1.0,0.0,6,6,0,0,0,0,1.0,1.25067,53.83,0.00111,
tpch,template_only,3,dci_v2_P4,41,6,1.0,1.0,0.0,6,6,0,0,0,0,1.0,0.74261,31.96,0.00104,
tpch,template_only,3,dci_v2_P8,41,6,1.0,1.0,0.0,6,6,0,0,0,0,1.0,0.46035,19.82,0.00102,
tpch,template_only,3,dci_v1,41,6,1.0,1.0,0.0,6,6,0,0,0,0,1.0,2.32325,100.0,0.00167,
tpch,template_only,3,always_multiD,41,6,1.0,1.0,0.0,6,6,0,0,0,0,1.0,2.32325,100.0,0.00074,
tpch,template_only,3,best_axis_oracle,41,6,1.0,1.0,0.0,6,6,0,0,0,0,1.0,0.09575,4.12,0.0023,S_R
tpch,template_only,3,union4_raw,41,6,1.0,1.0,0.0,6,6,0,0,0,0,1.0,0.11528,4.96,0.00194,
tpch,template_only,3,union4_bonf,41,6,1.0,1.0,0.0,6,6,0,0,0,0,1.0,0.11528,4.96,0.00194,
tpch,template_only,3,every_k2,41,6,1.0,1.0,0.0,6,6,0,0,0,0,,1.13329,48.78,4e-05,offset=1
tpch,template_only,3,every_k3,41,6,0.0,0.0,,0,6,0,0,0,0,,0.79331,34.15,3e-05,offset=0
tpch,template_only,3,every_k4,41,6,0.0,0.0,,0,6,0,0,0,0,,0.62331,26.83,2e-05,offset=0
tpch,template_only,3,adwin,41,6,0.0,0.0,,0,6,0,0,0,0,,2.32325,100.0,2e-05,
tpch,template_only,3,adwin_s,41,6,0.0,0.0,,0,6,0,0,0,0,,2.32325,100.0,2e-05,
tpch,template_only,3,mcusum,41,6,1.0,1.0,0.0,6,6,0,0,0,0,1.0,2.32325,100.0,5e-05,
tpch,template_only,3,sketch1,41,6,1.0,1.0,0.0,6,6,0,0,0,0,1.0,2.32325,100.0,0.00074,
tpch,template_only,4,dci_v2_P1,41,6,1.0,1.0,0.0,6,6,0,0,0,0,1.0,2.32325,100.0,0.00105,
tpch,template_only,4,dci_v2_P2,41,6,1.0,1.0,0.0,6,6,0,0,0,0,1.0,1.25067,53.83,0.00112,
tpch,template_only,4,dci_v2_P4,41,6,1.0,1.0,0.0,6,6,0,0,0,0,1.0,0.74261,31.96,0.00106,
tpch,template_only,4,dci_v2_P8,41,6,1.0,1.0,0.0,6,6,0,0,0,0,1.0,0.46035,19.82,0.00103,
tpch,template_only,4,dci_v1,41,6,1.0,1.0,0.0,6,6,0,0,0,0,1.0,2.32325,100.0,0.00163,
tpch,template_only,4,always_multiD,41,6,1.0,1.0,0.0,6,6,0,0,0,0,1.0,2.32325,100.0,0.00075,
tpch,template_only,4,best_axis_oracle,41,6,1.0,1.0,0.0,6,6,0,0,0,0,1.0,0.09575,4.12,0.00231,S_R
tpch,template_only,4,union4_raw,41,6,1.0,1.0,0.0,6,6,0,0,0,0,1.0,0.11528,4.96,0.00198,
tpch,template_only,4,union4_bonf,41,6,1.0,1.0,0.0,6,6,0,0,0,0,1.0,0.11528,4.96,0.00196,
tpch,template_only,4,every_k2,41,6,0.0,0.0,,0,6,0,0,0,0,,1.18996,51.22,5e-05,offset=0
tpch,template_only,4,every_k3,41,6,0.0,0.0,,0,6,0,0,0,0,,0.79331,34.15,3e-05,offset=0
tpch,template_only,4,every_k4,41,6,0.5,0.5,0.0,3,6,0,0,0,0,,0.56665,24.39,2e-05,offset=1
tpch,template_only,4,adwin,41,6,0.0,0.0,,0,6,0,0,0,0,,2.32325,100.0,2e-05,
tpch,template_only,4,adwin_s,41,6,0.0,0.0,,0,6,0,0,0,0,,2.32325,100.0,2e-05,
tpch,template_only,4,mcusum,41,6,1.0,1.0,0.0,6,6,0,0,0,0,1.0,2.32325,100.0,5e-05,
tpch,template_only,4,sketch1,41,6,1.0,1.0,0.0,6,6,0,0,0,0,1.0,2.32325,100.0,0.00074,
tpch,template_only,5,dci_v2_P1,41,6,1.0,1.0,0.0,6,6,0,0,0,0,1.0,2.32325,100.0,0.00103,
tpch,template_only,5,dci_v2_P2,41,6,1.0,1.0,0.0,6,6,0,0,0,0,1.0,1.25067,53.83,0.0011,
tpch,template_only,5,dci_v2_P4,41,6,1.0,1.0,0.0,6,6,0,0,0,0,1.0,0.74261,31.96,0.00104,
tpch,template_only,5,dci_v2_P8,41,6,1.0,1.0,0.0,6,6,0,0,0,0,1.0,0.46035,19.82,0.00101,
tpch,template_only,5,dci_v1,41,6,1.0,1.0,0.0,6,6,0,0,0,0,1.0,2.32325,100.0,0.00159,
tpch,template_only,5,always_multiD,41,6,1.0,1.0,0.0,6,6,0,0,0,0,1.0,2.32325,100.0,0.00074,
tpch,template_only,5,best_axis_oracle,41,6,1.0,1.0,0.0,6,6,0,0,0,0,1.0,0.09575,4.12,0.00233,S_R
tpch,template_only,5,union4_raw,41,6,1.0,1.0,0.0,6,6,0,0,0,0,1.0,0.11528,4.96,0.00197,
tpch,template_only,5,union4_bonf,41,6,1.0,1.0,0.0,6,6,0,0,0,0,1.0,0.11528,4.96,0.00195,
tpch,template_only,5,every_k2,41,6,1.0,1.0,0.0,6,6,0,0,0,0,,1.13329,48.78,4e-05,offset=1
tpch,template_only,5,every_k3,41,6,1.0,1.0,0.0,6,6,0,0,0,0,,0.73664,31.71,3e-05,offset=2
tpch,template_only,5,every_k4,41,6,0.0,0.0,,0,6,0,0,0,0,,0.56665,24.39,2e-05,offset=2
tpch,template_only,5,adwin,41,6,0.0,0.0,,0,6,0,0,0,0,,2.32325,100.0,2e-05,
tpch,template_only,5,adwin_s,41,6,0.0,0.0,,0,6,0,0,0,0,,2.32325,100.0,2e-05,
tpch,template_only,5,mcusum,41,6,1.0,1.0,0.0,6,6,0,0,0,0,1.0,2.32325,100.0,6e-05,
tpch,template_only,5,sketch1,41,6,1.0,1.0,0.0,6,6,0,0,0,0,1.0,2.32325,100.0,0.00074,
tpch,template_only,6,dci_v2_P1,41,6,1.0,1.0,0.0,6,6,0,0,0,0,1.0,2.32325,100.0,0.00103,
tpch,template_only,6,dci_v2_P2,41,6,1.0,1.0,0.0,6,6,0,0,0,0,1.0,1.25067,53.83,0.0011,
tpch,template_only,6,dci_v2_P4,41,6,1.0,1.0,0.0,6,6,0,0,0,0,1.0,0.74261,31.96,0.00104,
tpch,template_only,6,dci_v2_P8,41,6,1.0,1.0,0.0,6,6,0,0,0,0,1.0,0.46035,19.82,0.00101,
tpch,template_only,6,dci_v1,41,6,1.0,1.0,0.0,6,6,0,0,0,0,1.0,2.32325,100.0,0.0016,
tpch,template_only,6,always_multiD,41,6,1.0,1.0,0.0,6,6,0,0,0,0,1.0,2.32325,100.0,0.00074,
tpch,template_only,6,best_axis_oracle,41,6,1.0,1.0,0.0,6,6,0,0,0,0,1.0,0.09575,4.12,0.00232,S_R
tpch,template_only,6,union4_raw,41,6,1.0,1.0,0.0,6,6,0,0,0,0,1.0,0.11528,4.96,0.00196,
tpch,template_only,6,union4_bonf,41,6,1.0,1.0,0.0,6,6,0,0,0,0,1.0,0.11528,4.96,0.00195,
tpch,template_only,6,every_k2,41,6,1.0,1.0,0.0,6,6,0,0,0,0,,1.13329,48.78,5e-05,offset=1
tpch,template_only,6,every_k3,41,6,0.0,0.0,,0,6,0,0,0,0,,0.79331,34.15,3e-05,offset=0
tpch,template_only,6,every_k4,41,6,0.0,0.0,,0,6,0,0,0,0,,0.62331,26.83,3e-05,offset=0
tpch,template_only,6,adwin,41,6,0.0,0.0,,0,6,0,0,0,0,,2.32325,100.0,2e-05,
tpch,template_only,6,adwin_s,41,6,0.0,0.0,,0,6,0,0,0,0,,2.32325,100.0,2e-05,
tpch,template_only,6,mcusum,41,6,1.0,1.0,0.0,6,6,0,0,0,0,1.0,2.32325,100.0,5e-05,
tpch,template_only,6,sketch1,41,6,1.0,1.0,0.0,6,6,0,0,0,0,1.0,2.32325,100.0,0.00074,
tpch,template_only,7,dci_v2_P1,41,6,1.0,1.0,0.0,6,6,0,0,0,0,1.0,2.32325,100.0,0.00102,
tpch,template_only,7,dci_v2_P2,41,6,1.0,1.0,0.0,6,6,0,0,0,0,1.0,1.25067,53.83,0.00111,
tpch,template_only,7,dci_v2_P4,41,6,1.0,1.0,0.0,6,6,0,0,0,0,1.0,0.74261,31.96,0.00107,
tpch,template_only,7,dci_v2_P8,41,6,1.0,1.0,0.0,6,6,0,0,0,0,1.0,0.46035,19.82,0.00103,
tpch,template_only,7,dci_v1,41,6,1.0,1.0,0.0,6,6,0,0,0,0,1.0,2.32325,100.0,0.00169,
tpch,template_only,7,always_multiD,41,6,1.0,1.0,0.0,6,6,0,0,0,0,1.0,2.32325,100.0,0.00076,
tpch,template_only,7,best_axis_oracle,41,6,1.0,1.0,0.0,6,6,0,0,0,0,1.0,0.09575,4.12,0.00231,S_R
tpch,template_only,7,union4_raw,41,6,1.0,1.0,0.0,6,6,0,0,0,0,1.0,0.11528,4.96,0.00197,
tpch,template_only,7,union4_bonf,41,6,1.0,1.0,0.0,6,6,0,0,0,0,1.0,0.11528,4.96,0.00195,
tpch,template_only,7,every_k2,41,6,0.0,0.0,,0,6,0,0,0,0,,1.18996,51.22,4e-05,offset=0
tpch,template_only,7,every_k3,41,6,1.0,1.0,0.0,6,6,0,0,0,0,,0.73664,31.71,3e-05,offset=2
tpch,template_only,7,every_k4,41,6,0.0,0.0,,0,6,0,0,0,0,,0.56665,24.39,2e-05,offset=2
tpch,template_only,7,adwin,41,6,0.0,0.0,,0,6,0,0,0,0,,2.32325,100.0,2e-05,
tpch,template_only,7,adwin_s,41,6,0.0,0.0,,0,6,0,0,0,0,,2.32325,100.0,2e-05,
tpch,template_only,7,mcusum,41,6,1.0,1.0,0.0,6,6,0,0,0,0,1.0,2.32325,100.0,5e-05,
tpch,template_only,7,sketch1,41,6,1.0,1.0,0.0,6,6,0,0,0,0,1.0,2.32325,100.0,0.00074,
tpch,template_only,8,dci_v2_P1,41,6,1.0,1.0,0.0,6,6,0,0,0,0,1.0,2.32325,100.0,0.00103,
tpch,template_only,8,dci_v2_P2,41,6,1.0,1.0,0.0,6,6,0,0,0,0,1.0,1.25067,53.83,0.00111,
tpch,template_only,8,dci_v2_P4,41,6,1.0,1.0,0.0,6,6,0,0,0,0,1.0,0.74261,31.96,0.00104,
tpch,template_only,8,dci_v2_P8,41,6,1.0,1.0,0.0,6,6,0,0,0,0,1.0,0.46035,19.82,0.00101,
tpch,template_only,8,dci_v1,41,6,1.0,1.0,0.0,6,6,0,0,0,0,1.0,2.32325,100.0,0.00161,
tpch,template_only,8,always_multiD,41,6,1.0,1.0,0.0,6,6,0,0,0,0,1.0,2.32325,100.0,0.00074,
tpch,template_only,8,best_axis_oracle,41,6,1.0,1.0,0.0,6,6,0,0,0,0,1.0,0.09575,4.12,0.00231,S_R
tpch,template_only,8,union4_raw,41,6,1.0,1.0,0.0,6,6,0,0,0,0,1.0,0.11528,4.96,0.00198,
tpch,template_only,8,union4_bonf,41,6,1.0,1.0,0.0,6,6,0,0,0,0,1.0,0.11528,4.96,0.00196,
tpch,template_only,8,every_k2,41,6,0.0,0.0,,0,6,0,0,0,0,,1.18996,51.22,5e-05,offset=0
tpch,template_only,8,every_k3,41,6,0.0,0.0,,0,6,0,0,0,0,,0.79331,34.15,3e-05,offset=1
tpch,template_only,8,every_k4,41,6,0.0,0.0,,0,6,0,0,0,0,,0.56665,24.39,2e-05,offset=2
tpch,template_only,8,adwin,41,6,0.0,0.0,,0,6,0,0,0,0,,2.32325,100.0,2e-05,
tpch,template_only,8,adwin_s,41,6,0.0,0.0,,0,6,0,0,0,0,,2.32325,100.0,2e-05,
tpch,template_only,8,mcusum,41,6,1.0,1.0,0.0,6,6,0,0,0,0,1.0,2.32325,100.0,5e-05,
tpch,template_only,8,sketch1,41,6,1.0,1.0,0.0,6,6,0,0,0,0,1.0,2.32325,100.0,0.00075,
tpch,template_only,9,dci_v2_P1,41,6,1.0,1.0,0.0,6,6,0,0,0,0,1.0,2.32325,100.0,0.00103,
tpch,template_only,9,dci_v2_P2,41,6,1.0,1.0,0.0,6,6,0,0,0,0,1.0,1.25067,53.83,0.00111,
tpch,template_only,9,dci_v2_P4,41,6,1.0,1.0,0.0,6,6,0,0,0,0,1.0,0.74261,31.96,0.00105,
tpch,template_only,9,dci_v2_P8,41,6,1.0,1.0,0.0,6,6,0,0,0,0,1.0,0.46035,19.82,0.00102,
tpch,template_only,9,dci_v1,41,6,1.0,1.0,0.0,6,6,0,0,0,0,1.0,2.32325,100.0,0.00161,
tpch,template_only,9,always_multiD,41,6,1.0,1.0,0.0,6,6,0,0,0,0,1.0,2.32325,100.0,0.00074,
tpch,template_only,9,best_axis_oracle,41,6,1.0,1.0,0.0,6,6,0,0,0,0,1.0,0.09575,4.12,0.00232,S_R
tpch,template_only,9,union4_raw,41,6,1.0,1.0,0.0,6,6,0,0,0,0,1.0,0.11528,4.96,0.00195,
tpch,template_only,9,union4_bonf,41,6,1.0,1.0,0.0,6,6,0,0,0,0,1.0,0.11528,4.96,0.00194,
tpch,template_only,9,every_k2,41,6,0.0,0.0,,0,6,0,0,0,0,,1.18996,51.22,5e-05,offset=0
tpch,template_only,9,every_k3,41,6,1.0,1.0,0.0,6,6,0,0,0,0,,0.73664,31.71,3e-05,offset=2
tpch,template_only,9,every_k4,41,6,0.5,0.5,0.0,3,6,0,0,0,0,,0.56665,24.39,2e-05,offset=3
tpch,template_only,9,adwin,41,6,0.0,0.0,,0,6,0,0,0,0,,2.32325,100.0,2e-05,
tpch,template_only,9,adwin_s,41,6,0.0,0.0,,0,6,0,0,0,0,,2.32325,100.0,2e-05,
tpch,template_only,9,mcusum,41,6,1.0,1.0,0.0,6,6,0,0,0,0,1.0,2.32325,100.0,6e-05,
tpch,template_only,9,sketch1,41,6,1.0,1.0,0.0,6,6,0,0,0,0,1.0,2.32325,100.0,0.00074,
tpch,template_only,10,dci_v2_P1,41,6,1.0,1.0,0.0,6,6,0,0,0,0,1.0,2.32325,100.0,0.00104,
tpch,template_only,10,dci_v2_P2,41,6,1.0,1.0,0.0,6,6,0,0,0,0,1.0,1.25067,53.83,0.00111,
tpch,template_only,10,dci_v2_P4,41,6,1.0,1.0,0.0,6,6,0,0,0,0,1.0,0.74261,31.96,0.00105,
tpch,template_only,10,dci_v2_P8,41,6,1.0,1.0,0.0,6,6,0,0,0,0,1.0,0.46035,19.82,0.00101,
tpch,template_only,10,dci_v1,41,6,1.0,1.0,0.0,6,6,0,0,0,0,1.0,2.32325,100.0,0.00161,
tpch,template_only,10,always_multiD,41,6,1.0,1.0,0.0,6,6,0,0,0,0,1.0,2.32325,100.0,0.00074,
tpch,template_only,10,best_axis_oracle,41,6,1.0,1.0,0.0,6,6,0,0,0,0,1.0,0.09575,4.12,0.0023,S_R
tpch,template_only,10,union4_raw,41,6,1.0,1.0,0.0,6,6,0,0,0,0,1.0,0.11528,4.96,0.00196,
tpch,template_only,10,union4_bonf,41,6,1.0,1.0,0.0,6,6,0,0,0,0,1.0,0.11528,4.96,0.00194,
tpch,template_only,10,every_k2,41,6,1.0,1.0,0.0,6,6,0,0,0,0,,1.13329,48.78,4e-05,offset=1
tpch,template_only,10,every_k3,41,6,0.0,0.0,,0,6,0,0,0,0,,0.79331,34.15,3e-05,offset=0
tpch,template_only,10,every_k4,41,6,0.5,0.5,0.0,3,6,0,0,0,0,,0.56665,24.39,2e-05,offset=1
tpch,template_only,10,adwin,41,6,0.0,0.0,,0,6,0,0,0,0,,2.32325,100.0,2e-05,
tpch,template_only,10,adwin_s,41,6,0.0,0.0,,0,6,0,0,0,0,,2.32325,100.0,2e-05,
tpch,template_only,10,mcusum,41,6,1.0,1.0,0.0,6,6,0,0,0,0,1.0,2.32325,100.0,5e-05,
tpch,template_only,10,sketch1,41,6,1.0,1.0,0.0,6,6,0,0,0,0,1.0,2.32325,100.0,0.00074,
tpch,template_only,11,dci_v2_P1,41,6,1.0,1.0,0.0,6,6,0,0,0,0,1.0,2.32325,100.0,0.00102,
tpch,template_only,11,dci_v2_P2,41,6,1.0,1.0,0.0,6,6,0,0,0,0,1.0,1.25067,53.83,0.0011,
tpch,template_only,11,dci_v2_P4,41,6,1.0,1.0,0.0,6,6,0,0,0,0,1.0,0.74261,31.96,0.00104,
tpch,template_only,11,dci_v2_P8,41,6,1.0,1.0,0.0,6,6,0,0,0,0,1.0,0.46035,19.82,0.00101,
tpch,template_only,11,dci_v1,41,6,1.0,1.0,0.0,6,6,0,0,0,0,1.0,2.32325,100.0,0.00159,
tpch,template_only,11,always_multiD,41,6,1.0,1.0,0.0,6,6,0,0,0,0,1.0,2.32325,100.0,0.00073,
tpch,template_only,11,best_axis_oracle,41,6,1.0,1.0,0.0,6,6,0,0,0,0,1.0,0.09575,4.12,0.00232,S_R
tpch,template_only,11,union4_raw,41,6,1.0,1.0,0.0,6,6,0,0,0,0,1.0,0.11528,4.96,0.00196,
tpch,template_only,11,union4_bonf,41,6,1.0,1.0,0.0,6,6,0,0,0,0,1.0,0.11528,4.96,0.00195,
tpch,template_only,11,every_k2,41,6,0.0,0.0,,0,6,0,0,0,0,,1.18996,51.22,4e-05,offset=0
tpch,template_only,11,every_k3,41,6,0.0,0.0,,0,6,0,0,0,0,,0.79331,34.15,3e-05,offset=0
tpch,template_only,11,every_k4,41,6,0.0,0.0,,0,6,0,0,0,0,,0.56665,24.39,2e-05,offset=2
tpch,template_only,11,adwin,41,6,0.0,0.0,,0,6,0,0,0,0,,2.32325,100.0,2e-05,
tpch,template_only,11,adwin_s,41,6,0.0,0.0,,0,6,0,0,0,0,,2.32325,100.0,2e-05,
tpch,template_only,11,mcusum,41,6,1.0,1.0,0.0,6,6,0,0,0,0,1.0,2.32325,100.0,5e-05,
tpch,template_only,11,sketch1,41,6,1.0,1.0,0.0,6,6,0,0,0,0,1.0,2.32325,100.0,0.00074,
tpch,template_only,12,dci_v2_P1,41,6,1.0,1.0,0.0,6,6,0,0,0,0,1.0,2.32325,100.0,0.00103,
tpch,template_only,12,dci_v2_P2,41,6,1.0,1.0,0.0,6,6,0,0,0,0,1.0,1.25067,53.83,0.0011,
tpch,template_only,12,dci_v2_P4,41,6,1.0,1.0,0.0,6,6,0,0,0,0,1.0,0.74261,31.96,0.00105,
tpch,template_only,12,dci_v2_P8,41,6,1.0,1.0,0.0,6,6,0,0,0,0,1.0,0.46035,19.82,0.00101,
tpch,template_only,12,dci_v1,41,6,1.0,1.0,0.0,6,6,0,0,0,0,1.0,2.32325,100.0,0.0016,
tpch,template_only,12,always_multiD,41,6,1.0,1.0,0.0,6,6,0,0,0,0,1.0,2.32325,100.0,0.00074,
tpch,template_only,12,best_axis_oracle,41,6,1.0,1.0,0.0,6,6,0,0,0,0,1.0,0.09575,4.12,0.00231,S_R
tpch,template_only,12,union4_raw,41,6,1.0,1.0,0.0,6,6,0,0,0,0,1.0,0.11528,4.96,0.00197,
tpch,template_only,12,union4_bonf,41,6,1.0,1.0,0.0,6,6,0,0,0,0,1.0,0.11528,4.96,0.00195,
tpch,template_only,12,every_k2,41,6,1.0,1.0,0.0,6,6,0,0,0,0,,1.13329,48.78,4e-05,offset=1
tpch,template_only,12,every_k3,41,6,0.0,0.0,,0,6,0,0,0,0,,0.79331,34.15,3e-05,offset=1
tpch,template_only,12,every_k4,41,6,0.0,0.0,,0,6,0,0,0,0,,0.62331,26.83,2e-05,offset=0
tpch,template_only,12,adwin,41,6,0.0,0.0,,0,6,0,0,0,0,,2.32325,100.0,2e-05,
tpch,template_only,12,adwin_s,41,6,0.0,0.0,,0,6,0,0,0,0,,2.32325,100.0,2e-05,
tpch,template_only,12,mcusum,41,6,1.0,1.0,0.0,6,6,0,0,0,0,1.0,2.32325,100.0,5e-05,
tpch,template_only,12,sketch1,41,6,1.0,1.0,0.0,6,6,0,0,0,0,1.0,2.32325,100.0,0.00075,
tpch,template_only,13,dci_v2_P1,41,6,1.0,1.0,0.0,6,6,0,0,0,0,1.0,2.32325,100.0,0.00103,
tpch,template_only,13,dci_v2_P2,41,6,1.0,1.0,0.0,6,6,0,0,0,0,1.0,1.25067,53.83,0.0011,
tpch,template_only,13,dci_v2_P4,41,6,1.0,1.0,0.0,6,6,0,0,0,0,1.0,0.74261,31.96,0.00104,
tpch,template_only,13,dci_v2_P8,41,6,1.0,1.0,0.0,6,6,0,0,0,0,1.0,0.46035,19.82,0.00102,
tpch,template_only,13,dci_v1,41,6,1.0,1.0,0.0,6,6,0,0,0,0,1.0,2.32325,100.0,0.0016,
tpch,template_only,13,always_multiD,41,6,1.0,1.0,0.0,6,6,0,0,0,0,1.0,2.32325,100.0,0.00074,
tpch,template_only,13,best_axis_oracle,41,6,1.0,1.0,0.0,6,6,0,0,0,0,1.0,0.09575,4.12,0.00231,S_R
tpch,template_only,13,union4_raw,41,6,1.0,1.0,0.0,6,6,0,0,0,0,1.0,0.11528,4.96,0.00196,
tpch,template_only,13,union4_bonf,41,6,1.0,1.0,0.0,6,6,0,0,0,0,1.0,0.11528,4.96,0.00196,
tpch,template_only,13,every_k2,41,6,0.0,0.0,,0,6,0,0,0,0,,1.18996,51.22,4e-05,offset=0
tpch,template_only,13,every_k3,41,6,0.0,0.0,,0,6,0,0,0,0,,0.79331,34.15,3e-05,offset=0
tpch,template_only,13,every_k4,41,6,0.0,0.0,,0,6,0,0,0,0,,0.56665,24.39,2e-05,offset=2
tpch,template_only,13,adwin,41,6,0.0,0.0,,0,6,0,0,0,0,,2.32325,100.0,2e-05,
tpch,template_only,13,adwin_s,41,6,0.0,0.0,,0,6,0,0,0,0,,2.32325,100.0,2e-05,
tpch,template_only,13,mcusum,41,6,1.0,1.0,0.0,6,6,0,0,0,0,1.0,2.32325,100.0,5e-05,
tpch,template_only,13,sketch1,41,6,1.0,1.0,0.0,6,6,0,0,0,0,1.0,2.32325,100.0,0.00074,
tpch,template_only,14,dci_v2_P1,41,6,1.0,1.0,0.0,6,6,0,0,0,0,1.0,2.32325,100.0,0.00102,
tpch,template_only,14,dci_v2_P2,41,6,1.0,1.0,0.0,6,6,0,0,0,0,1.0,1.25067,53.83,0.0011,
tpch,template_only,14,dci_v2_P4,41,6,1.0,1.0,0.0,6,6,0,0,0,0,1.0,0.74261,31.96,0.00103,
tpch,template_only,14,dci_v2_P8,41,6,1.0,1.0,0.0,6,6,0,0,0,0,1.0,0.46035,19.82,0.001,
tpch,template_only,14,dci_v1,41,6,1.0,1.0,0.0,6,6,0,0,0,0,1.0,2.32325,100.0,0.00159,
tpch,template_only,14,always_multiD,41,6,1.0,1.0,0.0,6,6,0,0,0,0,1.0,2.32325,100.0,0.00073,
tpch,template_only,14,best_axis_oracle,41,6,1.0,1.0,0.0,6,6,0,0,0,0,1.0,0.09575,4.12,0.00229,S_R
tpch,template_only,14,union4_raw,41,6,1.0,1.0,0.0,6,6,0,0,0,0,1.0,0.11528,4.96,0.00194,
tpch,template_only,14,union4_bonf,41,6,1.0,1.0,0.0,6,6,0,0,0,0,1.0,0.11528,4.96,0.00195,
tpch,template_only,14,every_k2,41,6,1.0,1.0,0.0,6,6,0,0,0,0,,1.13329,48.78,4e-05,offset=1
tpch,template_only,14,every_k3,41,6,0.0,0.0,,0,6,0,0,0,0,,0.79331,34.15,3e-05,offset=1
tpch,template_only,14,every_k4,41,6,0.0,0.0,,0,6,0,0,0,0,,0.62331,26.83,3e-05,offset=0
tpch,template_only,14,adwin,41,6,0.0,0.0,,0,6,0,0,0,0,,2.32325,100.0,2e-05,
tpch,template_only,14,adwin_s,41,6,0.0,0.0,,0,6,0,0,0,0,,2.32325,100.0,2e-05,
tpch,template_only,14,mcusum,41,6,1.0,1.0,0.0,6,6,0,0,0,0,1.0,2.32325,100.0,5e-05,
tpch,template_only,14,sketch1,41,6,1.0,1.0,0.0,6,6,0,0,0,0,1.0,2.32325,100.0,0.00074,
tpch,template_only,15,dci_v2_P1,41,6,1.0,1.0,0.0,6,6,0,0,0,0,1.0,2.32325,100.0,0.00103,
tpch,template_only,15,dci_v2_P2,41,6,1.0,1.0,0.0,6,6,0,0,0,0,1.0,1.25067,53.83,0.00115,
tpch,template_only,15,dci_v2_P4,41,6,1.0,1.0,0.0,6,6,0,0,0,0,1.0,0.74261,31.96,0.00104,
tpch,template_only,15,dci_v2_P8,41,6,1.0,1.0,0.0,6,6,0,0,0,0,1.0,0.46035,19.82,0.00101,
tpch,template_only,15,dci_v1,41,6,1.0,1.0,0.0,6,6,0,0,0,0,1.0,2.32325,100.0,0.00159,
tpch,template_only,15,always_multiD,41,6,1.0,1.0,0.0,6,6,0,0,0,0,1.0,2.32325,100.0,0.00074,
tpch,template_only,15,best_axis_oracle,41,6,1.0,1.0,0.0,6,6,0,0,0,0,1.0,0.09575,4.12,0.00233,S_R
tpch,template_only,15,union4_raw,41,6,1.0,1.0,0.0,6,6,0,0,0,0,1.0,0.11528,4.96,0.00197,
tpch,template_only,15,union4_bonf,41,6,1.0,1.0,0.0,6,6,0,0,0,0,1.0,0.11528,4.96,0.00196,
tpch,template_only,15,every_k2,41,6,1.0,1.0,0.0,6,6,0,0,0,0,,1.13329,48.78,4e-05,offset=1
tpch,template_only,15,every_k3,41,6,1.0,1.0,0.0,6,6,0,0,0,0,,0.73664,31.71,3e-05,offset=2
tpch,template_only,15,every_k4,41,6,0.0,0.0,,0,6,0,0,0,0,,0.56665,24.39,2e-05,offset=2
tpch,template_only,15,adwin,41,6,0.0,0.0,,0,6,0,0,0,0,,2.32325,100.0,2e-05,
tpch,template_only,15,adwin_s,41,6,0.0,0.0,,0,6,0,0,0,0,,2.32325,100.0,2e-05,
tpch,template_only,15,mcusum,41,6,1.0,1.0,0.0,6,6,0,0,0,0,1.0,2.32325,100.0,6e-05,
tpch,template_only,15,sketch1,41,6,1.0,1.0,0.0,6,6,0,0,0,0,1.0,2.32325,100.0,0.00074,
tpch,template_only,16,dci_v2_P1,41,6,1.0,1.0,0.0,6,6,0,0,0,0,1.0,2.32325,100.0,0.00103,
tpch,template_only,16,dci_v2_P2,41,6,1.0,1.0,0.0,6,6,0,0,0,0,1.0,1.25067,53.83,0.0011,
tpch,template_only,16,dci_v2_P4,41,6,1.0,1.0,0.0,6,6,0,0,0,0,1.0,0.74261,31.96,0.00104,
tpch,template_only,16,dci_v2_P8,41,6,1.0,1.0,0.0,6,6,0,0,0,0,1.0,0.46035,19.82,0.001,
tpch,template_only,16,dci_v1,41,6,1.0,1.0,0.0,6,6,0,0,0,0,1.0,2.32325,100.0,0.00159,
tpch,template_only,16,always_multiD,41,6,1.0,1.0,0.0,6,6,0,0,0,0,1.0,2.32325,100.0,0.00073,
tpch,template_only,16,best_axis_oracle,41,6,1.0,1.0,0.0,6,6,0,0,0,0,1.0,0.09575,4.12,0.0023,S_R
tpch,template_only,16,union4_raw,41,6,1.0,1.0,0.0,6,6,0,0,0,0,1.0,0.11528,4.96,0.00194,
tpch,template_only,16,union4_bonf,41,6,1.0,1.0,0.0,6,6,0,0,0,0,1.0,0.11528,4.96,0.00194,
tpch,template_only,16,every_k2,41,6,0.0,0.0,,0,6,0,0,0,0,,1.18996,51.22,4e-05,offset=0
tpch,template_only,16,every_k3,41,6,1.0,1.0,0.0,6,6,0,0,0,0,,0.73664,31.71,3e-05,offset=2
tpch,template_only,16,every_k4,41,6,0.0,0.0,,0,6,0,0,0,0,,0.56665,24.39,2e-05,offset=2
tpch,template_only,16,adwin,41,6,0.0,0.0,,0,6,0,0,0,0,,2.32325,100.0,2e-05,
tpch,template_only,16,adwin_s,41,6,0.0,0.0,,0,6,0,0,0,0,,2.32325,100.0,2e-05,
tpch,template_only,16,mcusum,41,6,1.0,1.0,0.0,6,6,0,0,0,0,1.0,2.32325,100.0,5e-05,
tpch,template_only,16,sketch1,41,6,1.0,1.0,0.0,6,6,0,0,0,0,1.0,2.32325,100.0,0.00074,
tpch,template_only,17,dci_v2_P1,41,6,1.0,1.0,0.0,6,6,0,0,0,0,1.0,2.32325,100.0,0.00102,
tpch,template_only,17,dci_v2_P2,41,6,1.0,1.0,0.0,6,6,0,0,0,0,1.0,1.25067,53.83,0.00108,
tpch,template_only,17,dci_v2_P4,41,6,1.0,1.0,0.0,6,6,0,0,0,0,1.0,0.74261,31.96,0.00103,
tpch,template_only,17,dci_v2_P8,41,6,1.0,1.0,0.0,6,6,0,0,0,0,1.0,0.46035,19.82,0.001,
tpch,template_only,17,dci_v1,41,6,1.0,1.0,0.0,6,6,0,0,0,0,1.0,2.32325,100.0,0.00158,
tpch,template_only,17,always_multiD,41,6,1.0,1.0,0.0,6,6,0,0,0,0,1.0,2.32325,100.0,0.00072,
tpch,template_only,17,best_axis_oracle,41,6,1.0,1.0,0.0,6,6,0,0,0,0,1.0,0.09575,4.12,0.00227,S_R
tpch,template_only,17,union4_raw,41,6,1.0,1.0,0.0,6,6,0,0,0,0,1.0,0.11528,4.96,0.00191,
tpch,template_only,17,union4_bonf,41,6,1.0,1.0,0.0,6,6,0,0,0,0,1.0,0.11528,4.96,0.00197,
tpch,template_only,17,every_k2,41,6,1.0,1.0,0.0,6,6,0,0,0,0,,1.13329,48.78,5e-05,offset=1
tpch,template_only,17,every_k3,41,6,0.0,0.0,,0,6,0,0,0,0,,0.79331,34.15,3e-05,offset=0
tpch,template_only,17,every_k4,41,6,0.5,0.5,0.0,3,6,0,0,0,0,,0.56665,24.39,2e-05,offset=3
tpch,template_only,17,adwin,41,6,0.0,0.0,,0,6,0,0,0,0,,2.32325,100.0,2e-05,
tpch,template_only,17,adwin_s,41,6,0.0,0.0,,0,6,0,0,0,0,,2.32325,100.0,2e-05,
tpch,template_only,17,mcusum,41,6,1.0,1.0,0.0,6,6,0,0,0,0,1.0,2.32325,100.0,5e-05,
tpch,template_only,17,sketch1,41,6,1.0,1.0,0.0,6,6,0,0,0,0,1.0,2.32325,100.0,0.00072,
tpch,template_only,18,dci_v2_P1,41,6,1.0,1.0,0.0,6,6,0,0,0,0,1.0,2.32325,100.0,0.00106,
tpch,template_only,18,dci_v2_P2,41,6,1.0,1.0,0.0,6,6,0,0,0,0,1.0,1.25067,53.83,0.00111,
tpch,template_only,18,dci_v2_P4,41,6,1.0,1.0,0.0,6,6,0,0,0,0,1.0,0.74261,31.96,0.00105,
tpch,template_only,18,dci_v2_P8,41,6,1.0,1.0,0.0,6,6,0,0,0,0,1.0,0.46035,19.82,0.00104,
tpch,template_only,18,dci_v1,41,6,1.0,1.0,0.0,6,6,0,0,0,0,1.0,2.32325,100.0,0.00163,
tpch,template_only,18,always_multiD,41,6,1.0,1.0,0.0,6,6,0,0,0,0,1.0,2.32325,100.0,0.00074,
tpch,template_only,18,best_axis_oracle,41,6,1.0,1.0,0.0,6,6,0,0,0,0,1.0,0.09575,4.12,0.00237,S_R
tpch,template_only,18,union4_raw,41,6,1.0,1.0,0.0,6,6,0,0,0,0,1.0,0.11528,4.96,0.00199,
tpch,template_only,18,union4_bonf,41,6,1.0,1.0,0.0,6,6,0,0,0,0,1.0,0.11528,4.96,0.00216,
tpch,template_only,18,every_k2,41,6,0.0,0.0,,0,6,0,0,0,0,,1.18996,51.22,7e-05,offset=0
tpch,template_only,18,every_k3,41,6,0.0,0.0,,0,6,0,0,0,0,,0.79331,34.15,3e-05,offset=1
tpch,template_only,18,every_k4,41,6,0.5,0.5,0.0,3,6,0,0,0,0,,0.56665,24.39,2e-05,offset=3
tpch,template_only,18,adwin,41,6,0.0,0.0,,0,6,0,0,0,0,,2.32325,100.0,3e-05,
tpch,template_only,18,adwin_s,41,6,0.0,0.0,,0,6,0,0,0,0,,2.32325,100.0,2e-05,
tpch,template_only,18,mcusum,41,6,1.0,1.0,0.0,6,6,0,0,0,0,1.0,2.32325,100.0,5e-05,
tpch,template_only,18,sketch1,41,6,1.0,1.0,0.0,6,6,0,0,0,0,1.0,2.32325,100.0,0.00073,
tpch,template_only,19,dci_v2_P1,41,6,1.0,1.0,0.0,6,6,0,0,0,0,1.0,2.32325,100.0,0.00108,
tpch,template_only,19,dci_v2_P2,41,6,1.0,1.0,0.0,6,6,0,0,0,0,1.0,1.25067,53.83,0.00111,
tpch,template_only,19,dci_v2_P4,41,6,1.0,1.0,0.0,6,6,0,0,0,0,1.0,0.74261,31.96,0.00104,
tpch,template_only,19,dci_v2_P8,41,6,1.0,1.0,0.0,6,6,0,0,0,0,1.0,0.46035,19.82,0.00102,
tpch,template_only,19,dci_v1,41,6,1.0,1.0,0.0,6,6,0,0,0,0,1.0,2.32325,100.0,0.00161,
tpch,template_only,19,always_multiD,41,6,1.0,1.0,0.0,6,6,0,0,0,0,1.0,2.32325,100.0,0.00073,
tpch,template_only,19,best_axis_oracle,41,6,1.0,1.0,0.0,6,6,0,0,0,0,1.0,0.09575,4.12,0.00228,S_R
tpch,template_only,19,union4_raw,41,6,1.0,1.0,0.0,6,6,0,0,0,0,1.0,0.11528,4.96,0.00196,
tpch,template_only,19,union4_bonf,41,6,1.0,1.0,0.0,6,6,0,0,0,0,1.0,0.11528,4.96,0.00193,
tpch,template_only,19,every_k2,41,6,0.0,0.0,,0,6,0,0,0,0,,1.18996,51.22,6e-05,offset=0
tpch,template_only,19,every_k3,41,6,1.0,1.0,0.0,6,6,0,0,0,0,,0.73664,31.71,3e-05,offset=2
tpch,template_only,19,every_k4,41,6,0.0,0.0,,0,6,0,0,0,0,,0.62331,26.83,3e-05,offset=0
tpch,template_only,19,adwin,41,6,0.0,0.0,,0,6,0,0,0,0,,2.32325,100.0,2e-05,
tpch,template_only,19,adwin_s,41,6,0.0,0.0,,0,6,0,0,0,0,,2.32325,100.0,2e-05,
tpch,template_only,19,mcusum,41,6,1.0,1.0,0.0,6,6,0,0,0,0,1.0,2.32325,100.0,6e-05,
tpch,template_only,19,sketch1,41,6,1.0,1.0,0.0,6,6,0,0,0,0,1.0,2.32325,100.0,0.00074,
tpch,template_only,20,dci_v2_P1,41,6,1.0,1.0,0.0,6,6,0,0,0,0,1.0,2.32325,100.0,0.00106,
tpch,template_only,20,dci_v2_P2,41,6,1.0,1.0,0.0,6,6,0,0,0,0,1.0,1.25067,53.83,0.00112,
tpch,template_only,20,dci_v2_P4,41,6,1.0,1.0,0.0,6,6,0,0,0,0,1.0,0.74261,31.96,0.00104,
tpch,template_only,20,dci_v2_P8,41,6,1.0,1.0,0.0,6,6,0,0,0,0,1.0,0.46035,19.82,0.00102,
tpch,template_only,20,dci_v1,41,6,1.0,1.0,0.0,6,6,0,0,0,0,1.0,2.32325,100.0,0.00158,
tpch,template_only,20,always_multiD,41,6,1.0,1.0,0.0,6,6,0,0,0,0,1.0,2.32325,100.0,0.00084,
tpch,template_only,20,best_axis_oracle,41,6,1.0,1.0,0.0,6,6,0,0,0,0,1.0,0.09575,4.12,0.00227,S_R
tpch,template_only,20,union4_raw,41,6,1.0,1.0,0.0,6,6,0,0,0,0,1.0,0.11528,4.96,0.00192,
tpch,template_only,20,union4_bonf,41,6,1.0,1.0,0.0,6,6,0,0,0,0,1.0,0.11528,4.96,0.0019,
tpch,template_only,20,every_k2,41,6,1.0,1.0,0.0,6,6,0,0,0,0,,1.13329,48.78,5e-05,offset=1
tpch,template_only,20,every_k3,41,6,0.0,0.0,,0,6,0,0,0,0,,0.79331,34.15,3e-05,offset=1
tpch,template_only,20,every_k4,41,6,0.5,0.5,0.0,3,6,0,0,0,0,,0.56665,24.39,2e-05,offset=1
tpch,template_only,20,adwin,41,6,0.0,0.0,,0,6,0,0,0,0,,2.32325,100.0,2e-05,
tpch,template_only,20,adwin_s,41,6,0.0,0.0,,0,6,0,0,0,0,,2.32325,100.0,2e-05,
tpch,template_only,20,mcusum,41,6,1.0,1.0,0.0,6,6,0,0,0,0,1.0,2.32325,100.0,5e-05,
tpch,template_only,20,sketch1,41,6,1.0,1.0,0.0,6,6,0,0,0,0,1.0,2.32325,100.0,0.00073,
tpch,template_only,21,dci_v2_P1,41,6,1.0,1.0,0.0,6,6,0,0,0,0,1.0,2.32325,100.0,0.00104,
tpch,template_only,21,dci_v2_P2,41,6,1.0,1.0,0.0,6,6,0,0,0,0,1.0,1.25067,53.83,0.00109,
tpch,template_only,21,dci_v2_P4,41,6,1.0,1.0,0.0,6,6,0,0,0,0,1.0,0.74261,31.96,0.00104,
tpch,template_only,21,dci_v2_P8,41,6,1.0,1.0,0.0,6,6,0,0,0,0,1.0,0.46035,19.82,0.001,
tpch,template_only,21,dci_v1,41,6,1.0,1.0,0.0,6,6,0,0,0,0,1.0,2.32325,100.0,0.00159,
tpch,template_only,21,always_multiD,41,6,1.0,1.0,0.0,6,6,0,0,0,0,1.0,2.32325,100.0,0.00073,
tpch,template_only,21,best_axis_oracle,41,6,1.0,1.0,0.0,6,6,0,0,0,0,1.0,0.09575,4.12,0.0023,S_R
tpch,template_only,21,union4_raw,41,6,1.0,1.0,0.0,6,6,0,0,0,0,1.0,0.11528,4.96,0.00192,
tpch,template_only,21,union4_bonf,41,6,1.0,1.0,0.0,6,6,0,0,0,0,1.0,0.11528,4.96,0.00194,
tpch,template_only,21,every_k2,41,6,1.0,1.0,0.0,6,6,0,0,0,0,,1.13329,48.78,4e-05,offset=1
tpch,template_only,21,every_k3,41,6,0.0,0.0,,0,6,0,0,0,0,,0.79331,34.15,3e-05,offset=0
tpch,template_only,21,every_k4,41,6,0.5,0.5,0.0,3,6,0,0,0,0,,0.56665,24.39,2e-05,offset=1
tpch,template_only,21,adwin,41,6,0.0,0.0,,0,6,0,0,0,0,,2.32325,100.0,2e-05,
tpch,template_only,21,adwin_s,41,6,0.0,0.0,,0,6,0,0,0,0,,2.32325,100.0,2e-05,
tpch,template_only,21,mcusum,41,6,1.0,1.0,0.0,6,6,0,0,0,0,1.0,2.32325,100.0,5e-05,
tpch,template_only,21,sketch1,41,6,1.0,1.0,0.0,6,6,0,0,0,0,1.0,2.32325,100.0,0.00073,
tpch,template_only,22,dci_v2_P1,41,6,1.0,1.0,0.0,6,6,0,0,0,0,1.0,2.32325,100.0,0.00103,
tpch,template_only,22,dci_v2_P2,41,6,1.0,1.0,0.0,6,6,0,0,0,0,1.0,1.25067,53.83,0.00109,
tpch,template_only,22,dci_v2_P4,41,6,1.0,1.0,0.0,6,6,0,0,0,0,1.0,0.74261,31.96,0.00103,
tpch,template_only,22,dci_v2_P8,41,6,1.0,1.0,0.0,6,6,0,0,0,0,1.0,0.46035,19.82,0.00099,
tpch,template_only,22,dci_v1,41,6,1.0,1.0,0.0,6,6,0,0,0,0,1.0,2.32325,100.0,0.00159,
tpch,template_only,22,always_multiD,41,6,1.0,1.0,0.0,6,6,0,0,0,0,1.0,2.32325,100.0,0.00073,
tpch,template_only,22,best_axis_oracle,41,6,1.0,1.0,0.0,6,6,0,0,0,0,1.0,0.09575,4.12,0.00231,S_R
tpch,template_only,22,union4_raw,41,6,1.0,1.0,0.0,6,6,0,0,0,0,1.0,0.11528,4.96,0.00195,
tpch,template_only,22,union4_bonf,41,6,1.0,1.0,0.0,6,6,0,0,0,0,1.0,0.11528,4.96,0.00194,
tpch,template_only,22,every_k2,41,6,1.0,1.0,0.0,6,6,0,0,0,0,,1.13329,48.78,4e-05,offset=1
tpch,template_only,22,every_k3,41,6,0.0,0.0,,0,6,0,0,0,0,,0.79331,34.15,3e-05,offset=1
tpch,template_only,22,every_k4,41,6,0.5,0.5,0.0,3,6,0,0,0,0,,0.56665,24.39,2e-05,offset=1
tpch,template_only,22,adwin,41,6,0.0,0.0,,0,6,0,0,0,0,,2.32325,100.0,2e-05,
tpch,template_only,22,adwin_s,41,6,0.0,0.0,,0,6,0,0,0,0,,2.32325,100.0,2e-05,
tpch,template_only,22,mcusum,41,6,1.0,1.0,0.0,6,6,0,0,0,0,1.0,2.32325,100.0,5e-05,
tpch,template_only,22,sketch1,41,6,1.0,1.0,0.0,6,6,0,0,0,0,1.0,2.32325,100.0,0.00073,
tpch,template_only,23,dci_v2_P1,41,6,1.0,1.0,0.0,6,6,0,0,0,0,1.0,2.32325,100.0,0.00106,
tpch,template_only,23,dci_v2_P2,41,6,1.0,1.0,0.0,6,6,0,0,0,0,1.0,1.25067,53.83,0.00109,
tpch,template_only,23,dci_v2_P4,41,6,1.0,1.0,0.0,6,6,0,0,0,0,1.0,0.74261,31.96,0.00102,
tpch,template_only,23,dci_v2_P8,41,6,1.0,1.0,0.0,6,6,0,0,0,0,1.0,0.46035,19.82,0.001,
tpch,template_only,23,dci_v1,41,6,1.0,1.0,0.0,6,6,0,0,0,0,1.0,2.32325,100.0,0.00159,
tpch,template_only,23,always_multiD,41,6,1.0,1.0,0.0,6,6,0,0,0,0,1.0,2.32325,100.0,0.00072,
tpch,template_only,23,best_axis_oracle,41,6,1.0,1.0,0.0,6,6,0,0,0,0,1.0,0.09575,4.12,0.00232,S_R
tpch,template_only,23,union4_raw,41,6,1.0,1.0,0.0,6,6,0,0,0,0,1.0,0.11528,4.96,0.00196,
tpch,template_only,23,union4_bonf,41,6,1.0,1.0,0.0,6,6,0,0,0,0,1.0,0.11528,4.96,0.00192,
tpch,template_only,23,every_k2,41,6,0.0,0.0,,0,6,0,0,0,0,,1.18996,51.22,6e-05,offset=0
tpch,template_only,23,every_k3,41,6,0.0,0.0,,0,6,0,0,0,0,,0.79331,34.15,3e-05,offset=0
tpch,template_only,23,every_k4,41,6,0.5,0.5,0.0,3,6,0,0,0,0,,0.56665,24.39,2e-05,offset=3
tpch,template_only,23,adwin,41,6,0.0,0.0,,0,6,0,0,0,0,,2.32325,100.0,2e-05,
tpch,template_only,23,adwin_s,41,6,0.0,0.0,,0,6,0,0,0,0,,2.32325,100.0,2e-05,
tpch,template_only,23,mcusum,41,6,1.0,1.0,0.0,6,6,0,0,0,0,1.0,2.32325,100.0,5e-05,
tpch,template_only,23,sketch1,41,6,1.0,1.0,0.0,6,6,0,0,0,0,1.0,2.32325,100.0,0.00073,
tpch,template_only,24,dci_v2_P1,41,6,1.0,1.0,0.0,6,6,0,0,0,0,1.0,2.32325,100.0,0.00101,
tpch,template_only,24,dci_v2_P2,41,6,1.0,1.0,0.0,6,6,0,0,0,0,1.0,1.25067,53.83,0.00109,
tpch,template_only,24,dci_v2_P4,41,6,1.0,1.0,0.0,6,6,0,0,0,0,1.0,0.74261,31.96,0.00103,
tpch,template_only,24,dci_v2_P8,41,6,1.0,1.0,0.0,6,6,0,0,0,0,1.0,0.46035,19.82,0.00099,
tpch,template_only,24,dci_v1,41,6,1.0,1.0,0.0,6,6,0,0,0,0,1.0,2.32325,100.0,0.00157,
tpch,template_only,24,always_multiD,41,6,1.0,1.0,0.0,6,6,0,0,0,0,1.0,2.32325,100.0,0.00073,
tpch,template_only,24,best_axis_oracle,41,6,1.0,1.0,0.0,6,6,0,0,0,0,1.0,0.09575,4.12,0.00229,S_R
tpch,template_only,24,union4_raw,41,6,1.0,1.0,0.0,6,6,0,0,0,0,1.0,0.11528,4.96,0.00193,
tpch,template_only,24,union4_bonf,41,6,1.0,1.0,0.0,6,6,0,0,0,0,1.0,0.11528,4.96,0.00192,
tpch,template_only,24,every_k2,41,6,1.0,1.0,0.0,6,6,0,0,0,0,,1.13329,48.78,5e-05,offset=1
tpch,template_only,24,every_k3,41,6,0.0,0.0,,0,6,0,0,0,0,,0.79331,34.15,3e-05,offset=1
tpch,template_only,24,every_k4,41,6,0.0,0.0,,0,6,0,0,0,0,,0.56665,24.39,2e-05,offset=2
tpch,template_only,24,adwin,41,6,0.0,0.0,,0,6,0,0,0,0,,2.32325,100.0,2e-05,
tpch,template_only,24,adwin_s,41,6,0.0,0.0,,0,6,0,0,0,0,,2.32325,100.0,2e-05,
tpch,template_only,24,mcusum,41,6,1.0,1.0,0.0,6,6,0,0,0,0,1.0,2.32325,100.0,5e-05,
tpch,template_only,24,sketch1,41,6,1.0,1.0,0.0,6,6,0,0,0,0,1.0,2.32325,100.0,0.00073,
tpch,template_only,25,dci_v2_P1,41,6,1.0,1.0,0.0,6,6,0,0,0,0,1.0,2.32325,100.0,0.00101,
tpch,template_only,25,dci_v2_P2,41,6,1.0,1.0,0.0,6,6,0,0,0,0,1.0,1.25067,53.83,0.00108,
tpch,template_only,25,dci_v2_P4,41,6,1.0,1.0,0.0,6,6,0,0,0,0,1.0,0.74261,31.96,0.00102,
tpch,template_only,25,dci_v2_P8,41,6,1.0,1.0,0.0,6,6,0,0,0,0,1.0,0.46035,19.82,0.00099,
tpch,template_only,25,dci_v1,41,6,1.0,1.0,0.0,6,6,0,0,0,0,1.0,2.32325,100.0,0.00158,
tpch,template_only,25,always_multiD,41,6,1.0,1.0,0.0,6,6,0,0,0,0,1.0,2.32325,100.0,0.00072,
tpch,template_only,25,best_axis_oracle,41,6,1.0,1.0,0.0,6,6,0,0,0,0,1.0,0.09575,4.12,0.00231,S_R
tpch,template_only,25,union4_raw,41,6,1.0,1.0,0.0,6,6,0,0,0,0,1.0,0.11528,4.96,0.00196,
tpch,template_only,25,union4_bonf,41,6,1.0,1.0,0.0,6,6,0,0,0,0,1.0,0.11528,4.96,0.00193,
tpch,template_only,25,every_k2,41,6,1.0,1.0,0.0,6,6,0,0,0,0,,1.13329,48.78,4e-05,offset=1
tpch,template_only,25,every_k3,41,6,0.0,0.0,,0,6,0,0,0,0,,0.79331,34.15,3e-05,offset=1
tpch,template_only,25,every_k4,41,6,0.5,0.5,0.0,3,6,0,0,0,0,,0.56665,24.39,2e-05,offset=3
tpch,template_only,25,adwin,41,6,0.0,0.0,,0,6,0,0,0,0,,2.32325,100.0,2e-05,
tpch,template_only,25,adwin_s,41,6,0.0,0.0,,0,6,0,0,0,0,,2.32325,100.0,2e-05,
tpch,template_only,25,mcusum,41,6,1.0,1.0,0.0,6,6,0,0,0,0,1.0,2.32325,100.0,5e-05,
tpch,template_only,25,sketch1,41,6,1.0,1.0,0.0,6,6,0,0,0,0,1.0,2.32325,100.0,0.00074,
tpch,template_only,26,dci_v2_P1,41,6,1.0,1.0,0.0,6,6,0,0,0,0,1.0,2.32325,100.0,0.00107,
tpch,template_only,26,dci_v2_P2,41,6,1.0,1.0,0.0,6,6,0,0,0,0,1.0,1.25067,53.83,0.0011,
tpch,template_only,26,dci_v2_P4,41,6,1.0,1.0,0.0,6,6,0,0,0,0,1.0,0.74261,31.96,0.00105,
tpch,template_only,26,dci_v2_P8,41,6,1.0,1.0,0.0,6,6,0,0,0,0,1.0,0.46035,19.82,0.00102,
tpch,template_only,26,dci_v1,41,6,1.0,1.0,0.0,6,6,0,0,0,0,1.0,2.32325,100.0,0.0016,
tpch,template_only,26,always_multiD,41,6,1.0,1.0,0.0,6,6,0,0,0,0,1.0,2.32325,100.0,0.00073,
tpch,template_only,26,best_axis_oracle,41,6,1.0,1.0,0.0,6,6,0,0,0,0,1.0,0.09575,4.12,0.00231,S_R
tpch,template_only,26,union4_raw,41,6,1.0,1.0,0.0,6,6,0,0,0,0,1.0,0.11528,4.96,0.00199,
tpch,template_only,26,union4_bonf,41,6,1.0,1.0,0.0,6,6,0,0,0,0,1.0,0.11528,4.96,0.002,
tpch,template_only,26,every_k2,41,6,0.0,0.0,,0,6,0,0,0,0,,1.18996,51.22,4e-05,offset=0
tpch,template_only,26,every_k3,41,6,0.0,0.0,,0,6,0,0,0,0,,0.79331,34.15,3e-05,offset=1
tpch,template_only,26,every_k4,41,6,0.5,0.5,0.0,3,6,0,0,0,0,,0.56665,24.39,2e-05,offset=3
tpch,template_only,26,adwin,41,6,0.0,0.0,,0,6,0,0,0,0,,2.32325,100.0,2e-05,
tpch,template_only,26,adwin_s,41,6,0.0,0.0,,0,6,0,0,0,0,,2.32325,100.0,2e-05,
tpch,template_only,26,mcusum,41,6,1.0,1.0,0.0,6,6,0,0,0,0,1.0,2.32325,100.0,5e-05,
tpch,template_only,26,sketch1,41,6,0.8333,0.8333,0.0,5,6,0,0,0,0,1.0,2.32325,100.0,0.00073,
tpch,template_only,27,dci_v2_P1,41,6,1.0,1.0,0.0,6,6,0,0,0,0,1.0,2.32325,100.0,0.00111,
tpch,template_only,27,dci_v2_P2,41,6,1.0,1.0,0.0,6,6,0,0,0,0,1.0,1.25067,53.83,0.00113,
tpch,template_only,27,dci_v2_P4,41,6,1.0,1.0,0.0,6,6,0,0,0,0,1.0,0.74261,31.96,0.00106,
tpch,template_only,27,dci_v2_P8,41,6,1.0,1.0,0.0,6,6,0,0,0,0,1.0,0.46035,19.82,0.00103,
tpch,template_only,27,dci_v1,41,6,1.0,1.0,0.0,6,6,0,0,0,0,1.0,2.32325,100.0,0.00165,
tpch,template_only,27,always_multiD,41,6,1.0,1.0,0.0,6,6,0,0,0,0,1.0,2.32325,100.0,0.00074,
tpch,template_only,27,best_axis_oracle,41,6,1.0,1.0,0.0,6,6,0,0,0,0,1.0,0.09575,4.12,0.00234,S_R
tpch,template_only,27,union4_raw,41,6,1.0,1.0,0.0,6,6,0,0,0,0,1.0,0.11528,4.96,0.00202,
tpch,template_only,27,union4_bonf,41,6,1.0,1.0,0.0,6,6,0,0,0,0,1.0,0.11528,4.96,0.00198,
tpch,template_only,27,every_k2,41,6,0.0,0.0,,0,6,0,0,0,0,,1.18996,51.22,7e-05,offset=0
tpch,template_only,27,every_k3,41,6,0.0,0.0,,0,6,0,0,0,0,,0.79331,34.15,3e-05,offset=1
tpch,template_only,27,every_k4,41,6,0.5,0.5,0.0,3,6,0,0,0,0,,0.56665,24.39,2e-05,offset=1
tpch,template_only,27,adwin,41,6,0.0,0.0,,0,6,0,0,0,0,,2.32325,100.0,3e-05,
tpch,template_only,27,adwin_s,41,6,0.0,0.0,,0,6,0,0,0,0,,2.32325,100.0,2e-05,
tpch,template_only,27,mcusum,41,6,1.0,1.0,0.0,6,6,0,0,0,0,1.0,2.32325,100.0,6e-05,
tpch,template_only,27,sketch1,41,6,1.0,1.0,0.0,6,6,0,0,0,0,1.0,2.32325,100.0,0.00075,
tpch,template_only,28,dci_v2_P1,41,6,1.0,1.0,0.0,6,6,0,0,0,0,1.0,2.32325,100.0,0.00108,
tpch,template_only,28,dci_v2_P2,41,6,1.0,1.0,0.0,6,6,0,0,0,0,1.0,1.25067,53.83,0.00111,
tpch,template_only,28,dci_v2_P4,41,6,1.0,1.0,0.0,6,6,0,0,0,0,1.0,0.74261,31.96,0.00104,
tpch,template_only,28,dci_v2_P8,41,6,1.0,1.0,0.0,6,6,0,0,0,0,1.0,0.46035,19.82,0.00101,
tpch,template_only,28,dci_v1,41,6,1.0,1.0,0.0,6,6,0,0,0,0,1.0,2.32325,100.0,0.0016,
tpch,template_only,28,always_multiD,41,6,1.0,1.0,0.0,6,6,0,0,0,0,1.0,2.32325,100.0,0.00073,
tpch,template_only,28,best_axis_oracle,41,6,1.0,1.0,0.0,6,6,0,0,0,0,1.0,0.09575,4.12,0.00229,S_R
tpch,template_only,28,union4_raw,41,6,1.0,1.0,0.0,6,6,0,0,0,0,1.0,0.11528,4.96,0.00193,
tpch,template_only,28,union4_bonf,41,6,1.0,1.0,0.0,6,6,0,0,0,0,1.0,0.11528,4.96,0.00193,
tpch,template_only,28,every_k2,41,6,0.0,0.0,,0,6,0,0,0,0,,1.18996,51.22,6e-05,offset=0
tpch,template_only,28,every_k3,41,6,0.0,0.0,,0,6,0,0,0,0,,0.79331,34.15,3e-05,offset=1
tpch,template_only,28,every_k4,41,6,0.0,0.0,,0,6,0,0,0,0,,0.62331,26.83,2e-05,offset=0
tpch,template_only,28,adwin,41,6,0.0,0.0,,0,6,0,0,0,0,,2.32325,100.0,3e-05,
tpch,template_only,28,adwin_s,41,6,0.0,0.0,,0,6,0,0,0,0,,2.32325,100.0,2e-05,
tpch,template_only,28,mcusum,41,6,1.0,1.0,0.0,6,6,0,0,0,0,1.0,2.32325,100.0,5e-05,
tpch,template_only,28,sketch1,41,6,1.0,1.0,0.0,6,6,0,0,0,0,1.0,2.32325,100.0,0.00073,
tpch,template_only,29,dci_v2_P1,41,6,1.0,1.0,0.0,6,6,0,0,0,0,1.0,2.32325,100.0,0.00106,
tpch,template_only,29,dci_v2_P2,41,6,1.0,1.0,0.0,6,6,0,0,0,0,1.0,1.25067,53.83,0.00112,
tpch,template_only,29,dci_v2_P4,41,6,1.0,1.0,0.0,6,6,0,0,0,0,1.0,0.74261,31.96,0.00104,
tpch,template_only,29,dci_v2_P8,41,6,1.0,1.0,0.0,6,6,0,0,0,0,1.0,0.46035,19.82,0.00101,
tpch,template_only,29,dci_v1,41,6,1.0,1.0,0.0,6,6,0,0,0,0,1.0,2.32325,100.0,0.00161,
tpch,template_only,29,always_multiD,41,6,1.0,1.0,0.0,6,6,0,0,0,0,1.0,2.32325,100.0,0.00073,
tpch,template_only,29,best_axis_oracle,41,6,1.0,1.0,0.0,6,6,0,0,0,0,1.0,0.09575,4.12,0.00233,S_R
tpch,template_only,29,union4_raw,41,6,1.0,1.0,0.0,6,6,0,0,0,0,1.0,0.11528,4.96,0.00201,
tpch,template_only,29,union4_bonf,41,6,1.0,1.0,0.0,6,6,0,0,0,0,1.0,0.11528,4.96,0.00197,
tpch,template_only,29,every_k2,41,6,1.0,1.0,0.0,6,6,0,0,0,0,,1.13329,48.78,5e-05,offset=1
tpch,template_only,29,every_k3,41,6,0.0,0.0,,0,6,0,0,0,0,,0.79331,34.15,3e-05,offset=1
tpch,template_only,29,every_k4,41,6,0.0,0.0,,0,6,0,0,0,0,,0.62331,26.83,3e-05,offset=0
tpch,template_only,29,adwin,41,6,0.0,0.0,,0,6,0,0,0,0,,2.32325,100.0,2e-05,
tpch,template_only,29,adwin_s,41,6,0.0,0.0,,0,6,0,0,0,0,,2.32325,100.0,2e-05,
tpch,template_only,29,mcusum,41,6,1.0,1.0,0.0,6,6,0,0,0,0,1.0,2.32325,100.0,5e-05,
tpch,template_only,29,sketch1,41,6,1.0,1.0,0.0,6,6,0,0,0,0,1.0,2.32325,100.0,0.00074,
tpch,template_only,30,dci_v2_P1,41,6,1.0,1.0,0.0,6,6,0,0,0,0,1.0,2.32325,100.0,0.00108,
tpch,template_only,30,dci_v2_P2,41,6,1.0,1.0,0.0,6,6,0,0,0,0,1.0,1.25067,53.83,0.00111,
tpch,template_only,30,dci_v2_P4,41,6,1.0,1.0,0.0,6,6,0,0,0,0,1.0,0.74261,31.96,0.00104,
tpch,template_only,30,dci_v2_P8,41,6,1.0,1.0,0.0,6,6,0,0,0,0,1.0,0.46035,19.82,0.001,
tpch,template_only,30,dci_v1,41,6,1.0,1.0,0.0,6,6,0,0,0,0,1.0,2.32325,100.0,0.00159,
tpch,template_only,30,always_multiD,41,6,1.0,1.0,0.0,6,6,0,0,0,0,1.0,2.32325,100.0,0.00075,
tpch,template_only,30,best_axis_oracle,41,6,1.0,1.0,0.0,6,6,0,0,0,0,1.0,0.09575,4.12,0.00234,S_R
tpch,template_only,30,union4_raw,41,6,1.0,1.0,0.0,6,6,0,0,0,0,1.0,0.11528,4.96,0.002,
tpch,template_only,30,union4_bonf,41,6,1.0,1.0,0.0,6,6,0,0,0,0,1.0,0.11528,4.96,0.00197,
tpch,template_only,30,every_k2,41,6,1.0,1.0,0.0,6,6,0,0,0,0,,1.13329,48.78,6e-05,offset=1
tpch,template_only,30,every_k3,41,6,0.0,0.0,,0,6,0,0,0,0,,0.79331,34.15,3e-05,offset=1
tpch,template_only,30,every_k4,41,6,0.0,0.0,,0,6,0,0,0,0,,0.62331,26.83,2e-05,offset=0
tpch,template_only,30,adwin,41,6,0.0,0.0,,0,6,0,0,0,0,,2.32325,100.0,3e-05,
tpch,template_only,30,adwin_s,41,6,0.0,0.0,,0,6,0,0,0,0,,2.32325,100.0,2e-05,
tpch,template_only,30,mcusum,41,6,1.0,1.0,0.0,6,6,0,0,0,0,1.0,2.32325,100.0,5e-05,
tpch,template_only,30,sketch1,41,6,1.0,1.0,0.0,6,6,0,0,0,0,1.0,2.32325,100.0,0.00073,
tpch,template_only,31,dci_v2_P1,41,6,1.0,1.0,0.0,6,6,0,0,0,0,1.0,2.32325,100.0,0.00105,
tpch,template_only,31,dci_v2_P2,41,6,1.0,1.0,0.0,6,6,0,0,0,0,1.0,1.25067,53.83,0.00112,
tpch,template_only,31,dci_v2_P4,41,6,1.0,1.0,0.0,6,6,0,0,0,0,1.0,0.74261,31.96,0.00105,
tpch,template_only,31,dci_v2_P8,41,6,1.0,1.0,0.0,6,6,0,0,0,0,1.0,0.46035,19.82,0.00101,
tpch,template_only,31,dci_v1,41,6,1.0,1.0,0.0,6,6,0,0,0,0,1.0,2.32325,100.0,0.00161,
tpch,template_only,31,always_multiD,41,6,1.0,1.0,0.0,6,6,0,0,0,0,1.0,2.32325,100.0,0.00074,
tpch,template_only,31,best_axis_oracle,41,6,1.0,1.0,0.0,6,6,0,0,0,0,1.0,0.09575,4.12,0.0023,S_R
tpch,template_only,31,union4_raw,41,6,1.0,1.0,0.0,6,6,0,0,0,0,1.0,0.11528,4.96,0.00194,
tpch,template_only,31,union4_bonf,41,6,1.0,1.0,0.0,6,6,0,0,0,0,1.0,0.11528,4.96,0.00195,
tpch,template_only,31,every_k2,41,6,0.0,0.0,,0,6,0,0,0,0,,1.18996,51.22,5e-05,offset=0
tpch,template_only,31,every_k3,41,6,0.0,0.0,,0,6,0,0,0,0,,0.79331,34.15,3e-05,offset=1
tpch,template_only,31,every_k4,41,6,0.0,0.0,,0,6,0,0,0,0,,0.62331,26.83,3e-05,offset=0
tpch,template_only,31,adwin,41,6,0.0,0.0,,0,6,0,0,0,0,,2.32325,100.0,2e-05,
tpch,template_only,31,adwin_s,41,6,0.0,0.0,,0,6,0,0,0,0,,2.32325,100.0,2e-05,
tpch,template_only,31,mcusum,41,6,1.0,1.0,0.0,6,6,0,0,0,0,1.0,2.32325,100.0,5e-05,
tpch,template_only,31,sketch1,41,6,0.8333,0.8333,0.0,5,6,0,0,0,0,1.0,2.32325,100.0,0.00074,
tpch,template_only,32,dci_v2_P1,41,6,1.0,1.0,0.0,6,6,0,0,0,0,1.0,2.32325,100.0,0.00105,
tpch,template_only,32,dci_v2_P2,41,6,1.0,1.0,0.0,6,6,0,0,0,0,1.0,1.25067,53.83,0.0011,
tpch,template_only,32,dci_v2_P4,41,6,1.0,1.0,0.0,6,6,0,0,0,0,1.0,0.74261,31.96,0.00104,
tpch,template_only,32,dci_v2_P8,41,6,1.0,1.0,0.0,6,6,0,0,0,0,1.0,0.46035,19.82,0.00101,
tpch,template_only,32,dci_v1,41,6,1.0,1.0,0.0,6,6,0,0,0,0,1.0,2.32325,100.0,0.0016,
tpch,template_only,32,always_multiD,41,6,1.0,1.0,0.0,6,6,0,0,0,0,1.0,2.32325,100.0,0.00073,
tpch,template_only,32,best_axis_oracle,41,6,1.0,1.0,0.0,6,6,0,0,0,0,1.0,0.09575,4.12,0.00238,S_R
tpch,template_only,32,union4_raw,41,6,1.0,1.0,0.0,6,6,0,0,0,0,1.0,0.11528,4.96,0.00199,
tpch,template_only,32,union4_bonf,41,6,1.0,1.0,0.0,6,6,0,0,0,0,1.0,0.11528,4.96,0.00197,
tpch,template_only,32,every_k2,41,6,0.0,0.0,,0,6,0,0,0,0,,1.18996,51.22,5e-05,offset=0
tpch,template_only,32,every_k3,41,6,0.0,0.0,,0,6,0,0,0,0,,0.79331,34.15,3e-05,offset=0
tpch,template_only,32,every_k4,41,6,0.0,0.0,,0,6,0,0,0,0,,0.62331,26.83,2e-05,offset=0
tpch,template_only,32,adwin,41,6,0.0,0.0,,0,6,0,0,0,0,,2.32325,100.0,3e-05,
tpch,template_only,32,adwin_s,41,6,0.0,0.0,,0,6,0,0,0,0,,2.32325,100.0,2e-05,
tpch,template_only,32,mcusum,41,6,1.0,1.0,0.0,6,6,0,0,0,0,1.0,2.32325,100.0,6e-05,
tpch,template_only,32,sketch1,41,6,1.0,1.0,0.0,6,6,0,0,0,0,1.0,2.32325,100.0,0.00074,
tpch,template_only,33,dci_v2_P1,41,6,1.0,1.0,0.0,6,6,0,0,0,0,1.0,2.32325,100.0,0.00102,
tpch,template_only,33,dci_v2_P2,41,6,1.0,1.0,0.0,6,6,0,0,0,0,1.0,1.25067,53.83,0.00109,
tpch,template_only,33,dci_v2_P4,41,6,1.0,1.0,0.0,6,6,0,0,0,0,1.0,0.74261,31.96,0.00103,
tpch,template_only,33,dci_v2_P8,41,6,1.0,1.0,0.0,6,6,0,0,0,0,1.0,0.46035,19.82,0.001,
tpch,template_only,33,dci_v1,41,6,1.0,1.0,0.0,6,6,0,0,0,0,1.0,2.32325,100.0,0.00158,
tpch,template_only,33,always_multiD,41,6,1.0,1.0,0.0,6,6,0,0,0,0,1.0,2.32325,100.0,0.00073,
tpch,template_only,33,best_axis_oracle,41,6,1.0,1.0,0.0,6,6,0,0,0,0,1.0,0.09575,4.12,0.00233,S_R
tpch,template_only,33,union4_raw,41,6,1.0,1.0,0.0,6,6,0,0,0,0,1.0,0.11528,4.96,0.00199,
tpch,template_only,33,union4_bonf,41,6,1.0,1.0,0.0,6,6,0,0,0,0,1.0,0.11528,4.96,0.00197,
tpch,template_only,33,every_k2,41,6,1.0,1.0,0.0,6,6,0,0,0,0,,1.13329,48.78,4e-05,offset=1
tpch,template_only,33,every_k3,41,6,1.0,1.0,0.0,6,6,0,0,0,0,,0.73664,31.71,3e-05,offset=2
tpch,template_only,33,every_k4,41,6,0.0,0.0,,0,6,0,0,0,0,,0.56665,24.39,2e-05,offset=2
tpch,template_only,33,adwin,41,6,0.0,0.0,,0,6,0,0,0,0,,2.32325,100.0,2e-05,
tpch,template_only,33,adwin_s,41,6,0.0,0.0,,0,6,0,0,0,0,,2.32325,100.0,2e-05,
tpch,template_only,33,mcusum,41,6,1.0,1.0,0.0,6,6,0,0,0,0,1.0,2.32325,100.0,5e-05,
tpch,template_only,33,sketch1,41,6,1.0,1.0,0.0,6,6,0,0,0,0,1.0,2.32325,100.0,0.00073,
tpch,template_only,34,dci_v2_P1,41,6,1.0,1.0,0.0,6,6,0,0,0,0,1.0,2.32325,100.0,0.00108,
tpch,template_only,34,dci_v2_P2,41,6,1.0,1.0,0.0,6,6,0,0,0,0,1.0,1.25067,53.83,0.00111,
tpch,template_only,34,dci_v2_P4,41,6,1.0,1.0,0.0,6,6,0,0,0,0,1.0,0.74261,31.96,0.00105,
tpch,template_only,34,dci_v2_P8,41,6,1.0,1.0,0.0,6,6,0,0,0,0,1.0,0.46035,19.82,0.00101,
tpch,template_only,34,dci_v1,41,6,1.0,1.0,0.0,6,6,0,0,0,0,1.0,2.32325,100.0,0.00162,
tpch,template_only,34,always_multiD,41,6,1.0,1.0,0.0,6,6,0,0,0,0,1.0,2.32325,100.0,0.00074,
tpch,template_only,34,best_axis_oracle,41,6,1.0,1.0,0.0,6,6,0,0,0,0,1.0,0.09575,4.12,0.00233,S_R
tpch,template_only,34,union4_raw,41,6,1.0,1.0,0.0,6,6,0,0,0,0,1.0,0.11528,4.96,0.00196,
tpch,template_only,34,union4_bonf,41,6,1.0,1.0,0.0,6,6,0,0,0,0,1.0,0.11528,4.96,0.00195,
tpch,template_only,34,every_k2,41,6,0.0,0.0,,0,6,0,0,0,0,,1.18996,51.22,6e-05,offset=0
tpch,template_only,34,every_k3,41,6,1.0,1.0,0.0,6,6,0,0,0,0,,0.73664,31.71,3e-05,offset=2
tpch,template_only,34,every_k4,41,6,0.0,0.0,,0,6,0,0,0,0,,0.62331,26.83,3e-05,offset=0
tpch,template_only,34,adwin,41,6,0.0,0.0,,0,6,0,0,0,0,,2.32325,100.0,3e-05,
tpch,template_only,34,adwin_s,41,6,0.0,0.0,,0,6,0,0,0,0,,2.32325,100.0,2e-05,
tpch,template_only,34,mcusum,41,6,1.0,1.0,0.0,6,6,0,0,0,0,1.0,2.32325,100.0,7e-05,
tpch,template_only,34,sketch1,41,6,1.0,1.0,0.0,6,6,0,0,0,0,1.0,2.32325,100.0,0.00081,
tpch,template_only,35,dci_v2_P1,41,6,1.0,1.0,0.0,6,6,0,0,0,0,1.0,2.32325,100.0,0.00102,
tpch,template_only,35,dci_v2_P2,41,6,1.0,1.0,0.0,6,6,0,0,0,0,1.0,1.25067,53.83,0.0011,
tpch,template_only,35,dci_v2_P4,41,6,1.0,1.0,0.0,6,6,0,0,0,0,1.0,0.74261,31.96,0.00104,
tpch,template_only,35,dci_v2_P8,41,6,1.0,1.0,0.0,6,6,0,0,0,0,1.0,0.46035,19.82,0.00101,
tpch,template_only,35,dci_v1,41,6,1.0,1.0,0.0,6,6,0,0,0,0,1.0,2.32325,100.0,0.00161,
tpch,template_only,35,always_multiD,41,6,1.0,1.0,0.0,6,6,0,0,0,0,1.0,2.32325,100.0,0.00074,
tpch,template_only,35,best_axis_oracle,41,6,1.0,1.0,0.0,6,6,0,0,0,0,1.0,0.09575,4.12,0.00237,S_R
tpch,template_only,35,union4_raw,41,6,1.0,1.0,0.0,6,6,0,0,0,0,1.0,0.11528,4.96,0.00201,
tpch,template_only,35,union4_bonf,41,6,1.0,1.0,0.0,6,6,0,0,0,0,1.0,0.11528,4.96,0.00198,
tpch,template_only,35,every_k2,41,6,0.0,0.0,,0,6,0,0,0,0,,1.18996,51.22,4e-05,offset=0
tpch,template_only,35,every_k3,41,6,1.0,1.0,0.0,6,6,0,0,0,0,,0.73664,31.71,3e-05,offset=2
tpch,template_only,35,every_k4,41,6,0.0,0.0,,0,6,0,0,0,0,,0.56665,24.39,2e-05,offset=2
tpch,template_only,35,adwin,41,6,0.0,0.0,,0,6,0,0,0,0,,2.32325,100.0,2e-05,
tpch,template_only,35,adwin_s,41,6,0.0,0.0,,0,6,0,0,0,0,,2.32325,100.0,2e-05,
tpch,template_only,35,mcusum,41,6,1.0,1.0,0.0,6,6,0,0,0,0,1.0,2.32325,100.0,5e-05,
tpch,template_only,35,sketch1,41,6,1.0,1.0,0.0,6,6,0,0,0,0,1.0,2.32325,100.0,0.00077,
tpch,template_only,36,dci_v2_P1,41,6,1.0,1.0,0.0,6,6,0,0,0,0,1.0,2.32325,100.0,0.00104,
tpch,template_only,36,dci_v2_P2,41,6,1.0,1.0,0.0,6,6,0,0,0,0,1.0,1.25067,53.83,0.00111,
tpch,template_only,36,dci_v2_P4,41,6,1.0,1.0,0.0,6,6,0,0,0,0,1.0,0.74261,31.96,0.00103,
tpch,template_only,36,dci_v2_P8,41,6,1.0,1.0,0.0,6,6,0,0,0,0,1.0,0.46035,19.82,0.00102,
tpch,template_only,36,dci_v1,41,6,1.0,1.0,0.0,6,6,0,0,0,0,1.0,2.32325,100.0,0.00158,
tpch,template_only,36,always_multiD,41,6,1.0,1.0,0.0,6,6,0,0,0,0,1.0,2.32325,100.0,0.00076,
tpch,template_only,36,best_axis_oracle,41,6,1.0,1.0,0.0,6,6,0,0,0,0,1.0,0.09575,4.12,0.00235,S_R
tpch,template_only,36,union4_raw,41,6,1.0,1.0,0.0,6,6,0,0,0,0,1.0,0.11528,4.96,0.00199,
tpch,template_only,36,union4_bonf,41,6,1.0,1.0,0.0,6,6,0,0,0,0,1.0,0.11528,4.96,0.002,
tpch,template_only,36,every_k2,41,6,0.0,0.0,,0,6,0,0,0,0,,1.18996,51.22,5e-05,offset=0
tpch,template_only,36,every_k3,41,6,0.0,0.0,,0,6,0,0,0,0,,0.79331,34.15,3e-05,offset=0
tpch,template_only,36,every_k4,41,6,0.5,0.5,0.0,3,6,0,0,0,0,,0.56665,24.39,2e-05,offset=1
tpch,template_only,36,adwin,41,6,0.0,0.0,,0,6,0,0,0,0,,2.32325,100.0,2e-05,
tpch,template_only,36,adwin_s,41,6,0.0,0.0,,0,6,0,0,0,0,,2.32325,100.0,2e-05,
tpch,template_only,36,mcusum,41,6,1.0,1.0,0.0,6,6,0,0,0,0,1.0,2.32325,100.0,6e-05,
tpch,template_only,36,sketch1,41,6,1.0,1.0,0.0,6,6,0,0,0,0,1.0,2.32325,100.0,0.00073,
tpch,template_only,37,dci_v2_P1,41,6,1.0,1.0,0.0,6,6,0,0,0,0,1.0,2.32325,100.0,0.00107,
tpch,template_only,37,dci_v2_P2,41,6,1.0,1.0,0.0,6,6,0,0,0,0,1.0,1.25067,53.83,0.00112,
tpch,template_only,37,dci_v2_P4,41,6,1.0,1.0,0.0,6,6,0,0,0,0,1.0,0.74261,31.96,0.00106,
tpch,template_only,37,dci_v2_P8,41,6,1.0,1.0,0.0,6,6,0,0,0,0,1.0,0.46035,19.82,0.00103,
tpch,template_only,37,dci_v1,41,6,1.0,1.0,0.0,6,6,0,0,0,0,1.0,2.32325,100.0,0.00163,
tpch,template_only,37,always_multiD,41,6,1.0,1.0,0.0,6,6,0,0,0,0,1.0,2.32325,100.0,0.00075,
tpch,template_only,37,best_axis_oracle,41,6,1.0,1.0,0.0,6,6,0,0,0,0,1.0,0.09575,4.12,0.00235,S_R
tpch,template_only,37,union4_raw,41,6,1.0,1.0,0.0,6,6,0,0,0,0,1.0,0.11528,4.96,0.00198,
tpch,template_only,37,union4_bonf,41,6,1.0,1.0,0.0,6,6,0,0,0,0,1.0,0.11528,4.96,0.00198,
tpch,template_only,37,every_k2,41,6,1.0,1.0,0.0,6,6,0,0,0,0,,1.13329,48.78,5e-05,offset=1
tpch,template_only,37,every_k3,41,6,0.0,0.0,,0,6,0,0,0,0,,0.79331,34.15,3e-05,offset=1
tpch,template_only,37,every_k4,41,6,0.5,0.5,0.0,3,6,0,0,0,0,,0.56665,24.39,2e-05,offset=3
tpch,template_only,37,adwin,41,6,0.0,0.0,,0,6,0,0,0,0,,2.32325,100.0,2e-05,
tpch,template_only,37,adwin_s,41,6,0.0,0.0,,0,6,0,0,0,0,,2.32325,100.0,2e-05,
tpch,template_only,37,mcusum,41,6,1.0,1.0,0.0,6,6,0,0,0,0,1.0,2.32325,100.0,6e-05,
tpch,template_only,37,sketch1,41,6,1.0,1.0,0.0,6,6,0,0,0,0,1.0,2.32325,100.0,0.00076,
tpch,template_only,38,dci_v2_P1,41,6,1.0,1.0,0.0,6,6,0,0,0,0,1.0,2.32325,100.0,0.00119,
tpch,template_only,38,dci_v2_P2,41,6,1.0,1.0,0.0,6,6,0,0,0,0,1.0,1.25067,53.83,0.00117,
tpch,template_only,38,dci_v2_P4,41,6,1.0,1.0,0.0,6,6,0,0,0,0,1.0,0.74261,31.96,0.00108,
tpch,template_only,38,dci_v2_P8,41,6,1.0,1.0,0.0,6,6,0,0,0,0,1.0,0.46035,19.82,0.00108,
tpch,template_only,38,dci_v1,41,6,1.0,1.0,0.0,6,6,0,0,0,0,1.0,2.32325,100.0,0.00175,
tpch,template_only,38,always_multiD,41,6,1.0,1.0,0.0,6,6,0,0,0,0,1.0,2.32325,100.0,0.0008,
tpch,template_only,38,best_axis_oracle,41,6,1.0,1.0,0.0,6,6,0,0,0,0,1.0,0.09575,4.12,0.00254,S_R
tpch,template_only,38,union4_raw,41,6,1.0,1.0,0.0,6,6,0,0,0,0,1.0,0.11528,4.96,0.00199,
tpch,template_only,38,union4_bonf,41,6,1.0,1.0,0.0,6,6,0,0,0,0,1.0,0.11528,4.96,0.00206,
tpch,template_only,38,every_k2,41,6,0.0,0.0,,0,6,0,0,0,0,,1.18996,51.22,7e-05,offset=0
tpch,template_only,38,every_k3,41,6,1.0,1.0,0.0,6,6,0,0,0,0,,0.73664,31.71,3e-05,offset=2
tpch,template_only,38,every_k4,41,6,0.0,0.0,,0,6,0,0,0,0,,0.56665,24.39,3e-05,offset=2
tpch,template_only,38,adwin,41,6,0.0,0.0,,0,6,0,0,0,0,,2.32325,100.0,3e-05,
tpch,template_only,38,adwin_s,41,6,0.0,0.0,,0,6,0,0,0,0,,2.32325,100.0,2e-05,
tpch,template_only,38,mcusum,41,6,1.0,1.0,0.0,6,6,0,0,0,0,1.0,2.32325,100.0,7e-05,
tpch,template_only,38,sketch1,41,6,1.0,1.0,0.0,6,6,0,0,0,0,1.0,2.32325,100.0,0.00081,
tpch,template_only,39,dci_v2_P1,41,6,1.0,1.0,0.0,6,6,0,0,0,0,1.0,2.32325,100.0,0.00108,
tpch,template_only,39,dci_v2_P2,41,6,1.0,1.0,0.0,6,6,0,0,0,0,1.0,1.25067,53.83,0.0011,
tpch,template_only,39,dci_v2_P4,41,6,1.0,1.0,0.0,6,6,0,0,0,0,1.0,0.74261,31.96,0.00104,
tpch,template_only,39,dci_v2_P8,41,6,1.0,1.0,0.0,6,6,0,0,0,0,1.0,0.46035,19.82,0.001,
tpch,template_only,39,dci_v1,41,6,1.0,1.0,0.0,6,6,0,0,0,0,1.0,2.32325,100.0,0.0016,
tpch,template_only,39,always_multiD,41,6,1.0,1.0,0.0,6,6,0,0,0,0,1.0,2.32325,100.0,0.00074,
tpch,template_only,39,best_axis_oracle,41,6,1.0,1.0,0.0,6,6,0,0,0,0,1.0,0.09575,4.12,0.00232,S_R
tpch,template_only,39,union4_raw,41,6,1.0,1.0,0.0,6,6,0,0,0,0,1.0,0.11528,4.96,0.00197,
tpch,template_only,39,union4_bonf,41,6,1.0,1.0,0.0,6,6,0,0,0,0,1.0,0.11528,4.96,0.00199,
tpch,template_only,39,every_k2,41,6,0.0,0.0,,0,6,0,0,0,0,,1.18996,51.22,7e-05,offset=0
tpch,template_only,39,every_k3,41,6,1.0,1.0,0.0,6,6,0,0,0,0,,0.73664,31.71,3e-05,offset=2
tpch,template_only,39,every_k4,41,6,0.5,0.5,0.0,3,6,0,0,0,0,,0.56665,24.39,2e-05,offset=1
tpch,template_only,39,adwin,41,6,0.0,0.0,,0,6,0,0,0,0,,2.32325,100.0,3e-05,
tpch,template_only,39,adwin_s,41,6,0.0,0.0,,0,6,0,0,0,0,,2.32325,100.0,2e-05,
tpch,template_only,39,mcusum,41,6,1.0,1.0,0.0,6,6,0,0,0,0,1.0,2.32325,100.0,5e-05,
tpch,template_only,39,sketch1,41,6,1.0,1.0,0.0,6,6,0,0,0,0,1.0,2.32325,100.0,0.00075,
tpch,template_only,40,dci_v2_P1,41,6,0.8333,0.8333,0.0,5,6,0,0,0,0,0.9095,2.32325,100.0,0.00102,
tpch,template_only,40,dci_v2_P2,41,6,0.8333,0.8333,0.0,5,6,0,0,0,0,0.9214,1.25067,53.83,0.0011,
tpch,template_only,40,dci_v2_P4,41,6,0.8333,0.8333,0.0,5,6,0,0,0,0,0.9214,0.74261,31.96,0.00103,
tpch,template_only,40,dci_v2_P8,41,6,0.8333,0.8333,0.0,5,6,0,0,0,0,0.9214,0.46035,19.82,0.00101,
tpch,template_only,40,dci_v1,41,6,0.8333,0.8333,0.0,5,6,0,0,0,0,0.9619,2.32325,100.0,0.00159,
tpch,template_only,40,always_multiD,41,6,0.8333,0.8333,0.0,5,6,0,0,0,0,0.9167,2.32325,100.0,0.00073,
tpch,template_only,40,best_axis_oracle,41,6,0.8333,0.8333,0.0,5,6,0,0,0,0,0.9167,0.09575,4.12,0.0023,S_R
tpch,template_only,40,union4_raw,41,6,0.8333,0.8333,0.0,5,6,0,0,0,0,0.9167,0.11528,4.96,0.00197,
tpch,template_only,40,union4_bonf,41,6,0.8333,0.8333,0.0,5,6,0,0,0,0,0.9167,0.11528,4.96,0.00196,
tpch,template_only,40,every_k2,41,6,0.8333,0.8333,0.0,5,6,0,0,0,0,,1.13329,48.78,4e-05,offset=1
tpch,template_only,40,every_k3,41,6,0.0,0.0,,0,6,0,0,0,0,,0.79331,34.15,3e-05,offset=0
tpch,template_only,40,every_k4,41,6,0.3333,0.3333,0.0,2,6,0,0,0,0,,0.56665,24.39,2e-05,offset=3
tpch,template_only,40,adwin,41,6,0.0,0.0,,0,6,0,0,0,0,,2.32325,100.0,2e-05,
tpch,template_only,40,adwin_s,41,6,0.0,0.0,,0,6,0,0,0,0,,2.32325,100.0,2e-05,
tpch,template_only,40,mcusum,41,6,0.8333,0.8333,0.0,5,6,0,0,0,0,0.9167,2.32325,100.0,5e-05,
tpch,template_only,40,sketch1,41,6,0.8333,0.8333,0.0,5,6,0,0,0,0,0.9167,2.32325,100.0,0.00074,
tpch,template_only,41,dci_v2_P1,41,6,0.8333,0.8333,0.0,5,6,0,0,0,0,0.9095,2.32325,100.0,0.00107,
tpch,template_only,41,dci_v2_P2,41,6,0.8333,0.8333,0.0,5,6,0,0,0,0,0.9214,1.25067,53.83,0.00111,
tpch,template_only,41,dci_v2_P4,41,6,0.8333,0.8333,0.0,5,6,0,0,0,0,0.9214,0.74261,31.96,0.00104,
tpch,template_only,41,dci_v2_P8,41,6,0.8333,0.8333,0.0,5,6,0,0,0,0,0.9214,0.46035,19.82,0.00101,
tpch,template_only,41,dci_v1,41,6,0.8333,0.8333,0.0,5,6,0,0,0,0,0.8905,2.32325,100.0,0.00162,
tpch,template_only,41,always_multiD,41,6,0.8333,0.8333,0.0,5,6,0,0,0,0,0.9167,2.32325,100.0,0.00074,
tpch,template_only,41,best_axis_oracle,41,6,0.8333,0.8333,0.0,5,6,0,0,0,0,0.9167,0.09575,4.12,0.0023,S_R
tpch,template_only,41,union4_raw,41,6,0.8333,0.8333,0.0,5,6,0,0,0,0,0.9167,0.11528,4.96,0.00195,
tpch,template_only,41,union4_bonf,41,6,0.8333,0.8333,0.0,5,6,0,0,0,0,0.9167,0.11528,4.96,0.00197,
tpch,template_only,41,every_k2,41,6,0.0,0.0,,0,6,0,0,0,0,,1.18996,51.22,6e-05,offset=0
tpch,template_only,41,every_k3,41,6,0.0,0.0,,0,6,0,0,0,0,,0.79331,34.15,3e-05,offset=1
tpch,template_only,41,every_k4,41,6,0.5,0.5,0.0,3,6,0,0,0,0,,0.56665,24.39,2e-05,offset=3
tpch,template_only,41,adwin,41,6,0.0,0.0,,0,6,0,0,0,0,,2.32325,100.0,3e-05,
tpch,template_only,41,adwin_s,41,6,0.0,0.0,,0,6,0,0,0,0,,2.32325,100.0,2e-05,
tpch,template_only,41,mcusum,41,6,0.8333,0.8333,0.0,5,6,0,0,0,0,0.9167,2.32325,100.0,6e-05,
tpch,template_only,41,sketch1,41,6,0.8333,0.8333,0.0,5,6,0,0,0,0,0.9167,2.32325,100.0,0.00074,
tpch,template_only,42,dci_v2_P1,41,6,1.0,1.0,0.0,6,6,0,0,0,0,1.0,2.32325,100.0,0.00103,
tpch,template_only,42,dci_v2_P2,41,6,1.0,1.0,0.0,6,6,0,0,0,0,1.0,1.25067,53.83,0.00111,
tpch,template_only,42,dci_v2_P4,41,6,1.0,1.0,0.0,6,6,0,0,0,0,1.0,0.74261,31.96,0.00104,
tpch,template_only,42,dci_v2_P8,41,6,1.0,1.0,0.0,6,6,0,0,0,0,1.0,0.46035,19.82,0.00104,
tpch,template_only,42,dci_v1,41,6,1.0,1.0,0.0,6,6,0,0,0,0,1.0,2.32325,100.0,0.00158,
tpch,template_only,42,always_multiD,41,6,1.0,1.0,0.0,6,6,0,0,0,0,1.0,2.32325,100.0,0.00073,
tpch,template_only,42,best_axis_oracle,41,6,1.0,1.0,0.0,6,6,0,0,0,0,1.0,0.09575,4.12,0.00236,S_R
tpch,template_only,42,union4_raw,41,6,1.0,1.0,0.0,6,6,0,0,0,0,1.0,0.11528,4.96,0.00201,
tpch,template_only,42,union4_bonf,41,6,1.0,1.0,0.0,6,6,0,0,0,0,1.0,0.11528,4.96,0.00199,
tpch,template_only,42,every_k2,41,6,0.0,0.0,,0,6,0,0,0,0,,1.18996,51.22,4e-05,offset=0
tpch,template_only,42,every_k3,41,6,1.0,1.0,0.0,6,6,0,0,0,0,,0.73664,31.71,3e-05,offset=2
tpch,template_only,42,every_k4,41,6,0.5,0.5,0.0,3,6,0,0,0,0,,0.56665,24.39,2e-05,offset=1
tpch,template_only,42,adwin,41,6,0.0,0.0,,0,6,0,0,0,0,,2.32325,100.0,2e-05,
tpch,template_only,42,adwin_s,41,6,0.0,0.0,,0,6,0,0,0,0,,2.32325,100.0,2e-05,
tpch,template_only,42,mcusum,41,6,1.0,1.0,0.0,6,6,0,0,0,0,1.0,2.32325,100.0,5e-05,
tpch,template_only,42,sketch1,41,6,1.0,1.0,0.0,6,6,0,0,0,0,1.0,2.32325,100.0,0.00074,
tpch,template_only,43,dci_v2_P1,41,6,1.0,1.0,0.0,6,6,0,0,0,0,1.0,2.32325,100.0,0.00107,
tpch,template_only,43,dci_v2_P2,41,6,1.0,1.0,0.0,6,6,0,0,0,0,1.0,1.25067,53.83,0.00115,
tpch,template_only,43,dci_v2_P4,41,6,1.0,1.0,0.0,6,6,0,0,0,0,1.0,0.74261,31.96,0.00106,
tpch,template_only,43,dci_v2_P8,41,6,1.0,1.0,0.0,6,6,0,0,0,0,1.0,0.46035,19.82,0.001,
tpch,template_only,43,dci_v1,41,6,1.0,1.0,0.0,6,6,0,0,0,0,1.0,2.32325,100.0,0.00163,
tpch,template_only,43,always_multiD,41,6,1.0,1.0,0.0,6,6,0,0,0,0,1.0,2.32325,100.0,0.00076,
tpch,template_only,43,best_axis_oracle,41,6,1.0,1.0,0.0,6,6,0,0,0,0,1.0,0.09575,4.12,0.00235,S_R
tpch,template_only,43,union4_raw,41,6,1.0,1.0,0.0,6,6,0,0,0,0,1.0,0.11528,4.96,0.00199,
tpch,template_only,43,union4_bonf,41,6,1.0,1.0,0.0,6,6,0,0,0,0,1.0,0.11528,4.96,0.00199,
tpch,template_only,43,every_k2,41,6,0.0,0.0,,0,6,0,0,0,0,,1.18996,51.22,5e-05,offset=0
tpch,template_only,43,every_k3,41,6,0.0,0.0,,0,6,0,0,0,0,,0.79331,34.15,3e-05,offset=1
tpch,template_only,43,every_k4,41,6,0.0,0.0,,0,6,0,0,0,0,,0.62331,26.83,2e-05,offset=0
tpch,template_only,43,adwin,41,6,0.0,0.0,,0,6,0,0,0,0,,2.32325,100.0,2e-05,
tpch,template_only,43,adwin_s,41,6,0.0,0.0,,0,6,0,0,0,0,,2.32325,100.0,2e-05,
tpch,template_only,43,mcusum,41,6,1.0,1.0,0.0,6,6,0,0,0,0,1.0,2.32325,100.0,5e-05,
tpch,template_only,43,sketch1,41,6,1.0,1.0,0.0,6,6,0,0,0,0,1.0,2.32325,100.0,0.00076,
tpch,template_only,44,dci_v2_P1,41,6,1.0,1.0,0.0,6,6,0,0,0,0,1.0,2.32325,100.0,0.00104,
tpch,template_only,44,dci_v2_P2,41,6,1.0,1.0,0.0,6,6,0,0,0,0,1.0,1.25067,53.83,0.0011,
tpch,template_only,44,dci_v2_P4,41,6,1.0,1.0,0.0,6,6,0,0,0,0,1.0,0.74261,31.96,0.00104,
tpch,template_only,44,dci_v2_P8,41,6,1.0,1.0,0.0,6,6,0,0,0,0,1.0,0.46035,19.82,0.001,
tpch,template_only,44,dci_v1,41,6,1.0,1.0,0.0,6,6,0,0,0,0,1.0,2.32325,100.0,0.00159,
tpch,template_only,44,always_multiD,41,6,1.0,1.0,0.0,6,6,0,0,0,0,1.0,2.32325,100.0,0.00073,
tpch,template_only,44,best_axis_oracle,41,6,1.0,1.0,0.0,6,6,0,0,0,0,1.0,0.09575,4.12,0.00234,S_R
tpch,template_only,44,union4_raw,41,6,1.0,1.0,0.0,6,6,0,0,0,0,1.0,0.11528,4.96,0.00196,
tpch,template_only,44,union4_bonf,41,6,1.0,1.0,0.0,6,6,0,0,0,0,1.0,0.11528,4.96,0.00198,
tpch,template_only,44,every_k2,41,6,0.0,0.0,,0,6,0,0,0,0,,1.18996,51.22,5e-05,offset=0
tpch,template_only,44,every_k3,41,6,1.0,1.0,0.0,6,6,0,0,0,0,,0.73664,31.71,3e-05,offset=2
tpch,template_only,44,every_k4,41,6,0.5,0.5,0.0,3,6,0,0,0,0,,0.56665,24.39,2e-05,offset=3
tpch,template_only,44,adwin,41,6,0.0,0.0,,0,6,0,0,0,0,,2.32325,100.0,2e-05,
tpch,template_only,44,adwin_s,41,6,0.0,0.0,,0,6,0,0,0,0,,2.32325,100.0,2e-05,
tpch,template_only,44,mcusum,41,6,1.0,1.0,0.0,6,6,0,0,0,0,1.0,2.32325,100.0,6e-05,
tpch,template_only,44,sketch1,41,6,1.0,1.0,0.0,6,6,0,0,0,0,1.0,2.32325,100.0,0.00075,
tpch,template_only,45,dci_v2_P1,41,6,1.0,1.0,0.0,6,6,0,0,0,0,1.0,2.32325,100.0,0.00102,
tpch,template_only,45,dci_v2_P2,41,6,1.0,1.0,0.0,6,6,0,0,0,0,1.0,1.25067,53.83,0.00109,
tpch,template_only,45,dci_v2_P4,41,6,1.0,1.0,0.0,6,6,0,0,0,0,1.0,0.74261,31.96,0.00104,
tpch,template_only,45,dci_v2_P8,41,6,1.0,1.0,0.0,6,6,0,0,0,0,1.0,0.46035,19.82,0.00101,
tpch,template_only,45,dci_v1,41,6,1.0,1.0,0.0,6,6,0,0,0,0,1.0,2.32325,100.0,0.00158,
tpch,template_only,45,always_multiD,41,6,1.0,1.0,0.0,6,6,0,0,0,0,1.0,2.32325,100.0,0.00078,
tpch,template_only,45,best_axis_oracle,41,6,1.0,1.0,0.0,6,6,0,0,0,0,1.0,0.09575,4.12,0.00233,S_R
tpch,template_only,45,union4_raw,41,6,1.0,1.0,0.0,6,6,0,0,0,0,1.0,0.11528,4.96,0.00199,
tpch,template_only,45,union4_bonf,41,6,1.0,1.0,0.0,6,6,0,0,0,0,1.0,0.11528,4.96,0.00197,
tpch,template_only,45,every_k2,41,6,1.0,1.0,0.0,6,6,0,0,0,0,,1.13329,48.78,5e-05,offset=1
tpch,template_only,45,every_k3,41,6,0.0,0.0,,0,6,0,0,0,0,,0.79331,34.15,3e-05,offset=1
tpch,template_only,45,every_k4,41,6,0.5,0.5,0.0,3,6,0,0,0,0,,0.56665,24.39,2e-05,offset=1
tpch,template_only,45,adwin,41,6,0.0,0.0,,0,6,0,0,0,0,,2.32325,100.0,2e-05,
tpch,template_only,45,adwin_s,41,6,0.0,0.0,,0,6,0,0,0,0,,2.32325,100.0,2e-05,
tpch,template_only,45,mcusum,41,6,1.0,1.0,0.0,6,6,0,0,0,0,1.0,2.32325,100.0,6e-05,
tpch,template_only,45,sketch1,41,6,1.0,1.0,0.0,6,6,0,0,0,0,1.0,2.32325,100.0,0.00073,
tpch,template_only,46,dci_v2_P1,41,6,1.0,1.0,0.0,6,6,0,0,0,0,1.0,2.32325,100.0,0.00104,
tpch,template_only,46,dci_v2_P2,41,6,1.0,1.0,0.0,6,6,0,0,0,0,1.0,1.25067,53.83,0.00111,
tpch,template_only,46,dci_v2_P4,41,6,1.0,1.0,0.0,6,6,0,0,0,0,1.0,0.74261,31.96,0.00104,
tpch,template_only,46,dci_v2_P8,41,6,1.0,1.0,0.0,6,6,0,0,0,0,1.0,0.46035,19.82,0.00101,
tpch,template_only,46,dci_v1,41,6,1.0,1.0,0.0,6,6,0,0,0,0,1.0,2.32325,100.0,0.00161,
tpch,template_only,46,always_multiD,41,6,1.0,1.0,0.0,6,6,0,0,0,0,1.0,2.32325,100.0,0.00074,
tpch,template_only,46,best_axis_oracle,41,6,1.0,1.0,0.0,6,6,0,0,0,0,1.0,0.09575,4.12,0.00235,S_R
tpch,template_only,46,union4_raw,41,6,1.0,1.0,0.0,6,6,0,0,0,0,1.0,0.11528,4.96,0.00198,
tpch,template_only,46,union4_bonf,41,6,1.0,1.0,0.0,6,6,0,0,0,0,1.0,0.11528,4.96,0.00199,
tpch,template_only,46,every_k2,41,6,1.0,1.0,0.0,6,6,0,0,0,0,,1.13329,48.78,5e-05,offset=1
tpch,template_only,46,every_k3,41,6,0.0,0.0,,0,6,0,0,0,0,,0.79331,34.15,3e-05,offset=1
tpch,template_only,46,every_k4,41,6,0.0,0.0,,0,6,0,0,0,0,,0.56665,24.39,2e-05,offset=2
tpch,template_only,46,adwin,41,6,0.0,0.0,,0,6,0,0,0,0,,2.32325,100.0,2e-05,
tpch,template_only,46,adwin_s,41,6,0.0,0.0,,0,6,0,0,0,0,,2.32325,100.0,2e-05,
tpch,template_only,46,mcusum,41,6,1.0,1.0,0.0,6,6,0,0,0,0,1.0,2.32325,100.0,6e-05,
tpch,template_only,46,sketch1,41,6,1.0,1.0,0.0,6,6,0,0,0,0,1.0,2.32325,100.0,0.00077,
tpch,template_only,47,dci_v2_P1,41,6,1.0,1.0,0.0,6,6,0,0,0,0,1.0,2.32325,100.0,0.00102,
tpch,template_only,47,dci_v2_P2,41,6,1.0,1.0,0.0,6,6,0,0,0,0,1.0,1.25067,53.83,0.00111,
tpch,template_only,47,dci_v2_P4,41,6,1.0,1.0,0.0,6,6,0,0,0,0,1.0,0.74261,31.96,0.00104,
tpch,template_only,47,dci_v2_P8,41,6,1.0,1.0,0.0,6,6,0,0,0,0,1.0,0.46035,19.82,0.00101,
tpch,template_only,47,dci_v1,41,6,1.0,1.0,0.0,6,6,0,0,0,0,1.0,2.32325,100.0,0.00159,
tpch,template_only,47,always_multiD,41,6,1.0,1.0,0.0,6,6,0,0,0,0,1.0,2.32325,100.0,0.00074,
tpch,template_only,47,best_axis_oracle,41,6,1.0,1.0,0.0,6,6,0,0,0,0,1.0,0.09575,4.12,0.00229,S_R
tpch,template_only,47,union4_raw,41,6,1.0,1.0,0.0,6,6,0,0,0,0,1.0,0.11528,4.96,0.00193,
tpch,template_only,47,union4_bonf,41,6,1.0,1.0,0.0,6,6,0,0,0,0,1.0,0.11528,4.96,0.00193,
tpch,template_only,47,every_k2,41,6,1.0,1.0,0.0,6,6,0,0,0,0,,1.13329,48.78,4e-05,offset=1
tpch,template_only,47,every_k3,41,6,1.0,1.0,0.0,6,6,0,0,0,0,,0.73664,31.71,3e-05,offset=2
tpch,template_only,47,every_k4,41,6,0.5,0.5,0.0,3,6,0,0,0,0,,0.56665,24.39,2e-05,offset=1
tpch,template_only,47,adwin,41,6,0.0,0.0,,0,6,0,0,0,0,,2.32325,100.0,2e-05,
tpch,template_only,47,adwin_s,41,6,0.0,0.0,,0,6,0,0,0,0,,2.32325,100.0,2e-05,
tpch,template_only,47,mcusum,41,6,1.0,1.0,0.0,6,6,0,0,0,0,1.0,2.32325,100.0,6e-05,
tpch,template_only,47,sketch1,41,6,1.0,1.0,0.0,6,6,0,0,0,0,1.0,2.32325,100.0,0.00073,
tpch,template_only,48,dci_v2_P1,41,6,1.0,1.0,0.0,6,6,0,0,0,0,1.0,2.32325,100.0,0.00106,
tpch,template_only,48,dci_v2_P2,41,6,1.0,1.0,0.0,6,6,0,0,0,0,1.0,1.25067,53.83,0.00109,
tpch,template_only,48,dci_v2_P4,41,6,1.0,1.0,0.0,6,6,0,0,0,0,1.0,0.74261,31.96,0.00103,
tpch,template_only,48,dci_v2_P8,41,6,1.0,1.0,0.0,6,6,0,0,0,0,1.0,0.46035,19.82,0.00099,
tpch,template_only,48,dci_v1,41,6,1.0,1.0,0.0,6,6,0,0,0,0,1.0,2.32325,100.0,0.00159,
tpch,template_only,48,always_multiD,41,6,1.0,1.0,0.0,6,6,0,0,0,0,1.0,2.32325,100.0,0.00072,
tpch,template_only,48,best_axis_oracle,41,6,1.0,1.0,0.0,6,6,0,0,0,0,1.0,0.09575,4.12,0.00228,S_R
tpch,template_only,48,union4_raw,41,6,1.0,1.0,0.0,6,6,0,0,0,0,1.0,0.11528,4.96,0.00192,
tpch,template_only,48,union4_bonf,41,6,1.0,1.0,0.0,6,6,0,0,0,0,1.0,0.11528,4.96,0.00192,
tpch,template_only,48,every_k2,41,6,0.0,0.0,,0,6,0,0,0,0,,1.18996,51.22,6e-05,offset=0
tpch,template_only,48,every_k3,41,6,0.0,0.0,,0,6,0,0,0,0,,0.79331,34.15,3e-05,offset=1
tpch,template_only,48,every_k4,41,6,0.5,0.5,0.0,3,6,0,0,0,0,,0.56665,24.39,2e-05,offset=1
tpch,template_only,48,adwin,41,6,0.0,0.0,,0,6,0,0,0,0,,2.32325,100.0,2e-05,
tpch,template_only,48,adwin_s,41,6,0.0,0.0,,0,6,0,0,0,0,,2.32325,100.0,2e-05,
tpch,template_only,48,mcusum,41,6,1.0,1.0,0.0,6,6,0,0,0,0,1.0,2.32325,100.0,5e-05,
tpch,template_only,48,sketch1,41,6,1.0,1.0,0.0,6,6,0,0,0,0,1.0,2.32325,100.0,0.00072,
tpch,template_only,49,dci_v2_P1,41,6,1.0,1.0,0.0,6,6,0,0,0,0,1.0,2.32325,100.0,0.00104,
tpch,template_only,49,dci_v2_P2,41,6,1.0,1.0,0.0,6,6,0,0,0,0,1.0,1.25067,53.83,0.0011,
tpch,template_only,49,dci_v2_P4,41,6,1.0,1.0,0.0,6,6,0,0,0,0,1.0,0.74261,31.96,0.00103,
tpch,template_only,49,dci_v2_P8,41,6,1.0,1.0,0.0,6,6,0,0,0,0,1.0,0.46035,19.82,0.001,
tpch,template_only,49,dci_v1,41,6,1.0,1.0,0.0,6,6,0,0,0,0,1.0,2.32325,100.0,0.0016,
tpch,template_only,49,always_multiD,41,6,1.0,1.0,0.0,6,6,0,0,0,0,1.0,2.32325,100.0,0.00072,
tpch,template_only,49,best_axis_oracle,41,6,1.0,1.0,0.0,6,6,0,0,0,0,1.0,0.09575,4.12,0.0023,S_R
tpch,template_only,49,union4_raw,41,6,1.0,1.0,0.0,6,6,0,0,0,0,1.0,0.11528,4.96,0.00196,
tpch,template_only,49,union4_bonf,41,6,1.0,1.0,0.0,6,6,0,0,0,0,1.0,0.11528,4.96,0.00193,
tpch,template_only,49,every_k2,41,6,1.0,1.0,0.0,6,6,0,0,0,0,,1.13329,48.78,5e-05,offset=1
tpch,template_only,49,every_k3,41,6,0.0,0.0,,0,6,0,0,0,0,,0.79331,34.15,3e-05,offset=1
tpch,template_only,49,every_k4,41,6,0.0,0.0,,0,6,0,0,0,0,,0.56665,24.39,2e-05,offset=2
tpch,template_only,49,adwin,41,6,0.0,0.0,,0,6,0,0,0,0,,2.32325,100.0,2e-05,
tpch,template_only,49,adwin_s,41,6,0.0,0.0,,0,6,0,0,0,0,,2.32325,100.0,2e-05,
tpch,template_only,49,mcusum,41,6,1.0,1.0,0.0,6,6,0,0,0,0,1.0,2.32325,100.0,5e-05,
tpch,template_only,49,sketch1,41,6,1.0,1.0,0.0,6,6,0,0,0,0,1.0,2.32325,100.0,0.00072,
tpch,volume_only,0,dci_v2_P1,41,6,0.6667,0.6667,0.0,0,0,4,6,16,6,0.5048,2.32325,100.0,0.00118,
tpch,volume_only,0,dci_v2_P2,41,6,0.3333,0.6667,0.5,0,0,2,6,16,6,0.3952,1.28675,55.39,0.00099,
tpch,volume_only,0,dci_v2_P4,41,6,0.3333,0.6667,0.5,0,0,2,6,16,6,0.3976,0.79354,34.16,0.00092,
tpch,volume_only,0,dci_v2_P8,41,6,0.3333,0.6667,0.5,0,0,2,6,16,6,0.3976,0.51977,22.37,0.00089,
tpch,volume_only,0,dci_v1,41,6,1.0,1.0,0.0,0,0,6,6,16,6,0.6571,2.32325,100.0,0.00161,
tpch,volume_only,0,always_multiD,41,6,1.0,1.0,0.0,0,0,6,6,16,6,0.619,2.32325,100.0,0.00072,
tpch,volume_only,0,best_axis_oracle,41,6,1.0,1.0,0.0,0,0,6,6,0,0,1.0,0.00013,0.01,0.0024,S_V
tpch,volume_only,0,union4_raw,41,6,1.0,1.0,0.0,0,0,6,6,16,6,0.6048,0.11528,4.96,0.002,
tpch,volume_only,0,union4_bonf,41,6,1.0,1.0,0.0,0,0,6,6,16,6,0.6048,0.11528,4.96,0.00201,
tpch,volume_only,0,every_k2,41,6,1.0,1.0,0.0,0,0,6,6,8,4,,1.13329,48.78,6e-05,offset=1
tpch,volume_only,0,every_k3,41,6,0.0,0.6667,2.0,0,0,0,6,6,2,,0.79331,34.15,3e-05,offset=1
tpch,volume_only,0,every_k4,41,6,0.5,1.0,1.0,0,0,3,6,4,1,,0.56665,24.39,2e-05,offset=1
tpch,volume_only,0,adwin,41,6,0.0,0.0,,0,0,0,6,0,0,,2.32325,100.0,3e-05,
tpch,volume_only,0,adwin_s,41,6,0.0,0.0,,0,0,0,6,0,0,,2.32325,100.0,2e-05,
tpch,volume_only,0,mcusum,41,6,1.0,1.0,0.0,0,0,6,6,16,6,0.619,2.32325,100.0,5e-05,
tpch,volume_only,0,sketch1,41,6,1.0,1.0,0.0,0,0,6,6,16,6,0.8571,2.32325,100.0,0.00073,
tpch,volume_only,1,dci_v2_P1,41,6,0.8333,0.8333,0.0,0,0,5,6,23,9,0.4714,2.32325,100.0,0.00116,
tpch,volume_only,1,dci_v2_P2,41,6,0.3333,0.8333,0.6,0,0,2,6,23,9,0.2905,1.28675,55.39,0.00102,
tpch,volume_only,1,dci_v2_P4,41,6,0.3333,0.8333,0.6,0,0,2,6,23,9,0.2905,0.79354,34.16,0.00096,
tpch,volume_only,1,dci_v2_P8,41,6,0.3333,0.8333,0.6,0,0,2,6,23,9,0.2905,0.51977,22.37,0.00095,
tpch,volume_only,1,dci_v1,41,6,1.0,1.0,0.0,0,0,6,6,23,9,0.5524,2.32325,100.0,0.00156,
tpch,volume_only,1,always_multiD,41,6,1.0,1.0,0.0,0,0,6,6,23,9,0.5952,2.32325,100.0,0.00074,
tpch,volume_only,1,best_axis_oracle,41,6,1.0,1.0,0.0,0,0,6,6,0,0,1.0,0.00013,0.01,0.00245,S_V
tpch,volume_only,1,union4_raw,41,6,1.0,1.0,0.0,0,0,6,6,23,9,0.5762,0.11528,4.96,0.00206,
tpch,volume_only,1,union4_bonf,41,6,1.0,1.0,0.0,0,0,6,6,23,9,0.5762,0.11528,4.96,0.00206,
tpch,volume_only,1,every_k2,41,6,1.0,1.0,0.0,0,0,6,6,8,4,,1.13329,48.78,4e-05,offset=1
tpch,volume_only,1,every_k3,41,6,0.0,0.6667,2.0,0,0,0,6,9,5,,0.79331,34.15,3e-05,offset=1
tpch,volume_only,1,every_k4,41,6,0.0,0.8333,1.8,0,0,0,6,8,3,,0.56665,24.39,2e-05,offset=2
tpch,volume_only,1,adwin,41,6,0.0,0.0,,0,0,0,6,0,0,,2.32325,100.0,2e-05,
tpch,volume_only,1,adwin_s,41,6,0.0,0.0,,0,0,0,6,0,0,,2.32325,100.0,2e-05,
tpch,volume_only,1,mcusum,41,6,1.0,1.0,0.0,0,0,6,6,23,9,0.5952,2.32325,100.0,6e-05,
tpch,volume_only,1,sketch1,41,6,1.0,1.0,0.0,0,0,6,6,23,9,0.8857,2.32325,100.0,0.00073,
tpch,volume_only,2,dci_v2_P1,41,6,0.6667,0.8333,0.2,0,0,4,6,25,10,0.4357,2.32325,100.0,0.0012,
tpch,volume_only,2,dci_v2_P2,41,6,0.6667,0.8333,0.2,0,0,4,6,25,10,0.3381,1.28675,55.39,0.00105,
tpch,volume_only,2,dci_v2_P4,41,6,0.6667,0.8333,0.2,0,0,4,6,25,10,0.3524,0.79354,34.16,0.00099,
tpch,volume_only,2,dci_v2_P8,41,6,0.6667,0.8333,0.2,0,0,4,6,25,10,0.3524,0.51977,22.37,0.00096,
tpch,volume_only,2,dci_v1,41,6,1.0,1.0,0.0,0,0,6,6,25,10,0.5714,2.32325,100.0,0.0016,
tpch,volume_only,2,always_multiD,41,6,1.0,1.0,0.0,0,0,6,6,25,10,0.6429,2.32325,100.0,0.00072,
tpch,volume_only,2,best_axis_oracle,41,6,1.0,1.0,0.0,0,0,6,6,0,0,1.0,0.00013,0.01,0.0025,S_V
tpch,volume_only,2,union4_raw,41,6,1.0,1.0,0.0,0,0,6,6,25,10,0.5143,0.11528,4.96,0.00212,
tpch,volume_only,2,union4_bonf,41,6,1.0,1.0,0.0,0,0,6,6,25,10,0.5143,0.11528,4.96,0.00209,
tpch,volume_only,2,every_k2,41,6,1.0,1.0,0.0,0,0,6,6,10,5,,1.13329,48.78,5e-05,offset=1
tpch,volume_only,2,every_k3,41,6,1.0,1.0,0.0,0,0,6,6,5,0,,0.73664,31.71,3e-05,offset=2
tpch,volume_only,2,every_k4,41,6,0.5,0.8333,0.8,0,0,3,6,5,3,,0.56665,24.39,2e-05,offset=3
tpch,volume_only,2,adwin,41,6,0.0,0.0,,0,0,0,6,0,0,,2.32325,100.0,2e-05,
tpch,volume_only,2,adwin_s,41,6,0.0,0.0,,0,0,0,6,0,0,,2.32325,100.0,2e-05,
tpch,volume_only,2,mcusum,41,6,1.0,1.0,0.0,0,0,6,6,25,10,0.6429,2.32325,100.0,5e-05,
tpch,volume_only,2,sketch1,41,6,1.0,1.0,0.0,0,0,6,6,25,10,0.8714,2.32325,100.0,0.00076,
tpch,volume_only,3,dci_v2_P1,41,6,0.8333,0.8333,0.0,0,0,5,6,22,10,0.5214,2.32325,100.0,0.00118,
tpch,volume_only,3,dci_v2_P2,41,6,0.6667,0.8333,0.2,0,0,4,6,22,10,0.4548,1.28675,55.39,0.00103,
tpch,volume_only,3,dci_v2_P4,41,6,0.6667,0.8333,0.2,0,0,4,6,22,10,0.4643,0.79354,34.16,0.00097,
tpch,volume_only,3,dci_v2_P8,41,6,0.6667,0.8333,0.2,0,0,4,6,22,10,0.4643,0.51977,22.37,0.00094,
tpch,volume_only,3,dci_v1,41,6,1.0,1.0,0.0,0,0,6,6,22,10,0.6667,2.32325,100.0,0.00158,
tpch,volume_only,3,always_multiD,41,6,1.0,1.0,0.0,0,0,6,6,22,10,0.6857,2.32325,100.0,0.00072,
tpch,volume_only,3,best_axis_oracle,41,6,1.0,1.0,0.0,0,0,6,6,0,0,1.0,0.00013,0.01,0.00243,S_V
tpch,volume_only,3,union4_raw,41,6,1.0,1.0,0.0,0,0,6,6,22,10,0.6024,0.11528,4.96,0.00203,
tpch,volume_only,3,union4_bonf,41,6,1.0,1.0,0.0,0,0,6,6,22,10,0.6024,0.11528,4.96,0.00203,
tpch,volume_only,3,every_k2,41,6,1.0,1.0,0.0,0,0,6,6,9,5,,1.13329,48.78,5e-05,offset=1
tpch,volume_only,3,every_k3,41,6,0.0,0.8333,1.0,0,0,0,6,10,5,,0.79331,34.15,3e-05,offset=0
tpch,volume_only,3,every_k4,41,6,0.0,0.8333,2.2,0,0,0,6,7,2,,0.62331,26.83,3e-05,offset=0
tpch,volume_only,3,adwin,41,6,0.0,0.0,,0,0,0,6,0,0,,2.32325,100.0,2e-05,
tpch,volume_only,3,adwin_s,41,6,0.0,0.0,,0,0,0,6,0,0,,2.32325,100.0,2e-05,
tpch,volume_only,3,mcusum,41,6,1.0,1.0,0.0,0,0,6,6,22,10,0.6857,2.32325,100.0,5e-05,
tpch,volume_only,3,sketch1,41,6,1.0,1.0,0.0,0,0,6,6,22,10,0.9,2.32325,100.0,0.00073,
tpch,volume_only,4,dci_v2_P1,41,6,0.8333,0.8333,0.0,0,0,5,6,16,8,0.6,2.32325,100.0,0.00117,
tpch,volume_only,4,dci_v2_P2,41,6,0.3333,0.6667,0.75,0,0,2,6,16,8,0.3619,1.28675,55.39,0.00099,
tpch,volume_only,4,dci_v2_P4,41,6,0.3333,0.6667,0.75,0,0,2,6,16,8,0.3429,0.78081,33.61,0.00094,
tpch,volume_only,4,dci_v2_P8,41,6,0.3333,0.6667,0.75,0,0,2,6,16,8,0.3429,0.50492,21.73,0.0009,
tpch,volume_only,4,dci_v1,41,6,1.0,1.0,0.0,0,0,6,6,16,8,0.6571,2.32325,100.0,0.00158,
tpch,volume_only,4,always_multiD,41,6,1.0,1.0,0.0,0,0,6,6,16,8,0.619,2.32325,100.0,0.00072,
tpch,volume_only,4,best_axis_oracle,41,6,1.0,1.0,0.0,0,0,6,6,0,0,1.0,0.00013,0.01,0.00238,S_V
tpch,volume_only,4,union4_raw,41,6,1.0,1.0,0.0,0,0,6,6,16,8,0.6,0.11528,4.96,0.002,
tpch,volume_only,4,union4_bonf,41,6,1.0,1.0,0.0,0,0,6,6,16,8,0.6,0.11528,4.96,0.00198,
tpch,volume_only,4,every_k2,41,6,0.0,0.6667,2.0,0,0,0,6,8,4,,1.18996,51.22,4e-05,offset=0
tpch,volume_only,4,every_k3,41,6,0.0,0.3333,1.0,0,0,0,6,6,4,,0.79331,34.15,3e-05,offset=0
tpch,volume_only,4,every_k4,41,6,0.5,1.0,1.0,0,0,3,6,4,1,,0.56665,24.39,2e-05,offset=1
tpch,volume_only,4,adwin,41,6,0.0,0.0,,0,0,0,6,0,0,,2.32325,100.0,2e-05,
tpch,volume_only,4,adwin_s,41,6,0.0,0.0,,0,0,0,6,0,0,,2.32325,100.0,2e-05,
tpch,volume_only,4,mcusum,41,6,1.0,1.0,0.0,0,0,6,6,16,8,0.619,2.32325,100.0,6e-05,
tpch,volume_only,4,sketch1,41,6,1.0,1.0,0.0,0,0,6,6,16,8,0.9048,2.32325,100.0,0.00073,
tpch,volume_only,5,dci_v2_P1,41,6,0.8333,0.8333,0.0,0,0,5,6,22,8,0.5452,2.32325,100.0,0.00116,
tpch,volume_only,5,dci_v2_P2,41,6,0.5,0.8333,0.4,0,0,3,6,22,8,0.3857,1.28675,55.39,0.00101,
tpch,volume_only,5,dci_v2_P4,41,6,0.5,0.8333,0.4,0,0,3,6,22,8,0.3905,0.79354,34.16,0.00096,
tpch,volume_only,5,dci_v2_P8,41,6,0.5,0.8333,0.4,0,0,3,6,22,8,0.3905,0.51977,22.37,0.00094,
tpch,volume_only,5,dci_v1,41,6,1.0,1.0,0.0,0,0,6,6,22,8,0.6095,2.32325,100.0,0.00157,
tpch,volume_only,5,always_multiD,41,6,1.0,1.0,0.0,0,0,6,6,22,8,0.6571,2.32325,100.0,0.00072,
tpch,volume_only,5,best_axis_oracle,41,6,1.0,1.0,0.0,0,0,6,6,0,0,1.0,0.00013,0.01,0.00248,S_V
tpch,volume_only,5,union4_raw,41,6,1.0,1.0,0.0,0,0,6,6,22,8,0.6143,0.11528,4.96,0.00207,
tpch,volume_only,5,union4_bonf,41,6,1.0,1.0,0.0,0,0,6,6,22,8,0.6143,0.11528,4.96,0.00206,
tpch,volume_only,5,every_k2,41,6,1.0,1.0,0.0,0,0,6,6,7,3,,1.13329,48.78,4e-05,offset=1
tpch,volume_only,5,every_k3,41,6,1.0,1.0,0.0,0,0,6,6,5,0,,0.73664,31.71,3e-05,offset=2
tpch,volume_only,5,every_k4,41,6,0.0,0.8333,1.8,0,0,0,6,8,3,,0.56665,24.39,2e-05,offset=2
tpch,volume_only,5,adwin,41,6,0.0,0.0,,0,0,0,6,0,0,,2.32325,100.0,2e-05,
tpch,volume_only,5,adwin_s,41,6,0.0,0.0,,0,0,0,6,0,0,,2.32325,100.0,2e-05,
tpch,volume_only,5,mcusum,41,6,1.0,1.0,0.0,0,0,6,6,22,8,0.6571,2.32325,100.0,6e-05,
tpch,volume_only,5,sketch1,41,6,1.0,1.0,0.0,0,0,6,6,22,8,0.9143,2.32325,100.0,0.00074,
tpch,volume_only,6,dci_v2_P1,41,6,0.3333,0.6667,0.5,0,0,2,6,19,7,0.3476,2.32325,100.0,0.0011,
tpch,volume_only,6,dci_v2_P2,41,6,0.3333,0.6667,0.5,0,0,2,6,19,7,0.3452,1.28675,55.39,0.00099,
tpch,volume_only,6,dci_v2_P4,41,6,0.3333,0.6667,0.5,0,0,2,6,19,7,0.3476,0.79354,34.16,0.00093,
tpch,volume_only,6,dci_v2_P8,41,6,0.3333,0.6667,0.5,0,0,2,6,19,7,0.3476,0.51977,22.37,0.0009,
tpch,volume_only,6,dci_v1,41,6,1.0,1.0,0.0,0,0,6,6,19,7,0.5476,2.32325,100.0,0.00159,
tpch,volume_only,6,always_multiD,41,6,1.0,1.0,0.0,0,0,6,6,19,7,0.5476,2.32325,100.0,0.00072,
tpch,volume_only,6,best_axis_oracle,41,6,1.0,1.0,0.0,0,0,6,6,0,0,1.0,0.00013,0.01,0.00238,S_V
tpch,volume_only,6,union4_raw,41,6,1.0,1.0,0.0,0,0,6,6,19,7,0.5262,0.11528,4.96,0.00201,
tpch,volume_only,6,union4_bonf,41,6,1.0,1.0,0.0,0,0,6,6,19,7,0.5262,0.11528,4.96,0.002,
tpch,volume_only,6,every_k2,41,6,1.0,1.0,0.0,0,0,6,6,7,3,,1.13329,48.78,4e-05,offset=1
tpch,volume_only,6,every_k3,41,6,0.0,0.6667,1.0,0,0,0,6,7,3,,0.79331,34.15,3e-05,offset=0
tpch,volume_only,6,every_k4,41,6,0.0,0.6667,1.5,0,0,0,6,7,3,,0.62331,26.83,2e-05,offset=0
tpch,volume_only,6,adwin,41,6,0.0,0.0,,0,0,0,6,0,0,,2.32325,100.0,2e-05,
tpch,volume_only,6,adwin_s,41,6,0.0,0.0,,0,0,0,6,0,0,,2.32325,100.0,2e-05,
tpch,volume_only,6,mcusum,41,6,1.0,1.0,0.0,0,0,6,6,19,7,0.5476,2.32325,100.0,6e-05,
tpch,volume_only,6,sketch1,41,6,1.0,1.0,0.0,0,0,6,6,19,7,0.7857,2.32325,100.0,0.00073,
tpch,volume_only,7,dci_v2_P1,41,6,0.1667,0.5,0.67,0,0,1,6,13,5,0.3357,2.32325,100.0,0.00107,
tpch,volume_only,7,dci_v2_P2,41,6,0.1667,0.5,0.67,0,0,1,6,13,5,0.331,1.28675,55.39,0.00094,
tpch,volume_only,7,dci_v2_P4,41,6,0.1667,0.5,0.67,0,0,1,6,13,5,0.331,0.79354,34.16,0.00089,
tpch,volume_only,7,dci_v2_P8,41,6,0.1667,0.5,0.67,0,0,1,6,13,5,0.331,0.51977,22.37,0.00086,
tpch,volume_only,7,dci_v1,41,6,1.0,1.0,0.0,0,0,6,6,13,5,0.6476,2.32325,100.0,0.00159,
tpch,volume_only,7,always_multiD,41,6,1.0,1.0,0.0,0,0,6,6,13,5,0.6286,2.32325,100.0,0.00073,
tpch,volume_only,7,best_axis_oracle,41,6,1.0,1.0,0.0,0,0,6,6,0,0,1.0,0.00013,0.01,0.00239,S_V
tpch,volume_only,7,union4_raw,41,6,1.0,1.0,0.0,0,0,6,6,13,5,0.6286,0.11528,4.96,0.00204,
tpch,volume_only,7,union4_bonf,41,6,1.0,1.0,0.0,0,0,6,6,13,5,0.6286,0.11528,4.96,0.002,
tpch,volume_only,7,every_k2,41,6,0.0,0.5,1.0,0,0,0,6,9,3,,1.18996,51.22,5e-05,offset=0
tpch,volume_only,7,every_k3,41,6,1.0,1.0,0.0,0,0,6,6,3,0,,0.73664,31.71,3e-05,offset=2
tpch,volume_only,7,every_k4,41,6,0.0,0.5,1.0,0,0,0,6,6,3,,0.56665,24.39,2e-05,offset=2
tpch,volume_only,7,adwin,41,6,0.0,0.0,,0,0,0,6,0,0,,2.32325,100.0,2e-05,
tpch,volume_only,7,adwin_s,41,6,0.0,0.0,,0,0,0,6,0,0,,2.32325,100.0,2e-05,
tpch,volume_only,7,mcusum,41,6,1.0,1.0,0.0,0,0,6,6,13,5,0.6286,2.32325,100.0,6e-05,
tpch,volume_only,7,sketch1,41,6,1.0,1.0,0.0,0,0,6,6,13,5,0.8286,2.32325,100.0,0.00075,
tpch,volume_only,8,dci_v2_P1,41,6,1.0,1.0,0.0,0,0,6,6,29,12,0.519,2.32325,100.0,0.00117,
tpch,volume_only,8,dci_v2_P2,41,6,0.8333,1.0,0.17,0,0,5,6,29,12,0.4786,1.28675,55.39,0.00106,
tpch,volume_only,8,dci_v2_P4,41,6,0.8333,1.0,0.17,0,0,5,6,29,12,0.4976,0.79354,34.16,0.00101,
tpch,volume_only,8,dci_v2_P8,41,6,0.8333,1.0,0.17,0,0,5,6,29,12,0.4976,0.51977,22.37,0.001,
tpch,volume_only,8,dci_v1,41,6,1.0,1.0,0.0,0,0,6,6,29,12,0.6571,2.32325,100.0,0.00156,
tpch,volume_only,8,always_multiD,41,6,1.0,1.0,0.0,0,0,6,6,29,12,0.819,2.32325,100.0,0.00072,
tpch,volume_only,8,best_axis_oracle,41,6,1.0,1.0,0.0,0,0,6,6,0,0,1.0,0.00013,0.01,0.00246,S_V
tpch,volume_only,8,union4_raw,41,6,1.0,1.0,0.0,0,0,6,6,29,12,0.6905,0.11528,4.96,0.00208,
tpch,volume_only,8,union4_bonf,41,6,1.0,1.0,0.0,0,0,6,6,29,12,0.6905,0.11528,4.96,0.00209,
tpch,volume_only,8,every_k2,41,6,0.0,1.0,1.0,0,0,0,6,17,6,,1.18996,51.22,4e-05,offset=0
tpch,volume_only,8,every_k3,41,6,0.0,1.0,2.0,0,0,0,6,12,6,,0.79331,34.15,3e-05,offset=1
tpch,volume_only,8,every_k4,41,6,0.0,0.8333,1.8,0,0,0,6,8,3,,0.56665,24.39,2e-05,offset=2
tpch,volume_only,8,adwin,41,6,0.0,0.0,,0,0,0,6,0,0,,2.32325,100.0,2e-05,
tpch,volume_only,8,adwin_s,41,6,0.0,0.0,,0,0,0,6,0,0,,2.32325,100.0,2e-05,
tpch,volume_only,8,mcusum,41,6,1.0,1.0,0.0,0,0,6,6,29,12,0.819,2.32325,100.0,6e-05,
tpch,volume_only,8,sketch1,41,6,1.0,1.0,0.0,0,0,6,6,29,12,0.9571,2.32325,100.0,0.00073,
tpch,volume_only,9,dci_v2_P1,41,6,0.8333,0.8333,0.0,0,0,5,6,18,7,0.5286,2.32325,100.0,0.00116,
tpch,volume_only,9,dci_v2_P2,41,6,0.3333,0.6667,0.5,0,0,2,6,18,7,0.319,1.28675,55.39,0.00098,
tpch,volume_only,9,dci_v2_P4,41,6,0.3333,0.6667,0.5,0,0,2,6,18,7,0.3119,0.79354,34.16,0.00095,
tpch,volume_only,9,dci_v2_P8,41,6,0.3333,0.6667,0.5,0,0,2,6,18,7,0.3119,0.51977,22.37,0.00092,
tpch,volume_only,9,dci_v1,41,6,1.0,1.0,0.0,0,0,6,6,18,7,0.581,2.32325,100.0,0.00155,
tpch,volume_only,9,always_multiD,41,6,1.0,1.0,0.0,0,0,6,6,18,7,0.5714,2.32325,100.0,0.00075,
tpch,volume_only,9,best_axis_oracle,41,6,1.0,1.0,0.0,0,0,6,6,0,0,1.0,0.00013,0.01,0.00243,S_V
tpch,volume_only,9,union4_raw,41,6,1.0,1.0,0.0,0,0,6,6,18,7,0.5333,0.11528,4.96,0.00205,
tpch,volume_only,9,union4_bonf,41,6,1.0,1.0,0.0,0,0,6,6,18,7,0.5333,0.11528,4.96,0.00202,
tpch,volume_only,9,every_k2,41,6,0.0,0.6667,1.0,0,0,0,6,12,4,,1.18996,51.22,4e-05,offset=0
tpch,volume_only,9,every_k3,41,6,1.0,1.0,0.0,0,0,6,6,4,0,,0.73664,31.71,3e-05,offset=2
tpch,volume_only,9,every_k4,41,6,0.5,0.5,0.0,0,0,3,6,3,3,,0.56665,24.39,3e-05,offset=3
tpch,volume_only,9,adwin,41,6,0.0,0.0,,0,0,0,6,0,0,,2.32325,100.0,2e-05,
tpch,volume_only,9,adwin_s,41,6,0.0,0.0,,0,0,0,6,0,0,,2.32325,100.0,2e-05,
tpch,volume_only,9,mcusum,41,6,1.0,1.0,0.0,0,0,6,6,18,7,0.5714,2.32325,100.0,5e-05,
tpch,volume_only,9,sketch1,41,6,1.0,1.0,0.0,0,0,6,6,18,7,0.8095,2.32325,100.0,0.00074,
tpch,volume_only,10,dci_v2_P1,41,6,0.5,0.6667,0.25,0,0,3,6,19,8,0.469,2.32325,100.0,0.00113,
tpch,volume_only,10,dci_v2_P2,41,6,0.5,0.6667,0.25,0,0,3,6,19,8,0.4643,1.28675,55.39,0.001,
tpch,volume_only,10,dci_v2_P4,41,6,0.5,0.6667,0.25,0,0,3,6,19,8,0.469,0.79354,34.16,0.00095,
tpch,volume_only,10,dci_v2_P8,41,6,0.5,0.6667,0.25,0,0,3,6,19,8,0.469,0.51977,22.37,0.00093,
tpch,volume_only,10,dci_v1,41,6,1.0,1.0,0.0,0,0,6,6,19,8,0.6429,2.32325,100.0,0.0016,
tpch,volume_only,10,always_multiD,41,6,1.0,1.0,0.0,0,0,6,6,19,8,0.6381,2.32325,100.0,0.00073,
tpch,volume_only,10,best_axis_oracle,41,6,1.0,1.0,0.0,0,0,6,6,0,0,1.0,0.00013,0.01,0.00248,S_V
tpch,volume_only,10,union4_raw,41,6,1.0,1.0,0.0,0,0,6,6,19,8,0.6,0.11528,4.96,0.00207,
tpch,volume_only,10,union4_bonf,41,6,1.0,1.0,0.0,0,0,6,6,19,8,0.6,0.11528,4.96,0.00207,
tpch,volume_only,10,every_k2,41,6,1.0,1.0,0.0,0,0,6,6,7,4,,1.13329,48.78,4e-05,offset=1
tpch,volume_only,10,every_k3,41,6,0.0,0.6667,1.0,0,0,0,6,8,4,,0.79331,34.15,3e-05,offset=0
tpch,volume_only,10,every_k4,41,6,0.5,0.6667,0.5,0,0,3,6,4,3,,0.56665,24.39,2e-05,offset=1
tpch,volume_only,10,adwin,41,6,0.0,0.0,,0,0,0,6,0,0,,2.32325,100.0,2e-05,
tpch,volume_only,10,adwin_s,41,6,0.0,0.0,,0,0,0,6,0,0,,2.32325,100.0,2e-05,
tpch,volume_only,10,mcusum,41,6,1.0,1.0,0.0,0,0,6,6,19,8,0.6381,2.32325,100.0,5e-05,
tpch,volume_only,10,sketch1,41,6,1.0,1.0,0.0,0,0,6,6,19,8,0.8476,2.32325,100.0,0.00074,
tpch,volume_only,11,dci_v2_P1,41,6,1.0,1.0,0.0,0,0,6,6,16,6,0.6238,2.32325,100.0,0.00116,
tpch,volume_only,11,dci_v2_P2,41,6,0.3333,0.6667,0.5,0,0,2,6,16,6,0.35,1.28463,55.29,0.00097,
tpch,volume_only,11,dci_v2_P4,41,6,0.3333,0.6667,0.5,0,0,2,6,16,6,0.35,0.79354,34.16,0.00092,
tpch,volume_only,11,dci_v2_P8,41,6,0.3333,0.6667,0.5,0,0,2,6,16,6,0.35,0.51977,22.37,0.00089,
tpch,volume_only,11,dci_v1,41,6,1.0,1.0,0.0,0,0,6,6,16,6,0.6238,2.32325,100.0,0.00155,
tpch,volume_only,11,always_multiD,41,6,1.0,1.0,0.0,0,0,6,6,16,6,0.619,2.32325,100.0,0.00073,
tpch,volume_only,11,best_axis_oracle,41,6,1.0,1.0,0.0,0,0,6,6,0,0,1.0,0.00013,0.01,0.00237,S_V
tpch,volume_only,11,union4_raw,41,6,1.0,1.0,0.0,0,0,6,6,16,6,0.5905,0.11528,4.96,0.00199,
tpch,volume_only,11,union4_bonf,41,6,1.0,1.0,0.0,0,0,6,6,16,6,0.5905,0.11528,4.96,0.00198,
tpch,volume_only,11,every_k2,41,6,0.0,0.6667,2.0,0,0,0,6,9,3,,1.18996,51.22,4e-05,offset=0
tpch,volume_only,11,every_k3,41,6,0.0,0.3333,1.0,0,0,0,6,5,3,,0.79331,34.15,3e-05,offset=0
tpch,volume_only,11,every_k4,41,6,0.0,0.5,2.33,0,0,0,6,4,1,,0.56665,24.39,2e-05,offset=2
tpch,volume_only,11,adwin,41,6,0.0,0.0,,0,0,0,6,0,0,,2.32325,100.0,2e-05,
tpch,volume_only,11,adwin_s,41,6,0.0,0.0,,0,0,0,6,0,0,,2.32325,100.0,2e-05,
tpch,volume_only,11,mcusum,41,6,1.0,1.0,0.0,0,0,6,6,16,6,0.619,2.32325,100.0,5e-05,
tpch,volume_only,11,sketch1,41,6,1.0,1.0,0.0,0,0,6,6,16,6,0.8571,2.32325,100.0,0.00073,
tpch,volume_only,12,dci_v2_P1,41,6,0.5,0.6667,0.25,0,0,3,6,18,6,0.4595,2.32325,100.0,0.00113,
tpch,volume_only,12,dci_v2_P2,41,6,0.5,0.6667,0.25,0,0,3,6,18,6,0.4524,1.28675,55.39,0.00099,
tpch,volume_only,12,dci_v2_P4,41,6,0.5,0.6667,0.25,0,0,3,6,18,6,0.4619,0.79354,34.16,0.00095,
tpch,volume_only,12,dci_v2_P8,41,6,0.5,0.6667,0.25,0,0,3,6,18,6,0.4619,0.51977,22.37,0.00092,
tpch,volume_only,12,dci_v1,41,6,1.0,1.0,0.0,0,0,6,6,18,6,0.6714,2.32325,100.0,0.00159,
tpch,volume_only,12,always_multiD,41,6,1.0,1.0,0.0,0,0,6,6,18,6,0.6571,2.32325,100.0,0.00073,
tpch,volume_only,12,best_axis_oracle,41,6,1.0,1.0,0.0,0,0,6,6,0,0,1.0,0.00013,0.01,0.00245,S_V
tpch,volume_only,12,union4_raw,41,6,1.0,1.0,0.0,0,0,6,6,18,6,0.6286,0.11528,4.96,0.00206,
tpch,volume_only,12,union4_bonf,41,6,1.0,1.0,0.0,0,0,6,6,18,6,0.6286,0.11528,4.96,0.00204,
tpch,volume_only,12,every_k2,41,6,1.0,1.0,0.0,0,0,6,6,7,3,,1.13329,48.78,4e-05,offset=1
tpch,volume_only,12,every_k3,41,6,0.0,0.6667,2.0,0,0,0,6,7,3,,0.79331,34.15,3e-05,offset=1
tpch,volume_only,12,every_k4,41,6,0.0,0.6667,2.5,0,0,0,6,4,0,,0.62331,26.83,3e-05,offset=0
tpch,volume_only,12,adwin,41,6,0.0,0.0,,0,0,0,6,0,0,,2.32325,100.0,2e-05,
tpch,volume_only,12,adwin_s,41,6,0.0,0.0,,0,0,0,6,0,0,,2.32325,100.0,2e-05,
tpch,volume_only,12,mcusum,41,6,1.0,1.0,0.0,0,0,6,6,18,6,0.6571,2.32325,100.0,6e-05,
tpch,volume_only,12,sketch1,41,6,1.0,1.0,0.0,0,0,6,6,18,6,0.9238,2.32325,100.0,0.00075,
tpch,volume_only,13,dci_v2_P1,41,6,0.5,0.6667,0.25,0,0,3,6,20,8,0.4619,2.32325,100.0,0.00112,
tpch,volume_only,13,dci_v2_P2,41,6,0.5,0.6667,0.25,0,0,3,6,20,8,0.419,1.28675,55.39,0.001,
tpch,volume_only,13,dci_v2_P4,41,6,0.5,0.6667,0.25,0,0,3,6,20,8,0.4286,0.79354,34.16,0.00094,
tpch,volume_only,13,dci_v2_P8,41,6,0.5,0.6667,0.25,0,0,3,6,20,8,0.4286,0.51977,22.37,0.00091,
tpch,volume_only,13,dci_v1,41,6,1.0,1.0,0.0,0,0,6,6,20,8,0.6,2.32325,100.0,0.00158,
tpch,volume_only,13,always_multiD,41,6,1.0,1.0,0.0,0,0,6,6,20,8,0.619,2.32325,100.0,0.00072,
tpch,volume_only,13,best_axis_oracle,41,6,1.0,1.0,0.0,0,0,6,6,0,0,1.0,0.00013,0.01,0.00246,S_V
tpch,volume_only,13,union4_raw,41,6,1.0,1.0,0.0,0,0,6,6,20,8,0.5833,0.11528,4.96,0.00203,
tpch,volume_only,13,union4_bonf,41,6,1.0,1.0,0.0,0,0,6,6,20,8,0.5833,0.11528,4.96,0.00202,
tpch,volume_only,13,every_k2,41,6,0.0,0.6667,1.0,0,0,0,6,12,4,,1.18996,51.22,4e-05,offset=0
tpch,volume_only,13,every_k3,41,6,0.0,0.6667,1.0,0,0,0,6,8,4,,0.79331,34.15,3e-05,offset=0
tpch,volume_only,13,every_k4,41,6,0.0,0.6667,1.5,0,0,0,6,7,3,,0.56665,24.39,2e-05,offset=2
tpch,volume_only,13,adwin,41,6,0.0,0.0,,0,0,0,6,0,0,,2.32325,100.0,2e-05,
tpch,volume_only,13,adwin_s,41,6,0.0,0.0,,0,0,0,6,0,0,,2.32325,100.0,2e-05,
tpch,volume_only,13,mcusum,41,6,1.0,1.0,0.0,0,0,6,6,20,8,0.619,2.32325,100.0,6e-05,
tpch,volume_only,13,sketch1,41,6,1.0,1.0,0.0,0,0,6,6,20,8,0.9048,2.32325,100.0,0.00073,
tpch,volume_only,14,dci_v2_P1,41,6,0.6667,0.6667,0.0,0,0,4,6,18,7,0.4714,2.32325,100.0,0.00112,
tpch,volume_only,14,dci_v2_P2,41,6,0.3333,0.6667,0.5,0,0,2,6,18,7,0.3667,1.28675,55.39,0.00098,
tpch,volume_only,14,dci_v2_P4,41,6,0.3333,0.6667,0.5,0,0,2,6,18,7,0.369,0.79354,34.16,0.00092,
tpch,volume_only,14,dci_v2_P8,41,6,0.3333,0.6667,0.5,0,0,2,6,18,7,0.369,0.51977,22.37,0.00089,
tpch,volume_only,14,dci_v1,41,6,1.0,1.0,0.0,0,0,6,6,18,7,0.5762,2.32325,100.0,0.00158,
tpch,volume_only,14,always_multiD,41,6,1.0,1.0,0.0,0,0,6,6,18,7,0.5714,2.32325,100.0,0.00073,
tpch,volume_only,14,best_axis_oracle,41,6,1.0,1.0,0.0,0,0,6,6,0,0,1.0,0.00013,0.01,0.00242,S_V
tpch,volume_only,14,union4_raw,41,6,1.0,1.0,0.0,0,0,6,6,18,7,0.5571,0.11528,4.96,0.00199,
tpch,volume_only,14,union4_bonf,41,6,1.0,1.0,0.0,0,0,6,6,18,7,0.5571,0.11528,4.96,0.00204,
tpch,volume_only,14,every_k2,41,6,1.0,1.0,0.0,0,0,6,6,7,3,,1.13329,48.78,4e-05,offset=1
tpch,volume_only,14,every_k3,41,6,0.0,0.6667,2.0,0,0,0,6,8,4,,0.79331,34.15,3e-05,offset=1
tpch,volume_only,14,every_k4,41,6,0.0,0.5,2.33,0,0,0,6,4,1,,0.62331,26.83,2e-05,offset=0
tpch,volume_only,14,adwin,41,6,0.0,0.0,,0,0,0,6,0,0,,2.32325,100.0,2e-05,
tpch,volume_only,14,adwin_s,41,6,0.0,0.0,,0,0,0,6,0,0,,2.32325,100.0,2e-05,
tpch,volume_only,14,mcusum,41,6,1.0,1.0,0.0,0,0,6,6,18,7,0.5714,2.32325,100.0,6e-05,
tpch,volume_only,14,sketch1,41,6,1.0,1.0,0.0,0,0,6,6,18,7,0.8571,2.32325,100.0,0.00073,
tpch,volume_only,15,dci_v2_P1,41,6,0.5,0.6667,0.25,0,0,3,6,20,8,0.3714,2.32325,100.0,0.00113,
tpch,volume_only,15,dci_v2_P2,41,6,0.5,0.6667,0.25,0,0,3,6,20,8,0.3714,1.28675,55.39,0.001,
tpch,volume_only,15,dci_v2_P4,41,6,0.5,0.6667,0.25,0,0,3,6,20,8,0.3905,0.79354,34.16,0.00096,
tpch,volume_only,15,dci_v2_P8,41,6,0.5,0.6667,0.25,0,0,3,6,20,8,0.3905,0.51977,22.37,0.00093,
tpch,volume_only,15,dci_v1,41,6,1.0,1.0,0.0,0,0,6,6,20,8,0.6,2.32325,100.0,0.00158,
tpch,volume_only,15,always_multiD,41,6,1.0,1.0,0.0,0,0,6,6,20,8,0.619,2.32325,100.0,0.00075,
tpch,volume_only,15,best_axis_oracle,41,6,1.0,1.0,0.0,0,0,6,6,0,0,1.0,0.00013,0.01,0.00249,S_V
tpch,volume_only,15,union4_raw,41,6,1.0,1.0,0.0,0,0,6,6,20,8,0.5714,0.11528,4.96,0.00205,
tpch,volume_only,15,union4_bonf,41,6,1.0,1.0,0.0,0,0,6,6,20,8,0.5714,0.11528,4.96,0.00208,
tpch,volume_only,15,every_k2,41,6,1.0,1.0,0.0,0,0,6,6,8,4,,1.13329,48.78,5e-05,offset=1
tpch,volume_only,15,every_k3,41,6,1.0,1.0,0.0,0,0,6,6,4,0,,0.73664,31.71,3e-05,offset=2
tpch,volume_only,15,every_k4,41,6,0.0,0.6667,1.5,0,0,0,6,7,3,,0.56665,24.39,2e-05,offset=2
tpch,volume_only,15,adwin,41,6,0.0,0.0,,0,0,0,6,0,0,,2.32325,100.0,2e-05,
tpch,volume_only,15,adwin_s,41,6,0.0,0.0,,0,0,0,6,0,0,,2.32325,100.0,2e-05,
tpch,volume_only,15,mcusum,41,6,1.0,1.0,0.0,0,0,6,6,20,8,0.619,2.32325,100.0,6e-05,
tpch,volume_only,15,sketch1,41,6,1.0,1.0,0.0,0,0,6,6,20,8,0.9048,2.32325,100.0,0.00075,
tpch,volume_only,16,dci_v2_P1,41,6,1.0,1.0,0.0,0,0,6,6,18,7,0.5952,2.32325,100.0,0.00117,
tpch,volume_only,16,dci_v2_P2,41,6,0.3333,0.6667,0.5,0,0,2,6,18,7,0.3571,1.28463,55.29,0.00098,
tpch,volume_only,16,dci_v2_P4,41,6,0.3333,0.6667,0.5,0,0,2,6,18,7,0.3571,0.79354,34.16,0.00093,
tpch,volume_only,16,dci_v2_P8,41,6,0.3333,0.6667,0.5,0,0,2,6,18,7,0.3571,0.51977,22.37,0.00091,
tpch,volume_only,16,dci_v1,41,6,1.0,1.0,0.0,0,0,6,6,18,7,0.5952,2.32325,100.0,0.00157,
tpch,volume_only,16,always_multiD,41,6,1.0,1.0,0.0,0,0,6,6,18,7,0.5714,2.32325,100.0,0.00073,
tpch,volume_only,16,best_axis_oracle,41,6,1.0,1.0,0.0,0,0,6,6,0,0,1.0,0.00013,0.01,0.00241,S_V
tpch,volume_only,16,union4_raw,41,6,1.0,1.0,0.0,0,0,6,6,18,7,0.5571,0.11528,4.96,0.00205,
tpch,volume_only,16,union4_bonf,41,6,1.0,1.0,0.0,0,0,6,6,18,7,0.5571,0.11528,4.96,0.00204,
tpch,volume_only,16,every_k2,41,6,0.0,0.6667,1.5,0,0,0,6,10,3,,1.18996,51.22,4e-05,offset=0
tpch,volume_only,16,every_k3,41,6,1.0,1.0,0.0,0,0,6,6,4,0,,0.73664,31.71,3e-05,offset=2
tpch,volume_only,16,every_k4,41,6,0.0,0.5,1.67,0,0,0,6,5,2,,0.56665,24.39,2e-05,offset=2
tpch,volume_only,16,adwin,41,6,0.0,0.0,,0,0,0,6,0,0,,2.32325,100.0,2e-05,
tpch,volume_only,16,adwin_s,41,6,0.0,0.0,,0,0,0,6,0,0,,2.32325,100.0,2e-05,
tpch,volume_only,16,mcusum,41,6,1.0,1.0,0.0,0,0,6,6,18,7,0.5714,2.32325,100.0,6e-05,
tpch,volume_only,16,sketch1,41,6,1.0,1.0,0.0,0,0,6,6,18,7,0.8571,2.32325,100.0,0.00073,
tpch,volume_only,17,dci_v2_P1,41,6,0.6667,0.6667,0.0,0,0,4,6,18,7,0.4238,2.32325,100.0,0.00111,
tpch,volume_only,17,dci_v2_P2,41,6,0.3333,0.6667,0.75,0,0,2,6,18,7,0.3143,1.28675,55.39,0.00099,
tpch,volume_only,17,dci_v2_P4,41,6,0.3333,0.6667,0.75,0,0,2,6,18,7,0.3214,0.79354,34.16,0.00094,
tpch,volume_only,17,dci_v2_P8,41,6,0.3333,0.6667,0.75,0,0,2,6,18,7,0.3214,0.51977,22.37,0.0009,
tpch,volume_only,17,dci_v1,41,6,1.0,1.0,0.0,0,0,6,6,18,7,0.5333,2.32325,100.0,0.00157,
tpch,volume_only,17,always_multiD,41,6,1.0,1.0,0.0,0,0,6,6,18,7,0.5714,2.32325,100.0,0.00072,
tpch,volume_only,17,best_axis_oracle,41,6,1.0,1.0,0.0,0,0,6,6,0,0,1.0,0.00013,0.01,0.00241,S_V
tpch,volume_only,17,union4_raw,41,6,1.0,1.0,0.0,0,0,6,6,18,7,0.5238,0.11528,4.96,0.00204,
tpch,volume_only,17,union4_bonf,41,6,1.0,1.0,0.0,0,0,6,6,18,7,0.5238,0.11528,4.96,0.00201,
tpch,volume_only,17,every_k2,41,6,1.0,1.0,0.0,0,0,6,6,8,4,,1.13329,48.78,4e-05,offset=1
tpch,volume_only,17,every_k3,41,6,0.0,0.5,1.0,0,0,0,6,7,4,,0.79331,34.15,3e-05,offset=0
tpch,volume_only,17,every_k4,41,6,0.5,1.0,1.0,0,0,3,6,4,1,,0.56665,24.39,2e-05,offset=3
tpch,volume_only,17,adwin,41,6,0.0,0.0,,0,0,0,6,0,0,,2.32325,100.0,2e-05,
tpch,volume_only,17,adwin_s,41,6,0.0,0.0,,0,0,0,6,0,0,,2.32325,100.0,2e-05,
tpch,volume_only,17,mcusum,41,6,1.0,1.0,0.0,0,0,6,6,18,7,0.5714,2.32325,100.0,6e-05,
tpch,volume_only,17,sketch1,41,6,1.0,1.0,0.0,0,0,6,6,18,7,0.7619,2.32325,100.0,0.00073,
tpch,volume_only,18,dci_v2_P1,41,6,0.8333,0.8333,0.0,0,0,5,6,24,9,0.4857,2.32325,100.0,0.00117,
tpch,volume_only,18,dci_v2_P2,41,6,0.6667,0.8333,0.2,0,0,4,6,24,9,0.4048,1.28675,55.39,0.00104,
tpch,volume_only,18,dci_v2_P4,41,6,0.6667,0.8333,0.2,0,0,4,6,24,9,0.4143,0.79354,34.16,0.001,
tpch,volume_only,18,dci_v2_P8,41,6,0.6667,0.8333,0.2,0,0,4,6,24,9,0.4143,0.51977,22.37,0.00095,
tpch,volume_only,18,dci_v1,41,6,1.0,1.0,0.0,0,0,6,6,24,9,0.5714,2.32325,100.0,0.00159,
tpch,volume_only,18,always_multiD,41,6,1.0,1.0,0.0,0,0,6,6,24,9,0.6571,2.32325,100.0,0.00073,
tpch,volume_only,18,best_axis_oracle,41,6,1.0,1.0,0.0,0,0,6,6,0,0,1.0,0.00013,0.01,0.00252,S_V
tpch,volume_only,18,union4_raw,41,6,1.0,1.0,0.0,0,0,6,6,24,9,0.5381,0.11528,4.96,0.0021,
tpch,volume_only,18,union4_bonf,41,6,1.0,1.0,0.0,0,0,6,6,24,9,0.5381,0.11528,4.96,0.00209,
tpch,volume_only,18,every_k2,41,6,0.0,0.8333,1.0,0,0,0,6,14,4,,1.18996,51.22,4e-05,offset=0
tpch,volume_only,18,every_k3,41,6,0.0,0.8333,2.0,0,0,0,6,9,4,,0.79331,34.15,3e-05,offset=1
tpch,volume_only,18,every_k4,41,6,0.5,0.8333,0.8,0,0,3,6,5,3,,0.56665,24.39,2e-05,offset=3
tpch,volume_only,18,adwin,41,6,0.0,0.0,,0,0,0,6,0,0,,2.32325,100.0,2e-05,
tpch,volume_only,18,adwin_s,41,6,0.0,0.0,,0,0,0,6,0,0,,2.32325,100.0,2e-05,
tpch,volume_only,18,mcusum,41,6,1.0,1.0,0.0,0,0,6,6,24,9,0.6571,2.32325,100.0,6e-05,
tpch,volume_only,18,sketch1,41,6,1.0,1.0,0.0,0,0,6,6,24,9,0.8571,2.32325,100.0,0.00074,
tpch,volume_only,19,dci_v2_P1,41,6,0.8333,0.8333,0.0,0,0,5,6,17,8,0.5452,2.32325,100.0,0.00114,
tpch,volume_only,19,dci_v2_P2,41,6,0.3333,0.6667,0.5,0,0,2,6,17,8,0.3833,1.28675,55.39,0.00098,
tpch,volume_only,19,dci_v2_P4,41,6,0.6667,0.8333,0.2,0,0,4,6,17,8,0.4595,0.77444,33.33,0.00097,
tpch,volume_only,19,dci_v2_P8,41,6,1.0,1.0,0.0,0,0,6,6,17,8,0.6286,0.46035,19.82,0.00102,
tpch,volume_only,19,dci_v1,41,6,1.0,1.0,0.0,0,0,6,6,17,8,0.6048,2.32325,100.0,0.00158,
tpch,volume_only,19,always_multiD,41,6,1.0,1.0,0.0,0,0,6,6,17,8,0.5952,2.32325,100.0,0.00073,
tpch,volume_only,19,best_axis_oracle,41,6,1.0,1.0,0.0,0,0,6,6,0,0,1.0,0.00013,0.01,0.00246,S_V
tpch,volume_only,19,union4_raw,41,6,1.0,1.0,0.0,0,0,6,6,17,8,0.5833,0.11528,4.96,0.00197,
tpch,volume_only,19,union4_bonf,41,6,1.0,1.0,0.0,0,0,6,6,17,8,0.5833,0.11528,4.96,0.00198,
tpch,volume_only,19,every_k2,41,6,0.0,0.6667,1.5,0,0,0,6,9,4,,1.18996,51.22,4e-05,offset=0
tpch,volume_only,19,every_k3,41,6,1.0,1.0,0.0,0,0,6,6,2,0,,0.73664,31.71,3e-05,offset=2
tpch,volume_only,19,every_k4,41,6,0.0,0.3333,2.0,0,0,0,6,4,2,,0.62331,26.83,2e-05,offset=0
tpch,volume_only,19,adwin,41,6,0.0,0.0,,0,0,0,6,0,0,,2.32325,100.0,2e-05,
tpch,volume_only,19,adwin_s,41,6,0.0,0.0,,0,0,0,6,0,0,,2.32325,100.0,2e-05,
tpch,volume_only,19,mcusum,41,6,1.0,1.0,0.0,0,0,6,6,17,8,0.5952,2.32325,100.0,6e-05,
tpch,volume_only,19,sketch1,41,6,1.0,1.0,0.0,0,0,6,6,17,8,0.881,2.32325,100.0,0.00073,
tpch,volume_only,20,dci_v2_P1,41,6,0.3333,0.6667,0.5,0,0,2,6,20,8,0.2857,2.32325,100.0,0.00112,
tpch,volume_only,20,dci_v2_P2,41,6,0.3333,0.6667,0.5,0,0,2,6,20,8,0.2857,1.28675,55.39,0.00101,
tpch,volume_only,20,dci_v2_P4,41,6,0.3333,0.6667,0.5,0,0,2,6,20,8,0.2952,0.79354,34.16,0.00095,
tpch,volume_only,20,dci_v2_P8,41,6,0.3333,0.6667,0.5,0,0,2,6,20,8,0.2952,0.51977,22.37,0.00091,
tpch,volume_only,20,dci_v1,41,6,1.0,1.0,0.0,0,0,6,6,20,8,0.4905,2.32325,100.0,0.00159,
tpch,volume_only,20,always_multiD,41,6,1.0,1.0,0.0,0,0,6,6,20,8,0.5238,2.32325,100.0,0.00075,
tpch,volume_only,20,best_axis_oracle,41,6,1.0,1.0,0.0,0,0,6,6,0,0,1.0,0.00013,0.01,0.00246,S_V
tpch,volume_only,20,union4_raw,41,6,1.0,1.0,0.0,0,0,6,6,20,8,0.4857,0.11528,4.96,0.00206,
tpch,volume_only,20,union4_bonf,41,6,1.0,1.0,0.0,0,0,6,6,20,8,0.4857,0.11528,4.96,0.00205,
tpch,volume_only,20,every_k2,41,6,1.0,1.0,0.0,0,0,6,6,8,4,,1.13329,48.78,4e-05,offset=1
tpch,volume_only,20,every_k3,41,6,0.0,0.6667,2.0,0,0,0,6,8,4,,0.79331,34.15,3e-05,offset=1
tpch,volume_only,20,every_k4,41,6,0.5,0.8333,0.8,0,0,3,6,4,2,,0.56665,24.39,2e-05,offset=1
tpch,volume_only,20,adwin,41,6,0.0,0.0,,0,0,0,6,0,0,,2.32325,100.0,2e-05,
tpch,volume_only,20,adwin_s,41,6,0.0,0.0,,0,0,0,6,0,0,,2.32325,100.0,2e-05,
tpch,volume_only,20,mcusum,41,6,1.0,1.0,0.0,0,0,6,6,20,8,0.5238,2.32325,100.0,6e-05,
tpch,volume_only,20,sketch1,41,6,1.0,1.0,0.0,0,0,6,6,20,8,0.8095,2.32325,100.0,0.00075,
tpch,volume_only,21,dci_v2_P1,41,6,0.8333,0.8333,0.0,0,0,5,6,23,9,0.5405,2.32325,100.0,0.00119,
tpch,volume_only,21,dci_v2_P2,41,6,0.6667,0.8333,0.2,0,0,4,6,23,9,0.4333,1.28675,55.39,0.00104,
tpch,volume_only,21,dci_v2_P4,41,6,0.6667,0.8333,0.2,0,0,4,6,23,9,0.4429,0.79354,34.16,0.00099,
tpch,volume_only,21,dci_v2_P8,41,6,0.6667,0.8333,0.2,0,0,4,6,23,9,0.4429,0.51977,22.37,0.00095,
tpch,volume_only,21,dci_v1,41,6,1.0,1.0,0.0,0,0,6,6,23,9,0.6524,2.32325,100.0,0.00156,
tpch,volume_only,21,always_multiD,41,6,1.0,1.0,0.0,0,0,6,6,23,9,0.6714,2.32325,100.0,0.00073,
tpch,volume_only,21,best_axis_oracle,41,6,1.0,1.0,0.0,0,0,6,6,0,0,1.0,0.00013,0.01,0.00243,S_V
tpch,volume_only,21,union4_raw,41,6,1.0,1.0,0.0,0,0,6,6,23,9,0.5762,0.11528,4.96,0.00205,
tpch,volume_only,21,union4_bonf,41,6,1.0,1.0,0.0,0,0,6,6,23,9,0.5762,0.11528,4.96,0.00203,
tpch,volume_only,21,every_k2,41,6,1.0,1.0,0.0,0,0,6,6,10,5,,1.13329,48.78,4e-05,offset=1
tpch,volume_only,21,every_k3,41,6,0.0,0.8333,1.0,0,0,0,6,10,5,,0.79331,34.15,3e-05,offset=0
tpch,volume_only,21,every_k4,41,6,0.5,0.8333,0.8,0,0,3,6,5,3,,0.56665,24.39,2e-05,offset=1
tpch,volume_only,21,adwin,41,6,0.0,0.0,,0,0,0,6,0,0,,2.32325,100.0,2e-05,
tpch,volume_only,21,adwin_s,41,6,0.0,0.0,,0,0,0,6,0,0,,2.32325,100.0,2e-05,
tpch,volume_only,21,mcusum,41,6,1.0,1.0,0.0,0,0,6,6,23,9,0.6714,2.32325,100.0,6e-05,
tpch,volume_only,21,sketch1,41,6,1.0,1.0,0.0,0,0,6,6,23,9,0.8857,2.32325,100.0,0.00073,
tpch,volume_only,22,dci_v2_P1,41,6,0.8333,0.8333,0.0,0,0,5,6,20,7,0.5738,2.32325,100.0,0.00127,
tpch,volume_only,22,dci_v2_P2,41,6,0.6667,0.8333,0.2,0,0,4,6,20,7,0.4905,1.28675,55.39,0.00115,
tpch,volume_only,22,dci_v2_P4,41,6,0.6667,0.8333,0.2,0,0,4,6,20,7,0.5071,0.79354,34.16,0.00105,
tpch,volume_only,22,dci_v2_P8,41,6,0.6667,0.8333,0.2,0,0,4,6,20,7,0.5071,0.51977,22.37,0.00104,
tpch,volume_only,22,dci_v1,41,6,1.0,1.0,0.0,0,0,6,6,20,7,0.6619,2.32325,100.0,0.00174,
tpch,volume_only,22,always_multiD,41,6,1.0,1.0,0.0,0,0,6,6,20,7,0.7143,2.32325,100.0,0.00082,
tpch,volume_only,22,best_axis_oracle,41,6,1.0,1.0,0.0,0,0,6,6,0,0,1.0,0.00013,0.01,0.00265,S_V
tpch,volume_only,22,union4_raw,41,6,1.0,1.0,0.0,0,0,6,6,20,7,0.6429,0.11528,4.96,0.00225,
tpch,volume_only,22,union4_bonf,41,6,1.0,1.0,0.0,0,0,6,6,20,7,0.6429,0.11528,4.96,0.00225,
tpch,volume_only,22,every_k2,41,6,1.0,1.0,0.0,0,0,6,6,8,4,,1.13329,48.78,4e-05,offset=1
tpch,volume_only,22,every_k3,41,6,0.0,0.6667,2.0,0,0,0,6,7,3,,0.79331,34.15,3e-05,offset=1
tpch,volume_only,22,every_k4,41,6,0.5,0.8333,0.8,0,0,3,6,4,2,,0.56665,24.39,2e-05,offset=1
tpch,volume_only,22,adwin,41,6,0.0,0.0,,0,0,0,6,0,0,,2.32325,100.0,2e-05,
tpch,volume_only,22,adwin_s,41,6,0.0,0.0,,0,0,0,6,0,0,,2.32325,100.0,2e-05,
tpch,volume_only,22,mcusum,41,6,1.0,1.0,0.0,0,0,6,6,20,7,0.7143,2.32325,100.0,7e-05,
tpch,volume_only,22,sketch1,41,6,1.0,1.0,0.0,0,0,6,6,20,7,0.9143,2.32325,100.0,0.00079,
tpch,volume_only,23,dci_v2_P1,41,6,1.0,1.0,0.0,0,0,6,6,12,6,0.6952,2.32325,100.0,0.00119,
tpch,volume_only,23,dci_v2_P2,41,6,0.1667,0.5,1.0,0,0,1,6,12,6,0.3357,1.28463,55.29,0.00096,
tpch,volume_only,23,dci_v2_P4,41,6,0.1667,0.5,1.0,0,0,1,6,12,6,0.3357,0.79354,34.16,0.0009,
tpch,volume_only,23,dci_v2_P8,41,6,0.1667,0.5,1.0,0,0,1,6,12,6,0.3357,0.51977,22.37,0.00086,
tpch,volume_only,23,dci_v1,41,6,1.0,1.0,0.0,0,0,6,6,12,6,0.6952,2.32325,100.0,0.00157,
tpch,volume_only,23,always_multiD,41,6,1.0,1.0,0.0,0,0,6,6,12,6,0.6571,2.32325,100.0,0.00073,
tpch,volume_only,23,best_axis_oracle,41,6,1.0,1.0,0.0,0,0,6,6,0,0,1.0,0.00013,0.01,0.00237,S_V
tpch,volume_only,23,union4_raw,41,6,1.0,1.0,0.0,0,0,6,6,12,6,0.6571,0.11528,4.96,0.00199,
tpch,volume_only,23,union4_bonf,41,6,1.0,1.0,0.0,0,0,6,6,12,6,0.6571,0.11528,4.96,0.00201,
tpch,volume_only,23,every_k2,41,6,0.0,0.3333,2.0,0,0,0,6,6,3,,1.18996,51.22,4e-05,offset=0
tpch,volume_only,23,every_k3,41,6,0.0,0.1667,1.0,0,0,0,6,4,3,,0.79331,34.15,3e-05,offset=0
tpch,volume_only,23,every_k4,41,6,0.5,1.0,1.0,0,0,3,6,3,0,,0.56665,24.39,2e-05,offset=3
tpch,volume_only,23,adwin,41,6,0.0,0.0,,0,0,0,6,0,0,,2.32325,100.0,2e-05,
tpch,volume_only,23,adwin_s,41,6,0.0,0.0,,0,0,0,6,0,0,,2.32325,100.0,2e-05,
tpch,volume_only,23,mcusum,41,6,1.0,1.0,0.0,0,0,6,6,12,6,0.6571,2.32325,100.0,6e-05,
tpch,volume_only,23,sketch1,41,6,1.0,1.0,0.0,0,0,6,6,12,6,0.9429,2.32325,100.0,0.00074,
tpch,volume_only,24,dci_v2_P1,41,6,1.0,1.0,0.0,0,0,6,6,18,7,0.6381,2.32325,100.0,0.00124,
tpch,volume_only,24,dci_v2_P2,41,6,0.3333,0.6667,0.5,0,0,2,6,18,7,0.331,1.28675,55.39,0.00102,
tpch,volume_only,24,dci_v2_P4,41,6,0.3333,0.6667,0.5,0,0,2,6,18,7,0.3357,0.79354,34.16,0.00093,
tpch,volume_only,24,dci_v2_P8,41,6,0.3333,0.6667,0.5,0,0,2,6,18,7,0.3357,0.51977,22.37,0.00092,
tpch,volume_only,24,dci_v1,41,6,1.0,1.0,0.0,0,0,6,6,18,7,0.6381,2.32325,100.0,0.00155,
tpch,volume_only,24,always_multiD,41,6,1.0,1.0,0.0,0,0,6,6,18,7,0.5714,2.32325,100.0,0.00073,
tpch,volume_only,24,best_axis_oracle,41,6,1.0,1.0,0.0,0,0,6,6,0,0,1.0,0.00013,0.01,0.00247,S_V
tpch,volume_only,24,union4_raw,41,6,1.0,1.0,0.0,0,0,6,6,18,7,0.5571,0.11528,4.96,0.00205,
tpch,volume_only,24,union4_bonf,41,6,1.0,1.0,0.0,0,0,6,6,18,7,0.5571,0.11528,4.96,0.00204,
tpch,volume_only,24,every_k2,41,6,1.0,1.0,0.0,0,0,6,6,6,3,,1.13329,48.78,6e-05,offset=1
tpch,volume_only,24,every_k3,41,6,0.0,0.5,2.0,0,0,0,6,7,4,,0.79331,34.15,3e-05,offset=1
tpch,volume_only,24,every_k4,41,6,0.0,0.6667,2.0,0,0,0,6,6,2,,0.56665,24.39,2e-05,offset=2
tpch,volume_only,24,adwin,41,6,0.0,0.0,,0,0,0,6,0,0,,2.32325,100.0,2e-05,
tpch,volume_only,24,adwin_s,41,6,0.0,0.0,,0,0,0,6,0,0,,2.32325,100.0,2e-05,
tpch,volume_only,24,mcusum,41,6,1.0,1.0,0.0,0,0,6,6,18,7,0.5714,2.32325,100.0,6e-05,
tpch,volume_only,24,sketch1,41,6,1.0,1.0,0.0,0,0,6,6,18,7,0.9286,2.32325,100.0,0.00073,
tpch,volume_only,25,dci_v2_P1,41,6,0.5,0.6667,0.25,0,0,3,6,20,8,0.4214,2.32325,100.0,0.00115,
tpch,volume_only,25,dci_v2_P2,41,6,0.5,0.6667,0.25,0,0,3,6,20,8,0.419,1.28675,55.39,0.00101,
tpch,volume_only,25,dci_v2_P4,41,6,0.5,0.6667,0.25,0,0,3,6,20,8,0.4286,0.79354,34.16,0.00097,
tpch,volume_only,25,dci_v2_P8,41,6,0.5,0.6667,0.25,0,0,3,6,20,8,0.4286,0.51977,22.37,0.00092,
tpch,volume_only,25,dci_v1,41,6,1.0,1.0,0.0,0,0,6,6,20,8,0.6381,2.32325,100.0,0.00159,
tpch,volume_only,25,always_multiD,41,6,1.0,1.0,0.0,0,0,6,6,20,8,0.619,2.32325,100.0,0.00075,
tpch,volume_only,25,best_axis_oracle,41,6,1.0,1.0,0.0,0,0,6,6,0,0,1.0,0.00013,0.01,0.00247,S_V
tpch,volume_only,25,union4_raw,41,6,1.0,1.0,0.0,0,0,6,6,20,8,0.5833,0.11528,4.96,0.00208,
tpch,volume_only,25,union4_bonf,41,6,1.0,1.0,0.0,0,0,6,6,20,8,0.5833,0.11528,4.96,0.00206,
tpch,volume_only,25,every_k2,41,6,1.0,1.0,0.0,0,0,6,6,8,4,,1.13329,48.78,5e-05,offset=1
tpch,volume_only,25,every_k3,41,6,0.0,0.6667,2.0,0,0,0,6,8,4,,0.79331,34.15,3e-05,offset=1
tpch,volume_only,25,every_k4,41,6,0.5,0.8333,0.8,0,0,3,6,4,2,,0.56665,24.39,2e-05,offset=3
tpch,volume_only,25,adwin,41,6,0.0,0.0,,0,0,0,6,0,0,,2.32325,100.0,2e-05,
tpch,volume_only,25,adwin_s,41,6,0.0,0.0,,0,0,0,6,0,0,,2.32325,100.0,2e-05,
tpch,volume_only,25,mcusum,41,6,1.0,1.0,0.0,0,0,6,6,20,8,0.619,2.32325,100.0,6e-05,
tpch,volume_only,25,sketch1,41,6,1.0,1.0,0.0,0,0,6,6,20,8,0.9048,2.32325,100.0,0.00076,
tpch,volume_only,26,dci_v2_P1,41,6,1.0,1.0,0.0,0,0,6,6,24,9,0.6667,2.32325,100.0,0.00125,
tpch,volume_only,26,dci_v2_P2,41,6,0.5,0.8333,0.4,0,0,3,6,24,9,0.3714,1.28675,55.39,0.00104,
tpch,volume_only,26,dci_v2_P4,41,6,0.5,0.8333,0.4,0,0,3,6,24,9,0.3762,0.79354,34.16,0.001,
tpch,volume_only,26,dci_v2_P8,41,6,0.5,0.8333,0.4,0,0,3,6,24,9,0.3762,0.51977,22.37,0.00097,
tpch,volume_only,26,dci_v1,41,6,1.0,1.0,0.0,0,0,6,6,24,9,0.6905,2.32325,100.0,0.00159,
tpch,volume_only,26,always_multiD,41,6,1.0,1.0,0.0,0,0,6,6,24,9,0.6429,2.32325,100.0,0.00073,
tpch,volume_only,26,best_axis_oracle,41,6,1.0,1.0,0.0,0,0,6,6,0,0,1.0,0.00013,0.01,0.0025,S_V
tpch,volume_only,26,union4_raw,41,6,1.0,1.0,0.0,0,0,6,6,24,9,0.6214,0.11528,4.96,0.00211,
tpch,volume_only,26,union4_bonf,41,6,1.0,1.0,0.0,0,0,6,6,24,9,0.6214,0.11528,4.96,0.0021,
tpch,volume_only,26,every_k2,41,6,0.0,0.8333,1.0,0,0,0,6,15,5,,1.18996,51.22,5e-05,offset=0
tpch,volume_only,26,every_k3,41,6,0.0,0.8333,2.0,0,0,0,6,10,5,,0.79331,34.15,3e-05,offset=1
tpch,volume_only,26,every_k4,41,6,0.5,1.0,1.0,0,0,3,6,5,2,,0.56665,24.39,2e-05,offset=3
tpch,volume_only,26,adwin,41,6,0.0,0.0,,0,0,0,6,0,0,,2.32325,100.0,2e-05,
tpch,volume_only,26,adwin_s,41,6,0.0,0.0,,0,0,0,6,0,0,,2.32325,100.0,2e-05,
tpch,volume_only,26,mcusum,41,6,1.0,1.0,0.0,0,0,6,6,24,9,0.6429,2.32325,100.0,6e-05,
tpch,volume_only,26,sketch1,41,6,1.0,1.0,0.0,0,0,6,6,24,9,0.9571,2.32325,100.0,0.00076,
tpch,volume_only,27,dci_v2_P1,41,6,0.6667,0.6667,0.0,0,0,4,6,19,7,0.531,2.32325,100.0,0.00113,
tpch,volume_only,27,dci_v2_P2,41,6,0.5,0.6667,0.25,0,0,3,6,19,7,0.4381,1.28675,55.39,0.00099,
tpch,volume_only,27,dci_v2_P4,41,6,0.5,0.6667,0.25,0,0,3,6,19,7,0.4476,0.79354,34.16,0.00093,
tpch,volume_only,27,dci_v2_P8,41,6,0.5,0.6667,0.25,0,0,3,6,19,7,0.4476,0.51977,22.37,0.00093,
tpch,volume_only,27,dci_v1,41,6,1.0,1.0,0.0,0,0,6,6,19,7,0.6524,2.32325,100.0,0.00157,
tpch,volume_only,27,always_multiD,41,6,1.0,1.0,0.0,0,0,6,6,19,7,0.6381,2.32325,100.0,0.00073,
tpch,volume_only,27,best_axis_oracle,41,6,1.0,1.0,0.0,0,0,6,6,0,0,1.0,0.00013,0.01,0.00248,S_V
tpch,volume_only,27,union4_raw,41,6,1.0,1.0,0.0,0,0,6,6,19,7,0.6095,0.11528,4.96,0.00207,
tpch,volume_only,27,union4_bonf,41,6,1.0,1.0,0.0,0,0,6,6,19,7,0.6095,0.11528,4.96,0.00205,
tpch,volume_only,27,every_k2,41,6,0.0,0.6667,1.0,0,0,0,6,11,3,,1.18996,51.22,4e-05,offset=0
tpch,volume_only,27,every_k3,41,6,0.0,0.6667,2.0,0,0,0,6,7,3,,0.79331,34.15,3e-05,offset=1
tpch,volume_only,27,every_k4,41,6,0.5,0.8333,0.8,0,0,3,6,4,2,,0.56665,24.39,2e-05,offset=1
tpch,volume_only,27,adwin,41,6,0.0,0.0,,0,0,0,6,0,0,,2.32325,100.0,2e-05,
tpch,volume_only,27,adwin_s,41,6,0.0,0.0,,0,0,0,6,0,0,,2.32325,100.0,2e-05,
tpch,volume_only,27,mcusum,41,6,1.0,1.0,0.0,0,0,6,6,19,7,0.6381,2.32325,100.0,6e-05,
tpch,volume_only,27,sketch1,41,6,1.0,1.0,0.0,0,0,6,6,19,7,0.9238,2.32325,100.0,0.00075,
tpch,volume_only,28,dci_v2_P1,41,6,0.8333,0.8333,0.0,0,0,5,6,17,6,0.5119,2.32325,100.0,0.00119,
tpch,volume_only,28,dci_v2_P2,41,6,0.3333,0.6667,0.5,0,0,2,6,17,6,0.3405,1.28675,55.39,0.001,
tpch,volume_only,28,dci_v2_P4,41,6,0.3333,0.6667,0.5,0,0,2,6,17,6,0.3357,0.79354,34.16,0.00095,
tpch,volume_only,28,dci_v2_P8,41,6,0.3333,0.6667,0.5,0,0,2,6,17,6,0.3357,0.51977,22.37,0.00089,
tpch,volume_only,28,dci_v1,41,6,1.0,1.0,0.0,0,0,6,6,17,6,0.6048,2.32325,100.0,0.00161,
tpch,volume_only,28,always_multiD,41,6,1.0,1.0,0.0,0,0,6,6,17,6,0.5952,2.32325,100.0,0.00075,
tpch,volume_only,28,best_axis_oracle,41,6,1.0,1.0,0.0,0,0,6,6,0,0,1.0,0.00013,0.01,0.00245,S_V
tpch,volume_only,28,union4_raw,41,6,1.0,1.0,0.0,0,0,6,6,17,6,0.5667,0.11528,4.96,0.00205,
tpch,volume_only,28,union4_bonf,41,6,1.0,1.0,0.0,0,0,6,6,17,6,0.5667,0.11528,4.96,0.00203,
tpch,volume_only,28,every_k2,41,6,0.0,0.6667,1.0,0,0,0,6,11,3,,1.18996,51.22,4e-05,offset=0
tpch,volume_only,28,every_k3,41,6,0.0,0.5,2.0,0,0,0,6,6,3,,0.79331,34.15,3e-05,offset=1
tpch,volume_only,28,every_k4,41,6,0.0,0.6667,2.0,0,0,0,6,5,1,,0.62331,26.83,2e-05,offset=0
tpch,volume_only,28,adwin,41,6,0.0,0.0,,0,0,0,6,0,0,,2.32325,100.0,2e-05,
tpch,volume_only,28,adwin_s,41,6,0.0,0.0,,0,0,0,6,0,0,,2.32325,100.0,2e-05,
tpch,volume_only,28,mcusum,41,6,1.0,1.0,0.0,0,0,6,6,17,6,0.5952,2.32325,100.0,6e-05,
tpch,volume_only,28,sketch1,41,6,1.0,1.0,0.0,0,0,6,6,17,6,0.8571,2.32325,100.0,0.00076,
tpch,volume_only,29,dci_v2_P1,41,6,1.0,1.0,0.0,0,0,6,6,18,8,0.5905,2.32325,100.0,0.00122,
tpch,volume_only,29,dci_v2_P2,41,6,0.3333,0.6667,0.5,0,0,2,6,18,8,0.3524,1.28251,55.2,0.00099,
tpch,volume_only,29,dci_v2_P4,41,6,0.6667,0.8333,0.2,0,0,4,6,18,8,0.4333,0.77444,33.33,0.001,
tpch,volume_only,29,dci_v2_P8,41,6,1.0,1.0,0.0,0,0,6,6,18,8,0.6048,0.47521,20.45,0.00102,
tpch,volume_only,29,dci_v1,41,6,1.0,1.0,0.0,0,0,6,6,18,8,0.5952,2.32325,100.0,0.00158,
tpch,volume_only,29,always_multiD,41,6,1.0,1.0,0.0,0,0,6,6,18,8,0.5714,2.32325,100.0,0.00075,
tpch,volume_only,29,best_axis_oracle,41,6,1.0,1.0,0.0,0,0,6,6,0,0,1.0,0.00013,0.01,0.00246,S_V
tpch,volume_only,29,union4_raw,41,6,1.0,1.0,0.0,0,0,6,6,18,8,0.5595,0.11528,4.96,0.00211,
tpch,volume_only,29,union4_bonf,41,6,1.0,1.0,0.0,0,0,6,6,18,8,0.5595,0.11528,4.96,0.00199,
tpch,volume_only,29,every_k2,41,6,1.0,1.0,0.0,0,0,6,6,8,4,,1.13329,48.78,5e-05,offset=1
tpch,volume_only,29,every_k3,41,6,0.0,0.6667,2.0,0,0,0,6,8,4,,0.79331,34.15,3e-05,offset=1
tpch,volume_only,29,every_k4,41,6,0.0,0.5,2.33,0,0,0,6,4,1,,0.62331,26.83,3e-05,offset=0
tpch,volume_only,29,adwin,41,6,0.0,0.0,,0,0,0,6,0,0,,2.32325,100.0,2e-05,
tpch,volume_only,29,adwin_s,41,6,0.0,0.0,,0,0,0,6,0,0,,2.32325,100.0,2e-05,
tpch,volume_only,29,mcusum,41,6,1.0,1.0,0.0,0,0,6,6,18,8,0.5714,2.32325,100.0,5e-05,
tpch,volume_only,29,sketch1,41,6,1.0,1.0,0.0,0,0,6,6,18,8,0.881,2.32325,100.0,0.00073,
tpch,volume_only,30,dci_v2_P1,41,6,0.6667,0.6667,0.0,0,0,4,6,19,8,0.5048,2.32325,100.0,0.00114,
tpch,volume_only,30,dci_v2_P2,41,6,0.5,0.6667,0.25,0,0,3,6,19,8,0.4238,1.28675,55.39,0.00102,
tpch,volume_only,30,dci_v2_P4,41,6,0.5,0.6667,0.25,0,0,3,6,19,8,0.4333,0.79354,34.16,0.00097,
tpch,volume_only,30,dci_v2_P8,41,6,0.5,0.6667,0.25,0,0,3,6,19,8,0.4333,0.51977,22.37,0.00094,
tpch,volume_only,30,dci_v1,41,6,1.0,1.0,0.0,0,0,6,6,19,8,0.6286,2.32325,100.0,0.0016,
tpch,volume_only,30,always_multiD,41,6,1.0,1.0,0.0,0,0,6,6,19,8,0.6381,2.32325,100.0,0.00075,
tpch,volume_only,30,best_axis_oracle,41,6,1.0,1.0,0.0,0,0,6,6,0,0,1.0,0.00013,0.01,0.00248,S_V
tpch,volume_only,30,union4_raw,41,6,1.0,1.0,0.0,0,0,6,6,19,8,0.5881,0.11528,4.96,0.00207,
tpch,volume_only,30,union4_bonf,41,6,1.0,1.0,0.0,0,0,6,6,19,8,0.5881,0.11528,4.96,0.00207,
tpch,volume_only,30,every_k2,41,6,1.0,1.0,0.0,0,0,6,6,8,4,,1.13329,48.78,4e-05,offset=1
tpch,volume_only,30,every_k3,41,6,0.0,0.6667,2.0,0,0,0,6,8,4,,0.79331,34.15,3e-05,offset=1
tpch,volume_only,30,every_k4,41,6,0.0,0.6667,2.5,0,0,0,6,5,1,,0.62331,26.83,3e-05,offset=0
tpch,volume_only,30,adwin,41,6,0.0,0.0,,0,0,0,6,0,0,,2.32325,100.0,2e-05,
tpch,volume_only,30,adwin_s,41,6,0.0,0.0,,0,0,0,6,0,0,,2.32325,100.0,2e-05,
tpch,volume_only,30,mcusum,41,6,1.0,1.0,0.0,0,0,6,6,19,8,0.6381,2.32325,100.0,6e-05,
tpch,volume_only,30,sketch1,41,6,1.0,1.0,0.0,0,0,6,6,19,8,0.8667,2.32325,100.0,0.00076,
tpch,volume_only,31,dci_v2_P1,41,6,0.5,0.6667,0.25,0,0,3,6,19,7,0.4262,2.32325,100.0,0.00111,
tpch,volume_only,31,dci_v2_P2,41,6,0.5,0.6667,0.25,0,0,3,6,19,7,0.419,1.28675,55.39,0.00101,
tpch,volume_only,31,dci_v2_P4,41,6,0.5,0.6667,0.25,0,0,3,6,19,7,0.4286,0.79354,34.16,0.00095,
tpch,volume_only,31,dci_v2_P8,41,6,0.5,0.6667,0.25,0,0,3,6,19,7,0.4286,0.51977,22.37,0.00092,
tpch,volume_only,31,dci_v1,41,6,1.0,1.0,0.0,0,0,6,6,19,7,0.6048,2.32325,100.0,0.00159,
tpch,volume_only,31,always_multiD,41,6,1.0,1.0,0.0,0,0,6,6,19,7,0.6381,2.32325,100.0,0.00073,
tpch,volume_only,31,best_axis_oracle,41,6,1.0,1.0,0.0,0,0,6,6,0,0,1.0,0.00013,0.01,0.00248,S_V
tpch,volume_only,31,union4_raw,41,6,1.0,1.0,0.0,0,0,6,6,19,7,0.581,0.11528,4.96,0.00207,
tpch,volume_only,31,union4_bonf,41,6,1.0,1.0,0.0,0,0,6,6,19,7,0.581,0.11528,4.96,0.00206,
tpch,volume_only,31,every_k2,41,6,0.0,0.6667,1.0,0,0,0,6,12,4,,1.18996,51.22,5e-05,offset=0
tpch,volume_only,31,every_k3,41,6,0.0,0.6667,2.0,0,0,0,6,8,4,,0.79331,34.15,3e-05,offset=1
tpch,volume_only,31,every_k4,41,6,0.0,0.6667,2.5,0,0,0,6,5,1,,0.62331,26.83,2e-05,offset=0
tpch,volume_only,31,adwin,41,6,0.0,0.0,,0,0,0,6,0,0,,2.32325,100.0,2e-05,
tpch,volume_only,31,adwin_s,41,6,0.0,0.0,,0,0,0,6,0,0,,2.32325,100.0,2e-05,
tpch,volume_only,31,mcusum,41,6,1.0,1.0,0.0,0,0,6,6,19,7,0.6381,2.32325,100.0,6e-05,
tpch,volume_only,31,sketch1,41,6,1.0,1.0,0.0,0,0,6,6,19,7,0.8476,2.32325,100.0,0.00075,
tpch,volume_only,32,dci_v2_P1,41,6,0.6667,0.8333,0.2,0,0,4,6,23,9,0.4833,2.32325,100.0,0.00115,
tpch,volume_only,32,dci_v2_P2,41,6,0.6667,0.8333,0.2,0,0,4,6,23,9,0.4548,1.28675,55.39,0.00103,
tpch,volume_only,32,dci_v2_P4,41,6,0.6667,0.8333,0.2,0,0,4,6,23,9,0.4643,0.79354,34.16,0.001,
tpch,volume_only,32,dci_v2_P8,41,6,0.6667,0.8333,0.2,0,0,4,6,23,9,0.4643,0.51977,22.37,0.00095,
tpch,volume_only,32,dci_v1,41,6,1.0,1.0,0.0,0,0,6,6,23,9,0.6667,2.32325,100.0,0.0016,
tpch,volume_only,32,always_multiD,41,6,1.0,1.0,0.0,0,0,6,6,23,9,0.6714,2.32325,100.0,0.00073,
tpch,volume_only,32,best_axis_oracle,41,6,1.0,1.0,0.0,0,0,6,6,0,0,1.0,0.00013,0.01,0.00249,S_V
tpch,volume_only,32,union4_raw,41,6,1.0,1.0,0.0,0,0,6,6,23,9,0.6119,0.11528,4.96,0.00211,
tpch,volume_only,32,union4_bonf,41,6,1.0,1.0,0.0,0,0,6,6,23,9,0.6119,0.11528,4.96,0.0021,
tpch,volume_only,32,every_k2,41,6,0.0,0.8333,1.0,0,0,0,6,13,4,,1.18996,51.22,4e-05,offset=0
tpch,volume_only,32,every_k3,41,6,0.0,0.8333,1.0,0,0,0,6,10,5,,0.79331,34.15,3e-05,offset=0
tpch,volume_only,32,every_k4,41,6,0.0,0.8333,2.2,0,0,0,6,6,1,,0.62331,26.83,2e-05,offset=0
tpch,volume_only,32,adwin,41,6,0.0,0.0,,0,0,0,6,0,0,,2.32325,100.0,2e-05,
tpch,volume_only,32,adwin_s,41,6,0.0,0.0,,0,0,0,6,0,0,,2.32325,100.0,2e-05,
tpch,volume_only,32,mcusum,41,6,1.0,1.0,0.0,0,0,6,6,23,9,0.6714,2.32325,100.0,5e-05,
tpch,volume_only,32,sketch1,41,6,1.0,1.0,0.0,0,0,6,6,23,9,0.9286,2.32325,100.0,0.00076,
tpch,volume_only,33,dci_v2_P1,41,6,1.0,1.0,0.0,0,0,6,6,11,4,0.7286,2.32325,100.0,0.00124,
tpch,volume_only,33,dci_v2_P2,41,6,0.1667,0.5,1.0,0,0,1,6,11,4,0.3643,1.28675,55.39,0.00093,
tpch,volume_only,33,dci_v2_P4,41,6,0.5,0.6667,0.5,0,0,3,6,11,4,0.45,0.77444,33.33,0.00092,
tpch,volume_only,33,dci_v2_P8,41,6,0.8333,0.8333,0.0,0,0,5,6,11,4,0.5905,0.47521,20.45,0.00094,
tpch,volume_only,33,dci_v1,41,6,1.0,1.0,0.0,0,0,6,6,11,4,0.7286,2.32325,100.0,0.00153,
tpch,volume_only,33,always_multiD,41,6,1.0,1.0,0.0,0,0,6,6,11,4,0.6857,2.32325,100.0,0.00072,
tpch,volume_only,33,best_axis_oracle,41,6,1.0,1.0,0.0,0,0,6,6,0,0,1.0,0.00013,0.01,0.00233,S_V
tpch,volume_only,33,union4_raw,41,6,1.0,1.0,0.0,0,0,6,6,11,4,0.6857,0.11528,4.96,0.00199,
tpch,volume_only,33,union4_bonf,41,6,1.0,1.0,0.0,0,0,6,6,11,4,0.6857,0.11528,4.96,0.00198,
tpch,volume_only,33,every_k2,41,6,1.0,1.0,0.0,0,0,6,6,5,2,,1.13329,48.78,4e-05,offset=1
tpch,volume_only,33,every_k3,41,6,1.0,1.0,0.0,0,0,6,6,2,0,,0.73664,31.71,3e-05,offset=2
tpch,volume_only,33,every_k4,41,6,0.0,0.3333,1.0,0,0,0,6,4,2,,0.56665,24.39,2e-05,offset=2
tpch,volume_only,33,adwin,41,6,0.0,0.0,,0,0,0,6,0,0,,2.32325,100.0,2e-05,
tpch,volume_only,33,adwin_s,41,6,0.0,0.0,,0,0,0,6,0,0,,2.32325,100.0,2e-05,
tpch,volume_only,33,mcusum,41,6,1.0,1.0,0.0,0,0,6,6,11,4,0.6857,2.32325,100.0,6e-05,
tpch,volume_only,33,sketch1,41,6,1.0,1.0,0.0,0,0,6,6,11,4,0.9714,2.32325,100.0,0.00075,
tpch,volume_only,34,dci_v2_P1,41,6,0.6667,0.6667,0.0,0,0,4,6,12,4,0.5571,2.32325,100.0,0.00114,
tpch,volume_only,34,dci_v2_P2,41,6,0.1667,0.5,1.0,0,0,1,6,12,4,0.3476,1.28675,55.39,0.00095,
tpch,volume_only,34,dci_v2_P4,41,6,0.1667,0.5,1.0,0,0,1,6,12,4,0.3476,0.79354,34.16,0.0009,
tpch,volume_only,34,dci_v2_P8,41,6,0.1667,0.5,1.0,0,0,1,6,12,4,0.3476,0.51977,22.37,0.00087,
tpch,volume_only,34,dci_v1,41,6,1.0,1.0,0.0,0,0,6,6,12,4,0.681,2.32325,100.0,0.00159,
tpch,volume_only,34,always_multiD,41,6,1.0,1.0,0.0,0,0,6,6,12,4,0.6571,2.32325,100.0,0.00077,
tpch,volume_only,34,best_axis_oracle,41,6,1.0,1.0,0.0,0,0,6,6,0,0,1.0,0.00013,0.01,0.00234,S_V
tpch,volume_only,34,union4_raw,41,6,1.0,1.0,0.0,0,0,6,6,12,4,0.6571,0.11528,4.96,0.00195,
tpch,volume_only,34,union4_bonf,41,6,1.0,1.0,0.0,0,0,6,6,12,4,0.6571,0.11528,4.96,0.00198,
tpch,volume_only,34,every_k2,41,6,0.0,0.5,1.67,0,0,0,6,7,2,,1.18996,51.22,4e-05,offset=0
tpch,volume_only,34,every_k3,41,6,1.0,1.0,0.0,0,0,6,6,3,0,,0.73664,31.71,3e-05,offset=2
tpch,volume_only,34,every_k4,41,6,0.0,0.5,3.0,0,0,0,6,3,0,,0.62331,26.83,2e-05,offset=0
tpch,volume_only,34,adwin,41,6,0.0,0.0,,0,0,0,6,0,0,,2.32325,100.0,2e-05,
tpch,volume_only,34,adwin_s,41,6,0.0,0.0,,0,0,0,6,0,0,,2.32325,100.0,2e-05,
tpch,volume_only,34,mcusum,41,6,1.0,1.0,0.0,0,0,6,6,12,4,0.6571,2.32325,100.0,6e-05,
tpch,volume_only,34,sketch1,41,6,1.0,1.0,0.0,0,0,6,6,12,4,0.8571,2.32325,100.0,0.00074,
tpch,volume_only,35,dci_v2_P1,41,6,0.8333,0.8333,0.0,0,0,5,6,22,10,0.5714,2.32325,100.0,0.00117,
tpch,volume_only,35,dci_v2_P2,41,6,0.6667,0.8333,0.4,0,0,4,6,22,10,0.4024,1.28675,55.39,0.00105,
tpch,volume_only,35,dci_v2_P4,41,6,0.6667,0.8333,0.4,0,0,4,6,22,10,0.4167,0.79354,34.16,0.00099,
tpch,volume_only,35,dci_v2_P8,41,6,0.6667,0.8333,0.4,0,0,4,6,22,10,0.4167,0.51977,22.37,0.00096,
tpch,volume_only,35,dci_v1,41,6,1.0,1.0,0.0,0,0,6,6,22,10,0.6333,2.32325,100.0,0.00163,
tpch,volume_only,35,always_multiD,41,6,1.0,1.0,0.0,0,0,6,6,22,10,0.6857,2.32325,100.0,0.00075,
tpch,volume_only,35,best_axis_oracle,41,6,1.0,1.0,0.0,0,0,6,6,0,0,1.0,0.00013,0.01,0.00251,S_V
tpch,volume_only,35,union4_raw,41,6,1.0,1.0,0.0,0,0,6,6,22,10,0.5857,0.11528,4.96,0.00211,
tpch,volume_only,35,union4_bonf,41,6,1.0,1.0,0.0,0,0,6,6,22,10,0.5857,0.11528,4.96,0.0021,
tpch,volume_only,35,every_k2,41,6,0.0,0.8333,1.8,0,0,0,6,13,5,,1.18996,51.22,4e-05,offset=0
tpch,volume_only,35,every_k3,41,6,1.0,1.0,0.0,0,0,6,6,5,0,,0.73664,31.71,3e-05,offset=2
tpch,volume_only,35,every_k4,41,6,0.0,0.5,2.33,0,0,0,6,6,3,,0.56665,24.39,3e-05,offset=2
tpch,volume_only,35,adwin,41,6,0.0,0.0,,0,0,0,6,0,0,,2.32325,100.0,2e-05,
tpch,volume_only,35,adwin_s,41,6,0.0,0.0,,0,0,0,6,0,0,,2.32325,100.0,2e-05,
tpch,volume_only,35,mcusum,41,6,1.0,1.0,0.0,0,0,6,6,22,10,0.6857,2.32325,100.0,6e-05,
tpch,volume_only,35,sketch1,41,6,1.0,1.0,0.0,0,0,6,6,22,10,0.9,2.32325,100.0,0.00074,
tpch,volume_only,36,dci_v2_P1,41,6,1.0,1.0,0.0,0,0,6,6,13,5,0.6667,2.32325,100.0,0.00121,
tpch,volume_only,36,dci_v2_P2,41,6,0.1667,0.5,0.67,0,0,1,6,13,5,0.331,1.28675,55.39,0.00094,
tpch,volume_only,36,dci_v2_P4,41,6,0.1667,0.5,0.67,0,0,1,6,13,5,0.331,0.79354,34.16,0.0009,
tpch,volume_only,36,dci_v2_P8,41,6,0.1667,0.5,0.67,0,0,1,6,13,5,0.331,0.51977,22.37,0.00088,
tpch,volume_only,36,dci_v1,41,6,1.0,1.0,0.0,0,0,6,6,13,5,0.6667,2.32325,100.0,0.00159,
tpch,volume_only,36,always_multiD,41,6,1.0,1.0,0.0,0,0,6,6,13,5,0.6286,2.32325,100.0,0.00072,
tpch,volume_only,36,best_axis_oracle,41,6,1.0,1.0,0.0,0,0,6,6,0,0,1.0,0.00013,0.01,0.00243,S_V
tpch,volume_only,36,union4_raw,41,6,1.0,1.0,0.0,0,0,6,6,13,5,0.6286,0.11528,4.96,0.00201,
tpch,volume_only,36,union4_bonf,41,6,1.0,1.0,0.0,0,0,6,6,13,5,0.6286,0.11528,4.96,0.002,
tpch,volume_only,36,every_k2,41,6,0.0,0.5,1.0,0,0,0,6,8,3,,1.18996,51.22,5e-05,offset=0
tpch,volume_only,36,every_k3,41,6,0.0,0.5,1.0,0,0,0,6,5,2,,0.79331,34.15,3e-05,offset=0
tpch,volume_only,36,every_k4,41,6,0.5,0.5,0.0,0,0,3,6,2,2,,0.56665,24.39,3e-05,offset=1
tpch,volume_only,36,adwin,41,6,0.0,0.0,,0,0,0,6,0,0,,2.32325,100.0,2e-05,
tpch,volume_only,36,adwin_s,41,6,0.0,0.0,,0,0,0,6,0,0,,2.32325,100.0,2e-05,
tpch,volume_only,36,mcusum,41,6,1.0,1.0,0.0,0,0,6,6,13,5,0.6286,2.32325,100.0,5e-05,
tpch,volume_only,36,sketch1,41,6,1.0,1.0,0.0,0,0,6,6,13,5,0.9429,2.32325,100.0,0.00074,
tpch,volume_only,37,dci_v2_P1,41,6,0.8333,0.8333,0.0,0,0,5,6,13,6,0.5833,2.32325,100.0,0.00117,
tpch,volume_only,37,dci_v2_P2,41,6,0.1667,0.5,1.0,0,0,1,6,13,6,0.331,1.28675,55.39,0.00097,
tpch,volume_only,37,dci_v2_P4,41,6,0.1667,0.5,1.0,0,0,1,6,13,6,0.331,0.79354,34.16,0.00092,
tpch,volume_only,37,dci_v2_P8,41,6,0.1667,0.5,1.0,0,0,1,6,13,6,0.331,0.51977,22.37,0.00088,
tpch,volume_only,37,dci_v1,41,6,1.0,1.0,0.0,0,0,6,6,13,6,0.6429,2.32325,100.0,0.00157,
tpch,volume_only,37,always_multiD,41,6,1.0,1.0,0.0,0,0,6,6,13,6,0.6286,2.32325,100.0,0.00075,
tpch,volume_only,37,best_axis_oracle,41,6,1.0,1.0,0.0,0,0,6,6,0,0,1.0,0.00013,0.01,0.00243,S_V
tpch,volume_only,37,union4_raw,41,6,1.0,1.0,0.0,0,0,6,6,13,6,0.6286,0.11528,4.96,0.00202,
tpch,volume_only,37,union4_bonf,41,6,1.0,1.0,0.0,0,0,6,6,13,6,0.6286,0.11528,4.96,0.00202,
tpch,volume_only,37,every_k2,41,6,1.0,1.0,0.0,0,0,6,6,6,3,,1.13329,48.78,5e-05,offset=1
tpch,volume_only,37,every_k3,41,6,0.0,0.5,2.0,0,0,0,6,6,3,,0.79331,34.15,3e-05,offset=1
tpch,volume_only,37,every_k4,41,6,0.5,1.0,1.0,0,0,3,6,3,0,,0.56665,24.39,2e-05,offset=3
tpch,volume_only,37,adwin,41,6,0.0,0.0,,0,0,0,6,0,0,,2.32325,100.0,2e-05,
tpch,volume_only,37,adwin_s,41,6,0.0,0.0,,0,0,0,6,0,0,,2.32325,100.0,2e-05,
tpch,volume_only,37,mcusum,41,6,1.0,1.0,0.0,0,0,6,6,13,6,0.6286,2.32325,100.0,6e-05,
tpch,volume_only,37,sketch1,41,6,1.0,1.0,0.0,0,0,6,6,13,6,0.9143,2.32325,100.0,0.00073,
tpch,volume_only,38,dci_v2_P1,41,6,1.0,1.0,0.0,0,0,6,6,14,5,0.6333,2.32325,100.0,0.00127,
tpch,volume_only,38,dci_v2_P2,41,6,0.1667,0.5,0.67,0,0,1,6,14,5,0.3143,1.28675,55.39,0.00098,
tpch,volume_only,38,dci_v2_P4,41,6,0.1667,0.5,0.67,0,0,1,6,14,5,0.3143,0.79354,34.16,0.00092,
tpch,volume_only,38,dci_v2_P8,41,6,0.1667,0.5,0.67,0,0,1,6,14,5,0.3143,0.51977,22.37,0.0009,
tpch,volume_only,38,dci_v1,41,6,1.0,1.0,0.0,0,0,6,6,14,5,0.6333,2.32325,100.0,0.00161,
tpch,volume_only,38,always_multiD,41,6,1.0,1.0,0.0,0,0,6,6,14,5,0.6,2.32325,100.0,0.00076,
tpch,volume_only,38,best_axis_oracle,41,6,1.0,1.0,0.0,0,0,6,6,0,0,1.0,0.00013,0.01,0.00245,S_V
tpch,volume_only,38,union4_raw,41,6,1.0,1.0,0.0,0,0,6,6,14,5,0.6,0.11528,4.96,0.00205,
tpch,volume_only,38,union4_bonf,41,6,1.0,1.0,0.0,0,0,6,6,14,5,0.6,0.11528,4.96,0.00204,
tpch,volume_only,38,every_k2,41,6,0.0,0.5,1.0,0,0,0,6,8,2,,1.18996,51.22,6e-05,offset=0
tpch,volume_only,38,every_k3,41,6,1.0,1.0,0.0,0,0,6,6,3,0,,0.73664,31.71,3e-05,offset=2
tpch,volume_only,38,every_k4,41,6,0.0,0.5,1.0,0,0,0,6,5,2,,0.56665,24.39,3e-05,offset=2
tpch,volume_only,38,adwin,41,6,0.0,0.0,,0,0,0,6,0,0,,2.32325,100.0,3e-05,
tpch,volume_only,38,adwin_s,41,6,0.0,0.0,,0,0,0,6,0,0,,2.32325,100.0,2e-05,
tpch,volume_only,38,mcusum,41,6,1.0,1.0,0.0,0,0,6,6,14,5,0.6,2.32325,100.0,6e-05,
tpch,volume_only,38,sketch1,41,6,1.0,1.0,0.0,0,0,6,6,14,5,0.9143,2.32325,100.0,0.00074,
tpch,volume_only,39,dci_v2_P1,41,6,0.8333,0.8333,0.0,0,0,5,6,16,8,0.5714,2.32325,100.0,0.00123,
tpch,volume_only,39,dci_v2_P2,41,6,0.3333,0.6667,0.5,0,0,2,6,16,8,0.3357,1.28463,55.29,0.00101,
tpch,volume_only,39,dci_v2_P4,41,6,0.3333,0.6667,0.5,0,0,2,6,16,8,0.3357,0.79354,34.16,0.00095,
tpch,volume_only,39,dci_v2_P8,41,6,0.3333,0.6667,0.5,0,0,2,6,16,8,0.3357,0.51977,22.37,0.00092,
tpch,volume_only,39,dci_v1,41,6,1.0,1.0,0.0,0,0,6,6,16,8,0.6238,2.32325,100.0,0.0016,
tpch,volume_only,39,always_multiD,41,6,1.0,1.0,0.0,0,0,6,6,16,8,0.619,2.32325,100.0,0.00074,
tpch,volume_only,39,best_axis_oracle,41,6,1.0,1.0,0.0,0,0,6,6,0,0,1.0,0.00013,0.01,0.00247,S_V
tpch,volume_only,39,union4_raw,41,6,1.0,1.0,0.0,0,0,6,6,16,8,0.5857,0.11528,4.96,0.00207,
tpch,volume_only,39,union4_bonf,41,6,1.0,1.0,0.0,0,0,6,6,16,8,0.5857,0.11528,4.96,0.00205,
tpch,volume_only,39,every_k2,41,6,0.0,0.6667,1.5,0,0,0,6,9,4,,1.18996,51.22,5e-05,offset=0
tpch,volume_only,39,every_k3,41,6,1.0,1.0,0.0,0,0,6,6,2,0,,0.73664,31.71,3e-05,offset=2
tpch,volume_only,39,every_k4,41,6,0.5,0.6667,0.5,0,0,3,6,4,3,,0.56665,24.39,2e-05,offset=1
tpch,volume_only,39,adwin,41,6,0.0,0.0,,0,0,0,6,0,0,,2.32325,100.0,2e-05,
tpch,volume_only,39,adwin_s,41,6,0.0,0.0,,0,0,0,6,0,0,,2.32325,100.0,2e-05,
tpch,volume_only,39,mcusum,41,6,1.0,1.0,0.0,0,0,6,6,16,8,0.619,2.32325,100.0,6e-05,
tpch,volume_only,39,sketch1,41,6,1.0,1.0,0.0,0,0,6,6,16,8,0.8333,2.32325,100.0,0.00076,
tpch,volume_only,40,dci_v2_P1,41,6,1.0,1.0,0.0,0,0,6,6,18,7,0.5762,2.32325,100.0,0.00121,
tpch,volume_only,40,dci_v2_P2,41,6,0.3333,0.6667,0.5,0,0,2,6,18,7,0.3238,1.28675,55.39,0.00101,
tpch,volume_only,40,dci_v2_P4,41,6,0.3333,0.6667,0.5,0,0,2,6,18,7,0.3048,0.78718,33.88,0.00096,
tpch,volume_only,40,dci_v2_P8,41,6,0.3333,0.6667,0.5,0,0,2,6,18,7,0.2952,0.50492,21.73,0.00093,
tpch,volume_only,40,dci_v1,41,6,1.0,1.0,0.0,0,0,6,6,18,7,0.5762,2.32325,100.0,0.0016,
tpch,volume_only,40,always_multiD,41,6,1.0,1.0,0.0,0,0,6,6,18,7,0.5714,2.32325,100.0,0.00074,
tpch,volume_only,40,best_axis_oracle,41,6,1.0,1.0,0.0,0,0,6,6,0,0,1.0,0.00013,0.01,0.00248,S_V
tpch,volume_only,40,union4_raw,41,6,1.0,1.0,0.0,0,0,6,6,18,7,0.5429,0.11528,4.96,0.00208,
tpch,volume_only,40,union4_bonf,41,6,1.0,1.0,0.0,0,0,6,6,18,7,0.5429,0.11528,4.96,0.00208,
tpch,volume_only,40,every_k2,41,6,1.0,1.0,0.0,0,0,6,6,7,3,,1.13329,48.78,4e-05,offset=1
tpch,volume_only,40,every_k3,41,6,0.0,0.6667,1.0,0,0,0,6,7,3,,0.79331,34.15,3e-05,offset=0
tpch,volume_only,40,every_k4,41,6,0.5,0.6667,0.5,0,0,3,6,3,2,,0.56665,24.39,2e-05,offset=3
tpch,volume_only,40,adwin,41,6,0.0,0.0,,0,0,0,6,0,0,,2.32325,100.0,2e-05,
tpch,volume_only,40,adwin_s,41,6,0.0,0.0,,0,0,0,6,0,0,,2.32325,100.0,2e-05,
tpch,volume_only,40,mcusum,41,6,1.0,1.0,0.0,0,0,6,6,18,7,0.5714,2.32325,100.0,6e-05,
tpch,volume_only,40,sketch1,41,6,1.0,1.0,0.0,0,0,6,6,18,7,0.8571,2.32325,100.0,0.00076,
tpch,volume_only,41,dci_v2_P1,41,6,0.6667,0.8333,0.2,0,0,4,6,21,8,0.481,2.32325,100.0,0.00115,
tpch,volume_only,41,dci_v2_P2,41,6,0.6667,0.8333,0.2,0,0,4,6,21,8,0.4476,1.28675,55.39,0.00104,
tpch,volume_only,41,dci_v2_P4,41,6,0.6667,0.8333,0.2,0,0,4,6,21,8,0.4714,0.79354,34.16,0.00098,
tpch,volume_only,41,dci_v2_P8,41,6,0.6667,0.8333,0.2,0,0,4,6,21,8,0.4714,0.51977,22.37,0.00096,
tpch,volume_only,41,dci_v1,41,6,1.0,1.0,0.0,0,0,6,6,21,8,0.6143,2.32325,100.0,0.00166,
tpch,volume_only,41,always_multiD,41,6,1.0,1.0,0.0,0,0,6,6,21,8,0.7,2.32325,100.0,0.00074,
tpch,volume_only,41,best_axis_oracle,41,6,1.0,1.0,0.0,0,0,6,6,0,0,1.0,0.00013,0.01,0.0025,S_V
tpch,volume_only,41,union4_raw,41,6,1.0,1.0,0.0,0,0,6,6,21,8,0.581,0.11528,4.96,0.00216,
tpch,volume_only,41,union4_bonf,41,6,1.0,1.0,0.0,0,0,6,6,21,8,0.581,0.11528,4.96,0.00203,
tpch,volume_only,41,every_k2,41,6,0.0,0.8333,1.4,0,0,0,6,12,3,,1.18996,51.22,4e-05,offset=0
tpch,volume_only,41,every_k3,41,6,0.0,0.6667,2.0,0,0,0,6,7,3,,0.79331,34.15,3e-05,offset=1
tpch,volume_only,41,every_k4,41,6,0.5,1.0,1.0,0,0,3,6,5,2,,0.56665,24.39,2e-05,offset=3
tpch,volume_only,41,adwin,41,6,0.0,0.0,,0,0,0,6,0,0,,2.32325,100.0,2e-05,
tpch,volume_only,41,adwin_s,41,6,0.0,0.0,,0,0,0,6,0,0,,2.32325,100.0,2e-05,
tpch,volume_only,41,mcusum,41,6,1.0,1.0,0.0,0,0,6,6,21,8,0.7,2.32325,100.0,6e-05,
tpch,volume_only,41,sketch1,41,6,1.0,1.0,0.0,0,0,6,6,21,8,0.8571,2.32325,100.0,0.00074,
tpch,volume_only,42,dci_v2_P1,41,6,0.6667,0.8333,0.2,0,0,4,6,23,9,0.5167,2.32325,100.0,0.00115,
tpch,volume_only,42,dci_v2_P2,41,6,0.6667,0.8333,0.2,0,0,4,6,23,9,0.4952,1.28675,55.39,0.00106,
tpch,volume_only,42,dci_v2_P4,41,6,0.6667,0.8333,0.2,0,0,4,6,23,9,0.5,0.79354,34.16,0.00099,
tpch,volume_only,42,dci_v2_P8,41,6,0.6667,0.8333,0.2,0,0,4,6,23,9,0.5,0.51977,22.37,0.00096,
tpch,volume_only,42,dci_v1,41,6,1.0,1.0,0.0,0,0,6,6,23,9,0.6905,2.32325,100.0,0.00161,
tpch,volume_only,42,always_multiD,41,6,1.0,1.0,0.0,0,0,6,6,23,9,0.6714,2.32325,100.0,0.00075,
tpch,volume_only,42,best_axis_oracle,41,6,1.0,1.0,0.0,0,0,6,6,0,0,1.0,0.00013,0.01,0.00251,S_V
tpch,volume_only,42,union4_raw,41,6,1.0,1.0,0.0,0,0,6,6,23,9,0.6048,0.11528,4.96,0.00212,
tpch,volume_only,42,union4_bonf,41,6,1.0,1.0,0.0,0,0,6,6,23,9,0.6048,0.11528,4.96,0.0021,
tpch,volume_only,42,every_k2,41,6,0.0,0.8333,1.0,0,0,0,6,13,4,,1.18996,51.22,5e-05,offset=0
tpch,volume_only,42,every_k3,41,6,1.0,1.0,0.0,0,0,6,6,4,0,,0.73664,31.71,3e-05,offset=2
tpch,volume_only,42,every_k4,41,6,0.5,1.0,1.0,0,0,3,6,5,2,,0.56665,24.39,2e-05,offset=1
tpch,volume_only,42,adwin,41,6,0.0,0.0,,0,0,0,6,0,0,,2.32325,100.0,2e-05,
tpch,volume_only,42,adwin_s,41,6,0.0,0.0,,0,0,0,6,0,0,,2.32325,100.0,2e-05,
tpch,volume_only,42,mcusum,41,6,1.0,1.0,0.0,0,0,6,6,23,9,0.6714,2.32325,100.0,6e-05,
tpch,volume_only,42,sketch1,41,6,1.0,1.0,0.0,0,0,6,6,23,9,0.9,2.32325,100.0,0.00074,
tpch,volume_only,43,dci_v2_P1,41,6,1.0,1.0,0.0,0,0,6,6,19,8,0.5429,2.32325,100.0,0.00121,
tpch,volume_only,43,dci_v2_P2,41,6,0.1667,0.6667,0.75,0,0,1,6,19,8,0.231,1.28675,55.39,0.00101,
tpch,volume_only,43,dci_v2_P4,41,6,0.1667,0.6667,0.75,0,0,1,6,19,8,0.231,0.79354,34.16,0.00095,
tpch,volume_only,43,dci_v2_P8,41,6,0.1667,0.6667,0.75,0,0,1,6,19,8,0.231,0.51977,22.37,0.00092,
tpch,volume_only,43,dci_v1,41,6,1.0,1.0,0.0,0,0,6,6,19,8,0.5476,2.32325,100.0,0.00158,
tpch,volume_only,43,always_multiD,41,6,1.0,1.0,0.0,0,0,6,6,19,8,0.519,2.32325,100.0,0.00074,
tpch,volume_only,43,best_axis_oracle,41,6,1.0,1.0,0.0,0,0,6,6,0,0,1.0,0.00013,0.01,0.00242,S_V
tpch,volume_only,43,union4_raw,41,6,1.0,1.0,0.0,0,0,6,6,19,8,0.519,0.11528,4.96,0.00199,
tpch,volume_only,43,union4_bonf,41,6,1.0,1.0,0.0,0,0,6,6,19,8,0.519,0.11528,4.96,0.00198,
tpch,volume_only,43,every_k2,41,6,0.0,0.6667,1.0,0,0,0,6,12,4,,1.18996,51.22,4e-05,offset=0
tpch,volume_only,43,every_k3,41,6,0.0,0.5,2.0,0,0,0,6,7,4,,0.79331,34.15,3e-05,offset=1
tpch,volume_only,43,every_k4,41,6,0.0,0.6667,1.5,0,0,0,6,7,3,,0.62331,26.83,2e-05,offset=0
tpch,volume_only,43,adwin,41,6,0.0,0.0,,0,0,0,6,0,0,,2.32325,100.0,2e-05,
tpch,volume_only,43,adwin_s,41,6,0.0,0.0,,0,0,0,6,0,0,,2.32325,100.0,2e-05,
tpch,volume_only,43,mcusum,41,6,1.0,1.0,0.0,0,0,6,6,19,8,0.519,2.32325,100.0,6e-05,
tpch,volume_only,43,sketch1,41,6,1.0,1.0,0.0,0,0,6,6,19,8,0.8571,2.32325,100.0,0.00073,
tpch,volume_only,44,dci_v2_P1,41,6,0.8333,0.8333,0.0,0,0,5,6,17,7,0.5786,2.32325,100.0,0.00117,
tpch,volume_only,44,dci_v2_P2,41,6,0.3333,0.6667,0.5,0,0,2,6,17,7,0.3452,1.28675,55.39,0.00099,
tpch,volume_only,44,dci_v2_P4,41,6,0.3333,0.6667,0.5,0,0,2,6,17,7,0.35,0.79354,34.16,0.00095,
tpch,volume_only,44,dci_v2_P8,41,6,0.3333,0.6667,0.5,0,0,2,6,17,7,0.35,0.51977,22.37,0.00092,
tpch,volume_only,44,dci_v1,41,6,1.0,1.0,0.0,0,0,6,6,17,7,0.6286,2.32325,100.0,0.00161,
tpch,volume_only,44,always_multiD,41,6,1.0,1.0,0.0,0,0,6,6,17,7,0.5952,2.32325,100.0,0.00073,
tpch,volume_only,44,best_axis_oracle,41,6,1.0,1.0,0.0,0,0,6,6,0,0,1.0,0.00013,0.01,0.0025,S_V
tpch,volume_only,44,union4_raw,41,6,1.0,1.0,0.0,0,0,6,6,17,7,0.5762,0.11528,4.96,0.00206,
tpch,volume_only,44,union4_bonf,41,6,1.0,1.0,0.0,0,0,6,6,17,7,0.5762,0.11528,4.96,0.00207,
tpch,volume_only,44,every_k2,41,6,0.0,0.5,1.0,0,0,0,6,9,3,,1.18996,51.22,5e-05,offset=0
tpch,volume_only,44,every_k3,41,6,1.0,1.0,0.0,0,0,6,6,3,0,,0.73664,31.71,3e-05,offset=2
tpch,volume_only,44,every_k4,41,6,0.5,0.8333,0.8,0,0,3,6,4,2,,0.56665,24.39,2e-05,offset=3
tpch,volume_only,44,adwin,41,6,0.0,0.0,,0,0,0,6,0,0,,2.32325,100.0,2e-05,
tpch,volume_only,44,adwin_s,41,6,0.0,0.0,,0,0,0,6,0,0,,2.32325,100.0,2e-05,
tpch,volume_only,44,mcusum,41,6,1.0,1.0,0.0,0,0,6,6,17,7,0.5952,2.32325,100.0,6e-05,
tpch,volume_only,44,sketch1,41,6,1.0,1.0,0.0,0,0,6,6,17,7,0.9048,2.32325,100.0,0.00076,
tpch,volume_only,45,dci_v2_P1,41,6,0.5,0.6667,0.25,0,0,3,6,19,8,0.3881,2.32325,100.0,0.0011,
tpch,volume_only,45,dci_v2_P2,41,6,0.3333,0.6667,0.5,0,0,2,6,19,8,0.2952,1.28463,55.29,0.001,
tpch,volume_only,45,dci_v2_P4,41,6,0.3333,0.6667,0.5,0,0,2,6,19,8,0.2952,0.79354,34.16,0.00095,
tpch,volume_only,45,dci_v2_P8,41,6,0.3333,0.6667,0.5,0,0,2,6,19,8,0.2952,0.51977,22.37,0.00091,
tpch,volume_only,45,dci_v1,41,6,1.0,1.0,0.0,0,0,6,6,19,8,0.5238,2.32325,100.0,0.00157,
tpch,volume_only,45,always_multiD,41,6,1.0,1.0,0.0,0,0,6,6,19,8,0.5952,2.32325,100.0,0.00073,
tpch,volume_only,45,best_axis_oracle,41,6,1.0,1.0,0.0,0,0,6,6,0,0,1.0,0.00013,0.01,0.0024,S_V
tpch,volume_only,45,union4_raw,41,6,1.0,1.0,0.0,0,0,6,6,19,8,0.5524,0.11528,4.96,0.00202,
tpch,volume_only,45,union4_bonf,41,6,1.0,1.0,0.0,0,0,6,6,19,8,0.5524,0.11528,4.96,0.00202,
tpch,volume_only,45,every_k2,41,6,1.0,1.0,0.0,0,0,6,6,8,4,,1.13329,48.78,5e-05,offset=1
tpch,volume_only,45,every_k3,41,6,0.0,0.6667,2.0,0,0,0,6,8,4,,0.79331,34.15,3e-05,offset=1
tpch,volume_only,45,every_k4,41,6,0.5,0.6667,0.5,0,0,3,6,4,3,,0.56665,24.39,2e-05,offset=1
tpch,volume_only,45,adwin,41,6,0.0,0.0,,0,0,0,6,0,0,,2.32325,100.0,2e-05,
tpch,volume_only,45,adwin_s,41,6,0.0,0.0,,0,0,0,6,0,0,,2.32325,100.0,2e-05,
tpch,volume_only,45,mcusum,41,6,1.0,1.0,0.0,0,0,6,6,19,8,0.5952,2.32325,100.0,6e-05,
tpch,volume_only,45,sketch1,41,6,1.0,1.0,0.0,0,0,6,6,19,8,0.8286,2.32325,100.0,0.00073,
tpch,volume_only,46,dci_v2_P1,41,6,0.6667,0.8333,0.2,0,0,4,6,23,10,0.5024,2.32325,100.0,0.00119,
tpch,volume_only,46,dci_v2_P2,41,6,0.6667,0.8333,0.2,0,0,4,6,23,10,0.4476,1.28675,55.39,0.00105,
tpch,volume_only,46,dci_v2_P4,41,6,0.6667,0.8333,0.2,0,0,4,6,23,10,0.4214,0.78718,33.88,0.001,
tpch,volume_only,46,dci_v2_P8,41,6,0.6667,0.8333,0.2,0,0,4,6,23,10,0.469,0.50492,21.73,0.00097,
tpch,volume_only,46,dci_v1,41,6,1.0,1.0,0.0,0,0,6,6,23,10,0.6619,2.32325,100.0,0.00163,
tpch,volume_only,46,always_multiD,41,6,1.0,1.0,0.0,0,0,6,6,23,10,0.6714,2.32325,100.0,0.00074,
tpch,volume_only,46,best_axis_oracle,41,6,1.0,1.0,0.0,0,0,6,6,0,0,1.0,0.00013,0.01,0.00254,S_V
tpch,volume_only,46,union4_raw,41,6,1.0,1.0,0.0,0,0,6,6,23,10,0.6,0.11528,4.96,0.00212,
tpch,volume_only,46,union4_bonf,41,6,1.0,1.0,0.0,0,0,6,6,23,10,0.6,0.11528,4.96,0.00211,
tpch,volume_only,46,every_k2,41,6,1.0,1.0,0.0,0,0,6,6,10,5,,1.13329,48.78,4e-05,offset=1
tpch,volume_only,46,every_k3,41,6,0.0,0.8333,2.0,0,0,0,6,10,5,,0.79331,34.15,3e-05,offset=1
tpch,volume_only,46,every_k4,41,6,0.0,0.8333,1.8,0,0,0,6,8,3,,0.56665,24.39,2e-05,offset=2
tpch,volume_only,46,adwin,41,6,0.0,0.0,,0,0,0,6,0,0,,2.32325,100.0,2e-05,
tpch,volume_only,46,adwin_s,41,6,0.0,0.0,,0,0,0,6,0,0,,2.32325,100.0,2e-05,
tpch,volume_only,46,mcusum,41,6,1.0,1.0,0.0,0,0,6,6,23,10,0.6714,2.32325,100.0,6e-05,
tpch,volume_only,46,sketch1,41,6,1.0,1.0,0.0,0,0,6,6,23,10,0.9143,2.32325,100.0,0.00074,
tpch,volume_only,47,dci_v2_P1,41,6,0.6667,0.6667,0.0,0,0,4,6,14,5,0.5048,2.32325,100.0,0.00114,
tpch,volume_only,47,dci_v2_P2,41,6,0.1667,0.5,0.67,0,0,1,6,14,5,0.3143,1.28675,55.39,0.00097,
tpch,volume_only,47,dci_v2_P4,41,6,0.1667,0.5,0.67,0,0,1,6,14,5,0.3143,0.79354,34.16,0.00092,
tpch,volume_only,47,dci_v2_P8,41,6,0.1667,0.5,0.67,0,0,1,6,14,5,0.3143,0.51977,22.37,0.00089,
tpch,volume_only,47,dci_v1,41,6,1.0,1.0,0.0,0,0,6,6,14,5,0.619,2.32325,100.0,0.00161,
tpch,volume_only,47,always_multiD,41,6,1.0,1.0,0.0,0,0,6,6,14,5,0.6,2.32325,100.0,0.0008,
tpch,volume_only,47,best_axis_oracle,41,6,1.0,1.0,0.0,0,0,6,6,0,0,1.0,0.00013,0.01,0.00237,S_V
tpch,volume_only,47,union4_raw,41,6,1.0,1.0,0.0,0,0,6,6,14,5,0.6,0.11528,4.96,0.00199,
tpch,volume_only,47,union4_bonf,41,6,1.0,1.0,0.0,0,0,6,6,14,5,0.6,0.11528,4.96,0.00197,
tpch,volume_only,47,every_k2,41,6,1.0,1.0,0.0,0,0,6,6,6,3,,1.13329,48.78,4e-05,offset=1
tpch,volume_only,47,every_k3,41,6,1.0,1.0,0.0,0,0,6,6,3,0,,0.73664,31.71,3e-05,offset=2
tpch,volume_only,47,every_k4,41,6,0.5,0.5,0.0,0,0,3,6,3,3,,0.56665,24.39,2e-05,offset=1
tpch,volume_only,47,adwin,41,6,0.0,0.0,,0,0,0,6,0,0,,2.32325,100.0,2e-05,
tpch,volume_only,47,adwin_s,41,6,0.0,0.0,,0,0,0,6,0,0,,2.32325,100.0,2e-05,
tpch,volume_only,47,mcusum,41,6,1.0,1.0,0.0,0,0,6,6,14,5,0.6,2.32325,100.0,6e-05,
tpch,volume_only,47,sketch1,41,6,1.0,1.0,0.0,0,0,6,6,14,5,0.8571,2.32325,100.0,0.00073,
tpch,volume_only,48,dci_v2_P1,41,6,1.0,1.0,0.0,0,0,6,6,19,8,0.7143,2.32325,100.0,0.00127,
tpch,volume_only,48,dci_v2_P2,41,6,0.6667,0.8333,0.2,0,0,4,6,19,8,0.4452,1.28675,55.39,0.001,
tpch,volume_only,48,dci_v2_P4,41,6,0.6667,0.8333,0.2,0,0,4,6,19,8,0.4476,0.79354,34.16,0.00095,
tpch,volume_only,48,dci_v2_P8,41,6,0.6667,0.8333,0.2,0,0,4,6,19,8,0.4476,0.51977,22.37,0.00092,
tpch,volume_only,48,dci_v1,41,6,1.0,1.0,0.0,0,0,6,6,19,8,0.7143,2.32325,100.0,0.00155,
tpch,volume_only,48,always_multiD,41,6,1.0,1.0,0.0,0,0,6,6,19,8,0.7286,2.32325,100.0,0.00073,
tpch,volume_only,48,best_axis_oracle,41,6,1.0,1.0,0.0,0,0,6,6,0,0,1.0,0.00013,0.01,0.00241,S_V
tpch,volume_only,48,union4_raw,41,6,1.0,1.0,0.0,0,0,6,6,19,8,0.6143,0.11528,4.96,0.00201,
tpch,volume_only,48,union4_bonf,41,6,1.0,1.0,0.0,0,0,6,6,19,8,0.6143,0.11528,4.96,0.00204,
tpch,volume_only,48,every_k2,41,6,0.0,0.8333,1.4,0,0,0,6,13,4,,1.18996,51.22,4e-05,offset=0
tpch,volume_only,48,every_k3,41,6,0.0,0.3333,2.0,0,0,0,6,6,4,,0.79331,34.15,3e-05,offset=1
tpch,volume_only,48,every_k4,41,6,0.5,0.8333,0.8,0,0,3,6,3,1,,0.56665,24.39,3e-05,offset=1
tpch,volume_only,48,adwin,41,6,0.0,0.0,,0,0,0,6,0,0,,2.32325,100.0,2e-05,
tpch,volume_only,48,adwin_s,41,6,0.0,0.0,,0,0,0,6,0,0,,2.32325,100.0,2e-05,
tpch,volume_only,48,mcusum,41,6,1.0,1.0,0.0,0,0,6,6,19,8,0.7286,2.32325,100.0,6e-05,
tpch,volume_only,48,sketch1,41,6,1.0,1.0,0.0,0,0,6,6,19,8,0.8857,2.32325,100.0,0.00073,
tpch,volume_only,49,dci_v2_P1,41,6,0.5,0.6667,0.25,0,0,3,6,19,7,0.4786,2.32325,100.0,0.00111,
tpch,volume_only,49,dci_v2_P2,41,6,0.5,0.6667,0.25,0,0,3,6,19,7,0.4643,1.28675,55.39,0.001,
tpch,volume_only,49,dci_v2_P4,41,6,0.5,0.6667,0.25,0,0,3,6,19,7,0.4643,0.79354,34.16,0.00094,
tpch,volume_only,49,dci_v2_P8,41,6,0.5,0.6667,0.25,0,0,3,6,19,7,0.4643,0.51977,22.37,0.00093,
tpch,volume_only,49,dci_v1,41,6,1.0,1.0,0.0,0,0,6,6,19,7,0.6524,2.32325,100.0,0.00158,
tpch,volume_only,49,always_multiD,41,6,1.0,1.0,0.0,0,0,6,6,19,7,0.6381,2.32325,100.0,0.00074,
tpch,volume_only,49,best_axis_oracle,41,6,1.0,1.0,0.0,0,0,6,6,0,0,1.0,0.00013,0.01,0.00249,S_V
tpch,volume_only,49,union4_raw,41,6,1.0,1.0,0.0,0,0,6,6,19,7,0.6,0.11528,4.96,0.00208,
tpch,volume_only,49,union4_bonf,41,6,1.0,1.0,0.0,0,0,6,6,19,7,0.6,0.11528,4.96,0.00209,
tpch,volume_only,49,every_k2,41,6,1.0,1.0,0.0,0,0,6,6,7,3,,1.13329,48.78,5e-05,offset=1
tpch,volume_only,49,every_k3,41,6,0.0,0.6667,2.0,0,0,0,6,8,4,,0.79331,34.15,3e-05,offset=1
tpch,volume_only,49,every_k4,41,6,0.0,0.6667,2.0,0,0,0,6,6,2,,0.56665,24.39,2e-05,offset=2
tpch,volume_only,49,adwin,41,6,0.0,0.0,,0,0,0,6,0,0,,2.32325,100.0,2e-05,
tpch,volume_only,49,adwin_s,41,6,0.0,0.0,,0,0,0,6,0,0,,2.32325,100.0,2e-05,
tpch,volume_only,49,mcusum,41,6,1.0,1.0,0.0,0,0,6,6,19,7,0.6381,2.32325,100.0,6e-05,
tpch,volume_only,49,sketch1,41,6,1.0,1.0,0.0,0,0,6,6,19,7,0.8476,2.32325,100.0,0.00074,
tpch,mixed,0,dci_v2_P1,41,6,0.6667,0.8333,0.2,3,3,1,3,20,8,0.6476,2.32325,100.0,0.00115,
tpch,mixed,0,dci_v2_P2,41,6,0.8333,0.8333,0.0,3,3,2,3,20,8,0.6238,1.28038,55.11,0.00106,
tpch,mixed,0,dci_v2_P4,41,6,0.8333,0.8333,0.0,3,3,2,3,20,8,0.6238,0.78718,33.88,0.00099,
tpch,mixed,0,dci_v2_P8,41,6,0.8333,0.8333,0.0,3,3,2,3,20,8,0.65,0.50492,21.73,0.00096,
tpch,mixed,0,dci_v1,41,6,1.0,1.0,0.0,3,3,3,3,20,8,0.7905,2.32325,100.0,0.0016,
tpch,mixed,0,always_multiD,41,6,1.0,1.0,0.0,3,3,3,3,20,8,0.8095,2.32325,100.0,0.00075,
tpch,mixed,0,best_axis_oracle,41,6,1.0,1.0,0.0,3,3,3,3,20,8,0.8095,0.00874,0.38,0.00248,S_T
tpch,mixed,0,union4_raw,41,6,1.0,1.0,0.0,3,3,3,3,20,8,0.7143,0.11528,4.96,0.0021,
tpch,mixed,0,union4_bonf,41,6,1.0,1.0,0.0,3,3,3,3,20,8,0.7143,0.11528,4.96,0.00209,
tpch,mixed,0,every_k2,41,6,1.0,1.0,0.0,3,3,3,3,8,4,,1.13329,48.78,6e-05,offset=1
tpch,mixed,0,every_k3,41,6,0.0,0.6667,2.0,0,3,0,3,8,4,,0.79331,34.15,3e-05,offset=1
tpch,mixed,0,every_k4,41,6,0.5,0.8333,0.8,3,3,0,3,4,2,,0.56665,24.39,2e-05,offset=1
tpch,mixed,0,adwin,41,6,0.0,0.0,,0,3,0,3,0,0,,2.32325,100.0,3e-05,
tpch,mixed,0,adwin_s,41,6,0.0,0.0,,0,3,0,3,0,0,,2.32325,100.0,2e-05,
tpch,mixed,0,mcusum,41,6,1.0,1.0,0.0,3,3,3,3,20,8,0.8095,2.32325,100.0,6e-05,
tpch,mixed,0,sketch1,41,6,1.0,1.0,0.0,3,3,3,3,20,8,0.7381,2.32325,100.0,0.00076,
tpch,mixed,1,dci_v2_P1,41,6,0.5,0.8333,0.4,3,3,0,3,12,5,0.6,2.32325,100.0,0.00114,
tpch,mixed,1,dci_v2_P2,41,6,0.6667,0.8333,0.2,3,3,1,3,12,5,0.6381,1.28038,55.11,0.001,
tpch,mixed,1,dci_v2_P4,41,6,0.6667,0.8333,0.2,3,3,1,3,12,5,0.6381,0.78718,33.88,0.00093,
tpch,mixed,1,dci_v2_P8,41,6,0.6667,0.8333,0.2,3,3,1,3,12,5,0.6333,0.50492,21.73,0.00091,
tpch,mixed,1,dci_v1,41,6,1.0,1.0,0.0,3,3,3,3,12,5,0.8286,2.32325,100.0,0.00161,
tpch,mixed,1,always_multiD,41,6,1.0,1.0,0.0,3,3,3,3,12,5,0.8286,2.32325,100.0,0.00073,
tpch,mixed,1,best_axis_oracle,41,6,1.0,1.0,0.0,3,3,3,3,12,5,0.8762,0.00874,0.38,0.00239,S_T
tpch,mixed,1,union4_raw,41,6,1.0,1.0,0.0,3,3,3,3,12,5,0.7857,0.11528,4.96,0.002,
tpch,mixed,1,union4_bonf,41,6,1.0,1.0,0.0,3,3,3,3,12,5,0.7857,0.11528,4.96,0.00201,
tpch,mixed,1,every_k2,41,6,1.0,1.0,0.0,3,3,3,3,5,2,,1.13329,48.78,7e-05,offset=1
tpch,mixed,1,every_k3,41,6,0.0,0.5,2.0,0,3,0,3,6,3,,0.79331,34.15,3e-05,offset=1
tpch,mixed,1,every_k4,41,6,0.0,0.3333,2.0,0,3,0,3,3,1,,0.56665,24.39,2e-05,offset=2
tpch,mixed,1,adwin,41,6,0.0,0.0,,0,3,0,3,0,0,,2.32325,100.0,3e-05,
tpch,mixed,1,adwin_s,41,6,0.0,0.0,,0,3,0,3,0,0,,2.32325,100.0,2e-05,
tpch,mixed,1,mcusum,41,6,1.0,1.0,0.0,3,3,3,3,12,5,0.8286,2.32325,100.0,6e-05,
tpch,mixed,1,sketch1,41,6,1.0,1.0,0.0,3,3,3,3,12,5,0.7857,2.32325,100.0,0.00074,
tpch,mixed,2,dci_v2_P1,41,6,0.6667,0.8333,0.2,3,3,1,3,17,6,0.6476,2.32325,100.0,0.00114,
tpch,mixed,2,dci_v2_P2,41,6,0.8333,0.8333,0.0,3,3,2,3,17,6,0.6857,1.28038,55.11,0.00105,
tpch,mixed,2,dci_v2_P4,41,6,0.8333,0.8333,0.0,3,3,2,3,17,6,0.6857,0.78718,33.88,0.00097,
tpch,mixed,2,dci_v2_P8,41,6,0.8333,0.8333,0.0,3,3,2,3,17,6,0.6548,0.49006,21.09,0.00096,
tpch,mixed,2,dci_v1,41,6,1.0,1.0,0.0,3,3,3,3,17,6,0.8048,2.32325,100.0,0.00161,
tpch,mixed,2,always_multiD,41,6,1.0,1.0,0.0,3,3,3,3,17,6,0.8381,2.32325,100.0,0.00073,
tpch,mixed,2,best_axis_oracle,41,6,1.0,1.0,0.0,3,3,3,3,17,6,0.8333,0.00874,0.38,0.00238,S_T
tpch,mixed,2,union4_raw,41,6,1.0,1.0,0.0,3,3,3,3,17,6,0.7714,0.11528,4.96,0.00202,
tpch,mixed,2,union4_bonf,41,6,1.0,1.0,0.0,3,3,3,3,17,6,0.7714,0.11528,4.96,0.002,
tpch,mixed,2,every_k2,41,6,1.0,1.0,0.0,3,3,3,3,8,4,,1.13329,48.78,5e-05,offset=1
tpch,mixed,2,every_k3,41,6,1.0,1.0,0.0,3,3,3,3,4,0,,0.73664,31.71,3e-05,offset=2
tpch,mixed,2,every_k4,41,6,0.5,0.8333,0.8,0,3,3,3,4,2,,0.56665,24.39,2e-05,offset=3
tpch,mixed,2,adwin,41,6,0.0,0.0,,0,3,0,3,0,0,,2.32325,100.0,2e-05,
tpch,mixed,2,adwin_s,41,6,0.0,0.0,,0,3,0,3,0,0,,2.32325,100.0,2e-05,
tpch,mixed,2,mcusum,41,6,1.0,1.0,0.0,3,3,3,3,17,6,0.8381,2.32325,100.0,5e-05,
tpch,mixed,2,sketch1,41,6,1.0,1.0,0.0,3,3,3,3,17,6,0.7381,2.32325,100.0,0.00073,
tpch,mixed,3,dci_v2_P1,41,6,0.5,0.8333,0.4,3,3,0,3,14,6,0.5143,2.32325,100.0,0.0011,
tpch,mixed,3,dci_v2_P2,41,6,0.6667,0.8333,0.2,3,3,1,3,14,6,0.5476,1.28038,55.11,0.00103,
tpch,mixed,3,dci_v2_P4,41,6,0.6667,0.8333,0.2,3,3,1,3,14,6,0.5476,0.78718,33.88,0.00095,
tpch,mixed,3,dci_v2_P8,41,6,0.6667,0.8333,0.2,3,3,1,3,14,6,0.5762,0.50492,21.73,0.00093,
tpch,mixed,3,dci_v1,41,6,1.0,1.0,0.0,3,3,3,3,14,6,0.7762,2.32325,100.0,0.00161,
tpch,mixed,3,always_multiD,41,6,1.0,1.0,0.0,3,3,3,3,14,6,0.7762,2.32325,100.0,0.00073,
tpch,mixed,3,best_axis_oracle,41,6,1.0,1.0,0.0,3,3,3,3,14,6,0.8381,0.00874,0.38,0.00244,S_T
tpch,mixed,3,union4_raw,41,6,1.0,1.0,0.0,3,3,3,3,14,6,0.6857,0.11528,4.96,0.00199,
tpch,mixed,3,union4_bonf,41,6,1.0,1.0,0.0,3,3,3,3,14,6,0.6857,0.11528,4.96,0.00198,
tpch,mixed,3,every_k2,41,6,1.0,1.0,0.0,3,3,3,3,5,3,,1.13329,48.78,5e-05,offset=1
tpch,mixed,3,every_k3,41,6,0.0,0.5,1.0,0,3,0,3,6,3,,0.79331,34.15,3e-05,offset=0
tpch,mixed,3,every_k4,41,6,0.0,0.5,1.67,0,3,0,3,5,2,,0.62331,26.83,3e-05,offset=0
tpch,mixed,3,adwin,41,6,0.0,0.0,,0,3,0,3,0,0,,2.32325,100.0,2e-05,
tpch,mixed,3,adwin_s,41,6,0.0,0.0,,0,3,0,3,0,0,,2.32325,100.0,2e-05,
tpch,mixed,3,mcusum,41,6,1.0,1.0,0.0,3,3,3,3,14,6,0.7762,2.32325,100.0,6e-05,
tpch,mixed,3,sketch1,41,6,1.0,1.0,0.0,3,3,3,3,14,6,0.8143,2.32325,100.0,0.00073,
tpch,mixed,4,dci_v2_P1,41,6,0.5,0.8333,0.4,3,3,0,3,14,6,0.5238,2.32325,100.0,0.00111,
tpch,mixed,4,dci_v2_P2,41,6,0.6667,0.8333,0.2,3,3,1,3,14,6,0.5571,1.28038,55.11,0.00102,
tpch,mixed,4,dci_v2_P4,41,6,0.6667,0.8333,0.2,3,3,1,3,14,6,0.5571,0.78718,33.88,0.00097,
tpch,mixed,4,dci_v2_P8,41,6,0.6667,0.8333,0.2,3,3,1,3,14,6,0.5762,0.50492,21.73,0.00093,
tpch,mixed,4,dci_v1,41,6,1.0,1.0,0.0,3,3,3,3,14,6,0.781,2.32325,100.0,0.00162,
tpch,mixed,4,always_multiD,41,6,1.0,1.0,0.0,3,3,3,3,14,6,0.781,2.32325,100.0,0.00074,
tpch,mixed,4,best_axis_oracle,41,6,1.0,1.0,0.0,3,3,3,3,14,6,0.8,0.00874,0.38,0.00242,S_T
tpch,mixed,4,union4_raw,41,6,1.0,1.0,0.0,3,3,3,3,14,6,0.6952,0.11528,4.96,0.00206,
tpch,mixed,4,union4_bonf,41,6,1.0,1.0,0.0,3,3,3,3,14,6,0.6952,0.11528,4.96,0.00204,
tpch,mixed,4,every_k2,41,6,0.0,0.5,1.0,0,3,0,3,9,3,,1.18996,51.22,5e-05,offset=0
tpch,mixed,4,every_k3,41,6,0.0,0.5,1.0,0,3,0,3,6,3,,0.79331,34.15,3e-05,offset=0
tpch,mixed,4,every_k4,41,6,0.5,0.6667,0.5,3,3,0,3,2,1,,0.56665,24.39,2e-05,offset=1
tpch,mixed,4,adwin,41,6,0.0,0.0,,0,3,0,3,0,0,,2.32325,100.0,2e-05,
tpch,mixed,4,adwin_s,41,6,0.0,0.0,,0,3,0,3,0,0,,2.32325,100.0,2e-05,
tpch,mixed,4,mcusum,41,6,1.0,1.0,0.0,3,3,3,3,14,6,0.781,2.32325,100.0,6e-05,
tpch,mixed,4,sketch1,41,6,1.0,1.0,0.0,3,3,3,3,14,6,0.7429,2.32325,100.0,0.00075,
tpch,mixed,5,dci_v2_P1,41,6,0.5,0.8333,0.4,3,3,0,3,14,5,0.5857,2.32325,100.0,0.00111,
tpch,mixed,5,dci_v2_P2,41,6,0.6667,0.8333,0.2,3,3,1,3,14,5,0.6048,1.28038,55.11,0.00103,
tpch,mixed,5,dci_v2_P4,41,6,0.6667,0.8333,0.2,3,3,1,3,14,5,0.6048,0.78718,33.88,0.00097,
tpch,mixed,5,dci_v2_P8,41,6,0.6667,0.8333,0.2,3,3,1,3,14,5,0.6143,0.50492,21.73,0.00094,
tpch,mixed,5,dci_v1,41,6,1.0,1.0,0.0,3,3,3,3,14,5,0.8,2.32325,100.0,0.00161,
tpch,mixed,5,always_multiD,41,6,1.0,1.0,0.0,3,3,3,3,14,5,0.8,2.32325,100.0,0.00074,
tpch,mixed,5,best_axis_oracle,41,6,1.0,1.0,0.0,3,3,3,3,14,5,0.8,0.00874,0.38,0.00241,S_T
tpch,mixed,5,union4_raw,41,6,1.0,1.0,0.0,3,3,3,3,14,5,0.7429,0.11528,4.96,0.00204,
tpch,mixed,5,union4_bonf,41,6,1.0,1.0,0.0,3,3,3,3,14,5,0.7429,0.11528,4.96,0.00204,
tpch,mixed,5,every_k2,41,6,1.0,1.0,0.0,3,3,3,3,5,2,,1.13329,48.78,5e-05,offset=1
tpch,mixed,5,every_k3,41,6,1.0,1.0,0.0,3,3,3,3,3,0,,0.73664,31.71,3e-05,offset=2
tpch,mixed,5,every_k4,41,6,0.0,0.5,2.33,0,3,0,3,4,1,,0.56665,24.39,2e-05,offset=2
tpch,mixed,5,adwin,41,6,0.0,0.0,,0,3,0,3,0,0,,2.32325,100.0,2e-05,
tpch,mixed,5,adwin_s,41,6,0.0,0.0,,0,3,0,3,0,0,,2.32325,100.0,2e-05,
tpch,mixed,5,mcusum,41,6,1.0,1.0,0.0,3,3,3,3,14,5,0.8,2.32325,100.0,5e-05,
tpch,mixed,5,sketch1,41,6,1.0,1.0,0.0,3,3,3,3,14,5,0.7429,2.32325,100.0,0.00075,
tpch,mixed,6,dci_v2_P1,41,6,0.5,0.8333,0.4,3,3,0,3,12,3,0.6,2.32325,100.0,0.00108,
tpch,mixed,6,dci_v2_P2,41,6,0.6667,0.8333,0.2,3,3,1,3,12,3,0.6381,1.28038,55.11,0.001,
tpch,mixed,6,dci_v2_P4,41,6,0.6667,0.8333,0.2,3,3,1,3,12,3,0.6381,0.78718,33.88,0.00095,
tpch,mixed,6,dci_v2_P8,41,6,0.6667,0.8333,0.2,3,3,1,3,12,3,0.6333,0.50492,21.73,0.00092,
tpch,mixed,6,dci_v1,41,6,1.0,1.0,0.0,3,3,3,3,12,3,0.8286,2.32325,100.0,0.00159,
tpch,mixed,6,always_multiD,41,6,1.0,1.0,0.0,3,3,3,3,12,3,0.8286,2.32325,100.0,0.00073,
tpch,mixed,6,best_axis_oracle,41,6,1.0,1.0,0.0,3,3,3,3,12,3,0.8286,0.00874,0.38,0.00242,S_T
tpch,mixed,6,union4_raw,41,6,1.0,1.0,0.0,3,3,3,3,12,3,0.7857,0.11528,4.96,0.00202,
tpch,mixed,6,union4_bonf,41,6,1.0,1.0,0.0,3,3,3,3,12,3,0.7857,0.11528,4.96,0.00201,
tpch,mixed,6,every_k2,41,6,1.0,1.0,0.0,3,3,3,3,4,1,,1.13329,48.78,4e-05,offset=1
tpch,mixed,6,every_k3,41,6,0.0,0.5,1.0,0,3,0,3,4,1,,0.79331,34.15,3e-05,offset=0
tpch,mixed,6,every_k4,41,6,0.0,0.5,1.67,0,3,0,3,4,1,,0.62331,26.83,3e-05,offset=0
tpch,mixed,6,adwin,41,6,0.0,0.0,,0,3,0,3,0,0,,2.32325,100.0,2e-05,
tpch,mixed,6,adwin_s,41,6,0.0,0.0,,0,3,0,3,0,0,,2.32325,100.0,2e-05,
tpch,mixed,6,mcusum,41,6,1.0,1.0,0.0,3,3,3,3,12,3,0.8286,2.32325,100.0,6e-05,
tpch,mixed,6,sketch1,41,6,1.0,1.0,0.0,3,3,3,3,12,3,0.7857,2.32325,100.0,0.00073,
tpch,mixed,7,dci_v2_P1,41,6,0.6667,0.8333,0.2,3,3,1,3,20,8,0.5452,2.32325,100.0,0.00116,
tpch,mixed,7,dci_v2_P2,41,6,0.8333,0.8333,0.0,3,3,2,3,20,8,0.5762,1.28038,55.11,0.00107,
tpch,mixed,7,dci_v2_P4,41,6,0.8333,0.8333,0.0,3,3,2,3,20,8,0.5762,0.78718,33.88,0.00101,
tpch,mixed,7,dci_v2_P8,41,6,0.8333,0.8333,0.0,3,3,2,3,20,8,0.6048,0.50492,21.73,0.00098,
tpch,mixed,7,dci_v1,41,6,1.0,1.0,0.0,3,3,3,3,20,8,0.7619,2.32325,100.0,0.00161,
tpch,mixed,7,always_multiD,41,6,1.0,1.0,0.0,3,3,3,3,20,8,0.7857,2.32325,100.0,0.00075,
tpch,mixed,7,best_axis_oracle,41,6,1.0,1.0,0.0,3,3,3,3,20,8,0.8095,0.00874,0.38,0.00249,S_T
tpch,mixed,7,union4_raw,41,6,1.0,1.0,0.0,3,3,3,3,20,8,0.7381,0.11528,4.96,0.00202,
tpch,mixed,7,union4_bonf,41,6,1.0,1.0,0.0,3,3,3,3,20,8,0.7381,0.11528,4.96,0.00201,
tpch,mixed,7,every_k2,41,6,0.0,0.6667,1.0,0,3,0,3,12,4,,1.18996,51.22,4e-05,offset=0
tpch,mixed,7,every_k3,41,6,1.0,1.0,0.0,3,3,3,3,4,0,,0.73664,31.71,3e-05,offset=2
tpch,mixed,7,every_k4,41,6,0.0,0.6667,2.0,0,3,0,3,6,2,,0.56665,24.39,2e-05,offset=2
tpch,mixed,7,adwin,41,6,0.0,0.0,,0,3,0,3,0,0,,2.32325,100.0,2e-05,
tpch,mixed,7,adwin_s,41,6,0.0,0.0,,0,3,0,3,0,0,,2.32325,100.0,2e-05,
tpch,mixed,7,mcusum,41,6,1.0,1.0,0.0,3,3,3,3,20,8,0.7857,2.32325,100.0,5e-05,
tpch,mixed,7,sketch1,41,6,1.0,1.0,0.0,3,3,3,3,20,8,0.7381,2.32325,100.0,0.00072,
tpch,mixed,8,dci_v2_P1,41,6,0.6667,0.8333,0.2,3,3,1,3,19,7,0.6119,2.32325,100.0,0.00114,
tpch,mixed,8,dci_v2_P2,41,6,0.8333,0.8333,0.0,3,3,2,3,19,7,0.6452,1.28038,55.11,0.00105,
tpch,mixed,8,dci_v2_P4,41,6,0.8333,0.8333,0.0,3,3,2,3,19,7,0.6452,0.78718,33.88,0.00099,
tpch,mixed,8,dci_v2_P8,41,6,0.8333,0.8333,0.0,3,3,2,3,19,7,0.6119,0.49006,21.09,0.00101,
tpch,mixed,8,dci_v1,41,6,1.0,1.0,0.0,3,3,3,3,19,7,0.8048,2.32325,100.0,0.00161,
tpch,mixed,8,always_multiD,41,6,1.0,1.0,0.0,3,3,3,3,19,7,0.819,2.32325,100.0,0.00074,
tpch,mixed,8,best_axis_oracle,41,6,1.0,1.0,0.0,3,3,3,3,19,7,0.8238,0.00874,0.38,0.00244,S_T
tpch,mixed,8,union4_raw,41,6,1.0,1.0,0.0,3,3,3,3,19,7,0.7024,0.11528,4.96,0.00206,
tpch,mixed,8,union4_bonf,41,6,1.0,1.0,0.0,3,3,3,3,19,7,0.7024,0.11528,4.96,0.00205,
tpch,mixed,8,every_k2,41,6,0.0,0.6667,1.0,0,3,0,3,11,3,,1.18996,51.22,4e-05,offset=0
tpch,mixed,8,every_k3,41,6,0.0,0.6667,2.0,0,3,0,3,7,3,,0.79331,34.15,3e-05,offset=1
tpch,mixed,8,every_k4,41,6,0.0,0.6667,2.0,0,3,0,3,6,2,,0.56665,24.39,2e-05,offset=2
tpch,mixed,8,adwin,41,6,0.0,0.0,,0,3,0,3,0,0,,2.32325,100.0,2e-05,
tpch,mixed,8,adwin_s,41,6,0.0,0.0,,0,3,0,3,0,0,,2.32325,100.0,2e-05,
tpch,mixed,8,mcusum,41,6,1.0,1.0,0.0,3,3,3,3,19,7,0.819,2.32325,100.0,6e-05,
tpch,mixed,8,sketch1,41,6,1.0,1.0,0.0,3,3,3,3,19,7,0.6619,2.32325,100.0,0.00073,
tpch,mixed,9,dci_v2_P1,41,6,0.8333,0.8333,0.0,3,3,2,3,17,6,0.6833,2.32325,100.0,0.00115,
tpch,mixed,9,dci_v2_P2,41,6,0.8333,0.8333,0.0,3,3,2,3,17,6,0.6071,1.28038,55.11,0.00103,
tpch,mixed,9,dci_v2_P4,41,6,0.8333,0.8333,0.0,3,3,2,3,17,6,0.6071,0.78718,33.88,0.00098,
tpch,mixed,9,dci_v2_P8,41,6,0.8333,0.8333,0.0,3,3,2,3,17,6,0.6476,0.50492,21.73,0.00095,
tpch,mixed,9,dci_v1,41,6,1.0,1.0,0.0,3,3,3,3,17,6,0.8095,2.32325,100.0,0.00161,
tpch,mixed,9,always_multiD,41,6,1.0,1.0,0.0,3,3,3,3,17,6,0.819,2.32325,100.0,0.00072,
tpch,mixed,9,best_axis_oracle,41,6,1.0,1.0,0.0,3,3,3,3,17,6,0.8238,0.00874,0.38,0.00246,S_T
tpch,mixed,9,union4_raw,41,6,1.0,1.0,0.0,3,3,3,3,17,6,0.7619,0.11528,4.96,0.00207,
tpch,mixed,9,union4_bonf,41,6,1.0,1.0,0.0,3,3,3,3,17,6,0.7619,0.11528,4.96,0.00206,
tpch,mixed,9,every_k2,41,6,0.0,0.6667,1.5,0,3,0,3,10,3,,1.18996,51.22,4e-05,offset=0
tpch,mixed,9,every_k3,41,6,1.0,1.0,0.0,3,3,3,3,4,0,,0.73664,31.71,3e-05,offset=2
tpch,mixed,9,every_k4,41,6,0.5,0.8333,0.8,0,3,3,3,4,2,,0.56665,24.39,2e-05,offset=3
tpch,mixed,9,adwin,41,6,0.0,0.0,,0,3,0,3,0,0,,2.32325,100.0,2e-05,
tpch,mixed,9,adwin_s,41,6,0.0,0.0,,0,3,0,3,0,0,,2.32325,100.0,2e-05,
tpch,mixed,9,mcusum,41,6,1.0,1.0,0.0,3,3,3,3,17,6,0.819,2.32325,100.0,6e-05,
tpch,mixed,9,sketch1,41,6,1.0,1.0,0.0,3,3,3,3,17,6,0.719,2.32325,100.0,0.00075,
tpch,mixed,10,dci_v2_P1,41,6,0.6667,0.8333,0.2,3,3,1,3,15,6,0.5524,2.32325,100.0,0.00113,
tpch,mixed,10,dci_v2_P2,41,6,0.6667,0.8333,0.2,3,3,1,3,15,6,0.5143,1.28038,55.11,0.00102,
tpch,mixed,10,dci_v2_P4,41,6,0.6667,0.8333,0.2,3,3,1,3,15,6,0.5143,0.78718,33.88,0.00097,
tpch,mixed,10,dci_v2_P8,41,6,0.6667,0.8333,0.2,3,3,1,3,15,6,0.5333,0.50492,21.73,0.00094,
tpch,mixed,10,dci_v1,41,6,1.0,1.0,0.0,3,3,3,3,15,6,0.719,2.32325,100.0,0.0016,
tpch,mixed,10,always_multiD,41,6,1.0,1.0,0.0,3,3,3,3,15,6,0.7333,2.32325,100.0,0.00073,
tpch,mixed,10,best_axis_oracle,41,6,1.0,1.0,0.0,3,3,3,3,15,6,0.8333,0.00874,0.38,0.00243,S_T
tpch,mixed,10,union4_raw,41,6,1.0,1.0,0.0,3,3,3,3,15,6,0.6857,0.11528,4.96,0.00205,
tpch,mixed,10,union4_bonf,41,6,1.0,1.0,0.0,3,3,3,3,15,6,0.6857,0.11528,4.96,0.00203,
tpch,mixed,10,every_k2,41,6,1.0,1.0,0.0,3,3,3,3,6,3,,1.13329,48.78,4e-05,offset=1
tpch,mixed,10,every_k3,41,6,0.0,0.5,1.0,0,3,0,3,6,3,,0.79331,34.15,3e-05,offset=0
tpch,mixed,10,every_k4,41,6,0.5,0.8333,0.8,3,3,0,3,3,1,,0.56665,24.39,2e-05,offset=1
tpch,mixed,10,adwin,41,6,0.0,0.0,,0,3,0,3,0,0,,2.32325,100.0,2e-05,
tpch,mixed,10,adwin_s,41,6,0.0,0.0,,0,3,0,3,0,0,,2.32325,100.0,2e-05,
tpch,mixed,10,mcusum,41,6,1.0,1.0,0.0,3,3,3,3,15,6,0.7333,2.32325,100.0,6e-05,
tpch,mixed,10,sketch1,41,6,0.8333,1.0,0.17,2,3,3,3,15,6,0.6857,2.32325,100.0,0.00075,
tpch,mixed,11,dci_v2_P1,41,6,0.6667,0.8333,0.2,3,3,1,3,18,7,0.7333,2.32325,100.0,0.00114,
tpch,mixed,11,dci_v2_P2,41,6,0.8333,0.8333,0.0,3,3,2,3,18,7,0.7095,1.28038,55.11,0.00106,
tpch,mixed,11,dci_v2_P4,41,6,0.8333,0.8333,0.0,3,3,2,3,18,7,0.7095,0.78718,33.88,0.00099,
tpch,mixed,11,dci_v2_P8,41,6,0.8333,0.8333,0.0,3,3,2,3,18,7,0.7357,0.50492,21.73,0.00096,
tpch,mixed,11,dci_v1,41,6,1.0,1.0,0.0,3,3,3,3,18,7,0.8286,2.32325,100.0,0.00159,
tpch,mixed,11,always_multiD,41,6,1.0,1.0,0.0,3,3,3,3,18,7,0.8238,2.32325,100.0,0.00074,
tpch,mixed,11,best_axis_oracle,41,6,1.0,1.0,0.0,3,3,3,3,18,7,0.819,0.00874,0.38,0.00245,S_T
tpch,mixed,11,union4_raw,41,6,1.0,1.0,0.0,3,3,3,3,18,7,0.8095,0.11528,4.96,0.00208,
tpch,mixed,11,union4_bonf,41,6,1.0,1.0,0.0,3,3,3,3,18,7,0.8095,0.11528,4.96,0.00206,
tpch,mixed,11,every_k2,41,6,0.0,0.6667,1.5,0,3,0,3,11,4,,1.18996,51.22,4e-05,offset=0
tpch,mixed,11,every_k3,41,6,0.0,0.5,1.0,0,3,0,3,6,3,,0.79331,34.15,3e-05,offset=0
tpch,mixed,11,every_k4,41,6,0.0,0.5,2.33,0,3,0,3,5,2,,0.56665,24.39,2e-05,offset=2
tpch,mixed,11,adwin,41,6,0.0,0.0,,0,3,0,3,0,0,,2.32325,100.0,2e-05,
tpch,mixed,11,adwin_s,41,6,0.0,0.0,,0,3,0,3,0,0,,2.32325,100.0,2e-05,
tpch,mixed,11,mcusum,41,6,1.0,1.0,0.0,3,3,3,3,18,7,0.8238,2.32325,100.0,5e-05,
tpch,mixed,11,sketch1,41,6,1.0,1.0,0.0,3,3,3,3,18,7,0.8143,2.32325,100.0,0.00075,
tpch,mixed,12,dci_v2_P1,41,6,0.8333,0.8333,0.0,2,3,3,3,22,8,0.6643,2.32325,100.0,0.00121,
tpch,mixed,12,dci_v2_P2,41,6,0.8333,0.8333,0.0,2,3,3,3,22,8,0.6429,1.28038,55.11,0.00108,
tpch,mixed,12,dci_v2_P4,41,6,0.8333,0.8333,0.0,2,3,3,3,22,8,0.6429,0.78718,33.88,0.00102,
tpch,mixed,12,dci_v2_P8,41,6,0.8333,0.8333,0.0,2,3,3,3,22,8,0.6452,0.50492,21.73,0.001,
tpch,mixed,12,dci_v1,41,6,0.8333,0.8333,0.0,2,3,3,3,22,8,0.7429,2.32325,100.0,0.0016,
tpch,mixed,12,always_multiD,41,6,0.8333,0.8333,0.0,2,3,3,3,22,8,0.7595,2.32325,100.0,0.00073,
tpch,mixed,12,best_axis_oracle,41,6,0.5,0.5,0.0,0,3,3,3,0,0,0.75,0.00013,0.01,0.00248,S_V
tpch,mixed,12,union4_raw,41,6,0.8333,0.8333,0.0,2,3,3,3,22,8,0.6571,0.11528,4.96,0.0021,
tpch,mixed,12,union4_bonf,41,6,0.8333,0.8333,0.0,2,3,3,3,22,8,0.6571,0.11528,4.96,0.0021,
tpch,mixed,12,every_k2,41,6,0.8333,0.8333,0.0,2,3,3,3,8,3,,1.13329,48.78,5e-05,offset=1
tpch,mixed,12,every_k3,41,6,0.0,0.8333,2.0,0,3,0,3,10,5,,0.79331,34.15,3e-05,offset=1
tpch,mixed,12,every_k4,41,6,0.0,0.8333,1.8,0,3,0,3,8,3,,0.62331,26.83,2e-05,offset=0
tpch,mixed,12,adwin,41,6,0.0,0.0,,0,3,0,3,0,0,,2.32325,100.0,2e-05,
tpch,mixed,12,adwin_s,41,6,0.0,0.0,,0,3,0,3,0,0,,2.32325,100.0,2e-05,
tpch,mixed,12,mcusum,41,6,0.8333,0.8333,0.0,2,3,3,3,22,8,0.7524,2.32325,100.0,5e-05,
tpch,mixed,12,sketch1,41,6,0.8333,0.8333,0.0,2,3,3,3,22,8,0.6095,2.32325,100.0,0.00075,
tpch,mixed,13,dci_v2_P1,41,6,0.6667,0.8333,0.2,3,3,1,3,18,7,0.6381,2.32325,100.0,0.00114,
tpch,mixed,13,dci_v2_P2,41,6,0.8333,0.8333,0.0,3,3,2,3,18,7,0.6262,1.28038,55.11,0.00105,
tpch,mixed,13,dci_v2_P4,41,6,0.8333,0.8333,0.0,3,3,2,3,18,7,0.6262,0.78718,33.88,0.001,
tpch,mixed,13,dci_v2_P8,41,6,0.8333,0.8333,0.0,3,3,2,3,18,7,0.6524,0.50492,21.73,0.00096,
tpch,mixed,13,dci_v1,41,6,1.0,1.0,0.0,3,3,3,3,18,7,0.781,2.32325,100.0,0.00161,
tpch,mixed,13,always_multiD,41,6,1.0,1.0,0.0,3,3,3,3,18,7,0.8286,2.32325,100.0,0.00072,
tpch,mixed,13,best_axis_oracle,41,6,1.0,1.0,0.0,3,3,3,3,18,7,0.8286,0.00874,0.38,0.00246,S_T
tpch,mixed,13,union4_raw,41,6,1.0,1.0,0.0,3,3,3,3,18,7,0.7143,0.11528,4.96,0.00208,
tpch,mixed,13,union4_bonf,41,6,1.0,1.0,0.0,3,3,3,3,18,7,0.7143,0.11528,4.96,0.00206,
tpch,mixed,13,every_k2,41,6,0.0,0.6667,1.0,0,3,0,3,10,3,,1.18996,51.22,4e-05,offset=0
tpch,mixed,13,every_k3,41,6,0.0,0.6667,1.0,0,3,0,3,8,4,,0.79331,34.15,3e-05,offset=0
tpch,mixed,13,every_k4,41,6,0.0,0.6667,2.0,0,3,0,3,5,1,,0.56665,24.39,2e-05,offset=2
tpch,mixed,13,adwin,41,6,0.0,0.0,,0,3,0,3,0,0,,2.32325,100.0,2e-05,
tpch,mixed,13,adwin_s,41,6,0.0,0.0,,0,3,0,3,0,0,,2.32325,100.0,2e-05,
tpch,mixed,13,mcusum,41,6,1.0,1.0,0.0,3,3,3,3,18,7,0.8286,2.32325,100.0,6e-05,
tpch,mixed,13,sketch1,41,6,1.0,1.0,0.0,3,3,3,3,18,7,0.6857,2.32325,100.0,0.00075,
tpch,mixed,14,dci_v2_P1,41,6,0.6667,0.8333,0.4,3,3,1,3,18,8,0.5643,2.32325,100.0,0.00117,
tpch,mixed,14,dci_v2_P2,41,6,0.8333,0.8333,0.0,3,3,2,3,18,8,0.6048,1.27614,54.93,0.00104,
tpch,mixed,14,dci_v2_P4,41,6,0.8333,0.8333,0.0,3,3,2,3,18,8,0.6048,0.78081,33.61,0.00099,
tpch,mixed,14,dci_v2_P8,41,6,0.8333,0.8333,0.0,3,3,2,3,18,8,0.6048,0.50492,21.73,0.00095,
tpch,mixed,14,dci_v1,41,6,1.0,1.0,0.0,3,3,3,3,18,8,0.7905,2.32325,100.0,0.00157,
tpch,mixed,14,always_multiD,41,6,1.0,1.0,0.0,3,3,3,3,18,8,0.7952,2.32325,100.0,0.00072,
tpch,mixed,14,best_axis_oracle,41,6,1.0,1.0,0.0,3,3,3,3,18,8,0.8381,0.00874,0.38,0.00237,S_T
tpch,mixed,14,union4_raw,41,6,1.0,1.0,0.0,3,3,3,3,18,8,0.6595,0.11528,4.96,0.00201,
tpch,mixed,14,union4_bonf,41,6,1.0,1.0,0.0,3,3,3,3,18,8,0.6595,0.11528,4.96,0.00203,
tpch,mixed,14,every_k2,41,6,1.0,1.0,0.0,3,3,3,3,8,4,,1.13329,48.78,4e-05,offset=1
tpch,mixed,14,every_k3,41,6,0.0,0.6667,2.0,0,3,0,3,8,4,,0.79331,34.15,3e-05,offset=1
tpch,mixed,14,every_k4,41,6,0.0,0.5,2.33,0,3,0,3,5,2,,0.62331,26.83,2e-05,offset=0
tpch,mixed,14,adwin,41,6,0.0,0.0,,0,3,0,3,0,0,,2.32325,100.0,2e-05,
tpch,mixed,14,adwin_s,41,6,0.0,0.0,,0,3,0,3,0,0,,2.32325,100.0,2e-05,
tpch,mixed,14,mcusum,41,6,1.0,1.0,0.0,3,3,3,3,18,8,0.7952,2.32325,100.0,5e-05,
tpch,mixed,14,sketch1,41,6,1.0,1.0,0.0,3,3,3,3,18,8,0.6762,2.32325,100.0,0.00072,
tpch,mixed,15,dci_v2_P1,41,6,0.5,0.8333,0.4,3,3,0,3,14,6,0.6,2.32325,100.0,0.0011,
tpch,mixed,15,dci_v2_P2,41,6,0.6667,0.8333,0.2,3,3,1,3,14,6,0.6333,1.28038,55.11,0.00103,
tpch,mixed,15,dci_v2_P4,41,6,0.6667,0.8333,0.2,3,3,1,3,14,6,0.6333,0.78718,33.88,0.00097,
tpch,mixed,15,dci_v2_P8,41,6,0.6667,0.8333,0.2,3,3,1,3,14,6,0.6476,0.50492,21.73,0.00093,
tpch,mixed,15,dci_v1,41,6,1.0,1.0,0.0,3,3,3,3,14,6,0.7905,2.32325,100.0,0.00163,
tpch,mixed,15,always_multiD,41,6,1.0,1.0,0.0,3,3,3,3,14,6,0.7905,2.32325,100.0,0.00074,
tpch,mixed,15,best_axis_oracle,41,6,1.0,1.0,0.0,3,3,3,3,14,6,0.8476,0.00874,0.38,0.00245,S_T
tpch,mixed,15,union4_raw,41,6,1.0,1.0,0.0,3,3,3,3,14,6,0.7714,0.11528,4.96,0.00205,
tpch,mixed,15,union4_bonf,41,6,1.0,1.0,0.0,3,3,3,3,14,6,0.7714,0.11528,4.96,0.00204,
tpch,mixed,15,every_k2,41,6,1.0,1.0,0.0,3,3,3,3,6,3,,1.13329,48.78,4e-05,offset=1
tpch,mixed,15,every_k3,41,6,1.0,1.0,0.0,3,3,3,3,3,0,,0.73664,31.71,3e-05,offset=2
tpch,mixed,15,every_k4,41,6,0.0,0.3333,3.0,0,3,0,3,3,1,,0.56665,24.39,2e-05,offset=2
tpch,mixed,15,adwin,41,6,0.0,0.0,,0,3,0,3,0,0,,2.32325,100.0,2e-05,
tpch,mixed,15,adwin_s,41,6,0.0,0.0,,0,3,0,3,0,0,,2.32325,100.0,2e-05,
tpch,mixed,15,mcusum,41,6,1.0,1.0,0.0,3,3,3,3,14,6,0.7905,2.32325,100.0,6e-05,
tpch,mixed,15,sketch1,41,6,1.0,1.0,0.0,3,3,3,3,14,6,0.8286,2.32325,100.0,0.00075,
tpch,mixed,16,dci_v2_P1,41,6,0.8333,1.0,0.17,3,3,2,3,22,8,0.6643,2.32325,100.0,0.00117,
tpch,mixed,16,dci_v2_P2,41,6,1.0,1.0,0.0,3,3,3,3,22,8,0.6524,1.28038,55.11,0.00108,
tpch,mixed,16,dci_v2_P4,41,6,1.0,1.0,0.0,3,3,3,3,22,8,0.6524,0.78718,33.88,0.00103,
tpch,mixed,16,dci_v2_P8,41,6,1.0,1.0,0.0,3,3,3,3,22,8,0.6786,0.50492,21.73,0.001,
tpch,mixed,16,dci_v1,41,6,1.0,1.0,0.0,3,3,3,3,22,8,0.8143,2.32325,100.0,0.0016,
tpch,mixed,16,always_multiD,41,6,1.0,1.0,0.0,3,3,3,3,22,8,0.8952,2.32325,100.0,0.00074,
tpch,mixed,16,best_axis_oracle,41,6,1.0,1.0,0.0,3,3,3,3,22,8,0.8,0.00874,0.38,0.00248,S_T
tpch,mixed,16,union4_raw,41,6,1.0,1.0,0.0,3,3,3,3,22,8,0.681,0.11528,4.96,0.00209,
tpch,mixed,16,union4_bonf,41,6,1.0,1.0,0.0,3,3,3,3,22,8,0.681,0.11528,4.96,0.0021,
tpch,mixed,16,every_k2,41,6,0.0,0.8333,1.0,0,3,0,3,14,4,,1.18996,51.22,4e-05,offset=0
tpch,mixed,16,every_k3,41,6,1.0,1.0,0.0,3,3,3,3,5,0,,0.73664,31.71,3e-05,offset=2
tpch,mixed,16,every_k4,41,6,0.0,0.8333,2.2,0,3,0,3,7,2,,0.56665,24.39,2e-05,offset=2
tpch,mixed,16,adwin,41,6,0.0,0.0,,0,3,0,3,0,0,,2.32325,100.0,2e-05,
tpch,mixed,16,adwin_s,41,6,0.0,0.0,,0,3,0,3,0,0,,2.32325,100.0,2e-05,
tpch,mixed,16,mcusum,41,6,1.0,1.0,0.0,3,3,3,3,22,8,0.8952,2.32325,100.0,6e-05,
tpch,mixed,16,sketch1,41,6,1.0,1.0,0.0,3,3,3,3,22,8,0.6381,2.32325,100.0,0.00074,
tpch,mixed,17,dci_v2_P1,41,6,0.8333,1.0,0.17,3,3,2,3,22,8,0.7476,2.32325,100.0,0.00116,
tpch,mixed,17,dci_v2_P2,41,6,1.0,1.0,0.0,3,3,3,3,22,8,0.7857,1.28038,55.11,0.00109,
tpch,mixed,17,dci_v2_P4,41,6,1.0,1.0,0.0,3,3,3,3,22,8,0.7857,0.78718,33.88,0.00103,
tpch,mixed,17,dci_v2_P8,41,6,1.0,1.0,0.0,3,3,3,3,22,8,0.8095,0.50492,21.73,0.00097,
tpch,mixed,17,dci_v1,41,6,1.0,1.0,0.0,3,3,3,3,22,8,0.8619,2.32325,100.0,0.0016,
tpch,mixed,17,always_multiD,41,6,1.0,1.0,0.0,3,3,3,3,22,8,0.881,2.32325,100.0,0.00073,
tpch,mixed,17,best_axis_oracle,41,6,1.0,1.0,0.0,3,3,3,3,22,8,0.8,0.00874,0.38,0.00249,S_T
tpch,mixed,17,union4_raw,41,6,1.0,1.0,0.0,3,3,3,3,22,8,0.8286,0.11528,4.96,0.0021,
tpch,mixed,17,union4_bonf,41,6,1.0,1.0,0.0,3,3,3,3,22,8,0.8286,0.11528,4.96,0.00208,
tpch,mixed,17,every_k2,41,6,1.0,1.0,0.0,3,3,3,3,7,3,,1.13329,48.78,4e-05,offset=1
tpch,mixed,17,every_k3,41,6,0.0,0.8333,1.0,0,3,0,3,8,3,,0.79331,34.15,3e-05,offset=0
tpch,mixed,17,every_k4,41,6,0.5,0.6667,0.5,0,3,3,3,4,3,,0.56665,24.39,2e-05,offset=3
tpch,mixed,17,adwin,41,6,0.0,0.0,,0,3,0,3,0,0,,2.32325,100.0,2e-05,
tpch,mixed,17,adwin_s,41,6,0.0,0.0,,0,3,0,3,0,0,,2.32325,100.0,2e-05,
tpch,mixed,17,mcusum,41,6,1.0,1.0,0.0,3,3,3,3,22,8,0.881,2.32325,100.0,6e-05,
tpch,mixed,17,sketch1,41,6,1.0,1.0,0.0,3,3,3,3,22,8,0.7524,2.32325,100.0,0.00075,
tpch,mixed,18,dci_v2_P1,41,6,0.5,0.8333,0.4,3,3,0,3,14,5,0.5857,2.32325,100.0,0.00112,
tpch,mixed,18,dci_v2_P2,41,6,0.6667,0.8333,0.2,3,3,1,3,14,5,0.619,1.28038,55.11,0.00103,
tpch,mixed,18,dci_v2_P4,41,6,0.6667,0.8333,0.2,3,3,1,3,14,5,0.619,0.78718,33.88,0.00097,
tpch,mixed,18,dci_v2_P8,41,6,0.6667,0.8333,0.2,3,3,1,3,14,5,0.619,0.50492,21.73,0.00094,
tpch,mixed,18,dci_v1,41,6,1.0,1.0,0.0,3,3,3,3,14,5,0.8,2.32325,100.0,0.0016,
tpch,mixed,18,always_multiD,41,6,1.0,1.0,0.0,3,3,3,3,14,5,0.8,2.32325,100.0,0.00075,
tpch,mixed,18,best_axis_oracle,41,6,1.0,1.0,0.0,3,3,3,3,14,5,0.8476,0.00874,0.38,0.00243,S_T
tpch,mixed,18,union4_raw,41,6,1.0,1.0,0.0,3,3,3,3,14,5,0.7571,0.11528,4.96,0.00205,
tpch,mixed,18,union4_bonf,41,6,1.0,1.0,0.0,3,3,3,3,14,5,0.7571,0.11528,4.96,0.00205,
tpch,mixed,18,every_k2,41,6,0.0,0.5,1.0,0,3,0,3,9,3,,1.18996,51.22,5e-05,offset=0
tpch,mixed,18,every_k3,41,6,0.0,0.5,2.0,0,3,0,3,6,3,,0.79331,34.15,3e-05,offset=1
tpch,mixed,18,every_k4,41,6,0.5,0.6667,0.5,0,3,3,3,2,1,,0.56665,24.39,2e-05,offset=3
tpch,mixed,18,adwin,41,6,0.0,0.0,,0,3,0,3,0,0,,2.32325,100.0,2e-05,
tpch,mixed,18,adwin_s,41,6,0.0,0.0,,0,3,0,3,0,0,,2.32325,100.0,2e-05,
tpch,mixed,18,mcusum,41,6,1.0,1.0,0.0,3,3,3,3,14,5,0.8,2.32325,100.0,6e-05,
tpch,mixed,18,sketch1,41,6,1.0,1.0,0.0,3,3,3,3,14,5,0.7571,2.32325,100.0,0.00075,
tpch,mixed,19,dci_v2_P1,41,6,0.5,0.8333,0.4,3,3,0,3,15,6,0.5786,2.32325,100.0,0.0011,
tpch,mixed,19,dci_v2_P2,41,6,0.6667,0.8333,0.2,3,3,1,3,15,6,0.6095,1.28038,55.11,0.00101,
tpch,mixed,19,dci_v2_P4,41,6,0.6667,0.8333,0.2,3,3,1,3,15,6,0.6095,0.78718,33.88,0.00095,
tpch,mixed,19,dci_v2_P8,41,6,0.6667,0.8333,0.2,3,3,1,3,15,6,0.6381,0.50492,21.73,0.00092,
tpch,mixed,19,dci_v1,41,6,1.0,1.0,0.0,3,3,3,3,15,6,0.7714,2.32325,100.0,0.00158,
tpch,mixed,19,always_multiD,41,6,1.0,1.0,0.0,3,3,3,3,15,6,0.7714,2.32325,100.0,0.00073,
tpch,mixed,19,best_axis_oracle,41,6,1.0,1.0,0.0,3,3,3,3,15,6,0.7857,0.00874,0.38,0.00237,S_T
tpch,mixed,19,union4_raw,41,6,1.0,1.0,0.0,3,3,3,3,15,6,0.7429,0.11528,4.96,0.00203,
tpch,mixed,19,union4_bonf,41,6,1.0,1.0,0.0,3,3,3,3,15,6,0.7429,0.11528,4.96,0.00202,
tpch,mixed,19,every_k2,41,6,0.0,0.5,1.0,0,3,0,3,9,3,,1.18996,51.22,4e-05,offset=0
tpch,mixed,19,every_k3,41,6,1.0,1.0,0.0,3,3,3,3,3,0,,0.73664,31.71,3e-05,offset=2
tpch,mixed,19,every_k4,41,6,0.0,0.5,1.67,0,3,0,3,5,2,,0.62331,26.83,2e-05,offset=0
tpch,mixed,19,adwin,41,6,0.0,0.0,,0,3,0,3,0,0,,2.32325,100.0,2e-05,
tpch,mixed,19,adwin_s,41,6,0.0,0.0,,0,3,0,3,0,0,,2.32325,100.0,2e-05,
tpch,mixed,19,mcusum,41,6,1.0,1.0,0.0,3,3,3,3,15,6,0.7714,2.32325,100.0,6e-05,
tpch,mixed,19,sketch1,41,6,1.0,1.0,0.0,3,3,3,3,15,6,0.8,2.32325,100.0,0.00073,
tpch,mixed,20,dci_v2_P1,41,6,0.8333,0.8333,0.0,3,3,2,3,20,8,0.6095,2.32325,100.0,0.00113,
tpch,mixed,20,dci_v2_P2,41,6,0.8333,0.8333,0.0,3,3,2,3,20,8,0.5405,1.28038,55.11,0.00105,
tpch,mixed,20,dci_v2_P4,41,6,0.8333,0.8333,0.0,3,3,2,3,20,8,0.5405,0.78718,33.88,0.00099,
tpch,mixed,20,dci_v2_P8,41,6,0.8333,0.8333,0.0,3,3,2,3,20,8,0.5833,0.50492,21.73,0.00096,
tpch,mixed,20,dci_v1,41,6,1.0,1.0,0.0,3,3,3,3,20,8,0.7571,2.32325,100.0,0.00158,
tpch,mixed,20,always_multiD,41,6,1.0,1.0,0.0,3,3,3,3,20,8,0.7857,2.32325,100.0,0.00073,
tpch,mixed,20,best_axis_oracle,41,6,1.0,1.0,0.0,3,3,3,3,20,8,0.8095,0.00874,0.38,0.00239,S_T
tpch,mixed,20,union4_raw,41,6,1.0,1.0,0.0,3,3,3,3,20,8,0.6667,0.11528,4.96,0.00207,
tpch,mixed,20,union4_bonf,41,6,1.0,1.0,0.0,3,3,3,3,20,8,0.6667,0.11528,4.96,0.00204,
tpch,mixed,20,every_k2,41,6,1.0,1.0,0.0,3,3,3,3,8,4,,1.13329,48.78,4e-05,offset=1
tpch,mixed,20,every_k3,41,6,0.0,0.6667,2.0,0,3,0,3,8,4,,0.79331,34.15,3e-05,offset=1
tpch,mixed,20,every_k4,41,6,0.5,0.8333,0.8,3,3,0,3,4,2,,0.56665,24.39,2e-05,offset=1
tpch,mixed,20,adwin,41,6,0.0,0.0,,0,3,0,3,0,0,,2.32325,100.0,2e-05,
tpch,mixed,20,adwin_s,41,6,0.0,0.0,,0,3,0,3,0,0,,2.32325,100.0,2e-05,
tpch,mixed,20,mcusum,41,6,1.0,1.0,0.0,3,3,3,3,20,8,0.7857,2.32325,100.0,6e-05,
tpch,mixed,20,sketch1,41,6,1.0,1.0,0.0,3,3,3,3,20,8,0.619,2.32325,100.0,0.00073,
tpch,mixed,21,dci_v2_P1,41,6,0.5,0.8333,0.4,3,3,0,3,14,6,0.5238,2.32325,100.0,0.00112,
tpch,mixed,21,dci_v2_P2,41,6,0.6667,0.8333,0.2,3,3,1,3,14,6,0.5381,1.28038,55.11,0.00103,
tpch,mixed,21,dci_v2_P4,41,6,0.6667,0.8333,0.2,3,3,1,3,14,6,0.5381,0.78718,33.88,0.00097,
tpch,mixed,21,dci_v2_P8,41,6,0.6667,0.8333,0.2,3,3,1,3,14,6,0.5476,0.50492,21.73,0.00095,
tpch,mixed,21,dci_v1,41,6,1.0,1.0,0.0,3,3,3,3,14,6,0.7714,2.32325,100.0,0.00161,
tpch,mixed,21,always_multiD,41,6,1.0,1.0,0.0,3,3,3,3,14,6,0.7714,2.32325,100.0,0.00074,
tpch,mixed,21,best_axis_oracle,41,6,1.0,1.0,0.0,3,3,3,3,14,6,0.8,0.00874,0.38,0.00244,S_T
tpch,mixed,21,union4_raw,41,6,1.0,1.0,0.0,3,3,3,3,14,6,0.6762,0.11528,4.96,0.00204,
tpch,mixed,21,union4_bonf,41,6,1.0,1.0,0.0,3,3,3,3,14,6,0.6762,0.11528,4.96,0.00204,
tpch,mixed,21,every_k2,41,6,1.0,1.0,0.0,3,3,3,3,6,3,,1.13329,48.78,5e-05,offset=1
tpch,mixed,21,every_k3,41,6,0.0,0.5,1.0,0,3,0,3,6,3,,0.79331,34.15,3e-05,offset=0
tpch,mixed,21,every_k4,41,6,0.5,0.8333,0.8,3,3,0,3,3,1,,0.56665,24.39,3e-05,offset=1
tpch,mixed,21,adwin,41,6,0.0,0.0,,0,3,0,3,0,0,,2.32325,100.0,2e-05,
tpch,mixed,21,adwin_s,41,6,0.0,0.0,,0,3,0,3,0,0,,2.32325,100.0,2e-05,
tpch,mixed,21,mcusum,41,6,1.0,1.0,0.0,3,3,3,3,14,6,0.7714,2.32325,100.0,5e-05,
tpch,mixed,21,sketch1,41,6,1.0,1.0,0.0,3,3,3,3,14,6,0.7143,2.32325,100.0,0.00074,
tpch,mixed,22,dci_v2_P1,41,6,0.5,0.8333,0.4,3,3,0,3,14,6,0.5714,2.32325,100.0,0.00108,
tpch,mixed,22,dci_v2_P2,41,6,0.6667,0.8333,0.2,3,3,1,3,14,6,0.6048,1.28038,55.11,0.001,
tpch,mixed,22,dci_v2_P4,41,6,0.6667,0.8333,0.2,3,3,1,3,14,6,0.6048,0.78718,33.88,0.00093,
tpch,mixed,22,dci_v2_P8,41,6,0.6667,0.8333,0.2,3,3,1,3,14,6,0.619,0.50492,21.73,0.0009,
tpch,mixed,22,dci_v1,41,6,1.0,1.0,0.0,3,3,3,3,14,6,0.8,2.32325,100.0,0.00157,
tpch,mixed,22,always_multiD,41,6,1.0,1.0,0.0,3,3,3,3,14,6,0.8,2.32325,100.0,0.00072,
tpch,mixed,22,best_axis_oracle,41,6,1.0,1.0,0.0,3,3,3,3,14,6,0.8476,0.00874,0.38,0.00235,S_T
tpch,mixed,22,union4_raw,41,6,1.0,1.0,0.0,3,3,3,3,14,6,0.7429,0.11528,4.96,0.00199,
tpch,mixed,22,union4_bonf,41,6,1.0,1.0,0.0,3,3,3,3,14,6,0.7429,0.11528,4.96,0.002,
tpch,mixed,22,every_k2,41,6,1.0,1.0,0.0,3,3,3,3,5,3,,1.13329,48.78,5e-05,offset=1
tpch,mixed,22,every_k3,41,6,0.0,0.3333,2.0,0,3,0,3,5,3,,0.79331,34.15,3e-05,offset=1
tpch,mixed,22,every_k4,41,6,0.5,0.8333,0.8,3,3,0,3,3,1,,0.56665,24.39,2e-05,offset=1
tpch,mixed,22,adwin,41,6,0.0,0.0,,0,3,0,3,0,0,,2.32325,100.0,2e-05,
tpch,mixed,22,adwin_s,41,6,0.0,0.0,,0,3,0,3,0,0,,2.32325,100.0,2e-05,
tpch,mixed,22,mcusum,41,6,1.0,1.0,0.0,3,3,3,3,14,6,0.8,2.32325,100.0,6e-05,
tpch,mixed,22,sketch1,41,6,1.0,1.0,0.0,3,3,3,3,14,6,0.7429,2.32325,100.0,0.00073,
tpch,mixed,23,dci_v2_P1,41,6,0.5,0.8333,0.4,3,3,0,3,14,6,0.5048,2.32325,100.0,0.00125,
tpch,mixed,23,dci_v2_P2,41,6,0.6667,0.8333,0.2,3,3,1,3,14,6,0.5286,1.28038,55.11,0.00101,
tpch,mixed,23,dci_v2_P4,41,6,0.6667,0.8333,0.2,3,3,1,3,14,6,0.5286,0.78718,33.88,0.00094,
tpch,mixed,23,dci_v2_P8,41,6,0.6667,0.8333,0.2,3,3,1,3,14,6,0.5476,0.50492,21.73,0.00094,
tpch,mixed,23,dci_v1,41,6,1.0,1.0,0.0,3,3,3,3,14,6,0.7714,2.32325,100.0,0.00161,
tpch,mixed,23,always_multiD,41,6,1.0,1.0,0.0,3,3,3,3,14,6,0.7667,2.32325,100.0,0.00074,
tpch,mixed,23,best_axis_oracle,41,6,1.0,1.0,0.0,3,3,3,3,14,6,0.8429,0.00874,0.38,0.00246,S_T
tpch,mixed,23,union4_raw,41,6,1.0,1.0,0.0,3,3,3,3,14,6,0.6667,0.11528,4.96,0.00203,
tpch,mixed,23,union4_bonf,41,6,1.0,1.0,0.0,3,3,3,3,14,6,0.6667,0.11528,4.96,0.00202,
tpch,mixed,23,every_k2,41,6,0.0,0.5,1.0,0,3,0,3,9,3,,1.18996,51.22,4e-05,offset=0
tpch,mixed,23,every_k3,41,6,0.0,0.5,1.0,0,3,0,3,6,3,,0.79331,34.15,3e-05,offset=0
tpch,mixed,23,every_k4,41,6,0.5,0.6667,0.5,0,3,3,3,3,2,,0.56665,24.39,2e-05,offset=3
tpch,mixed,23,adwin,41,6,0.0,0.0,,0,3,0,3,0,0,,2.32325,100.0,2e-05,
tpch,mixed,23,adwin_s,41,6,0.0,0.0,,0,3,0,3,0,0,,2.32325,100.0,2e-05,
tpch,mixed,23,mcusum,41,6,1.0,1.0,0.0,3,3,3,3,14,6,0.7667,2.32325,100.0,6e-05,
tpch,mixed,23,sketch1,41,6,1.0,1.0,0.0,3,3,3,3,14,6,0.7333,2.32325,100.0,0.00074,
tpch,mixed,24,dci_v2_P1,41,6,0.6667,0.8333,0.2,3,3,1,3,15,6,0.6333,2.32325,100.0,0.00112,
tpch,mixed,24,dci_v2_P2,41,6,0.6667,0.8333,0.2,3,3,1,3,15,6,0.5952,1.28038,55.11,0.00104,
tpch,mixed,24,dci_v2_P4,41,6,0.6667,0.8333,0.2,3,3,1,3,15,6,0.5952,0.78718,33.88,0.00098,
tpch,mixed,24,dci_v2_P8,41,6,0.6667,0.8333,0.2,3,3,1,3,15,6,0.6095,0.50492,21.73,0.00094,
tpch,mixed,24,dci_v1,41,6,1.0,1.0,0.0,3,3,3,3,15,6,0.7857,2.32325,100.0,0.0016,
tpch,mixed,24,always_multiD,41,6,1.0,1.0,0.0,3,3,3,3,15,6,0.7857,2.32325,100.0,0.00074,
tpch,mixed,24,best_axis_oracle,41,6,1.0,1.0,0.0,3,3,3,3,15,6,0.8333,0.00874,0.38,0.00248,S_T
tpch,mixed,24,union4_raw,41,6,1.0,1.0,0.0,3,3,3,3,15,6,0.7286,0.11528,4.96,0.0021,
tpch,mixed,24,union4_bonf,41,6,1.0,1.0,0.0,3,3,3,3,15,6,0.7286,0.11528,4.96,0.00206,
tpch,mixed,24,every_k2,41,6,1.0,1.0,0.0,3,3,3,3,6,3,,1.13329,48.78,4e-05,offset=1
tpch,mixed,24,every_k3,41,6,0.0,0.5,2.0,0,3,0,3,6,3,,0.79331,34.15,3e-05,offset=1
tpch,mixed,24,every_k4,41,6,0.0,0.5,2.33,0,3,0,3,4,1,,0.56665,24.39,2e-05,offset=2
tpch,mixed,24,adwin,41,6,0.0,0.0,,0,3,0,3,0,0,,2.32325,100.0,2e-05,
tpch,mixed,24,adwin_s,41,6,0.0,0.0,,0,3,0,3,0,0,,2.32325,100.0,2e-05,
tpch,mixed,24,mcusum,41,6,1.0,1.0,0.0,3,3,3,3,15,6,0.7857,2.32325,100.0,5e-05,
tpch,mixed,24,sketch1,41,6,1.0,1.0,0.0,3,3,3,3,15,6,0.7286,2.32325,100.0,0.00076,
tpch,mixed,25,dci_v2_P1,41,6,0.6667,0.8333,0.2,3,3,1,3,13,4,0.6381,2.32325,100.0,0.0011,
tpch,mixed,25,dci_v2_P2,41,6,0.6667,0.8333,0.2,3,3,1,3,13,4,0.6143,1.28038,55.11,0.00102,
tpch,mixed,25,dci_v2_P4,41,6,0.6667,0.8333,0.2,3,3,1,3,13,4,0.6143,0.78718,33.88,0.00094,
tpch,mixed,25,dci_v2_P8,41,6,1.0,1.0,0.0,3,3,3,3,13,4,0.8,0.46035,19.82,0.00101,
tpch,mixed,25,dci_v1,41,6,1.0,1.0,0.0,3,3,3,3,13,4,0.8143,2.32325,100.0,0.00161,
tpch,mixed,25,always_multiD,41,6,1.0,1.0,0.0,3,3,3,3,13,4,0.8143,2.32325,100.0,0.00073,
tpch,mixed,25,best_axis_oracle,41,6,1.0,1.0,0.0,3,3,3,3,13,4,0.8143,0.00874,0.38,0.00241,S_T
tpch,mixed,25,union4_raw,41,6,1.0,1.0,0.0,3,3,3,3,13,4,0.7571,0.11528,4.96,0.00202,
tpch,mixed,25,union4_bonf,41,6,1.0,1.0,0.0,3,3,3,3,13,4,0.7571,0.11528,4.96,0.00201,
tpch,mixed,25,every_k2,41,6,1.0,1.0,0.0,3,3,3,3,5,2,,1.13329,48.78,4e-05,offset=1
tpch,mixed,25,every_k3,41,6,0.0,0.5,2.0,0,3,0,3,5,2,,0.79331,34.15,3e-05,offset=1
tpch,mixed,25,every_k4,41,6,0.5,0.6667,0.5,0,3,3,3,2,1,,0.56665,24.39,2e-05,offset=3
tpch,mixed,25,adwin,41,6,0.0,0.0,,0,3,0,3,0,0,,2.32325,100.0,2e-05,
tpch,mixed,25,adwin_s,41,6,0.0,0.0,,0,3,0,3,0,0,,2.32325,100.0,2e-05,
tpch,mixed,25,mcusum,41,6,1.0,1.0,0.0,3,3,3,3,13,4,0.8143,2.32325,100.0,6e-05,
tpch,mixed,25,sketch1,41,6,1.0,1.0,0.0,3,3,3,3,13,4,0.7571,2.32325,100.0,0.00075,
tpch,mixed,26,dci_v2_P1,41,6,0.5,0.8333,0.4,3,3,0,3,15,6,0.55,2.32325,100.0,0.00111,
tpch,mixed,26,dci_v2_P2,41,6,0.6667,0.8333,0.2,3,3,1,3,15,6,0.5667,1.28038,55.11,0.00102,
tpch,mixed,26,dci_v2_P4,41,6,0.6667,0.8333,0.2,3,3,1,3,15,6,0.5667,0.78718,33.88,0.00097,
tpch,mixed,26,dci_v2_P8,41,6,0.6667,0.8333,0.2,3,3,1,3,15,6,0.5952,0.50492,21.73,0.00093,
tpch,mixed,26,dci_v1,41,6,1.0,1.0,0.0,3,3,3,3,15,6,0.7857,2.32325,100.0,0.0016,
tpch,mixed,26,always_multiD,41,6,1.0,1.0,0.0,3,3,3,3,15,6,0.7857,2.32325,100.0,0.00073,
tpch,mixed,26,best_axis_oracle,41,6,1.0,1.0,0.0,3,3,3,3,15,6,0.7857,0.00874,0.38,0.00246,S_T
tpch,mixed,26,union4_raw,41,6,1.0,1.0,0.0,3,3,3,3,15,6,0.7,0.11528,4.96,0.00205,
tpch,mixed,26,union4_bonf,41,6,1.0,1.0,0.0,3,3,3,3,15,6,0.7,0.11528,4.96,0.00205,
tpch,mixed,26,every_k2,41,6,0.0,0.5,1.0,0,3,0,3,9,3,,1.18996,51.22,5e-05,offset=0
tpch,mixed,26,every_k3,41,6,0.0,0.5,2.0,0,3,0,3,6,3,,0.79331,34.15,3e-05,offset=1
tpch,mixed,26,every_k4,41,6,0.5,0.6667,0.5,0,3,3,3,3,2,,0.56665,24.39,2e-05,offset=3
tpch,mixed,26,adwin,41,6,0.0,0.0,,0,3,0,3,0,0,,2.32325,100.0,2e-05,
tpch,mixed,26,adwin_s,41,6,0.0,0.0,,0,3,0,3,0,0,,2.32325,100.0,2e-05,
tpch,mixed,26,mcusum,41,6,1.0,1.0,0.0,3,3,3,3,15,6,0.7857,2.32325,100.0,5e-05,
tpch,mixed,26,sketch1,41,6,1.0,1.0,0.0,3,3,3,3,15,6,0.7,2.32325,100.0,0.00074,
tpch,mixed,27,dci_v2_P1,41,6,0.6667,0.8333,0.2,3,3,1,3,17,7,0.5619,2.32325,100.0,0.00111,
tpch,mixed,27,dci_v2_P2,41,6,0.8333,0.8333,0.0,3,3,2,3,17,7,0.5714,1.28038,55.11,0.00102,
tpch,mixed,27,dci_v2_P4,41,6,0.8333,0.8333,0.0,3,3,2,3,17,7,0.5714,0.78718,33.88,0.00117,
tpch,mixed,27,dci_v2_P8,41,6,0.8333,0.8333,0.0,3,3,2,3,17,7,0.65,0.49006,21.09,0.00102,
tpch,mixed,27,dci_v1,41,6,1.0,1.0,0.0,3,3,3,3,17,7,0.7381,2.32325,100.0,0.00161,
tpch,mixed,27,always_multiD,41,6,1.0,1.0,0.0,3,3,3,3,17,7,0.7714,2.32325,100.0,0.00071,
tpch,mixed,27,best_axis_oracle,41,6,1.0,1.0,0.0,3,3,3,3,17,7,0.8429,0.00874,0.38,0.00234,S_T
tpch,mixed,27,union4_raw,41,6,1.0,1.0,0.0,3,3,3,3,17,7,0.6571,0.11528,4.96,0.00198,
tpch,mixed,27,union4_bonf,41,6,1.0,1.0,0.0,3,3,3,3,17,7,0.6571,0.11528,4.96,0.00195,
tpch,mixed,27,every_k2,41,6,0.0,0.6667,1.5,0,3,0,3,10,3,,1.18996,51.22,6e-05,offset=0
tpch,mixed,27,every_k3,41,6,0.0,0.5,2.0,0,3,0,3,6,3,,0.79331,34.15,3e-05,offset=1
tpch,mixed,27,every_k4,41,6,0.5,0.8333,0.8,3,3,0,3,4,2,,0.56665,24.39,2e-05,offset=1
tpch,mixed,27,adwin,41,6,0.0,0.0,,0,3,0,3,0,0,,2.32325,100.0,3e-05,
tpch,mixed,27,adwin_s,41,6,0.0,0.0,,0,3,0,3,0,0,,2.32325,100.0,2e-05,
tpch,mixed,27,mcusum,41,6,1.0,1.0,0.0,3,3,3,3,17,7,0.7714,2.32325,100.0,5e-05,
tpch,mixed,27,sketch1,41,6,1.0,1.0,0.0,3,3,3,3,17,7,0.7381,2.32325,100.0,0.00072,
tpch,mixed,28,dci_v2_P1,41,6,0.5,0.8333,0.4,3,3,0,3,15,6,0.5119,2.32325,100.0,0.00114,
tpch,mixed,28,dci_v2_P2,41,6,0.6667,0.8333,0.2,3,3,1,3,15,6,0.5429,1.28038,55.11,0.00102,
tpch,mixed,28,dci_v2_P4,41,6,0.6667,0.8333,0.2,3,3,1,3,15,6,0.5429,0.78718,33.88,0.00098,
tpch,mixed,28,dci_v2_P8,41,6,0.6667,0.8333,0.2,3,3,1,3,15,6,0.5714,0.50492,21.73,0.00094,
tpch,mixed,28,dci_v1,41,6,1.0,1.0,0.0,3,3,3,3,15,6,0.7476,2.32325,100.0,0.00163,
tpch,mixed,28,always_multiD,41,6,1.0,1.0,0.0,3,3,3,3,15,6,0.7476,2.32325,100.0,0.00075,
tpch,mixed,28,best_axis_oracle,41,6,1.0,1.0,0.0,3,3,3,3,15,6,0.8333,0.00874,0.38,0.00246,S_T
tpch,mixed,28,union4_raw,41,6,1.0,1.0,0.0,3,3,3,3,15,6,0.6762,0.11528,4.96,0.00206,
tpch,mixed,28,union4_bonf,41,6,1.0,1.0,0.0,3,3,3,3,15,6,0.6762,0.11528,4.96,0.00205,
tpch,mixed,28,every_k2,41,6,0.0,0.5,1.0,0,3,0,3,9,3,,1.18996,51.22,5e-05,offset=0
tpch,mixed,28,every_k3,41,6,0.0,0.5,2.0,0,3,0,3,6,3,,0.79331,34.15,4e-05,offset=1
tpch,mixed,28,every_k4,41,6,0.0,0.5,1.67,0,3,0,3,5,2,,0.62331,26.83,3e-05,offset=0
tpch,mixed,28,adwin,41,6,0.0,0.0,,0,3,0,3,0,0,,2.32325,100.0,2e-05,
tpch,mixed,28,adwin_s,41,6,0.0,0.0,,0,3,0,3,0,0,,2.32325,100.0,2e-05,
tpch,mixed,28,mcusum,41,6,1.0,1.0,0.0,3,3,3,3,15,6,0.7476,2.32325,100.0,5e-05,
tpch,mixed,28,sketch1,41,6,1.0,1.0,0.0,3,3,3,3,15,6,0.781,2.32325,100.0,0.00074,
tpch,mixed,29,dci_v2_P1,41,6,0.6667,0.8333,0.2,3,3,1,3,17,6,0.5643,2.32325,100.0,0.00113,
tpch,mixed,29,dci_v2_P2,41,6,0.8333,0.8333,0.0,3,3,2,3,17,6,0.6024,1.28038,55.11,0.00102,
tpch,mixed,29,dci_v2_P4,41,6,0.8333,0.8333,0.0,3,3,2,3,17,6,0.6024,0.78718,33.88,0.00096,
tpch,mixed,29,dci_v2_P8,41,6,0.8333,0.8333,0.0,3,3,2,3,17,6,0.6619,0.50492,21.73,0.00093,
tpch,mixed,29,dci_v1,41,6,1.0,1.0,0.0,3,3,3,3,17,6,0.8,2.32325,100.0,0.00159,
tpch,mixed,29,always_multiD,41,6,1.0,1.0,0.0,3,3,3,3,17,6,0.8381,2.32325,100.0,0.00072,
tpch,mixed,29,best_axis_oracle,41,6,1.0,1.0,0.0,3,3,3,3,17,6,0.8429,0.00874,0.38,0.00238,S_T
tpch,mixed,29,union4_raw,41,6,1.0,1.0,0.0,3,3,3,3,17,6,0.6857,0.11528,4.96,0.00203,
tpch,mixed,29,union4_bonf,41,6,1.0,1.0,0.0,3,3,3,3,17,6,0.6857,0.11528,4.96,0.00203,
tpch,mixed,29,every_k2,41,6,1.0,1.0,0.0,3,3,3,3,6,3,,1.13329,48.78,5e-05,offset=1
tpch,mixed,29,every_k3,41,6,0.0,0.5,2.0,0,3,0,3,6,3,,0.79331,34.15,3e-05,offset=1
tpch,mixed,29,every_k4,41,6,0.0,0.6667,2.0,0,3,0,3,5,1,,0.62331,26.83,3e-05,offset=0
tpch,mixed,29,adwin,41,6,0.0,0.0,,0,3,0,3,0,0,,2.32325,100.0,2e-05,
tpch,mixed,29,adwin_s,41,6,0.0,0.0,,0,3,0,3,0,0,,2.32325,100.0,2e-05,
tpch,mixed,29,mcusum,41,6,1.0,1.0,0.0,3,3,3,3,17,6,0.8381,2.32325,100.0,5e-05,
tpch,mixed,29,sketch1,41,6,1.0,1.0,0.0,3,3,3,3,17,6,0.7238,2.32325,100.0,0.00073,
tpch,mixed,30,dci_v2_P1,41,6,0.8333,1.0,0.17,3,3,2,3,21,10,0.6524,2.32325,100.0,0.00115,
tpch,mixed,30,dci_v2_P2,41,6,1.0,1.0,0.0,3,3,3,3,21,10,0.6143,1.28038,55.11,0.00106,
tpch,mixed,30,dci_v2_P4,41,6,1.0,1.0,0.0,3,3,3,3,21,10,0.6143,0.78718,33.88,0.00103,
tpch,mixed,30,dci_v2_P8,41,6,1.0,1.0,0.0,3,3,3,3,21,10,0.6429,0.50492,21.73,0.00099,
tpch,mixed,30,dci_v1,41,6,1.0,1.0,0.0,3,3,3,3,21,10,0.8143,2.32325,100.0,0.0016,
tpch,mixed,30,always_multiD,41,6,1.0,1.0,0.0,3,3,3,3,21,10,0.8714,2.32325,100.0,0.00075,
tpch,mixed,30,best_axis_oracle,41,6,1.0,1.0,0.0,3,3,3,3,21,10,0.8143,0.00874,0.38,0.0025,S_T
tpch,mixed,30,union4_raw,41,6,1.0,1.0,0.0,3,3,3,3,21,10,0.7571,0.11528,4.96,0.00211,
tpch,mixed,30,union4_bonf,41,6,1.0,1.0,0.0,3,3,3,3,21,10,0.7571,0.11528,4.96,0.0021,
tpch,mixed,30,every_k2,41,6,1.0,1.0,0.0,3,3,3,3,7,5,,1.13329,48.78,4e-05,offset=1
tpch,mixed,30,every_k3,41,6,0.0,0.3333,2.0,0,3,0,3,7,5,,0.79331,34.15,3e-05,offset=1
tpch,mixed,30,every_k4,41,6,0.0,0.6667,2.0,0,3,0,3,7,3,,0.62331,26.83,2e-05,offset=0
tpch,mixed,30,adwin,41,6,0.0,0.0,,0,3,0,3,0,0,,2.32325,100.0,2e-05,
tpch,mixed,30,adwin_s,41,6,0.0,0.0,,0,3,0,3,0,0,,2.32325,100.0,2e-05,
tpch,mixed,30,mcusum,41,6,1.0,1.0,0.0,3,3,3,3,21,10,0.8714,2.32325,100.0,6e-05,
tpch,mixed,30,sketch1,41,6,1.0,1.0,0.0,3,3,3,3,21,10,0.6714,2.32325,100.0,0.00076,
tpch,mixed,31,dci_v2_P1,41,6,0.8333,1.0,0.17,3,3,2,3,22,10,0.5762,2.32325,100.0,0.00116,
tpch,mixed,31,dci_v2_P2,41,6,1.0,1.0,0.0,3,3,3,3,22,10,0.5857,1.28038,55.11,0.00109,
tpch,mixed,31,dci_v2_P4,41,6,1.0,1.0,0.0,3,3,3,3,22,10,0.5857,0.78718,33.88,0.00105,
tpch,mixed,31,dci_v2_P8,41,6,1.0,1.0,0.0,3,3,3,3,22,10,0.6238,0.50492,21.73,0.001,
tpch,mixed,31,dci_v1,41,6,1.0,1.0,0.0,3,3,3,3,22,10,0.781,2.32325,100.0,0.0016,
tpch,mixed,31,always_multiD,41,6,1.0,1.0,0.0,3,3,3,3,22,10,0.8476,2.32325,100.0,0.00075,
tpch,mixed,31,best_axis_oracle,41,6,1.0,1.0,0.0,3,3,3,3,22,10,0.8095,0.00874,0.38,0.00251,S_T
tpch,mixed,31,union4_raw,41,6,1.0,1.0,0.0,3,3,3,3,22,10,0.6571,0.11528,4.96,0.00212,
tpch,mixed,31,union4_bonf,41,6,1.0,1.0,0.0,3,3,3,3,22,10,0.6571,0.11528,4.96,0.00213,
tpch,mixed,31,every_k2,41,6,0.0,0.8333,1.4,0,3,0,3,13,5,,1.18996,51.22,5e-05,offset=0
tpch,mixed,31,every_k3,41,6,0.0,0.6667,2.0,0,3,0,3,9,5,,0.79331,34.15,3e-05,offset=1
tpch,mixed,31,every_k4,41,6,0.0,0.6667,1.5,0,3,0,3,7,3,,0.62331,26.83,2e-05,offset=0
tpch,mixed,31,adwin,41,6,0.0,0.0,,0,3,0,3,0,0,,2.32325,100.0,2e-05,
tpch,mixed,31,adwin_s,41,6,0.0,0.0,,0,3,0,3,0,0,,2.32325,100.0,2e-05,
tpch,mixed,31,mcusum,41,6,1.0,1.0,0.0,3,3,3,3,22,10,0.8476,2.32325,100.0,6e-05,
tpch,mixed,31,sketch1,41,6,1.0,1.0,0.0,3,3,3,3,22,10,0.7238,2.32325,100.0,0.00076,
tpch,mixed,32,dci_v2_P1,41,6,0.5,0.8333,0.4,3,3,0,3,12,5,0.5381,2.32325,100.0,0.00108,
tpch,mixed,32,dci_v2_P2,41,6,0.6667,0.8333,0.2,3,3,1,3,12,5,0.5762,1.28038,55.11,0.00102,
tpch,mixed,32,dci_v2_P4,41,6,0.6667,0.8333,0.2,3,3,1,3,12,5,0.5762,0.78718,33.88,0.00093,
tpch,mixed,32,dci_v2_P8,41,6,0.6667,0.8333,0.2,3,3,1,3,12,5,0.5952,0.50492,21.73,0.00093,
tpch,mixed,32,dci_v1,41,6,1.0,1.0,0.0,3,3,3,3,12,5,0.7571,2.32325,100.0,0.00161,
tpch,mixed,32,always_multiD,41,6,1.0,1.0,0.0,3,3,3,3,12,5,0.781,2.32325,100.0,0.00073,
tpch,mixed,32,best_axis_oracle,41,6,1.0,1.0,0.0,3,3,3,3,12,5,0.8714,0.00874,0.38,0.00243,S_T
tpch,mixed,32,union4_raw,41,6,1.0,1.0,0.0,3,3,3,3,12,5,0.7238,0.11528,4.96,0.00206,
tpch,mixed,32,union4_bonf,41,6,1.0,1.0,0.0,3,3,3,3,12,5,0.7238,0.11528,4.96,0.00203,
tpch,mixed,32,every_k2,41,6,0.0,0.5,1.0,0,3,0,3,8,3,,1.18996,51.22,5e-05,offset=0
tpch,mixed,32,every_k3,41,6,0.0,0.5,1.0,0,3,0,3,5,2,,0.79331,34.15,3e-05,offset=0
tpch,mixed,32,every_k4,41,6,0.0,0.5,1.67,0,3,0,3,5,2,,0.62331,26.83,3e-05,offset=0
tpch,mixed,32,adwin,41,6,0.0,0.0,,0,3,0,3,0,0,,2.32325,100.0,2e-05,
tpch,mixed,32,adwin_s,41,6,0.0,0.0,,0,3,0,3,0,0,,2.32325,100.0,2e-05,
tpch,mixed,32,mcusum,41,6,1.0,1.0,0.0,3,3,3,3,12,5,0.781,2.32325,100.0,6e-05,
tpch,mixed,32,sketch1,41,6,1.0,1.0,0.0,3,3,3,3,12,5,0.7571,2.32325,100.0,0.00076,
tpch,mixed,33,dci_v2_P1,41,6,0.8333,0.8333,0.0,3,3,2,3,13,4,0.7262,2.32325,100.0,0.00113,
tpch,mixed,33,dci_v2_P2,41,6,0.6667,0.8333,0.2,3,3,1,3,13,4,0.5905,1.28038,55.11,0.00099,
tpch,mixed,33,dci_v2_P4,41,6,0.6667,0.8333,0.2,3,3,1,3,13,4,0.5905,0.78718,33.88,0.00095,
tpch,mixed,33,dci_v2_P8,41,6,0.6667,0.8333,0.2,3,3,1,3,13,4,0.6286,0.50492,21.73,0.00093,
tpch,mixed,33,dci_v1,41,6,1.0,1.0,0.0,3,3,3,3,13,4,0.7857,2.32325,100.0,0.00161,
tpch,mixed,33,always_multiD,41,6,1.0,1.0,0.0,3,3,3,3,13,4,0.7952,2.32325,100.0,0.00075,
tpch,mixed,33,best_axis_oracle,41,6,1.0,1.0,0.0,3,3,3,3,13,4,0.8571,0.00874,0.38,0.00242,S_T
tpch,mixed,33,union4_raw,41,6,1.0,1.0,0.0,3,3,3,3,13,4,0.7857,0.11528,4.96,0.00198,
tpch,mixed,33,union4_bonf,41,6,1.0,1.0,0.0,3,3,3,3,13,4,0.7857,0.11528,4.96,0.00196,
tpch,mixed,33,every_k2,41,6,1.0,1.0,0.0,3,3,3,3,5,2,,1.13329,48.78,4e-05,offset=1
tpch,mixed,33,every_k3,41,6,1.0,1.0,0.0,3,3,3,3,3,0,,0.73664,31.71,3e-05,offset=2
tpch,mixed,33,every_k4,41,6,0.0,0.5,2.33,0,3,0,3,4,1,,0.56665,24.39,2e-05,offset=2
tpch,mixed,33,adwin,41,6,0.0,0.0,,0,3,0,3,0,0,,2.32325,100.0,2e-05,
tpch,mixed,33,adwin_s,41,6,0.0,0.0,,0,3,0,3,0,0,,2.32325,100.0,2e-05,
tpch,mixed,33,mcusum,41,6,1.0,1.0,0.0,3,3,3,3,13,4,0.7952,2.32325,100.0,6e-05,
tpch,mixed,33,sketch1,41,6,1.0,1.0,0.0,3,3,3,3,13,4,0.8381,2.32325,100.0,0.00072,
tpch,mixed,34,dci_v2_P1,41,6,0.6667,0.8333,0.4,3,3,1,3,13,5,0.6381,2.32325,100.0,0.00111,
tpch,mixed,34,dci_v2_P2,41,6,0.6667,0.8333,0.4,3,3,1,3,13,5,0.5619,1.28038,55.11,0.00102,
tpch,mixed,34,dci_v2_P4,41,6,0.6667,0.8333,0.4,3,3,1,3,13,5,0.5619,0.78718,33.88,0.00095,
tpch,mixed,34,dci_v2_P8,41,6,0.6667,0.8333,0.4,3,3,1,3,13,5,0.5905,0.50492,21.73,0.00094,
tpch,mixed,34,dci_v1,41,6,1.0,1.0,0.0,3,3,3,3,13,5,0.7952,2.32325,100.0,0.00162,
tpch,mixed,34,always_multiD,41,6,1.0,1.0,0.0,3,3,3,3,13,5,0.7905,2.32325,100.0,0.00075,
tpch,mixed,34,best_axis_oracle,41,6,1.0,1.0,0.0,3,3,3,3,13,5,0.8143,0.00874,0.38,0.00242,S_T
tpch,mixed,34,union4_raw,41,6,1.0,1.0,0.0,3,3,3,3,13,5,0.7429,0.11528,4.96,0.00204,
tpch,mixed,34,union4_bonf,41,6,1.0,1.0,0.0,3,3,3,3,13,5,0.7429,0.11528,4.96,0.00204,
tpch,mixed,34,every_k2,41,6,0.0,0.5,1.67,0,3,0,3,7,2,,1.18996,51.22,5e-05,offset=0
tpch,mixed,34,every_k3,41,6,1.0,1.0,0.0,3,3,3,3,3,0,,0.73664,31.71,3e-05,offset=2
tpch,mixed,34,every_k4,41,6,0.0,0.3333,2.0,0,3,0,3,3,1,,0.62331,26.83,2e-05,offset=0
tpch,mixed,34,adwin,41,6,0.0,0.0,,0,3,0,3,0,0,,2.32325,100.0,2e-05,
tpch,mixed,34,adwin_s,41,6,0.0,0.0,,0,3,0,3,0,0,,2.32325,100.0,2e-05,
tpch,mixed,34,mcusum,41,6,1.0,1.0,0.0,3,3,3,3,13,5,0.7905,2.32325,100.0,6e-05,
tpch,mixed,34,sketch1,41,6,1.0,1.0,0.0,3,3,3,3,13,5,0.7429,2.32325,100.0,0.00075,
tpch,mixed,35,dci_v2_P1,41,6,0.8333,1.0,0.17,3,3,2,3,24,9,0.5,2.32325,100.0,0.00118,
tpch,mixed,35,dci_v2_P2,41,6,1.0,1.0,0.0,3,3,3,3,24,9,0.5143,1.28038,55.11,0.0011,
tpch,mixed,35,dci_v2_P4,41,6,1.0,1.0,0.0,3,3,3,3,24,9,0.5143,0.78718,33.88,0.00104,
tpch,mixed,35,dci_v2_P8,41,6,1.0,1.0,0.0,3,3,3,3,24,9,0.5952,0.50492,21.73,0.00101,
tpch,mixed,35,dci_v1,41,6,1.0,1.0,0.0,3,3,3,3,24,9,0.7571,2.32325,100.0,0.00162,
tpch,mixed,35,always_multiD,41,6,1.0,1.0,0.0,3,3,3,3,24,9,0.8381,2.32325,100.0,0.00073,
tpch,mixed,35,best_axis_oracle,41,6,1.0,1.0,0.0,3,3,3,3,24,9,0.7905,0.00874,0.38,0.00253,S_T
tpch,mixed,35,union4_raw,41,6,1.0,1.0,0.0,3,3,3,3,24,9,0.581,0.11528,4.96,0.00213,
tpch,mixed,35,union4_bonf,41,6,1.0,1.0,0.0,3,3,3,3,24,9,0.581,0.11528,4.96,0.00213,
tpch,mixed,35,every_k2,41,6,0.0,0.8333,1.0,0,3,0,3,14,4,,1.18996,51.22,4e-05,offset=0
tpch,mixed,35,every_k3,41,6,1.0,1.0,0.0,3,3,3,3,5,0,,0.73664,31.71,3e-05,offset=2
tpch,mixed,35,every_k4,41,6,0.0,0.8333,2.2,0,3,0,3,6,1,,0.56665,24.39,3e-05,offset=2
tpch,mixed,35,adwin,41,6,0.0,0.0,,0,3,0,3,0,0,,2.32325,100.0,2e-05,
tpch,mixed,35,adwin_s,41,6,0.0,0.0,,0,3,0,3,0,0,,2.32325,100.0,2e-05,
tpch,mixed,35,mcusum,41,6,1.0,1.0,0.0,3,3,3,3,24,9,0.8381,2.32325,100.0,6e-05,
tpch,mixed,35,sketch1,41,6,1.0,1.0,0.0,3,3,3,3,24,9,0.6095,2.32325,100.0,0.00073,
tpch,mixed,36,dci_v2_P1,41,6,0.6667,0.8333,0.2,3,3,1,3,15,6,0.6048,2.32325,100.0,0.00112,
tpch,mixed,36,dci_v2_P2,41,6,0.6667,0.8333,0.2,3,3,1,3,15,6,0.5333,1.28038,55.11,0.00103,
tpch,mixed,36,dci_v2_P4,41,6,0.6667,0.8333,0.2,3,3,1,3,15,6,0.5333,0.78718,33.88,0.00098,
tpch,mixed,36,dci_v2_P8,41,6,0.6667,0.8333,0.2,3,3,1,3,15,6,0.5619,0.50492,21.73,0.00096,
tpch,mixed,36,dci_v1,41,6,1.0,1.0,0.0,3,3,3,3,15,6,0.7619,2.32325,100.0,0.00163,
tpch,mixed,36,always_multiD,41,6,1.0,1.0,0.0,3,3,3,3,15,6,0.7619,2.32325,100.0,0.00075,
tpch,mixed,36,best_axis_oracle,41,6,1.0,1.0,0.0,3,3,3,3,15,6,0.7857,0.00874,0.38,0.00242,S_T
tpch,mixed,36,union4_raw,41,6,1.0,1.0,0.0,3,3,3,3,15,6,0.7143,0.11528,4.96,0.00208,
tpch,mixed,36,union4_bonf,41,6,1.0,1.0,0.0,3,3,3,3,15,6,0.7143,0.11528,4.96,0.00205,
tpch,mixed,36,every_k2,41,6,0.0,0.5,1.0,0,3,0,3,9,3,,1.18996,51.22,4e-05,offset=0
tpch,mixed,36,every_k3,41,6,0.0,0.5,1.0,0,3,0,3,6,3,,0.79331,34.15,3e-05,offset=0
tpch,mixed,36,every_k4,41,6,0.5,0.8333,0.8,3,3,0,3,3,1,,0.56665,24.39,2e-05,offset=1
tpch,mixed,36,adwin,41,6,0.0,0.0,,0,3,0,3,0,0,,2.32325,100.0,2e-05,
tpch,mixed,36,adwin_s,41,6,0.0,0.0,,0,3,0,3,0,0,,2.32325,100.0,2e-05,
tpch,mixed,36,mcusum,41,6,1.0,1.0,0.0,3,3,3,3,15,6,0.7619,2.32325,100.0,6e-05,
tpch,mixed,36,sketch1,41,6,1.0,1.0,0.0,3,3,3,3,15,6,0.7619,2.32325,100.0,0.00074,
tpch,mixed,37,dci_v2_P1,41,6,0.6667,0.8333,0.2,3,3,1,3,15,6,0.5476,2.32325,100.0,0.00109,
tpch,mixed,37,dci_v2_P2,41,6,0.6667,0.8333,0.2,3,3,1,3,15,6,0.4952,1.28038,55.11,0.001,
tpch,mixed,37,dci_v2_P4,41,6,0.6667,0.8333,0.2,3,3,1,3,15,6,0.4952,0.78718,33.88,0.00095,
tpch,mixed,37,dci_v2_P8,41,6,0.6667,0.8333,0.2,3,3,1,3,15,6,0.5429,0.50492,21.73,0.00092,
tpch,mixed,37,dci_v1,41,6,1.0,1.0,0.0,3,3,3,3,15,6,0.7429,2.32325,100.0,0.00159,
tpch,mixed,37,always_multiD,41,6,1.0,1.0,0.0,3,3,3,3,15,6,0.7429,2.32325,100.0,0.00072,
tpch,mixed,37,best_axis_oracle,41,6,1.0,1.0,0.0,3,3,3,3,15,6,0.8333,0.00874,0.38,0.00242,S_T
tpch,mixed,37,union4_raw,41,6,1.0,1.0,0.0,3,3,3,3,15,6,0.6571,0.11528,4.96,0.00206,
tpch,mixed,37,union4_bonf,41,6,1.0,1.0,0.0,3,3,3,3,15,6,0.6571,0.11528,4.96,0.00205,
tpch,mixed,37,every_k2,41,6,1.0,1.0,0.0,3,3,3,3,6,3,,1.13329,48.78,4e-05,offset=1
tpch,mixed,37,every_k3,41,6,0.0,0.5,2.0,0,3,0,3,6,3,,0.79331,34.15,3e-05,offset=1
tpch,mixed,37,every_k4,41,6,0.5,0.6667,0.5,0,3,3,3,3,2,,0.56665,24.39,2e-05,offset=3
tpch,mixed,37,adwin,41,6,0.0,0.0,,0,3,0,3,0,0,,2.32325,100.0,2e-05,
tpch,mixed,37,adwin_s,41,6,0.0,0.0,,0,3,0,3,0,0,,2.32325,100.0,2e-05,
tpch,mixed,37,mcusum,41,6,1.0,1.0,0.0,3,3,3,3,15,6,0.7429,2.32325,100.0,6e-05,
tpch,mixed,37,sketch1,41,6,1.0,1.0,0.0,3,3,3,3,15,6,0.6857,2.32325,100.0,0.00075,
tpch,mixed,38,dci_v2_P1,41,6,0.5,0.6667,0.25,2,3,1,3,14,5,0.519,2.32325,100.0,0.00112,
tpch,mixed,38,dci_v2_P2,41,6,0.5,0.6667,0.25,2,3,1,3,14,5,0.5095,1.28038,55.11,0.001,
tpch,mixed,38,dci_v2_P4,41,6,0.5,0.6667,0.25,2,3,1,3,14,5,0.5095,0.78718,33.88,0.00094,
tpch,mixed,38,dci_v2_P8,41,6,0.8333,0.8333,0.0,2,3,3,3,14,5,0.7238,0.46035,19.82,0.001,
tpch,mixed,38,dci_v1,41,6,0.8333,0.8333,0.0,2,3,3,3,14,5,0.7286,2.32325,100.0,0.00157,
tpch,mixed,38,always_multiD,41,6,0.8333,0.8333,0.0,2,3,3,3,14,5,0.6833,2.32325,100.0,0.00073,
tpch,mixed,38,best_axis_oracle,41,6,0.5,0.5,0.0,0,3,3,3,0,0,0.75,0.00013,0.01,0.00236,S_V
tpch,mixed,38,union4_raw,41,6,0.8333,0.8333,0.0,2,3,3,3,14,5,0.6143,0.11528,4.96,0.00198,
tpch,mixed,38,union4_bonf,41,6,0.8333,0.8333,0.0,2,3,3,3,14,5,0.6143,0.11528,4.96,0.00199,
tpch,mixed,38,every_k2,41,6,0.0,0.5,1.0,0,3,0,3,8,2,,1.18996,51.22,4e-05,offset=0
tpch,mixed,38,every_k3,41,6,0.8333,0.8333,0.0,2,3,3,3,3,0,,0.73664,31.71,3e-05,offset=2
tpch,mixed,38,every_k4,41,6,0.0,0.5,2.33,0,3,0,3,4,1,,0.56665,24.39,2e-05,offset=2
tpch,mixed,38,adwin,41,6,0.0,0.0,,0,3,0,3,0,0,,2.32325,100.0,2e-05,
tpch,mixed,38,adwin_s,41,6,0.0,0.0,,0,3,0,3,0,0,,2.32325,100.0,2e-05,
tpch,mixed,38,mcusum,41,6,0.8333,0.8333,0.0,2,3,3,3,14,5,0.681,2.32325,100.0,6e-05,
tpch,mixed,38,sketch1,41,6,0.8333,0.8333,0.0,2,3,3,3,14,5,0.6571,2.32325,100.0,0.00072,
tpch,mixed,39,dci_v2_P1,41,6,0.6667,1.0,0.33,3,3,1,3,22,8,0.5786,2.32325,100.0,0.00116,
tpch,mixed,39,dci_v2_P2,41,6,0.8333,1.0,0.17,3,3,2,3,22,8,0.6048,1.28038,55.11,0.00108,
tpch,mixed,39,dci_v2_P4,41,6,0.8333,1.0,0.17,3,3,2,3,22,8,0.6048,0.78718,33.88,0.00103,
tpch,mixed,39,dci_v2_P8,41,6,0.8333,1.0,0.17,3,3,2,3,22,8,0.6143,0.50492,21.73,0.00099,
tpch,mixed,39,dci_v1,41,6,1.0,1.0,0.0,3,3,3,3,22,8,0.7667,2.32325,100.0,0.00163,
tpch,mixed,39,always_multiD,41,6,1.0,1.0,0.0,3,3,3,3,22,8,0.8714,2.32325,100.0,0.00075,
tpch,mixed,39,best_axis_oracle,41,6,1.0,1.0,0.0,3,3,3,3,22,8,0.7905,0.00874,0.38,0.0025,S_T
tpch,mixed,39,union4_raw,41,6,1.0,1.0,0.0,3,3,3,3,22,8,0.7762,0.11528,4.96,0.0021,
tpch,mixed,39,union4_bonf,41,6,1.0,1.0,0.0,3,3,3,3,22,8,0.7762,0.11528,4.96,0.00211,
tpch,mixed,39,every_k2,41,6,0.0,0.8333,1.0,0,3,0,3,13,3,,1.18996,51.22,5e-05,offset=0
tpch,mixed,39,every_k3,41,6,1.0,1.0,0.0,3,3,3,3,5,0,,0.73664,31.71,3e-05,offset=2
tpch,mixed,39,every_k4,41,6,0.5,1.0,1.0,3,3,0,3,5,2,,0.56665,24.39,3e-05,offset=1
tpch,mixed,39,adwin,41,6,0.0,0.0,,0,3,0,3,0,0,,2.32325,100.0,2e-05,
tpch,mixed,39,adwin_s,41,6,0.0,0.0,,0,3,0,3,0,0,,2.32325,100.0,2e-05,
tpch,mixed,39,mcusum,41,6,1.0,1.0,0.0,3,3,3,3,22,8,0.8714,2.32325,100.0,5e-05,
tpch,mixed,39,sketch1,41,6,1.0,1.0,0.0,3,3,3,3,22,8,0.6619,2.32325,100.0,0.00074,
tpch,mixed,40,dci_v2_P1,41,6,0.6667,0.8333,0.2,3,3,1,3,11,5,0.6429,2.32325,100.0,0.00112,
tpch,mixed,40,dci_v2_P2,41,6,0.6667,0.8333,0.2,3,3,1,3,11,5,0.5905,1.28038,55.11,0.00102,
tpch,mixed,40,dci_v2_P4,41,6,0.6667,0.8333,0.2,3,3,1,3,11,5,0.5905,0.78718,33.88,0.00097,
tpch,mixed,40,dci_v2_P8,41,6,0.6667,0.8333,0.2,3,3,1,3,11,5,0.581,0.50492,21.73,0.00095,
tpch,mixed,40,dci_v1,41,6,1.0,1.0,0.0,3,3,3,3,11,5,0.8429,2.32325,100.0,0.00164,
tpch,mixed,40,always_multiD,41,6,1.0,1.0,0.0,3,3,3,3,11,5,0.8286,2.32325,100.0,0.00074,
tpch,mixed,40,best_axis_oracle,41,6,1.0,1.0,0.0,3,3,3,3,11,5,0.881,0.00874,0.38,0.00245,S_T
tpch,mixed,40,union4_raw,41,6,1.0,1.0,0.0,3,3,3,3,11,5,0.7714,0.11528,4.96,0.00206,
tpch,mixed,40,union4_bonf,41,6,1.0,1.0,0.0,3,3,3,3,11,5,0.7714,0.11528,4.96,0.00204,
tpch,mixed,40,every_k2,41,6,1.0,1.0,0.0,3,3,3,3,4,2,,1.13329,48.78,5e-05,offset=1
tpch,mixed,40,every_k3,41,6,0.0,0.5,1.0,0,3,0,3,5,2,,0.79331,34.15,3e-05,offset=0
tpch,mixed,40,every_k4,41,6,0.5,0.6667,0.5,0,3,3,3,2,1,,0.56665,24.39,3e-05,offset=3
tpch,mixed,40,adwin,41,6,0.0,0.0,,0,3,0,3,0,0,,2.32325,100.0,2e-05,
tpch,mixed,40,adwin_s,41,6,0.0,0.0,,0,3,0,3,0,0,,2.32325,100.0,2e-05,
tpch,mixed,40,mcusum,41,6,1.0,1.0,0.0,3,3,3,3,11,5,0.8286,2.32325,100.0,5e-05,
tpch,mixed,40,sketch1,41,6,1.0,1.0,0.0,3,3,3,3,11,5,0.7714,2.32325,100.0,0.00076,
tpch,mixed,41,dci_v2_P1,41,6,0.8333,0.8333,0.0,3,3,2,3,20,8,0.5667,2.32325,100.0,0.00123,
tpch,mixed,41,dci_v2_P2,41,6,0.8333,0.8333,0.0,3,3,2,3,20,8,0.481,1.28038,55.11,0.00109,
tpch,mixed,41,dci_v2_P4,41,6,0.8333,0.8333,0.0,3,3,2,3,20,8,0.481,0.78718,33.88,0.0011,
tpch,mixed,41,dci_v2_P8,41,6,0.8333,0.8333,0.0,3,3,2,3,20,8,0.5357,0.50492,21.73,0.00103,
tpch,mixed,41,dci_v1,41,6,1.0,1.0,0.0,3,3,3,3,20,8,0.6714,2.32325,100.0,0.00159,
tpch,mixed,41,always_multiD,41,6,1.0,1.0,0.0,3,3,3,3,20,8,0.7333,2.32325,100.0,0.00075,
tpch,mixed,41,best_axis_oracle,41,6,1.0,1.0,0.0,3,3,3,3,20,8,0.8095,0.00874,0.38,0.00249,S_T
tpch,mixed,41,union4_raw,41,6,1.0,1.0,0.0,3,3,3,3,20,8,0.6429,0.11528,4.96,0.00212,
tpch,mixed,41,union4_bonf,41,6,1.0,1.0,0.0,3,3,3,3,20,8,0.6429,0.11528,4.96,0.00211,
tpch,mixed,41,every_k2,41,6,0.0,0.6667,1.0,0,3,0,3,12,4,,1.18996,51.22,6e-05,offset=0
tpch,mixed,41,every_k3,41,6,0.0,0.6667,2.0,0,3,0,3,8,4,,0.79331,34.15,3e-05,offset=1
tpch,mixed,41,every_k4,41,6,0.5,0.8333,0.8,0,3,3,3,4,2,,0.56665,24.39,2e-05,offset=3
tpch,mixed,41,adwin,41,6,0.0,0.0,,0,3,0,3,0,0,,2.32325,100.0,3e-05,
tpch,mixed,41,adwin_s,41,6,0.0,0.0,,0,3,0,3,0,0,,2.32325,100.0,2e-05,
tpch,mixed,41,mcusum,41,6,1.0,1.0,0.0,3,3,3,3,20,8,0.7333,2.32325,100.0,5e-05,
tpch,mixed,41,sketch1,41,6,1.0,1.0,0.0,3,3,3,3,20,8,0.8095,2.32325,100.0,0.00076,
tpch,mixed,42,dci_v2_P1,41,6,0.5,0.8333,0.4,3,3,0,3,15,6,0.55,2.32325,100.0,0.00114,
tpch,mixed,42,dci_v2_P2,41,6,0.6667,0.8333,0.2,3,3,1,3,15,6,0.581,1.28038,55.11,0.00105,
tpch,mixed,42,dci_v2_P4,41,6,0.6667,0.8333,0.2,3,3,1,3,15,6,0.581,0.78718,33.88,0.00099,
tpch,mixed,42,dci_v2_P8,41,6,0.6667,0.8333,0.2,3,3,1,3,15,6,0.5952,0.50492,21.73,0.00095,
tpch,mixed,42,dci_v1,41,6,1.0,1.0,0.0,3,3,3,3,15,6,0.7667,2.32325,100.0,0.00162,
tpch,mixed,42,always_multiD,41,6,1.0,1.0,0.0,3,3,3,3,15,6,0.7857,2.32325,100.0,0.00075,
tpch,mixed,42,best_axis_oracle,41,6,1.0,1.0,0.0,3,3,3,3,15,6,0.8333,0.00874,0.38,0.00247,S_T
tpch,mixed,42,union4_raw,41,6,1.0,1.0,0.0,3,3,3,3,15,6,0.7143,0.11528,4.96,0.00207,
tpch,mixed,42,union4_bonf,41,6,1.0,1.0,0.0,3,3,3,3,15,6,0.7143,0.11528,4.96,0.00207,
tpch,mixed,42,every_k2,41,6,0.0,0.5,1.0,0,3,0,3,9,3,,1.18996,51.22,5e-05,offset=0
tpch,mixed,42,every_k3,41,6,1.0,1.0,0.0,3,3,3,3,3,0,,0.73664,31.71,3e-05,offset=2
tpch,mixed,42,every_k4,41,6,0.5,0.8333,0.8,3,3,0,3,3,1,,0.56665,24.39,3e-05,offset=1
tpch,mixed,42,adwin,41,6,0.0,0.0,,0,3,0,3,0,0,,2.32325,100.0,2e-05,
tpch,mixed,42,adwin_s,41,6,0.0,0.0,,0,3,0,3,0,0,,2.32325,100.0,2e-05,
tpch,mixed,42,mcusum,41,6,1.0,1.0,0.0,3,3,3,3,15,6,0.7857,2.32325,100.0,6e-05,
tpch,mixed,42,sketch1,41,6,1.0,1.0,0.0,3,3,3,3,15,6,0.7143,2.32325,100.0,0.00074,
tpch,mixed,43,dci_v2_P1,41,6,0.8333,1.0,0.17,3,3,2,3,25,10,0.5357,2.32325,100.0,0.0012,
tpch,mixed,43,dci_v2_P2,41,6,1.0,1.0,0.0,3,3,3,3,25,10,0.5524,1.28038,55.11,0.00111,
tpch,mixed,43,dci_v2_P4,41,6,1.0,1.0,0.0,3,3,3,3,25,10,0.5524,0.78718,33.88,0.00106,
tpch,mixed,43,dci_v2_P8,41,6,1.0,1.0,0.0,3,3,3,3,25,10,0.5905,0.50492,21.73,0.00103,
tpch,mixed,43,dci_v1,41,6,1.0,1.0,0.0,3,3,3,3,25,10,0.7762,2.32325,100.0,0.00163,
tpch,mixed,43,always_multiD,41,6,1.0,1.0,0.0,3,3,3,3,25,10,0.881,2.32325,100.0,0.00074,
tpch,mixed,43,best_axis_oracle,41,6,1.0,1.0,0.0,3,3,3,3,25,10,0.7857,0.00874,0.38,0.00252,S_T
tpch,mixed,43,union4_raw,41,6,1.0,1.0,0.0,3,3,3,3,25,10,0.619,0.11528,4.96,0.00213,
tpch,mixed,43,union4_bonf,41,6,1.0,1.0,0.0,3,3,3,3,25,10,0.619,0.11528,4.96,0.00214,
tpch,mixed,43,every_k2,41,6,0.0,0.8333,1.0,0,3,0,3,15,5,,1.18996,51.22,5e-05,offset=0
tpch,mixed,43,every_k3,41,6,0.0,0.8333,2.0,0,3,0,3,10,5,,0.79331,34.15,3e-05,offset=1
tpch,mixed,43,every_k4,41,6,0.0,0.8333,1.8,0,3,0,3,8,3,,0.62331,26.83,2e-05,offset=0
tpch,mixed,43,adwin,41,6,0.0,0.0,,0,3,0,3,0,0,,2.32325,100.0,2e-05,
tpch,mixed,43,adwin_s,41,6,0.0,0.0,,0,3,0,3,0,0,,2.32325,100.0,2e-05,
tpch,mixed,43,mcusum,41,6,1.0,1.0,0.0,3,3,3,3,25,10,0.881,2.32325,100.0,6e-05,
tpch,mixed,43,sketch1,41,6,1.0,1.0,0.0,3,3,3,3,25,10,0.5905,2.32325,100.0,0.00075,
tpch,mixed,44,dci_v2_P1,41,6,1.0,1.0,0.0,3,3,3,3,21,7,0.7286,2.32325,100.0,0.00117,
tpch,mixed,44,dci_v2_P2,41,6,1.0,1.0,0.0,3,3,3,3,21,7,0.631,1.28038,55.11,0.00108,
tpch,mixed,44,dci_v2_P4,41,6,1.0,1.0,0.0,3,3,3,3,21,7,0.631,0.78718,33.88,0.00102,
tpch,mixed,44,dci_v2_P8,41,6,1.0,1.0,0.0,3,3,3,3,21,7,0.6262,0.49006,21.09,0.00102,
tpch,mixed,44,dci_v1,41,6,1.0,1.0,0.0,3,3,3,3,21,7,0.8714,2.32325,100.0,0.00164,
tpch,mixed,44,always_multiD,41,6,1.0,1.0,0.0,3,3,3,3,21,7,0.881,2.32325,100.0,0.00075,
tpch,mixed,44,best_axis_oracle,41,6,1.0,1.0,0.0,3,3,3,3,21,7,0.8286,0.00874,0.38,0.00249,S_T
tpch,mixed,44,union4_raw,41,6,1.0,1.0,0.0,3,3,3,3,21,7,0.7667,0.11528,4.96,0.00212,
tpch,mixed,44,union4_bonf,41,6,1.0,1.0,0.0,3,3,3,3,21,7,0.7667,0.11528,4.96,0.00212,
tpch,mixed,44,every_k2,41,6,0.0,0.8333,1.0,0,3,0,3,12,3,,1.18996,51.22,5e-05,offset=0
tpch,mixed,44,every_k3,41,6,1.0,1.0,0.0,3,3,3,3,4,0,,0.73664,31.71,3e-05,offset=2
tpch,mixed,44,every_k4,41,6,0.5,0.8333,0.8,0,3,3,3,4,2,,0.56665,24.39,3e-05,offset=3
tpch,mixed,44,adwin,41,6,0.0,0.0,,0,3,0,3,0,0,,2.32325,100.0,2e-05,
tpch,mixed,44,adwin_s,41,6,0.0,0.0,,0,3,0,3,0,0,,2.32325,100.0,2e-05,
tpch,mixed,44,mcusum,41,6,1.0,1.0,0.0,3,3,3,3,21,7,0.881,2.32325,100.0,6e-05,
tpch,mixed,44,sketch1,41,6,1.0,1.0,0.0,3,3,3,3,21,7,0.6905,2.32325,100.0,0.00074,
tpch,mixed,45,dci_v2_P1,41,6,0.8333,1.0,0.17,3,3,2,3,12,5,0.7524,2.32325,100.0,0.00116,
tpch,mixed,45,dci_v2_P2,41,6,0.6667,0.8333,0.2,3,3,1,3,12,5,0.6381,1.28038,55.11,0.00102,
tpch,mixed,45,dci_v2_P4,41,6,0.6667,0.8333,0.2,3,3,1,3,12,5,0.6381,0.78718,33.88,0.00097,
tpch,mixed,45,dci_v2_P8,41,6,0.6667,0.8333,0.2,3,3,1,3,12,5,0.6524,0.50492,21.73,0.00093,
tpch,mixed,45,dci_v1,41,6,1.0,1.0,0.0,3,3,3,3,12,5,0.8286,2.32325,100.0,0.00164,
tpch,mixed,45,always_multiD,41,6,1.0,1.0,0.0,3,3,3,3,12,5,0.8286,2.32325,100.0,0.00076,
tpch,mixed,45,best_axis_oracle,41,6,1.0,1.0,0.0,3,3,3,3,12,5,0.8286,0.00874,0.38,0.00244,S_T
tpch,mixed,45,union4_raw,41,6,1.0,1.0,0.0,3,3,3,3,12,5,0.7857,0.11528,4.96,0.00206,
tpch,mixed,45,union4_bonf,41,6,1.0,1.0,0.0,3,3,3,3,12,5,0.7857,0.11528,4.96,0.00205,
tpch,mixed,45,every_k2,41,6,1.0,1.0,0.0,3,3,3,3,3,2,,1.13329,48.78,4e-05,offset=1
tpch,mixed,45,every_k3,41,6,0.0,0.1667,2.0,0,3,0,3,4,3,,0.79331,34.15,3e-05,offset=1
tpch,mixed,45,every_k4,41,6,0.5,0.6667,0.5,3,3,0,3,1,0,,0.56665,24.39,3e-05,offset=1
tpch,mixed,45,adwin,41,6,0.0,0.0,,0,3,0,3,0,0,,2.32325,100.0,2e-05,
tpch,mixed,45,adwin_s,41,6,0.0,0.0,,0,3,0,3,0,0,,2.32325,100.0,2e-05,
tpch,mixed,45,mcusum,41,6,1.0,1.0,0.0,3,3,3,3,12,5,0.8286,2.32325,100.0,6e-05,
tpch,mixed,45,sketch1,41,6,0.8333,1.0,0.17,2,3,3,3,12,5,0.7857,2.32325,100.0,0.00074,
tpch,mixed,46,dci_v2_P1,41,6,0.5,0.8333,0.4,3,3,0,3,15,6,0.5929,2.32325,100.0,0.00112,
tpch,mixed,46,dci_v2_P2,41,6,0.6667,0.8333,0.2,3,3,1,3,15,6,0.6238,1.28038,55.11,0.00103,
tpch,mixed,46,dci_v2_P4,41,6,0.6667,0.8333,0.2,3,3,1,3,15,6,0.6238,0.78718,33.88,0.00098,
tpch,mixed,46,dci_v2_P8,41,6,0.6667,0.8333,0.2,3,3,1,3,15,6,0.6429,0.50492,21.73,0.00095,
tpch,mixed,46,dci_v1,41,6,1.0,1.0,0.0,3,3,3,3,15,6,0.7857,2.32325,100.0,0.00161,
tpch,mixed,46,always_multiD,41,6,1.0,1.0,0.0,3,3,3,3,15,6,0.7857,2.32325,100.0,0.00073,
tpch,mixed,46,best_axis_oracle,41,6,1.0,1.0,0.0,3,3,3,3,15,6,0.8333,0.00874,0.38,0.00246,S_T
tpch,mixed,46,union4_raw,41,6,1.0,1.0,0.0,3,3,3,3,15,6,0.7571,0.11528,4.96,0.00208,
tpch,mixed,46,union4_bonf,41,6,1.0,1.0,0.0,3,3,3,3,15,6,0.7571,0.11528,4.96,0.00205,
tpch,mixed,46,every_k2,41,6,1.0,1.0,0.0,3,3,3,3,6,3,,1.13329,48.78,4e-05,offset=1
tpch,mixed,46,every_k3,41,6,0.0,0.5,2.0,0,3,0,3,6,3,,0.79331,34.15,3e-05,offset=1
tpch,mixed,46,every_k4,41,6,0.0,0.5,2.33,0,3,0,3,4,1,,0.56665,24.39,2e-05,offset=2
tpch,mixed,46,adwin,41,6,0.0,0.0,,0,3,0,3,0,0,,2.32325,100.0,2e-05,
tpch,mixed,46,adwin_s,41,6,0.0,0.0,,0,3,0,3,0,0,,2.32325,100.0,2e-05,
tpch,mixed,46,mcusum,41,6,1.0,1.0,0.0,3,3,3,3,15,6,0.7857,2.32325,100.0,6e-05,
tpch,mixed,46,sketch1,41,6,1.0,1.0,0.0,3,3,3,3,15,6,0.7429,2.32325,100.0,0.00077,
tpch,mixed,47,dci_v2_P1,41,6,0.5,0.8333,0.4,3,3,0,3,13,6,0.6214,2.32325,100.0,0.00111,
tpch,mixed,47,dci_v2_P2,41,6,0.6667,0.8333,0.2,3,3,1,3,13,6,0.6571,1.28038,55.11,0.00102,
tpch,mixed,47,dci_v2_P4,41,6,0.6667,0.8333,0.2,3,3,1,3,13,6,0.6571,0.78718,33.88,0.00096,
tpch,mixed,47,dci_v2_P8,41,6,0.6667,0.8333,0.2,3,3,1,3,13,6,0.6714,0.50492,21.73,0.00093,
tpch,mixed,47,dci_v1,41,6,1.0,1.0,0.0,3,3,3,3,13,6,0.8095,2.32325,100.0,0.00167,
tpch,mixed,47,always_multiD,41,6,1.0,1.0,0.0,3,3,3,3,13,6,0.8095,2.32325,100.0,0.00072,
tpch,mixed,47,best_axis_oracle,41,6,1.0,1.0,0.0,3,3,3,3,13,6,0.8619,0.00874,0.38,0.00235,S_T
tpch,mixed,47,union4_raw,41,6,1.0,1.0,0.0,3,3,3,3,13,6,0.8,0.11528,4.96,0.00199,
tpch,mixed,47,union4_bonf,41,6,1.0,1.0,0.0,3,3,3,3,13,6,0.8,0.11528,4.96,0.00202,
tpch,mixed,47,every_k2,41,6,1.0,1.0,0.0,3,3,3,3,5,3,,1.13329,48.78,4e-05,offset=1
tpch,mixed,47,every_k3,41,6,1.0,1.0,0.0,3,3,3,3,2,0,,0.73664,31.71,3e-05,offset=2
tpch,mixed,47,every_k4,41,6,0.5,0.8333,0.8,3,3,0,3,3,1,,0.56665,24.39,2e-05,offset=1
tpch,mixed,47,adwin,41,6,0.0,0.0,,0,3,0,3,0,0,,2.32325,100.0,2e-05,
tpch,mixed,47,adwin_s,41,6,0.0,0.0,,0,3,0,3,0,0,,2.32325,100.0,2e-05,
tpch,mixed,47,mcusum,41,6,1.0,1.0,0.0,3,3,3,3,13,6,0.8095,2.32325,100.0,5e-05,
tpch,mixed,47,sketch1,41,6,0.8333,0.8333,0.0,2,3,3,3,13,6,0.8,2.32325,100.0,0.00072,
tpch,mixed,48,dci_v2_P1,41,6,0.5,0.8333,0.4,3,3,0,3,14,6,0.5595,2.32325,100.0,0.0011,
tpch,mixed,48,dci_v2_P2,41,6,0.6667,0.8333,0.2,3,3,1,3,14,6,0.581,1.28038,55.11,0.00103,
tpch,mixed,48,dci_v2_P4,41,6,0.6667,0.8333,0.2,3,3,1,3,14,6,0.581,0.78718,33.88,0.00098,
tpch,mixed,48,dci_v2_P8,41,6,0.6667,0.8333,0.2,3,3,1,3,14,6,0.6024,0.50492,21.73,0.00094,
tpch,mixed,48,dci_v1,41,6,1.0,1.0,0.0,3,3,3,3,14,6,0.7571,2.32325,100.0,0.00163,
tpch,mixed,48,always_multiD,41,6,1.0,1.0,0.0,3,3,3,3,14,6,0.7524,2.32325,100.0,0.00073,
tpch,mixed,48,best_axis_oracle,41,6,1.0,1.0,0.0,3,3,3,3,14,6,0.819,0.00874,0.38,0.00246,S_T
tpch,mixed,48,union4_raw,41,6,1.0,1.0,0.0,3,3,3,3,14,6,0.719,0.11528,4.96,0.00207,
tpch,mixed,48,union4_bonf,41,6,1.0,1.0,0.0,3,3,3,3,14,6,0.719,0.11528,4.96,0.00206,
tpch,mixed,48,every_k2,41,6,0.0,0.5,1.0,0,3,0,3,8,3,,1.18996,51.22,4e-05,offset=0
tpch,mixed,48,every_k3,41,6,0.0,0.5,2.0,0,3,0,3,6,3,,0.79331,34.15,3e-05,offset=1
tpch,mixed,48,every_k4,41,6,0.5,0.8333,0.8,3,3,0,3,3,1,,0.56665,24.39,2e-05,offset=1
tpch,mixed,48,adwin,41,6,0.0,0.0,,0,3,0,3,0,0,,2.32325,100.0,2e-05,
tpch,mixed,48,adwin_s,41,6,0.0,0.0,,0,3,0,3,0,0,,2.32325,100.0,2e-05,
tpch,mixed,48,mcusum,41,6,1.0,1.0,0.0,3,3,3,3,14,6,0.7524,2.32325,100.0,6e-05,
tpch,mixed,48,sketch1,41,6,1.0,1.0,0.0,3,3,3,3,14,6,0.7762,2.32325,100.0,0.00077,
tpch,mixed,49,dci_v2_P1,41,6,1.0,1.0,0.0,3,3,3,3,24,10,0.6786,2.32325,100.0,0.0012,
tpch,mixed,49,dci_v2_P2,41,6,1.0,1.0,0.0,3,3,3,3,24,10,0.6,1.28038,55.11,0.00111,
tpch,mixed,49,dci_v2_P4,41,6,1.0,1.0,0.0,3,3,3,3,24,10,0.6,0.78718,33.88,0.00105,
tpch,mixed,49,dci_v2_P8,41,6,1.0,1.0,0.0,3,3,3,3,24,10,0.6286,0.50492,21.73,0.00102,
tpch,mixed,49,dci_v1,41,6,1.0,1.0,0.0,3,3,3,3,24,10,0.8095,2.32325,100.0,0.00164,
tpch,mixed,49,always_multiD,41,6,1.0,1.0,0.0,3,3,3,3,24,10,0.8476,2.32325,100.0,0.00075,
tpch,mixed,49,best_axis_oracle,41,6,1.0,1.0,0.0,3,3,3,3,24,10,0.7857,0.00874,0.38,0.00252,S_T
tpch,mixed,49,union4_raw,41,6,1.0,1.0,0.0,3,3,3,3,24,10,0.7143,0.11528,4.96,0.00213,
tpch,mixed,49,union4_bonf,41,6,1.0,1.0,0.0,3,3,3,3,24,10,0.7143,0.11528,4.96,0.00214,
tpch,mixed,49,every_k2,41,6,1.0,1.0,0.0,3,3,3,3,10,5,,1.13329,48.78,5e-05,offset=1
tpch,mixed,49,every_k3,41,6,0.0,0.8333,2.0,0,3,0,3,10,5,,0.79331,34.15,3e-05,offset=1
tpch,mixed,49,every_k4,41,6,0.0,0.8333,2.2,0,3,0,3,7,2,,0.56665,24.39,3e-05,offset=2
tpch,mixed,49,adwin,41,6,0.0,0.0,,0,3,0,3,0,0,,2.32325,100.0,2e-05,
tpch,mixed,49,adwin_s,41,6,0.0,0.0,,0,3,0,3,0,0,,2.32325,100.0,2e-05,
tpch,mixed,49,mcusum,41,6,1.0,1.0,0.0,3,3,3,3,24,10,0.8476,2.32325,100.0,6e-05,
tpch,mixed,49,sketch1,41,6,1.0,1.0,0.0,3,3,3,3,24,10,0.6952,2.32325,100.0,0.00074,
job,template_only,0,dci_v2_P1,41,6,0.8333,0.8333,0.0,5,6,0,0,2,1,0.9238,2.32325,100.0,0.00128,
job,template_only,0,dci_v2_P2,41,6,0.5,0.5,0.0,3,6,0,0,1,1,0.8214,1.25492,54.02,0.00113,
job,template_only,0,dci_v2_P4,41,6,0.0,0.0,,0,6,0,0,0,0,0.7714,0.80203,34.52,0.00108,
job,template_only,0,dci_v2_P8,41,6,0.0,0.0,,0,6,0,0,0,0,0.7714,0.53038,22.83,0.00103,
job,template_only,0,dci_v1,41,6,0.8333,0.8333,0.0,5,6,0,0,0,0,0.9714,2.32325,100.0,0.00163,
job,template_only,0,always_multiD,41,6,0.8333,0.8333,0.0,5,6,0,0,1,1,0.981,2.32325,100.0,0.00072,
job,template_only,0,best_axis_oracle,41,6,0.8333,0.8333,0.0,5,6,0,0,2,1,0.9071,0.01066,0.46,0.00279,S_A
job,template_only,0,union4_raw,41,6,1.0,1.0,0.0,6,6,0,0,3,2,0.9905,0.11528,4.96,0.00244,
job,template_only,0,union4_bonf,41,6,0.8333,0.8333,0.0,5,6,0,0,0,0,0.9905,0.11528,4.96,0.0024,
job,template_only,0,every_k2,41,6,0.8333,0.8333,0.0,5,6,0,0,1,1,,1.13329,48.78,5e-05,offset=1
job,template_only,0,every_k3,41,6,0.0,0.0,,0,6,0,0,0,0,,0.79331,34.15,3e-05,offset=1
job,template_only,0,every_k4,41,6,0.3333,0.3333,0.0,2,6,0,0,1,1,,0.56665,24.39,3e-05,offset=1
job,template_only,0,adwin,41,6,0.0,0.0,,0,6,0,0,0,0,,2.32325,100.0,3e-05,
job,template_only,0,adwin_s,41,6,0.0,0.0,,0,6,0,0,0,0,,2.32325,100.0,2e-05,
job,template_only,0,mcusum,41,6,0.8333,0.8333,0.0,5,6,0,0,0,0,0.9571,2.32325,100.0,6e-05,
job,template_only,0,sketch1,41,6,0.8333,0.8333,0.0,5,6,0,0,0,0,0.9762,2.32325,100.0,0.00074,
job,template_only,1,dci_v2_P1,41,6,1.0,1.0,0.0,6,6,0,0,24,11,0.919,2.32325,100.0,0.00125,
job,template_only,1,dci_v2_P2,41,6,1.0,1.0,0.0,6,6,0,0,24,11,0.919,1.25157,53.87,0.0011,
job,template_only,1,dci_v2_P4,41,6,1.0,1.0,0.0,6,6,0,0,24,11,0.919,0.74392,32.02,0.00105,
job,template_only,1,dci_v2_P8,41,6,1.0,1.0,0.0,6,6,0,0,24,11,0.919,0.4619,19.88,0.00104,
job,template_only,1,dci_v1,41,6,1.0,1.0,0.0,6,6,0,0,24,11,0.8905,2.32325,100.0,0.00163,
job,template_only,1,always_multiD,41,6,1.0,1.0,0.0,6,6,0,0,14,6,0.9286,2.32325,100.0,0.00075,
job,template_only,1,best_axis_oracle,41,6,1.0,1.0,0.0,6,6,0,0,24,11,0.919,0.01066,0.46,0.00282,S_A
job,template_only,1,union4_raw,41,6,1.0,1.0,0.0,6,6,0,0,24,11,0.919,0.11528,4.96,0.00243,
job,template_only,1,union4_bonf,41,6,1.0,1.0,0.0,6,6,0,0,21,9,0.919,0.11528,4.96,0.00242,
job,template_only,1,every_k2,41,6,1.0,1.0,0.0,6,6,0,0,7,3,,1.13329,48.78,4e-05,offset=1
job,template_only,1,every_k3,41,6,0.0,0.6667,2.0,0,6,0,0,7,3,,0.79331,34.15,3e-05,offset=1
job,template_only,1,every_k4,41,6,0.0,0.3333,2.0,0,6,0,0,3,1,,0.56665,24.39,2e-05,offset=2
job,template_only,1,adwin,41,6,0.0,0.0,,0,6,0,0,0,0,,2.32325,100.0,2e-05,
job,template_only,1,adwin_s,41,6,0.0,0.0,,0,6,0,0,0,0,,2.32325,100.0,2e-05,
job,template_only,1,mcusum,41,6,0.8333,0.8333,0.0,5,6,0,0,2,0,0.9476,2.32325,100.0,6e-05,
job,template_only,1,sketch1,41,6,0.8333,1.0,0.17,5,6,0,0,21,9,0.8952,2.32325,100.0,0.00075,
job,template_only,2,dci_v2_P1,41,6,1.0,1.0,0.0,6,6,0,0,1,1,1.0,2.32325,100.0,0.00123,
job,template_only,2,dci_v2_P2,41,6,0.6667,0.8333,0.2,4,6,0,0,4,3,0.8571,1.25067,53.83,0.00109,
job,template_only,2,dci_v2_P4,41,6,0.6667,0.8333,0.2,4,6,0,0,4,3,0.8571,0.74261,31.96,0.00103,
job,template_only,2,dci_v2_P8,41,6,0.6667,0.8333,0.2,4,6,0,0,4,3,0.8571,0.46035,19.82,0.001,
job,template_only,2,dci_v1,41,6,1.0,1.0,0.0,6,6,0,0,2,2,1.0,2.32325,100.0,0.00158,
job,template_only,2,always_multiD,41,6,1.0,1.0,0.0,6,6,0,0,1,1,1.0,2.32325,100.0,0.00073,
job,template_only,2,best_axis_oracle,41,6,1.0,1.0,0.0,6,6,0,0,0,0,1.0,0.01066,0.46,0.00275,S_A
job,template_only,2,union4_raw,41,6,1.0,1.0,0.0,6,6,0,0,4,3,1.0,0.11528,4.96,0.0024,
job,template_only,2,union4_bonf,41,6,1.0,1.0,0.0,6,6,0,0,1,1,1.0,0.11528,4.96,0.0024,
job,template_only,2,every_k2,41,6,1.0,1.0,0.0,6,6,0,0,0,0,,1.13329,48.78,4e-05,offset=1
job,template_only,2,every_k3,41,6,1.0,1.0,0.0,6,6,0,0,0,0,,0.73664,31.71,3e-05,offset=2
job,template_only,2,every_k4,41,6,0.5,0.5,0.0,3,6,0,0,0,0,,0.56665,24.39,2e-05,offset=3
job,template_only,2,adwin,41,6,0.0,0.0,,0,6,0,0,0,0,,2.32325,100.0,2e-05,
job,template_only,2,adwin_s,41,6,0.0,0.0,,0,6,0,0,0,0,,2.32325,100.0,2e-05,
job,template_only,2,mcusum,41,6,1.0,1.0,0.0,6,6,0,0,0,0,1.0,2.32325,100.0,6e-05,
job,template_only,2,sketch1,41,6,1.0,1.0,0.0,6,6,0,0,0,0,1.0,2.32325,100.0,0.00074,
job,template_only,3,dci_v2_P1,41,6,1.0,1.0,0.0,6,6,0,0,3,0,1.0,2.32325,100.0,0.00123,
job,template_only,3,dci_v2_P2,41,6,0.8333,0.8333,0.0,5,6,0,0,2,0,0.8381,1.25751,54.13,0.00112,
job,template_only,3,dci_v2_P4,41,6,0.8333,0.8333,0.0,5,6,0,0,2,0,0.8429,0.75166,32.35,0.00106,
job,template_only,3,dci_v2_P8,41,6,0.8333,0.8333,0.0,5,6,0,0,2,0,0.8429,0.47162,20.3,0.00104,
job,template_only,3,dci_v1,41,6,1.0,1.0,0.0,6,6,0,0,4,1,1.0,2.32325,100.0,0.00163,
job,template_only,3,always_multiD,41,6,1.0,1.0,0.0,6,6,0,0,2,0,1.0,2.32325,100.0,0.00074,
job,template_only,3,best_axis_oracle,41,6,1.0,1.0,0.0,6,6,0,0,3,0,1.0,0.01066,0.46,0.00281,S_A
job,template_only,3,union4_raw,41,6,1.0,1.0,0.0,6,6,0,0,4,1,1.0,0.11528,4.96,0.00246,
job,template_only,3,union4_bonf,41,6,1.0,1.0,0.0,6,6,0,0,3,0,1.0,0.11528,4.96,0.00239,
job,template_only,3,every_k2,41,6,1.0,1.0,0.0,6,6,0,0,1,0,,1.13329,48.78,4e-05,offset=1
job,template_only,3,every_k3,41,6,0.0,0.1667,1.0,0,6,0,0,1,0,,0.79331,34.15,3e-05,offset=0
job,template_only,3,every_k4,41,6,0.0,0.1667,1.0,0,6,0,0,1,0,,0.62331,26.83,3e-05,offset=0
job,template_only,3,adwin,41,6,0.0,0.0,,0,6,0,0,0,0,,2.32325,100.0,2e-05,
job,template_only,3,adwin_s,41,6,0.0,0.0,,0,6,0,0,0,0,,2.32325,100.0,2e-05,
job,template_only,3,mcusum,41,6,1.0,1.0,0.0,6,6,0,0,0,0,1.0,2.32325,100.0,6e-05,
job,template_only,3,sketch1,41,6,1.0,1.0,0.0,6,6,0,0,3,0,1.0,2.32325,100.0,0.00074,
job,template_only,4,dci_v2_P1,41,6,1.0,1.0,0.0,6,6,0,0,1,0,1.0,2.32325,100.0,0.00123,
job,template_only,4,dci_v2_P2,41,6,0.0,0.0,,0,6,0,0,0,0,0.4524,1.291,55.57,0.00109,
job,template_only,4,dci_v2_P4,41,6,0.0,0.0,,0,6,0,0,0,0,0.4524,0.80203,34.52,0.00103,
job,template_only,4,dci_v2_P8,41,6,0.0,0.0,,0,6,0,0,0,0,0.4524,0.53038,22.83,0.001,
job,template_only,4,dci_v1,41,6,1.0,1.0,0.0,6,6,0,0,1,0,1.0,2.32325,100.0,0.00158,
job,template_only,4,always_multiD,41,6,1.0,1.0,0.0,6,6,0,0,0,0,1.0,2.32325,100.0,0.00073,
job,template_only,4,best_axis_oracle,41,6,1.0,1.0,0.0,6,6,0,0,1,0,1.0,0.01066,0.46,0.00271,S_A
job,template_only,4,union4_raw,41,6,1.0,1.0,0.0,6,6,0,0,1,0,1.0,0.11528,4.96,0.00238,
job,template_only,4,union4_bonf,41,6,1.0,1.0,0.0,6,6,0,0,1,0,1.0,0.11528,4.96,0.00235,
job,template_only,4,every_k2,41,6,0.0,0.0,,0,6,0,0,0,0,,1.18996,51.22,6e-05,offset=0
job,template_only,4,every_k3,41,6,0.0,0.0,,0,6,0,0,0,0,,0.79331,34.15,3e-05,offset=0
job,template_only,4,every_k4,41,6,0.5,0.5,0.0,3,6,0,0,0,0,,0.56665,24.39,2e-05,offset=1
job,template_only,4,adwin,41,6,0.0,0.0,,0,6,0,0,0,0,,2.32325,100.0,2e-05,
job,template_only,4,adwin_s,41,6,0.0,0.0,,0,6,0,0,0,0,,2.32325,100.0,2e-05,
job,template_only,4,mcusum,41,6,0.8333,0.8333,0.0,5,6,0,0,0,0,0.981,2.32325,100.0,5e-05,
job,template_only,4,sketch1,41,6,1.0,1.0,0.0,6,6,0,0,0,0,1.0,2.32325,100.0,0.00072,
job,template_only,5,dci_v2_P1,41,6,1.0,1.0,0.0,6,6,0,0,1,1,1.0,2.32325,100.0,0.00125,
job,template_only,5,dci_v2_P2,41,6,1.0,1.0,0.0,6,6,0,0,2,2,1.0,1.25157,53.87,0.00111,
job,template_only,5,dci_v2_P4,41,6,1.0,1.0,0.0,6,6,0,0,2,2,1.0,0.74392,32.02,0.00106,
job,template_only,5,dci_v2_P8,41,6,1.0,1.0,0.0,6,6,0,0,2,2,1.0,0.4619,19.88,0.00103,
job,template_only,5,dci_v1,41,6,1.0,1.0,0.0,6,6,0,0,1,1,1.0,2.32325,100.0,0.00163,
job,template_only,5,always_multiD,41,6,1.0,1.0,0.0,6,6,0,0,1,1,1.0,2.32325,100.0,0.00076,
job,template_only,5,best_axis_oracle,41,6,1.0,1.0,0.0,6,6,0,0,2,2,1.0,0.01066,0.46,0.00279,S_A
job,template_only,5,union4_raw,41,6,1.0,1.0,0.0,6,6,0,0,4,4,1.0,0.11528,4.96,0.00241,
job,template_only,5,union4_bonf,41,6,1.0,1.0,0.0,6,6,0,0,3,3,1.0,0.11528,4.96,0.00254,
job,template_only,5,every_k2,41,6,1.0,1.0,0.0,6,6,0,0,1,1,,1.13329,48.78,5e-05,offset=1
job,template_only,5,every_k3,41,6,1.0,1.0,0.0,6,6,0,0,0,0,,0.73664,31.71,3e-05,offset=2
job,template_only,5,every_k4,41,6,0.0,0.0,,0,6,0,0,0,0,,0.56665,24.39,2e-05,offset=2
job,template_only,5,adwin,41,6,0.0,0.0,,0,6,0,0,0,0,,2.32325,100.0,2e-05,
job,template_only,5,adwin_s,41,6,0.0,0.0,,0,6,0,0,0,0,,2.32325,100.0,2e-05,
job,template_only,5,mcusum,41,6,1.0,1.0,0.0,6,6,0,0,0,0,1.0,2.32325,100.0,6e-05,
job,template_only,5,sketch1,41,6,1.0,1.0,0.0,6,6,0,0,2,2,1.0,2.32325,100.0,0.00075,
job,template_only,6,dci_v2_P1,41,6,1.0,1.0,0.0,6,6,0,0,4,2,1.0,2.32325,100.0,0.00126,
job,template_only,6,dci_v2_P2,41,6,0.8333,1.0,0.5,5,6,0,0,2,1,0.9048,1.25723,54.12,0.00112,
job,template_only,6,dci_v2_P4,41,6,0.8333,1.0,0.5,5,6,0,0,2,1,0.9524,0.74289,31.98,0.00106,
job,template_only,6,dci_v2_P8,41,6,0.8333,1.0,0.5,5,6,0,0,2,1,0.9524,0.46068,19.83,0.00102,
job,template_only,6,dci_v1,41,6,1.0,1.0,0.0,6,6,0,0,4,2,1.0,2.32325,100.0,0.00164,
job,template_only,6,always_multiD,41,6,1.0,1.0,0.0,6,6,0,0,2,1,1.0,2.32325,100.0,0.00075,
job,template_only,6,best_axis_oracle,41,6,1.0,1.0,0.0,6,6,0,0,3,1,1.0,0.01066,0.46,0.0028,S_A
job,template_only,6,union4_raw,41,6,1.0,1.0,0.0,6,6,0,0,5,3,1.0,0.11528,4.96,0.00242,
job,template_only,6,union4_bonf,41,6,1.0,1.0,0.0,6,6,0,0,3,1,1.0,0.11528,4.96,0.00243,
job,template_only,6,every_k2,41,6,1.0,1.0,0.0,6,6,0,0,0,0,,1.13329,48.78,4e-05,offset=1
job,template_only,6,every_k3,41,6,0.0,0.0,,0,6,0,0,0,0,,0.79331,34.15,3e-05,offset=0
job,template_only,6,every_k4,41,6,0.0,0.1667,3.0,0,6,0,0,1,0,,0.62331,26.83,2e-05,offset=0
job,template_only,6,adwin,41,6,0.0,0.0,,0,6,0,0,0,0,,2.32325,100.0,2e-05,
job,template_only,6,adwin_s,41,6,0.0,0.0,,0,6,0,0,0,0,,2.32325,100.0,2e-05,
job,template_only,6,mcusum,41,6,1.0,1.0,0.0,6,6,0,0,1,1,1.0,2.32325,100.0,5e-05,
job,template_only,6,sketch1,41,6,1.0,1.0,0.0,6,6,0,0,2,1,1.0,2.32325,100.0,0.00076,
job,template_only,7,dci_v2_P1,41,6,0.8333,1.0,0.17,5,6,0,0,8,5,0.9405,2.32325,100.0,0.00127,
job,template_only,7,dci_v2_P2,41,6,0.8333,1.0,0.17,5,6,0,0,8,5,0.9405,1.25157,53.87,0.00116,
job,template_only,7,dci_v2_P4,41,6,0.8333,1.0,0.17,5,6,0,0,8,5,0.9405,0.74392,32.02,0.00103,
job,template_only,7,dci_v2_P8,41,6,0.8333,1.0,0.17,5,6,0,0,8,5,0.9405,0.4619,19.88,0.001,
job,template_only,7,dci_v1,41,6,0.8333,1.0,0.17,5,6,0,0,8,5,0.9333,2.32325,100.0,0.00157,
job,template_only,7,always_multiD,41,6,1.0,1.0,0.0,6,6,0,0,9,6,0.9571,2.32325,100.0,0.00073,
job,template_only,7,best_axis_oracle,41,6,0.8333,1.0,0.17,5,6,0,0,8,5,0.9357,0.01066,0.46,0.00271,S_A
job,template_only,7,union4_raw,41,6,1.0,1.0,0.0,6,6,0,0,9,6,0.9619,0.11528,4.96,0.0026,
job,template_only,7,union4_bonf,41,6,0.8333,1.0,0.17,5,6,0,0,8,5,0.9619,0.11528,4.96,0.00236,
job,template_only,7,every_k2,41,6,0.0,0.3333,1.0,0,6,0,0,4,2,,1.18996,51.22,4e-05,offset=0
job,template_only,7,every_k3,41,6,1.0,1.0,0.0,6,6,0,0,1,1,,0.73664,31.71,3e-05,offset=2
job,template_only,7,every_k4,41,6,0.0,0.1667,1.0,0,6,0,0,2,1,,0.56665,24.39,2e-05,offset=2
job,template_only,7,adwin,41,6,0.0,0.0,,0,6,0,0,0,0,,2.32325,100.0,2e-05,
job,template_only,7,adwin_s,41,6,0.0,0.0,,0,6,0,0,0,0,,2.32325,100.0,2e-05,
job,template_only,7,mcusum,41,6,0.8333,0.8333,0.0,5,6,0,0,0,0,0.9238,2.32325,100.0,6e-05,
job,template_only,7,sketch1,41,6,0.8333,1.0,0.17,5,6,0,0,9,6,0.9286,2.32325,100.0,0.00074,
job,template_only,8,dci_v2_P1,41,6,1.0,1.0,0.0,6,6,0,0,0,0,1.0,2.32325,100.0,0.0012,
job,template_only,8,dci_v2_P2,41,6,0.5,0.5,0.0,3,6,0,0,0,0,0.9667,1.25067,53.83,0.0011,
job,template_only,8,dci_v2_P4,41,6,0.5,0.5,0.0,3,6,0,0,0,0,0.9667,0.74261,31.96,0.00103,
job,template_only,8,dci_v2_P8,41,6,0.5,0.5,0.0,3,6,0,0,0,0,0.9667,0.46035,19.82,0.00101,
job,template_only,8,dci_v1,41,6,1.0,1.0,0.0,6,6,0,0,2,0,1.0,2.32325,100.0,0.00158,
job,template_only,8,always_multiD,41,6,1.0,1.0,0.0,6,6,0,0,1,0,1.0,2.32325,100.0,0.00072,
job,template_only,8,best_axis_oracle,41,6,1.0,1.0,0.0,6,6,0,0,0,0,1.0,0.01066,0.46,0.00273,S_A
job,template_only,8,union4_raw,41,6,1.0,1.0,0.0,6,6,0,0,0,0,1.0,0.11528,4.96,0.00239,
job,template_only,8,union4_bonf,41,6,1.0,1.0,0.0,6,6,0,0,0,0,1.0,0.11528,4.96,0.00237,
job,template_only,8,every_k2,41,6,0.0,0.1667,1.0,0,6,0,0,1,0,,1.18996,51.22,4e-05,offset=0
job,template_only,8,every_k3,41,6,0.0,0.0,,0,6,0,0,0,0,,0.79331,34.15,3e-05,offset=1
job,template_only,8,every_k4,41,6,0.0,0.0,,0,6,0,0,0,0,,0.56665,24.39,2e-05,offset=2
job,template_only,8,adwin,41,6,0.0,0.0,,0,6,0,0,0,0,,2.32325,100.0,2e-05,
job,template_only,8,adwin_s,41,6,0.0,0.0,,0,6,0,0,0,0,,2.32325,100.0,2e-05,
job,template_only,8,mcusum,41,6,0.6667,0.6667,0.0,4,6,0,0,0,0,0.9286,2.32325,100.0,6e-05,
job,template_only,8,sketch1,41,6,1.0,1.0,0.0,6,6,0,0,0,0,1.0,2.32325,100.0,0.00074,
job,template_only,9,dci_v2_P1,41,6,1.0,1.0,0.0,6,6,0,0,1,0,1.0,2.32325,100.0,0.00124,
job,template_only,9,dci_v2_P2,41,6,0.6667,0.6667,0.0,4,6,0,0,1,0,0.9667,1.25067,53.83,0.00112,
job,template_only,9,dci_v2_P4,41,6,0.6667,0.6667,0.0,4,6,0,0,1,0,0.9667,0.74261,31.96,0.00108,
job,template_only,9,dci_v2_P8,41,6,0.6667,0.6667,0.0,4,6,0,0,1,0,0.9667,0.46035,19.82,0.00105,
job,template_only,9,dci_v1,41,6,1.0,1.0,0.0,6,6,0,0,2,1,1.0,2.32325,100.0,0.00165,
job,template_only,9,always_multiD,41,6,1.0,1.0,0.0,6,6,0,0,2,1,1.0,2.32325,100.0,0.00077,
job,template_only,9,best_axis_oracle,41,6,1.0,1.0,0.0,6,6,0,0,1,0,1.0,0.01066,0.46,0.00282,S_A
job,template_only,9,union4_raw,41,6,1.0,1.0,0.0,6,6,0,0,2,0,1.0,0.11528,4.96,0.00246,
job,template_only,9,union4_bonf,41,6,1.0,1.0,0.0,6,6,0,0,1,0,1.0,0.11528,4.96,0.00243,
job,template_only,9,every_k2,41,6,0.0,0.1667,3.0,0,6,0,0,1,0,,1.18996,51.22,5e-05,offset=0
job,template_only,9,every_k3,41,6,1.0,1.0,0.0,6,6,0,0,1,0,,0.73664,31.71,3e-05,offset=2
job,template_only,9,every_k4,41,6,0.5,0.5,0.0,3,6,0,0,0,0,,0.56665,24.39,2e-05,offset=3
job,template_only,9,adwin,41,6,0.0,0.0,,0,6,0,0,0,0,,2.32325,100.0,2e-05,
job,template_only,9,adwin_s,41,6,0.0,0.0,,0,6,0,0,0,0,,2.32325,100.0,2e-05,
job,template_only,9,mcusum,41,6,1.0,1.0,0.0,6,6,0,0,0,0,1.0,2.32325,100.0,5e-05,
job,template_only,9,sketch1,41,6,1.0,1.0,0.0,6,6,0,0,1,0,1.0,2.32325,100.0,0.00077,
job,template_only,10,dci_v2_P1,41,6,1.0,1.0,0.0,6,6,0,0,0,0,1.0,2.32325,100.0,0.00128,
job,template_only,10,dci_v2_P2,41,6,0.5,0.8333,0.6,3,6,0,0,3,0,0.8333,1.25704,54.11,0.00114,
job,template_only,10,dci_v2_P4,41,6,0.6667,0.8333,0.2,4,6,0,0,3,0,0.8952,0.74261,31.96,0.00107,
job,template_only,10,dci_v2_P8,41,6,0.5,0.6667,0.25,3,6,0,0,3,0,0.8619,0.49006,21.09,0.00104,
job,template_only,10,dci_v1,41,6,1.0,1.0,0.0,6,6,0,0,2,2,0.9952,2.32325,100.0,0.00168,
job,template_only,10,always_multiD,41,6,0.8333,0.8333,0.0,5,6,0,0,0,0,0.9952,2.32325,100.0,0.00076,
job,template_only,10,best_axis_oracle,41,6,1.0,1.0,0.0,6,6,0,0,0,0,1.0,0.01066,0.46,0.00282,S_A
job,template_only,10,union4_raw,41,6,1.0,1.0,0.0,6,6,0,0,3,0,1.0,0.11528,4.96,0.00245,
job,template_only,10,union4_bonf,41,6,1.0,1.0,0.0,6,6,0,0,1,0,1.0,0.11528,4.96,0.00246,
job,template_only,10,every_k2,41,6,0.8333,0.8333,0.0,5,6,0,0,0,0,,1.13329,48.78,5e-05,offset=1
job,template_only,10,every_k3,41,6,0.0,0.0,,0,6,0,0,0,0,,0.79331,34.15,3e-05,offset=0
job,template_only,10,every_k4,41,6,0.5,0.5,0.0,3,6,0,0,0,0,,0.56665,24.39,2e-05,offset=1
job,template_only,10,adwin,41,6,0.0,0.0,,0,6,0,0,0,0,,2.32325,100.0,2e-05,
job,template_only,10,adwin_s,41,6,0.0,0.0,,0,6,0,0,0,0,,2.32325,100.0,2e-05,
job,template_only,10,mcusum,41,6,0.8333,0.8333,0.0,5,6,0,0,0,0,0.9619,2.32325,100.0,5e-05,
job,template_only,10,sketch1,41,6,1.0,1.0,0.0,6,6,0,0,0,0,1.0,2.32325,100.0,0.00077,
job,template_only,11,dci_v2_P1,41,6,1.0,1.0,0.0,6,6,0,0,0,0,1.0,2.32325,100.0,0.00125,
job,template_only,11,dci_v2_P2,41,6,0.6667,0.6667,0.0,4,6,0,0,2,2,0.9762,1.25067,53.83,0.00113,
job,template_only,11,dci_v2_P4,41,6,0.6667,0.6667,0.0,4,6,0,0,2,2,0.9762,0.74261,31.96,0.00108,
job,template_only,11,dci_v2_P8,41,6,0.6667,0.6667,0.0,4,6,0,0,2,2,0.9762,0.46035,19.82,0.00105,
job,template_only,11,dci_v1,41,6,1.0,1.0,0.0,6,6,0,0,0,0,1.0,2.32325,100.0,0.00165,
job,template_only,11,always_multiD,41,6,1.0,1.0,0.0,6,6,0,0,1,1,1.0,2.32325,100.0,0.00075,
job,template_only,11,best_axis_oracle,41,6,1.0,1.0,0.0,6,6,0,0,0,0,1.0,0.01066,0.46,0.00283,S_A
job,template_only,11,union4_raw,41,6,1.0,1.0,0.0,6,6,0,0,2,2,1.0,0.11528,4.96,0.00245,
job,template_only,11,union4_bonf,41,6,1.0,1.0,0.0,6,6,0,0,0,0,1.0,0.11528,4.96,0.00246,
job,template_only,11,every_k2,41,6,0.0,0.0,,0,6,0,0,1,1,,1.18996,51.22,4e-05,offset=0
job,template_only,11,every_k3,41,6,0.0,0.0,,0,6,0,0,0,0,,0.79331,34.15,3e-05,offset=0
job,template_only,11,every_k4,41,6,0.0,0.0,,0,6,0,0,0,0,,0.56665,24.39,2e-05,offset=2
job,template_only,11,adwin,41,6,0.0,0.0,,0,6,0,0,0,0,,2.32325,100.0,2e-05,
job,template_only,11,adwin_s,41,6,0.0,0.0,,0,6,0,0,0,0,,2.32325,100.0,2e-05,
job,template_only,11,mcusum,41,6,1.0,1.0,0.0,6,6,0,0,0,0,1.0,2.32325,100.0,5e-05,
job,template_only,11,sketch1,41,6,1.0,1.0,0.0,6,6,0,0,0,0,1.0,2.32325,100.0,0.00077,
job,template_only,12,dci_v2_P1,41,6,1.0,1.0,0.0,6,6,0,0,2,1,1.0,2.32325,100.0,0.00125,
job,template_only,12,dci_v2_P2,41,6,0.8333,0.8333,0.0,5,6,0,0,2,1,0.9524,1.25128,53.86,0.00114,
job,template_only,12,dci_v2_P4,41,6,0.5,0.5,0.0,3,6,0,0,0,0,0.7905,0.75534,32.51,0.00107,
job,template_only,12,dci_v2_P8,41,6,0.6667,0.6667,0.0,4,6,0,0,0,0,0.8095,0.46035,19.82,0.00104,
job,template_only,12,dci_v1,41,6,1.0,1.0,0.0,6,6,0,0,2,1,1.0,2.32325,100.0,0.00165,
job,template_only,12,always_multiD,41,6,1.0,1.0,0.0,6,6,0,0,2,1,1.0,2.32325,100.0,0.00076,
job,template_only,12,best_axis_oracle,41,6,1.0,1.0,0.0,6,6,0,0,2,1,1.0,0.01066,0.46,0.0028,S_A
job,template_only,12,union4_raw,41,6,1.0,1.0,0.0,6,6,0,0,2,1,1.0,0.11528,4.96,0.00235,
job,template_only,12,union4_bonf,41,6,1.0,1.0,0.0,6,6,0,0,2,1,1.0,0.11528,4.96,0.00236,
job,template_only,12,every_k2,41,6,1.0,1.0,0.0,6,6,0,0,1,1,,1.13329,48.78,4e-05,offset=1
job,template_only,12,every_k3,41,6,0.0,0.0,,0,6,0,0,0,0,,0.79331,34.15,3e-05,offset=1
job,template_only,12,every_k4,41,6,0.0,0.0,,0,6,0,0,0,0,,0.62331,26.83,2e-05,offset=0
job,template_only,12,adwin,41,6,0.0,0.0,,0,6,0,0,0,0,,2.32325,100.0,2e-05,
job,template_only,12,adwin_s,41,6,0.0,0.0,,0,6,0,0,0,0,,2.32325,100.0,2e-05,
job,template_only,12,mcusum,41,6,1.0,1.0,0.0,6,6,0,0,0,0,1.0,2.32325,100.0,5e-05,
job,template_only,12,sketch1,41,6,1.0,1.0,0.0,6,6,0,0,2,1,1.0,2.32325,100.0,0.00073,
job,template_only,13,dci_v2_P1,41,6,1.0,1.0,0.0,6,6,0,0,1,0,1.0,2.32325,100.0,0.00121,
job,template_only,13,dci_v2_P2,41,6,0.5,0.6667,0.75,3,6,0,0,3,0,0.8762,1.25067,53.83,0.00109,
job,template_only,13,dci_v2_P4,41,6,0.5,0.6667,0.75,3,6,0,0,3,0,0.8762,0.74261,31.96,0.00104,
job,template_only,13,dci_v2_P8,41,6,0.5,0.6667,0.75,3,6,0,0,3,0,0.8762,0.46035,19.82,0.001,
job,template_only,13,dci_v1,41,6,1.0,1.0,0.0,6,6,0,0,2,1,1.0,2.32325,100.0,0.0016,
job,template_only,13,always_multiD,41,6,1.0,1.0,0.0,6,6,0,0,1,0,1.0,2.32325,100.0,0.00074,
job,template_only,13,best_axis_oracle,41,6,1.0,1.0,0.0,6,6,0,0,1,0,1.0,0.01066,0.46,0.00278,S_A
job,template_only,13,union4_raw,41,6,1.0,1.0,0.0,6,6,0,0,4,0,1.0,0.11528,4.96,0.00243,
job,template_only,13,union4_bonf,41,6,1.0,1.0,0.0,6,6,0,0,1,0,1.0,0.11528,4.96,0.00242,
job,template_only,13,every_k2,41,6,0.0,0.0,,0,6,0,0,0,0,,1.18996,51.22,4e-05,offset=0
job,template_only,13,every_k3,41,6,0.0,0.0,,0,6,0,0,0,0,,0.79331,34.15,3e-05,offset=0
job,template_only,13,every_k4,41,6,0.0,0.0,,0,6,0,0,0,0,,0.56665,24.39,2e-05,offset=2
job,template_only,13,adwin,41,6,0.0,0.0,,0,6,0,0,0,0,,2.32325,100.0,2e-05,
job,template_only,13,adwin_s,41,6,0.0,0.0,,0,6,0,0,0,0,,2.32325,100.0,2e-05,
job,template_only,13,mcusum,41,6,0.8333,0.8333,0.0,5,6,0,0,0,0,0.9762,2.32325,100.0,5e-05,
job,template_only,13,sketch1,41,6,1.0,1.0,0.0,6,6,0,0,1,0,1.0,2.32325,100.0,0.00076,
job,template_only,14,dci_v2_P1,41,6,1.0,1.0,0.0,6,6,0,0,0,0,1.0,2.32325,100.0,0.00126,
job,template_only,14,dci_v2_P2,41,6,0.0,0.1667,2.0,0,6,0,0,2,0,0.7095,1.28463,55.29,0.00113,
job,template_only,14,dci_v2_P4,41,6,0.3333,0.3333,0.0,2,6,0,0,2,0,0.781,0.76171,32.79,0.00106,
job,template_only,14,dci_v2_P8,41,6,0.6667,0.6667,0.0,4,6,0,0,2,0,0.9143,0.46035,19.82,0.00104,
job,template_only,14,dci_v1,41,6,1.0,1.0,0.0,6,6,0,0,0,0,1.0,2.32325,100.0,0.00163,
job,template_only,14,always_multiD,41,6,1.0,1.0,0.0,6,6,0,0,1,1,1.0,2.32325,100.0,0.00074,
job,template_only,14,best_axis_oracle,41,6,1.0,1.0,0.0,6,6,0,0,0,0,1.0,0.01066,0.46,0.00279,S_A
job,template_only,14,union4_raw,41,6,1.0,1.0,0.0,6,6,0,0,3,1,1.0,0.11528,4.96,0.00246,
job,template_only,14,union4_bonf,41,6,1.0,1.0,0.0,6,6,0,0,1,0,1.0,0.11528,4.96,0.00243,
job,template_only,14,every_k2,41,6,1.0,1.0,0.0,6,6,0,0,0,0,,1.13329,48.78,5e-05,offset=1
job,template_only,14,every_k3,41,6,0.0,0.0,,0,6,0,0,1,1,,0.79331,34.15,3e-05,offset=1
job,template_only,14,every_k4,41,6,0.0,0.0,,0,6,0,0,1,1,,0.62331,26.83,3e-05,offset=0
job,template_only,14,adwin,41,6,0.0,0.0,,0,6,0,0,0,0,,2.32325,100.0,2e-05,
job,template_only,14,adwin_s,41,6,0.0,0.0,,0,6,0,0,0,0,,2.32325,100.0,2e-05,
job,template_only,14,mcusum,41,6,1.0,1.0,0.0,6,6,0,0,0,0,1.0,2.32325,100.0,6e-05,
job,template_only,14,sketch1,41,6,1.0,1.0,0.0,6,6,0,0,0,0,1.0,2.32325,100.0,0.00074,
job,template_only,15,dci_v2_P1,41,6,1.0,1.0,0.0,6,6,0,0,0,0,1.0,2.32325,100.0,0.00129,
job,template_only,15,dci_v2_P2,41,6,0.5,0.8333,1.0,3,6,0,0,2,0,0.7905,1.2528,53.92,0.00112,
job,template_only,15,dci_v2_P4,41,6,0.5,0.8333,1.0,3,6,0,0,2,0,0.7905,0.74473,32.06,0.00107,
job,template_only,15,dci_v2_P8,41,6,0.3333,0.6667,1.25,2,6,0,0,2,0,0.7333,0.47096,20.27,0.00103,
job,template_only,15,dci_v1,41,6,1.0,1.0,0.0,6,6,0,0,2,2,1.0,2.32325,100.0,0.00161,
job,template_only,15,always_multiD,41,6,0.8333,1.0,0.33,5,6,0,0,1,0,0.9952,2.32325,100.0,0.00078,
job,template_only,15,best_axis_oracle,41,6,1.0,1.0,0.0,6,6,0,0,0,0,1.0,0.01066,0.46,0.00281,S_A
job,template_only,15,union4_raw,41,6,1.0,1.0,0.0,6,6,0,0,2,0,0.9952,0.11528,4.96,0.00243,
job,template_only,15,union4_bonf,41,6,1.0,1.0,0.0,6,6,0,0,1,0,0.9952,0.11528,4.96,0.00241,
job,template_only,15,every_k2,41,6,0.8333,1.0,0.33,5,6,0,0,1,0,,1.13329,48.78,6e-05,offset=1
job,template_only,15,every_k3,41,6,0.8333,0.8333,0.0,5,6,0,0,0,0,,0.73664,31.71,3e-05,offset=2
job,template_only,15,every_k4,41,6,0.0,0.0,,0,6,0,0,0,0,,0.56665,24.39,2e-05,offset=2
job,template_only,15,adwin,41,6,0.0,0.0,,0,6,0,0,0,0,,2.32325,100.0,2e-05,
job,template_only,15,adwin_s,41,6,0.0,0.0,,0,6,0,0,0,0,,2.32325,100.0,2e-05,
job,template_only,15,mcusum,41,6,0.8333,0.8333,0.0,5,6,0,0,0,0,0.9762,2.32325,100.0,5e-05,
job,template_only,15,sketch1,41,6,1.0,1.0,0.0,6,6,0,0,0,0,1.0,2.32325,100.0,0.00075,
job,template_only,16,dci_v2_P1,41,6,1.0,1.0,0.0,6,6,0,0,2,0,1.0,2.32325,100.0,0.00129,
job,template_only,16,dci_v2_P2,41,6,0.6667,0.8333,0.2,4,6,0,0,2,0,0.981,1.25133,53.86,0.00114,
job,template_only,16,dci_v2_P4,41,6,0.6667,0.8333,0.2,4,6,0,0,2,0,0.981,0.7436,32.01,0.00107,
job,template_only,16,dci_v2_P8,41,6,0.6667,0.6667,0.0,4,6,0,0,0,0,0.9667,0.46035,19.82,0.00103,
job,template_only,16,dci_v1,41,6,1.0,1.0,0.0,6,6,0,0,2,0,1.0,2.32325,100.0,0.00162,
job,template_only,16,always_multiD,41,6,1.0,1.0,0.0,6,6,0,0,2,0,1.0,2.32325,100.0,0.00076,
job,template_only,16,best_axis_oracle,41,6,1.0,1.0,0.0,6,6,0,0,2,0,1.0,0.01066,0.46,0.0028,S_A
job,template_only,16,union4_raw,41,6,1.0,1.0,0.0,6,6,0,0,3,1,1.0,0.11528,4.96,0.00248,
job,template_only,16,union4_bonf,41,6,1.0,1.0,0.0,6,6,0,0,2,0,1.0,0.11528,4.96,0.00244,
job,template_only,16,every_k2,41,6,0.0,0.1667,1.0,0,6,0,0,2,0,,1.18996,51.22,5e-05,offset=0
job,template_only,16,every_k3,41,6,1.0,1.0,0.0,6,6,0,0,1,0,,0.73664,31.71,3e-05,offset=2
job,template_only,16,every_k4,41,6,0.0,0.1667,3.0,0,6,0,0,1,0,,0.56665,24.39,2e-05,offset=2
job,template_only,16,adwin,41,6,0.0,0.0,,0,6,0,0,0,0,,2.32325,100.0,2e-05,
job,template_only,16,adwin_s,41,6,0.0,0.0,,0,6,0,0,0,0,,2.32325,100.0,2e-05,
job,template_only,16,mcusum,41,6,0.8333,0.8333,0.0,5,6,0,0,0,0,1.0,2.32325,100.0,5e-05,
job,template_only,16,sketch1,41,6,1.0,1.0,0.0,6,6,0,0,2,0,1.0,2.32325,100.0,0.00077,
job,template_only,17,dci_v2_P1,41,6,0.8333,0.8333,0.0,5,6,0,0,0,0,0.9071,2.32325,100.0,0.00123,
job,template_only,17,dci_v2_P2,41,6,0.0,0.1667,2.0,0,6,0,0,2,1,0.5238,1.291,55.57,0.00111,
job,template_only,17,dci_v2_P4,41,6,0.0,0.1667,2.0,0,6,0,0,2,1,0.5238,0.80203,34.52,0.00105,
job,template_only,17,dci_v2_P8,41,6,0.0,0.1667,2.0,0,6,0,0,2,1,0.5238,0.53038,22.83,0.00101,
job,template_only,17,dci_v1,41,6,0.8333,0.8333,0.0,5,6,0,0,0,0,0.9333,2.32325,100.0,0.00161,
job,template_only,17,always_multiD,41,6,0.8333,0.8333,0.0,5,6,0,0,0,0,0.8476,2.32325,100.0,0.00075,
job,template_only,17,best_axis_oracle,41,6,0.8333,0.8333,0.0,5,6,0,0,0,0,0.9095,0.01066,0.46,0.00279,S_A
job,template_only,17,union4_raw,41,6,0.8333,0.8333,0.0,5,6,0,0,2,1,0.8571,0.11528,4.96,0.00242,
job,template_only,17,union4_bonf,41,6,0.8333,0.8333,0.0,5,6,0,0,0,0,0.8571,0.11528,4.96,0.00242,
job,template_only,17,every_k2,41,6,0.8333,0.8333,0.0,5,6,0,0,0,0,,1.13329,48.78,4e-05,offset=1
job,template_only,17,every_k3,41,6,0.0,0.0,,0,6,0,0,0,0,,0.79331,34.15,3e-05,offset=0
job,template_only,17,every_k4,41,6,0.3333,0.3333,0.0,2,6,0,0,0,0,,0.56665,24.39,3e-05,offset=3
job,template_only,17,adwin,41,6,0.0,0.0,,0,6,0,0,0,0,,2.32325,100.0,2e-05,
job,template_only,17,adwin_s,41,6,0.0,0.0,,0,6,0,0,0,0,,2.32325,100.0,2e-05,
job,template_only,17,mcusum,41,6,0.6667,0.6667,0.0,4,6,0,0,0,0,0.8571,2.32325,100.0,5e-05,
job,template_only,17,sketch1,41,6,0.8333,0.8333,0.0,5,6,0,0,0,0,0.9429,2.32325,100.0,0.00076,
job,template_only,18,dci_v2_P1,41,6,1.0,1.0,0.0,6,6,0,0,11,7,1.0,2.32325,100.0,0.00127,
job,template_only,18,dci_v2_P2,41,6,1.0,1.0,0.0,6,6,0,0,10,6,1.0,1.25152,53.87,0.00111,
job,template_only,18,dci_v2_P4,41,6,1.0,1.0,0.0,6,6,0,0,10,6,1.0,0.74388,32.02,0.00106,
job,template_only,18,dci_v2_P8,41,6,1.0,1.0,0.0,6,6,0,0,7,5,0.881,0.46101,19.84,0.00102,
job,template_only,18,dci_v1,41,6,1.0,1.0,0.0,6,6,0,0,12,8,1.0,2.32325,100.0,0.00165,
job,template_only,18,always_multiD,41,6,1.0,1.0,0.0,6,6,0,0,8,6,1.0,2.32325,100.0,0.00078,
job,template_only,18,best_axis_oracle,41,6,1.0,1.0,0.0,6,6,0,0,11,7,1.0,0.01066,0.46,0.00281,S_A
job,template_only,18,union4_raw,41,6,1.0,1.0,0.0,6,6,0,0,12,8,1.0,0.11528,4.96,0.00243,
job,template_only,18,union4_bonf,41,6,1.0,1.0,0.0,6,6,0,0,9,5,1.0,0.11528,4.96,0.00244,
job,template_only,18,every_k2,41,6,0.0,0.1667,1.0,0,6,0,0,4,3,,1.18996,51.22,5e-05,offset=0
job,template_only,18,every_k3,41,6,0.0,0.1667,2.0,0,6,0,0,4,3,,0.79331,34.15,3e-05,offset=1
job,template_only,18,every_k4,41,6,0.5,0.5,0.0,3,6,0,0,2,2,,0.56665,24.39,2e-05,offset=3
job,template_only,18,adwin,41,6,0.0,0.0,,0,6,0,0,0,0,,2.32325,100.0,2e-05,
job,template_only,18,adwin_s,41,6,0.0,0.0,,0,6,0,0,0,0,,2.32325,100.0,2e-05,
job,template_only,18,mcusum,41,6,1.0,1.0,0.0,6,6,0,0,0,0,1.0,2.32325,100.0,5e-05,
job,template_only,18,sketch1,41,6,1.0,1.0,0.0,6,6,0,0,9,5,1.0,2.32325,100.0,0.00076,
job,template_only,19,dci_v2_P1,41,6,0.6667,0.6667,0.0,4,6,0,0,7,4,0.8429,2.32325,100.0,0.00122,
job,template_only,19,dci_v2_P2,41,6,0.6667,0.6667,0.0,4,6,0,0,7,4,0.8429,1.25157,53.87,0.0011,
job,template_only,19,dci_v2_P4,41,6,0.6667,0.6667,0.0,4,6,0,0,7,4,0.8429,0.74392,32.02,0.00105,
job,template_only,19,dci_v2_P8,41,6,0.6667,0.6667,0.0,4,6,0,0,7,4,0.8429,0.4619,19.88,0.00102,
job,template_only,19,dci_v1,41,6,0.8333,1.0,0.17,5,6,0,0,9,4,0.8286,2.32325,100.0,0.00161,
job,template_only,19,always_multiD,41,6,0.6667,0.6667,0.0,4,6,0,0,7,4,0.8857,2.32325,100.0,0.00073,
job,template_only,19,best_axis_oracle,41,6,0.6667,0.6667,0.0,4,6,0,0,8,5,0.8381,0.01066,0.46,0.0028,S_A
job,template_only,19,union4_raw,41,6,0.6667,0.6667,0.0,4,6,0,0,8,5,0.8571,0.11528,4.96,0.0024,
job,template_only,19,union4_bonf,41,6,0.6667,0.6667,0.0,4,6,0,0,8,5,0.8571,0.11528,4.96,0.00243,
job,template_only,19,every_k2,41,6,0.0,0.3333,3.0,0,6,0,0,4,2,,1.18996,51.22,5e-05,offset=0
job,template_only,19,every_k3,41,6,0.6667,0.6667,0.0,4,6,0,0,2,0,,0.73664,31.71,3e-05,offset=2
job,template_only,19,every_k4,41,6,0.0,0.1667,3.0,0,6,0,0,2,1,,0.62331,26.83,3e-05,offset=0
job,template_only,19,adwin,41,6,0.0,0.0,,0,6,0,0,0,0,,2.32325,100.0,2e-05,
job,template_only,19,adwin_s,41,6,0.0,0.0,,0,6,0,0,0,0,,2.32325,100.0,2e-05,
job,template_only,19,mcusum,41,6,0.6667,0.6667,0.0,4,6,0,0,1,1,0.8286,2.32325,100.0,5e-05,
job,template_only,19,sketch1,41,6,0.6667,0.6667,0.0,4,6,0,0,8,5,0.7905,2.32325,100.0,0.00076,
job,template_only,20,dci_v2_P1,41,6,1.0,1.0,0.0,6,6,0,0,8,7,1.0,2.32325,100.0,0.00127,
job,template_only,20,dci_v2_P2,41,6,1.0,1.0,0.0,6,6,0,0,8,7,1.0,1.25157,53.87,0.00116,
job,template_only,20,dci_v2_P4,41,6,1.0,1.0,0.0,6,6,0,0,8,7,1.0,0.74392,32.02,0.00108,
job,template_only,20,dci_v2_P8,41,6,1.0,1.0,0.0,6,6,0,0,8,7,1.0,0.4619,19.88,0.00104,
job,template_only,20,dci_v1,41,6,1.0,1.0,0.0,6,6,0,0,8,7,1.0,2.32325,100.0,0.00164,
job,template_only,20,always_multiD,41,6,1.0,1.0,0.0,6,6,0,0,8,7,1.0,2.32325,100.0,0.00075,
job,template_only,20,best_axis_oracle,41,6,1.0,1.0,0.0,6,6,0,0,8,7,1.0,0.01066,0.46,0.00288,S_A
job,template_only,20,union4_raw,41,6,1.0,1.0,0.0,6,6,0,0,8,7,1.0,0.11528,4.96,0.00246,
job,template_only,20,union4_bonf,41,6,1.0,1.0,0.0,6,6,0,0,8,7,1.0,0.11528,4.96,0.00245,
job,template_only,20,every_k2,41,6,1.0,1.0,0.0,6,6,0,0,3,3,,1.13329,48.78,5e-05,offset=1
job,template_only,20,every_k3,41,6,0.0,0.0,,0,6,0,0,3,3,,0.79331,34.15,3e-05,offset=1
job,template_only,20,every_k4,41,6,0.5,0.5,0.0,3,6,0,0,1,1,,0.56665,24.39,2e-05,offset=1
job,template_only,20,adwin,41,6,0.0,0.0,,0,6,0,0,0,0,,2.32325,100.0,2e-05,
job,template_only,20,adwin_s,41,6,0.0,0.0,,0,6,0,0,0,0,,2.32325,100.0,2e-05,
job,template_only,20,mcusum,41,6,1.0,1.0,0.0,6,6,0,0,1,1,1.0,2.32325,100.0,6e-05,
job,template_only,20,sketch1,41,6,1.0,1.0,0.0,6,6,0,0,7,6,1.0,2.32325,100.0,0.00076,
job,template_only,21,dci_v2_P1,41,6,0.8333,0.8333,0.0,5,6,0,0,0,0,0.8952,2.32325,100.0,0.00123,
job,template_only,21,dci_v2_P2,41,6,0.0,0.5,2.0,0,6,0,0,3,0,0.4381,1.28038,55.11,0.00112,
job,template_only,21,dci_v2_P4,41,6,0.0,0.5,2.0,0,6,0,0,3,0,0.5048,0.78293,33.7,0.00107,
job,template_only,21,dci_v2_P8,41,6,0.0,0.3333,2.5,0,6,0,0,2,0,0.4619,0.53038,22.83,0.00104,
job,template_only,21,dci_v1,41,6,0.8333,0.8333,0.0,5,6,0,0,1,1,0.9524,2.32325,100.0,0.00161,
job,template_only,21,always_multiD,41,6,0.8333,0.8333,0.0,5,6,0,0,1,0,0.9143,2.32325,100.0,0.00077,
job,template_only,21,best_axis_oracle,41,6,0.8333,0.8333,0.0,5,6,0,0,0,0,0.8976,0.01066,0.46,0.00281,S_A
job,template_only,21,union4_raw,41,6,0.8333,0.8333,0.0,5,6,0,0,3,0,0.8429,0.11528,4.96,0.00245,
job,template_only,21,union4_bonf,41,6,0.8333,0.8333,0.0,5,6,0,0,2,0,0.8429,0.11528,4.96,0.00243,
job,template_only,21,every_k2,41,6,0.8333,0.8333,0.0,5,6,0,0,0,0,,1.13329,48.78,4e-05,offset=1
job,template_only,21,every_k3,41,6,0.0,0.1667,1.0,0,6,0,0,1,0,,0.79331,34.15,3e-05,offset=0
job,template_only,21,every_k4,41,6,0.5,0.5,0.0,3,6,0,0,0,0,,0.56665,24.39,2e-05,offset=1
job,template_only,21,adwin,41,6,0.0,0.0,,0,6,0,0,0,0,,2.32325,100.0,2e-05,
job,template_only,21,adwin_s,41,6,0.0,0.0,,0,6,0,0,0,0,,2.32325,100.0,2e-05,
job,template_only,21,mcusum,41,6,0.6667,0.6667,0.0,4,6,0,0,0,0,0.9095,2.32325,100.0,6e-05,
job,template_only,21,sketch1,41,6,0.8333,0.8333,0.0,5,6,0,0,0,0,0.8714,2.32325,100.0,0.00075,
job,template_only,22,dci_v2_P1,41,6,1.0,1.0,0.0,6,6,0,0,6,4,1.0,2.32325,100.0,0.00126,
job,template_only,22,dci_v2_P2,41,6,0.3333,0.6667,1.5,2,6,0,0,7,5,0.8143,1.25086,53.84,0.00113,
job,template_only,22,dci_v2_P4,41,6,0.3333,0.6667,1.5,2,6,0,0,7,5,0.8143,0.74289,31.98,0.00106,
job,template_only,22,dci_v2_P8,41,6,0.3333,0.6667,1.5,2,6,0,0,7,5,0.8143,0.46068,19.83,0.00103,
job,template_only,22,dci_v1,41,6,1.0,1.0,0.0,6,6,0,0,6,4,1.0,2.32325,100.0,0.00164,
job,template_only,22,always_multiD,41,6,1.0,1.0,0.0,6,6,0,0,6,4,1.0,2.32325,100.0,0.00073,
job,template_only,22,best_axis_oracle,41,6,1.0,1.0,0.0,6,6,0,0,6,4,1.0,0.01066,0.46,0.00283,S_A
job,template_only,22,union4_raw,41,6,1.0,1.0,0.0,6,6,0,0,8,5,1.0,0.11528,4.96,0.00236,
job,template_only,22,union4_bonf,41,6,1.0,1.0,0.0,6,6,0,0,6,4,1.0,0.11528,4.96,0.00234,
job,template_only,22,every_k2,41,6,1.0,1.0,0.0,6,6,0,0,3,2,,1.13329,48.78,4e-05,offset=1
job,template_only,22,every_k3,41,6,0.0,0.1667,2.0,0,6,0,0,3,2,,0.79331,34.15,3e-05,offset=1
job,template_only,22,every_k4,41,6,0.5,0.5,0.0,3,6,0,0,1,1,,0.56665,24.39,2e-05,offset=1
job,template_only,22,adwin,41,6,0.0,0.0,,0,6,0,0,0,0,,2.32325,100.0,2e-05,
job,template_only,22,adwin_s,41,6,0.0,0.0,,0,6,0,0,0,0,,2.32325,100.0,2e-05,
job,template_only,22,mcusum,41,6,1.0,1.0,0.0,6,6,0,0,1,0,1.0,2.32325,100.0,5e-05,
job,template_only,22,sketch1,41,6,1.0,1.0,0.0,6,6,0,0,6,4,1.0,2.32325,100.0,0.00073,
job,template_only,23,dci_v2_P1,41,6,1.0,1.0,0.0,6,6,0,0,2,0,1.0,2.32325,100.0,0.00123,
job,template_only,23,dci_v2_P2,41,6,0.6667,0.8333,0.6,4,6,0,0,3,0,0.8905,1.25067,53.83,0.00111,
job,template_only,23,dci_v2_P4,41,6,0.6667,0.8333,0.6,4,6,0,0,3,0,0.8905,0.74261,31.96,0.00106,
job,template_only,23,dci_v2_P8,41,6,0.6667,0.8333,0.6,4,6,0,0,3,0,0.8905,0.46035,19.82,0.00103,
job,template_only,23,dci_v1,41,6,1.0,1.0,0.0,6,6,0,0,2,0,1.0,2.32325,100.0,0.00161,
job,template_only,23,always_multiD,41,6,1.0,1.0,0.0,6,6,0,0,1,0,1.0,2.32325,100.0,0.00076,
job,template_only,23,best_axis_oracle,41,6,1.0,1.0,0.0,6,6,0,0,2,0,1.0,0.01066,0.46,0.00282,S_A
job,template_only,23,union4_raw,41,6,1.0,1.0,0.0,6,6,0,0,7,1,1.0,0.11528,4.96,0.00246,
job,template_only,23,union4_bonf,41,6,1.0,1.0,0.0,6,6,0,0,2,1,1.0,0.11528,4.96,0.00243,
job,template_only,23,every_k2,41,6,0.0,0.1667,1.0,0,6,0,0,1,0,,1.18996,51.22,4e-05,offset=0
job,template_only,23,every_k3,41,6,0.0,0.1667,1.0,0,6,0,0,1,0,,0.79331,34.15,3e-05,offset=0
job,template_only,23,every_k4,41,6,0.5,0.5,0.0,3,6,0,0,0,0,,0.56665,24.39,2e-05,offset=3
job,template_only,23,adwin,41,6,0.0,0.0,,0,6,0,0,0,0,,2.32325,100.0,2e-05,
job,template_only,23,adwin_s,41,6,0.0,0.0,,0,6,0,0,0,0,,2.32325,100.0,2e-05,
job,template_only,23,mcusum,41,6,1.0,1.0,0.0,6,6,0,0,0,0,1.0,2.32325,100.0,6e-05,
job,template_only,23,sketch1,41,6,1.0,1.0,0.0,6,6,0,0,2,0,1.0,2.32325,100.0,0.00076,
job,template_only,24,dci_v2_P1,41,6,1.0,1.0,0.0,6,6,0,0,8,5,1.0,2.32325,100.0,0.00127,
job,template_only,24,dci_v2_P2,41,6,1.0,1.0,0.0,6,6,0,0,8,5,1.0,1.25157,53.87,0.00112,
job,template_only,24,dci_v2_P4,41,6,1.0,1.0,0.0,6,6,0,0,8,5,1.0,0.74392,32.02,0.00106,
job,template_only,24,dci_v2_P8,41,6,1.0,1.0,0.0,6,6,0,0,8,5,1.0,0.4619,19.88,0.00102,
job,template_only,24,dci_v1,41,6,1.0,1.0,0.0,6,6,0,0,8,5,1.0,2.32325,100.0,0.00165,
job,template_only,24,always_multiD,41,6,1.0,1.0,0.0,6,6,0,0,6,3,1.0,2.32325,100.0,0.00075,
job,template_only,24,best_axis_oracle,41,6,1.0,1.0,0.0,6,6,0,0,9,6,1.0,0.01066,0.46,0.0028,S_A
job,template_only,24,union4_raw,41,6,1.0,1.0,0.0,6,6,0,0,10,6,1.0,0.11528,4.96,0.00244,
job,template_only,24,union4_bonf,41,6,1.0,1.0,0.0,6,6,0,0,9,6,1.0,0.11528,4.96,0.00244,
job,template_only,24,every_k2,41,6,1.0,1.0,0.0,6,6,0,0,2,1,,1.13329,48.78,5e-05,offset=1
job,template_only,24,every_k3,41,6,0.0,0.1667,2.0,0,6,0,0,2,1,,0.79331,34.15,3e-05,offset=1
job,template_only,24,every_k4,41,6,0.0,0.1667,1.0,0,6,0,0,2,1,,0.56665,24.39,3e-05,offset=2
job,template_only,24,adwin,41,6,0.0,0.0,,0,6,0,0,0,0,,2.32325,100.0,2e-05,
job,template_only,24,adwin_s,41,6,0.0,0.0,,0,6,0,0,0,0,,2.32325,100.0,2e-05,
job,template_only,24,mcusum,41,6,1.0,1.0,0.0,6,6,0,0,0,0,1.0,2.32325,100.0,5e-05,
job,template_only,24,sketch1,41,6,1.0,1.0,0.0,6,6,0,0,7,4,1.0,2.32325,100.0,0.00075,
job,template_only,25,dci_v2_P1,41,6,1.0,1.0,0.0,6,6,0,0,0,0,1.0,2.32325,100.0,0.00123,
job,template_only,25,dci_v2_P2,41,6,0.6667,0.6667,0.0,4,6,0,0,1,0,0.9905,1.25067,53.83,0.00112,
job,template_only,25,dci_v2_P4,41,6,0.6667,0.6667,0.0,4,6,0,0,1,0,0.9905,0.74261,31.96,0.00107,
job,template_only,25,dci_v2_P8,41,6,0.6667,0.6667,0.0,4,6,0,0,1,0,0.9905,0.46035,19.82,0.00104,
job,template_only,25,dci_v1,41,6,1.0,1.0,0.0,6,6,0,0,0,0,1.0,2.32325,100.0,0.00166,
job,template_only,25,always_multiD,41,6,1.0,1.0,0.0,6,6,0,0,0,0,1.0,2.32325,100.0,0.00077,
job,template_only,25,best_axis_oracle,41,6,1.0,1.0,0.0,6,6,0,0,0,0,1.0,0.01066,0.46,0.00287,S_A
job,template_only,25,union4_raw,41,6,1.0,1.0,0.0,6,6,0,0,1,0,1.0,0.11528,4.96,0.00247,
job,template_only,25,union4_bonf,41,6,1.0,1.0,0.0,6,6,0,0,0,0,1.0,0.11528,4.96,0.00246,
job,template_only,25,every_k2,41,6,1.0,1.0,0.0,6,6,0,0,0,0,,1.13329,48.78,5e-05,offset=1
job,template_only,25,every_k3,41,6,0.0,0.0,,0,6,0,0,0,0,,0.79331,34.15,3e-05,offset=1
job,template_only,25,every_k4,41,6,0.5,0.5,0.0,3,6,0,0,0,0,,0.56665,24.39,2e-05,offset=3
job,template_only,25,adwin,41,6,0.0,0.0,,0,6,0,0,0,0,,2.32325,100.0,2e-05,
job,template_only,25,adwin_s,41,6,0.0,0.0,,0,6,0,0,0,0,,2.32325,100.0,2e-05,
job,template_only,25,mcusum,41,6,0.6667,0.6667,0.0,4,6,0,0,0,0,0.9381,2.32325,100.0,6e-05,
job,template_only,25,sketch1,41,6,1.0,1.0,0.0,6,6,0,0,0,0,1.0,2.32325,100.0,0.00078,
job,template_only,26,dci_v2_P1,41,6,1.0,1.0,0.0,6,6,0,0,3,3,1.0,2.32325,100.0,0.00123,
job,template_only,26,dci_v2_P2,41,6,0.6667,0.8333,0.2,4,6,0,0,6,3,0.8571,1.26581,54.48,0.00113,
job,template_only,26,dci_v2_P4,41,6,0.3333,0.5,0.33,2,6,0,0,5,3,0.819,0.78335,33.72,0.00107,
job,template_only,26,dci_v2_P8,41,6,0.0,0.3333,1.5,0,6,0,0,5,2,0.719,0.53038,22.83,0.00103,
job,template_only,26,dci_v1,41,6,1.0,1.0,0.0,6,6,0,0,3,3,1.0,2.32325,100.0,0.0016,
job,template_only,26,always_multiD,41,6,1.0,1.0,0.0,6,6,0,0,2,2,1.0,2.32325,100.0,0.00075,
job,template_only,26,best_axis_oracle,41,6,1.0,1.0,0.0,6,6,0,0,2,2,1.0,0.01066,0.46,0.00281,S_A
job,template_only,26,union4_raw,41,6,1.0,1.0,0.0,6,6,0,0,8,4,1.0,0.11528,4.96,0.00245,
job,template_only,26,union4_bonf,41,6,1.0,1.0,0.0,6,6,0,0,2,2,1.0,0.11528,4.96,0.00243,
job,template_only,26,every_k2,41,6,0.0,0.0,,0,6,0,0,1,1,,1.18996,51.22,4e-05,offset=0
job,template_only,26,every_k3,41,6,0.0,0.0,,0,6,0,0,1,1,,0.79331,34.15,3e-05,offset=1
job,template_only,26,every_k4,41,6,0.5,0.5,0.0,3,6,0,0,1,1,,0.56665,24.39,2e-05,offset=3
job,template_only,26,adwin,41,6,0.0,0.0,,0,6,0,0,0,0,,2.32325,100.0,2e-05,
job,template_only,26,adwin_s,41,6,0.0,0.0,,0,6,0,0,0,0,,2.32325,100.0,2e-05,
job,template_only,26,mcusum,41,6,1.0,1.0,0.0,6,6,0,0,0,0,1.0,2.32325,100.0,6e-05,
job,template_only,26,sketch1,41,6,1.0,1.0,0.0,6,6,0,0,2,2,1.0,2.32325,100.0,0.00075,
job,template_only,27,dci_v2_P1,41,6,1.0,1.0,0.0,6,6,0,0,3,1,1.0,2.32325,100.0,0.00119,
job,template_only,27,dci_v2_P2,41,6,0.1667,0.3333,0.5,1,6,0,0,2,0,0.5286,1.28269,55.21,0.00108,
job,template_only,27,dci_v2_P4,41,6,0.6667,0.6667,0.0,4,6,0,0,3,1,0.8762,0.76468,32.91,0.00102,
job,template_only,27,dci_v2_P8,41,6,0.6667,0.6667,0.0,4,6,0,0,3,1,0.8762,0.4868,20.95,0.001,
job,template_only,27,dci_v1,41,6,1.0,1.0,0.0,6,6,0,0,5,3,1.0,2.32325,100.0,0.00159,
job,template_only,27,always_multiD,41,6,1.0,1.0,0.0,6,6,0,0,2,0,1.0,2.32325,100.0,0.00073,
job,template_only,27,best_axis_oracle,41,6,1.0,1.0,0.0,6,6,0,0,3,1,1.0,0.01066,0.46,0.00272,S_A
job,template_only,27,union4_raw,41,6,1.0,1.0,0.0,6,6,0,0,5,2,1.0,0.11528,4.96,0.00243,
job,template_only,27,union4_bonf,41,6,1.0,1.0,0.0,6,6,0,0,3,1,1.0,0.11528,4.96,0.00241,
job,template_only,27,every_k2,41,6,0.0,0.1667,1.0,0,6,0,0,2,0,,1.18996,51.22,4e-05,offset=0
job,template_only,27,every_k3,41,6,0.0,0.0,,0,6,0,0,0,0,,0.79331,34.15,3e-05,offset=1
job,template_only,27,every_k4,41,6,0.5,0.5,0.0,3,6,0,0,0,0,,0.56665,24.39,2e-05,offset=1
job,template_only,27,adwin,41,6,0.0,0.0,,0,6,0,0,0,0,,2.32325,100.0,2e-05,
job,template_only,27,adwin_s,41,6,0.0,0.0,,0,6,0,0,0,0,,2.32325,100.0,2e-05,
job,template_only,27,mcusum,41,6,1.0,1.0,0.0,6,6,0,0,1,0,0.9952,2.32325,100.0,6e-05,
job,template_only,27,sketch1,41,6,1.0,1.0,0.0,6,6,0,0,3,1,1.0,2.32325,100.0,0.00074,
job,template_only,28,dci_v2_P1,41,6,1.0,1.0,0.0,6,6,0,0,21,7,1.0,2.32325,100.0,0.00123,
job,template_only,28,dci_v2_P2,41,6,1.0,1.0,0.0,6,6,0,0,24,8,0.781,1.25133,53.86,0.00111,
job,template_only,28,dci_v2_P4,41,6,1.0,1.0,0.0,6,6,0,0,24,8,0.781,0.7436,32.01,0.00106,
job,template_only,28,dci_v2_P8,41,6,1.0,1.0,0.0,6,6,0,0,20,7,0.819,0.46134,19.86,0.00103,
job,template_only,28,dci_v1,41,6,1.0,1.0,0.0,6,6,0,0,21,7,1.0,2.32325,100.0,0.00161,
job,template_only,28,always_multiD,41,6,1.0,1.0,0.0,6,6,0,0,14,3,1.0,2.32325,100.0,0.00076,
job,template_only,28,best_axis_oracle,41,6,1.0,1.0,0.0,6,6,0,0,21,7,1.0,0.01066,0.46,0.00281,S_A
job,template_only,28,union4_raw,41,6,1.0,1.0,0.0,6,6,0,0,24,8,1.0,0.11528,4.96,0.00243,
job,template_only,28,union4_bonf,41,6,1.0,1.0,0.0,6,6,0,0,21,7,1.0,0.11528,4.96,0.00242,
job,template_only,28,every_k2,41,6,0.0,0.8333,1.4,0,6,0,0,9,2,,1.18996,51.22,4e-05,offset=0
job,template_only,28,every_k3,41,6,0.0,0.6667,2.0,0,6,0,0,6,2,,0.79331,34.15,3e-05,offset=1
job,template_only,28,every_k4,41,6,0.0,0.6667,1.5,0,6,0,0,5,1,,0.62331,26.83,2e-05,offset=0
job,template_only,28,adwin,41,6,0.0,0.0,,0,6,0,0,0,0,,2.32325,100.0,2e-05,
job,template_only,28,adwin_s,41,6,0.0,0.0,,0,6,0,0,0,0,,2.32325,100.0,2e-05,
job,template_only,28,mcusum,41,6,1.0,1.0,0.0,6,6,0,0,1,0,1.0,2.32325,100.0,5e-05,
job,template_only,28,sketch1,41,6,1.0,1.0,0.0,6,6,0,0,17,6,1.0,2.32325,100.0,0.00076,
job,template_only,29,dci_v2_P1,41,6,1.0,1.0,0.0,6,6,0,0,16,7,0.9571,2.32325,100.0,0.0012,
job,template_only,29,dci_v2_P2,41,6,0.8333,1.0,0.5,5,6,0,0,16,8,0.8333,1.26402,54.41,0.00108,
job,template_only,29,dci_v2_P4,41,6,0.8333,0.8333,0.0,5,6,0,0,14,7,0.8476,0.75831,32.64,0.00102,
job,template_only,29,dci_v2_P8,41,6,0.8333,0.8333,0.0,5,6,0,0,14,7,0.8524,0.4868,20.95,0.00099,
job,template_only,29,dci_v1,41,6,1.0,1.0,0.0,6,6,0,0,16,7,0.9857,2.32325,100.0,0.00158,
job,template_only,29,always_multiD,41,6,1.0,1.0,0.0,6,6,0,0,10,4,0.9857,2.32325,100.0,0.00073,
job,template_only,29,best_axis_oracle,41,6,0.8333,0.8333,0.0,5,6,0,0,17,8,0.919,0.01066,0.46,0.0027,S_A
job,template_only,29,union4_raw,41,6,1.0,1.0,0.0,6,6,0,0,19,9,0.9571,0.11528,4.96,0.00241,
job,template_only,29,union4_bonf,41,6,1.0,1.0,0.0,6,6,0,0,17,8,0.9571,0.11528,4.96,0.0024,
job,template_only,29,every_k2,41,6,1.0,1.0,0.0,6,6,0,0,3,1,,1.13329,48.78,4e-05,offset=1
job,template_only,29,every_k3,41,6,0.0,0.3333,2.0,0,6,0,0,5,3,,0.79331,34.15,3e-05,offset=1
job,template_only,29,every_k4,41,6,0.0,0.1667,3.0,0,6,0,0,4,3,,0.62331,26.83,2e-05,offset=0
job,template_only,29,adwin,41,6,0.0,0.0,,0,6,0,0,0,0,,2.32325,100.0,2e-05,
job,template_only,29,adwin_s,41,6,0.0,0.0,,0,6,0,0,0,0,,2.32325,100.0,2e-05,
job,template_only,29,mcusum,41,6,0.8333,0.8333,0.0,5,6,0,0,0,0,0.9238,2.32325,100.0,5e-05,
job,template_only,29,sketch1,41,6,0.8333,0.8333,0.0,5,6,0,0,13,5,0.8905,2.32325,100.0,0.00074,
job,template_only,30,dci_v2_P1,41,6,1.0,1.0,0.0,6,6,0,0,4,3,1.0,2.32325,100.0,0.00129,
job,template_only,30,dci_v2_P2,41,6,1.0,1.0,0.0,6,6,0,0,4,3,1.0,1.25157,53.87,0.00114,
job,template_only,30,dci_v2_P4,41,6,1.0,1.0,0.0,6,6,0,0,4,3,1.0,0.74392,32.02,0.00108,
job,template_only,30,dci_v2_P8,41,6,1.0,1.0,0.0,6,6,0,0,4,3,1.0,0.4619,19.88,0.00105,
job,template_only,30,dci_v1,41,6,1.0,1.0,0.0,6,6,0,0,6,5,1.0,2.32325,100.0,0.00165,
job,template_only,30,always_multiD,41,6,1.0,1.0,0.0,6,6,0,0,4,3,1.0,2.32325,100.0,0.00075,
job,template_only,30,best_axis_oracle,41,6,1.0,1.0,0.0,6,6,0,0,4,3,1.0,0.01066,0.46,0.00289,S_A
job,template_only,30,union4_raw,41,6,1.0,1.0,0.0,6,6,0,0,5,4,1.0,0.11528,4.96,0.0025,
job,template_only,30,union4_bonf,41,6,1.0,1.0,0.0,6,6,0,0,4,3,1.0,0.11528,4.96,0.00249,
job,template_only,30,every_k2,41,6,1.0,1.0,0.0,6,6,0,0,2,2,,1.13329,48.78,4e-05,offset=1
job,template_only,30,every_k3,41,6,0.0,0.0,,0,6,0,0,1,1,,0.79331,34.15,3e-05,offset=1
job,template_only,30,every_k4,41,6,0.0,0.1667,3.0,0,6,0,0,2,1,,0.62331,26.83,3e-05,offset=0
job,template_only,30,adwin,41,6,0.0,0.0,,0,6,0,0,0,0,,2.32325,100.0,2e-05,
job,template_only,30,adwin_s,41,6,0.0,0.0,,0,6,0,0,0,0,,2.32325,100.0,2e-05,
job,template_only,30,mcusum,41,6,1.0,1.0,0.0,6,6,0,0,0,0,1.0,2.32325,100.0,6e-05,
job,template_only,30,sketch1,41,6,1.0,1.0,0.0,6,6,0,0,4,3,1.0,2.32325,100.0,0.00077,
job,template_only,31,dci_v2_P1,41,6,1.0,1.0,0.0,6,6,0,0,0,0,1.0,2.32325,100.0,0.00122,
job,template_only,31,dci_v2_P2,41,6,0.3333,0.5,1.0,2,6,0,0,1,0,0.9,1.27402,54.84,0.00112,
job,template_only,31,dci_v2_P4,41,6,0.3333,0.5,1.0,2,6,0,0,1,0,0.9,0.77657,33.43,0.00106,
job,template_only,31,dci_v2_P8,41,6,0.1667,0.3333,1.5,1,6,0,0,1,0,0.9095,0.53038,22.83,0.00103,
job,template_only,31,dci_v1,41,6,1.0,1.0,0.0,6,6,0,0,0,0,1.0,2.32325,100.0,0.00162,
job,template_only,31,always_multiD,41,6,1.0,1.0,0.0,6,6,0,0,0,0,1.0,2.32325,100.0,0.00075,
job,template_only,31,best_axis_oracle,41,6,1.0,1.0,0.0,6,6,0,0,0,0,1.0,0.01066,0.46,0.00281,S_A
job,template_only,31,union4_raw,41,6,1.0,1.0,0.0,6,6,0,0,2,1,1.0,0.11528,4.96,0.00245,
job,template_only,31,union4_bonf,41,6,1.0,1.0,0.0,6,6,0,0,1,1,1.0,0.11528,4.96,0.0024,
job,template_only,31,every_k2,41,6,0.0,0.0,,0,6,0,0,0,0,,1.18996,51.22,4e-05,offset=0
job,template_only,31,every_k3,41,6,0.0,0.0,,0,6,0,0,0,0,,0.79331,34.15,3e-05,offset=1
job,template_only,31,every_k4,41,6,0.0,0.0,,0,6,0,0,0,0,,0.62331,26.83,3e-05,offset=0
job,template_only,31,adwin,41,6,0.0,0.0,,0,6,0,0,0,0,,2.32325,100.0,2e-05,
job,template_only,31,adwin_s,41,6,0.0,0.0,,0,6,0,0,0,0,,2.32325,100.0,2e-05,
job,template_only,31,mcusum,41,6,1.0,1.0,0.0,6,6,0,0,0,0,1.0,2.32325,100.0,6e-05,
job,template_only,31,sketch1,41,6,1.0,1.0,0.0,6,6,0,0,0,0,1.0,2.32325,100.0,0.00073,
job,template_only,32,dci_v2_P1,41,6,1.0,1.0,0.0,6,6,0,0,0,0,1.0,2.32325,100.0,0.00127,
job,template_only,32,dci_v2_P2,41,6,0.3333,0.3333,0.0,2,6,0,0,1,1,0.919,1.25072,53.83,0.00112,
job,template_only,32,dci_v2_P4,41,6,0.0,0.1667,3.0,0,6,0,0,2,1,0.7333,0.79359,34.16,0.00106,
job,template_only,32,dci_v2_P8,41,6,0.1667,0.1667,0.0,1,6,0,0,2,1,0.781,0.52001,22.38,0.00103,
job,template_only,32,dci_v1,41,6,1.0,1.0,0.0,6,6,0,0,0,0,1.0,2.32325,100.0,0.00164,
job,template_only,32,always_multiD,41,6,1.0,1.0,0.0,6,6,0,0,0,0,1.0,2.32325,100.0,0.00075,
job,template_only,32,best_axis_oracle,41,6,1.0,1.0,0.0,6,6,0,0,0,0,1.0,0.01066,0.46,0.00281,S_A
job,template_only,32,union4_raw,41,6,1.0,1.0,0.0,6,6,0,0,2,1,1.0,0.11528,4.96,0.00234,
job,template_only,32,union4_bonf,41,6,1.0,1.0,0.0,6,6,0,0,1,1,1.0,0.11528,4.96,0.00232,
job,template_only,32,every_k2,41,6,0.0,0.0,,0,6,0,0,0,0,,1.18996,51.22,4e-05,offset=0
job,template_only,32,every_k3,41,6,0.0,0.0,,0,6,0,0,0,0,,0.79331,34.15,3e-05,offset=0
job,template_only,32,every_k4,41,6,0.0,0.0,,0,6,0,0,0,0,,0.62331,26.83,2e-05,offset=0
job,template_only,32,adwin,41,6,0.0,0.0,,0,6,0,0,0,0,,2.32325,100.0,2e-05,
job,template_only,32,adwin_s,41,6,0.0,0.0,,0,6,0,0,0,0,,2.32325,100.0,2e-05,
job,template_only,32,mcusum,41,6,0.6667,0.6667,0.0,4,6,0,0,0,0,0.9667,2.32325,100.0,5e-05,
job,template_only,32,sketch1,41,6,1.0,1.0,0.0,6,6,0,0,0,0,1.0,2.32325,100.0,0.00073,
job,template_only,33,dci_v2_P1,41,6,1.0,1.0,0.0,6,6,0,0,9,4,1.0,2.32325,100.0,0.00123,
job,template_only,33,dci_v2_P2,41,6,1.0,1.0,0.0,6,6,0,0,10,4,0.9429,1.25133,53.86,0.00111,
job,template_only,33,dci_v2_P4,41,6,1.0,1.0,0.0,6,6,0,0,10,4,0.9429,0.7436,32.01,0.00104,
job,template_only,33,dci_v2_P8,41,6,0.8333,0.8333,0.0,5,6,0,0,7,3,0.9,0.46101,19.84,0.00102,
job,template_only,33,dci_v1,41,6,1.0,1.0,0.0,6,6,0,0,10,5,1.0,2.32325,100.0,0.00161,
job,template_only,33,always_multiD,41,6,1.0,1.0,0.0,6,6,0,0,5,3,1.0,2.32325,100.0,0.00075,
job,template_only,33,best_axis_oracle,41,6,1.0,1.0,0.0,6,6,0,0,9,4,1.0,0.01066,0.46,0.00282,S_A
job,template_only,33,union4_raw,41,6,1.0,1.0,0.0,6,6,0,0,10,4,1.0,0.11528,4.96,0.00243,
job,template_only,33,union4_bonf,41,6,1.0,1.0,0.0,6,6,0,0,7,3,1.0,0.11528,4.96,0.00244,
job,template_only,33,every_k2,41,6,1.0,1.0,0.0,6,6,0,0,0,0,,1.13329,48.78,4e-05,offset=1
job,template_only,33,every_k3,41,6,1.0,1.0,0.0,6,6,0,0,0,0,,0.73664,31.71,3e-05,offset=2
job,template_only,33,every_k4,41,6,0.0,0.0,,0,6,0,0,2,2,,0.56665,24.39,2e-05,offset=2
job,template_only,33,adwin,41,6,0.0,0.0,,0,6,0,0,0,0,,2.32325,100.0,2e-05,
job,template_only,33,adwin_s,41,6,0.0,0.0,,0,6,0,0,0,0,,2.32325,100.0,2e-05,
job,template_only,33,mcusum,41,6,0.8333,0.8333,0.0,5,6,0,0,1,1,0.9762,2.32325,100.0,5e-05,
job,template_only,33,sketch1,41,6,1.0,1.0,0.0,6,6,0,0,7,3,1.0,2.32325,100.0,0.00076,
job,template_only,34,dci_v2_P1,41,6,1.0,1.0,0.0,6,6,0,0,2,2,1.0,2.32325,100.0,0.00124,
job,template_only,34,dci_v2_P2,41,6,0.8333,0.8333,0.0,5,6,0,0,7,4,0.8905,1.25086,53.84,0.00113,
job,template_only,34,dci_v2_P4,41,6,0.8333,0.8333,0.0,5,6,0,0,5,3,0.9143,0.74308,31.98,0.00107,
job,template_only,34,dci_v2_P8,41,6,1.0,1.0,0.0,6,6,0,0,2,2,1.0,0.4619,19.88,0.00104,
job,template_only,34,dci_v1,41,6,1.0,1.0,0.0,6,6,0,0,3,3,1.0,2.32325,100.0,0.00161,
job,template_only,34,always_multiD,41,6,1.0,1.0,0.0,6,6,0,0,3,2,1.0,2.32325,100.0,0.00076,
job,template_only,34,best_axis_oracle,41,6,1.0,1.0,0.0,6,6,0,0,3,3,1.0,0.01066,0.46,0.00284,S_A
job,template_only,34,union4_raw,41,6,1.0,1.0,0.0,6,6,0,0,9,6,1.0,0.11528,4.96,0.00244,
job,template_only,34,union4_bonf,41,6,1.0,1.0,0.0,6,6,0,0,1,1,1.0,0.11528,4.96,0.00249,
job,template_only,34,every_k2,41,6,0.0,0.1667,3.0,0,6,0,0,2,1,,1.18996,51.22,5e-05,offset=0
job,template_only,34,every_k3,41,6,1.0,1.0,0.0,6,6,0,0,2,1,,0.73664,31.71,3e-05,offset=2
job,template_only,34,every_k4,41,6,0.0,0.0,,0,6,0,0,0,0,,0.62331,26.83,2e-05,offset=0
job,template_only,34,adwin,41,6,0.0,0.0,,0,6,0,0,0,0,,2.32325,100.0,2e-05,
job,template_only,34,adwin_s,41,6,0.0,0.0,,0,6,0,0,0,0,,2.32325,100.0,2e-05,
job,template_only,34,mcusum,41,6,1.0,1.0,0.0,6,6,0,0,0,0,1.0,2.32325,100.0,5e-05,
job,template_only,34,sketch1,41,6,1.0,1.0,0.0,6,6,0,0,0,0,1.0,2.32325,100.0,0.00072,
job,template_only,35,dci_v2_P1,41,6,0.8333,0.8333,0.0,5,6,0,0,12,7,0.8929,2.32325,100.0,0.00125,
job,template_only,35,dci_v2_P2,41,6,0.8333,0.8333,0.0,5,6,0,0,11,6,0.8929,1.25364,53.96,0.00114,
job,template_only,35,dci_v2_P4,41,6,0.8333,0.8333,0.0,5,6,0,0,11,6,0.8929,0.746,32.11,0.00109,
job,template_only,35,dci_v2_P8,41,6,0.6667,0.8333,0.6,4,6,0,0,8,5,0.85,0.47228,20.33,0.00105,
job,template_only,35,dci_v1,41,6,0.8333,0.8333,0.0,5,6,0,0,12,7,0.9381,2.32325,100.0,0.00167,
job,template_only,35,always_multiD,41,6,0.8333,0.8333,0.0,5,6,0,0,8,4,0.9143,2.32325,100.0,0.00077,
job,template_only,35,best_axis_oracle,41,6,0.8333,0.8333,0.0,5,6,0,0,12,7,0.8857,0.01066,0.46,0.00289,S_A
job,template_only,35,union4_raw,41,6,0.8333,0.8333,0.0,5,6,0,0,13,7,0.8429,0.11528,4.96,0.00251,
job,template_only,35,union4_bonf,41,6,0.8333,0.8333,0.0,5,6,0,0,11,6,0.8429,0.11528,4.96,0.0025,
job,template_only,35,every_k2,41,6,0.0,0.3333,2.0,0,6,0,0,6,3,,1.18996,51.22,4e-05,offset=0
job,template_only,35,every_k3,41,6,0.8333,0.8333,0.0,5,6,0,0,2,0,,0.73664,31.71,3e-05,offset=2
job,template_only,35,every_k4,41,6,0.0,0.1667,1.0,0,6,0,0,3,2,,0.56665,24.39,2e-05,offset=2
job,template_only,35,adwin,41,6,0.0,0.0,,0,6,0,0,0,0,,2.32325,100.0,2e-05,
job,template_only,35,adwin_s,41,6,0.0,0.0,,0,6,0,0,0,0,,2.32325,100.0,2e-05,
job,template_only,35,mcusum,41,6,0.8333,0.8333,0.0,5,6,0,0,2,1,0.9476,2.32325,100.0,6e-05,
job,template_only,35,sketch1,41,6,0.8333,0.8333,0.0,5,6,0,0,12,7,0.8857,2.32325,100.0,0.00078,
job,template_only,36,dci_v2_P1,41,6,1.0,1.0,0.0,6,6,0,0,9,5,1.0,2.32325,100.0,0.00126,
job,template_only,36,dci_v2_P2,41,6,1.0,1.0,0.0,6,6,0,0,9,5,1.0,1.25157,53.87,0.00111,
job,template_only,36,dci_v2_P4,41,6,1.0,1.0,0.0,6,6,0,0,9,5,1.0,0.74392,32.02,0.00106,
job,template_only,36,dci_v2_P8,41,6,1.0,1.0,0.0,6,6,0,0,9,5,1.0,0.4619,19.88,0.00103,
job,template_only,36,dci_v1,41,6,1.0,1.0,0.0,6,6,0,0,9,5,1.0,2.32325,100.0,0.00165,
job,template_only,36,always_multiD,41,6,1.0,1.0,0.0,6,6,0,0,7,4,1.0,2.32325,100.0,0.00076,
job,template_only,36,best_axis_oracle,41,6,1.0,1.0,0.0,6,6,0,0,9,5,1.0,0.01066,0.46,0.00282,S_A
job,template_only,36,union4_raw,41,6,1.0,1.0,0.0,6,6,0,0,12,7,1.0,0.11528,4.96,0.00243,
job,template_only,36,union4_bonf,41,6,1.0,1.0,0.0,6,6,0,0,8,4,1.0,0.11528,4.96,0.00244,
job,template_only,36,every_k2,41,6,0.0,0.1667,1.0,0,6,0,0,4,3,,1.18996,51.22,5e-05,offset=0
job,template_only,36,every_k3,41,6,0.0,0.1667,1.0,0,6,0,0,2,1,,0.79331,34.15,3e-05,offset=0
job,template_only,36,every_k4,41,6,0.5,0.6667,0.5,3,6,0,0,1,0,,0.56665,24.39,2e-05,offset=1
job,template_only,36,adwin,41,6,0.0,0.0,,0,6,0,0,0,0,,2.32325,100.0,2e-05,
job,template_only,36,adwin_s,41,6,0.0,0.0,,0,6,0,0,0,0,,2.32325,100.0,2e-05,
job,template_only,36,mcusum,41,6,1.0,1.0,0.0,6,6,0,0,0,0,1.0,2.32325,100.0,5e-05,
job,template_only,36,sketch1,41,6,1.0,1.0,0.0,6,6,0,0,9,5,1.0,2.32325,100.0,0.00076,
job,template_only,37,dci_v2_P1,41,6,1.0,1.0,0.0,6,6,0,0,1,1,1.0,2.32325,100.0,0.00118,
job,template_only,37,dci_v2_P2,41,6,0.3333,0.5,0.33,2,6,0,0,5,2,0.6762,1.26129,54.29,0.00108,
job,template_only,37,dci_v2_P4,41,6,0.1667,0.3333,0.5,1,6,0,0,5,2,0.6381,0.76383,32.88,0.00102,
job,template_only,37,dci_v2_P8,41,6,0.0,0.1667,2.0,0,6,0,0,5,3,0.4905,0.53038,22.83,0.00099,
job,template_only,37,dci_v1,41,6,1.0,1.0,0.0,6,6,0,0,1,1,1.0,2.32325,100.0,0.00157,
job,template_only,37,always_multiD,41,6,1.0,1.0,0.0,6,6,0,0,0,0,1.0,2.32325,100.0,0.00076,
job,template_only,37,best_axis_oracle,41,6,1.0,1.0,0.0,6,6,0,0,0,0,1.0,0.01066,0.46,0.00275,S_A
job,template_only,37,union4_raw,41,6,1.0,1.0,0.0,6,6,0,0,6,3,1.0,0.11528,4.96,0.00243,
job,template_only,37,union4_bonf,41,6,1.0,1.0,0.0,6,6,0,0,0,0,1.0,0.11528,4.96,0.00241,
job,template_only,37,every_k2,41,6,1.0,1.0,0.0,6,6,0,0,0,0,,1.13329,48.78,4e-05,offset=1
job,template_only,37,every_k3,41,6,0.0,0.0,,0,6,0,0,0,0,,0.79331,34.15,3e-05,offset=1
job,template_only,37,every_k4,41,6,0.5,0.5,0.0,3,6,0,0,0,0,,0.56665,24.39,3e-05,offset=3
job,template_only,37,adwin,41,6,0.0,0.0,,0,6,0,0,0,0,,2.32325,100.0,2e-05,
job,template_only,37,adwin_s,41,6,0.0,0.0,,0,6,0,0,0,0,,2.32325,100.0,2e-05,
job,template_only,37,mcusum,41,6,1.0,1.0,0.0,6,6,0,0,0,0,1.0,2.32325,100.0,6e-05,
job,template_only,37,sketch1,41,6,1.0,1.0,0.0,6,6,0,0,0,0,1.0,2.32325,100.0,0.00073,
job,template_only,38,dci_v2_P1,41,6,0.8333,0.8333,0.0,5,6,0,0,5,3,0.9071,2.32325,100.0,0.00124,
job,template_only,38,dci_v2_P2,41,6,0.3333,0.5,1.0,2,6,0,0,6,3,0.8143,1.25086,53.84,0.00113,
job,template_only,38,dci_v2_P4,41,6,0.3333,0.5,1.0,2,6,0,0,6,3,0.8143,0.74289,31.98,0.00107,
job,template_only,38,dci_v2_P8,41,6,0.3333,0.5,1.0,2,6,0,0,6,3,0.8143,0.46068,19.83,0.00104,
job,template_only,38,dci_v1,41,6,0.8333,0.8333,0.0,5,6,0,0,5,3,0.9571,2.32325,100.0,0.00161,
job,template_only,38,always_multiD,41,6,0.8333,0.8333,0.0,5,6,0,0,5,3,0.9762,2.32325,100.0,0.00075,
job,template_only,38,best_axis_oracle,41,6,0.3333,0.3333,0.0,2,6,0,0,1,1,0.919,0.00874,0.38,0.00282,S_T
job,template_only,38,union4_raw,41,6,0.8333,0.8333,0.0,5,6,0,0,9,4,0.9571,0.11528,4.96,0.00246,
job,template_only,38,union4_bonf,41,6,0.8333,0.8333,0.0,5,6,0,0,6,2,0.9571,0.11528,4.96,0.00243,
job,template_only,38,every_k2,41,6,0.0,0.1667,3.0,0,6,0,0,3,2,,1.18996,51.22,4e-05,offset=0
job,template_only,38,every_k3,41,6,0.8333,0.8333,0.0,5,6,0,0,1,0,,0.73664,31.71,3e-05,offset=2
job,template_only,38,every_k4,41,6,0.0,0.0,,0,6,0,0,0,0,,0.56665,24.39,3e-05,offset=2
job,template_only,38,adwin,41,6,0.0,0.0,,0,6,0,0,0,0,,2.32325,100.0,2e-05,
job,template_only,38,adwin_s,41,6,0.0,0.0,,0,6,0,0,0,0,,2.32325,100.0,2e-05,
job,template_only,38,mcusum,41,6,0.6667,0.6667,0.0,4,6,0,0,0,0,0.9238,2.32325,100.0,6e-05,
job,template_only,38,sketch1,41,6,0.8333,0.8333,0.0,5,6,0,0,6,2,0.9048,2.32325,100.0,0.00074,
job,template_only,39,dci_v2_P1,41,6,1.0,1.0,0.0,6,6,0,0,10,8,1.0,2.32325,100.0,0.00128,
job,template_only,39,dci_v2_P2,41,6,1.0,1.0,0.0,6,6,0,0,10,8,1.0,1.25157,53.87,0.00111,
job,template_only,39,dci_v2_P4,41,6,1.0,1.0,0.0,6,6,0,0,10,8,1.0,0.74392,32.02,0.00107,
job,template_only,39,dci_v2_P8,41,6,1.0,1.0,0.0,6,6,0,0,10,8,1.0,0.4619,19.88,0.00103,
job,template_only,39,dci_v1,41,6,1.0,1.0,0.0,6,6,0,0,10,8,1.0,2.32325,100.0,0.00162,
job,template_only,39,always_multiD,41,6,1.0,1.0,0.0,6,6,0,0,8,7,1.0,2.32325,100.0,0.00077,
job,template_only,39,best_axis_oracle,41,6,1.0,1.0,0.0,6,6,0,0,10,8,1.0,0.01066,0.46,0.00279,S_A
job,template_only,39,union4_raw,41,6,1.0,1.0,0.0,6,6,0,0,10,8,1.0,0.11528,4.96,0.00242,
job,template_only,39,union4_bonf,41,6,1.0,1.0,0.0,6,6,0,0,10,8,1.0,0.11528,4.96,0.00243,
job,template_only,39,every_k2,41,6,0.0,0.1667,3.0,0,6,0,0,5,4,,1.18996,51.22,6e-05,offset=0
job,template_only,39,every_k3,41,6,1.0,1.0,0.0,6,6,0,0,2,1,,0.73664,31.71,3e-05,offset=2
job,template_only,39,every_k4,41,6,0.5,0.5,0.0,3,6,0,0,2,2,,0.56665,24.39,2e-05,offset=1
job,template_only,39,adwin,41,6,0.0,0.0,,0,6,0,0,0,0,,2.32325,100.0,2e-05,
job,template_only,39,adwin_s,41,6,0.0,0.0,,0,6,0,0,0,0,,2.32325,100.0,2e-05,
job,template_only,39,mcusum,41,6,1.0,1.0,0.0,6,6,0,0,1,1,0.9952,2.32325,100.0,5e-05,
job,template_only,39,sketch1,41,6,1.0,1.0,0.0,6,6,0,0,9,8,1.0,2.32325,100.0,0.00075,
job,template_only,40,dci_v2_P1,41,6,1.0,1.0,0.0,6,6,0,0,5,2,0.9952,2.32325,100.0,0.00129,
job,template_only,40,dci_v2_P2,41,6,0.5,0.6667,0.25,3,6,0,0,5,2,0.881,1.27232,54.76,0.00113,
job,template_only,40,dci_v2_P4,41,6,0.5,0.6667,0.25,3,6,0,0,5,2,0.881,0.77505,33.36,0.00107,
job,template_only,40,dci_v2_P8,41,6,0.6667,0.8333,0.2,4,6,0,0,5,2,0.9238,0.49095,21.13,0.00103,
job,template_only,40,dci_v1,41,6,1.0,1.0,0.0,6,6,0,0,5,2,0.9952,2.32325,100.0,0.00165,
job,template_only,40,always_multiD,41,6,1.0,1.0,0.0,6,6,0,0,4,1,0.9952,2.32325,100.0,0.00077,
job,template_only,40,best_axis_oracle,41,6,1.0,1.0,0.0,6,6,0,0,5,2,0.9952,0.01066,0.46,0.00279,S_A
job,template_only,40,union4_raw,41,6,1.0,1.0,0.0,6,6,0,0,6,2,0.9952,0.11528,4.96,0.00245,
job,template_only,40,union4_bonf,41,6,1.0,1.0,0.0,6,6,0,0,5,2,0.9952,0.11528,4.96,0.0024,
job,template_only,40,every_k2,41,6,1.0,1.0,0.0,6,6,0,0,1,0,,1.13329,48.78,5e-05,offset=1
job,template_only,40,every_k3,41,6,0.0,0.1667,1.0,0,6,0,0,1,0,,0.79331,34.15,3e-05,offset=0
job,template_only,40,every_k4,41,6,0.5,0.5,0.0,3,6,0,0,0,0,,0.56665,24.39,2e-05,offset=3
job,template_only,40,adwin,41,6,0.0,0.0,,0,6,0,0,0,0,,2.32325,100.0,2e-05,
job,template_only,40,adwin_s,41,6,0.0,0.0,,0,6,0,0,0,0,,2.32325,100.0,2e-05,
job,template_only,40,mcusum,41,6,0.8333,0.8333,0.0,5,6,0,0,1,1,0.9762,2.32325,100.0,6e-05,
job,template_only,40,sketch1,41,6,1.0,1.0,0.0,6,6,0,0,5,2,0.9952,2.32325,100.0,0.00075,
job,template_only,41,dci_v2_P1,41,6,1.0,1.0,0.0,6,6,0,0,0,0,1.0,2.32325,100.0,0.00127,
job,template_only,41,dci_v2_P2,41,6,0.3333,0.5,0.33,2,6,0,0,2,0,0.6333,1.25944,54.21,0.00118,
job,template_only,41,dci_v2_P4,41,6,0.3333,0.5,0.33,2,6,0,0,2,0,0.6571,0.74501,32.07,0.0011,
job,template_only,41,dci_v2_P8,41,6,0.1667,0.3333,0.5,1,6,0,0,2,0,0.6095,0.501,21.56,0.00119,
job,template_only,41,dci_v1,41,6,1.0,1.0,0.0,6,6,0,0,0,0,1.0,2.32325,100.0,0.00158,
job,template_only,41,always_multiD,41,6,1.0,1.0,0.0,6,6,0,0,0,0,1.0,2.32325,100.0,0.00073,
job,template_only,41,best_axis_oracle,41,6,1.0,1.0,0.0,6,6,0,0,0,0,1.0,0.01066,0.46,0.00269,S_A
job,template_only,41,union4_raw,41,6,1.0,1.0,0.0,6,6,0,0,2,0,1.0,0.11528,4.96,0.00234,
job,template_only,41,union4_bonf,41,6,1.0,1.0,0.0,6,6,0,0,0,0,1.0,0.11528,4.96,0.00235,
job,template_only,41,every_k2,41,6,0.0,0.0,,0,6,0,0,0,0,,1.18996,51.22,4e-05,offset=0
job,template_only,41,every_k3,41,6,0.0,0.0,,0,6,0,0,0,0,,0.79331,34.15,3e-05,offset=1
job,template_only,41,every_k4,41,6,0.5,0.5,0.0,3,6,0,0,0,0,,0.56665,24.39,2e-05,offset=3
job,template_only,41,adwin,41,6,0.0,0.0,,0,6,0,0,0,0,,2.32325,100.0,2e-05,
job,template_only,41,adwin_s,41,6,0.0,0.0,,0,6,0,0,0,0,,2.32325,100.0,2e-05,
job,template_only,41,mcusum,41,6,0.8333,0.8333,0.0,5,6,0,0,0,0,0.981,2.32325,100.0,5e-05,
job,template_only,41,sketch1,41,6,1.0,1.0,0.0,6,6,0,0,0,0,1.0,2.32325,100.0,0.00072,
job,template_only,42,dci_v2_P1,41,6,1.0,1.0,0.0,6,6,0,0,2,2,1.0,2.32325,100.0,0.00123,
job,template_only,42,dci_v2_P2,41,6,1.0,1.0,0.0,6,6,0,0,2,2,1.0,1.25157,53.87,0.00109,
job,template_only,42,dci_v2_P4,41,6,1.0,1.0,0.0,6,6,0,0,2,2,1.0,0.74392,32.02,0.00103,
job,template_only,42,dci_v2_P8,41,6,1.0,1.0,0.0,6,6,0,0,2,2,1.0,0.4619,19.88,0.00101,
job,template_only,42,dci_v1,41,6,1.0,1.0,0.0,6,6,0,0,2,2,1.0,2.32325,100.0,0.00159,
job,template_only,42,always_multiD,41,6,1.0,1.0,0.0,6,6,0,0,3,2,1.0,2.32325,100.0,0.00074,
job,template_only,42,best_axis_oracle,41,6,1.0,1.0,0.0,6,6,0,0,2,2,1.0,0.01066,0.46,0.00276,S_A
job,template_only,42,union4_raw,41,6,1.0,1.0,0.0,6,6,0,0,5,4,1.0,0.11528,4.96,0.0024,
job,template_only,42,union4_bonf,41,6,1.0,1.0,0.0,6,6,0,0,2,2,1.0,0.11528,4.96,0.00238,
job,template_only,42,every_k2,41,6,0.0,0.1667,3.0,0,6,0,0,2,1,,1.18996,51.22,5e-05,offset=0
job,template_only,42,every_k3,41,6,1.0,1.0,0.0,6,6,0,0,2,1,,0.73664,31.71,3e-05,offset=2
job,template_only,42,every_k4,41,6,0.5,0.5,0.0,3,6,0,0,1,1,,0.56665,24.39,2e-05,offset=1
job,template_only,42,adwin,41,6,0.0,0.0,,0,6,0,0,0,0,,2.32325,100.0,2e-05,
job,template_only,42,adwin_s,41,6,0.0,0.0,,0,6,0,0,0,0,,2.32325,100.0,2e-05,
job,template_only,42,mcusum,41,6,1.0,1.0,0.0,6,6,0,0,0,0,1.0,2.32325,100.0,6e-05,
job,template_only,42,sketch1,41,6,1.0,1.0,0.0,6,6,0,0,2,2,1.0,2.32325,100.0,0.00073,
job,template_only,43,dci_v2_P1,41,6,0.8333,0.8333,0.0,5,6,0,0,10,4,0.95,2.32325,100.0,0.00125,
job,template_only,43,dci_v2_P2,41,6,0.6667,0.8333,0.2,4,6,0,0,10,4,0.9024,1.25572,54.05,0.0011,
job,template_only,43,dci_v2_P4,41,6,0.6667,0.8333,0.6,4,6,0,0,9,4,0.9119,0.75222,32.38,0.00104,
job,template_only,43,dci_v2_P8,41,6,0.6667,0.8333,0.6,4,6,0,0,9,4,0.9119,0.47228,20.33,0.00102,
job,template_only,43,dci_v1,41,6,0.8333,0.8333,0.0,5,6,0,0,10,4,0.8952,2.32325,100.0,0.00163,
job,template_only,43,always_multiD,41,6,1.0,1.0,0.0,6,6,0,0,8,4,0.9762,2.32325,100.0,0.00076,
job,template_only,43,best_axis_oracle,41,6,0.8333,0.8333,0.0,5,6,0,0,0,0,0.9857,0.00874,0.38,0.00279,S_T
job,template_only,43,union4_raw,41,6,1.0,1.0,0.0,6,6,0,0,10,4,0.9524,0.11528,4.96,0.00243,
job,template_only,43,union4_bonf,41,6,0.8333,0.8333,0.0,5,6,0,0,10,4,0.9524,0.11528,4.96,0.00238,
job,template_only,43,every_k2,41,6,0.0,0.3333,2.0,0,6,0,0,5,2,,1.18996,51.22,4e-05,offset=0
job,template_only,43,every_k3,41,6,0.0,0.1667,2.0,0,6,0,0,3,2,,0.79331,34.15,3e-05,offset=1
job,template_only,43,every_k4,41,6,0.0,0.3333,2.0,0,6,0,0,3,1,,0.62331,26.83,2e-05,offset=0
job,template_only,43,adwin,41,6,0.0,0.0,,0,6,0,0,0,0,,2.32325,100.0,2e-05,
job,template_only,43,adwin_s,41,6,0.0,0.0,,0,6,0,0,0,0,,2.32325,100.0,2e-05,
job,template_only,43,mcusum,41,6,0.8333,0.8333,0.0,5,6,0,0,0,0,0.9476,2.32325,100.0,5e-05,
job,template_only,43,sketch1,41,6,0.8333,0.8333,0.0,5,6,0,0,9,4,0.9429,2.32325,100.0,0.00072,
job,template_only,44,dci_v2_P1,41,6,1.0,1.0,0.0,6,6,0,0,9,4,1.0,2.32325,100.0,0.0013,
job,template_only,44,dci_v2_P2,41,6,0.5,0.5,0.0,3,6,0,0,9,4,0.6095,1.26576,54.48,0.00114,
job,template_only,44,dci_v2_P4,41,6,0.5,0.5,0.0,3,6,0,0,8,4,0.7905,0.74501,32.07,0.00108,
job,template_only,44,dci_v2_P8,41,6,0.3333,0.5,1.0,2,6,0,0,8,4,0.6524,0.51586,22.2,0.00105,
job,template_only,44,dci_v1,41,6,1.0,1.0,0.0,6,6,0,0,9,4,1.0,2.32325,100.0,0.00163,
job,template_only,44,always_multiD,41,6,1.0,1.0,0.0,6,6,0,0,7,3,1.0,2.32325,100.0,0.00076,
job,template_only,44,best_axis_oracle,41,6,1.0,1.0,0.0,6,6,0,0,9,4,1.0,0.01066,0.46,0.00283,S_A
job,template_only,44,union4_raw,41,6,1.0,1.0,0.0,6,6,0,0,9,4,1.0,0.11528,4.96,0.00247,
job,template_only,44,union4_bonf,41,6,1.0,1.0,0.0,6,6,0,0,7,3,1.0,0.11528,4.96,0.00244,
job,template_only,44,every_k2,41,6,0.0,0.3333,1.0,0,6,0,0,5,1,,1.18996,51.22,6e-05,offset=0
job,template_only,44,every_k3,41,6,1.0,1.0,0.0,6,6,0,0,2,0,,0.73664,31.71,3e-05,offset=2
job,template_only,44,every_k4,41,6,0.5,0.5,0.0,3,6,0,0,1,1,,0.56665,24.39,2e-05,offset=3
job,template_only,44,adwin,41,6,0.0,0.0,,0,6,0,0,0,0,,2.32325,100.0,3e-05,
job,template_only,44,adwin_s,41,6,0.0,0.0,,0,6,0,0,0,0,,2.32325,100.0,2e-05,
job,template_only,44,mcusum,41,6,1.0,1.0,0.0,6,6,0,0,0,0,1.0,2.32325,100.0,5e-05,
job,template_only,44,sketch1,41,6,1.0,1.0,0.0,6,6,0,0,8,4,1.0,2.32325,100.0,0.00076,
job,template_only,45,dci_v2_P1,41,6,1.0,1.0,0.0,6,6,0,0,3,1,1.0,2.32325,100.0,0.00125,
job,template_only,45,dci_v2_P2,41,6,1.0,1.0,0.0,6,6,0,0,3,1,1.0,1.25157,53.87,0.00114,
job,template_only,45,dci_v2_P4,41,6,1.0,1.0,0.0,6,6,0,0,3,1,1.0,0.74392,32.02,0.00107,
job,template_only,45,dci_v2_P8,41,6,1.0,1.0,0.0,6,6,0,0,3,1,1.0,0.4619,19.88,0.00104,
job,template_only,45,dci_v1,41,6,1.0,1.0,0.0,6,6,0,0,3,1,1.0,2.32325,100.0,0.00165,
job,template_only,45,always_multiD,41,6,1.0,1.0,0.0,6,6,0,0,4,2,1.0,2.32325,100.0,0.00077,
job,template_only,45,best_axis_oracle,41,6,1.0,1.0,0.0,6,6,0,0,3,1,1.0,0.01066,0.46,0.00282,S_A
job,template_only,45,union4_raw,41,6,1.0,1.0,0.0,6,6,0,0,7,3,1.0,0.11528,4.96,0.00244,
job,template_only,45,union4_bonf,41,6,1.0,1.0,0.0,6,6,0,0,5,3,1.0,0.11528,4.96,0.00244,
job,template_only,45,every_k2,41,6,1.0,1.0,0.0,6,6,0,0,3,2,,1.13329,48.78,4e-05,offset=1
job,template_only,45,every_k3,41,6,0.0,0.1667,2.0,0,6,0,0,2,1,,0.79331,34.15,3e-05,offset=1
job,template_only,45,every_k4,41,6,0.5,0.5,0.0,3,6,0,0,2,2,,0.56665,24.39,2e-05,offset=1
job,template_only,45,adwin,41,6,0.0,0.0,,0,6,0,0,0,0,,2.32325,100.0,2e-05,
job,template_only,45,adwin_s,41,6,0.0,0.0,,0,6,0,0,0,0,,2.32325,100.0,2e-05,
job,template_only,45,mcusum,41,6,1.0,1.0,0.0,6,6,0,0,1,1,1.0,2.32325,100.0,6e-05,
job,template_only,45,sketch1,41,6,1.0,1.0,0.0,6,6,0,0,3,1,1.0,2.32325,100.0,0.00076,
job,template_only,46,dci_v2_P1,41,6,0.8333,0.8333,0.0,5,6,0,0,0,0,0.9905,2.32325,100.0,0.00123,
job,template_only,46,dci_v2_P2,41,6,0.1667,0.3333,1.0,1,6,0,0,2,1,0.7095,1.26977,54.66,0.00113,
job,template_only,46,dci_v2_P4,41,6,0.1667,0.3333,1.0,1,6,0,0,2,1,0.7095,0.7702,33.15,0.00106,
job,template_only,46,dci_v2_P8,41,6,0.5,0.6667,0.5,3,6,0,0,2,1,0.9,0.51586,22.2,0.00103,
job,template_only,46,dci_v1,41,6,0.8333,0.8333,0.0,5,6,0,0,1,1,0.9762,2.32325,100.0,0.00162,
job,template_only,46,always_multiD,41,6,0.8333,0.8333,0.0,5,6,0,0,0,0,0.9524,2.32325,100.0,0.00074,
job,template_only,46,best_axis_oracle,41,6,0.8333,0.8333,0.0,5,6,0,0,0,0,1.0,0.01066,0.46,0.00281,S_A
job,template_only,46,union4_raw,41,6,0.8333,0.8333,0.0,5,6,0,0,2,1,0.9714,0.11528,4.96,0.00241,
job,template_only,46,union4_bonf,41,6,0.8333,0.8333,0.0,5,6,0,0,0,0,0.9714,0.11528,4.96,0.00242,
job,template_only,46,every_k2,41,6,0.8333,0.8333,0.0,5,6,0,0,0,0,,1.13329,48.78,5e-05,offset=1
job,template_only,46,every_k3,41,6,0.0,0.0,,0,6,0,0,0,0,,0.79331,34.15,3e-05,offset=1
job,template_only,46,every_k4,41,6,0.0,0.0,,0,6,0,0,0,0,,0.56665,24.39,2e-05,offset=2
job,template_only,46,adwin,41,6,0.0,0.0,,0,6,0,0,0,0,,2.32325,100.0,2e-05,
job,template_only,46,adwin_s,41,6,0.0,0.0,,0,6,0,0,0,0,,2.32325,100.0,2e-05,
job,template_only,46,mcusum,41,6,0.8333,0.8333,0.0,5,6,0,0,0,0,0.9524,2.32325,100.0,5e-05,
job,template_only,46,sketch1,41,6,0.8333,0.8333,0.0,5,6,0,0,0,0,0.9571,2.32325,100.0,0.00076,
job,template_only,47,dci_v2_P1,41,6,1.0,1.0,0.0,6,6,0,0,2,1,1.0,2.32325,100.0,0.00124,
job,template_only,47,dci_v2_P2,41,6,1.0,1.0,0.0,6,6,0,0,5,3,0.9571,1.25114,53.85,0.00112,
job,template_only,47,dci_v2_P4,41,6,1.0,1.0,0.0,6,6,0,0,5,3,0.981,0.74364,32.01,0.00107,
job,template_only,47,dci_v2_P8,41,6,1.0,1.0,0.0,6,6,0,0,2,1,1.0,0.4619,19.88,0.00103,
job,template_only,47,dci_v1,41,6,1.0,1.0,0.0,6,6,0,0,3,2,1.0,2.32325,100.0,0.00164,
job,template_only,47,always_multiD,41,6,1.0,1.0,0.0,6,6,0,0,1,1,1.0,2.32325,100.0,0.00075,
job,template_only,47,best_axis_oracle,41,6,1.0,1.0,0.0,6,6,0,0,2,1,1.0,0.01066,0.46,0.0028,S_A
job,template_only,47,union4_raw,41,6,1.0,1.0,0.0,6,6,0,0,6,3,1.0,0.11528,4.96,0.00245,
job,template_only,47,union4_bonf,41,6,1.0,1.0,0.0,6,6,0,0,2,1,1.0,0.11528,4.96,0.00244,
job,template_only,47,every_k2,41,6,1.0,1.0,0.0,6,6,0,0,1,1,,1.13329,48.78,5e-05,offset=1
job,template_only,47,every_k3,41,6,1.0,1.0,0.0,6,6,0,0,0,0,,0.73664,31.71,3e-05,offset=2
job,template_only,47,every_k4,41,6,0.5,0.5,0.0,3,6,0,0,1,1,,0.56665,24.39,3e-05,offset=1
job,template_only,47,adwin,41,6,0.0,0.0,,0,6,0,0,0,0,,2.32325,100.0,2e-05,
job,template_only,47,adwin_s,41,6,0.0,0.0,,0,6,0,0,0,0,,2.32325,100.0,2e-05,
job,template_only,47,mcusum,41,6,0.8333,0.8333,0.0,5,6,0,0,0,0,0.9762,2.32325,100.0,6e-05,
job,template_only,47,sketch1,41,6,1.0,1.0,0.0,6,6,0,0,1,1,1.0,2.32325,100.0,0.00076,
job,template_only,48,dci_v2_P1,41,6,0.8333,1.0,0.17,5,6,0,0,14,5,0.869,2.32325,100.0,0.00124,
job,template_only,48,dci_v2_P2,41,6,0.6667,1.0,0.33,4,6,0,0,14,5,0.8024,1.25572,54.05,0.00108,
job,template_only,48,dci_v2_P4,41,6,0.6667,0.8333,0.2,4,6,0,0,12,5,0.8167,0.75222,32.38,0.00104,
job,template_only,48,dci_v2_P8,41,6,0.6667,0.8333,0.2,4,6,0,0,12,5,0.8167,0.47228,20.33,0.00102,
job,template_only,48,dci_v1,41,6,1.0,1.0,0.0,6,6,0,0,13,5,0.9381,2.32325,100.0,0.00162,
job,template_only,48,always_multiD,41,6,1.0,1.0,0.0,6,6,0,0,10,3,0.9762,2.32325,100.0,0.00074,
job,template_only,48,best_axis_oracle,41,6,0.8333,0.8333,0.0,5,6,0,0,2,1,0.9714,0.00874,0.38,0.00276,S_T
job,template_only,48,union4_raw,41,6,0.8333,1.0,0.17,5,6,0,0,15,6,0.9286,0.11528,4.96,0.00244,
job,template_only,48,union4_bonf,41,6,0.8333,1.0,0.17,5,6,0,0,10,3,0.9286,0.11528,4.96,0.00241,
job,template_only,48,every_k2,41,6,0.0,0.6667,1.0,0,6,0,0,8,2,,1.18996,51.22,4e-05,offset=0
job,template_only,48,every_k3,41,6,0.0,0.1667,2.0,0,6,0,0,3,2,,0.79331,34.15,3e-05,offset=1
job,template_only,48,every_k4,41,6,0.5,0.6667,0.5,3,6,0,0,1,0,,0.56665,24.39,3e-05,offset=1
job,template_only,48,adwin,41,6,0.0,0.0,,0,6,0,0,0,0,,2.32325,100.0,2e-05,
job,template_only,48,adwin_s,41,6,0.0,0.0,,0,6,0,0,0,0,,2.32325,100.0,2e-05,
job,template_only,48,mcusum,41,6,0.6667,0.6667,0.0,4,6,0,0,1,1,0.9,2.32325,100.0,6e-05,
job,template_only,48,sketch1,41,6,0.8333,1.0,0.17,5,6,0,0,12,4,0.8476,2.32325,100.0,0.00073,
job,template_only,49,dci_v2_P1,41,6,1.0,1.0,0.0,6,6,0,0,0,0,1.0,2.32325,100.0,0.00148,
job,template_only,49,dci_v2_P2,41,6,0.1667,0.3333,1.0,1,6,0,0,1,0,0.8286,1.32835,57.18,0.00111,
job,template_only,49,dci_v2_P4,41,6,0.3333,0.5,0.33,2,6,0,0,1,0,0.9238,0.79906,34.39,0.00106,
job,template_only,49,dci_v2_P8,41,6,0.3333,0.5,0.33,2,6,0,0,1,0,0.9238,0.51681,22.24,0.00103,
job,template_only,49,dci_v1,41,6,1.0,1.0,0.0,6,6,0,0,0,0,1.0,2.32325,100.0,0.00164,
job,template_only,49,always_multiD,41,6,1.0,1.0,0.0,6,6,0,0,0,0,1.0,2.32325,100.0,0.00076,
job,template_only,49,best_axis_oracle,41,6,1.0,1.0,0.0,6,6,0,0,0,0,1.0,0.01066,0.46,0.0028,S_A
job,template_only,49,union4_raw,41,6,1.0,1.0,0.0,6,6,0,0,2,0,1.0,0.11528,4.96,0.00248,
job,template_only,49,union4_bonf,41,6,1.0,1.0,0.0,6,6,0,0,0,0,1.0,0.11528,4.96,0.00245,
job,template_only,49,every_k2,41,6,1.0,1.0,0.0,6,6,0,0,0,0,,1.13329,48.78,9e-05,offset=1
job,template_only,49,every_k3,41,6,0.0,0.0,,0,6,0,0,0,0,,0.79331,34.15,3e-05,offset=1
job,template_only,49,every_k4,41,6,0.0,0.0,,0,6,0,0,0,0,,0.56665,24.39,2e-05,offset=2
job,template_only,49,adwin,41,6,0.0,0.0,,0,6,0,0,0,0,,2.32325,100.0,4e-05,
job,template_only,49,adwin_s,41,6,0.0,0.0,,0,6,0,0,0,0,,2.32325,100.0,2e-05,
job,template_only,49,mcusum,41,6,0.8333,0.8333,0.0,5,6,0,0,0,0,0.9905,2.32325,100.0,6e-05,
job,template_only,49,sketch1,41,6,1.0,1.0,0.0,6,6,0,0,0,0,1.0,2.32325,100.0,0.00075,
job,volume_only,0,dci_v2_P1,41,6,1.0,1.0,0.0,0,0,6,6,10,4,1.0,2.32325,100.0,0.00128,
job,volume_only,0,dci_v2_P2,41,6,0.3333,0.6667,0.75,0,0,2,6,11,4,0.4952,1.25157,53.87,0.00114,
job,volume_only,0,dci_v2_P4,41,6,0.3333,0.6667,0.5,0,0,2,6,12,5,0.4952,0.74378,32.01,0.00107,
job,volume_only,0,dci_v2_P8,41,6,0.3333,0.6667,0.75,0,0,2,6,11,4,0.4952,0.4619,19.88,0.00104,
job,volume_only,0,dci_v1,41,6,1.0,1.0,0.0,0,0,6,6,11,5,1.0,2.32325,100.0,0.00166,
job,volume_only,0,always_multiD,41,6,1.0,1.0,0.0,0,0,6,6,10,4,1.0,2.32325,100.0,0.00077,
job,volume_only,0,best_axis_oracle,41,6,1.0,1.0,0.0,0,0,6,6,0,0,1.0,0.00013,0.01,0.00293,S_V
job,volume_only,0,union4_raw,41,6,1.0,1.0,0.0,0,0,6,6,15,7,1.0,0.11528,4.96,0.00246,
job,volume_only,0,union4_bonf,41,6,1.0,1.0,0.0,0,0,6,6,14,6,1.0,0.11528,4.96,0.00249,
job,volume_only,0,every_k2,41,6,1.0,1.0,0.0,0,0,6,6,5,3,,1.13329,48.78,6e-05,offset=1
job,volume_only,0,every_k3,41,6,0.0,0.3333,2.0,0,0,0,6,3,1,,0.79331,34.15,3e-05,offset=1
job,volume_only,0,every_k4,41,6,0.5,0.6667,0.5,0,0,3,6,2,1,,0.56665,24.39,2e-05,offset=1
job,volume_only,0,adwin,41,6,0.0,0.0,,0,0,0,6,0,0,,2.32325,100.0,3e-05,
job,volume_only,0,adwin_s,41,6,0.0,0.0,,0,0,0,6,0,0,,2.32325,100.0,2e-05,
job,volume_only,0,mcusum,41,6,1.0,1.0,0.0,0,0,6,6,1,1,1.0,2.32325,100.0,5e-05,
job,volume_only,0,sketch1,41,6,1.0,1.0,0.0,0,0,6,6,11,5,1.0,2.32325,100.0,0.00077,
job,volume_only,1,dci_v2_P1,41,6,1.0,1.0,0.0,0,0,6,6,0,0,1.0,2.32325,100.0,0.00126,
job,volume_only,1,dci_v2_P2,41,6,0.0,0.1667,1.0,0,0,0,6,2,1,0.4857,1.25067,53.83,0.00113,
job,volume_only,1,dci_v2_P4,41,6,0.0,0.1667,1.0,0,0,0,6,2,1,0.4857,0.74261,31.96,0.00106,
job,volume_only,1,dci_v2_P8,41,6,0.0,0.1667,1.0,0,0,0,6,2,1,0.4857,0.46035,19.82,0.00104,
job,volume_only,1,dci_v1,41,6,1.0,1.0,0.0,0,0,6,6,0,0,1.0,2.32325,100.0,0.00162,
job,volume_only,1,always_multiD,41,6,1.0,1.0,0.0,0,0,6,6,0,0,1.0,2.32325,100.0,0.00075,
job,volume_only,1,best_axis_oracle,41,6,1.0,1.0,0.0,0,0,6,6,0,0,1.0,0.00013,0.01,0.00288,S_V
job,volume_only,1,union4_raw,41,6,1.0,1.0,0.0,0,0,6,6,2,1,1.0,0.11528,4.96,0.00247,
job,volume_only,1,union4_bonf,41,6,1.0,1.0,0.0,0,0,6,6,0,0,1.0,0.11528,4.96,0.00244,
job,volume_only,1,every_k2,41,6,1.0,1.0,0.0,0,0,6,6,0,0,,1.13329,48.78,5e-05,offset=1
job,volume_only,1,every_k3,41,6,0.0,0.0,,0,0,0,6,0,0,,0.79331,34.15,3e-05,offset=1
job,volume_only,1,every_k4,41,6,0.0,0.0,,0,0,0,6,0,0,,0.56665,24.39,3e-05,offset=2
job,volume_only,1,adwin,41,6,0.0,0.0,,0,0,0,6,0,0,,2.32325,100.0,2e-05,
job,volume_only,1,adwin_s,41,6,0.0,0.0,,0,0,0,6,0,0,,2.32325,100.0,2e-05,
job,volume_only,1,mcusum,41,6,1.0,1.0,0.0,0,0,6,6,0,0,1.0,2.32325,100.0,6e-05,
job,volume_only,1,sketch1,41,6,1.0,1.0,0.0,0,0,6,6,0,0,1.0,2.32325,100.0,0.00074,
job,volume_only,2,dci_v2_P1,41,6,1.0,1.0,0.0,0,0,6,6,2,1,1.0,2.32325,100.0,0.00123,
job,volume_only,2,dci_v2_P2,41,6,0.0,0.3333,2.0,0,0,0,6,3,0,0.4571,1.25492,54.02,0.00114,
job,volume_only,2,dci_v2_P4,41,6,0.0,0.3333,2.0,0,0,0,6,3,0,0.4667,0.74473,32.06,0.00108,
job,volume_only,2,dci_v2_P8,41,6,0.0,0.1667,1.0,0,0,0,6,2,0,0.5,0.48582,20.91,0.00104,
job,volume_only,2,dci_v1,41,6,1.0,1.0,0.0,0,0,6,6,4,3,1.0,2.32325,100.0,0.00163,
job,volume_only,2,always_multiD,41,6,1.0,1.0,0.0,0,0,6,6,2,1,1.0,2.32325,100.0,0.00075,
job,volume_only,2,best_axis_oracle,41,6,1.0,1.0,0.0,0,0,6,6,0,0,1.0,0.00013,0.01,0.00293,S_V
job,volume_only,2,union4_raw,41,6,1.0,1.0,0.0,0,0,6,6,5,2,1.0,0.11528,4.96,0.00252,
job,volume_only,2,union4_bonf,41,6,1.0,1.0,0.0,0,0,6,6,3,1,1.0,0.11528,4.96,0.00248,
job,volume_only,2,every_k2,41,6,1.0,1.0,0.0,0,0,6,6,1,1,,1.13329,48.78,4e-05,offset=1
job,volume_only,2,every_k3,41,6,1.0,1.0,0.0,0,0,6,6,1,0,,0.73664,31.71,3e-05,offset=2
job,volume_only,2,every_k4,41,6,0.5,0.5,0.0,0,0,3,6,1,1,,0.56665,24.39,2e-05,offset=3
job,volume_only,2,adwin,41,6,0.0,0.0,,0,0,0,6,0,0,,2.32325,100.0,2e-05,
job,volume_only,2,adwin_s,41,6,0.0,0.0,,0,0,0,6,0,0,,2.32325,100.0,2e-05,
job,volume_only,2,mcusum,41,6,1.0,1.0,0.0,0,0,6,6,0,0,1.0,2.32325,100.0,6e-05,
job,volume_only,2,sketch1,41,6,1.0,1.0,0.0,0,0,6,6,1,1,1.0,2.32325,100.0,0.00078,
job,volume_only,3,dci_v2_P1,41,6,1.0,1.0,0.0,0,0,6,6,18,7,1.0,2.32325,100.0,0.00123,
job,volume_only,3,dci_v2_P2,41,6,0.6667,1.0,0.33,0,0,4,6,23,10,0.4405,1.25157,53.87,0.00111,
job,volume_only,3,dci_v2_P4,41,6,0.6667,1.0,0.33,0,0,4,6,23,10,0.4405,0.74392,32.02,0.00105,
job,volume_only,3,dci_v2_P8,41,6,0.6667,1.0,0.33,0,0,4,6,23,10,0.4405,0.4619,19.88,0.00103,
job,volume_only,3,dci_v1,41,6,1.0,1.0,0.0,0,0,6,6,18,7,1.0,2.32325,100.0,0.00163,
job,volume_only,3,always_multiD,41,6,1.0,1.0,0.0,0,0,6,6,18,7,1.0,2.32325,100.0,0.00074,
job,volume_only,3,best_axis_oracle,41,6,1.0,1.0,0.0,0,0,6,6,0,0,1.0,0.00013,0.01,0.00289,S_V
job,volume_only,3,union4_raw,41,6,1.0,1.0,0.0,0,0,6,6,25,12,1.0,0.11528,4.96,0.00249,
job,volume_only,3,union4_bonf,41,6,1.0,1.0,0.0,0,0,6,6,25,12,1.0,0.11528,4.96,0.00246,
job,volume_only,3,every_k2,41,6,1.0,1.0,0.0,0,0,6,6,7,3,,1.13329,48.78,4e-05,offset=1
job,volume_only,3,every_k3,41,6,0.0,0.6667,1.0,0,0,0,6,7,3,,0.79331,34.15,3e-05,offset=0
job,volume_only,3,every_k4,41,6,0.0,0.5,1.67,0,0,0,6,5,2,,0.62331,26.83,2e-05,offset=0
job,volume_only,3,adwin,41,6,0.0,0.0,,0,0,0,6,0,0,,2.32325,100.0,2e-05,
job,volume_only,3,adwin_s,41,6,0.0,0.0,,0,0,0,6,0,0,,2.32325,100.0,2e-05,
job,volume_only,3,mcusum,41,6,1.0,1.0,0.0,0,0,6,6,2,2,1.0,2.32325,100.0,5e-05,
job,volume_only,3,sketch1,41,6,1.0,1.0,0.0,0,0,6,6,21,8,1.0,2.32325,100.0,0.00078,
job,volume_only,4,dci_v2_P1,41,6,1.0,1.0,0.0,0,0,6,6,2,2,1.0,2.32325,100.0,0.00112,
job,volume_only,4,dci_v2_P2,41,6,0.3333,0.6667,0.75,0,0,2,6,8,4,0.6,1.291,55.57,0.00111,
job,volume_only,4,dci_v2_P4,41,6,0.3333,0.6667,0.75,0,0,2,6,8,4,0.6,0.80203,34.52,0.00106,
job,volume_only,4,dci_v2_P8,41,6,0.3333,0.6667,0.75,0,0,2,6,8,4,0.6,0.53038,22.83,0.00102,
job,volume_only,4,dci_v1,41,6,1.0,1.0,0.0,0,0,6,6,1,1,1.0,2.32325,100.0,0.00159,
job,volume_only,4,always_multiD,41,6,1.0,1.0,0.0,0,0,6,6,1,0,1.0,2.32325,100.0,0.00075,
job,volume_only,4,best_axis_oracle,41,6,1.0,1.0,0.0,0,0,6,6,0,0,1.0,0.00013,0.01,0.00288,S_V
job,volume_only,4,union4_raw,41,6,1.0,1.0,0.0,0,0,6,6,10,6,1.0,0.11528,4.96,0.00249,
job,volume_only,4,union4_bonf,41,6,1.0,1.0,0.0,0,0,6,6,1,0,1.0,0.11528,4.96,0.00244,
job,volume_only,4,every_k2,41,6,0.0,0.1667,3.0,0,0,0,6,1,0,,1.18996,51.22,4e-05,offset=0
job,volume_only,4,every_k3,41,6,0.0,0.0,,0,0,0,6,0,0,,0.79331,34.15,3e-05,offset=0
job,volume_only,4,every_k4,41,6,0.5,0.5,0.0,0,0,3,6,0,0,,0.56665,24.39,3e-05,offset=1
job,volume_only,4,adwin,41,6,0.0,0.0,,0,0,0,6,0,0,,2.32325,100.0,2e-05,
job,volume_only,4,adwin_s,41,6,0.0,0.0,,0,0,0,6,0,0,,2.32325,100.0,2e-05,
job,volume_only,4,mcusum,41,6,1.0,1.0,0.0,0,0,6,6,0,0,1.0,2.32325,100.0,6e-05,
job,volume_only,4,sketch1,41,6,1.0,1.0,0.0,0,0,6,6,0,0,1.0,2.32325,100.0,0.00074,
job,volume_only,5,dci_v2_P1,41,6,1.0,1.0,0.0,0,0,6,6,0,0,1.0,2.32325,100.0,0.00123,
job,volume_only,5,dci_v2_P2,41,6,0.0,0.1667,1.0,0,0,0,6,5,4,0.4476,1.25067,53.83,0.00111,
job,volume_only,5,dci_v2_P4,41,6,0.0,0.1667,1.0,0,0,0,6,5,4,0.4476,0.74261,31.96,0.00107,
job,volume_only,5,dci_v2_P8,41,6,0.0,0.1667,1.0,0,0,0,6,5,4,0.4238,0.46068,19.83,0.00104,
job,volume_only,5,dci_v1,41,6,1.0,1.0,0.0,0,0,6,6,1,1,1.0,2.32325,100.0,0.00161,
job,volume_only,5,always_multiD,41,6,1.0,1.0,0.0,0,0,6,6,0,0,1.0,2.32325,100.0,0.00077,
job,volume_only,5,best_axis_oracle,41,6,1.0,1.0,0.0,0,0,6,6,0,0,1.0,0.00013,0.01,0.00288,S_V
job,volume_only,5,union4_raw,41,6,1.0,1.0,0.0,0,0,6,6,5,4,1.0,0.11528,4.96,0.00249,
job,volume_only,5,union4_bonf,41,6,1.0,1.0,0.0,0,0,6,6,1,0,1.0,0.11528,4.96,0.00246,
job,volume_only,5,every_k2,41,6,1.0,1.0,0.0,0,0,6,6,0,0,,1.13329,48.78,4e-05,offset=1
job,volume_only,5,every_k3,41,6,1.0,1.0,0.0,0,0,6,6,0,0,,0.73664,31.71,3e-05,offset=2
job,volume_only,5,every_k4,41,6,0.0,0.0,,0,0,0,6,0,0,,0.56665,24.39,2e-05,offset=2
job,volume_only,5,adwin,41,6,0.0,0.0,,0,0,0,6,0,0,,2.32325,100.0,2e-05,
job,volume_only,5,adwin_s,41,6,0.0,0.0,,0,0,0,6,0,0,,2.32325,100.0,2e-05,
job,volume_only,5,mcusum,41,6,1.0,1.0,0.0,0,0,6,6,0,0,1.0,2.32325,100.0,6e-05,
job,volume_only,5,sketch1,41,6,1.0,1.0,0.0,0,0,6,6,0,0,1.0,2.32325,100.0,0.00075,
job,volume_only,6,dci_v2_P1,41,6,1.0,1.0,0.0,0,0,6,6,1,1,1.0,2.32325,100.0,0.00122,
job,volume_only,6,dci_v2_P2,41,6,0.1667,0.1667,0.0,0,0,1,6,1,1,0.6238,1.25704,54.11,0.00111,
job,volume_only,6,dci_v2_P4,41,6,0.1667,0.1667,0.0,0,0,1,6,0,0,0.781,0.80203,34.52,0.00106,
job,volume_only,6,dci_v2_P8,41,6,0.1667,0.1667,0.0,0,0,1,6,0,0,0.781,0.53038,22.83,0.00104,
job,volume_only,6,dci_v1,41,6,1.0,1.0,0.0,0,0,6,6,1,1,1.0,2.32325,100.0,0.00161,
job,volume_only,6,always_multiD,41,6,1.0,1.0,0.0,0,0,6,6,1,1,1.0,2.32325,100.0,0.00076,
job,volume_only,6,best_axis_oracle,41,6,1.0,1.0,0.0,0,0,6,6,0,0,1.0,0.00013,0.01,0.00288,S_V
job,volume_only,6,union4_raw,41,6,1.0,1.0,0.0,0,0,6,6,2,2,1.0,0.11528,4.96,0.00247,
job,volume_only,6,union4_bonf,41,6,1.0,1.0,0.0,0,0,6,6,1,1,1.0,0.11528,4.96,0.00245,
job,volume_only,6,every_k2,41,6,1.0,1.0,0.0,0,0,6,6,0,0,,1.13329,48.78,4e-05,offset=1
job,volume_only,6,every_k3,41,6,0.0,0.0,,0,0,0,6,0,0,,0.79331,34.15,3e-05,offset=0
job,volume_only,6,every_k4,41,6,0.0,0.0,,0,0,0,6,0,0,,0.62331,26.83,2e-05,offset=0
job,volume_only,6,adwin,41,6,0.0,0.0,,0,0,0,6,0,0,,2.32325,100.0,2e-05,
job,volume_only,6,adwin_s,41,6,0.0,0.0,,0,0,0,6,0,0,,2.32325,100.0,2e-05,
job,volume_only,6,mcusum,41,6,1.0,1.0,0.0,0,0,6,6,0,0,1.0,2.32325,100.0,5e-05,
job,volume_only,6,sketch1,41,6,1.0,1.0,0.0,0,0,6,6,0,0,1.0,2.32325,100.0,0.00077,
job,volume_only,7,dci_v2_P1,41,6,1.0,1.0,0.0,0,0,6,6,2,1,1.0,2.32325,100.0,0.00123,
job,volume_only,7,dci_v2_P2,41,6,0.1667,0.6667,1.75,0,0,1,6,12,5,0.4048,1.291,55.57,0.00112,
job,volume_only,7,dci_v2_P4,41,6,0.1667,0.6667,1.75,0,0,1,6,12,5,0.4048,0.80203,34.52,0.00106,
job,volume_only,7,dci_v2_P8,41,6,0.1667,0.6667,1.75,0,0,1,6,12,5,0.4048,0.53038,22.83,0.00104,
job,volume_only,7,dci_v1,41,6,1.0,1.0,0.0,0,0,6,6,3,2,1.0,2.32325,100.0,0.00163,
job,volume_only,7,always_multiD,41,6,1.0,1.0,0.0,0,0,6,6,1,0,1.0,2.32325,100.0,0.00076,
job,volume_only,7,best_axis_oracle,41,6,1.0,1.0,0.0,0,0,6,6,0,0,1.0,0.00013,0.01,0.00287,S_V
job,volume_only,7,union4_raw,41,6,1.0,1.0,0.0,0,0,6,6,14,5,1.0,0.11528,4.96,0.00245,
job,volume_only,7,union4_bonf,41,6,1.0,1.0,0.0,0,0,6,6,5,1,1.0,0.11528,4.96,0.00247,
job,volume_only,7,every_k2,41,6,0.0,0.1667,3.0,0,0,0,6,1,0,,1.18996,51.22,4e-05,offset=0
job,volume_only,7,every_k3,41,6,1.0,1.0,0.0,0,0,6,6,1,0,,0.73664,31.71,3e-05,offset=2
job,volume_only,7,every_k4,41,6,0.0,0.1667,3.0,0,0,0,6,1,0,,0.56665,24.39,2e-05,offset=2
job,volume_only,7,adwin,41,6,0.0,0.0,,0,0,0,6,0,0,,2.32325,100.0,2e-05,
job,volume_only,7,adwin_s,41,6,0.0,0.0,,0,0,0,6,0,0,,2.32325,100.0,2e-05,
job,volume_only,7,mcusum,41,6,1.0,1.0,0.0,0,0,6,6,0,0,1.0,2.32325,100.0,5e-05,
job,volume_only,7,sketch1,41,6,1.0,1.0,0.0,0,0,6,6,0,0,1.0,2.32325,100.0,0.00077,
job,volume_only,8,dci_v2_P1,41,6,1.0,1.0,0.0,0,0,6,6,4,1,1.0,2.32325,100.0,0.00123,
job,volume_only,8,dci_v2_P2,41,6,0.1667,0.6667,1.75,0,0,1,6,6,3,0.5857,1.31561,56.63,0.00112,
job,volume_only,8,dci_v2_P4,41,6,0.1667,0.5,1.33,0,0,1,6,5,3,0.5952,0.75747,32.6,0.00107,
job,volume_only,8,dci_v2_P8,41,6,0.1667,0.6667,1.75,0,0,1,6,5,2,0.6714,0.62419,26.87,0.00105,
job,volume_only,8,dci_v1,41,6,1.0,1.0,0.0,0,0,6,6,5,2,1.0,2.32325,100.0,0.00162,
job,volume_only,8,always_multiD,41,6,1.0,1.0,0.0,0,0,6,6,4,1,1.0,2.32325,100.0,0.00076,
job,volume_only,8,best_axis_oracle,41,6,1.0,1.0,0.0,0,0,6,6,0,0,1.0,0.00013,0.01,0.00289,S_V
job,volume_only,8,union4_raw,41,6,1.0,1.0,0.0,0,0,6,6,7,3,1.0,0.11528,4.96,0.0025,
job,volume_only,8,union4_bonf,41,6,1.0,1.0,0.0,0,0,6,6,1,1,1.0,0.11528,4.96,0.00245,
job,volume_only,8,every_k2,41,6,0.0,0.3333,2.0,0,0,0,6,3,0,,1.18996,51.22,5e-05,offset=0
job,volume_only,8,every_k3,41,6,0.0,0.0,,0,0,0,6,0,0,,0.79331,34.15,3e-05,offset=1
job,volume_only,8,every_k4,41,6,0.0,0.3333,2.0,0,0,0,6,2,0,,0.56665,24.39,3e-05,offset=2
job,volume_only,8,adwin,41,6,0.0,0.0,,0,0,0,6,0,0,,2.32325,100.0,2e-05,
job,volume_only,8,adwin_s,41,6,0.0,0.0,,0,0,0,6,0,0,,2.32325,100.0,2e-05,
job,volume_only,8,mcusum,41,6,1.0,1.0,0.0,0,0,6,6,0,0,1.0,2.32325,100.0,6e-05,
job,volume_only,8,sketch1,41,6,1.0,1.0,0.0,0,0,6,6,0,0,1.0,2.32325,100.0,0.00075,
job,volume_only,9,dci_v2_P1,41,6,1.0,1.0,0.0,0,0,6,6,1,1,1.0,2.32325,100.0,0.00129,
job,volume_only,9,dci_v2_P2,41,6,0.1667,0.5,1.33,0,0,1,6,5,3,0.5714,1.27402,54.84,0.00112,
job,volume_only,9,dci_v2_P4,41,6,0.0,0.5,2.33,0,0,0,6,5,2,0.4952,0.74473,32.06,0.00105,
job,volume_only,9,dci_v2_P8,41,6,0.1667,0.5,1.33,0,0,1,6,4,2,0.5476,0.51553,22.19,0.00103,
job,volume_only,9,dci_v1,41,6,1.0,1.0,0.0,0,0,6,6,1,1,1.0,2.32325,100.0,0.00164,
job,volume_only,9,always_multiD,41,6,1.0,1.0,0.0,0,0,6,6,0,0,1.0,2.32325,100.0,0.00076,
job,volume_only,9,best_axis_oracle,41,6,1.0,1.0,0.0,0,0,6,6,0,0,1.0,0.00013,0.01,0.00289,S_V
job,volume_only,9,union4_raw,41,6,1.0,1.0,0.0,0,0,6,6,6,3,1.0,0.11528,4.96,0.00245,
job,volume_only,9,union4_bonf,41,6,1.0,1.0,0.0,0,0,6,6,0,0,1.0,0.11528,4.96,0.0025,
job,volume_only,9,every_k2,41,6,0.0,0.0,,0,0,0,6,0,0,,1.18996,51.22,6e-05,offset=0
job,volume_only,9,every_k3,41,6,1.0,1.0,0.0,0,0,6,6,0,0,,0.73664,31.71,3e-05,offset=2
job,volume_only,9,every_k4,41,6,0.5,0.5,0.0,0,0,3,6,0,0,,0.56665,24.39,2e-05,offset=3
job,volume_only,9,adwin,41,6,0.0,0.0,,0,0,0,6,0,0,,2.32325,100.0,3e-05,
job,volume_only,9,adwin_s,41,6,0.0,0.0,,0,0,0,6,0,0,,2.32325,100.0,2e-05,
job,volume_only,9,mcusum,41,6,1.0,1.0,0.0,0,0,6,6,0,0,1.0,2.32325,100.0,5e-05,
job,volume_only,9,sketch1,41,6,1.0,1.0,0.0,0,0,6,6,0,0,1.0,2.32325,100.0,0.00076,
job,volume_only,10,dci_v2_P1,41,6,1.0,1.0,0.0,0,0,6,6,5,2,1.0,2.32325,100.0,0.00125,
job,volume_only,10,dci_v2_P2,41,6,0.0,0.6667,1.5,0,0,0,6,9,3,0.4952,1.25067,53.83,0.00115,
job,volume_only,10,dci_v2_P4,41,6,0.0,0.6667,1.5,0,0,0,6,9,3,0.4952,0.74261,31.96,0.00108,
job,volume_only,10,dci_v2_P8,41,6,0.0,0.6667,1.5,0,0,0,6,9,3,0.4952,0.46035,19.82,0.00104,
job,volume_only,10,dci_v1,41,6,1.0,1.0,0.0,0,0,6,6,5,2,1.0,2.32325,100.0,0.00163,
job,volume_only,10,always_multiD,41,6,1.0,1.0,0.0,0,0,6,6,5,2,1.0,2.32325,100.0,0.00075,
job,volume_only,10,best_axis_oracle,41,6,1.0,1.0,0.0,0,0,6,6,0,0,1.0,0.00013,0.01,0.00292,S_V
job,volume_only,10,union4_raw,41,6,1.0,1.0,0.0,0,0,6,6,9,3,1.0,0.11528,4.96,0.00252,
job,volume_only,10,union4_bonf,41,6,1.0,1.0,0.0,0,0,6,6,4,2,1.0,0.11528,4.96,0.00249,
job,volume_only,10,every_k2,41,6,1.0,1.0,0.0,0,0,6,6,2,1,,1.13329,48.78,5e-05,offset=1
job,volume_only,10,every_k3,41,6,0.0,0.0,,0,0,0,6,1,1,,0.79331,34.15,3e-05,offset=0
job,volume_only,10,every_k4,41,6,0.5,0.6667,0.5,0,0,3,6,1,0,,0.56665,24.39,3e-05,offset=1
job,volume_only,10,adwin,41,6,0.0,0.0,,0,0,0,6,0,0,,2.32325,100.0,2e-05,
job,volume_only,10,adwin_s,41,6,0.0,0.0,,0,0,0,6,0,0,,2.32325,100.0,2e-05,
job,volume_only,10,mcusum,41,6,1.0,1.0,0.0,0,0,6,6,0,0,1.0,2.32325,100.0,5e-05,
job,volume_only,10,sketch1,41,6,1.0,1.0,0.0,0,0,6,6,0,0,1.0,2.32325,100.0,0.00076,
job,volume_only,11,dci_v2_P1,41,6,1.0,1.0,0.0,0,0,6,6,1,1,1.0,2.32325,100.0,0.00124,
job,volume_only,11,dci_v2_P2,41,6,0.3333,0.3333,0.0,0,0,2,6,5,3,0.6,1.291,55.57,0.00113,
job,volume_only,11,dci_v2_P4,41,6,0.3333,0.3333,0.0,0,0,2,6,5,3,0.6,0.80203,34.52,0.00107,
job,volume_only,11,dci_v2_P8,41,6,0.3333,0.3333,0.0,0,0,2,6,5,3,0.6,0.53038,22.83,0.00103,
job,volume_only,11,dci_v1,41,6,1.0,1.0,0.0,0,0,6,6,3,3,1.0,2.32325,100.0,0.00166,
job,volume_only,11,always_multiD,41,6,1.0,1.0,0.0,0,0,6,6,0,0,1.0,2.32325,100.0,0.00076,
job,volume_only,11,best_axis_oracle,41,6,1.0,1.0,0.0,0,0,6,6,0,0,1.0,0.00013,0.01,0.00288,S_V
job,volume_only,11,union4_raw,41,6,1.0,1.0,0.0,0,0,6,6,6,4,1.0,0.11528,4.96,0.00252,
job,volume_only,11,union4_bonf,41,6,1.0,1.0,0.0,0,0,6,6,1,1,1.0,0.11528,4.96,0.00251,
job,volume_only,11,every_k2,41,6,0.0,0.0,,0,0,0,6,0,0,,1.18996,51.22,5e-05,offset=0
job,volume_only,11,every_k3,41,6,0.0,0.0,,0,0,0,6,0,0,,0.79331,34.15,3e-05,offset=0
job,volume_only,11,every_k4,41,6,0.0,0.0,,0,0,0,6,0,0,,0.56665,24.39,2e-05,offset=2
job,volume_only,11,adwin,41,6,0.0,0.0,,0,0,0,6,0,0,,2.32325,100.0,2e-05,
job,volume_only,11,adwin_s,41,6,0.0,0.0,,0,0,0,6,0,0,,2.32325,100.0,2e-05,
job,volume_only,11,mcusum,41,6,1.0,1.0,0.0,0,0,6,6,0,0,1.0,2.32325,100.0,6e-05,
job,volume_only,11,sketch1,41,6,1.0,1.0,0.0,0,0,6,6,0,0,1.0,2.32325,100.0,0.00076,
job,volume_only,12,dci_v2_P1,41,6,1.0,1.0,0.0,0,0,6,6,5,0,1.0,2.32325,100.0,0.00128,
job,volume_only,12,dci_v2_P2,41,6,0.0,0.1667,1.0,0,0,0,6,2,0,0.4952,1.25147,53.87,0.00111,
job,volume_only,12,dci_v2_P4,41,6,0.0,0.1667,1.0,0,0,0,6,2,1,0.2476,0.74261,31.96,0.00108,
job,volume_only,12,dci_v2_P8,41,6,0.0,0.1667,1.0,0,0,0,6,2,1,0.2476,0.46035,19.82,0.00105,
job,volume_only,12,dci_v1,41,6,1.0,1.0,0.0,0,0,6,6,5,0,1.0,2.32325,100.0,0.00167,
job,volume_only,12,always_multiD,41,6,1.0,1.0,0.0,0,0,6,6,5,0,1.0,2.32325,100.0,0.00077,
job,volume_only,12,best_axis_oracle,41,6,1.0,1.0,0.0,0,0,6,6,0,0,1.0,0.00013,0.01,0.0029,S_V
job,volume_only,12,union4_raw,41,6,1.0,1.0,0.0,0,0,6,6,3,1,1.0,0.11528,4.96,0.00248,
job,volume_only,12,union4_bonf,41,6,1.0,1.0,0.0,0,0,6,6,2,0,1.0,0.11528,4.96,0.00248,
job,volume_only,12,every_k2,41,6,1.0,1.0,0.0,0,0,6,6,2,0,,1.13329,48.78,6e-05,offset=1
job,volume_only,12,every_k3,41,6,0.0,0.3333,2.0,0,0,0,6,2,0,,0.79331,34.15,3e-05,offset=1
job,volume_only,12,every_k4,41,6,0.0,0.1667,1.0,0,0,0,6,1,0,,0.62331,26.83,2e-05,offset=0
job,volume_only,12,adwin,41,6,0.0,0.0,,0,0,0,6,0,0,,2.32325,100.0,3e-05,
job,volume_only,12,adwin_s,41,6,0.0,0.0,,0,0,0,6,0,0,,2.32325,100.0,2e-05,
job,volume_only,12,mcusum,41,6,1.0,1.0,0.0,0,0,6,6,0,0,1.0,2.32325,100.0,6e-05,
job,volume_only,12,sketch1,41,6,1.0,1.0,0.0,0,0,6,6,2,0,1.0,2.32325,100.0,0.00077,
job,volume_only,13,dci_v2_P1,41,6,1.0,1.0,0.0,0,0,6,6,1,0,1.0,2.32325,100.0,0.00129,
job,volume_only,13,dci_v2_P2,41,6,0.0,0.1667,3.0,0,0,0,6,1,0,0.4429,1.25072,53.83,0.00116,
job,volume_only,13,dci_v2_P4,41,6,0.0,0.1667,3.0,0,0,0,6,1,0,0.4429,0.74266,31.97,0.00108,
job,volume_only,13,dci_v2_P8,41,6,0.0,0.1667,3.0,0,0,0,6,1,0,0.4595,0.46059,19.83,0.00104,
job,volume_only,13,dci_v1,41,6,1.0,1.0,0.0,0,0,6,6,1,0,1.0,2.32325,100.0,0.00163,
job,volume_only,13,always_multiD,41,6,1.0,1.0,0.0,0,0,6,6,1,0,1.0,2.32325,100.0,0.00074,
job,volume_only,13,best_axis_oracle,41,6,1.0,1.0,0.0,0,0,6,6,0,0,1.0,0.00013,0.01,0.00289,S_V
job,volume_only,13,union4_raw,41,6,1.0,1.0,0.0,0,0,6,6,1,0,1.0,0.11528,4.96,0.00247,
job,volume_only,13,union4_bonf,41,6,1.0,1.0,0.0,0,0,6,6,0,0,1.0,0.11528,4.96,0.00248,
job,volume_only,13,every_k2,41,6,0.0,0.1667,3.0,0,0,0,6,1,0,,1.18996,51.22,6e-05,offset=0
job,volume_only,13,every_k3,41,6,0.0,0.0,,0,0,0,6,0,0,,0.79331,34.15,3e-05,offset=0
job,volume_only,13,every_k4,41,6,0.0,0.1667,3.0,0,0,0,6,1,0,,0.56665,24.39,2e-05,offset=2
job,volume_only,13,adwin,41,6,0.0,0.0,,0,0,0,6,0,0,,2.32325,100.0,2e-05,
job,volume_only,13,adwin_s,41,6,0.0,0.0,,0,0,0,6,0,0,,2.32325,100.0,2e-05,
job,volume_only,13,mcusum,41,6,1.0,1.0,0.0,0,0,6,6,0,0,1.0,2.32325,100.0,5e-05,
job,volume_only,13,sketch1,41,6,1.0,1.0,0.0,0,0,6,6,0,0,1.0,2.32325,100.0,0.00077,
job,volume_only,14,dci_v2_P1,41,6,1.0,1.0,0.0,0,0,6,6,2,0,1.0,2.32325,100.0,0.00122,
job,volume_only,14,dci_v2_P2,41,6,0.0,0.3333,2.0,0,0,0,6,3,0,0.4619,1.25067,53.83,0.00111,
job,volume_only,14,dci_v2_P4,41,6,0.0,0.3333,2.0,0,0,0,6,3,0,0.4619,0.74261,31.96,0.00106,
job,volume_only,14,dci_v2_P8,41,6,0.0,0.3333,2.0,0,0,0,6,3,0,0.4619,0.46035,19.82,0.00103,
job,volume_only,14,dci_v1,41,6,1.0,1.0,0.0,0,0,6,6,3,1,1.0,2.32325,100.0,0.00163,
job,volume_only,14,always_multiD,41,6,1.0,1.0,0.0,0,0,6,6,2,0,1.0,2.32325,100.0,0.00077,
job,volume_only,14,best_axis_oracle,41,6,1.0,1.0,0.0,0,0,6,6,0,0,1.0,0.00013,0.01,0.00291,S_V
job,volume_only,14,union4_raw,41,6,1.0,1.0,0.0,0,0,6,6,3,0,1.0,0.11528,4.96,0.00249,
job,volume_only,14,union4_bonf,41,6,1.0,1.0,0.0,0,0,6,6,0,0,1.0,0.11528,4.96,0.0025,
job,volume_only,14,every_k2,41,6,1.0,1.0,0.0,0,0,6,6,1,0,,1.13329,48.78,4e-05,offset=1
job,volume_only,14,every_k3,41,6,0.0,0.1667,2.0,0,0,0,6,1,0,,0.79331,34.15,3e-05,offset=1
job,volume_only,14,every_k4,41,6,0.0,0.1667,1.0,0,0,0,6,1,0,,0.62331,26.83,2e-05,offset=0
job,volume_only,14,adwin,41,6,0.0,0.0,,0,0,0,6,0,0,,2.32325,100.0,2e-05,
job,volume_only,14,adwin_s,41,6,0.0,0.0,,0,0,0,6,0,0,,2.32325,100.0,2e-05,
job,volume_only,14,mcusum,41,6,1.0,1.0,0.0,0,0,6,6,0,0,1.0,2.32325,100.0,6e-05,
job,volume_only,14,sketch1,41,6,1.0,1.0,0.0,0,0,6,6,0,0,1.0,2.32325,100.0,0.00076,
job,volume_only,15,dci_v2_P1,41,6,1.0,1.0,0.0,0,0,6,6,0,0,1.0,2.32325,100.0,0.00119,
job,volume_only,15,dci_v2_P2,41,6,0.1667,0.6667,1.5,0,0,1,6,7,3,0.4833,1.291,55.57,0.00113,
job,volume_only,15,dci_v2_P4,41,6,0.1667,0.6667,1.5,0,0,1,6,7,3,0.4833,0.80203,34.52,0.00107,
job,volume_only,15,dci_v2_P8,41,6,0.1667,0.6667,1.5,0,0,1,6,7,3,0.4833,0.53038,22.83,0.00104,
job,volume_only,15,dci_v1,41,6,1.0,1.0,0.0,0,0,6,6,1,1,1.0,2.32325,100.0,0.00162,
job,volume_only,15,always_multiD,41,6,1.0,1.0,0.0,0,0,6,6,1,0,1.0,2.32325,100.0,0.00076,
job,volume_only,15,best_axis_oracle,41,6,1.0,1.0,0.0,0,0,6,6,0,0,1.0,0.00013,0.01,0.00291,S_V
job,volume_only,15,union4_raw,41,6,1.0,1.0,0.0,0,0,6,6,9,4,1.0,0.11528,4.96,0.0025,
job,volume_only,15,union4_bonf,41,6,1.0,1.0,0.0,0,0,6,6,3,1,1.0,0.11528,4.96,0.00249,
job,volume_only,15,every_k2,41,6,1.0,1.0,0.0,0,0,6,6,0,0,,1.13329,48.78,4e-05,offset=1
job,volume_only,15,every_k3,41,6,1.0,1.0,0.0,0,0,6,6,0,0,,0.73664,31.71,3e-05,offset=2
job,volume_only,15,every_k4,41,6,0.0,0.1667,1.0,0,0,0,6,1,0,,0.56665,24.39,2e-05,offset=2
job,volume_only,15,adwin,41,6,0.0,0.0,,0,0,0,6,0,0,,2.32325,100.0,2e-05,
job,volume_only,15,adwin_s,41,6,0.0,0.0,,0,0,0,6,0,0,,2.32325,100.0,2e-05,
job,volume_only,15,mcusum,41,6,1.0,1.0,0.0,0,0,6,6,0,0,1.0,2.32325,100.0,6e-05,
job,volume_only,15,sketch1,41,6,1.0,1.0,0.0,0,0,6,6,0,0,1.0,2.32325,100.0,0.00074,
job,volume_only,16,dci_v2_P1,41,6,1.0,1.0,0.0,0,0,6,6,0,0,1.0,2.32325,100.0,0.0012,
job,volume_only,16,dci_v2_P2,41,6,0.1667,0.6667,1.25,0,0,1,6,11,4,0.4048,1.28038,55.11,0.00112,
job,volume_only,16,dci_v2_P4,41,6,0.1667,0.6667,1.25,0,0,1,6,10,3,0.4048,0.7702,33.15,0.00107,
job,volume_only,16,dci_v2_P8,41,6,0.1667,0.5,0.67,0,0,1,6,10,4,0.4619,0.51553,22.19,0.00105,
job,volume_only,16,dci_v1,41,6,1.0,1.0,0.0,0,0,6,6,1,1,1.0,2.32325,100.0,0.00163,
job,volume_only,16,always_multiD,41,6,1.0,1.0,0.0,0,0,6,6,0,0,1.0,2.32325,100.0,0.00077,
job,volume_only,16,best_axis_oracle,41,6,1.0,1.0,0.0,0,0,6,6,0,0,1.0,0.00013,0.01,0.00291,S_V
job,volume_only,16,union4_raw,41,6,1.0,1.0,0.0,0,0,6,6,13,5,1.0,0.11528,4.96,0.00251,
job,volume_only,16,union4_bonf,41,6,1.0,1.0,0.0,0,0,6,6,3,2,1.0,0.11528,4.96,0.00246,
job,volume_only,16,every_k2,41,6,0.0,0.0,,0,0,0,6,0,0,,1.18996,51.22,4e-05,offset=0
job,volume_only,16,every_k3,41,6,1.0,1.0,0.0,0,0,6,6,0,0,,0.73664,31.71,3e-05,offset=2
job,volume_only,16,every_k4,41,6,0.0,0.0,,0,0,0,6,0,0,,0.56665,24.39,3e-05,offset=2
job,volume_only,16,adwin,41,6,0.0,0.0,,0,0,0,6,0,0,,2.32325,100.0,2e-05,
job,volume_only,16,adwin_s,41,6,0.0,0.0,,0,0,0,6,0,0,,2.32325,100.0,2e-05,
job,volume_only,16,mcusum,41,6,1.0,1.0,0.0,0,0,6,6,0,0,1.0,2.32325,100.0,6e-05,
job,volume_only,16,sketch1,41,6,1.0,1.0,0.0,0,0,6,6,0,0,1.0,2.32325,100.0,0.00076,
job,volume_only,17,dci_v2_P1,41,6,1.0,1.0,0.0,0,0,6,6,5,4,1.0,2.32325,100.0,0.00125,
job,volume_only,17,dci_v2_P2,41,6,1.0,1.0,0.0,0,0,6,6,4,3,1.0,1.92688,82.94,0.00113,
job,volume_only,17,dci_v2_P4,41,6,1.0,1.0,0.0,0,0,6,6,4,3,1.0,1.98354,85.38,0.00114,
job,volume_only,17,dci_v2_P8,41,6,0.6667,0.6667,0.0,0,0,4,6,7,4,0.7667,0.5183,22.31,0.00106,
job,volume_only,17,dci_v1,41,6,1.0,1.0,0.0,0,0,6,6,6,5,1.0,2.32325,100.0,0.00167,
job,volume_only,17,always_multiD,41,6,1.0,1.0,0.0,0,0,6,6,5,4,1.0,2.32325,100.0,0.00077,
job,volume_only,17,best_axis_oracle,41,6,1.0,1.0,0.0,0,0,6,6,0,0,1.0,0.00013,0.01,0.00295,S_V
job,volume_only,17,union4_raw,41,6,1.0,1.0,0.0,0,0,6,6,9,5,1.0,0.11528,4.96,0.00252,
job,volume_only,17,union4_bonf,41,6,1.0,1.0,0.0,0,0,6,6,4,3,1.0,0.11528,4.96,0.00254,
job,volume_only,17,every_k2,41,6,1.0,1.0,0.0,0,0,6,6,1,1,,1.13329,48.78,4e-05,offset=1
job,volume_only,17,every_k3,41,6,0.0,0.1667,1.0,0,0,0,6,2,1,,0.79331,34.15,3e-05,offset=0
job,volume_only,17,every_k4,41,6,0.5,0.5,0.0,0,0,3,6,0,0,,0.56665,24.39,3e-05,offset=3
job,volume_only,17,adwin,41,6,0.0,0.0,,0,0,0,6,0,0,,2.32325,100.0,2e-05,
job,volume_only,17,adwin_s,41,6,0.0,0.0,,0,0,0,6,0,0,,2.32325,100.0,2e-05,
job,volume_only,17,mcusum,41,6,1.0,1.0,0.0,0,0,6,6,0,0,1.0,2.32325,100.0,6e-05,
job,volume_only,17,sketch1,41,6,1.0,1.0,0.0,0,0,6,6,6,3,1.0,2.32325,100.0,0.00078,
job,volume_only,18,dci_v2_P1,41,6,1.0,1.0,0.0,0,0,6,6,2,2,1.0,2.32325,100.0,0.00111,
job,volume_only,18,dci_v2_P2,41,6,0.1667,0.6667,1.5,0,0,1,6,11,7,0.4405,1.291,55.57,0.00112,
job,volume_only,18,dci_v2_P4,41,6,0.1667,0.6667,1.5,0,0,1,6,11,7,0.4405,0.80203,34.52,0.00106,
job,volume_only,18,dci_v2_P8,41,6,0.1667,0.6667,1.5,0,0,1,6,11,7,0.4405,0.53038,22.83,0.00103,
job,volume_only,18,dci_v1,41,6,1.0,1.0,0.0,0,0,6,6,2,2,1.0,2.32325,100.0,0.00164,
job,volume_only,18,always_multiD,41,6,1.0,1.0,0.0,0,0,6,6,0,0,1.0,2.32325,100.0,0.00076,
job,volume_only,18,best_axis_oracle,41,6,1.0,1.0,0.0,0,0,6,6,0,0,1.0,0.00013,0.01,0.0029,S_V
job,volume_only,18,union4_raw,41,6,1.0,1.0,0.0,0,0,6,6,13,8,1.0,0.11528,4.96,0.00247,
job,volume_only,18,union4_bonf,41,6,1.0,1.0,0.0,0,0,6,6,3,2,1.0,0.11528,4.96,0.00248,
job,volume_only,18,every_k2,41,6,0.0,0.0,,0,0,0,6,0,0,,1.18996,51.22,5e-05,offset=0
job,volume_only,18,every_k3,41,6,0.0,0.0,,0,0,0,6,0,0,,0.79331,34.15,3e-05,offset=1
job,volume_only,18,every_k4,41,6,0.5,0.5,0.0,0,0,3,6,0,0,,0.56665,24.39,3e-05,offset=3
job,volume_only,18,adwin,41,6,0.0,0.0,,0,0,0,6,0,0,,2.32325,100.0,2e-05,
job,volume_only,18,adwin_s,41,6,0.0,0.0,,0,0,0,6,0,0,,2.32325,100.0,2e-05,
job,volume_only,18,mcusum,41,6,1.0,1.0,0.0,0,0,6,6,0,0,1.0,2.32325,100.0,5e-05,
job,volume_only,18,sketch1,41,6,1.0,1.0,0.0,0,0,6,6,1,1,1.0,2.32325,100.0,0.00077,
job,volume_only,19,dci_v2_P1,41,6,1.0,1.0,0.0,0,0,6,6,16,11,1.0,2.32325,100.0,0.00144,
job,volume_only,19,dci_v2_P2,41,6,1.0,1.0,0.0,0,0,6,6,16,12,0.7238,1.25157,53.87,0.00117,
job,volume_only,19,dci_v2_P4,41,6,1.0,1.0,0.0,0,0,6,6,16,12,0.7238,0.74392,32.02,0.00105,
job,volume_only,19,dci_v2_P8,41,6,1.0,1.0,0.0,0,0,6,6,16,12,0.7238,0.4619,19.88,0.00103,
job,volume_only,19,dci_v1,41,6,1.0,1.0,0.0,0,0,6,6,16,11,1.0,2.32325,100.0,0.00192,
job,volume_only,19,always_multiD,41,6,1.0,1.0,0.0,0,0,6,6,16,11,1.0,2.32325,100.0,0.00083,
job,volume_only,19,best_axis_oracle,41,6,1.0,1.0,0.0,0,0,6,6,0,0,1.0,0.00013,0.01,0.00318,S_V
job,volume_only,19,union4_raw,41,6,1.0,1.0,0.0,0,0,6,6,18,13,1.0,0.11528,4.96,0.0024,
job,volume_only,19,union4_bonf,41,6,1.0,1.0,0.0,0,0,6,6,17,13,1.0,0.11528,4.96,0.00248,
job,volume_only,19,every_k2,41,6,0.0,0.6667,1.5,0,0,0,6,11,7,,1.18996,51.22,7e-05,offset=0
job,volume_only,19,every_k3,41,6,1.0,1.0,0.0,0,0,6,6,2,1,,0.73664,31.71,3e-05,offset=2
job,volume_only,19,every_k4,41,6,0.0,0.3333,1.0,0,0,0,6,5,3,,0.62331,26.83,2e-05,offset=0
job,volume_only,19,adwin,41,6,0.0,0.0,,0,0,0,6,0,0,,2.32325,100.0,3e-05,
job,volume_only,19,adwin_s,41,6,0.0,0.0,,0,0,0,6,0,0,,2.32325,100.0,2e-05,
job,volume_only,19,mcusum,41,6,1.0,1.0,0.0,0,0,6,6,2,2,1.0,2.32325,100.0,5e-05,
job,volume_only,19,sketch1,41,6,1.0,1.0,0.0,0,0,6,6,14,11,1.0,2.32325,100.0,0.00078,
job,volume_only,20,dci_v2_P1,41,6,1.0,1.0,0.0,0,0,6,6,6,3,1.0,2.32325,100.0,0.0013,
job,volume_only,20,dci_v2_P2,41,6,0.3333,0.5,0.33,0,0,2,6,5,2,0.5881,1.25157,53.87,0.00113,
job,volume_only,20,dci_v2_P4,41,6,0.3333,0.5,0.33,0,0,2,6,5,2,0.5881,0.74392,32.02,0.00107,
job,volume_only,20,dci_v2_P8,41,6,0.3333,0.5,0.33,0,0,2,6,5,2,0.5881,0.4619,19.88,0.00103,
job,volume_only,20,dci_v1,41,6,1.0,1.0,0.0,0,0,6,6,6,3,1.0,2.32325,100.0,0.00166,
job,volume_only,20,always_multiD,41,6,1.0,1.0,0.0,0,0,6,6,5,2,1.0,2.32325,100.0,0.00076,
job,volume_only,20,best_axis_oracle,41,6,1.0,1.0,0.0,0,0,6,6,0,0,1.0,0.00013,0.01,0.00292,S_V
job,volume_only,20,union4_raw,41,6,1.0,1.0,0.0,0,0,6,6,12,5,1.0,0.11528,4.96,0.0025,
job,volume_only,20,union4_bonf,41,6,1.0,1.0,0.0,0,0,6,6,6,2,1.0,0.11528,4.96,0.00249,
job,volume_only,20,every_k2,41,6,1.0,1.0,0.0,0,0,6,6,2,1,,1.13329,48.78,5e-05,offset=1
job,volume_only,20,every_k3,41,6,0.0,0.1667,2.0,0,0,0,6,2,1,,0.79331,34.15,3e-05,offset=1
job,volume_only,20,every_k4,41,6,0.5,0.5,0.0,0,0,3,6,0,0,,0.56665,24.39,2e-05,offset=1
job,volume_only,20,adwin,41,6,0.0,0.0,,0,0,0,6,0,0,,2.32325,100.0,2e-05,
job,volume_only,20,adwin_s,41,6,0.0,0.0,,0,0,0,6,0,0,,2.32325,100.0,2e-05,
job,volume_only,20,mcusum,41,6,1.0,1.0,0.0,0,0,6,6,0,0,1.0,2.32325,100.0,5e-05,
job,volume_only,20,sketch1,41,6,1.0,1.0,0.0,0,0,6,6,6,2,1.0,2.32325,100.0,0.00078,
job,volume_only,21,dci_v2_P1,41,6,1.0,1.0,0.0,0,0,6,6,7,1,1.0,2.32325,100.0,0.00128,
job,volume_only,21,dci_v2_P2,41,6,0.5,1.0,0.67,0,0,3,6,14,4,0.5024,1.25364,53.96,0.00113,
job,volume_only,21,dci_v2_P4,41,6,0.5,1.0,1.0,0,0,3,6,12,4,0.5357,0.75015,32.29,0.00107,
job,volume_only,21,dci_v2_P8,41,6,0.6667,1.0,0.5,0,0,4,6,14,4,0.6143,0.4619,19.88,0.00103,
job,volume_only,21,dci_v1,41,6,1.0,1.0,0.0,0,0,6,6,7,1,1.0,2.32325,100.0,0.00162,
job,volume_only,21,always_multiD,41,6,1.0,1.0,0.0,0,0,6,6,7,1,1.0,2.32325,100.0,0.00076,
job,volume_only,21,best_axis_oracle,41,6,1.0,1.0,0.0,0,0,6,6,0,0,1.0,0.00013,0.01,0.00288,S_V
job,volume_only,21,union4_raw,41,6,1.0,1.0,0.0,0,0,6,6,15,4,1.0,0.11528,4.96,0.00248,
job,volume_only,21,union4_bonf,41,6,1.0,1.0,0.0,0,0,6,6,7,1,1.0,0.11528,4.96,0.00246,
job,volume_only,21,every_k2,41,6,1.0,1.0,0.0,0,0,6,6,3,1,,1.13329,48.78,5e-05,offset=1
job,volume_only,21,every_k3,41,6,0.0,0.5,1.0,0,0,0,6,4,1,,0.79331,34.15,4e-05,offset=0
job,volume_only,21,every_k4,41,6,0.5,0.6667,0.5,0,0,3,6,2,1,,0.56665,24.39,3e-05,offset=1
job,volume_only,21,adwin,41,6,0.0,0.0,,0,0,0,6,0,0,,2.32325,100.0,2e-05,
job,volume_only,21,adwin_s,41,6,0.0,0.0,,0,0,0,6,0,0,,2.32325,100.0,2e-05,
job,volume_only,21,mcusum,41,6,1.0,1.0,0.0,0,0,6,6,1,1,1.0,2.32325,100.0,6e-05,
job,volume_only,21,sketch1,41,6,1.0,1.0,0.0,0,0,6,6,9,1,1.0,2.32325,100.0,0.00075,
job,volume_only,22,dci_v2_P1,41,6,1.0,1.0,0.0,0,0,6,6,5,1,1.0,2.32325,100.0,0.00125,
job,volume_only,22,dci_v2_P2,41,6,0.0,0.3333,2.5,0,0,0,6,5,2,0.3333,1.2576,54.13,0.00114,
job,volume_only,22,dci_v2_P4,41,6,0.0,0.3333,3.0,0,0,0,6,3,1,0.4524,0.75222,32.38,0.00107,
job,volume_only,22,dci_v2_P8,41,6,0.0,0.3333,3.0,0,0,0,6,3,1,0.4524,0.47228,20.33,0.00104,
job,volume_only,22,dci_v1,41,6,1.0,1.0,0.0,0,0,6,6,5,1,1.0,2.32325,100.0,0.00164,
job,volume_only,22,always_multiD,41,6,1.0,1.0,0.0,0,0,6,6,5,1,1.0,2.32325,100.0,0.00077,
job,volume_only,22,best_axis_oracle,41,6,1.0,1.0,0.0,0,0,6,6,0,0,1.0,0.00013,0.01,0.00288,S_V
job,volume_only,22,union4_raw,41,6,1.0,1.0,0.0,0,0,6,6,9,4,1.0,0.11528,4.96,0.00237,
job,volume_only,22,union4_bonf,41,6,1.0,1.0,0.0,0,0,6,6,5,1,1.0,0.11528,4.96,0.00236,
job,volume_only,22,every_k2,41,6,1.0,1.0,0.0,0,0,6,6,3,1,,1.13329,48.78,4e-05,offset=1
job,volume_only,22,every_k3,41,6,0.0,0.3333,2.0,0,0,0,6,2,0,,0.79331,34.15,3e-05,offset=1
job,volume_only,22,every_k4,41,6,0.5,0.5,0.0,0,0,3,6,1,1,,0.56665,24.39,2e-05,offset=1
job,volume_only,22,adwin,41,6,0.0,0.0,,0,0,0,6,0,0,,2.32325,100.0,2e-05,
job,volume_only,22,adwin_s,41,6,0.0,0.0,,0,0,0,6,0,0,,2.32325,100.0,2e-05,
job,volume_only,22,mcusum,41,6,1.0,1.0,0.0,0,0,6,6,0,0,1.0,2.32325,100.0,5e-05,
job,volume_only,22,sketch1,41,6,1.0,1.0,0.0,0,0,6,6,4,1,1.0,2.32325,100.0,0.00075,
job,volume_only,23,dci_v2_P1,41,6,1.0,1.0,0.0,0,0,6,6,0,0,1.0,2.32325,100.0,0.00125,
job,volume_only,23,dci_v2_P2,41,6,0.0,0.1667,1.0,0,0,0,6,2,1,0.4381,1.25067,53.83,0.0011,
job,volume_only,23,dci_v2_P4,41,6,0.0,0.1667,1.0,0,0,0,6,2,1,0.4381,0.74261,31.96,0.00105,
job,volume_only,23,dci_v2_P8,41,6,0.0,0.1667,1.0,0,0,0,6,2,1,0.4381,0.46035,19.82,0.00102,
job,volume_only,23,dci_v1,41,6,1.0,1.0,0.0,0,0,6,6,0,0,1.0,2.32325,100.0,0.00163,
job,volume_only,23,always_multiD,41,6,1.0,1.0,0.0,0,0,6,6,0,0,1.0,2.32325,100.0,0.00076,
job,volume_only,23,best_axis_oracle,41,6,1.0,1.0,0.0,0,0,6,6,0,0,1.0,0.00013,0.01,0.00288,S_V
job,volume_only,23,union4_raw,41,6,1.0,1.0,0.0,0,0,6,6,2,1,1.0,0.11528,4.96,0.00248,
job,volume_only,23,union4_bonf,41,6,1.0,1.0,0.0,0,0,6,6,0,0,1.0,0.11528,4.96,0.00245,
job,volume_only,23,every_k2,41,6,0.0,0.0,,0,0,0,6,0,0,,1.18996,51.22,5e-05,offset=0
job,volume_only,23,every_k3,41,6,0.0,0.0,,0,0,0,6,0,0,,0.79331,34.15,3e-05,offset=0
job,volume_only,23,every_k4,41,6,0.5,0.5,0.0,0,0,3,6,0,0,,0.56665,24.39,3e-05,offset=3
job,volume_only,23,adwin,41,6,0.0,0.0,,0,0,0,6,0,0,,2.32325,100.0,2e-05,
job,volume_only,23,adwin_s,41,6,0.0,0.0,,0,0,0,6,0,0,,2.32325,100.0,2e-05,
job,volume_only,23,mcusum,41,6,1.0,1.0,0.0,0,0,6,6,0,0,1.0,2.32325,100.0,6e-05,
job,volume_only,23,sketch1,41,6,1.0,1.0,0.0,0,0,6,6,0,0,1.0,2.32325,100.0,0.00074,
job,volume_only,24,dci_v2_P1,41,6,1.0,1.0,0.0,0,0,6,6,10,4,1.0,2.32325,100.0,0.00123,
job,volume_only,24,dci_v2_P2,41,6,0.1667,0.6667,1.25,0,0,1,6,10,3,0.4,1.25152,53.87,0.00114,
job,volume_only,24,dci_v2_P4,41,6,0.1667,0.6667,1.25,0,0,1,6,10,3,0.4,0.74388,32.02,0.00109,
job,volume_only,24,dci_v2_P8,41,6,0.0,0.6667,1.25,0,0,0,6,9,1,0.3286,0.46101,19.84,0.00104,
job,volume_only,24,dci_v1,41,6,1.0,1.0,0.0,0,0,6,6,11,5,1.0,2.32325,100.0,0.00164,
job,volume_only,24,always_multiD,41,6,1.0,1.0,0.0,0,0,6,6,10,4,1.0,2.32325,100.0,0.00074,
job,volume_only,24,best_axis_oracle,41,6,1.0,1.0,0.0,0,0,6,6,0,0,1.0,0.00013,0.01,0.00292,S_V
job,volume_only,24,union4_raw,41,6,1.0,1.0,0.0,0,0,6,6,13,4,1.0,0.11528,4.96,0.0025,
job,volume_only,24,union4_bonf,41,6,1.0,1.0,0.0,0,0,6,6,11,4,1.0,0.11528,4.96,0.00251,
job,volume_only,24,every_k2,41,6,1.0,1.0,0.0,0,0,6,6,3,2,,1.13329,48.78,4e-05,offset=1
job,volume_only,24,every_k3,41,6,0.0,0.1667,2.0,0,0,0,6,3,2,,0.79331,34.15,3e-05,offset=1
job,volume_only,24,every_k4,41,6,0.0,0.5,2.33,0,0,0,6,4,1,,0.56665,24.39,2e-05,offset=2
job,volume_only,24,adwin,41,6,0.0,0.0,,0,0,0,6,0,0,,2.32325,100.0,2e-05,
job,volume_only,24,adwin_s,41,6,0.0,0.0,,0,0,0,6,0,0,,2.32325,100.0,2e-05,
job,volume_only,24,mcusum,41,6,1.0,1.0,0.0,0,0,6,6,1,1,1.0,2.32325,100.0,6e-05,
job,volume_only,24,sketch1,41,6,1.0,1.0,0.0,0,0,6,6,11,4,1.0,2.32325,100.0,0.00076,
job,volume_only,25,dci_v2_P1,41,6,1.0,1.0,0.0,0,0,6,6,12,6,1.0,2.32325,100.0,0.00123,
job,volume_only,25,dci_v2_P2,41,6,0.8333,1.0,0.33,0,0,5,6,19,10,0.6833,1.25157,53.87,0.00115,
job,volume_only,25,dci_v2_P4,41,6,0.8333,1.0,0.33,0,0,5,6,19,10,0.6833,0.74392,32.02,0.00109,
job,volume_only,25,dci_v2_P8,41,6,0.8333,1.0,0.33,0,0,5,6,19,10,0.6833,0.4619,19.88,0.00104,
job,volume_only,25,dci_v1,41,6,1.0,1.0,0.0,0,0,6,6,12,6,1.0,2.32325,100.0,0.00163,
job,volume_only,25,always_multiD,41,6,1.0,1.0,0.0,0,0,6,6,12,6,1.0,2.32325,100.0,0.00077,
job,volume_only,25,best_axis_oracle,41,6,1.0,1.0,0.0,0,0,6,6,0,0,1.0,0.00013,0.01,0.00293,S_V
job,volume_only,25,union4_raw,41,6,1.0,1.0,0.0,0,0,6,6,21,11,1.0,0.11528,4.96,0.0025,
job,volume_only,25,union4_bonf,41,6,1.0,1.0,0.0,0,0,6,6,12,6,1.0,0.11528,4.96,0.0025,
job,volume_only,25,every_k2,41,6,1.0,1.0,0.0,0,0,6,6,4,2,,1.13329,48.78,5e-05,offset=1
job,volume_only,25,every_k3,41,6,0.0,0.3333,2.0,0,0,0,6,4,2,,0.79331,34.15,3e-05,offset=1
job,volume_only,25,every_k4,41,6,0.5,0.6667,0.5,0,0,3,6,2,1,,0.56665,24.39,2e-05,offset=3
job,volume_only,25,adwin,41,6,0.0,0.0,,0,0,0,6,0,0,,2.32325,100.0,2e-05,
job,volume_only,25,adwin_s,41,6,0.0,0.0,,0,0,0,6,0,0,,2.32325,100.0,2e-05,
job,volume_only,25,mcusum,41,6,1.0,1.0,0.0,0,0,6,6,0,0,1.0,2.32325,100.0,5e-05,
job,volume_only,25,sketch1,41,6,1.0,1.0,0.0,0,0,6,6,16,9,1.0,2.32325,100.0,0.00077,
job,volume_only,26,dci_v2_P1,41,6,1.0,1.0,0.0,0,0,6,6,16,8,1.0,2.32325,100.0,0.00122,
job,volume_only,26,dci_v2_P2,41,6,0.8333,1.0,0.17,0,0,5,6,19,10,0.5738,1.25157,53.87,0.00111,
job,volume_only,26,dci_v2_P4,41,6,0.8333,1.0,0.17,0,0,5,6,19,10,0.5738,0.74392,32.02,0.00105,
job,volume_only,26,dci_v2_P8,41,6,0.8333,1.0,0.17,0,0,5,6,19,10,0.5738,0.4619,19.88,0.00103,
job,volume_only,26,dci_v1,41,6,1.0,1.0,0.0,0,0,6,6,17,9,1.0,2.32325,100.0,0.00163,
job,volume_only,26,always_multiD,41,6,1.0,1.0,0.0,0,0,6,6,17,8,1.0,2.32325,100.0,0.00076,
job,volume_only,26,best_axis_oracle,41,6,1.0,1.0,0.0,0,0,6,6,0,0,1.0,0.00013,0.01,0.00289,S_V
job,volume_only,26,union4_raw,41,6,1.0,1.0,0.0,0,0,6,6,22,13,1.0,0.11528,4.96,0.00246,
job,volume_only,26,union4_bonf,41,6,1.0,1.0,0.0,0,0,6,6,20,11,1.0,0.11528,4.96,0.00246,
job,volume_only,26,every_k2,41,6,0.0,0.6667,1.5,0,0,0,6,11,4,,1.18996,51.22,4e-05,offset=0
job,volume_only,26,every_k3,41,6,0.0,0.3333,2.0,0,0,0,6,6,4,,0.79331,34.15,3e-05,offset=1
job,volume_only,26,every_k4,41,6,0.5,0.6667,0.5,0,0,3,6,2,1,,0.56665,24.39,2e-05,offset=3
job,volume_only,26,adwin,41,6,0.0,0.0,,0,0,0,6,0,0,,2.32325,100.0,2e-05,
job,volume_only,26,adwin_s,41,6,0.0,0.0,,0,0,0,6,0,0,,2.32325,100.0,2e-05,
job,volume_only,26,mcusum,41,6,1.0,1.0,0.0,0,0,6,6,3,1,1.0,2.32325,100.0,5e-05,
job,volume_only,26,sketch1,41,6,1.0,1.0,0.0,0,0,6,6,15,7,1.0,2.32325,100.0,0.00076,
job,volume_only,27,dci_v2_P1,41,6,1.0,1.0,0.0,0,0,6,6,1,0,1.0,2.32325,100.0,0.00123,
job,volume_only,27,dci_v2_P2,41,6,0.0,0.3333,2.5,0,0,0,6,2,0,0.4619,1.25067,53.83,0.00112,
job,volume_only,27,dci_v2_P4,41,6,0.0,0.3333,2.5,0,0,0,6,2,0,0.4619,0.74261,31.96,0.00107,
job,volume_only,27,dci_v2_P8,41,6,0.0,0.3333,2.5,0,0,0,6,2,0,0.4619,0.46035,19.82,0.00104,
job,volume_only,27,dci_v1,41,6,1.0,1.0,0.0,0,0,6,6,1,0,1.0,2.32325,100.0,0.00162,
job,volume_only,27,always_multiD,41,6,1.0,1.0,0.0,0,0,6,6,1,0,1.0,2.32325,100.0,0.00077,
job,volume_only,27,best_axis_oracle,41,6,1.0,1.0,0.0,0,0,6,6,0,0,1.0,0.00013,0.01,0.00292,S_V
job,volume_only,27,union4_raw,41,6,1.0,1.0,0.0,0,0,6,6,2,0,1.0,0.11528,4.96,0.0025,
job,volume_only,27,union4_bonf,41,6,1.0,1.0,0.0,0,0,6,6,0,0,1.0,0.11528,4.96,0.00249,
job,volume_only,27,every_k2,41,6,0.0,0.1667,3.0,0,0,0,6,1,0,,1.18996,51.22,4e-05,offset=0
job,volume_only,27,every_k3,41,6,0.0,0.0,,0,0,0,6,0,0,,0.79331,34.15,3e-05,offset=1
job,volume_only,27,every_k4,41,6,0.5,0.5,0.0,0,0,3,6,0,0,,0.56665,24.39,2e-05,offset=1
job,volume_only,27,adwin,41,6,0.0,0.0,,0,0,0,6,0,0,,2.32325,100.0,2e-05,
job,volume_only,27,adwin_s,41,6,0.0,0.0,,0,0,0,6,0,0,,2.32325,100.0,2e-05,
job,volume_only,27,mcusum,41,6,1.0,1.0,0.0,0,0,6,6,0,0,1.0,2.32325,100.0,6e-05,
job,volume_only,27,sketch1,41,6,1.0,1.0,0.0,0,0,6,6,0,0,1.0,2.32325,100.0,0.00076,
job,volume_only,28,dci_v2_P1,41,6,1.0,1.0,0.0,0,0,6,6,2,2,1.0,2.32325,100.0,0.00117,
job,volume_only,28,dci_v2_P2,41,6,0.1667,0.3333,0.5,0,0,1,6,6,4,0.5667,1.291,55.57,0.00113,
job,volume_only,28,dci_v2_P4,41,6,0.1667,0.3333,0.5,0,0,1,6,6,4,0.5667,0.80203,34.52,0.00107,
job,volume_only,28,dci_v2_P8,41,6,0.1667,0.3333,0.5,0,0,1,6,6,4,0.5667,0.53038,22.83,0.00104,
job,volume_only,28,dci_v1,41,6,1.0,1.0,0.0,0,0,6,6,2,2,1.0,2.32325,100.0,0.00164,
job,volume_only,28,always_multiD,41,6,1.0,1.0,0.0,0,0,6,6,0,0,1.0,2.32325,100.0,0.00074,
job,volume_only,28,best_axis_oracle,41,6,1.0,1.0,0.0,0,0,6,6,0,0,1.0,0.00013,0.01,0.00292,S_V
job,volume_only,28,union4_raw,41,6,1.0,1.0,0.0,0,0,6,6,6,4,1.0,0.11528,4.96,0.00251,
job,volume_only,28,union4_bonf,41,6,1.0,1.0,0.0,0,0,6,6,5,3,1.0,0.11528,4.96,0.0025,
job,volume_only,28,every_k2,41,6,0.0,0.0,,0,0,0,6,0,0,,1.18996,51.22,4e-05,offset=0
job,volume_only,28,every_k3,41,6,0.0,0.0,,0,0,0,6,0,0,,0.79331,34.15,3e-05,offset=1
job,volume_only,28,every_k4,41,6,0.0,0.0,,0,0,0,6,0,0,,0.62331,26.83,2e-05,offset=0
job,volume_only,28,adwin,41,6,0.0,0.0,,0,0,0,6,0,0,,2.32325,100.0,2e-05,
job,volume_only,28,adwin_s,41,6,0.0,0.0,,0,0,0,6,0,0,,2.32325,100.0,2e-05,
job,volume_only,28,mcusum,41,6,1.0,1.0,0.0,0,0,6,6,0,0,1.0,2.32325,100.0,6e-05,
job,volume_only,28,sketch1,41,6,1.0,1.0,0.0,0,0,6,6,0,0,1.0,2.32325,100.0,0.00077,
job,volume_only,29,dci_v2_P1,41,6,1.0,1.0,0.0,0,0,6,6,5,0,1.0,2.32325,100.0,0.00124,
job,volume_only,29,dci_v2_P2,41,6,0.0,0.3333,1.0,0,0,0,6,4,1,0.481,1.25704,54.11,0.00113,
job,volume_only,29,dci_v2_P4,41,6,0.0,0.3333,1.0,0,0,0,6,4,1,0.5857,0.74261,31.96,0.00107,
job,volume_only,29,dci_v2_P8,41,6,0.0,0.3333,1.0,0,0,0,6,4,1,0.5857,0.46035,19.82,0.00104,
job,volume_only,29,dci_v1,41,6,1.0,1.0,0.0,0,0,6,6,7,2,1.0,2.32325,100.0,0.00161,
job,volume_only,29,always_multiD,41,6,1.0,1.0,0.0,0,0,6,6,5,0,1.0,2.32325,100.0,0.00077,
job,volume_only,29,best_axis_oracle,41,6,1.0,1.0,0.0,0,0,6,6,0,0,1.0,0.00013,0.01,0.00295,S_V
job,volume_only,29,union4_raw,41,6,1.0,1.0,0.0,0,0,6,6,4,1,1.0,0.11528,4.96,0.00251,
job,volume_only,29,union4_bonf,41,6,1.0,1.0,0.0,0,0,6,6,2,0,1.0,0.11528,4.96,0.0025,
job,volume_only,29,every_k2,41,6,1.0,1.0,0.0,0,0,6,6,2,0,,1.13329,48.78,5e-05,offset=1
job,volume_only,29,every_k3,41,6,0.0,0.3333,2.0,0,0,0,6,2,0,,0.79331,34.15,3e-05,offset=1
job,volume_only,29,every_k4,41,6,0.0,0.1667,1.0,0,0,0,6,1,0,,0.62331,26.83,2e-05,offset=0
job,volume_only,29,adwin,41,6,0.0,0.0,,0,0,0,6,0,0,,2.32325,100.0,3e-05,
job,volume_only,29,adwin_s,41,6,0.0,0.0,,0,0,0,6,0,0,,2.32325,100.0,2e-05,
job,volume_only,29,mcusum,41,6,1.0,1.0,0.0,0,0,6,6,0,0,1.0,2.32325,100.0,5e-05,
job,volume_only,29,sketch1,41,6,1.0,1.0,0.0,0,0,6,6,0,0,1.0,2.32325,100.0,0.00077,
job,volume_only,30,dci_v2_P1,41,6,1.0,1.0,0.0,0,0,6,6,3,1,1.0,2.32325,100.0,0.00124,
job,volume_only,30,dci_v2_P2,41,6,0.0,0.1667,1.0,0,0,0,6,3,2,0.7238,1.25497,54.02,0.00112,
job,volume_only,30,dci_v2_P4,41,6,0.0,0.0,,0,0,0,6,1,1,0.7405,0.75138,32.34,0.00106,
job,volume_only,30,dci_v2_P8,41,6,0.0,0.0,,0,0,0,6,2,2,0.7762,0.47096,20.27,0.00108,
job,volume_only,30,dci_v1,41,6,1.0,1.0,0.0,0,0,6,6,3,1,1.0,2.32325,100.0,0.00157,
job,volume_only,30,always_multiD,41,6,1.0,1.0,0.0,0,0,6,6,3,1,1.0,2.32325,100.0,0.00073,
job,volume_only,30,best_axis_oracle,41,6,1.0,1.0,0.0,0,0,6,6,0,0,1.0,0.00013,0.01,0.00277,S_V
job,volume_only,30,union4_raw,41,6,1.0,1.0,0.0,0,0,6,6,4,2,1.0,0.11528,4.96,0.00246,
job,volume_only,30,union4_bonf,41,6,1.0,1.0,0.0,0,0,6,6,3,1,1.0,0.11528,4.96,0.00246,
job,volume_only,30,every_k2,41,6,1.0,1.0,0.0,0,0,6,6,0,0,,1.13329,48.78,4e-05,offset=1
job,volume_only,30,every_k3,41,6,0.0,0.0,,0,0,0,6,1,1,,0.79331,34.15,3e-05,offset=1
job,volume_only,30,every_k4,41,6,0.0,0.0,,0,0,0,6,0,0,,0.62331,26.83,2e-05,offset=0
job,volume_only,30,adwin,41,6,0.0,0.0,,0,0,0,6,0,0,,2.32325,100.0,2e-05,
job,volume_only,30,adwin_s,41,6,0.0,0.0,,0,0,0,6,0,0,,2.32325,100.0,2e-05,
job,volume_only,30,mcusum,41,6,1.0,1.0,0.0,0,0,6,6,0,0,1.0,2.32325,100.0,5e-05,
job,volume_only,30,sketch1,41,6,1.0,1.0,0.0,0,0,6,6,1,0,1.0,2.32325,100.0,0.00076,
job,volume_only,31,dci_v2_P1,41,6,1.0,1.0,0.0,0,0,6,6,1,1,1.0,2.32325,100.0,0.00122,
job,volume_only,31,dci_v2_P2,41,6,0.0,0.3333,1.0,0,0,0,6,5,3,0.3762,1.26129,54.29,0.00113,
job,volume_only,31,dci_v2_P4,41,6,0.0,0.1667,1.0,0,0,0,6,4,3,0.4286,0.77657,33.43,0.00107,
job,volume_only,31,dci_v2_P8,41,6,0.0,0.1667,1.0,0,0,0,6,4,3,0.5,0.53038,22.83,0.00104,
job,volume_only,31,dci_v1,41,6,1.0,1.0,0.0,0,0,6,6,1,1,1.0,2.32325,100.0,0.00165,
job,volume_only,31,always_multiD,41,6,1.0,1.0,0.0,0,0,6,6,0,0,1.0,2.32325,100.0,0.00075,
job,volume_only,31,best_axis_oracle,41,6,1.0,1.0,0.0,0,0,6,6,0,0,1.0,0.00013,0.01,0.00293,S_V
job,volume_only,31,union4_raw,41,6,1.0,1.0,0.0,0,0,6,6,6,4,1.0,0.11528,4.96,0.0025,
job,volume_only,31,union4_bonf,41,6,1.0,1.0,0.0,0,0,6,6,0,0,1.0,0.11528,4.96,0.0025,
job,volume_only,31,every_k2,41,6,0.0,0.0,,0,0,0,6,0,0,,1.18996,51.22,4e-05,offset=0
job,volume_only,31,every_k3,41,6,0.0,0.0,,0,0,0,6,0,0,,0.79331,34.15,3e-05,offset=1
job,volume_only,31,every_k4,41,6,0.0,0.0,,0,0,0,6,0,0,,0.62331,26.83,2e-05,offset=0
job,volume_only,31,adwin,41,6,0.0,0.0,,0,0,0,6,0,0,,2.32325,100.0,2e-05,
job,volume_only,31,adwin_s,41,6,0.0,0.0,,0,0,0,6,0,0,,2.32325,100.0,2e-05,
job,volume_only,31,mcusum,41,6,1.0,1.0,0.0,0,0,6,6,0,0,1.0,2.32325,100.0,6e-05,
job,volume_only,31,sketch1,41,6,1.0,1.0,0.0,0,0,6,6,0,0,1.0,2.32325,100.0,0.00076,
job,volume_only,32,dci_v2_P1,41,6,1.0,1.0,0.0,0,0,6,6,1,0,1.0,2.32325,100.0,0.00122,
job,volume_only,32,dci_v2_P2,41,6,0.0,0.0,,0,0,0,6,1,1,0.4667,1.2528,53.92,0.00113,
job,volume_only,32,dci_v2_P4,41,6,0.0,0.0,,0,0,0,6,1,1,0.4381,0.76808,33.06,0.00107,
job,volume_only,32,dci_v2_P8,41,6,0.0,0.0,,0,0,0,6,1,1,0.5381,0.46035,19.82,0.00103,
job,volume_only,32,dci_v1,41,6,1.0,1.0,0.0,0,0,6,6,2,1,1.0,2.32325,100.0,0.0016,
job,volume_only,32,always_multiD,41,6,1.0,1.0,0.0,0,0,6,6,2,1,1.0,2.32325,100.0,0.00077,
job,volume_only,32,best_axis_oracle,41,6,1.0,1.0,0.0,0,0,6,6,0,0,1.0,0.00013,0.01,0.00293,S_V
job,volume_only,32,union4_raw,41,6,1.0,1.0,0.0,0,0,6,6,1,1,1.0,0.11528,4.96,0.00249,
job,volume_only,32,union4_bonf,41,6,1.0,1.0,0.0,0,0,6,6,0,0,1.0,0.11528,4.96,0.00245,
job,volume_only,32,every_k2,41,6,0.0,0.1667,1.0,0,0,0,6,2,1,,1.18996,51.22,4e-05,offset=0
job,volume_only,32,every_k3,41,6,0.0,0.1667,1.0,0,0,0,6,1,0,,0.79331,34.15,3e-05,offset=0
job,volume_only,32,every_k4,41,6,0.0,0.1667,1.0,0,0,0,6,2,1,,0.62331,26.83,2e-05,offset=0
job,volume_only,32,adwin,41,6,0.0,0.0,,0,0,0,6,0,0,,2.32325,100.0,2e-05,
job,volume_only,32,adwin_s,41,6,0.0,0.0,,0,0,0,6,0,0,,2.32325,100.0,2e-05,
job,volume_only,32,mcusum,41,6,1.0,1.0,0.0,0,0,6,6,0,0,1.0,2.32325,100.0,5e-05,
job,volume_only,32,sketch1,41,6,1.0,1.0,0.0,0,0,6,6,0,0,1.0,2.32325,100.0,0.00073,
job,volume_only,33,dci_v2_P1,41,6,1.0,1.0,0.0,0,0,6,6,21,9,1.0,2.32325,100.0,0.00124,
job,volume_only,33,dci_v2_P2,41,6,1.0,1.0,0.0,0,0,6,6,26,12,0.5952,1.25157,53.87,0.00112,
job,volume_only,33,dci_v2_P4,41,6,1.0,1.0,0.0,0,0,6,6,26,12,0.5952,0.74392,32.02,0.00107,
job,volume_only,33,dci_v2_P8,41,6,1.0,1.0,0.0,0,0,6,6,26,12,0.5952,0.4619,19.88,0.00104,
job,volume_only,33,dci_v1,41,6,1.0,1.0,0.0,0,0,6,6,21,9,1.0,2.32325,100.0,0.00161,
job,volume_only,33,always_multiD,41,6,1.0,1.0,0.0,0,0,6,6,20,8,1.0,2.32325,100.0,0.00078,
job,volume_only,33,best_axis_oracle,41,6,1.0,1.0,0.0,0,0,6,6,0,0,1.0,0.00013,0.01,0.00287,S_V
job,volume_only,33,union4_raw,41,6,1.0,1.0,0.0,0,0,6,6,28,14,1.0,0.11528,4.96,0.00247,
job,volume_only,33,union4_bonf,41,6,1.0,1.0,0.0,0,0,6,6,28,14,1.0,0.11528,4.96,0.0025,
job,volume_only,33,every_k2,41,6,1.0,1.0,0.0,0,0,6,6,7,4,,1.13329,48.78,4e-05,offset=1
job,volume_only,33,every_k3,41,6,1.0,1.0,0.0,0,0,6,6,5,0,,0.73664,31.71,3e-05,offset=2
job,volume_only,33,every_k4,41,6,0.0,0.6667,2.0,0,0,0,6,6,2,,0.56665,24.39,2e-05,offset=2
job,volume_only,33,adwin,41,6,0.0,0.0,,0,0,0,6,0,0,,2.32325,100.0,2e-05,
job,volume_only,33,adwin_s,41,6,0.0,0.0,,0,0,0,6,0,0,,2.32325,100.0,2e-05,
job,volume_only,33,mcusum,41,6,1.0,1.0,0.0,0,0,6,6,7,3,1.0,2.32325,100.0,5e-05,
job,volume_only,33,sketch1,41,6,1.0,1.0,0.0,0,0,6,6,24,11,1.0,2.32325,100.0,0.00077,
job,volume_only,34,dci_v2_P1,41,6,1.0,1.0,0.0,0,0,6,6,1,1,1.0,2.32325,100.0,0.0013,
job,volume_only,34,dci_v2_P2,41,6,0.0,0.3333,2.5,0,0,0,6,4,2,0.3048,1.2868,55.39,0.00115,
job,volume_only,34,dci_v2_P4,41,6,0.0,0.3333,2.0,0,0,0,6,5,2,0.2952,0.76812,33.06,0.00111,
job,volume_only,34,dci_v2_P8,41,6,0.0,0.3333,2.0,0,0,0,6,4,1,0.3667,0.46092,19.84,0.00108,
job,volume_only,34,dci_v1,41,6,1.0,1.0,0.0,0,0,6,6,1,1,1.0,2.32325,100.0,0.00169,
job,volume_only,34,always_multiD,41,6,1.0,1.0,0.0,0,0,6,6,0,0,1.0,2.32325,100.0,0.00081,
job,volume_only,34,best_axis_oracle,41,6,1.0,1.0,0.0,0,0,6,6,0,0,1.0,0.00013,0.01,0.00303,S_V
job,volume_only,34,union4_raw,41,6,1.0,1.0,0.0,0,0,6,6,5,2,1.0,0.11528,4.96,0.0025,
job,volume_only,34,union4_bonf,41,6,1.0,1.0,0.0,0,0,6,6,0,0,1.0,0.11528,4.96,0.0025,
job,volume_only,34,every_k2,41,6,0.0,0.0,,0,0,0,6,0,0,,1.18996,51.22,4e-05,offset=0
job,volume_only,34,every_k3,41,6,1.0,1.0,0.0,0,0,6,6,0,0,,0.73664,31.71,3e-05,offset=2
job,volume_only,34,every_k4,41,6,0.0,0.0,,0,0,0,6,0,0,,0.62331,26.83,3e-05,offset=0
job,volume_only,34,adwin,41,6,0.0,0.0,,0,0,0,6,0,0,,2.32325,100.0,2e-05,
job,volume_only,34,adwin_s,41,6,0.0,0.0,,0,0,0,6,0,0,,2.32325,100.0,2e-05,
job,volume_only,34,mcusum,41,6,1.0,1.0,0.0,0,0,6,6,0,0,1.0,2.32325,100.0,6e-05,
job,volume_only,34,sketch1,41,6,1.0,1.0,0.0,0,0,6,6,0,0,1.0,2.32325,100.0,0.00076,
job,volume_only,35,dci_v2_P1,41,6,1.0,1.0,0.0,0,0,6,6,1,1,1.0,2.32325,100.0,0.00122,
job,volume_only,35,dci_v2_P2,41,6,0.0,0.6667,1.75,0,0,0,6,6,2,0.3571,1.25704,54.11,0.00114,
job,volume_only,35,dci_v2_P4,41,6,0.0,0.6667,1.75,0,0,0,6,6,2,0.3619,0.75534,32.51,0.00107,
job,volume_only,35,dci_v2_P8,41,6,0.0,0.6667,1.75,0,0,0,6,6,2,0.419,0.50492,21.73,0.00104,
job,volume_only,35,dci_v1,41,6,1.0,1.0,0.0,0,0,6,6,1,1,1.0,2.32325,100.0,0.00164,
job,volume_only,35,always_multiD,41,6,1.0,1.0,0.0,0,0,6,6,0,0,1.0,2.32325,100.0,0.00076,
job,volume_only,35,best_axis_oracle,41,6,1.0,1.0,0.0,0,0,6,6,0,0,1.0,0.00013,0.01,0.00294,S_V
job,volume_only,35,union4_raw,41,6,1.0,1.0,0.0,0,0,6,6,6,2,1.0,0.11528,4.96,0.00252,
job,volume_only,35,union4_bonf,41,6,1.0,1.0,0.0,0,0,6,6,2,1,1.0,0.11528,4.96,0.00249,
job,volume_only,35,every_k2,41,6,0.0,0.0,,0,0,0,6,0,0,,1.18996,51.22,4e-05,offset=0
job,volume_only,35,every_k3,41,6,1.0,1.0,0.0,0,0,6,6,0,0,,0.73664,31.71,3e-05,offset=2
job,volume_only,35,every_k4,41,6,0.0,0.0,,0,0,0,6,0,0,,0.56665,24.39,2e-05,offset=2
job,volume_only,35,adwin,41,6,0.0,0.0,,0,0,0,6,0,0,,2.32325,100.0,2e-05,
job,volume_only,35,adwin_s,41,6,0.0,0.0,,0,0,0,6,0,0,,2.32325,100.0,2e-05,
job,volume_only,35,mcusum,41,6,1.0,1.0,0.0,0,0,6,6,0,0,1.0,2.32325,100.0,5e-05,
job,volume_only,35,sketch1,41,6,1.0,1.0,0.0,0,0,6,6,0,0,1.0,2.32325,100.0,0.00077,
job,volume_only,36,dci_v2_P1,41,6,1.0,1.0,0.0,0,0,6,6,1,1,1.0,2.32325,100.0,0.00127,
job,volume_only,36,dci_v2_P2,41,6,0.0,0.0,,0,0,0,6,2,2,0.2905,1.2528,53.92,0.00116,
job,volume_only,36,dci_v2_P4,41,6,0.0,0.0,,0,0,0,6,2,2,0.3429,0.75124,32.34,0.0011,
job,volume_only,36,dci_v2_P8,41,6,0.0,0.0,,0,0,0,6,2,2,0.3619,0.48582,20.91,0.00108,
job,volume_only,36,dci_v1,41,6,1.0,1.0,0.0,0,0,6,6,1,1,1.0,2.32325,100.0,0.00168,
job,volume_only,36,always_multiD,41,6,1.0,1.0,0.0,0,0,6,6,1,1,1.0,2.32325,100.0,0.0008,
job,volume_only,36,best_axis_oracle,41,6,1.0,1.0,0.0,0,0,6,6,0,0,1.0,0.00013,0.01,0.003,S_V
job,volume_only,36,union4_raw,41,6,1.0,1.0,0.0,0,0,6,6,3,3,1.0,0.11528,4.96,0.00252,
job,volume_only,36,union4_bonf,41,6,1.0,1.0,0.0,0,0,6,6,0,0,1.0,0.11528,4.96,0.00249,
job,volume_only,36,every_k2,41,6,0.0,0.0,,0,0,0,6,0,0,,1.18996,51.22,4e-05,offset=0
job,volume_only,36,every_k3,41,6,0.0,0.0,,0,0,0,6,1,1,,0.79331,34.15,3e-05,offset=0
job,volume_only,36,every_k4,41,6,0.5,0.5,0.0,0,0,3,6,0,0,,0.56665,24.39,2e-05,offset=1
job,volume_only,36,adwin,41,6,0.0,0.0,,0,0,0,6,0,0,,2.32325,100.0,2e-05,
job,volume_only,36,adwin_s,41,6,0.0,0.0,,0,0,0,6,0,0,,2.32325,100.0,2e-05,
job,volume_only,36,mcusum,41,6,1.0,1.0,0.0,0,0,6,6,0,0,1.0,2.32325,100.0,6e-05,
job,volume_only,36,sketch1,41,6,1.0,1.0,0.0,0,0,6,6,0,0,1.0,2.32325,100.0,0.00076,
job,volume_only,37,dci_v2_P1,41,6,1.0,1.0,0.0,0,0,6,6,1,1,1.0,2.32325,100.0,0.00122,
job,volume_only,37,dci_v2_P2,41,6,0.0,0.1667,1.0,0,0,0,6,2,1,0.3524,1.28463,55.29,0.00112,
job,volume_only,37,dci_v2_P4,41,6,0.0,0.1667,1.0,0,0,0,6,2,1,0.3524,0.79354,34.16,0.00108,
job,volume_only,37,dci_v2_P8,41,6,0.0,0.1667,1.0,0,0,0,6,2,1,0.1429,0.47521,20.45,0.00105,
job,volume_only,37,dci_v1,41,6,1.0,1.0,0.0,0,0,6,6,3,3,1.0,2.32325,100.0,0.00161,
job,volume_only,37,always_multiD,41,6,1.0,1.0,0.0,0,0,6,6,1,1,1.0,2.32325,100.0,0.00077,
job,volume_only,37,best_axis_oracle,41,6,1.0,1.0,0.0,0,0,6,6,0,0,1.0,0.00013,0.01,0.00291,S_V
job,volume_only,37,union4_raw,41,6,1.0,1.0,0.0,0,0,6,6,2,1,1.0,0.11528,4.96,0.00251,
job,volume_only,37,union4_bonf,41,6,1.0,1.0,0.0,0,0,6,6,0,0,1.0,0.11528,4.96,0.0025,
job,volume_only,37,every_k2,41,6,1.0,1.0,0.0,0,0,6,6,1,1,,1.13329,48.78,4e-05,offset=1
job,volume_only,37,every_k3,41,6,0.0,0.0,,0,0,0,6,0,0,,0.79331,34.15,3e-05,offset=1
job,volume_only,37,every_k4,41,6,0.5,0.5,0.0,0,0,3,6,0,0,,0.56665,24.39,2e-05,offset=3
job,volume_only,37,adwin,41,6,0.0,0.0,,0,0,0,6,0,0,,2.32325,100.0,2e-05,
job,volume_only,37,adwin_s,41,6,0.0,0.0,,0,0,0,6,0,0,,2.32325,100.0,2e-05,
job,volume_only,37,mcusum,41,6,1.0,1.0,0.0,0,0,6,6,0,0,1.0,2.32325,100.0,6e-05,
job,volume_only,37,sketch1,41,6,1.0,1.0,0.0,0,0,6,6,0,0,1.0,2.32325,100.0,0.00076,
job,volume_only,38,dci_v2_P1,41,6,1.0,1.0,0.0,0,0,6,6,2,2,1.0,2.32325,100.0,0.00123,
job,volume_only,38,dci_v2_P2,41,6,0.0,0.0,,0,0,0,6,0,0,0.4048,1.2528,53.92,0.00112,
job,volume_only,38,dci_v2_P4,41,6,0.0,0.0,,0,0,0,6,0,0,0.3857,0.7702,33.15,0.00107,
job,volume_only,38,dci_v2_P8,41,6,0.0,0.0,,0,0,0,6,0,0,0.4048,0.51553,22.19,0.00106,
job,volume_only,38,dci_v1,41,6,1.0,1.0,0.0,0,0,6,6,3,3,1.0,2.32325,100.0,0.00162,
job,volume_only,38,always_multiD,41,6,1.0,1.0,0.0,0,0,6,6,2,2,1.0,2.32325,100.0,0.00078,
job,volume_only,38,best_axis_oracle,41,6,1.0,1.0,0.0,0,0,6,6,0,0,1.0,0.00013,0.01,0.00292,S_V
job,volume_only,38,union4_raw,41,6,1.0,1.0,0.0,0,0,6,6,0,0,1.0,0.11528,4.96,0.00253,
job,volume_only,38,union4_bonf,41,6,1.0,1.0,0.0,0,0,6,6,0,0,1.0,0.11528,4.96,0.0025,
job,volume_only,38,every_k2,41,6,0.0,0.0,,0,0,0,6,0,0,,1.18996,51.22,4e-05,offset=0
job,volume_only,38,every_k3,41,6,1.0,1.0,0.0,0,0,6,6,0,0,,0.73664,31.71,3e-05,offset=2
job,volume_only,38,every_k4,41,6,0.0,0.0,,0,0,0,6,0,0,,0.56665,24.39,2e-05,offset=2
job,volume_only,38,adwin,41,6,0.0,0.0,,0,0,0,6,0,0,,2.32325,100.0,2e-05,
job,volume_only,38,adwin_s,41,6,0.0,0.0,,0,0,0,6,0,0,,2.32325,100.0,2e-05,
job,volume_only,38,mcusum,41,6,1.0,1.0,0.0,0,0,6,6,0,0,1.0,2.32325,100.0,6e-05,
job,volume_only,38,sketch1,41,6,1.0,1.0,0.0,0,0,6,6,0,0,1.0,2.32325,100.0,0.0008,
job,volume_only,39,dci_v2_P1,41,6,1.0,1.0,0.0,0,0,6,6,0,0,1.0,2.32325,100.0,0.00121,
job,volume_only,39,dci_v2_P2,41,6,0.3333,0.5,0.33,0,0,2,6,7,2,0.5429,1.28038,55.11,0.00112,
job,volume_only,39,dci_v2_P4,41,6,0.3333,0.5,0.33,0,0,2,6,7,2,0.5762,0.78718,33.88,0.00107,
job,volume_only,39,dci_v2_P8,41,6,0.3333,0.5,0.33,0,0,2,6,8,2,0.5333,0.51977,22.37,0.00104,
job,volume_only,39,dci_v1,41,6,1.0,1.0,0.0,0,0,6,6,1,1,1.0,2.32325,100.0,0.00164,
job,volume_only,39,always_multiD,41,6,1.0,1.0,0.0,0,0,6,6,0,0,1.0,2.32325,100.0,0.00077,
job,volume_only,39,best_axis_oracle,41,6,1.0,1.0,0.0,0,0,6,6,0,0,1.0,0.00013,0.01,0.00292,S_V
job,volume_only,39,union4_raw,41,6,1.0,1.0,0.0,0,0,6,6,9,3,1.0,0.11528,4.96,0.00252,
job,volume_only,39,union4_bonf,41,6,1.0,1.0,0.0,0,0,6,6,0,0,1.0,0.11528,4.96,0.00247,
job,volume_only,39,every_k2,41,6,0.0,0.0,,0,0,0,6,0,0,,1.18996,51.22,5e-05,offset=0
job,volume_only,39,every_k3,41,6,1.0,1.0,0.0,0,0,6,6,0,0,,0.73664,31.71,3e-05,offset=2
job,volume_only,39,every_k4,41,6,0.5,0.5,0.0,0,0,3,6,0,0,,0.56665,24.39,3e-05,offset=1
job,volume_only,39,adwin,41,6,0.0,0.0,,0,0,0,6,0,0,,2.32325,100.0,2e-05,
job,volume_only,39,adwin_s,41,6,0.0,0.0,,0,0,0,6,0,0,,2.32325,100.0,2e-05,
job,volume_only,39,mcusum,41,6,1.0,1.0,0.0,0,0,6,6,0,0,1.0,2.32325,100.0,6e-05,
job,volume_only,39,sketch1,41,6,1.0,1.0,0.0,0,0,6,6,0,0,1.0,2.32325,100.0,0.00076,
job,volume_only,40,dci_v2_P1,41,6,1.0,1.0,0.0,0,0,6,6,4,2,1.0,2.32325,100.0,0.00124,
job,volume_only,40,dci_v2_P2,41,6,0.0,0.3333,1.5,0,0,0,6,4,2,0.3619,1.25704,54.11,0.00112,
job,volume_only,40,dci_v2_P4,41,6,0.0,0.3333,1.5,0,0,0,6,4,2,0.3619,0.7511,32.33,0.00107,
job,volume_only,40,dci_v2_P8,41,6,0.0,0.3333,1.5,0,0,0,6,4,2,0.3619,0.47096,20.27,0.00103,
job,volume_only,40,dci_v1,41,6,1.0,1.0,0.0,0,0,6,6,5,3,1.0,2.32325,100.0,0.00162,
job,volume_only,40,always_multiD,41,6,1.0,1.0,0.0,0,0,6,6,4,2,1.0,2.32325,100.0,0.00075,
job,volume_only,40,best_axis_oracle,41,6,1.0,1.0,0.0,0,0,6,6,0,0,1.0,0.00013,0.01,0.00295,S_V
job,volume_only,40,union4_raw,41,6,1.0,1.0,0.0,0,0,6,6,5,2,1.0,0.11528,4.96,0.00249,
job,volume_only,40,union4_bonf,41,6,1.0,1.0,0.0,0,0,6,6,2,1,1.0,0.11528,4.96,0.00249,
job,volume_only,40,every_k2,41,6,1.0,1.0,0.0,0,0,6,6,3,2,,1.13329,48.78,4e-05,offset=1
job,volume_only,40,every_k3,41,6,0.0,0.1667,1.0,0,0,0,6,3,2,,0.79331,34.15,3e-05,offset=0
job,volume_only,40,every_k4,41,6,0.5,0.5,0.0,0,0,3,6,1,1,,0.56665,24.39,3e-05,offset=3
job,volume_only,40,adwin,41,6,0.0,0.0,,0,0,0,6,0,0,,2.32325,100.0,2e-05,
job,volume_only,40,adwin_s,41,6,0.0,0.0,,0,0,0,6,0,0,,2.32325,100.0,2e-05,
job,volume_only,40,mcusum,41,6,1.0,1.0,0.0,0,0,6,6,0,0,1.0,2.32325,100.0,5e-05,
job,volume_only,40,sketch1,41,6,1.0,1.0,0.0,0,0,6,6,0,0,1.0,2.32325,100.0,0.00075,
job,volume_only,41,dci_v2_P1,41,6,1.0,1.0,0.0,0,0,6,6,19,9,1.0,2.32325,100.0,0.00123,
job,volume_only,41,dci_v2_P2,41,6,1.0,1.0,0.0,0,0,6,6,25,12,0.6,1.25157,53.87,0.00115,
job,volume_only,41,dci_v2_P4,41,6,1.0,1.0,0.0,0,0,6,6,25,12,0.6,0.74392,32.02,0.00107,
job,volume_only,41,dci_v2_P8,41,6,1.0,1.0,0.0,0,0,6,6,25,12,0.6,0.4619,19.88,0.00104,
job,volume_only,41,dci_v1,41,6,1.0,1.0,0.0,0,0,6,6,19,9,1.0,2.32325,100.0,0.00163,
job,volume_only,41,always_multiD,41,6,1.0,1.0,0.0,0,0,6,6,19,9,1.0,2.32325,100.0,0.00076,
job,volume_only,41,best_axis_oracle,41,6,1.0,1.0,0.0,0,0,6,6,0,0,1.0,0.00013,0.01,0.00293,S_V
job,volume_only,41,union4_raw,41,6,1.0,1.0,0.0,0,0,6,6,27,14,1.0,0.11528,4.96,0.00251,
job,volume_only,41,union4_bonf,41,6,1.0,1.0,0.0,0,0,6,6,19,9,1.0,0.11528,4.96,0.0025,
job,volume_only,41,every_k2,41,6,0.0,0.6667,1.5,0,0,0,6,11,5,,1.18996,51.22,4e-05,offset=0
job,volume_only,41,every_k3,41,6,0.0,0.6667,2.0,0,0,0,6,8,4,,0.79331,34.15,3e-05,offset=1
job,volume_only,41,every_k4,41,6,0.5,1.0,1.0,0,0,3,6,5,2,,0.56665,24.39,3e-05,offset=3
job,volume_only,41,adwin,41,6,0.0,0.0,,0,0,0,6,0,0,,2.32325,100.0,2e-05,
job,volume_only,41,adwin_s,41,6,0.0,0.0,,0,0,0,6,0,0,,2.32325,100.0,2e-05,
job,volume_only,41,mcusum,41,6,1.0,1.0,0.0,0,0,6,6,4,2,1.0,2.32325,100.0,6e-05,
job,volume_only,41,sketch1,41,6,1.0,1.0,0.0,0,0,6,6,25,12,1.0,2.32325,100.0,0.00075,
job,volume_only,42,dci_v2_P1,41,6,1.0,1.0,0.0,0,0,6,6,3,3,1.0,2.32325,100.0,0.0013,
job,volume_only,42,dci_v2_P2,41,6,0.1667,0.3333,1.5,0,0,1,6,2,1,0.2857,1.28675,55.39,0.00113,
job,volume_only,42,dci_v2_P4,41,6,0.1667,0.3333,1.5,0,0,1,6,2,1,0.3143,0.7893,33.97,0.00108,
job,volume_only,42,dci_v2_P8,41,6,0.1667,0.3333,1.5,0,0,1,6,2,1,0.3048,0.53038,22.83,0.00104,
job,volume_only,42,dci_v1,41,6,1.0,1.0,0.0,0,0,6,6,2,2,1.0,2.32325,100.0,0.00162,
job,volume_only,42,always_multiD,41,6,1.0,1.0,0.0,0,0,6,6,2,2,1.0,2.32325,100.0,0.00076,
job,volume_only,42,best_axis_oracle,41,6,1.0,1.0,0.0,0,0,6,6,0,0,1.0,0.00013,0.01,0.00293,S_V
job,volume_only,42,union4_raw,41,6,1.0,1.0,0.0,0,0,6,6,6,4,1.0,0.11528,4.96,0.0025,
job,volume_only,42,union4_bonf,41,6,1.0,1.0,0.0,0,0,6,6,1,1,1.0,0.11528,4.96,0.00249,
job,volume_only,42,every_k2,41,6,0.0,0.0,,0,0,0,6,2,2,,1.18996,51.22,7e-05,offset=0
job,volume_only,42,every_k3,41,6,1.0,1.0,0.0,0,0,6,6,0,0,,0.73664,31.71,3e-05,offset=2
job,volume_only,42,every_k4,41,6,0.5,0.5,0.0,0,0,3,6,0,0,,0.56665,24.39,2e-05,offset=1
job,volume_only,42,adwin,41,6,0.0,0.0,,0,0,0,6,0,0,,2.32325,100.0,3e-05,
job,volume_only,42,adwin_s,41,6,0.0,0.0,,0,0,0,6,0,0,,2.32325,100.0,2e-05,
job,volume_only,42,mcusum,41,6,1.0,1.0,0.0,0,0,6,6,0,0,1.0,2.32325,100.0,6e-05,
job,volume_only,42,sketch1,41,6,1.0,1.0,0.0,0,0,6,6,0,0,1.0,2.32325,100.0,0.00075,
job,volume_only,43,dci_v2_P1,41,6,1.0,1.0,0.0,0,0,6,6,0,0,1.0,2.32325,100.0,0.00128,
job,volume_only,43,dci_v2_P2,41,6,0.0,0.1667,2.0,0,0,0,6,1,0,0.5857,1.25916,54.2,0.00115,
job,volume_only,43,dci_v2_P4,41,6,0.0,0.1667,2.0,0,0,0,6,1,0,0.6048,0.77657,33.43,0.00108,
job,volume_only,43,dci_v2_P8,41,6,0.0,0.1667,2.0,0,0,0,6,1,0,0.6048,0.50067,21.55,0.00106,
job,volume_only,43,dci_v1,41,6,1.0,1.0,0.0,0,0,6,6,0,0,1.0,2.32325,100.0,0.00166,
job,volume_only,43,always_multiD,41,6,1.0,1.0,0.0,0,0,6,6,0,0,1.0,2.32325,100.0,0.00078,
job,volume_only,43,best_axis_oracle,41,6,1.0,1.0,0.0,0,0,6,6,0,0,1.0,0.00013,0.01,0.00292,S_V
job,volume_only,43,union4_raw,41,6,1.0,1.0,0.0,0,0,6,6,2,1,1.0,0.11528,4.96,0.0025,
job,volume_only,43,union4_bonf,41,6,1.0,1.0,0.0,0,0,6,6,0,0,1.0,0.11528,4.96,0.00249,
job,volume_only,43,every_k2,41,6,0.0,0.0,,0,0,0,6,0,0,,1.18996,51.22,5e-05,offset=0
job,volume_only,43,every_k3,41,6,0.0,0.0,,0,0,0,6,0,0,,0.79331,34.15,3e-05,offset=1
job,volume_only,43,every_k4,41,6,0.0,0.0,,0,0,0,6,0,0,,0.62331,26.83,3e-05,offset=0
job,volume_only,43,adwin,41,6,0.0,0.0,,0,0,0,6,0,0,,2.32325,100.0,2e-05,
job,volume_only,43,adwin_s,41,6,0.0,0.0,,0,0,0,6,0,0,,2.32325,100.0,2e-05,
job,volume_only,43,mcusum,41,6,1.0,1.0,0.0,0,0,6,6,0,0,1.0,2.32325,100.0,6e-05,
job,volume_only,43,sketch1,41,6,1.0,1.0,0.0,0,0,6,6,0,0,1.0,2.32325,100.0,0.00076,
job,volume_only,44,dci_v2_P1,41,6,1.0,1.0,0.0,0,0,6,6,1,0,1.0,2.32325,100.0,0.00128,
job,volume_only,44,dci_v2_P2,41,6,0.0,0.0,,0,0,0,6,0,0,0.5786,1.25157,53.87,0.00114,
job,volume_only,44,dci_v2_P4,41,6,0.0,0.0,,0,0,0,6,0,0,0.5786,0.74392,32.02,0.00107,
job,volume_only,44,dci_v2_P8,41,6,0.0,0.0,,0,0,0,6,0,0,0.5929,0.46157,19.87,0.00105,
job,volume_only,44,dci_v1,41,6,1.0,1.0,0.0,0,0,6,6,2,1,1.0,2.32325,100.0,0.00165,
job,volume_only,44,always_multiD,41,6,1.0,1.0,0.0,0,0,6,6,1,0,1.0,2.32325,100.0,0.00078,
job,volume_only,44,best_axis_oracle,41,6,1.0,1.0,0.0,0,0,6,6,0,0,1.0,0.00013,0.01,0.00296,S_V
job,volume_only,44,union4_raw,41,6,1.0,1.0,0.0,0,0,6,6,1,0,1.0,0.11528,4.96,0.00252,
job,volume_only,44,union4_bonf,41,6,1.0,1.0,0.0,0,0,6,6,0,0,1.0,0.11528,4.96,0.00252,
job,volume_only,44,every_k2,41,6,0.0,0.1667,3.0,0,0,0,6,1,0,,1.18996,51.22,5e-05,offset=0
job,volume_only,44,every_k3,41,6,1.0,1.0,0.0,0,0,6,6,1,0,,0.73664,31.71,3e-05,offset=2
job,volume_only,44,every_k4,41,6,0.5,0.5,0.0,0,0,3,6,0,0,,0.56665,24.39,2e-05,offset=3
job,volume_only,44,adwin,41,6,0.0,0.0,,0,0,0,6,0,0,,2.32325,100.0,2e-05,
job,volume_only,44,adwin_s,41,6,0.0,0.0,,0,0,0,6,0,0,,2.32325,100.0,2e-05,
job,volume_only,44,mcusum,41,6,1.0,1.0,0.0,0,0,6,6,0,0,1.0,2.32325,100.0,5e-05,
job,volume_only,44,sketch1,41,6,1.0,1.0,0.0,0,0,6,6,1,1,1.0,2.32325,100.0,0.00078,
job,volume_only,45,dci_v2_P1,41,6,1.0,1.0,0.0,0,0,6,6,2,1,1.0,2.32325,100.0,0.00123,
job,volume_only,45,dci_v2_P2,41,6,0.0,0.1667,1.0,0,0,0,6,2,1,0.4429,1.25067,53.83,0.00112,
job,volume_only,45,dci_v2_P4,41,6,0.0,0.1667,1.0,0,0,0,6,2,1,0.4429,0.74261,31.96,0.00107,
job,volume_only,45,dci_v2_P8,41,6,0.0,0.1667,1.0,0,0,0,6,2,1,0.4429,0.46035,19.82,0.00104,
job,volume_only,45,dci_v1,41,6,1.0,1.0,0.0,0,0,6,6,3,2,1.0,2.32325,100.0,0.00164,
job,volume_only,45,always_multiD,41,6,1.0,1.0,0.0,0,0,6,6,2,1,1.0,2.32325,100.0,0.00074,
job,volume_only,45,best_axis_oracle,41,6,1.0,1.0,0.0,0,0,6,6,0,0,1.0,0.00013,0.01,0.00292,S_V
job,volume_only,45,union4_raw,41,6,1.0,1.0,0.0,0,0,6,6,2,1,1.0,0.11528,4.96,0.00249,
job,volume_only,45,union4_bonf,41,6,1.0,1.0,0.0,0,0,6,6,2,1,1.0,0.11528,4.96,0.00248,
job,volume_only,45,every_k2,41,6,1.0,1.0,0.0,0,0,6,6,1,1,,1.13329,48.78,5e-05,offset=1
job,volume_only,45,every_k3,41,6,0.0,0.0,,0,0,0,6,0,0,,0.79331,34.15,3e-05,offset=1
job,volume_only,45,every_k4,41,6,0.5,0.5,0.0,0,0,3,6,0,0,,0.56665,24.39,2e-05,offset=1
job,volume_only,45,adwin,41,6,0.0,0.0,,0,0,0,6,0,0,,2.32325,100.0,2e-05,
job,volume_only,45,adwin_s,41,6,0.0,0.0,,0,0,0,6,0,0,,2.32325,100.0,2e-05,
job,volume_only,45,mcusum,41,6,1.0,1.0,0.0,0,0,6,6,0,0,1.0,2.32325,100.0,5e-05,
job,volume_only,45,sketch1,41,6,1.0,1.0,0.0,0,0,6,6,0,0,1.0,2.32325,100.0,0.00078,
job,volume_only,46,dci_v2_P1,41,6,1.0,1.0,0.0,0,0,6,6,0,0,1.0,2.32325,100.0,0.00126,
job,volume_only,46,dci_v2_P2,41,6,0.0,0.0,,0,0,0,6,0,0,0.3238,1.25067,53.83,0.00115,
job,volume_only,46,dci_v2_P4,41,6,0.0,0.0,,0,0,0,6,0,0,0.3238,0.74261,31.96,0.00109,
job,volume_only,46,dci_v2_P8,41,6,0.0,0.0,,0,0,0,6,0,0,0.3238,0.46035,19.82,0.00107,
job,volume_only,46,dci_v1,41,6,1.0,1.0,0.0,0,0,6,6,1,1,1.0,2.32325,100.0,0.00165,
job,volume_only,46,always_multiD,41,6,1.0,1.0,0.0,0,0,6,6,0,0,1.0,2.32325,100.0,0.00076,
job,volume_only,46,best_axis_oracle,41,6,1.0,1.0,0.0,0,0,6,6,0,0,1.0,0.00013,0.01,0.00296,S_V
job,volume_only,46,union4_raw,41,6,1.0,1.0,0.0,0,0,6,6,0,0,1.0,0.11528,4.96,0.00255,
job,volume_only,46,union4_bonf,41,6,1.0,1.0,0.0,0,0,6,6,0,0,1.0,0.11528,4.96,0.00254,
job,volume_only,46,every_k2,41,6,1.0,1.0,0.0,0,0,6,6,0,0,,1.13329,48.78,5e-05,offset=1
job,volume_only,46,every_k3,41,6,0.0,0.0,,0,0,0,6,0,0,,0.79331,34.15,3e-05,offset=1
job,volume_only,46,every_k4,41,6,0.0,0.0,,0,0,0,6,0,0,,0.56665,24.39,3e-05,offset=2
job,volume_only,46,adwin,41,6,0.0,0.0,,0,0,0,6,0,0,,2.32325,100.0,2e-05,
job,volume_only,46,adwin_s,41,6,0.0,0.0,,0,0,0,6,0,0,,2.32325,100.0,2e-05,
job,volume_only,46,mcusum,41,6,1.0,1.0,0.0,0,0,6,6,0,0,1.0,2.32325,100.0,6e-05,
job,volume_only,46,sketch1,41,6,1.0,1.0,0.0,0,0,6,6,0,0,1.0,2.32325,100.0,0.00077,
job,volume_only,47,dci_v2_P1,41,6,1.0,1.0,0.0,0,0,6,6,1,1,1.0,2.32325,100.0,0.00125,
job,volume_only,47,dci_v2_P2,41,6,0.0,0.0,,0,0,0,6,2,2,0.481,1.25492,54.02,0.00113,
job,volume_only,47,dci_v2_P4,41,6,0.0,0.0,,0,0,0,6,1,1,0.4714,0.76383,32.88,0.00108,
job,volume_only,47,dci_v2_P8,41,6,0.0,0.0,,0,0,0,6,1,1,0.4714,0.48582,20.91,0.00104,
job,volume_only,47,dci_v1,41,6,1.0,1.0,0.0,0,0,6,6,1,1,1.0,2.32325,100.0,0.00163,
job,volume_only,47,always_multiD,41,6,1.0,1.0,0.0,0,0,6,6,1,1,1.0,2.32325,100.0,0.00077,
job,volume_only,47,best_axis_oracle,41,6,1.0,1.0,0.0,0,0,6,6,0,0,1.0,0.00013,0.01,0.00296,S_V
job,volume_only,47,union4_raw,41,6,1.0,1.0,0.0,0,0,6,6,2,2,1.0,0.11528,4.96,0.00252,
job,volume_only,47,union4_bonf,41,6,1.0,1.0,0.0,0,0,6,6,0,0,1.0,0.11528,4.96,0.00251,
job,volume_only,47,every_k2,41,6,1.0,1.0,0.0,0,0,6,6,0,0,,1.13329,48.78,4e-05,offset=1
job,volume_only,47,every_k3,41,6,1.0,1.0,0.0,0,0,6,6,0,0,,0.73664,31.71,3e-05,offset=2
job,volume_only,47,every_k4,41,6,0.5,0.5,0.0,0,0,3,6,0,0,,0.56665,24.39,2e-05,offset=1
job,volume_only,47,adwin,41,6,0.0,0.0,,0,0,0,6,0,0,,2.32325,100.0,2e-05,
job,volume_only,47,adwin_s,41,6,0.0,0.0,,0,0,0,6,0,0,,2.32325,100.0,2e-05,
job,volume_only,47,mcusum,41,6,1.0,1.0,0.0,0,0,6,6,0,0,1.0,2.32325,100.0,6e-05,
job,volume_only,47,sketch1,41,6,1.0,1.0,0.0,0,0,6,6,0,0,1.0,2.32325,100.0,0.00077,
job,volume_only,48,dci_v2_P1,41,6,1.0,1.0,0.0,0,0,6,6,1,1,1.0,2.32325,100.0,0.00126,
job,volume_only,48,dci_v2_P2,41,6,0.0,0.6667,1.5,0,0,0,6,7,1,0.2,1.26553,54.47,0.00114,
job,volume_only,48,dci_v2_P4,41,6,0.0,0.6667,1.5,0,0,0,6,7,1,0.2,0.76808,33.06,0.00106,
job,volume_only,48,dci_v2_P8,41,6,0.0,0.6667,1.5,0,0,0,6,7,1,0.2238,0.49006,21.09,0.00106,
job,volume_only,48,dci_v1,41,6,1.0,1.0,0.0,0,0,6,6,1,1,1.0,2.32325,100.0,0.00163,
job,volume_only,48,always_multiD,41,6,1.0,1.0,0.0,0,0,6,6,0,0,1.0,2.32325,100.0,0.00078,
job,volume_only,48,best_axis_oracle,41,6,1.0,1.0,0.0,0,0,6,6,0,0,1.0,0.00013,0.01,0.00293,S_V
job,volume_only,48,union4_raw,41,6,1.0,1.0,0.0,0,0,6,6,7,1,1.0,0.11528,4.96,0.00251,
job,volume_only,48,union4_bonf,41,6,1.0,1.0,0.0,0,0,6,6,1,0,1.0,0.11528,4.96,0.0025,
job,volume_only,48,every_k2,41,6,0.0,0.0,,0,0,0,6,0,0,,1.18996,51.22,5e-05,offset=0
job,volume_only,48,every_k3,41,6,0.0,0.0,,0,0,0,6,0,0,,0.79331,34.15,3e-05,offset=1
job,volume_only,48,every_k4,41,6,0.5,0.5,0.0,0,0,3,6,0,0,,0.56665,24.39,3e-05,offset=1
job,volume_only,48,adwin,41,6,0.0,0.0,,0,0,0,6,0,0,,2.32325,100.0,2e-05,
job,volume_only,48,adwin_s,41,6,0.0,0.0,,0,0,0,6,0,0,,2.32325,100.0,2e-05,
job,volume_only,48,mcusum,41,6,1.0,1.0,0.0,0,0,6,6,0,0,1.0,2.32325,100.0,6e-05,
job,volume_only,48,sketch1,41,6,1.0,1.0,0.0,0,0,6,6,0,0,1.0,2.32325,100.0,0.00075,
job,volume_only,49,dci_v2_P1,41,6,1.0,1.0,0.0,0,0,6,6,4,4,1.0,2.32325,100.0,0.0012,
job,volume_only,49,dci_v2_P2,41,6,0.0,0.5,2.0,0,0,0,6,6,2,0.4619,1.291,55.57,0.00115,
job,volume_only,49,dci_v2_P4,41,6,0.0,0.5,2.0,0,0,0,6,6,2,0.4619,0.80203,34.52,0.00108,
job,volume_only,49,dci_v2_P8,41,6,0.0,0.5,2.0,0,0,0,6,6,2,0.4619,0.53038,22.83,0.00104,
job,volume_only,49,dci_v1,41,6,1.0,1.0,0.0,0,0,6,6,4,4,1.0,2.32325,100.0,0.00165,
job,volume_only,49,always_multiD,41,6,1.0,1.0,0.0,0,0,6,6,2,2,1.0,2.32325,100.0,0.00075,
job,volume_only,49,best_axis_oracle,41,6,1.0,1.0,0.0,0,0,6,6,0,0,1.0,0.00013,0.01,0.00292,S_V
job,volume_only,49,union4_raw,41,6,1.0,1.0,0.0,0,0,6,6,6,2,1.0,0.11528,4.96,0.00253,
job,volume_only,49,union4_bonf,41,6,1.0,1.0,0.0,0,0,6,6,2,1,1.0,0.11528,4.96,0.00251,
job,volume_only,49,every_k2,41,6,1.0,1.0,0.0,0,0,6,6,0,0,,1.13329,48.78,4e-05,offset=1
job,volume_only,49,every_k3,41,6,0.0,0.0,,0,0,0,6,2,2,,0.79331,34.15,3e-05,offset=1
job,volume_only,49,every_k4,41,6,0.0,0.0,,0,0,0,6,2,2,,0.56665,24.39,2e-05,offset=2
job,volume_only,49,adwin,41,6,0.0,0.0,,0,0,0,6,0,0,,2.32325,100.0,2e-05,
job,volume_only,49,adwin_s,41,6,0.0,0.0,,0,0,0,6,0,0,,2.32325,100.0,2e-05,
job,volume_only,49,mcusum,41,6,1.0,1.0,0.0,0,0,6,6,0,0,1.0,2.32325,100.0,6e-05,
job,volume_only,49,sketch1,41,6,1.0,1.0,0.0,0,0,6,6,0,0,1.0,2.32325,100.0,0.00076,
job,mixed,0,dci_v2_P1,41,6,1.0,1.0,0.0,3,3,3,3,2,1,1.0,2.32325,100.0,0.00134,
job,mixed,0,dci_v2_P2,41,6,0.3333,0.3333,0.0,2,3,0,3,0,0,0.619,1.30764,56.28,0.00119,
job,mixed,0,dci_v2_P4,41,6,0.3333,0.3333,0.0,2,3,0,3,3,2,0.5905,0.74261,31.96,0.0011,
job,mixed,0,dci_v2_P8,41,6,0.1667,0.1667,0.0,1,3,0,3,3,2,0.5619,0.47521,20.45,0.00107,
job,mixed,0,dci_v1,41,6,1.0,1.0,0.0,3,3,3,3,4,3,1.0,2.32325,100.0,0.0017,
job,mixed,0,always_multiD,41,6,1.0,1.0,0.0,3,3,3,3,2,1,1.0,2.32325,100.0,0.00078,
job,mixed,0,best_axis_oracle,41,6,0.5,0.5,0.0,0,3,3,3,0,0,0.75,0.00013,0.01,0.00298,S_V
job,mixed,0,union4_raw,41,6,1.0,1.0,0.0,3,3,3,3,3,2,1.0,0.11528,4.96,0.00255,
job,mixed,0,union4_bonf,41,6,1.0,1.0,0.0,3,3,3,3,2,2,1.0,0.11528,4.96,0.00255,
job,mixed,0,every_k2,41,6,1.0,1.0,0.0,3,3,3,3,1,1,,1.13329,48.78,6e-05,offset=1
job,mixed,0,every_k3,41,6,0.0,0.0,,0,3,0,3,0,0,,0.79331,34.15,3e-05,offset=1
job,mixed,0,every_k4,41,6,0.5,0.5,0.0,3,3,0,3,1,1,,0.56665,24.39,3e-05,offset=1
job,mixed,0,adwin,41,6,0.0,0.0,,0,3,0,3,0,0,,2.32325,100.0,4e-05,
job,mixed,0,adwin_s,41,6,0.0,0.0,,0,3,0,3,0,0,,2.32325,100.0,2e-05,
job,mixed,0,mcusum,41,6,1.0,1.0,0.0,3,3,3,3,0,0,1.0,2.32325,100.0,6e-05,
job,mixed,0,sketch1,41,6,1.0,1.0,0.0,3,3,3,3,0,0,1.0,2.32325,100.0,0.00079,
job,mixed,1,dci_v2_P1,41,6,1.0,1.0,0.0,3,3,3,3,2,1,1.0,2.32325,100.0,0.00127,
job,mixed,1,dci_v2_P2,41,6,0.3333,0.6667,1.0,2,3,0,3,3,1,0.6143,1.25511,54.02,0.00114,
job,mixed,1,dci_v2_P4,41,6,0.3333,0.6667,1.0,2,3,0,3,3,1,0.6786,0.7494,32.26,0.0011,
job,mixed,1,dci_v2_P8,41,6,0.1667,0.3333,1.5,1,3,0,3,2,1,0.681,0.49006,21.09,0.00105,
job,mixed,1,dci_v1,41,6,1.0,1.0,0.0,3,3,3,3,2,1,1.0,2.32325,100.0,0.00163,
job,mixed,1,always_multiD,41,6,1.0,1.0,0.0,3,3,3,3,2,1,1.0,2.32325,100.0,0.00078,
job,mixed,1,best_axis_oracle,41,6,0.5,0.6667,0.25,3,3,0,3,3,0,0.769,0.01066,0.46,0.00291,S_A
job,mixed,1,union4_raw,41,6,1.0,1.0,0.0,3,3,3,3,5,1,1.0,0.11528,4.96,0.0025,
job,mixed,1,union4_bonf,41,6,1.0,1.0,0.0,3,3,3,3,1,1,1.0,0.11528,4.96,0.00247,
job,mixed,1,every_k2,41,6,1.0,1.0,0.0,3,3,3,3,0,0,,1.13329,48.78,5e-05,offset=1
job,mixed,1,every_k3,41,6,0.0,0.0,,0,3,0,3,1,1,,0.79331,34.15,3e-05,offset=1
job,mixed,1,every_k4,41,6,0.0,0.1667,3.0,0,3,0,3,1,0,,0.56665,24.39,3e-05,offset=2
job,mixed,1,adwin,41,6,0.0,0.0,,0,3,0,3,0,0,,2.32325,100.0,2e-05,
job,mixed,1,adwin_s,41,6,0.0,0.0,,0,3,0,3,0,0,,2.32325,100.0,2e-05,
job,mixed,1,mcusum,41,6,1.0,1.0,0.0,3,3,3,3,0,0,1.0,2.32325,100.0,5e-05,
job,mixed,1,sketch1,41,6,1.0,1.0,0.0,3,3,3,3,2,0,1.0,2.32325,100.0,0.00077,
job,mixed,2,dci_v2_P1,41,6,1.0,1.0,0.0,3,3,3,3,15,7,1.0,2.32325,100.0,0.00127,
job,mixed,2,dci_v2_P2,41,6,1.0,1.0,0.0,3,3,3,3,18,9,0.8762,1.25157,53.87,0.00117,
job,mixed,2,dci_v2_P4,41,6,1.0,1.0,0.0,3,3,3,3,18,9,0.8762,0.74392,32.02,0.0011,
job,mixed,2,dci_v2_P8,41,6,1.0,1.0,0.0,3,3,3,3,18,9,0.8762,0.4619,19.88,0.00106,
job,mixed,2,dci_v1,41,6,1.0,1.0,0.0,3,3,3,3,15,7,1.0,2.32325,100.0,0.00169,
job,mixed,2,always_multiD,41,6,1.0,1.0,0.0,3,3,3,3,18,9,1.0,2.32325,100.0,0.00077,
job,mixed,2,best_axis_oracle,41,6,1.0,1.0,0.0,3,3,3,3,18,9,0.8714,0.01066,0.46,0.00296,S_A
job,mixed,2,union4_raw,41,6,1.0,1.0,0.0,3,3,3,3,19,10,1.0,0.11528,4.96,0.00255,
job,mixed,2,union4_bonf,41,6,1.0,1.0,0.0,3,3,3,3,19,10,1.0,0.11528,4.96,0.00253,
job,mixed,2,every_k2,41,6,1.0,1.0,0.0,3,3,3,3,7,4,,1.13329,48.78,4e-05,offset=1
job,mixed,2,every_k3,41,6,1.0,1.0,0.0,3,3,3,3,2,0,,0.73664,31.71,3e-05,offset=2
job,mixed,2,every_k4,41,6,0.5,0.8333,0.8,0,3,3,3,4,2,,0.56665,24.39,3e-05,offset=3
job,mixed,2,adwin,41,6,0.0,0.0,,0,3,0,3,0,0,,2.32325,100.0,2e-05,
job,mixed,2,adwin_s,41,6,0.0,0.0,,0,3,0,3,0,0,,2.32325,100.0,2e-05,
job,mixed,2,mcusum,41,6,0.8333,1.0,0.5,2,3,3,3,3,1,0.981,2.32325,100.0,6e-05,
job,mixed,2,sketch1,41,6,1.0,1.0,0.0,3,3,3,3,16,8,1.0,2.32325,100.0,0.00078,
job,mixed,3,dci_v2_P1,41,6,1.0,1.0,0.0,3,3,3,3,9,7,1.0,2.32325,100.0,0.00121,
job,mixed,3,dci_v2_P2,41,6,0.3333,0.6667,1.0,2,3,0,3,10,8,0.5357,1.26194,54.32,0.00115,
job,mixed,3,dci_v2_P4,41,6,0.6667,0.8333,0.6,3,3,1,3,9,7,0.8214,0.74392,32.02,0.00109,
job,mixed,3,dci_v2_P8,41,6,0.6667,0.8333,0.6,3,3,1,3,9,7,0.8214,0.4619,19.88,0.00106,
job,mixed,3,dci_v1,41,6,1.0,1.0,0.0,3,3,3,3,9,7,1.0,2.32325,100.0,0.00166,
job,mixed,3,always_multiD,41,6,1.0,1.0,0.0,3,3,3,3,10,7,1.0,2.32325,100.0,0.00078,
job,mixed,3,best_axis_oracle,41,6,0.6667,0.8333,0.6,3,3,1,3,10,8,0.8167,0.01066,0.46,0.0029,S_A
job,mixed,3,union4_raw,41,6,1.0,1.0,0.0,3,3,3,3,15,10,1.0,0.11528,4.96,0.0025,
job,mixed,3,union4_bonf,41,6,1.0,1.0,0.0,3,3,3,3,12,9,1.0,0.11528,4.96,0.00249,
job,mixed,3,every_k2,41,6,1.0,1.0,0.0,3,3,3,3,4,4,,1.13329,48.78,4e-05,offset=1
job,mixed,3,every_k3,41,6,0.0,0.3333,1.0,0,3,0,3,5,3,,0.79331,34.15,3e-05,offset=0
job,mixed,3,every_k4,41,6,0.0,0.1667,1.0,0,3,0,3,3,2,,0.62331,26.83,2e-05,offset=0
job,mixed,3,adwin,41,6,0.0,0.0,,0,3,0,3,0,0,,2.32325,100.0,2e-05,
job,mixed,3,adwin_s,41,6,0.0,0.0,,0,3,0,3,0,0,,2.32325,100.0,2e-05,
job,mixed,3,mcusum,41,6,1.0,1.0,0.0,3,3,3,3,2,1,1.0,2.32325,100.0,6e-05,
job,mixed,3,sketch1,41,6,1.0,1.0,0.0,3,3,3,3,10,8,1.0,2.32325,100.0,0.00077,
job,mixed,4,dci_v2_P1,41,6,1.0,1.0,0.0,3,3,3,3,13,7,1.0,2.32325,100.0,0.00122,
job,mixed,4,dci_v2_P2,41,6,0.8333,1.0,0.5,3,3,2,3,16,8,0.8119,1.25157,53.87,0.0011,
job,mixed,4,dci_v2_P4,41,6,0.8333,1.0,0.5,3,3,2,3,16,8,0.8119,0.74392,32.02,0.00105,
job,mixed,4,dci_v2_P8,41,6,0.8333,1.0,0.5,3,3,2,3,16,8,0.8119,0.4619,19.88,0.00101,
job,mixed,4,dci_v1,41,6,1.0,1.0,0.0,3,3,3,3,13,7,1.0,2.32325,100.0,0.00162,
job,mixed,4,always_multiD,41,6,1.0,1.0,0.0,3,3,3,3,12,6,1.0,2.32325,100.0,0.00076,
job,mixed,4,best_axis_oracle,41,6,0.8333,1.0,0.5,3,3,2,3,17,9,0.8071,0.01066,0.46,0.00284,S_A
job,mixed,4,union4_raw,41,6,1.0,1.0,0.0,3,3,3,3,17,9,1.0,0.11528,4.96,0.00261,
job,mixed,4,union4_bonf,41,6,1.0,1.0,0.0,3,3,3,3,15,9,1.0,0.11528,4.96,0.00256,
job,mixed,4,every_k2,41,6,0.0,0.6667,2.0,0,3,0,3,8,3,,1.18996,51.22,5e-05,offset=0
job,mixed,4,every_k3,41,6,0.0,0.3333,1.0,0,3,0,3,5,3,,0.79331,34.15,3e-05,offset=0
job,mixed,4,every_k4,41,6,0.5,0.5,0.0,3,3,0,3,1,1,,0.56665,24.39,3e-05,offset=1
job,mixed,4,adwin,41,6,0.0,0.0,,0,3,0,3,0,0,,2.32325,100.0,2e-05,
job,mixed,4,adwin_s,41,6,0.0,0.0,,0,3,0,3,0,0,,2.32325,100.0,2e-05,
job,mixed,4,mcusum,41,6,1.0,1.0,0.0,3,3,3,3,1,1,1.0,2.32325,100.0,6e-05,
job,mixed,4,sketch1,41,6,1.0,1.0,0.0,3,3,3,3,16,8,1.0,2.32325,100.0,0.00074,
job,mixed,5,dci_v2_P1,41,6,1.0,1.0,0.0,3,3,3,3,2,1,1.0,2.32325,100.0,0.0012,
job,mixed,5,dci_v2_P2,41,6,0.1667,0.6667,1.25,1,3,0,3,5,1,0.6905,1.26133,54.29,0.00108,
job,mixed,5,dci_v2_P4,41,6,0.1667,0.5,0.67,1,3,0,3,4,1,0.6286,0.76812,33.06,0.00103,
job,mixed,5,dci_v2_P8,41,6,0.5,0.6667,0.25,3,3,0,3,3,1,0.681,0.46124,19.85,0.00099,
job,mixed,5,dci_v1,41,6,1.0,1.0,0.0,3,3,3,3,2,1,1.0,2.32325,100.0,0.00158,
job,mixed,5,always_multiD,41,6,1.0,1.0,0.0,3,3,3,3,2,1,1.0,2.32325,100.0,0.00072,
job,mixed,5,best_axis_oracle,41,6,0.5,0.5,0.0,0,3,3,3,0,0,0.75,0.00013,0.01,0.00277,S_V
job,mixed,5,union4_raw,41,6,1.0,1.0,0.0,3,3,3,3,5,1,1.0,0.11528,4.96,0.00246,
job,mixed,5,union4_bonf,41,6,1.0,1.0,0.0,3,3,3,3,2,1,1.0,0.11528,4.96,0.00242,
job,mixed,5,every_k2,41,6,1.0,1.0,0.0,3,3,3,3,0,0,,1.13329,48.78,4e-05,offset=1
job,mixed,5,every_k3,41,6,1.0,1.0,0.0,3,3,3,3,1,0,,0.73664,31.71,3e-05,offset=2
job,mixed,5,every_k4,41,6,0.0,0.1667,3.0,0,3,0,3,1,0,,0.56665,24.39,3e-05,offset=2
job,mixed,5,adwin,41,6,0.0,0.0,,0,3,0,3,0,0,,2.32325,100.0,2e-05,
job,mixed,5,adwin_s,41,6,0.0,0.0,,0,3,0,3,0,0,,2.32325,100.0,2e-05,
job,mixed,5,mcusum,41,6,1.0,1.0,0.0,3,3,3,3,0,0,1.0,2.32325,100.0,6e-05,
job,mixed,5,sketch1,41,6,1.0,1.0,0.0,3,3,3,3,0,0,1.0,2.32325,100.0,0.00074,
job,mixed,6,dci_v2_P1,41,6,1.0,1.0,0.0,3,3,3,3,4,1,1.0,2.32325,100.0,0.00127,
job,mixed,6,dci_v2_P2,41,6,0.3333,0.6667,0.75,2,3,0,3,6,2,0.5381,1.25359,53.96,0.00118,
job,mixed,6,dci_v2_P4,41,6,0.1667,0.3333,1.5,1,3,0,3,1,0,0.6286,0.75534,32.51,0.00107,
job,mixed,6,dci_v2_P8,41,6,0.1667,0.3333,1.5,1,3,0,3,1,0,0.6857,0.46035,19.82,0.00101,
job,mixed,6,dci_v1,41,6,1.0,1.0,0.0,3,3,3,3,4,1,1.0,2.32325,100.0,0.00157,
job,mixed,6,always_multiD,41,6,1.0,1.0,0.0,3,3,3,3,4,1,1.0,2.32325,100.0,0.00073,
job,mixed,6,best_axis_oracle,41,6,0.5,0.5,0.0,0,3,3,3,0,0,0.75,0.00013,0.01,0.00275,S_V
job,mixed,6,union4_raw,41,6,1.0,1.0,0.0,3,3,3,3,8,3,1.0,0.11528,4.96,0.00244,
job,mixed,6,union4_bonf,41,6,1.0,1.0,0.0,3,3,3,3,6,2,1.0,0.11528,4.96,0.00247,
job,mixed,6,every_k2,41,6,1.0,1.0,0.0,3,3,3,3,2,1,,1.13329,48.78,4e-05,offset=1
job,mixed,6,every_k3,41,6,0.0,0.1667,1.0,0,3,0,3,2,1,,0.79331,34.15,3e-05,offset=0
job,mixed,6,every_k4,41,6,0.0,0.0,,0,3,0,3,0,0,,0.62331,26.83,2e-05,offset=0
job,mixed,6,adwin,41,6,0.0,0.0,,0,3,0,3,0,0,,2.32325,100.0,2e-05,
job,mixed,6,adwin_s,41,6,0.0,0.0,,0,3,0,3,0,0,,2.32325,100.0,2e-05,
job,mixed,6,mcusum,41,6,1.0,1.0,0.0,3,3,3,3,0,0,1.0,2.32325,100.0,5e-05,
job,mixed,6,sketch1,41,6,1.0,1.0,0.0,3,3,3,3,5,2,1.0,2.32325,100.0,0.00077,
job,mixed,7,dci_v2_P1,41,6,0.8333,0.8333,0.0,2,3,3,3,4,1,0.85,2.32325,100.0,0.00118,
job,mixed,7,dci_v2_P2,41,6,0.1667,0.3333,0.5,1,3,0,3,6,1,0.3619,1.26129,54.29,0.00113,
job,mixed,7,dci_v2_P4,41,6,0.1667,0.3333,0.5,1,3,0,3,6,1,0.4476,0.7511,32.33,0.00108,
job,mixed,7,dci_v2_P8,41,6,0.1667,0.3333,0.5,1,3,0,3,6,1,0.4476,0.47096,20.27,0.00103,
job,mixed,7,dci_v1,41,6,0.8333,0.8333,0.0,2,3,3,3,4,1,0.9,2.32325,100.0,0.00165,
job,mixed,7,always_multiD,41,6,1.0,1.0,0.0,3,3,3,3,6,1,1.0,2.32325,100.0,0.00078,
job,mixed,7,best_axis_oracle,41,6,0.5,0.5,0.0,3,3,0,3,0,0,0.7571,0.01066,0.46,0.00289,S_A
job,mixed,7,union4_raw,41,6,1.0,1.0,0.0,3,3,3,3,8,3,1.0,0.11528,4.96,0.00249,
job,mixed,7,union4_bonf,41,6,1.0,1.0,0.0,3,3,3,3,5,1,1.0,0.11528,4.96,0.00248,
job,mixed,7,every_k2,41,6,0.0,0.3333,1.0,0,3,0,3,4,1,,1.18996,51.22,4e-05,offset=0
job,mixed,7,every_k3,41,6,1.0,1.0,0.0,3,3,3,3,1,0,,0.73664,31.71,3e-05,offset=2
job,mixed,7,every_k4,41,6,0.0,0.3333,2.0,0,3,0,3,2,0,,0.56665,24.39,3e-05,offset=2
job,mixed,7,adwin,41,6,0.0,0.0,,0,3,0,3,0,0,,2.32325,100.0,2e-05,
job,mixed,7,adwin_s,41,6,0.0,0.0,,0,3,0,3,0,0,,2.32325,100.0,2e-05,
job,mixed,7,mcusum,41,6,1.0,1.0,0.0,3,3,3,3,0,0,1.0,2.32325,100.0,6e-05,
job,mixed,7,sketch1,41,6,1.0,1.0,0.0,3,3,3,3,0,0,1.0,2.32325,100.0,0.00076,
job,mixed,8,dci_v2_P1,41,6,1.0,1.0,0.0,3,3,3,3,2,1,1.0,2.32325,100.0,0.00127,
job,mixed,8,dci_v2_P2,41,6,0.3333,0.3333,0.0,2,3,0,3,0,0,0.7286,1.25284,53.93,0.00116,
job,mixed,8,dci_v2_P4,41,6,0.3333,0.3333,0.0,2,3,0,3,0,0,0.7333,0.74902,32.24,0.00109,
job,mixed,8,dci_v2_P8,41,6,0.5,0.5,0.0,3,3,0,3,0,0,0.7952,0.46059,19.83,0.00106,
job,mixed,8,dci_v1,41,6,1.0,1.0,0.0,3,3,3,3,2,1,1.0,2.32325,100.0,0.00157,
job,mixed,8,always_multiD,41,6,1.0,1.0,0.0,3,3,3,3,2,1,1.0,2.32325,100.0,0.00073,
job,mixed,8,best_axis_oracle,41,6,0.5,0.5,0.0,3,3,0,3,0,0,0.7667,0.00874,0.38,0.00276,S_T
job,mixed,8,union4_raw,41,6,1.0,1.0,0.0,3,3,3,3,0,0,1.0,0.11528,4.96,0.00244,
job,mixed,8,union4_bonf,41,6,1.0,1.0,0.0,3,3,3,3,0,0,1.0,0.11528,4.96,0.00245,
job,mixed,8,every_k2,41,6,0.0,0.1667,1.0,0,3,0,3,2,1,,1.18996,51.22,5e-05,offset=0
job,mixed,8,every_k3,41,6,0.0,0.0,,0,3,0,3,1,1,,0.79331,34.15,3e-05,offset=1
job,mixed,8,every_k4,41,6,0.0,0.0,,0,3,0,3,1,1,,0.56665,24.39,2e-05,offset=2
job,mixed,8,adwin,41,6,0.0,0.0,,0,3,0,3,0,0,,2.32325,100.0,2e-05,
job,mixed,8,adwin_s,41,6,0.0,0.0,,0,3,0,3,0,0,,2.32325,100.0,2e-05,
job,mixed,8,mcusum,41,6,0.6667,0.6667,0.0,1,3,3,3,0,0,0.9381,2.32325,100.0,5e-05,
job,mixed,8,sketch1,41,6,0.6667,0.6667,0.0,1,3,3,3,0,0,0.9667,2.32325,100.0,0.00077,
job,mixed,9,dci_v2_P1,41,6,0.8333,0.8333,0.0,2,3,3,3,3,3,0.9619,2.32325,100.0,0.00126,
job,mixed,9,dci_v2_P2,41,6,0.3333,0.3333,0.0,2,3,0,3,3,3,0.7214,1.25157,53.87,0.00114,
job,mixed,9,dci_v2_P4,41,6,0.3333,0.3333,0.0,2,3,0,3,3,3,0.7214,0.74392,32.02,0.00109,
job,mixed,9,dci_v2_P8,41,6,0.3333,0.3333,0.0,2,3,0,3,3,3,0.7214,0.4619,19.88,0.00105,
job,mixed,9,dci_v1,41,6,0.8333,0.8333,0.0,2,3,3,3,3,3,0.9619,2.32325,100.0,0.00165,
job,mixed,9,always_multiD,41,6,0.8333,0.8333,0.0,2,3,3,3,3,3,0.9619,2.32325,100.0,0.00077,
job,mixed,9,best_axis_oracle,41,6,0.5,0.5,0.0,0,3,3,3,0,0,0.75,0.00013,0.01,0.00292,S_V
job,mixed,9,union4_raw,41,6,0.8333,0.8333,0.0,2,3,3,3,9,4,0.9286,0.11528,4.96,0.00253,
job,mixed,9,union4_bonf,41,6,0.8333,0.8333,0.0,2,3,3,3,3,3,0.9286,0.11528,4.96,0.00253,
job,mixed,9,every_k2,41,6,0.0,0.0,,0,3,0,3,2,2,,1.18996,51.22,5e-05,offset=0
job,mixed,9,every_k3,41,6,0.8333,0.8333,0.0,2,3,3,3,1,1,,0.73664,31.71,3e-05,offset=2
job,mixed,9,every_k4,41,6,0.5,0.5,0.0,0,3,3,3,0,0,,0.56665,24.39,2e-05,offset=3
job,mixed,9,adwin,41,6,0.0,0.0,,0,3,0,3,0,0,,2.32325,100.0,2e-05,
job,mixed,9,adwin_s,41,6,0.0,0.0,,0,3,0,3,0,0,,2.32325,100.0,2e-05,
job,mixed,9,mcusum,41,6,0.8333,0.8333,0.0,2,3,3,3,0,0,0.9667,2.32325,100.0,6e-05,
job,mixed,9,sketch1,41,6,0.8333,0.8333,0.0,2,3,3,3,3,3,0.9857,2.32325,100.0,0.00078,
job,mixed,10,dci_v2_P1,41,6,1.0,1.0,0.0,3,3,3,3,1,0,1.0,2.32325,100.0,0.00126,
job,mixed,10,dci_v2_P2,41,6,0.1667,0.5,0.67,1,3,0,3,4,1,0.4333,1.27826,55.02,0.00115,
job,mixed,10,dci_v2_P4,41,6,0.1667,0.5,0.67,1,3,0,3,4,1,0.4286,0.76808,33.06,0.00108,
job,mixed,10,dci_v2_P8,41,6,0.1667,0.3333,0.5,1,3,0,3,3,1,0.5619,0.51977,22.37,0.00106,
job,mixed,10,dci_v1,41,6,1.0,1.0,0.0,3,3,3,3,1,0,1.0,2.32325,100.0,0.00166,
job,mixed,10,always_multiD,41,6,1.0,1.0,0.0,3,3,3,3,2,0,1.0,2.32325,100.0,0.00077,
job,mixed,10,best_axis_oracle,41,6,0.5,0.5,0.0,3,3,0,3,0,0,0.7976,0.01066,0.46,0.00289,S_A
job,mixed,10,union4_raw,41,6,1.0,1.0,0.0,3,3,3,3,5,1,1.0,0.11528,4.96,0.00251,
job,mixed,10,union4_bonf,41,6,1.0,1.0,0.0,3,3,3,3,2,1,1.0,0.11528,4.96,0.00249,
job,mixed,10,every_k2,41,6,1.0,1.0,0.0,3,3,3,3,1,0,,1.13329,48.78,4e-05,offset=1
job,mixed,10,every_k3,41,6,0.0,0.1667,1.0,0,3,0,3,1,0,,0.79331,34.15,3e-05,offset=0
job,mixed,10,every_k4,41,6,0.5,0.6667,0.5,3,3,0,3,1,0,,0.56665,24.39,2e-05,offset=1
job,mixed,10,adwin,41,6,0.0,0.0,,0,3,0,3,0,0,,2.32325,100.0,2e-05,
job,mixed,10,adwin_s,41,6,0.0,0.0,,0,3,0,3,0,0,,2.32325,100.0,2e-05,
job,mixed,10,mcusum,41,6,1.0,1.0,0.0,3,3,3,3,0,0,1.0,2.32325,100.0,6e-05,
job,mixed,10,sketch1,41,6,1.0,1.0,0.0,3,3,3,3,0,0,1.0,2.32325,100.0,0.00077,
job,mixed,11,dci_v2_P1,41,6,1.0,1.0,0.0,3,3,3,3,5,2,1.0,2.32325,100.0,0.00125,
job,mixed,11,dci_v2_P2,41,6,0.3333,0.6667,1.0,2,3,0,3,5,2,0.719,1.36358,58.69,0.00116,
job,mixed,11,dci_v2_P4,41,6,0.3333,0.5,1.0,2,3,0,3,4,2,0.7476,0.74261,31.96,0.00108,
job,mixed,11,dci_v2_P8,41,6,0.3333,0.5,1.0,2,3,0,3,4,2,0.7476,0.46035,19.82,0.00104,
job,mixed,11,dci_v1,41,6,1.0,1.0,0.0,3,3,3,3,5,2,1.0,2.32325,100.0,0.00166,
job,mixed,11,always_multiD,41,6,1.0,1.0,0.0,3,3,3,3,5,2,1.0,2.32325,100.0,0.00077,
job,mixed,11,best_axis_oracle,41,6,0.5,0.5,0.0,0,3,3,3,0,0,0.75,0.00013,0.01,0.00292,S_V
job,mixed,11,union4_raw,41,6,1.0,1.0,0.0,3,3,3,3,5,3,1.0,0.11528,4.96,0.0025,
job,mixed,11,union4_bonf,41,6,1.0,1.0,0.0,3,3,3,3,2,0,1.0,0.11528,4.96,0.0025,
job,mixed,11,every_k2,41,6,0.0,0.3333,2.0,0,3,0,3,3,1,,1.18996,51.22,5e-05,offset=0
job,mixed,11,every_k3,41,6,0.0,0.1667,1.0,0,3,0,3,2,1,,0.79331,34.15,3e-05,offset=0
job,mixed,11,every_k4,41,6,0.0,0.1667,3.0,0,3,0,3,2,1,,0.56665,24.39,2e-05,offset=2
job,mixed,11,adwin,41,6,0.0,0.0,,0,3,0,3,0,0,,2.32325,100.0,2e-05,
job,mixed,11,adwin_s,41,6,0.0,0.0,,0,3,0,3,0,0,,2.32325,100.0,2e-05,
job,mixed,11,mcusum,41,6,1.0,1.0,0.0,3,3,3,3,0,0,1.0,2.32325,100.0,6e-05,
job,mixed,11,sketch1,41,6,1.0,1.0,0.0,3,3,3,3,0,0,1.0,2.32325,100.0,0.00079,
job,mixed,12,dci_v2_P1,41,6,0.8333,0.8333,0.0,2,3,3,3,3,2,0.8476,2.32325,100.0,0.00123,
job,mixed,12,dci_v2_P2,41,6,0.5,0.6667,0.25,2,3,1,3,4,2,0.7571,1.25723,54.12,0.00113,
job,mixed,12,dci_v2_P4,41,6,0.5,0.6667,0.25,2,3,1,3,4,2,0.7571,0.75138,32.34,0.00106,
job,mixed,12,dci_v2_P8,41,6,0.5,0.6667,0.25,2,3,1,3,4,2,0.7571,0.47129,20.29,0.00103,
job,mixed,12,dci_v1,41,6,0.8333,0.8333,0.0,2,3,3,3,2,1,0.881,2.32325,100.0,0.00161,
job,mixed,12,always_multiD,41,6,1.0,1.0,0.0,3,3,3,3,2,1,0.9905,2.32325,100.0,0.00076,
job,mixed,12,best_axis_oracle,41,6,0.5,0.5,0.0,0,3,3,3,0,0,0.75,0.00013,0.01,0.00284,S_V
job,mixed,12,union4_raw,41,6,1.0,1.0,0.0,3,3,3,3,8,2,0.9905,0.11528,4.96,0.00245,
job,mixed,12,union4_bonf,41,6,1.0,1.0,0.0,3,3,3,3,4,1,0.9905,0.11528,4.96,0.00246,
job,mixed,12,every_k2,41,6,1.0,1.0,0.0,3,3,3,3,0,0,,1.13329,48.78,6e-05,offset=1
job,mixed,12,every_k3,41,6,0.0,0.0,,0,3,0,3,1,1,,0.79331,34.15,3e-05,offset=1
job,mixed,12,every_k4,41,6,0.0,0.1667,3.0,0,3,0,3,1,0,,0.62331,26.83,2e-05,offset=0
job,mixed,12,adwin,41,6,0.0,0.0,,0,3,0,3,0,0,,2.32325,100.0,2e-05,
job,mixed,12,adwin_s,41,6,0.0,0.0,,0,3,0,3,0,0,,2.32325,100.0,2e-05,
job,mixed,12,mcusum,41,6,0.8333,0.8333,0.0,2,3,3,3,1,1,0.9762,2.32325,100.0,6e-05,
job,mixed,12,sketch1,41,6,0.8333,0.8333,0.0,2,3,3,3,4,1,0.9667,2.32325,100.0,0.00075,
job,mixed,13,dci_v2_P1,41,6,1.0,1.0,0.0,3,3,3,3,1,0,1.0,2.32325,100.0,0.00126,
job,mixed,13,dci_v2_P2,41,6,0.3333,0.3333,0.0,1,3,1,3,0,0,0.7571,1.25067,53.83,0.00114,
job,mixed,13,dci_v2_P4,41,6,0.3333,0.3333,0.0,1,3,1,3,0,0,0.7571,0.74261,31.96,0.00107,
job,mixed,13,dci_v2_P8,41,6,0.3333,0.3333,0.0,1,3,1,3,0,0,0.7619,0.46035,19.82,0.00104,
job,mixed,13,dci_v1,41,6,1.0,1.0,0.0,3,3,3,3,2,1,1.0,2.32325,100.0,0.00165,
job,mixed,13,always_multiD,41,6,1.0,1.0,0.0,3,3,3,3,1,0,1.0,2.32325,100.0,0.00076,
job,mixed,13,best_axis_oracle,41,6,0.0,0.1667,1.0,0,3,0,3,1,0,0.7762,0.09575,4.12,0.00289,S_R
job,mixed,13,union4_raw,41,6,1.0,1.0,0.0,3,3,3,3,1,0,1.0,0.11528,4.96,0.00248,
job,mixed,13,union4_bonf,41,6,1.0,1.0,0.0,3,3,3,3,0,0,1.0,0.11528,4.96,0.00248,
job,mixed,13,every_k2,41,6,0.0,0.1667,1.0,0,3,0,3,1,0,,1.18996,51.22,5e-05,offset=0
job,mixed,13,every_k3,41,6,0.0,0.1667,1.0,0,3,0,3,1,0,,0.79331,34.15,3e-05,offset=0
job,mixed,13,every_k4,41,6,0.0,0.0,,0,3,0,3,0,0,,0.56665,24.39,2e-05,offset=2
job,mixed,13,adwin,41,6,0.0,0.0,,0,3,0,3,0,0,,2.32325,100.0,2e-05,
job,mixed,13,adwin_s,41,6,0.0,0.0,,0,3,0,3,0,0,,2.32325,100.0,2e-05,
job,mixed,13,mcusum,41,6,1.0,1.0,0.0,3,3,3,3,0,0,1.0,2.32325,100.0,6e-05,
job,mixed,13,sketch1,41,6,1.0,1.0,0.0,3,3,3,3,0,0,1.0,2.32325,100.0,0.00076,
job,mixed,14,dci_v2_P1,41,6,1.0,1.0,0.0,3,3,3,3,9,2,1.0,2.32325,100.0,0.00127,
job,mixed,14,dci_v2_P2,41,6,0.3333,0.6667,1.0,2,3,0,3,6,2,0.7429,1.25779,54.14,0.00115,
job,mixed,14,dci_v2_P4,41,6,0.3333,0.6667,1.0,2,3,0,3,6,2,0.7429,0.75222,32.38,0.00107,
job,mixed,14,dci_v2_P8,41,6,0.3333,0.6667,1.0,2,3,0,3,6,2,0.7429,0.47228,20.33,0.00104,
job,mixed,14,dci_v1,41,6,1.0,1.0,0.0,3,3,3,3,9,2,1.0,2.32325,100.0,0.00164,
job,mixed,14,always_multiD,41,6,1.0,1.0,0.0,3,3,3,3,9,2,1.0,2.32325,100.0,0.00077,
job,mixed,14,best_axis_oracle,41,6,0.5,0.6667,0.25,3,3,0,3,7,2,0.7619,0.01066,0.46,0.00288,S_A
job,mixed,14,union4_raw,41,6,1.0,1.0,0.0,3,3,3,3,10,3,1.0,0.11528,4.96,0.00251,
job,mixed,14,union4_bonf,41,6,1.0,1.0,0.0,3,3,3,3,7,2,1.0,0.11528,4.96,0.00249,
job,mixed,14,every_k2,41,6,1.0,1.0,0.0,3,3,3,3,3,1,,1.13329,48.78,5e-05,offset=1
job,mixed,14,every_k3,41,6,0.0,0.3333,2.0,0,3,0,3,3,1,,0.79331,34.15,3e-05,offset=1
job,mixed,14,every_k4,41,6,0.0,0.6667,2.0,0,3,0,3,5,1,,0.62331,26.83,3e-05,offset=0
job,mixed,14,adwin,41,6,0.0,0.0,,0,3,0,3,0,0,,2.32325,100.0,2e-05,
job,mixed,14,adwin_s,41,6,0.0,0.0,,0,3,0,3,0,0,,2.32325,100.0,2e-05,
job,mixed,14,mcusum,41,6,1.0,1.0,0.0,3,3,3,3,1,1,1.0,2.32325,100.0,6e-05,
job,mixed,14,sketch1,41,6,1.0,1.0,0.0,3,3,3,3,7,2,1.0,2.32325,100.0,0.00077,
job,mixed,15,dci_v2_P1,41,6,0.8333,0.8333,0.0,2,3,3,3,0,0,0.8619,2.32325,100.0,0.0012,
job,mixed,15,dci_v2_P2,41,6,0.5,0.6667,0.5,3,3,0,3,5,1,0.7333,1.25067,53.83,0.00114,
job,mixed,15,dci_v2_P4,41,6,0.5,0.6667,0.5,3,3,0,3,5,1,0.7333,0.74261,31.96,0.00108,
job,mixed,15,dci_v2_P8,41,6,0.5,0.6667,0.5,3,3,0,3,5,1,0.7333,0.46035,19.82,0.00105,
job,mixed,15,dci_v1,41,6,0.8333,0.8333,0.0,2,3,3,3,0,0,0.9048,2.32325,100.0,0.00164,
job,mixed,15,always_multiD,41,6,1.0,1.0,0.0,3,3,3,3,3,1,1.0,2.32325,100.0,0.00077,
job,mixed,15,best_axis_oracle,41,6,0.5,0.5,0.0,0,3,3,3,0,0,0.75,0.00013,0.01,0.00288,S_V
job,mixed,15,union4_raw,41,6,1.0,1.0,0.0,3,3,3,3,5,1,1.0,0.11528,4.96,0.00236,
job,mixed,15,union4_bonf,41,6,1.0,1.0,0.0,3,3,3,3,2,0,1.0,0.11528,4.96,0.00236,
job,mixed,15,every_k2,41,6,1.0,1.0,0.0,3,3,3,3,2,1,,1.13329,48.78,4e-05,offset=1
job,mixed,15,every_k3,41,6,1.0,1.0,0.0,3,3,3,3,1,0,,0.73664,31.71,3e-05,offset=2
job,mixed,15,every_k4,41,6,0.0,0.1667,3.0,0,3,0,3,1,0,,0.56665,24.39,2e-05,offset=2
job,mixed,15,adwin,41,6,0.0,0.0,,0,3,0,3,0,0,,2.32325,100.0,2e-05,
job,mixed,15,adwin_s,41,6,0.0,0.0,,0,3,0,3,0,0,,2.32325,100.0,2e-05,
job,mixed,15,mcusum,41,6,1.0,1.0,0.0,3,3,3,3,0,0,1.0,2.32325,100.0,5e-05,
job,mixed,15,sketch1,41,6,1.0,1.0,0.0,3,3,3,3,0,0,1.0,2.32325,100.0,0.00073,
job,mixed,16,dci_v2_P1,41,6,1.0,1.0,0.0,3,3,3,3,15,8,1.0,2.32325,100.0,0.00125,
job,mixed,16,dci_v2_P2,41,6,1.0,1.0,0.0,3,3,3,3,22,9,0.8643,1.25152,53.87,0.00112,
job,mixed,16,dci_v2_P4,41,6,1.0,1.0,0.0,3,3,3,3,22,9,0.8643,0.74388,32.02,0.00107,
job,mixed,16,dci_v2_P8,41,6,0.6667,0.8333,0.2,3,3,1,3,15,5,0.6857,0.46101,19.84,0.00103,
job,mixed,16,dci_v1,41,6,1.0,1.0,0.0,3,3,3,3,15,8,1.0,2.32325,100.0,0.00165,
job,mixed,16,always_multiD,41,6,1.0,1.0,0.0,3,3,3,3,15,8,1.0,2.32325,100.0,0.00076,
job,mixed,16,best_axis_oracle,41,6,1.0,1.0,0.0,3,3,3,3,22,9,0.8643,0.01066,0.46,0.00289,S_A
job,mixed,16,union4_raw,41,6,1.0,1.0,0.0,3,3,3,3,24,9,1.0,0.11528,4.96,0.00249,
job,mixed,16,union4_bonf,41,6,1.0,1.0,0.0,3,3,3,3,15,7,1.0,0.11528,4.96,0.00247,
job,mixed,16,every_k2,41,6,0.0,0.5,1.67,0,3,0,3,8,4,,1.18996,51.22,4e-05,offset=0
job,mixed,16,every_k3,41,6,1.0,1.0,0.0,3,3,3,3,2,0,,0.73664,31.71,3e-05,offset=2
job,mixed,16,every_k4,41,6,0.0,0.1667,3.0,0,3,0,3,3,2,,0.56665,24.39,2e-05,offset=2
job,mixed,16,adwin,41,6,0.0,0.0,,0,3,0,3,0,0,,2.32325,100.0,2e-05,
job,mixed,16,adwin_s,41,6,0.0,0.0,,0,3,0,3,0,0,,2.32325,100.0,2e-05,
job,mixed,16,mcusum,41,6,1.0,1.0,0.0,3,3,3,3,2,2,1.0,2.32325,100.0,6e-05,
job,mixed,16,sketch1,41,6,1.0,1.0,0.0,3,3,3,3,13,6,1.0,2.32325,100.0,0.00076,
job,mixed,17,dci_v2_P1,41,6,1.0,1.0,0.0,3,3,3,3,1,1,1.0,2.32325,100.0,0.00122,
job,mixed,17,dci_v2_P2,41,6,0.5,0.5,0.0,3,3,0,3,1,1,0.7452,1.25157,53.87,0.00111,
job,mixed,17,dci_v2_P4,41,6,0.5,0.5,0.0,3,3,0,3,1,1,0.7452,0.74392,32.02,0.00107,
job,mixed,17,dci_v2_P8,41,6,0.5,0.5,0.0,3,3,0,3,1,1,0.7452,0.4619,19.88,0.00103,
job,mixed,17,dci_v1,41,6,1.0,1.0,0.0,3,3,3,3,1,1,1.0,2.32325,100.0,0.00163,
job,mixed,17,always_multiD,41,6,1.0,1.0,0.0,3,3,3,3,1,1,1.0,2.32325,100.0,0.00076,
job,mixed,17,best_axis_oracle,41,6,0.5,0.5,0.0,0,3,3,3,0,0,0.75,0.00013,0.01,0.00286,S_V
job,mixed,17,union4_raw,41,6,1.0,1.0,0.0,3,3,3,3,2,1,1.0,0.11528,4.96,0.00249,
job,mixed,17,union4_bonf,41,6,1.0,1.0,0.0,3,3,3,3,0,0,1.0,0.11528,4.96,0.00248,
job,mixed,17,every_k2,41,6,1.0,1.0,0.0,3,3,3,3,1,1,,1.13329,48.78,4e-05,offset=1
job,mixed,17,every_k3,41,6,0.0,0.0,,0,3,0,3,1,1,,0.79331,34.15,3e-05,offset=0
job,mixed,17,every_k4,41,6,0.5,0.5,0.0,0,3,3,3,1,1,,0.56665,24.39,2e-05,offset=3
job,mixed,17,adwin,41,6,0.0,0.0,,0,3,0,3,0,0,,2.32325,100.0,2e-05,
job,mixed,17,adwin_s,41,6,0.0,0.0,,0,3,0,3,0,0,,2.32325,100.0,2e-05,
job,mixed,17,mcusum,41,6,1.0,1.0,0.0,3,3,3,3,0,0,1.0,2.32325,100.0,6e-05,
job,mixed,17,sketch1,41,6,1.0,1.0,0.0,3,3,3,3,0,0,1.0,2.32325,100.0,0.00076,
job,mixed,18,dci_v2_P1,41,6,1.0,1.0,0.0,3,3,3,3,0,0,1.0,2.32325,100.0,0.00125,
job,mixed,18,dci_v2_P2,41,6,0.3333,0.3333,0.0,2,3,0,3,2,2,0.8571,1.25067,53.83,0.00116,
job,mixed,18,dci_v2_P4,41,6,0.3333,0.3333,0.0,2,3,0,3,2,2,0.8571,0.74261,31.96,0.00106,
job,mixed,18,dci_v2_P8,41,6,0.3333,0.3333,0.0,2,3,0,3,2,2,0.8571,0.46035,19.82,0.001,
job,mixed,18,dci_v1,41,6,1.0,1.0,0.0,3,3,3,3,0,0,1.0,2.32325,100.0,0.00157,
job,mixed,18,always_multiD,41,6,1.0,1.0,0.0,3,3,3,3,0,0,1.0,2.32325,100.0,0.00072,
job,mixed,18,best_axis_oracle,41,6,0.3333,0.3333,0.0,2,3,0,3,2,2,0.8524,0.00874,0.38,0.0027,S_T
job,mixed,18,union4_raw,41,6,1.0,1.0,0.0,3,3,3,3,2,2,1.0,0.11528,4.96,0.00244,
job,mixed,18,union4_bonf,41,6,1.0,1.0,0.0,3,3,3,3,0,0,1.0,0.11528,4.96,0.0024,
job,mixed,18,every_k2,41,6,0.0,0.0,,0,3,0,3,0,0,,1.18996,51.22,4e-05,offset=0
job,mixed,18,every_k3,41,6,0.0,0.0,,0,3,0,3,0,0,,0.79331,34.15,3e-05,offset=1
job,mixed,18,every_k4,41,6,0.5,0.5,0.0,0,3,3,3,0,0,,0.56665,24.39,3e-05,offset=3
job,mixed,18,adwin,41,6,0.0,0.0,,0,3,0,3,0,0,,2.32325,100.0,2e-05,
job,mixed,18,adwin_s,41,6,0.0,0.0,,0,3,0,3,0,0,,2.32325,100.0,2e-05,
job,mixed,18,mcusum,41,6,0.8333,0.8333,0.0,2,3,3,3,0,0,0.9762,2.32325,100.0,6e-05,
job,mixed,18,sketch1,41,6,1.0,1.0,0.0,3,3,3,3,0,0,1.0,2.32325,100.0,0.00073,
job,mixed,19,dci_v2_P1,41,6,1.0,1.0,0.0,3,3,3,3,0,0,1.0,2.32325,100.0,0.00123,
job,mixed,19,dci_v2_P2,41,6,0.5,0.5,0.0,2,3,1,3,2,1,0.7381,1.25916,54.2,0.00111,
job,mixed,19,dci_v2_P4,41,6,0.3333,0.3333,0.0,2,3,0,3,4,2,0.6024,0.76213,32.8,0.00107,
job,mixed,19,dci_v2_P8,41,6,0.6667,0.6667,0.0,3,3,1,3,2,1,0.8095,0.46035,19.82,0.00103,
job,mixed,19,dci_v1,41,6,1.0,1.0,0.0,3,3,3,3,1,1,1.0,2.32325,100.0,0.00162,
job,mixed,19,always_multiD,41,6,1.0,1.0,0.0,3,3,3,3,0,0,1.0,2.32325,100.0,0.00076,
job,mixed,19,best_axis_oracle,41,6,0.6667,0.6667,0.0,3,3,1,3,2,1,0.8095,0.00874,0.38,0.00286,S_T
job,mixed,19,union4_raw,41,6,1.0,1.0,0.0,3,3,3,3,4,2,1.0,0.11528,4.96,0.00247,
job,mixed,19,union4_bonf,41,6,1.0,1.0,0.0,3,3,3,3,1,1,1.0,0.11528,4.96,0.00248,
job,mixed,19,every_k2,41,6,0.0,0.0,,0,3,0,3,0,0,,1.18996,51.22,4e-05,offset=0
job,mixed,19,every_k3,41,6,1.0,1.0,0.0,3,3,3,3,0,0,,0.73664,31.71,3e-05,offset=2
job,mixed,19,every_k4,41,6,0.0,0.0,,0,3,0,3,0,0,,0.62331,26.83,2e-05,offset=0
job,mixed,19,adwin,41,6,0.0,0.0,,0,3,0,3,0,0,,2.32325,100.0,2e-05,
job,mixed,19,adwin_s,41,6,0.0,0.0,,0,3,0,3,0,0,,2.32325,100.0,2e-05,
job,mixed,19,mcusum,41,6,1.0,1.0,0.0,3,3,3,3,0,0,1.0,2.32325,100.0,6e-05,
job,mixed,19,sketch1,41,6,1.0,1.0,0.0,3,3,3,3,1,1,1.0,2.32325,100.0,0.00076,
job,mixed,20,dci_v2_P1,41,6,1.0,1.0,0.0,3,3,3,3,6,3,1.0,2.32325,100.0,0.00121,
job,mixed,20,dci_v2_P2,41,6,0.6667,0.6667,0.0,3,3,1,3,6,3,0.7786,1.25147,53.87,0.00111,
job,mixed,20,dci_v2_P4,41,6,0.6667,0.6667,0.0,3,3,1,3,4,3,0.7929,0.74374,32.01,0.00105,
job,mixed,20,dci_v2_P8,41,6,0.6667,0.6667,0.0,3,3,1,3,4,3,0.7976,0.46167,19.87,0.00103,
job,mixed,20,dci_v1,41,6,1.0,1.0,0.0,3,3,3,3,6,3,1.0,2.32325,100.0,0.00162,
job,mixed,20,always_multiD,41,6,1.0,1.0,0.0,3,3,3,3,5,2,1.0,2.32325,100.0,0.00075,
job,mixed,20,best_axis_oracle,41,6,0.6667,0.6667,0.0,3,3,1,3,5,2,0.8071,0.01066,0.46,0.00283,S_A
job,mixed,20,union4_raw,41,6,1.0,1.0,0.0,3,3,3,3,7,3,1.0,0.11528,4.96,0.00246,
job,mixed,20,union4_bonf,41,6,1.0,1.0,0.0,3,3,3,3,5,2,1.0,0.11528,4.96,0.00245,
job,mixed,20,every_k2,41,6,1.0,1.0,0.0,3,3,3,3,2,1,,1.13329,48.78,5e-05,offset=1
job,mixed,20,every_k3,41,6,0.0,0.1667,2.0,0,3,0,3,2,1,,0.79331,34.15,3e-05,offset=1
job,mixed,20,every_k4,41,6,0.5,0.5,0.0,3,3,0,3,1,1,,0.56665,24.39,3e-05,offset=1
job,mixed,20,adwin,41,6,0.0,0.0,,0,3,0,3,0,0,,2.32325,100.0,2e-05,
job,mixed,20,adwin_s,41,6,0.0,0.0,,0,3,0,3,0,0,,2.32325,100.0,2e-05,
job,mixed,20,mcusum,41,6,1.0,1.0,0.0,3,3,3,3,0,0,1.0,2.32325,100.0,5e-05,
job,mixed,20,sketch1,41,6,1.0,1.0,0.0,3,3,3,3,5,2,1.0,2.32325,100.0,0.00076,
job,mixed,21,dci_v2_P1,41,6,1.0,1.0,0.0,3,3,3,3,0,0,1.0,2.32325,100.0,0.00118,
job,mixed,21,dci_v2_P2,41,6,0.1667,0.1667,0.0,1,3,0,3,1,1,0.7714,1.27826,55.02,0.00107,
job,mixed,21,dci_v2_P4,41,6,0.1667,0.1667,0.0,1,3,0,3,1,1,0.7714,0.78718,33.88,0.00103,
job,mixed,21,dci_v2_P8,41,6,0.1667,0.3333,1.5,1,3,0,3,2,1,0.8048,0.46035,19.82,0.00103,
job,mixed,21,dci_v1,41,6,1.0,1.0,0.0,3,3,3,3,2,2,1.0,2.32325,100.0,0.00159,
job,mixed,21,always_multiD,41,6,1.0,1.0,0.0,3,3,3,3,0,0,1.0,2.32325,100.0,0.00076,
job,mixed,21,best_axis_oracle,41,6,0.1667,0.3333,1.5,1,3,0,3,2,1,0.8048,0.00874,0.38,0.00284,S_T
job,mixed,21,union4_raw,41,6,1.0,1.0,0.0,3,3,3,3,3,2,1.0,0.11528,4.96,0.00247,
job,mixed,21,union4_bonf,41,6,1.0,1.0,0.0,3,3,3,3,1,1,1.0,0.11528,4.96,0.00247,
job,mixed,21,every_k2,41,6,1.0,1.0,0.0,3,3,3,3,0,0,,1.13329,48.78,5e-05,offset=1
job,mixed,21,every_k3,41,6,0.0,0.0,,0,3,0,3,0,0,,0.79331,34.15,3e-05,offset=0
job,mixed,21,every_k4,41,6,0.5,0.5,0.0,3,3,0,3,0,0,,0.56665,24.39,2e-05,offset=1
job,mixed,21,adwin,41,6,0.0,0.0,,0,3,0,3,0,0,,2.32325,100.0,2e-05,
job,mixed,21,adwin_s,41,6,0.0,0.0,,0,3,0,3,0,0,,2.32325,100.0,2e-05,
job,mixed,21,mcusum,41,6,1.0,1.0,0.0,3,3,3,3,0,0,1.0,2.32325,100.0,5e-05,
job,mixed,21,sketch1,41,6,1.0,1.0,0.0,3,3,3,3,0,0,1.0,2.32325,100.0,0.00078,
job,mixed,22,dci_v2_P1,41,6,1.0,1.0,0.0,3,3,3,3,5,3,1.0,2.32325,100.0,0.00123,
job,mixed,22,dci_v2_P2,41,6,0.5,0.5,0.0,3,3,0,3,3,3,0.7357,1.25157,53.87,0.00112,
job,mixed,22,dci_v2_P4,41,6,0.5,0.5,0.0,3,3,0,3,3,3,0.7357,0.74392,32.02,0.00107,
job,mixed,22,dci_v2_P8,41,6,0.5,0.5,0.0,3,3,0,3,3,3,0.7357,0.4619,19.88,0.00103,
job,mixed,22,dci_v1,41,6,1.0,1.0,0.0,3,3,3,3,5,3,1.0,2.32325,100.0,0.00164,
job,mixed,22,always_multiD,41,6,1.0,1.0,0.0,3,3,3,3,5,3,1.0,2.32325,100.0,0.00077,
job,mixed,22,best_axis_oracle,41,6,0.5,0.5,0.0,0,3,3,3,0,0,0.75,0.00013,0.01,0.00286,S_V
job,mixed,22,union4_raw,41,6,1.0,1.0,0.0,3,3,3,3,6,5,1.0,0.11528,4.96,0.00247,
job,mixed,22,union4_bonf,41,6,1.0,1.0,0.0,3,3,3,3,3,3,1.0,0.11528,4.96,0.00247,
job,mixed,22,every_k2,41,6,1.0,1.0,0.0,3,3,3,3,2,1,,1.13329,48.78,4e-05,offset=1
job,mixed,22,every_k3,41,6,0.0,0.1667,2.0,0,3,0,3,1,0,,0.79331,34.15,3e-05,offset=1
job,mixed,22,every_k4,41,6,0.5,0.6667,0.5,3,3,0,3,1,0,,0.56665,24.39,2e-05,offset=1
job,mixed,22,adwin,41,6,0.0,0.0,,0,3,0,3,0,0,,2.32325,100.0,2e-05,
job,mixed,22,adwin_s,41,6,0.0,0.0,,0,3,0,3,0,0,,2.32325,100.0,2e-05,
job,mixed,22,mcusum,41,6,0.8333,0.8333,0.0,2,3,3,3,0,0,1.0,2.32325,100.0,6e-05,
job,mixed,22,sketch1,41,6,1.0,1.0,0.0,3,3,3,3,3,3,1.0,2.32325,100.0,0.00075,
job,mixed,23,dci_v2_P1,41,6,1.0,1.0,0.0,3,3,3,3,1,0,1.0,2.32325,100.0,0.00123,
job,mixed,23,dci_v2_P2,41,6,0.3333,0.3333,0.0,2,3,0,3,2,1,0.7857,1.2511,53.85,0.00113,
job,mixed,23,dci_v2_P4,41,6,0.3333,0.3333,0.0,2,3,0,3,1,1,0.8,0.74303,31.98,0.00107,
job,mixed,23,dci_v2_P8,41,6,0.3333,0.3333,0.0,2,3,0,3,1,1,0.8476,0.46035,19.82,0.00103,
job,mixed,23,dci_v1,41,6,1.0,1.0,0.0,3,3,3,3,1,0,1.0,2.32325,100.0,0.00163,
job,mixed,23,always_multiD,41,6,1.0,1.0,0.0,3,3,3,3,1,0,1.0,2.32325,100.0,0.00076,
job,mixed,23,best_axis_oracle,41,6,0.3333,0.3333,0.0,2,3,0,3,2,2,0.8286,0.00874,0.38,0.00289,S_T
job,mixed,23,union4_raw,41,6,1.0,1.0,0.0,3,3,3,3,3,2,1.0,0.11528,4.96,0.00248,
job,mixed,23,union4_bonf,41,6,1.0,1.0,0.0,3,3,3,3,1,0,1.0,0.11528,4.96,0.00246,
job,mixed,23,every_k2,41,6,0.0,0.1667,3.0,0,3,0,3,1,0,,1.18996,51.22,5e-05,offset=0
job,mixed,23,every_k3,41,6,0.0,0.0,,0,3,0,3,0,0,,0.79331,34.15,3e-05,offset=0
job,mixed,23,every_k4,41,6,0.5,0.5,0.0,0,3,3,3,0,0,,0.56665,24.39,3e-05,offset=3
job,mixed,23,adwin,41,6,0.0,0.0,,0,3,0,3,0,0,,2.32325,100.0,2e-05,
job,mixed,23,adwin_s,41,6,0.0,0.0,,0,3,0,3,0,0,,2.32325,100.0,2e-05,
job,mixed,23,mcusum,41,6,1.0,1.0,0.0,3,3,3,3,0,0,1.0,2.32325,100.0,5e-05,
job,mixed,23,sketch1,41,6,1.0,1.0,0.0,3,3,3,3,1,0,1.0,2.32325,100.0,0.00076,
job,mixed,24,dci_v2_P1,41,6,1.0,1.0,0.0,3,3,3,3,4,2,1.0,2.32325,100.0,0.00117,
job,mixed,24,dci_v2_P2,41,6,0.3333,0.5,0.33,2,3,0,3,4,2,0.6,1.27024,54.68,0.00109,
job,mixed,24,dci_v2_P4,41,6,0.3333,0.5,0.33,2,3,0,3,4,2,0.6,0.7709,33.18,0.00103,
job,mixed,24,dci_v2_P8,41,6,0.1667,0.1667,0.0,1,3,0,3,1,1,0.5619,0.53038,22.83,0.001,
job,mixed,24,dci_v1,41,6,1.0,1.0,0.0,3,3,3,3,4,2,1.0,2.32325,100.0,0.00157,
job,mixed,24,always_multiD,41,6,1.0,1.0,0.0,3,3,3,3,4,2,1.0,2.32325,100.0,0.00072,
job,mixed,24,best_axis_oracle,41,6,0.5,0.6667,0.25,3,3,0,3,5,1,0.7762,0.01066,0.46,0.00278,S_A
job,mixed,24,union4_raw,41,6,1.0,1.0,0.0,3,3,3,3,7,3,1.0,0.11528,4.96,0.00242,
job,mixed,24,union4_bonf,41,6,1.0,1.0,0.0,3,3,3,3,6,2,1.0,0.11528,4.96,0.0024,
job,mixed,24,every_k2,41,6,1.0,1.0,0.0,3,3,3,3,1,1,,1.13329,48.78,4e-05,offset=1
job,mixed,24,every_k3,41,6,0.0,0.0,,0,3,0,3,1,1,,0.79331,34.15,3e-05,offset=1
job,mixed,24,every_k4,41,6,0.0,0.1667,1.0,0,3,0,3,1,0,,0.56665,24.39,2e-05,offset=2
job,mixed,24,adwin,41,6,0.0,0.0,,0,3,0,3,0,0,,2.32325,100.0,2e-05,
job,mixed,24,adwin_s,41,6,0.0,0.0,,0,3,0,3,0,0,,2.32325,100.0,2e-05,
job,mixed,24,mcusum,41,6,1.0,1.0,0.0,3,3,3,3,0,0,1.0,2.32325,100.0,6e-05,
job,mixed,24,sketch1,41,6,1.0,1.0,0.0,3,3,3,3,5,1,1.0,2.32325,100.0,0.00074,
job,mixed,25,dci_v2_P1,41,6,1.0,1.0,0.0,3,3,3,3,3,2,1.0,2.32325,100.0,0.00122,
job,mixed,25,dci_v2_P2,41,6,0.3333,1.0,1.67,2,3,0,3,9,4,0.6714,1.25492,54.02,0.00113,
job,mixed,25,dci_v2_P4,41,6,0.3333,1.0,1.67,2,3,0,3,9,4,0.6762,0.7511,32.33,0.00107,
job,mixed,25,dci_v2_P8,41,6,0.3333,1.0,1.67,2,3,0,3,9,4,0.6762,0.47096,20.27,0.00103,
job,mixed,25,dci_v1,41,6,1.0,1.0,0.0,3,3,3,3,3,2,1.0,2.32325,100.0,0.00163,
job,mixed,25,always_multiD,41,6,1.0,1.0,0.0,3,3,3,3,5,3,1.0,2.32325,100.0,0.00075,
job,mixed,25,best_axis_oracle,41,6,0.5,0.5,0.0,0,3,3,3,0,0,0.75,0.00013,0.01,0.00288,S_V
job,mixed,25,union4_raw,41,6,1.0,1.0,0.0,3,3,3,3,9,4,1.0,0.11528,4.96,0.00247,
job,mixed,25,union4_bonf,41,6,1.0,1.0,0.0,3,3,3,3,5,3,1.0,0.11528,4.96,0.00245,
job,mixed,25,every_k2,41,6,1.0,1.0,0.0,3,3,3,3,2,2,,1.13329,48.78,5e-05,offset=1
job,mixed,25,every_k3,41,6,0.0,0.0,,0,3,0,3,1,1,,0.79331,34.15,3e-05,offset=1
job,mixed,25,every_k4,41,6,0.5,0.5,0.0,0,3,3,3,1,1,,0.56665,24.39,2e-05,offset=3
job,mixed,25,adwin,41,6,0.0,0.0,,0,3,0,3,0,0,,2.32325,100.0,2e-05,
job,mixed,25,adwin_s,41,6,0.0,0.0,,0,3,0,3,0,0,,2.32325,100.0,2e-05,
job,mixed,25,mcusum,41,6,1.0,1.0,0.0,3,3,3,3,0,0,1.0,2.32325,100.0,5e-05,
job,mixed,25,sketch1,41,6,1.0,1.0,0.0,3,3,3,3,2,2,1.0,2.32325,100.0,0.00077,
job,mixed,26,dci_v2_P1,41,6,0.8333,1.0,0.17,2,3,3,3,3,2,0.9667,2.32325,100.0,0.00123,
job,mixed,26,dci_v2_P2,41,6,0.3333,0.6667,0.5,2,3,0,3,6,3,0.5714,1.25916,54.2,0.00112,
job,mixed,26,dci_v2_P4,41,6,0.3333,0.6667,0.5,2,3,0,3,6,3,0.5905,0.7511,32.33,0.00108,
job,mixed,26,dci_v2_P8,41,6,0.1667,0.3333,0.5,1,3,0,3,5,3,0.5429,0.48582,20.91,0.00106,
job,mixed,26,dci_v1,41,6,0.8333,1.0,0.17,2,3,3,3,4,3,0.9619,2.32325,100.0,0.00163,
job,mixed,26,always_multiD,41,6,0.8333,1.0,0.17,2,3,3,3,5,3,0.9571,2.32325,100.0,0.00076,
job,mixed,26,best_axis_oracle,41,6,0.5,0.5,0.0,0,3,3,3,0,0,0.75,0.00013,0.01,0.00288,S_V
job,mixed,26,union4_raw,41,6,0.8333,1.0,0.17,2,3,3,3,6,3,0.881,0.11528,4.96,0.0025,
job,mixed,26,union4_bonf,41,6,0.8333,1.0,0.17,2,3,3,3,2,0,0.881,0.11528,4.96,0.0025,
job,mixed,26,every_k2,41,6,0.0,0.1667,1.0,0,3,0,3,3,2,,1.18996,51.22,4e-05,offset=0
job,mixed,26,every_k3,41,6,0.0,0.1667,2.0,0,3,0,3,3,2,,0.79331,34.15,3e-05,offset=1
job,mixed,26,every_k4,41,6,0.5,0.6667,0.5,0,3,3,3,1,0,,0.56665,24.39,2e-05,offset=3
job,mixed,26,adwin,41,6,0.0,0.0,,0,3,0,3,0,0,,2.32325,100.0,2e-05,
job,mixed,26,adwin_s,41,6,0.0,0.0,,0,3,0,3,0,0,,2.32325,100.0,2e-05,
job,mixed,26,mcusum,41,6,0.6667,0.6667,0.0,1,3,3,3,0,0,0.9143,2.32325,100.0,6e-05,
job,mixed,26,sketch1,41,6,0.8333,0.8333,0.0,2,3,3,3,0,0,0.8619,2.32325,100.0,0.00076,
job,mixed,27,dci_v2_P1,41,6,1.0,1.0,0.0,3,3,3,3,1,0,1.0,2.32325,100.0,0.00122,
job,mixed,27,dci_v2_P2,41,6,0.1667,0.3333,1.5,0,3,1,3,5,2,0.4905,1.28463,55.29,0.00111,
job,mixed,27,dci_v2_P4,41,6,0.1667,0.3333,1.5,0,3,1,3,5,2,0.4857,0.79567,34.25,0.00106,
job,mixed,27,dci_v2_P8,41,6,0.0,0.3333,2.0,0,3,0,3,4,1,0.4714,0.53038,22.83,0.00103,
job,mixed,27,dci_v1,41,6,1.0,1.0,0.0,3,3,3,3,1,0,1.0,2.32325,100.0,0.00162,
job,mixed,27,always_multiD,41,6,1.0,1.0,0.0,3,3,3,3,1,0,1.0,2.32325,100.0,0.00077,
job,mixed,27,best_axis_oracle,41,6,0.5,0.5,0.0,0,3,3,3,0,0,0.75,0.00013,0.01,0.00286,S_V
job,mixed,27,union4_raw,41,6,1.0,1.0,0.0,3,3,3,3,6,2,1.0,0.11528,4.96,0.00247,
job,mixed,27,union4_bonf,41,6,1.0,1.0,0.0,3,3,3,3,1,0,1.0,0.11528,4.96,0.00246,
job,mixed,27,every_k2,41,6,0.0,0.1667,1.0,0,3,0,3,1,0,,1.18996,51.22,4e-05,offset=0
job,mixed,27,every_k3,41,6,0.0,0.0,,0,3,0,3,0,0,,0.79331,34.15,3e-05,offset=1
job,mixed,27,every_k4,41,6,0.5,0.5,0.0,3,3,0,3,0,0,,0.56665,24.39,2e-05,offset=1
job,mixed,27,adwin,41,6,0.0,0.0,,0,3,0,3,0,0,,2.32325,100.0,2e-05,
job,mixed,27,adwin_s,41,6,0.0,0.0,,0,3,0,3,0,0,,2.32325,100.0,2e-05,
job,mixed,27,mcusum,41,6,1.0,1.0,0.0,3,3,3,3,0,0,1.0,2.32325,100.0,6e-05,
job,mixed,27,sketch1,41,6,1.0,1.0,0.0,3,3,3,3,0,0,1.0,2.32325,100.0,0.00075,
job,mixed,28,dci_v2_P1,41,6,1.0,1.0,0.0,3,3,3,3,13,6,1.0,2.32325,100.0,0.00122,
job,mixed,28,dci_v2_P2,41,6,1.0,1.0,0.0,3,3,3,3,20,10,0.8571,1.25157,53.87,0.00114,
job,mixed,28,dci_v2_P4,41,6,1.0,1.0,0.0,3,3,3,3,20,10,0.8571,0.74392,32.02,0.00106,
job,mixed,28,dci_v2_P8,41,6,1.0,1.0,0.0,3,3,3,3,20,10,0.8571,0.4619,19.88,0.00103,
job,mixed,28,dci_v1,41,6,1.0,1.0,0.0,3,3,3,3,13,6,1.0,2.32325,100.0,0.00164,
job,mixed,28,always_multiD,41,6,1.0,1.0,0.0,3,3,3,3,12,6,1.0,2.32325,100.0,0.00075,
job,mixed,28,best_axis_oracle,41,6,1.0,1.0,0.0,3,3,3,3,21,11,0.8476,0.01066,0.46,0.00289,S_A
job,mixed,28,union4_raw,41,6,1.0,1.0,0.0,3,3,3,3,22,11,1.0,0.11528,4.96,0.00249,
job,mixed,28,union4_bonf,41,6,1.0,1.0,0.0,3,3,3,3,15,8,1.0,0.11528,4.96,0.00248,
job,mixed,28,every_k2,41,6,0.0,0.5,1.67,0,3,0,3,8,4,,1.18996,51.22,5e-05,offset=0
job,mixed,28,every_k3,41,6,0.0,0.3333,2.0,0,3,0,3,6,4,,0.79331,34.15,3e-05,offset=1
job,mixed,28,every_k4,41,6,0.0,0.3333,2.0,0,3,0,3,4,2,,0.62331,26.83,2e-05,offset=0
job,mixed,28,adwin,41,6,0.0,0.0,,0,3,0,3,0,0,,2.32325,100.0,2e-05,
job,mixed,28,adwin_s,41,6,0.0,0.0,,0,3,0,3,0,0,,2.32325,100.0,2e-05,
job,mixed,28,mcusum,41,6,1.0,1.0,0.0,3,3,3,3,1,0,1.0,2.32325,100.0,5e-05,
job,mixed,28,sketch1,41,6,1.0,1.0,0.0,3,3,3,3,17,11,1.0,2.32325,100.0,0.00077,
job,mixed,29,dci_v2_P1,41,6,0.8333,0.8333,0.0,2,3,3,3,2,0,0.8476,2.32325,100.0,0.00121,
job,mixed,29,dci_v2_P2,41,6,0.3333,0.5,0.33,2,3,0,3,5,2,0.6333,1.25704,54.11,0.00113,
job,mixed,29,dci_v2_P4,41,6,0.5,0.5,0.0,2,3,1,3,5,2,0.6857,0.75747,32.6,0.00108,
job,mixed,29,dci_v2_P8,41,6,0.5,0.5,0.0,2,3,1,3,3,2,0.7048,0.48582,20.91,0.00104,
job,mixed,29,dci_v1,41,6,0.8333,0.8333,0.0,2,3,3,3,2,0,0.8524,2.32325,100.0,0.00165,
job,mixed,29,always_multiD,41,6,1.0,1.0,0.0,3,3,3,3,3,0,1.0,2.32325,100.0,0.00077,
job,mixed,29,best_axis_oracle,41,6,0.5,0.5,0.0,0,3,3,3,0,0,0.75,0.00013,0.01,0.00291,S_V
job,mixed,29,union4_raw,41,6,1.0,1.0,0.0,3,3,3,3,6,2,1.0,0.11528,4.96,0.00236,
job,mixed,29,union4_bonf,41,6,1.0,1.0,0.0,3,3,3,3,1,0,1.0,0.11528,4.96,0.00238,
job,mixed,29,every_k2,41,6,1.0,1.0,0.0,3,3,3,3,1,0,,1.13329,48.78,4e-05,offset=1
job,mixed,29,every_k3,41,6,0.0,0.1667,2.0,0,3,0,3,1,0,,0.79331,34.15,3e-05,offset=1
job,mixed,29,every_k4,41,6,0.0,0.1667,1.0,0,3,0,3,1,0,,0.62331,26.83,2e-05,offset=0
job,mixed,29,adwin,41,6,0.0,0.0,,0,3,0,3,0,0,,2.32325,100.0,2e-05,
job,mixed,29,adwin_s,41,6,0.0,0.0,,0,3,0,3,0,0,,2.32325,100.0,2e-05,
job,mixed,29,mcusum,41,6,1.0,1.0,0.0,3,3,3,3,0,0,1.0,2.32325,100.0,5e-05,
job,mixed,29,sketch1,41,6,1.0,1.0,0.0,3,3,3,3,0,0,1.0,2.32325,100.0,0.00075,
job,mixed,30,dci_v2_P1,41,6,1.0,1.0,0.0,3,3,3,3,0,0,1.0,2.32325,100.0,0.00126,
job,mixed,30,dci_v2_P2,41,6,0.3333,0.3333,0.0,2,3,0,3,1,1,0.6238,1.2528,53.92,0.00113,
job,mixed,30,dci_v2_P4,41,6,0.3333,0.3333,0.0,2,3,0,3,1,1,0.6238,0.74473,32.06,0.00107,
job,mixed,30,dci_v2_P8,41,6,0.3333,0.3333,0.0,2,3,0,3,1,1,0.5952,0.47096,20.27,0.00105,
job,mixed,30,dci_v1,41,6,1.0,1.0,0.0,3,3,3,3,1,1,1.0,2.32325,100.0,0.00163,
job,mixed,30,always_multiD,41,6,1.0,1.0,0.0,3,3,3,3,0,0,1.0,2.32325,100.0,0.00077,
job,mixed,30,best_axis_oracle,41,6,0.5,0.5,0.0,0,3,3,3,0,0,0.75,0.00013,0.01,0.00285,S_V
job,mixed,30,union4_raw,41,6,1.0,1.0,0.0,3,3,3,3,2,1,1.0,0.11528,4.96,0.00246,
job,mixed,30,union4_bonf,41,6,1.0,1.0,0.0,3,3,3,3,0,0,1.0,0.11528,4.96,0.00246,
job,mixed,30,every_k2,41,6,1.0,1.0,0.0,3,3,3,3,0,0,,1.13329,48.78,4e-05,offset=1
job,mixed,30,every_k3,41,6,0.0,0.0,,0,3,0,3,0,0,,0.79331,34.15,3e-05,offset=1
job,mixed,30,every_k4,41,6,0.0,0.0,,0,3,0,3,0,0,,0.62331,26.83,2e-05,offset=0
job,mixed,30,adwin,41,6,0.0,0.0,,0,3,0,3,0,0,,2.32325,100.0,2e-05,
job,mixed,30,adwin_s,41,6,0.0,0.0,,0,3,0,3,0,0,,2.32325,100.0,2e-05,
job,mixed,30,mcusum,41,6,1.0,1.0,0.0,3,3,3,3,0,0,1.0,2.32325,100.0,6e-05,
job,mixed,30,sketch1,41,6,1.0,1.0,0.0,3,3,3,3,0,0,1.0,2.32325,100.0,0.00076,
job,mixed,31,dci_v2_P1,41,6,1.0,1.0,0.0,3,3,3,3,11,3,1.0,2.32325,100.0,0.00121,
job,mixed,31,dci_v2_P2,41,6,0.8333,0.8333,0.0,3,3,2,3,11,3,0.9,2.09763,90.29,0.0012,
job,mixed,31,dci_v2_P4,41,6,0.5,0.8333,0.4,3,3,0,3,12,3,0.6571,0.91314,39.3,0.00108,
job,mixed,31,dci_v2_P8,41,6,0.5,0.6667,0.25,3,3,0,3,11,3,0.65,0.4619,19.88,0.00105,
job,mixed,31,dci_v1,41,6,1.0,1.0,0.0,3,3,3,3,11,3,1.0,2.32325,100.0,0.00165,
job,mixed,31,always_multiD,41,6,1.0,1.0,0.0,3,3,3,3,11,3,1.0,2.32325,100.0,0.00075,
job,mixed,31,best_axis_oracle,41,6,0.1667,0.3333,0.5,1,3,0,3,4,0,0.7619,0.00874,0.38,0.00289,S_T
job,mixed,31,union4_raw,41,6,1.0,1.0,0.0,3,3,3,3,13,3,1.0,0.11528,4.96,0.0025,
job,mixed,31,union4_bonf,41,6,1.0,1.0,0.0,3,3,3,3,13,3,1.0,0.11528,4.96,0.00249,
job,mixed,31,every_k2,41,6,0.0,0.6667,2.0,0,3,0,3,7,2,,1.18996,51.22,4e-05,offset=0
job,mixed,31,every_k3,41,6,0.0,0.5,2.0,0,3,0,3,5,2,,0.79331,34.15,3e-05,offset=1
job,mixed,31,every_k4,41,6,0.0,0.6667,2.0,0,3,0,3,5,1,,0.62331,26.83,2e-05,offset=0
job,mixed,31,adwin,41,6,0.0,0.0,,0,3,0,3,0,0,,2.32325,100.0,2e-05,
job,mixed,31,adwin_s,41,6,0.0,0.0,,0,3,0,3,0,0,,2.32325,100.0,2e-05,
job,mixed,31,mcusum,41,6,1.0,1.0,0.0,3,3,3,3,1,0,1.0,2.32325,100.0,6e-05,
job,mixed,31,sketch1,41,6,1.0,1.0,0.0,3,3,3,3,11,3,1.0,2.32325,100.0,0.00077,
job,mixed,32,dci_v2_P1,41,6,0.8333,0.8333,0.0,2,3,3,3,1,1,0.8571,2.32325,100.0,0.00118,
job,mixed,32,dci_v2_P2,41,6,0.3333,0.6667,0.75,1,3,1,3,7,3,0.5381,1.26977,54.66,0.00113,
job,mixed,32,dci_v2_P4,41,6,0.0,0.3333,1.5,0,3,0,3,5,2,0.5,0.79567,34.25,0.00107,
job,mixed,32,dci_v2_P8,41,6,0.0,0.3333,2.0,0,3,0,3,5,2,0.5095,0.53038,22.83,0.00103,
job,mixed,32,dci_v1,41,6,0.8333,0.8333,0.0,2,3,3,3,1,1,0.8857,2.32325,100.0,0.00163,
job,mixed,32,always_multiD,41,6,1.0,1.0,0.0,3,3,3,3,2,1,1.0,2.32325,100.0,0.00076,
job,mixed,32,best_axis_oracle,41,6,0.5,0.5,0.0,3,3,0,3,0,0,0.8262,0.01066,0.46,0.0029,S_A
job,mixed,32,union4_raw,41,6,1.0,1.0,0.0,3,3,3,3,10,5,1.0,0.11528,4.96,0.0025,
job,mixed,32,union4_bonf,41,6,1.0,1.0,0.0,3,3,3,3,1,1,1.0,0.11528,4.96,0.00249,
job,mixed,32,every_k2,41,6,0.0,0.1667,1.0,0,3,0,3,1,0,,1.18996,51.22,5e-05,offset=0
job,mixed,32,every_k3,41,6,0.0,0.1667,1.0,0,3,0,3,2,1,,0.79331,34.15,3e-05,offset=0
job,mixed,32,every_k4,41,6,0.0,0.0,,0,3,0,3,0,0,,0.62331,26.83,3e-05,offset=0
job,mixed,32,adwin,41,6,0.0,0.0,,0,3,0,3,0,0,,2.32325,100.0,2e-05,
job,mixed,32,adwin_s,41,6,0.0,0.0,,0,3,0,3,0,0,,2.32325,100.0,2e-05,
job,mixed,32,mcusum,41,6,0.8333,0.8333,0.0,2,3,3,3,0,0,0.9762,2.32325,100.0,5e-05,
job,mixed,32,sketch1,41,6,1.0,1.0,0.0,3,3,3,3,0,0,1.0,2.32325,100.0,0.00077,
job,mixed,33,dci_v2_P1,41,6,1.0,1.0,0.0,3,3,3,3,12,4,1.0,2.32325,100.0,0.00124,
job,mixed,33,dci_v2_P2,41,6,0.8333,0.8333,0.0,3,3,2,3,16,5,0.7286,1.25119,53.86,0.00115,
job,mixed,33,dci_v2_P4,41,6,0.8333,0.8333,0.0,3,3,2,3,14,5,0.7571,0.74331,31.99,0.00108,
job,mixed,33,dci_v2_P8,41,6,0.6667,0.8333,0.2,3,3,1,3,12,4,0.681,0.46101,19.84,0.00104,
job,mixed,33,dci_v1,41,6,1.0,1.0,0.0,3,3,3,3,13,5,1.0,2.32325,100.0,0.00165,
job,mixed,33,always_multiD,41,6,1.0,1.0,0.0,3,3,3,3,13,5,1.0,2.32325,100.0,0.00075,
job,mixed,33,best_axis_oracle,41,6,0.8333,0.8333,0.0,3,3,2,3,15,5,0.8357,0.01066,0.46,0.00289,S_A
job,mixed,33,union4_raw,41,6,1.0,1.0,0.0,3,3,3,3,18,7,1.0,0.11528,4.96,0.00251,
job,mixed,33,union4_bonf,41,6,1.0,1.0,0.0,3,3,3,3,15,5,1.0,0.11528,4.96,0.00247,
job,mixed,33,every_k2,41,6,1.0,1.0,0.0,3,3,3,3,4,2,,1.13329,48.78,4e-05,offset=1
job,mixed,33,every_k3,41,6,1.0,1.0,0.0,3,3,3,3,3,0,,0.73664,31.71,3e-05,offset=2
job,mixed,33,every_k4,41,6,0.0,0.6667,2.0,0,3,0,3,5,1,,0.56665,24.39,2e-05,offset=2
job,mixed,33,adwin,41,6,0.0,0.0,,0,3,0,3,0,0,,2.32325,100.0,2e-05,
job,mixed,33,adwin_s,41,6,0.0,0.0,,0,3,0,3,0,0,,2.32325,100.0,2e-05,
job,mixed,33,mcusum,41,6,1.0,1.0,0.0,3,3,3,3,2,1,1.0,2.32325,100.0,6e-05,
job,mixed,33,sketch1,41,6,1.0,1.0,0.0,3,3,3,3,15,5,1.0,2.32325,100.0,0.00077,
job,mixed,34,dci_v2_P1,41,6,0.8333,0.8333,0.0,2,3,3,3,2,0,0.8452,2.32325,100.0,0.00124,
job,mixed,34,dci_v2_P2,41,6,0.5,0.6667,0.5,3,3,0,3,3,1,0.581,1.26129,54.29,0.00114,
job,mixed,34,dci_v2_P4,41,6,0.5,0.6667,0.5,3,3,0,3,3,1,0.581,0.75747,32.6,0.00107,
job,mixed,34,dci_v2_P8,41,6,0.3333,0.3333,0.0,2,3,0,3,0,0,0.6333,0.51553,22.19,0.00104,
job,mixed,34,dci_v1,41,6,0.8333,0.8333,0.0,2,3,3,3,2,0,0.8714,2.32325,100.0,0.00167,
job,mixed,34,always_multiD,41,6,1.0,1.0,0.0,3,3,3,3,2,0,1.0,2.32325,100.0,0.00078,
job,mixed,34,best_axis_oracle,41,6,0.5,0.5,0.0,3,3,0,3,0,0,0.8262,0.01066,0.46,0.00292,S_A
job,mixed,34,union4_raw,41,6,1.0,1.0,0.0,3,3,3,3,3,1,1.0,0.11528,4.96,0.00249,
job,mixed,34,union4_bonf,41,6,1.0,1.0,0.0,3,3,3,3,1,0,1.0,0.11528,4.96,0.00251,
job,mixed,34,every_k2,41,6,0.0,0.1667,3.0,0,3,0,3,1,0,,1.18996,51.22,6e-05,offset=0
job,mixed,34,every_k3,41,6,1.0,1.0,0.0,3,3,3,3,1,0,,0.73664,31.71,3e-05,offset=2
job,mixed,34,every_k4,41,6,0.0,0.1667,3.0,0,3,0,3,1,0,,0.62331,26.83,3e-05,offset=0
job,mixed,34,adwin,41,6,0.0,0.0,,0,3,0,3,0,0,,2.32325,100.0,2e-05,
job,mixed,34,adwin_s,41,6,0.0,0.0,,0,3,0,3,0,0,,2.32325,100.0,2e-05,
job,mixed,34,mcusum,41,6,1.0,1.0,0.0,3,3,3,3,0,0,1.0,2.32325,100.0,5e-05,
job,mixed,34,sketch1,41,6,1.0,1.0,0.0,3,3,3,3,0,0,1.0,2.32325,100.0,0.00078,
job,mixed,35,dci_v2_P1,41,6,0.8333,0.8333,0.0,2,3,3,3,0,0,0.8762,2.32325,100.0,0.00118,
job,mixed,35,dci_v2_P2,41,6,0.1667,0.3333,1.5,0,3,1,3,4,3,0.6286,1.291,55.57,0.00115,
job,mixed,35,dci_v2_P4,41,6,0.3333,0.3333,0.0,1,3,1,3,4,3,0.681,0.78293,33.7,0.0011,
job,mixed,35,dci_v2_P8,41,6,0.1667,0.3333,1.5,0,3,1,3,4,3,0.6286,0.53038,22.83,0.00108,
job,mixed,35,dci_v1,41,6,0.8333,0.8333,0.0,2,3,3,3,1,1,0.919,2.32325,100.0,0.00167,
job,mixed,35,always_multiD,41,6,1.0,1.0,0.0,3,3,3,3,0,0,1.0,2.32325,100.0,0.00078,
job,mixed,35,best_axis_oracle,41,6,0.8333,0.8333,0.0,3,3,2,3,4,3,0.8381,0.00874,0.38,0.00294,S_T
job,mixed,35,union4_raw,41,6,1.0,1.0,0.0,3,3,3,3,5,4,1.0,0.11528,4.96,0.00253,
job,mixed,35,union4_bonf,41,6,1.0,1.0,0.0,3,3,3,3,1,1,1.0,0.11528,4.96,0.00254,
job,mixed,35,every_k2,41,6,0.0,0.0,,0,3,0,3,0,0,,1.18996,51.22,6e-05,offset=0
job,mixed,35,every_k3,41,6,1.0,1.0,0.0,3,3,3,3,0,0,,0.73664,31.71,3e-05,offset=2
job,mixed,35,every_k4,41,6,0.0,0.0,,0,3,0,3,0,0,,0.56665,24.39,2e-05,offset=2
job,mixed,35,adwin,41,6,0.0,0.0,,0,3,0,3,0,0,,2.32325,100.0,2e-05,
job,mixed,35,adwin_s,41,6,0.0,0.0,,0,3,0,3,0,0,,2.32325,100.0,2e-05,
job,mixed,35,mcusum,41,6,0.8333,0.8333,0.0,2,3,3,3,1,1,0.981,2.32325,100.0,5e-05,
job,mixed,35,sketch1,41,6,1.0,1.0,0.0,3,3,3,3,0,0,1.0,2.32325,100.0,0.00079,
job,mixed,36,dci_v2_P1,41,6,1.0,1.0,0.0,3,3,3,3,2,1,1.0,2.32325,100.0,0.00127,
job,mixed,36,dci_v2_P2,41,6,0.5,0.5,0.0,3,3,0,3,1,1,0.75,1.25157,53.87,0.00114,
job,mixed,36,dci_v2_P4,41,6,0.5,0.5,0.0,3,3,0,3,1,1,0.75,0.74392,32.02,0.00108,
job,mixed,36,dci_v2_P8,41,6,0.5,0.5,0.0,3,3,0,3,1,1,0.75,0.4619,19.88,0.00105,
job,mixed,36,dci_v1,41,6,1.0,1.0,0.0,3,3,3,3,2,1,1.0,2.32325,100.0,0.00164,
job,mixed,36,always_multiD,41,6,1.0,1.0,0.0,3,3,3,3,2,1,1.0,2.32325,100.0,0.00078,
job,mixed,36,best_axis_oracle,41,6,0.5,0.5,0.0,0,3,3,3,0,0,0.75,0.00013,0.01,0.00288,S_V
job,mixed,36,union4_raw,41,6,1.0,1.0,0.0,3,3,3,3,2,2,1.0,0.11528,4.96,0.0025,
job,mixed,36,union4_bonf,41,6,1.0,1.0,0.0,3,3,3,3,1,1,1.0,0.11528,4.96,0.00249,
job,mixed,36,every_k2,41,6,0.0,0.0,,0,3,0,3,1,1,,1.18996,51.22,4e-05,offset=0
job,mixed,36,every_k3,41,6,0.0,0.0,,0,3,0,3,1,1,,0.79331,34.15,3e-05,offset=0
job,mixed,36,every_k4,41,6,0.5,0.5,0.0,3,3,0,3,0,0,,0.56665,24.39,2e-05,offset=1
job,mixed,36,adwin,41,6,0.0,0.0,,0,3,0,3,0,0,,2.32325,100.0,2e-05,
job,mixed,36,adwin_s,41,6,0.0,0.0,,0,3,0,3,0,0,,2.32325,100.0,2e-05,
job,mixed,36,mcusum,41,6,0.8333,0.8333,0.0,2,3,3,3,0,0,0.981,2.32325,100.0,6e-05,
job,mixed,36,sketch1,41,6,1.0,1.0,0.0,3,3,3,3,1,1,1.0,2.32325,100.0,0.00075,
job,mixed,37,dci_v2_P1,41,6,1.0,1.0,0.0,3,3,3,3,0,0,1.0,2.32325,100.0,0.00126,
job,mixed,37,dci_v2_P2,41,6,0.6667,0.6667,0.0,3,3,1,3,1,1,0.9619,1.25067,53.83,0.00115,
job,mixed,37,dci_v2_P4,41,6,0.6667,0.6667,0.0,3,3,1,3,1,1,0.9619,0.74261,31.96,0.00109,
job,mixed,37,dci_v2_P8,41,6,0.6667,0.6667,0.0,3,3,1,3,1,1,0.9619,0.46035,19.82,0.00106,
job,mixed,37,dci_v1,41,6,1.0,1.0,0.0,3,3,3,3,0,0,1.0,2.32325,100.0,0.00166,
job,mixed,37,always_multiD,41,6,1.0,1.0,0.0,3,3,3,3,0,0,1.0,2.32325,100.0,0.00078,
job,mixed,37,best_axis_oracle,41,6,0.6667,0.6667,0.0,3,3,1,3,1,1,0.9619,0.00874,0.38,0.00294,S_T
job,mixed,37,union4_raw,41,6,1.0,1.0,0.0,3,3,3,3,2,1,1.0,0.11528,4.96,0.00244,
job,mixed,37,union4_bonf,41,6,1.0,1.0,0.0,3,3,3,3,0,0,1.0,0.11528,4.96,0.00234,
job,mixed,37,every_k2,41,6,1.0,1.0,0.0,3,3,3,3,0,0,,1.13329,48.78,5e-05,offset=1
job,mixed,37,every_k3,41,6,0.0,0.0,,0,3,0,3,0,0,,0.79331,34.15,3e-05,offset=1
job,mixed,37,every_k4,41,6,0.5,0.5,0.0,0,3,3,3,0,0,,0.56665,24.39,2e-05,offset=3
job,mixed,37,adwin,41,6,0.0,0.0,,0,3,0,3,0,0,,2.32325,100.0,2e-05,
job,mixed,37,adwin_s,41,6,0.0,0.0,,0,3,0,3,0,0,,2.32325,100.0,2e-05,
job,mixed,37,mcusum,41,6,1.0,1.0,0.0,3,3,3,3,0,0,1.0,2.32325,100.0,5e-05,
job,mixed,37,sketch1,41,6,1.0,1.0,0.0,3,3,3,3,0,0,1.0,2.32325,100.0,0.00073,
job,mixed,38,dci_v2_P1,41,6,1.0,1.0,0.0,3,3,3,3,4,3,1.0,2.32325,100.0,0.00128,
job,mixed,38,dci_v2_P2,41,6,0.5,0.6667,0.75,3,3,0,3,2,1,0.7881,1.25124,53.86,0.00116,
job,mixed,38,dci_v2_P4,41,6,0.5,0.6667,0.75,3,3,0,3,2,1,0.7881,0.74345,32.0,0.00108,
job,mixed,38,dci_v2_P8,41,6,0.5,0.6667,0.75,3,3,0,3,2,1,0.7881,0.46134,19.86,0.00105,
job,mixed,38,dci_v1,41,6,1.0,1.0,0.0,3,3,3,3,4,3,1.0,2.32325,100.0,0.00166,
job,mixed,38,always_multiD,41,6,1.0,1.0,0.0,3,3,3,3,4,3,1.0,2.32325,100.0,0.00076,
job,mixed,38,best_axis_oracle,41,6,0.1667,0.3333,0.5,1,3,0,3,1,0,0.8238,0.09575,4.12,0.00289,S_R
job,mixed,38,union4_raw,41,6,1.0,1.0,0.0,3,3,3,3,5,2,1.0,0.11528,4.96,0.00251,
job,mixed,38,union4_bonf,41,6,1.0,1.0,0.0,3,3,3,3,3,2,1.0,0.11528,4.96,0.0025,
job,mixed,38,every_k2,41,6,0.0,0.1667,3.0,0,3,0,3,2,1,,1.18996,51.22,5e-05,offset=0
job,mixed,38,every_k3,41,6,1.0,1.0,0.0,3,3,3,3,1,0,,0.73664,31.71,3e-05,offset=2
job,mixed,38,every_k4,41,6,0.0,0.1667,3.0,0,3,0,3,1,0,,0.56665,24.39,2e-05,offset=2
job,mixed,38,adwin,41,6,0.0,0.0,,0,3,0,3,0,0,,2.32325,100.0,2e-05,
job,mixed,38,adwin_s,41,6,0.0,0.0,,0,3,0,3,0,0,,2.32325,100.0,2e-05,
job,mixed,38,mcusum,41,6,0.8333,0.8333,0.0,2,3,3,3,0,0,0.981,2.32325,100.0,6e-05,
job,mixed,38,sketch1,41,6,1.0,1.0,0.0,3,3,3,3,2,2,1.0,2.32325,100.0,0.00076,
job,mixed,39,dci_v2_P1,41,6,1.0,1.0,0.0,3,3,3,3,1,1,1.0,2.32325,100.0,0.00126,
job,mixed,39,dci_v2_P2,41,6,0.3333,0.3333,0.0,2,3,0,3,1,1,0.6429,1.26129,54.29,0.00116,
job,mixed,39,dci_v2_P4,41,6,0.3333,0.3333,0.0,2,3,0,3,1,1,0.6571,0.76383,32.88,0.00109,
job,mixed,39,dci_v2_P8,41,6,0.3333,0.3333,0.0,2,3,0,3,1,1,0.6571,0.48582,20.91,0.00107,
job,mixed,39,dci_v1,41,6,1.0,1.0,0.0,3,3,3,3,1,1,1.0,2.32325,100.0,0.00165,
job,mixed,39,always_multiD,41,6,1.0,1.0,0.0,3,3,3,3,1,1,1.0,2.32325,100.0,0.00078,
job,mixed,39,best_axis_oracle,41,6,0.5,0.5,0.0,0,3,3,3,0,0,0.75,0.00013,0.01,0.00294,S_V
job,mixed,39,union4_raw,41,6,1.0,1.0,0.0,3,3,3,3,1,1,1.0,0.11528,4.96,0.00252,
job,mixed,39,union4_bonf,41,6,1.0,1.0,0.0,3,3,3,3,0,0,1.0,0.11528,4.96,0.00251,
job,mixed,39,every_k2,41,6,0.0,0.0,,0,3,0,3,0,0,,1.18996,51.22,5e-05,offset=0
job,mixed,39,every_k3,41,6,1.0,1.0,0.0,3,3,3,3,0,0,,0.73664,31.71,3e-05,offset=2
job,mixed,39,every_k4,41,6,0.5,0.5,0.0,3,3,0,3,0,0,,0.56665,24.39,3e-05,offset=1
job,mixed,39,adwin,41,6,0.0,0.0,,0,3,0,3,0,0,,2.32325,100.0,2e-05,
job,mixed,39,adwin_s,41,6,0.0,0.0,,0,3,0,3,0,0,,2.32325,100.0,2e-05,
job,mixed,39,mcusum,41,6,1.0,1.0,0.0,3,3,3,3,0,0,1.0,2.32325,100.0,6e-05,
job,mixed,39,sketch1,41,6,1.0,1.0,0.0,3,3,3,3,0,0,1.0,2.32325,100.0,0.00078,
job,mixed,40,dci_v2_P1,41,6,1.0,1.0,0.0,3,3,3,3,4,1,1.0,2.32325,100.0,0.00126,
job,mixed,40,dci_v2_P2,41,6,0.3333,0.3333,0.0,2,3,0,3,3,1,0.8333,1.2576,54.13,0.00111,
job,mixed,40,dci_v2_P4,41,6,0.3333,0.3333,0.0,2,3,0,3,3,1,0.8333,0.74982,32.27,0.00107,
job,mixed,40,dci_v2_P8,41,6,0.5,0.5,0.0,3,3,0,3,3,1,0.8667,0.46134,19.86,0.00104,
job,mixed,40,dci_v1,41,6,1.0,1.0,0.0,3,3,3,3,4,1,1.0,2.32325,100.0,0.00164,
job,mixed,40,always_multiD,41,6,1.0,1.0,0.0,3,3,3,3,4,1,1.0,2.32325,100.0,0.00077,
job,mixed,40,best_axis_oracle,41,6,0.5,0.5,0.0,3,3,0,3,3,1,0.8524,0.01066,0.46,0.00288,S_A
job,mixed,40,union4_raw,41,6,1.0,1.0,0.0,3,3,3,3,4,2,1.0,0.11528,4.96,0.00248,
job,mixed,40,union4_bonf,41,6,1.0,1.0,0.0,3,3,3,3,3,1,1.0,0.11528,4.96,0.00248,
job,mixed,40,every_k2,41,6,1.0,1.0,0.0,3,3,3,3,1,0,,1.13329,48.78,4e-05,offset=1
job,mixed,40,every_k3,41,6,0.0,0.3333,1.0,0,3,0,3,2,0,,0.79331,34.15,3e-05,offset=0
job,mixed,40,every_k4,41,6,0.5,0.6667,0.5,0,3,3,3,1,0,,0.56665,24.39,2e-05,offset=3
job,mixed,40,adwin,41,6,0.0,0.0,,0,3,0,3,0,0,,2.32325,100.0,2e-05,
job,mixed,40,adwin_s,41,6,0.0,0.0,,0,3,0,3,0,0,,2.32325,100.0,2e-05,
job,mixed,40,mcusum,41,6,1.0,1.0,0.0,3,3,3,3,0,0,1.0,2.32325,100.0,6e-05,
job,mixed,40,sketch1,41,6,1.0,1.0,0.0,3,3,3,3,3,1,1.0,2.32325,100.0,0.00075,
job,mixed,41,dci_v2_P1,41,6,0.6667,0.6667,0.0,1,3,3,3,2,1,0.7619,2.32325,100.0,0.00113,
job,mixed,41,dci_v2_P2,41,6,0.1667,0.6667,1.25,1,3,0,3,8,4,0.4857,1.26553,54.47,0.00114,
job,mixed,41,dci_v2_P4,41,6,0.1667,0.6667,1.25,1,3,0,3,8,4,0.4857,0.76383,32.88,0.0011,
job,mixed,41,dci_v2_P8,41,6,0.0,0.5,2.0,0,3,0,3,6,3,0.4762,0.53038,22.83,0.00106,
job,mixed,41,dci_v1,41,6,0.6667,0.6667,0.0,1,3,3,3,2,1,0.8333,2.32325,100.0,0.00165,
job,mixed,41,always_multiD,41,6,1.0,1.0,0.0,3,3,3,3,2,0,1.0,2.32325,100.0,0.00077,
job,mixed,41,best_axis_oracle,41,6,0.5,0.5,0.0,0,3,3,3,0,0,0.75,0.00013,0.01,0.00291,S_V
job,mixed,41,union4_raw,41,6,1.0,1.0,0.0,3,3,3,3,9,4,1.0,0.11528,4.96,0.00251,
job,mixed,41,union4_bonf,41,6,1.0,1.0,0.0,3,3,3,3,1,1,1.0,0.11528,4.96,0.00251,
job,mixed,41,every_k2,41,6,0.0,0.3333,1.0,0,3,0,3,2,0,,1.18996,51.22,5e-05,offset=0
job,mixed,41,every_k3,41,6,0.0,0.0,,0,3,0,3,0,0,,0.79331,34.15,3e-05,offset=1
job,mixed,41,every_k4,41,6,0.5,0.5,0.0,0,3,3,3,0,0,,0.56665,24.39,2e-05,offset=3
job,mixed,41,adwin,41,6,0.0,0.0,,0,3,0,3,0,0,,2.32325,100.0,2e-05,
job,mixed,41,adwin_s,41,6,0.0,0.0,,0,3,0,3,0,0,,2.32325,100.0,2e-05,
job,mixed,41,mcusum,41,6,1.0,1.0,0.0,3,3,3,3,0,0,1.0,2.32325,100.0,5e-05,
job,mixed,41,sketch1,41,6,1.0,1.0,0.0,3,3,3,3,0,0,1.0,2.32325,100.0,0.00078,
job,mixed,42,dci_v2_P1,41,6,1.0,1.0,0.0,3,3,3,3,1,1,1.0,2.32325,100.0,0.00128,
job,mixed,42,dci_v2_P2,41,6,0.0,0.0,,0,3,0,3,1,1,0.5143,1.28463,55.29,0.00114,
job,mixed,42,dci_v2_P4,41,6,0.0,0.0,,0,3,0,3,1,1,0.5429,0.79567,34.25,0.0011,
job,mixed,42,dci_v2_P8,41,6,0.0,0.0,,0,3,0,3,1,1,0.5571,0.53038,22.83,0.00106,
job,mixed,42,dci_v1,41,6,1.0,1.0,0.0,3,3,3,3,1,1,1.0,2.32325,100.0,0.00166,
job,mixed,42,always_multiD,41,6,1.0,1.0,0.0,3,3,3,3,1,1,1.0,2.32325,100.0,0.0008,
job,mixed,42,best_axis_oracle,41,6,0.5,0.5,0.0,0,3,3,3,0,0,0.75,0.00013,0.01,0.00295,S_V
job,mixed,42,union4_raw,41,6,1.0,1.0,0.0,3,3,3,3,3,3,1.0,0.11528,4.96,0.00255,
job,mixed,42,union4_bonf,41,6,1.0,1.0,0.0,3,3,3,3,0,0,1.0,0.11528,4.96,0.00255,
job,mixed,42,every_k2,41,6,0.0,0.0,,0,3,0,3,1,1,,1.18996,51.22,5e-05,offset=0
job,mixed,42,every_k3,41,6,1.0,1.0,0.0,3,3,3,3,0,0,,0.73664,31.71,3e-05,offset=2
job,mixed,42,every_k4,41,6,0.5,0.5,0.0,3,3,0,3,0,0,,0.56665,24.39,2e-05,offset=1
job,mixed,42,adwin,41,6,0.0,0.0,,0,3,0,3,0,0,,2.32325,100.0,2e-05,
job,mixed,42,adwin_s,41,6,0.0,0.0,,0,3,0,3,0,0,,2.32325,100.0,2e-05,
job,mixed,42,mcusum,41,6,0.8333,0.8333,0.0,2,3,3,3,0,0,0.9905,2.32325,100.0,6e-05,
job,mixed,42,sketch1,41,6,1.0,1.0,0.0,3,3,3,3,0,0,1.0,2.32325,100.0,0.00079,
job,mixed,43,dci_v2_P1,41,6,0.8333,0.8333,0.0,2,3,3,3,13,6,0.8571,2.32325,100.0,0.00122,
job,mixed,43,dci_v2_P2,41,6,1.0,1.0,0.0,3,3,3,3,17,8,0.8548,1.25157,53.87,0.00114,
job,mixed,43,dci_v2_P4,41,6,1.0,1.0,0.0,3,3,3,3,17,8,0.8548,0.74392,32.02,0.00109,
job,mixed,43,dci_v2_P8,41,6,1.0,1.0,0.0,3,3,3,3,17,8,0.8548,0.4619,19.88,0.00106,
job,mixed,43,dci_v1,41,6,0.8333,0.8333,0.0,2,3,3,3,13,6,0.9381,2.32325,100.0,0.00165,
job,mixed,43,always_multiD,41,6,1.0,1.0,0.0,3,3,3,3,17,8,1.0,2.32325,100.0,0.00078,
job,mixed,43,best_axis_oracle,41,6,1.0,1.0,0.0,3,3,3,3,17,8,0.85,0.01066,0.46,0.00292,S_A
job,mixed,43,union4_raw,41,6,1.0,1.0,0.0,3,3,3,3,20,9,1.0,0.11528,4.96,0.00252,
job,mixed,43,union4_bonf,41,6,1.0,1.0,0.0,3,3,3,3,17,8,1.0,0.11528,4.96,0.0025,
job,mixed,43,every_k2,41,6,0.0,0.6667,1.0,0,3,0,3,11,5,,1.18996,51.22,5e-05,offset=0
job,mixed,43,every_k3,41,6,0.0,0.5,2.0,0,3,0,3,7,4,,0.79331,34.15,3e-05,offset=1
job,mixed,43,every_k4,41,6,0.0,0.5,1.67,0,3,0,3,6,3,,0.62331,26.83,2e-05,offset=0
job,mixed,43,adwin,41,6,0.0,0.0,,0,3,0,3,0,0,,2.32325,100.0,2e-05,
job,mixed,43,adwin_s,41,6,0.0,0.0,,0,3,0,3,0,0,,2.32325,100.0,2e-05,
job,mixed,43,mcusum,41,6,1.0,1.0,0.0,3,3,3,3,6,2,1.0,2.32325,100.0,5e-05,
job,mixed,43,sketch1,41,6,1.0,1.0,0.0,3,3,3,3,17,8,1.0,2.32325,100.0,0.00079,
job,mixed,44,dci_v2_P1,41,6,0.8333,1.0,0.5,2,3,3,3,3,1,0.9524,2.32325,100.0,0.00118,
job,mixed,44,dci_v2_P2,41,6,0.3333,0.6667,1.0,2,3,0,3,3,1,0.7143,1.27642,54.94,0.00108,
job,mixed,44,dci_v2_P4,41,6,0.3333,0.6667,1.0,2,3,0,3,3,1,0.6762,0.75208,32.37,0.00102,
job,mixed,44,dci_v2_P8,41,6,0.3333,0.5,1.0,2,3,0,3,2,1,0.6786,0.47228,20.33,0.00099,
job,mixed,44,dci_v1,41,6,0.8333,1.0,0.5,2,3,3,3,6,4,0.9381,2.32325,100.0,0.00155,
job,mixed,44,always_multiD,41,6,0.8333,1.0,0.5,2,3,3,3,4,2,0.8905,2.32325,100.0,0.00072,
job,mixed,44,best_axis_oracle,41,6,0.5,0.5,0.0,0,3,3,3,0,0,0.75,0.00013,0.01,0.00278,S_V
job,mixed,44,union4_raw,41,6,0.8333,1.0,0.5,2,3,3,3,7,4,0.919,0.11528,4.96,0.00244,
job,mixed,44,union4_bonf,41,6,0.8333,1.0,0.5,2,3,3,3,3,2,0.919,0.11528,4.96,0.00239,
job,mixed,44,every_k2,41,6,0.0,0.1667,3.0,0,3,0,3,2,1,,1.18996,51.22,4e-05,offset=0
job,mixed,44,every_k3,41,6,0.8333,1.0,0.5,2,3,3,3,2,1,,0.73664,31.71,3e-05,offset=2
job,mixed,44,every_k4,41,6,0.5,0.5,0.0,0,3,3,3,0,0,,0.56665,24.39,3e-05,offset=3
job,mixed,44,adwin,41,6,0.0,0.0,,0,3,0,3,0,0,,2.32325,100.0,2e-05,
job,mixed,44,adwin_s,41,6,0.0,0.0,,0,3,0,3,0,0,,2.32325,100.0,2e-05,
job,mixed,44,mcusum,41,6,0.8333,0.8333,0.0,2,3,3,3,0,0,0.981,2.32325,100.0,6e-05,
job,mixed,44,sketch1,41,6,0.8333,1.0,0.5,2,3,3,3,2,1,0.9571,2.32325,100.0,0.00072,
job,mixed,45,dci_v2_P1,41,6,1.0,1.0,0.0,3,3,3,3,8,5,1.0,2.32325,100.0,0.00126,
job,mixed,45,dci_v2_P2,41,6,0.3333,0.5,0.33,1,3,1,3,9,5,0.619,1.2702,54.67,0.00114,
job,mixed,45,dci_v2_P4,41,6,0.3333,0.5,0.33,1,3,1,3,8,4,0.6881,0.77713,33.45,0.00108,
job,mixed,45,dci_v2_P8,41,6,0.3333,0.5,0.33,1,3,1,3,8,4,0.6881,0.50133,21.58,0.00105,
job,mixed,45,dci_v1,41,6,1.0,1.0,0.0,3,3,3,3,9,6,1.0,2.32325,100.0,0.00165,
job,mixed,45,always_multiD,41,6,1.0,1.0,0.0,3,3,3,3,9,6,1.0,2.32325,100.0,0.00079,
job,mixed,45,best_axis_oracle,41,6,0.0,0.0,,0,3,0,3,0,0,0.8143,0.09575,4.12,0.00293,S_R
job,mixed,45,union4_raw,41,6,1.0,1.0,0.0,3,3,3,3,10,6,1.0,0.11528,4.96,0.00255,
job,mixed,45,union4_bonf,41,6,1.0,1.0,0.0,3,3,3,3,10,6,1.0,0.11528,4.96,0.00234,
job,mixed,45,every_k2,41,6,1.0,1.0,0.0,3,3,3,3,3,2,,1.13329,48.78,4e-05,offset=1
job,mixed,45,every_k3,41,6,0.0,0.1667,2.0,0,3,0,3,5,4,,0.79331,34.15,3e-05,offset=1
job,mixed,45,every_k4,41,6,0.5,0.6667,0.5,3,3,0,3,2,1,,0.56665,24.39,2e-05,offset=1
job,mixed,45,adwin,41,6,0.0,0.0,,0,3,0,3,0,0,,2.32325,100.0,2e-05,
job,mixed,45,adwin_s,41,6,0.0,0.0,,0,3,0,3,0,0,,2.32325,100.0,2e-05,
job,mixed,45,mcusum,41,6,1.0,1.0,0.0,3,3,3,3,1,1,1.0,2.32325,100.0,5e-05,
job,mixed,45,sketch1,41,6,1.0,1.0,0.0,3,3,3,3,10,6,1.0,2.32325,100.0,0.00072,
job,mixed,46,dci_v2_P1,41,6,0.8333,0.8333,0.0,2,3,3,3,13,6,0.8524,2.32325,100.0,0.00121,
job,mixed,46,dci_v2_P2,41,6,0.8333,0.8333,0.0,3,3,2,3,16,8,0.7524,1.30797,56.3,0.00116,
job,mixed,46,dci_v2_P4,41,6,0.8333,0.8333,0.0,3,3,2,3,16,8,0.7524,0.80033,34.45,0.00108,
job,mixed,46,dci_v2_P8,41,6,0.8333,0.8333,0.0,3,3,2,3,16,8,0.7524,0.57471,24.74,0.00107,
job,mixed,46,dci_v1,41,6,0.8333,0.8333,0.0,2,3,3,3,13,6,0.9143,2.32325,100.0,0.00169,
job,mixed,46,always_multiD,41,6,1.0,1.0,0.0,3,3,3,3,18,9,1.0,2.32325,100.0,0.00082,
job,mixed,46,best_axis_oracle,41,6,0.5,0.5,0.0,0,3,3,3,0,0,0.75,0.00013,0.01,0.00276,S_V
job,mixed,46,union4_raw,41,6,1.0,1.0,0.0,3,3,3,3,19,10,1.0,0.11528,4.96,0.00236,
job,mixed,46,union4_bonf,41,6,1.0,1.0,0.0,3,3,3,3,18,10,1.0,0.11528,4.96,0.00241,
job,mixed,46,every_k2,41,6,1.0,1.0,0.0,3,3,3,3,8,5,,1.13329,48.78,4e-05,offset=1
job,mixed,46,every_k3,41,6,0.0,0.5,2.0,0,3,0,3,7,4,,0.79331,34.15,3e-05,offset=1
job,mixed,46,every_k4,41,6,0.0,0.5,2.33,0,3,0,3,5,2,,0.56665,24.39,2e-05,offset=2
job,mixed,46,adwin,41,6,0.0,0.0,,0,3,0,3,0,0,,2.32325,100.0,2e-05,
job,mixed,46,adwin_s,41,6,0.0,0.0,,0,3,0,3,0,0,,2.32325,100.0,2e-05,
job,mixed,46,mcusum,41,6,1.0,1.0,0.0,3,3,3,3,8,4,1.0,2.32325,100.0,5e-05,
job,mixed,46,sketch1,41,6,1.0,1.0,0.0,3,3,3,3,16,8,1.0,2.32325,100.0,0.00075,
job,mixed,47,dci_v2_P1,41,6,1.0,1.0,0.0,3,3,3,3,12,6,1.0,2.32325,100.0,0.00124,
job,mixed,47,dci_v2_P2,41,6,0.5,0.6667,0.75,2,3,1,3,10,6,0.65,1.25147,53.87,0.00115,
job,mixed,47,dci_v2_P4,41,6,0.5,0.6667,0.75,2,3,1,3,10,6,0.65,0.74378,32.01,0.00108,
job,mixed,47,dci_v2_P8,41,6,0.6667,0.6667,0.0,3,3,1,3,11,6,0.7929,0.4619,19.88,0.00106,
job,mixed,47,dci_v1,41,6,1.0,1.0,0.0,3,3,3,3,13,7,1.0,2.32325,100.0,0.00166,
job,mixed,47,always_multiD,41,6,1.0,1.0,0.0,3,3,3,3,12,6,1.0,2.32325,100.0,0.00077,
job,mixed,47,best_axis_oracle,41,6,0.6667,0.6667,0.0,3,3,1,3,11,6,0.7857,0.01066,0.46,0.00292,S_A
job,mixed,47,union4_raw,41,6,1.0,1.0,0.0,3,3,3,3,15,8,1.0,0.11528,4.96,0.0025,
job,mixed,47,union4_bonf,41,6,1.0,1.0,0.0,3,3,3,3,11,6,1.0,0.11528,4.96,0.0025,
job,mixed,47,every_k2,41,6,1.0,1.0,0.0,3,3,3,3,4,2,,1.13329,48.78,4e-05,offset=1
job,mixed,47,every_k3,41,6,1.0,1.0,0.0,3,3,3,3,2,0,,0.73664,31.71,3e-05,offset=2
job,mixed,47,every_k4,41,6,0.5,0.5,0.0,3,3,0,3,1,1,,0.56665,24.39,2e-05,offset=1
job,mixed,47,adwin,41,6,0.0,0.0,,0,3,0,3,0,0,,2.32325,100.0,2e-05,
job,mixed,47,adwin_s,41,6,0.0,0.0,,0,3,0,3,0,0,,2.32325,100.0,2e-05,
job,mixed,47,mcusum,41,6,1.0,1.0,0.0,3,3,3,3,1,1,1.0,2.32325,100.0,6e-05,
job,mixed,47,sketch1,41,6,1.0,1.0,0.0,3,3,3,3,10,5,1.0,2.32325,100.0,0.00076,
job,mixed,48,dci_v2_P1,41,6,0.8333,0.8333,0.0,2,3,3,3,1,0,0.9952,2.32325,100.0,0.00126,
job,mixed,48,dci_v2_P2,41,6,0.1667,0.3333,1.5,1,3,0,3,1,0,0.7619,1.25944,54.21,0.00118,
job,mixed,48,dci_v2_P4,41,6,0.1667,0.3333,1.5,1,3,0,3,1,0,0.6786,0.76878,33.09,0.0011,
job,mixed,48,dci_v2_P8,41,6,0.3333,0.3333,0.0,2,3,0,3,0,0,0.8095,0.46068,19.83,0.00107,
job,mixed,48,dci_v1,41,6,0.8333,0.8333,0.0,2,3,3,3,2,1,0.9857,2.32325,100.0,0.0017,
job,mixed,48,always_multiD,41,6,0.8333,0.8333,0.0,2,3,3,3,1,0,0.9905,2.32325,100.0,0.0008,
job,mixed,48,best_axis_oracle,41,6,0.5,0.5,0.0,3,3,0,3,1,0,0.7762,0.01066,0.46,0.00296,S_A
job,mixed,48,union4_raw,41,6,1.0,1.0,0.0,3,3,3,3,3,0,0.9952,0.11528,4.96,0.00258,
job,mixed,48,union4_bonf,41,6,1.0,1.0,0.0,3,3,3,3,1,0,0.9952,0.11528,4.96,0.00257,
job,mixed,48,every_k2,41,6,0.0,0.1667,1.0,0,3,0,3,1,0,,1.18996,51.22,5e-05,offset=0
job,mixed,48,every_k3,41,6,0.0,0.0,,0,3,0,3,0,0,,0.79331,34.15,3e-05,offset=1
job,mixed,48,every_k4,41,6,0.3333,0.3333,0.0,2,3,0,3,0,0,,0.56665,24.39,2e-05,offset=1
job,mixed,48,adwin,41,6,0.0,0.0,,0,3,0,3,0,0,,2.32325,100.0,2e-05,
job,mixed,48,adwin_s,41,6,0.0,0.0,,0,3,0,3,0,0,,2.32325,100.0,2e-05,
job,mixed,48,mcusum,41,6,0.6667,0.6667,0.0,1,3,3,3,0,0,0.9,2.32325,100.0,6e-05,
job,mixed,48,sketch1,41,6,0.8333,0.8333,0.0,2,3,3,3,1,0,0.9952,2.32325,100.0,0.00079,
job,mixed,49,dci_v2_P1,41,6,0.8333,0.8333,0.0,2,3,3,3,1,1,0.8452,2.32325,100.0,0.00124,
job,mixed,49,dci_v2_P2,41,6,0.1667,0.1667,0.0,1,3,0,3,2,2,0.5476,1.26341,54.38,0.00115,
job,mixed,49,dci_v2_P4,41,6,0.1667,0.1667,0.0,1,3,0,3,2,2,0.5571,0.75747,32.6,0.00108,
job,mixed,49,dci_v2_P8,41,6,0.1667,0.3333,1.5,1,3,0,3,3,2,0.519,0.47096,20.27,0.00106,
job,mixed,49,dci_v1,41,6,0.8333,0.8333,0.0,2,3,3,3,1,1,0.881,2.32325,100.0,0.00168,
job,mixed,49,always_multiD,41,6,1.0,1.0,0.0,3,3,3,3,1,1,1.0,2.32325,100.0,0.00076,
job,mixed,49,best_axis_oracle,41,6,0.5,0.5,0.0,0,3,3,3,0,0,0.75,0.00013,0.01,0.00289,S_V
job,mixed,49,union4_raw,41,6,1.0,1.0,0.0,3,3,3,3,4,3,1.0,0.11528,4.96,0.0025,
job,mixed,49,union4_bonf,41,6,1.0,1.0,0.0,3,3,3,3,2,1,1.0,0.11528,4.96,0.00248,
job,mixed,49,every_k2,41,6,1.0,1.0,0.0,3,3,3,3,1,1,,1.13329,48.78,5e-05,offset=1
job,mixed,49,every_k3,41,6,0.0,0.0,,0,3,0,3,0,0,,0.79331,34.15,3e-05,offset=1
job,mixed,49,every_k4,41,6,0.0,0.0,,0,3,0,3,0,0,,0.56665,24.39,2e-05,offset=2
job,mixed,49,adwin,41,6,0.0,0.0,,0,3,0,3,0,0,,2.32325,100.0,2e-05,
job,mixed,49,adwin_s,41,6,0.0,0.0,,0,3,0,3,0,0,,2.32325,100.0,2e-05,
job,mixed,49,mcusum,41,6,1.0,1.0,0.0,3,3,3,3,0,0,1.0,2.32325,100.0,6e-05,
job,mixed,49,sketch1,41,6,1.0,1.0,0.0,3,3,3,3,0,0,1.0,2.32325,100.0,0.00077,
pgbench,template_only,0,dci_v2_P1,41,6,0.5,0.5,0.0,3,6,0,0,0,0,0.75,2.32325,100.0,0.00106,
pgbench,template_only,0,dci_v2_P2,41,6,0.5,0.5,0.0,3,6,0,0,0,0,0.75,1.291,55.57,0.00092,
pgbench,template_only,0,dci_v2_P4,41,6,0.5,0.5,0.0,3,6,0,0,0,0,0.75,0.80203,34.52,0.00086,
pgbench,template_only,0,dci_v2_P8,41,6,0.5,0.5,0.0,3,6,0,0,0,0,0.75,0.53038,22.83,0.00081,
pgbench,template_only,0,dci_v1,41,6,0.5,0.5,0.0,3,6,0,0,0,0,0.75,2.32325,100.0,0.00145,
pgbench,template_only,0,always_multiD,41,6,0.5,0.5,0.0,3,6,0,0,0,0,0.75,2.32325,100.0,0.00054,
pgbench,template_only,0,best_axis_oracle,41,6,0.5,0.5,0.0,3,6,0,0,0,0,0.75,0.09575,4.12,0.00214,S_R
pgbench,template_only,0,union4_raw,41,6,0.5,0.5,0.0,3,6,0,0,0,0,0.75,0.11528,4.96,0.00175,
pgbench,template_only,0,union4_bonf,41,6,0.5,0.5,0.0,3,6,0,0,0,0,0.75,0.11528,4.96,0.00173,
pgbench,template_only,0,every_k2,41,6,0.5,0.5,0.0,3,6,0,0,0,0,,1.13329,48.78,5e-05,offset=1
pgbench,template_only,0,every_k3,41,6,0.0,0.0,,0,6,0,0,0,0,,0.79331,34.15,3e-05,offset=1
pgbench,template_only,0,every_k4,41,6,0.1667,0.1667,0.0,1,6,0,0,0,0,,0.56665,24.39,3e-05,offset=1
pgbench,template_only,0,adwin,41,6,0.0,0.0,,0,6,0,0,0,0,,2.32325,100.0,3e-05,
pgbench,template_only,0,adwin_s,41,6,0.0,0.0,,0,6,0,0,0,0,,2.32325,100.0,2e-05,
pgbench,template_only,0,mcusum,41,6,0.5,0.5,0.0,3,6,0,0,0,0,0.75,2.32325,100.0,6e-05,
pgbench,template_only,0,sketch1,41,6,0.5,0.5,0.0,3,6,0,0,0,0,0.75,2.32325,100.0,0.00053,
pgbench,template_only,1,dci_v2_P1,41,6,0.8333,0.8333,0.0,5,6,0,0,0,0,0.9167,2.32325,100.0,0.00101,
pgbench,template_only,1,dci_v2_P2,41,6,0.8333,0.8333,0.0,5,6,0,0,0,0,0.9167,1.291,55.57,0.00089,
pgbench,template_only,1,dci_v2_P4,41,6,0.8333,0.8333,0.0,5,6,0,0,0,0,0.9167,0.80203,34.52,0.00083,
pgbench,template_only,1,dci_v2_P8,41,6,0.8333,0.8333,0.0,5,6,0,0,0,0,0.9167,0.53038,22.83,0.0008,
pgbench,template_only,1,dci_v1,41,6,0.8333,0.8333,0.0,5,6,0,0,0,0,0.9167,2.32325,100.0,0.00138,
pgbench,template_only,1,always_multiD,41,6,0.8333,0.8333,0.0,5,6,0,0,0,0,0.9167,2.32325,100.0,0.00054,
pgbench,template_only,1,best_axis_oracle,41,6,0.8333,0.8333,0.0,5,6,0,0,0,0,0.9167,0.09575,4.12,0.00213,S_R
pgbench,template_only,1,union4_raw,41,6,0.8333,0.8333,0.0,5,6,0,0,0,0,0.9167,0.11528,4.96,0.00175,
pgbench,template_only,1,union4_bonf,41,6,0.8333,0.8333,0.0,5,6,0,0,0,0,0.9167,0.11528,4.96,0.00177,
pgbench,template_only,1,every_k2,41,6,0.8333,0.8333,0.0,5,6,0,0,0,0,,1.13329,48.78,4e-05,offset=1
pgbench,template_only,1,every_k3,41,6,0.0,0.0,,0,6,0,0,0,0,,0.79331,34.15,3e-05,offset=1
pgbench,template_only,1,every_k4,41,6,0.0,0.0,,0,6,0,0,0,0,,0.56665,24.39,2e-05,offset=2
pgbench,template_only,1,adwin,41,6,0.0,0.0,,0,6,0,0,0,0,,2.32325,100.0,2e-05,
pgbench,template_only,1,adwin_s,41,6,0.0,0.0,,0,6,0,0,0,0,,2.32325,100.0,2e-05,
pgbench,template_only,1,mcusum,41,6,0.8333,0.8333,0.0,5,6,0,0,0,0,0.9167,2.32325,100.0,6e-05,
pgbench,template_only,1,sketch1,41,6,0.8333,0.8333,0.0,5,6,0,0,0,0,0.9167,2.32325,100.0,0.00054,
pgbench,template_only,2,dci_v2_P1,41,6,0.8333,0.8333,0.0,5,6,0,0,0,0,0.9167,2.32325,100.0,0.00102,
pgbench,template_only,2,dci_v2_P2,41,6,0.8333,0.8333,0.0,5,6,0,0,0,0,0.9167,1.291,55.57,0.0009,
pgbench,template_only,2,dci_v2_P4,41,6,0.8333,0.8333,0.0,5,6,0,0,0,0,0.9167,0.80203,34.52,0.00083,
pgbench,template_only,2,dci_v2_P8,41,6,0.8333,0.8333,0.0,5,6,0,0,0,0,0.9167,0.53038,22.83,0.00081,
pgbench,template_only,2,dci_v1,41,6,0.8333,0.8333,0.0,5,6,0,0,0,0,0.9167,2.32325,100.0,0.00139,
pgbench,template_only,2,always_multiD,41,6,0.8333,0.8333,0.0,5,6,0,0,0,0,0.9167,2.32325,100.0,0.00054,
pgbench,template_only,2,best_axis_oracle,41,6,0.8333,0.8333,0.0,5,6,0,0,0,0,0.9167,0.09575,4.12,0.00218,S_R
pgbench,template_only,2,union4_raw,41,6,0.8333,0.8333,0.0,5,6,0,0,0,0,0.9167,0.11528,4.96,0.00177,
pgbench,template_only,2,union4_bonf,41,6,0.8333,0.8333,0.0,5,6,0,0,0,0,0.9167,0.11528,4.96,0.00177,
pgbench,template_only,2,every_k2,41,6,0.8333,0.8333,0.0,5,6,0,0,0,0,,1.13329,48.78,4e-05,offset=1
pgbench,template_only,2,every_k3,41,6,0.8333,0.8333,0.0,5,6,0,0,0,0,,0.73664,31.71,3e-05,offset=2
pgbench,template_only,2,every_k4,41,6,0.5,0.5,0.0,3,6,0,0,0,0,,0.56665,24.39,3e-05,offset=3
pgbench,template_only,2,adwin,41,6,0.0,0.0,,0,6,0,0,0,0,,2.32325,100.0,2e-05,
pgbench,template_only,2,adwin_s,41,6,0.0,0.0,,0,6,0,0,0,0,,2.32325,100.0,2e-05,
pgbench,template_only,2,mcusum,41,6,0.8333,0.8333,0.0,5,6,0,0,0,0,0.9167,2.32325,100.0,6e-05,
pgbench,template_only,2,sketch1,41,6,0.8333,0.8333,0.0,5,6,0,0,0,0,0.9167,2.32325,100.0,0.00054,
pgbench,template_only,3,dci_v2_P1,41,6,0.8333,0.8333,0.0,5,6,0,0,0,0,0.9167,2.32325,100.0,0.00101,
pgbench,template_only,3,dci_v2_P2,41,6,0.8333,0.8333,0.0,5,6,0,0,0,0,0.9167,1.291,55.57,0.00091,
pgbench,template_only,3,dci_v2_P4,41,6,0.8333,0.8333,0.0,5,6,0,0,0,0,0.9167,0.80203,34.52,0.00085,
pgbench,template_only,3,dci_v2_P8,41,6,0.8333,0.8333,0.0,5,6,0,0,0,0,0.9167,0.53038,22.83,0.00082,
pgbench,template_only,3,dci_v1,41,6,0.8333,0.8333,0.0,5,6,0,0,0,0,0.9167,2.32325,100.0,0.00139,
pgbench,template_only,3,always_multiD,41,6,0.8333,0.8333,0.0,5,6,0,0,0,0,0.9167,2.32325,100.0,0.00053,
pgbench,template_only,3,best_axis_oracle,41,6,0.8333,0.8333,0.0,5,6,0,0,0,0,0.9167,0.09575,4.12,0.00216,S_R
pgbench,template_only,3,union4_raw,41,6,0.8333,0.8333,0.0,5,6,0,0,0,0,0.9167,0.11528,4.96,0.00177,
pgbench,template_only,3,union4_bonf,41,6,0.8333,0.8333,0.0,5,6,0,0,0,0,0.9167,0.11528,4.96,0.00176,
pgbench,template_only,3,every_k2,41,6,0.8333,0.8333,0.0,5,6,0,0,0,0,,1.13329,48.78,5e-05,offset=1
pgbench,template_only,3,every_k3,41,6,0.0,0.0,,0,6,0,0,0,0,,0.79331,34.15,3e-05,offset=0
pgbench,template_only,3,every_k4,41,6,0.0,0.0,,0,6,0,0,0,0,,0.62331,26.83,3e-05,offset=0
pgbench,template_only,3,adwin,41,6,0.0,0.0,,0,6,0,0,0,0,,2.32325,100.0,2e-05,
pgbench,template_only,3,adwin_s,41,6,0.0,0.0,,0,6,0,0,0,0,,2.32325,100.0,2e-05,
pgbench,template_only,3,mcusum,41,6,0.8333,0.8333,0.0,5,6,0,0,0,0,0.9167,2.32325,100.0,6e-05,
pgbench,template_only,3,sketch1,41,6,0.8333,0.8333,0.0,5,6,0,0,0,0,0.9167,2.32325,100.0,0.00053,
pgbench,template_only,4,dci_v2_P1,41,6,0.6667,0.6667,0.0,4,6,0,0,0,0,0.8333,2.32325,100.0,0.00104,
pgbench,template_only,4,dci_v2_P2,41,6,0.6667,0.6667,0.0,4,6,0,0,0,0,0.8333,1.291,55.57,0.0009,
pgbench,template_only,4,dci_v2_P4,41,6,0.6667,0.6667,0.0,4,6,0,0,0,0,0.8333,0.80203,34.52,0.00084,
pgbench,template_only,4,dci_v2_P8,41,6,0.6667,0.6667,0.0,4,6,0,0,0,0,0.8333,0.53038,22.83,0.00081,
pgbench,template_only,4,dci_v1,41,6,0.6667,0.6667,0.0,4,6,0,0,0,0,0.8333,2.32325,100.0,0.00141,
pgbench,template_only,4,always_multiD,41,6,0.6667,0.6667,0.0,4,6,0,0,0,0,0.8333,2.32325,100.0,0.00052,
pgbench,template_only,4,best_axis_oracle,41,6,0.6667,0.6667,0.0,4,6,0,0,0,0,0.8333,0.09575,4.12,0.00218,S_R
pgbench,template_only,4,union4_raw,41,6,0.6667,0.6667,0.0,4,6,0,0,0,0,0.8333,0.11528,4.96,0.00177,
pgbench,template_only,4,union4_bonf,41,6,0.6667,0.6667,0.0,4,6,0,0,0,0,0.8333,0.11528,4.96,0.00177,
pgbench,template_only,4,every_k2,41,6,0.0,0.0,,0,6,0,0,0,0,,1.18996,51.22,4e-05,offset=0
pgbench,template_only,4,every_k3,41,6,0.0,0.0,,0,6,0,0,0,0,,0.79331,34.15,3e-05,offset=0
pgbench,template_only,4,every_k4,41,6,0.3333,0.3333,0.0,2,6,0,0,0,0,,0.56665,24.39,2e-05,offset=1
pgbench,template_only,4,adwin,41,6,0.0,0.0,,0,6,0,0,0,0,,2.32325,100.0,2e-05,
pgbench,template_only,4,adwin_s,41,6,0.0,0.0,,0,6,0,0,0,0,,2.32325,100.0,2e-05,
pgbench,template_only,4,mcusum,41,6,0.6667,0.6667,0.0,4,6,0,0,0,0,0.8333,2.32325,100.0,6e-05,
pgbench,template_only,4,sketch1,41,6,0.6667,0.6667,0.0,4,6,0,0,0,0,0.8333,2.32325,100.0,0.00054,
pgbench,template_only,5,dci_v2_P1,41,6,0.6667,0.6667,0.0,4,6,0,0,0,0,0.8333,2.32325,100.0,0.00101,
pgbench,template_only,5,dci_v2_P2,41,6,0.6667,0.6667,0.0,4,6,0,0,0,0,0.8333,1.291,55.57,0.00091,
pgbench,template_only,5,dci_v2_P4,41,6,0.6667,0.6667,0.0,4,6,0,0,0,0,0.8333,0.80203,34.52,0.00085,
pgbench,template_only,5,dci_v2_P8,41,6,0.6667,0.6667,0.0,4,6,0,0,0,0,0.8333,0.53038,22.83,0.0008,
pgbench,template_only,5,dci_v1,41,6,0.6667,0.6667,0.0,4,6,0,0,0,0,0.8333,2.32325,100.0,0.0014,
pgbench,template_only,5,always_multiD,41,6,0.6667,0.6667,0.0,4,6,0,0,0,0,0.8333,2.32325,100.0,0.00053,
pgbench,template_only,5,best_axis_oracle,41,6,0.6667,0.6667,0.0,4,6,0,0,0,0,0.8333,0.09575,4.12,0.00215,S_R
pgbench,template_only,5,union4_raw,41,6,0.6667,0.6667,0.0,4,6,0,0,0,0,0.8333,0.11528,4.96,0.00175,
pgbench,template_only,5,union4_bonf,41,6,0.6667,0.6667,0.0,4,6,0,0,0,0,0.8333,0.11528,4.96,0.00176,
pgbench,template_only,5,every_k2,41,6,0.6667,0.6667,0.0,4,6,0,0,0,0,,1.13329,48.78,4e-05,offset=1
pgbench,template_only,5,every_k3,41,6,0.6667,0.6667,0.0,4,6,0,0,0,0,,0.73664,31.71,3e-05,offset=2
pgbench,template_only,5,every_k4,41,6,0.0,0.0,,0,6,0,0,0,0,,0.56665,24.39,3e-05,offset=2
pgbench,template_only,5,adwin,41,6,0.0,0.0,,0,6,0,0,0,0,,2.32325,100.0,2e-05,
pgbench,template_only,5,adwin_s,41,6,0.0,0.0,,0,6,0,0,0,0,,2.32325,100.0,2e-05,
pgbench,template_only,5,mcusum,41,6,0.6667,0.6667,0.0,4,6,0,0,0,0,0.8333,2.32325,100.0,6e-05,
pgbench,template_only,5,sketch1,41,6,0.6667,0.6667,0.0,4,6,0,0,0,0,0.8333,2.32325,100.0,0.00054,
pgbench,template_only,6,dci_v2_P1,41,6,1.0,1.0,0.0,6,6,0,0,0,0,1.0,2.32325,100.0,0.00104,
pgbench,template_only,6,dci_v2_P2,41,6,1.0,1.0,0.0,6,6,0,0,0,0,1.0,1.291,55.57,0.0009,
pgbench,template_only,6,dci_v2_P4,41,6,1.0,1.0,0.0,6,6,0,0,0,0,1.0,0.80203,34.52,0.00084,
pgbench,template_only,6,dci_v2_P8,41,6,1.0,1.0,0.0,6,6,0,0,0,0,1.0,0.53038,22.83,0.00083,
pgbench,template_only,6,dci_v1,41,6,1.0,1.0,0.0,6,6,0,0,0,0,1.0,2.32325,100.0,0.00141,
pgbench,template_only,6,always_multiD,41,6,1.0,1.0,0.0,6,6,0,0,0,0,1.0,2.32325,100.0,0.00053,
pgbench,template_only,6,best_axis_oracle,41,6,1.0,1.0,0.0,6,6,0,0,0,0,1.0,0.09575,4.12,0.00219,S_R
pgbench,template_only,6,union4_raw,41,6,1.0,1.0,0.0,6,6,0,0,0,0,1.0,0.11528,4.96,0.00179,
pgbench,template_only,6,union4_bonf,41,6,1.0,1.0,0.0,6,6,0,0,0,0,1.0,0.11528,4.96,0.0018,
pgbench,template_only,6,every_k2,41,6,1.0,1.0,0.0,6,6,0,0,0,0,,1.13329,48.78,4e-05,offset=1
pgbench,template_only,6,every_k3,41,6,0.0,0.0,,0,6,0,0,0,0,,0.79331,34.15,3e-05,offset=0
pgbench,template_only,6,every_k4,41,6,0.0,0.0,,0,6,0,0,0,0,,0.62331,26.83,3e-05,offset=0
pgbench,template_only,6,adwin,41,6,0.0,0.0,,0,6,0,0,0,0,,2.32325,100.0,2e-05,
pgbench,template_only,6,adwin_s,41,6,0.0,0.0,,0,6,0,0,0,0,,2.32325,100.0,2e-05,
pgbench,template_only,6,mcusum,41,6,1.0,1.0,0.0,6,6,0,0,0,0,1.0,2.32325,100.0,6e-05,
pgbench,template_only,6,sketch1,41,6,1.0,1.0,0.0,6,6,0,0,0,0,1.0,2.32325,100.0,0.00054,
pgbench,template_only,7,dci_v2_P1,41,6,0.3333,0.3333,0.0,2,6,0,0,0,0,0.6667,2.32325,100.0,0.00094,
pgbench,template_only,7,dci_v2_P2,41,6,0.3333,0.3333,0.0,2,6,0,0,0,0,0.6667,1.291,55.57,0.00084,
pgbench,template_only,7,dci_v2_P4,41,6,0.3333,0.3333,0.0,2,6,0,0,0,0,0.6667,0.80203,34.52,0.0008,
pgbench,template_only,7,dci_v2_P8,41,6,0.3333,0.3333,0.0,2,6,0,0,0,0,0.6667,0.53038,22.83,0.00078,
pgbench,template_only,7,dci_v1,41,6,0.3333,0.3333,0.0,2,6,0,0,0,0,0.6667,2.32325,100.0,0.00137,
pgbench,template_only,7,always_multiD,41,6,0.3333,0.3333,0.0,2,6,0,0,0,0,0.6667,2.32325,100.0,0.00051,
pgbench,template_only,7,best_axis_oracle,41,6,0.3333,0.3333,0.0,2,6,0,0,0,0,0.6667,0.09575,4.12,0.00212,S_R
pgbench,template_only,7,union4_raw,41,6,0.3333,0.3333,0.0,2,6,0,0,0,0,0.6667,0.11528,4.96,0.00174,
pgbench,template_only,7,union4_bonf,41,6,0.3333,0.3333,0.0,2,6,0,0,0,0,0.6667,0.11528,4.96,0.00174,
pgbench,template_only,7,every_k2,41,6,0.0,0.0,,0,6,0,0,0,0,,1.18996,51.22,5e-05,offset=0
pgbench,template_only,7,every_k3,41,6,0.3333,0.3333,0.0,2,6,0,0,0,0,,0.73664,31.71,3e-05,offset=2
pgbench,template_only,7,every_k4,41,6,0.0,0.0,,0,6,0,0,0,0,,0.56665,24.39,3e-05,offset=2
pgbench,template_only,7,adwin,41,6,0.0,0.0,,0,6,0,0,0,0,,2.32325,100.0,2e-05,
pgbench,template_only,7,adwin_s,41,6,0.0,0.0,,0,6,0,0,0,0,,2.32325,100.0,2e-05,
pgbench,template_only,7,mcusum,41,6,0.3333,0.3333,0.0,2,6,0,0,0,0,0.6667,2.32325,100.0,5e-05,
pgbench,template_only,7,sketch1,41,6,0.3333,0.3333,0.0,2,6,0,0,0,0,0.6667,2.32325,100.0,0.00053,
pgbench,template_only,8,dci_v2_P1,41,6,0.8333,0.8333,0.0,5,6,0,0,0,0,0.9167,2.32325,100.0,0.00103,
pgbench,template_only,8,dci_v2_P2,41,6,0.8333,0.8333,0.0,5,6,0,0,0,0,0.9167,1.291,55.57,0.00094,
pgbench,template_only,8,dci_v2_P4,41,6,0.8333,0.8333,0.0,5,6,0,0,0,0,0.9167,0.80203,34.52,0.00088,
pgbench,template_only,8,dci_v2_P8,41,6,0.8333,0.8333,0.0,5,6,0,0,0,0,0.9167,0.53038,22.83,0.00084,
pgbench,template_only,8,dci_v1,41,6,0.8333,0.8333,0.0,5,6,0,0,0,0,0.9167,2.32325,100.0,0.00146,
pgbench,template_only,8,always_multiD,41,6,0.8333,0.8333,0.0,5,6,0,0,0,0,0.9167,2.32325,100.0,0.00054,
pgbench,template_only,8,best_axis_oracle,41,6,0.8333,0.8333,0.0,5,6,0,0,0,0,0.9167,0.09575,4.12,0.00222,S_R
pgbench,template_only,8,union4_raw,41,6,0.8333,0.8333,0.0,5,6,0,0,0,0,0.9167,0.11528,4.96,0.0018,
pgbench,template_only,8,union4_bonf,41,6,0.8333,0.8333,0.0,5,6,0,0,0,0,0.9167,0.11528,4.96,0.0018,
pgbench,template_only,8,every_k2,41,6,0.0,0.0,,0,6,0,0,0,0,,1.18996,51.22,4e-05,offset=0
pgbench,template_only,8,every_k3,41,6,0.0,0.0,,0,6,0,0,0,0,,0.79331,34.15,3e-05,offset=1
pgbench,template_only,8,every_k4,41,6,0.0,0.0,,0,6,0,0,0,0,,0.56665,24.39,2e-05,offset=2
pgbench,template_only,8,adwin,41,6,0.0,0.0,,0,6,0,0,0,0,,2.32325,100.0,2e-05,
pgbench,template_only,8,adwin_s,41,6,0.0,0.0,,0,6,0,0,0,0,,2.32325,100.0,2e-05,
pgbench,template_only,8,mcusum,41,6,0.8333,0.8333,0.0,5,6,0,0,0,0,0.9167,2.32325,100.0,6e-05,
pgbench,template_only,8,sketch1,41,6,0.8333,0.8333,0.0,5,6,0,0,0,0,0.9167,2.32325,100.0,0.00055,
pgbench,template_only,9,dci_v2_P1,41,6,0.8333,0.8333,0.0,5,6,0,0,0,0,0.9167,2.32325,100.0,0.00104,
pgbench,template_only,9,dci_v2_P2,41,6,0.8333,0.8333,0.0,5,6,0,0,0,0,0.9167,1.291,55.57,0.00092,
pgbench,template_only,9,dci_v2_P4,41,6,0.8333,0.8333,0.0,5,6,0,0,0,0,0.9167,0.80203,34.52,0.00087,
pgbench,template_only,9,dci_v2_P8,41,6,0.8333,0.8333,0.0,5,6,0,0,0,0,0.9167,0.53038,22.83,0.00083,
pgbench,template_only,9,dci_v1,41,6,0.8333,0.8333,0.0,5,6,0,0,0,0,0.9167,2.32325,100.0,0.00143,
pgbench,template_only,9,always_multiD,41,6,0.8333,0.8333,0.0,5,6,0,0,0,0,0.9167,2.32325,100.0,0.00056,
pgbench,template_only,9,best_axis_oracle,41,6,0.8333,0.8333,0.0,5,6,0,0,0,0,0.9167,0.09575,4.12,0.0022,S_R
pgbench,template_only,9,union4_raw,41,6,0.8333,0.8333,0.0,5,6,0,0,0,0,0.9167,0.11528,4.96,0.00181,
pgbench,template_only,9,union4_bonf,41,6,0.8333,0.8333,0.0,5,6,0,0,0,0,0.9167,0.11528,4.96,0.00179,
pgbench,template_only,9,every_k2,41,6,0.0,0.0,,0,6,0,0,0,0,,1.18996,51.22,5e-05,offset=0
pgbench,template_only,9,every_k3,41,6,0.8333,0.8333,0.0,5,6,0,0,0,0,,0.73664,31.71,3e-05,offset=2
pgbench,template_only,9,every_k4,41,6,0.3333,0.3333,0.0,2,6,0,0,0,0,,0.56665,24.39,2e-05,offset=3
pgbench,template_only,9,adwin,41,6,0.0,0.0,,0,6,0,0,0,0,,2.32325,100.0,2e-05,
pgbench,template_only,9,adwin_s,41,6,0.0,0.0,,0,6,0,0,0,0,,2.32325,100.0,2e-05,
pgbench,template_only,9,mcusum,41,6,0.8333,0.8333,0.0,5,6,0,0,0,0,0.9167,2.32325,100.0,6e-05,
pgbench,template_only,9,sketch1,41,6,0.8333,0.8333,0.0,5,6,0,0,0,0,0.9167,2.32325,100.0,0.00055,
pgbench,template_only,10,dci_v2_P1,41,6,0.8333,0.8333,0.0,5,6,0,0,0,0,0.9167,2.32325,100.0,0.00103,
pgbench,template_only,10,dci_v2_P2,41,6,0.8333,0.8333,0.0,5,6,0,0,0,0,0.9167,1.291,55.57,0.00095,
pgbench,template_only,10,dci_v2_P4,41,6,0.8333,0.8333,0.0,5,6,0,0,0,0,0.9167,0.80203,34.52,0.0009,
pgbench,template_only,10,dci_v2_P8,41,6,0.8333,0.8333,0.0,5,6,0,0,0,0,0.9167,0.53038,22.83,0.00076,
pgbench,template_only,10,dci_v1,41,6,0.8333,0.8333,0.0,5,6,0,0,0,0,0.9167,2.32325,100.0,0.00131,
pgbench,template_only,10,always_multiD,41,6,0.8333,0.8333,0.0,5,6,0,0,0,0,0.9167,2.32325,100.0,0.00051,
pgbench,template_only,10,best_axis_oracle,41,6,0.8333,0.8333,0.0,5,6,0,0,0,0,0.9167,0.09575,4.12,0.00215,S_R
pgbench,template_only,10,union4_raw,41,6,0.8333,0.8333,0.0,5,6,0,0,0,0,0.9167,0.11528,4.96,0.00173,
pgbench,template_only,10,union4_bonf,41,6,0.8333,0.8333,0.0,5,6,0,0,0,0,0.9167,0.11528,4.96,0.00173,
pgbench,template_only,10,every_k2,41,6,0.8333,0.8333,0.0,5,6,0,0,0,0,,1.13329,48.78,4e-05,offset=1
pgbench,template_only,10,every_k3,41,6,0.0,0.0,,0,6,0,0,0,0,,0.79331,34.15,3e-05,offset=0
pgbench,template_only,10,every_k4,41,6,0.3333,0.3333,0.0,2,6,0,0,0,0,,0.56665,24.39,2e-05,offset=1
pgbench,template_only,10,adwin,41,6,0.0,0.0,,0,6,0,0,0,0,,2.32325,100.0,2e-05,
pgbench,template_only,10,adwin_s,41,6,0.0,0.0,,0,6,0,0,0,0,,2.32325,100.0,2e-05,
pgbench,template_only,10,mcusum,41,6,0.8333,0.8333,0.0,5,6,0,0,0,0,0.9167,2.32325,100.0,6e-05,
pgbench,template_only,10,sketch1,41,6,0.8333,0.8333,0.0,5,6,0,0,0,0,0.9167,2.32325,100.0,0.00054,
pgbench,template_only,11,dci_v2_P1,41,6,0.8333,0.8333,0.0,5,6,0,0,0,0,0.9167,2.32325,100.0,0.00106,
pgbench,template_only,11,dci_v2_P2,41,6,0.8333,0.8333,0.0,5,6,0,0,0,0,0.9167,1.291,55.57,0.00089,
pgbench,template_only,11,dci_v2_P4,41,6,0.8333,0.8333,0.0,5,6,0,0,0,0,0.9167,0.80203,34.52,0.00082,
pgbench,template_only,11,dci_v2_P8,41,6,0.8333,0.8333,0.0,5,6,0,0,0,0,0.9167,0.53038,22.83,0.00079,
pgbench,template_only,11,dci_v1,41,6,0.8333,0.8333,0.0,5,6,0,0,0,0,0.9167,2.32325,100.0,0.0014,
pgbench,template_only,11,always_multiD,41,6,0.8333,0.8333,0.0,5,6,0,0,0,0,0.9167,2.32325,100.0,0.0005,
pgbench,template_only,11,best_axis_oracle,41,6,0.8333,0.8333,0.0,5,6,0,0,0,0,0.9167,0.09575,4.12,0.00212,S_R
pgbench,template_only,11,union4_raw,41,6,0.8333,0.8333,0.0,5,6,0,0,0,0,0.9167,0.11528,4.96,0.00173,
pgbench,template_only,11,union4_bonf,41,6,0.8333,0.8333,0.0,5,6,0,0,0,0,0.9167,0.11528,4.96,0.00171,
pgbench,template_only,11,every_k2,41,6,0.0,0.0,,0,6,0,0,0,0,,1.18996,51.22,6e-05,offset=0
pgbench,template_only,11,every_k3,41,6,0.0,0.0,,0,6,0,0,0,0,,0.79331,34.15,3e-05,offset=0
pgbench,template_only,11,every_k4,41,6,0.0,0.0,,0,6,0,0,0,0,,0.56665,24.39,2e-05,offset=2
pgbench,template_only,11,adwin,41,6,0.0,0.0,,0,6,0,0,0,0,,2.32325,100.0,2e-05,
pgbench,template_only,11,adwin_s,41,6,0.0,0.0,,0,6,0,0,0,0,,2.32325,100.0,2e-05,
pgbench,template_only,11,mcusum,41,6,0.8333,0.8333,0.0,5,6,0,0,0,0,0.9167,2.32325,100.0,6e-05,
pgbench,template_only,11,sketch1,41,6,0.8333,0.8333,0.0,5,6,0,0,0,0,0.9167,2.32325,100.0,0.00054,
pgbench,template_only,12,dci_v2_P1,41,6,0.5,0.5,0.0,3,6,0,0,0,0,0.75,2.32325,100.0,0.00099,
pgbench,template_only,12,dci_v2_P2,41,6,0.5,0.5,0.0,3,6,0,0,0,0,0.75,1.291,55.57,0.00087,
pgbench,template_only,12,dci_v2_P4,41,6,0.5,0.5,0.0,3,6,0,0,0,0,0.75,0.80203,34.52,0.00082,
pgbench,template_only,12,dci_v2_P8,41,6,0.5,0.5,0.0,3,6,0,0,0,0,0.75,0.53038,22.83,0.00079,
pgbench,template_only,12,dci_v1,41,6,0.5,0.5,0.0,3,6,0,0,0,0,0.75,2.32325,100.0,0.00137,
pgbench,template_only,12,always_multiD,41,6,0.5,0.5,0.0,3,6,0,0,0,0,0.75,2.32325,100.0,0.00051,
pgbench,template_only,12,best_axis_oracle,41,6,0.5,0.5,0.0,3,6,0,0,0,0,0.75,0.09575,4.12,0.0021,S_R
pgbench,template_only,12,union4_raw,41,6,0.5,0.5,0.0,3,6,0,0,0,0,0.75,0.11528,4.96,0.0017,
pgbench,template_only,12,union4_bonf,41,6,0.5,0.5,0.0,3,6,0,0,0,0,0.75,0.11528,4.96,0.00172,
pgbench,template_only,12,every_k2,41,6,0.5,0.5,0.0,3,6,0,0,0,0,,1.13329,48.78,4e-05,offset=1
pgbench,template_only,12,every_k3,41,6,0.0,0.0,,0,6,0,0,0,0,,0.79331,34.15,3e-05,offset=1
pgbench,template_only,12,every_k4,41,6,0.0,0.0,,0,6,0,0,0,0,,0.62331,26.83,2e-05,offset=0
pgbench,template_only,12,adwin,41,6,0.0,0.0,,0,6,0,0,0,0,,2.32325,100.0,2e-05,
pgbench,template_only,12,adwin_s,41,6,0.0,0.0,,0,6,0,0,0,0,,2.32325,100.0,2e-05,
pgbench,template_only,12,mcusum,41,6,0.5,0.5,0.0,3,6,0,0,0,0,0.75,2.32325,100.0,6e-05,
pgbench,template_only,12,sketch1,41,6,0.5,0.5,0.0,3,6,0,0,0,0,0.75,2.32325,100.0,0.00051,
pgbench,template_only,13,dci_v2_P1,41,6,0.6667,0.6667,0.0,4,6,0,0,0,0,0.8333,2.32325,100.0,0.00103,
pgbench,template_only,13,dci_v2_P2,41,6,0.6667,0.6667,0.0,4,6,0,0,0,0,0.8333,1.291,55.57,0.00088,
pgbench,template_only,13,dci_v2_P4,41,6,0.6667,0.6667,0.0,4,6,0,0,0,0,0.8333,0.80203,34.52,0.00081,
pgbench,template_only,13,dci_v2_P8,41,6,0.6667,0.6667,0.0,4,6,0,0,0,0,0.8333,0.53038,22.83,0.00078,
pgbench,template_only,13,dci_v1,41,6,0.6667,0.6667,0.0,4,6,0,0,0,0,0.8333,2.32325,100.0,0.00138,
pgbench,template_only,13,always_multiD,41,6,0.6667,0.6667,0.0,4,6,0,0,0,0,0.8333,2.32325,100.0,0.00049,
pgbench,template_only,13,best_axis_oracle,41,6,0.6667,0.6667,0.0,4,6,0,0,0,0,0.8333,0.09575,4.12,0.00211,S_R
pgbench,template_only,13,union4_raw,41,6,0.6667,0.6667,0.0,4,6,0,0,0,0,0.8333,0.11528,4.96,0.00173,
pgbench,template_only,13,union4_bonf,41,6,0.6667,0.6667,0.0,4,6,0,0,0,0,0.8333,0.11528,4.96,0.00171,
pgbench,template_only,13,every_k2,41,6,0.0,0.0,,0,6,0,0,0,0,,1.18996,51.22,5e-05,offset=0
pgbench,template_only,13,every_k3,41,6,0.0,0.0,,0,6,0,0,0,0,,0.79331,34.15,3e-05,offset=0
pgbench,template_only,13,every_k4,41,6,0.0,0.0,,0,6,0,0,0,0,,0.56665,24.39,3e-05,offset=2
pgbench,template_only,13,adwin,41,6,0.0,0.0,,0,6,0,0,0,0,,2.32325,100.0,2e-05,
pgbench,template_only,13,adwin_s,41,6,0.0,0.0,,0,6,0,0,0,0,,2.32325,100.0,2e-05,
pgbench,template_only,13,mcusum,41,6,0.6667,0.6667,0.0,4,6,0,0,0,0,0.8333,2.32325,100.0,6e-05,
pgbench,template_only,13,sketch1,41,6,0.6667,0.6667,0.0,4,6,0,0,0,0,0.8333,2.32325,100.0,0.00052,
pgbench,template_only,14,dci_v2_P1,41,6,0.8333,0.8333,0.0,5,6,0,0,0,0,0.9167,2.32325,100.0,0.00102,
pgbench,template_only,14,dci_v2_P2,41,6,0.8333,0.8333,0.0,5,6,0,0,0,0,0.9167,1.291,55.57,0.0009,
pgbench,template_only,14,dci_v2_P4,41,6,0.8333,0.8333,0.0,5,6,0,0,0,0,0.9167,0.80203,34.52,0.00084,
pgbench,template_only,14,dci_v2_P8,41,6,0.8333,0.8333,0.0,5,6,0,0,0,0,0.9167,0.53038,22.83,0.00083,
pgbench,template_only,14,dci_v1,41,6,0.8333,0.8333,0.0,5,6,0,0,0,0,0.9167,2.32325,100.0,0.00142,
pgbench,template_only,14,always_multiD,41,6,0.8333,0.8333,0.0,5,6,0,0,0,0,0.9167,2.32325,100.0,0.00052,
pgbench,template_only,14,best_axis_oracle,41,6,0.8333,0.8333,0.0,5,6,0,0,0,0,0.9167,0.09575,4.12,0.00215,S_R
pgbench,template_only,14,union4_raw,41,6,0.8333,0.8333,0.0,5,6,0,0,0,0,0.9167,0.11528,4.96,0.00177,
pgbench,template_only,14,union4_bonf,41,6,0.8333,0.8333,0.0,5,6,0,0,0,0,0.9167,0.11528,4.96,0.00175,
pgbench,template_only,14,every_k2,41,6,0.8333,0.8333,0.0,5,6,0,0,0,0,,1.13329,48.78,5e-05,offset=1
pgbench,template_only,14,every_k3,41,6,0.0,0.0,,0,6,0,0,0,0,,0.79331,34.15,3e-05,offset=1
pgbench,template_only,14,every_k4,41,6,0.0,0.0,,0,6,0,0,0,0,,0.62331,26.83,3e-05,offset=0
pgbench,template_only,14,adwin,41,6,0.0,0.0,,0,6,0,0,0,0,,2.32325,100.0,2e-05,
pgbench,template_only,14,adwin_s,41,6,0.0,0.0,,0,6,0,0,0,0,,2.32325,100.0,2e-05,
pgbench,template_only,14,mcusum,41,6,0.8333,0.8333,0.0,5,6,0,0,0,0,0.9167,2.32325,100.0,5e-05,
pgbench,template_only,14,sketch1,41,6,0.8333,0.8333,0.0,5,6,0,0,0,0,0.9167,2.32325,100.0,0.00052,
pgbench,template_only,15,dci_v2_P1,41,6,0.5,0.5,0.0,3,6,0,0,0,0,0.75,2.32325,100.0,0.00102,
pgbench,template_only,15,dci_v2_P2,41,6,0.5,0.5,0.0,3,6,0,0,0,0,0.75,1.291,55.57,0.00088,
pgbench,template_only,15,dci_v2_P4,41,6,0.5,0.5,0.0,3,6,0,0,0,0,0.75,0.80203,34.52,0.00083,
pgbench,template_only,15,dci_v2_P8,41,6,0.5,0.5,0.0,3,6,0,0,0,0,0.75,0.53038,22.83,0.0008,
pgbench,template_only,15,dci_v1,41,6,0.5,0.5,0.0,3,6,0,0,0,0,0.75,2.32325,100.0,0.00138,
pgbench,template_only,15,always_multiD,41,6,0.5,0.5,0.0,3,6,0,0,0,0,0.75,2.32325,100.0,0.00051,
pgbench,template_only,15,best_axis_oracle,41,6,0.5,0.5,0.0,3,6,0,0,0,0,0.75,0.09575,4.12,0.0021,S_R
pgbench,template_only,15,union4_raw,41,6,0.5,0.5,0.0,3,6,0,0,0,0,0.75,0.11528,4.96,0.0017,
pgbench,template_only,15,union4_bonf,41,6,0.5,0.5,0.0,3,6,0,0,0,0,0.75,0.11528,4.96,0.00171,
pgbench,template_only,15,every_k2,41,6,0.5,0.5,0.0,3,6,0,0,0,0,,1.13329,48.78,5e-05,offset=1
pgbench,template_only,15,every_k3,41,6,0.5,0.5,0.0,3,6,0,0,0,0,,0.73664,31.71,3e-05,offset=2
pgbench,template_only,15,every_k4,41,6,0.0,0.0,,0,6,0,0,0,0,,0.56665,24.39,2e-05,offset=2
pgbench,template_only,15,adwin,41,6,0.0,0.0,,0,6,0,0,0,0,,2.32325,100.0,2e-05,
pgbench,template_only,15,adwin_s,41,6,0.0,0.0,,0,6,0,0,0,0,,2.32325,100.0,2e-05,
pgbench,template_only,15,mcusum,41,6,0.5,0.5,0.0,3,6,0,0,0,0,0.75,2.32325,100.0,6e-05,
pgbench,template_only,15,sketch1,41,6,0.5,0.5,0.0,3,6,0,0,0,0,0.75,2.32325,100.0,0.00052,
pgbench,template_only,16,dci_v2_P1,41,6,0.6667,0.6667,0.0,4,6,0,0,0,0,0.8333,2.32325,100.0,0.00099,
pgbench,template_only,16,dci_v2_P2,41,6,0.6667,0.6667,0.0,4,6,0,0,0,0,0.8333,1.291,55.57,0.00085,
pgbench,template_only,16,dci_v2_P4,41,6,0.6667,0.6667,0.0,4,6,0,0,0,0,0.8333,0.80203,34.52,0.00078,
pgbench,template_only,16,dci_v2_P8,41,6,0.6667,0.6667,0.0,4,6,0,0,0,0,0.8333,0.53038,22.83,0.00077,
pgbench,template_only,16,dci_v1,41,6,0.6667,0.6667,0.0,4,6,0,0,0,0,0.8333,2.32325,100.0,0.00132,
pgbench,template_only,16,always_multiD,41,6,0.6667,0.6667,0.0,4,6,0,0,0,0,0.8333,2.32325,100.0,0.00049,
pgbench,template_only,16,best_axis_oracle,41,6,0.6667,0.6667,0.0,4,6,0,0,0,0,0.8333,0.09575,4.12,0.00205,S_R
pgbench,template_only,16,union4_raw,41,6,0.6667,0.6667,0.0,4,6,0,0,0,0,0.8333,0.11528,4.96,0.00169,
pgbench,template_only,16,union4_bonf,41,6,0.6667,0.6667,0.0,4,6,0,0,0,0,0.8333,0.11528,4.96,0.00166,
pgbench,template_only,16,every_k2,41,6,0.0,0.0,,0,6,0,0,0,0,,1.18996,51.22,5e-05,offset=0
pgbench,template_only,16,every_k3,41,6,0.6667,0.6667,0.0,4,6,0,0,0,0,,0.73664,31.71,3e-05,offset=2
pgbench,template_only,16,every_k4,41,6,0.0,0.0,,0,6,0,0,0,0,,0.56665,24.39,2e-05,offset=2
pgbench,template_only,16,adwin,41,6,0.0,0.0,,0,6,0,0,0,0,,2.32325,100.0,2e-05,
pgbench,template_only,16,adwin_s,41,6,0.0,0.0,,0,6,0,0,0,0,,2.32325,100.0,2e-05,
pgbench,template_only,16,mcusum,41,6,0.6667,0.6667,0.0,4,6,0,0,0,0,0.8333,2.32325,100.0,5e-05,
pgbench,template_only,16,sketch1,41,6,0.6667,0.6667,0.0,4,6,0,0,0,0,0.8333,2.32325,100.0,0.00049,
pgbench,template_only,17,dci_v2_P1,41,6,0.5,0.5,0.0,3,6,0,0,0,0,0.75,2.32325,100.0,0.00099,
pgbench,template_only,17,dci_v2_P2,41,6,0.5,0.5,0.0,3,6,0,0,0,0,0.75,1.291,55.57,0.00087,
pgbench,template_only,17,dci_v2_P4,41,6,0.5,0.5,0.0,3,6,0,0,0,0,0.75,0.80203,34.52,0.0008,
pgbench,template_only,17,dci_v2_P8,41,6,0.5,0.5,0.0,3,6,0,0,0,0,0.75,0.53038,22.83,0.00079,
pgbench,template_only,17,dci_v1,41,6,0.5,0.5,0.0,3,6,0,0,0,0,0.75,2.32325,100.0,0.00137,
pgbench,template_only,17,always_multiD,41,6,0.5,0.5,0.0,3,6,0,0,0,0,0.75,2.32325,100.0,0.0005,
pgbench,template_only,17,best_axis_oracle,41,6,0.5,0.5,0.0,3,6,0,0,0,0,0.75,0.09575,4.12,0.00206,S_R
pgbench,template_only,17,union4_raw,41,6,0.5,0.5,0.0,3,6,0,0,0,0,0.75,0.11528,4.96,0.00169,
pgbench,template_only,17,union4_bonf,41,6,0.5,0.5,0.0,3,6,0,0,0,0,0.75,0.11528,4.96,0.0017,
pgbench,template_only,17,every_k2,41,6,0.5,0.5,0.0,3,6,0,0,0,0,,1.13329,48.78,4e-05,offset=1
pgbench,template_only,17,every_k3,41,6,0.0,0.0,,0,6,0,0,0,0,,0.79331,34.15,3e-05,offset=0
pgbench,template_only,17,every_k4,41,6,0.3333,0.3333,0.0,2,6,0,0,0,0,,0.56665,24.39,2e-05,offset=3
pgbench,template_only,17,adwin,41,6,0.0,0.0,,0,6,0,0,0,0,,2.32325,100.0,2e-05,
pgbench,template_only,17,adwin_s,41,6,0.0,0.0,,0,6,0,0,0,0,,2.32325,100.0,2e-05,
pgbench,template_only,17,mcusum,41,6,0.5,0.5,0.0,3,6,0,0,0,0,0.75,2.32325,100.0,6e-05,
pgbench,template_only,17,sketch1,41,6,0.5,0.5,0.0,3,6,0,0,0,0,0.75,2.32325,100.0,0.00051,
pgbench,template_only,18,dci_v2_P1,41,6,0.8333,0.8333,0.0,5,6,0,0,0,0,0.9167,2.32325,100.0,0.00101,
pgbench,template_only,18,dci_v2_P2,41,6,0.8333,0.8333,0.0,5,6,0,0,0,0,0.9167,1.291,55.57,0.00089,
pgbench,template_only,18,dci_v2_P4,41,6,0.8333,0.8333,0.0,5,6,0,0,0,0,0.9167,0.80203,34.52,0.00084,
pgbench,template_only,18,dci_v2_P8,41,6,0.8333,0.8333,0.0,5,6,0,0,0,0,0.9167,0.53038,22.83,0.00081,
pgbench,template_only,18,dci_v1,41,6,0.8333,0.8333,0.0,5,6,0,0,0,0,0.9167,2.32325,100.0,0.00139,
pgbench,template_only,18,always_multiD,41,6,0.8333,0.8333,0.0,5,6,0,0,0,0,0.9167,2.32325,100.0,0.00052,
pgbench,template_only,18,best_axis_oracle,41,6,0.8333,0.8333,0.0,5,6,0,0,0,0,0.9167,0.09575,4.12,0.00213,S_R
pgbench,template_only,18,union4_raw,41,6,0.8333,0.8333,0.0,5,6,0,0,0,0,0.9167,0.11528,4.96,0.00175,
pgbench,template_only,18,union4_bonf,41,6,0.8333,0.8333,0.0,5,6,0,0,0,0,0.9167,0.11528,4.96,0.00173,
pgbench,template_only,18,every_k2,41,6,0.0,0.0,,0,6,0,0,0,0,,1.18996,51.22,5e-05,offset=0
pgbench,template_only,18,every_k3,41,6,0.0,0.0,,0,6,0,0,0,0,,0.79331,34.15,3e-05,offset=1
pgbench,template_only,18,every_k4,41,6,0.3333,0.3333,0.0,2,6,0,0,0,0,,0.56665,24.39,3e-05,offset=3
pgbench,template_only,18,adwin,41,6,0.0,0.0,,0,6,0,0,0,0,,2.32325,100.0,2e-05,
pgbench,template_only,18,adwin_s,41,6,0.0,0.0,,0,6,0,0,0,0,,2.32325,100.0,2e-05,
pgbench,template_only,18,mcusum,41,6,0.8333,0.8333,0.0,5,6,0,0,0,0,0.9167,2.32325,100.0,6e-05,
pgbench,template_only,18,sketch1,41,6,0.8333,0.8333,0.0,5,6,0,0,0,0,0.9167,2.32325,100.0,0.00052,
pgbench,template_only,19,dci_v2_P1,41,6,0.5,0.5,0.0,3,6,0,0,0,0,0.75,2.32325,100.0,0.001,
pgbench,template_only,19,dci_v2_P2,41,6,0.5,0.5,0.0,3,6,0,0,0,0,0.75,1.291,55.57,0.00087,
pgbench,template_only,19,dci_v2_P4,41,6,0.5,0.5,0.0,3,6,0,0,0,0,0.75,0.80203,34.52,0.00082,
pgbench,template_only,19,dci_v2_P8,41,6,0.5,0.5,0.0,3,6,0,0,0,0,0.75,0.53038,22.83,0.00078,
pgbench,template_only,19,dci_v1,41,6,0.5,0.5,0.0,3,6,0,0,0,0,0.75,2.32325,100.0,0.00134,
pgbench,template_only,19,always_multiD,41,6,0.5,0.5,0.0,3,6,0,0,0,0,0.75,2.32325,100.0,0.00051,
pgbench,template_only,19,best_axis_oracle,41,6,0.5,0.5,0.0,3,6,0,0,0,0,0.75,0.09575,4.12,0.00203,S_R
pgbench,template_only,19,union4_raw,41,6,0.5,0.5,0.0,3,6,0,0,0,0,0.75,0.11528,4.96,0.00163,
pgbench,template_only,19,union4_bonf,41,6,0.5,0.5,0.0,3,6,0,0,0,0,0.75,0.11528,4.96,0.00165,
pgbench,template_only,19,every_k2,41,6,0.0,0.0,,0,6,0,0,0,0,,1.18996,51.22,4e-05,offset=0
pgbench,template_only,19,every_k3,41,6,0.5,0.5,0.0,3,6,0,0,0,0,,0.73664,31.71,3e-05,offset=2
pgbench,template_only,19,every_k4,41,6,0.0,0.0,,0,6,0,0,0,0,,0.62331,26.83,2e-05,offset=0
pgbench,template_only,19,adwin,41,6,0.0,0.0,,0,6,0,0,0,0,,2.32325,100.0,2e-05,
pgbench,template_only,19,adwin_s,41,6,0.0,0.0,,0,6,0,0,0,0,,2.32325,100.0,2e-05,
pgbench,template_only,19,mcusum,41,6,0.5,0.5,0.0,3,6,0,0,0,0,0.75,2.32325,100.0,5e-05,
pgbench,template_only,19,sketch1,41,6,0.5,0.5,0.0,3,6,0,0,0,0,0.75,2.32325,100.0,0.0005,
pgbench,template_only,20,dci_v2_P1,41,6,0.8333,0.8333,0.0,5,6,0,0,0,0,0.9167,2.32325,100.0,0.00102,
pgbench,template_only,20,dci_v2_P2,41,6,0.8333,0.8333,0.0,5,6,0,0,0,0,0.9167,1.291,55.57,0.0009,
pgbench,template_only,20,dci_v2_P4,41,6,0.8333,0.8333,0.0,5,6,0,0,0,0,0.9167,0.80203,34.52,0.00084,
pgbench,template_only,20,dci_v2_P8,41,6,0.8333,0.8333,0.0,5,6,0,0,0,0,0.9167,0.53038,22.83,0.0008,
pgbench,template_only,20,dci_v1,41,6,0.8333,0.8333,0.0,5,6,0,0,0,0,0.9167,2.32325,100.0,0.00139,
pgbench,template_only,20,always_multiD,41,6,0.8333,0.8333,0.0,5,6,0,0,0,0,0.9167,2.32325,100.0,0.00053,
pgbench,template_only,20,best_axis_oracle,41,6,0.8333,0.8333,0.0,5,6,0,0,0,0,0.9167,0.09575,4.12,0.00216,S_R
pgbench,template_only,20,union4_raw,41,6,0.8333,0.8333,0.0,5,6,0,0,0,0,0.9167,0.11528,4.96,0.00175,
pgbench,template_only,20,union4_bonf,41,6,0.8333,0.8333,0.0,5,6,0,0,0,0,0.9167,0.11528,4.96,0.00176,
pgbench,template_only,20,every_k2,41,6,0.8333,0.8333,0.0,5,6,0,0,0,0,,1.13329,48.78,4e-05,offset=1
pgbench,template_only,20,every_k3,41,6,0.0,0.0,,0,6,0,0,0,0,,0.79331,34.15,3e-05,offset=1
pgbench,template_only,20,every_k4,41,6,0.3333,0.3333,0.0,2,6,0,0,0,0,,0.56665,24.39,2e-05,offset=1
pgbench,template_only,20,adwin,41,6,0.0,0.0,,0,6,0,0,0,0,,2.32325,100.0,2e-05,
pgbench,template_only,20,adwin_s,41,6,0.0,0.0,,0,6,0,0,0,0,,2.32325,100.0,2e-05,
pgbench,template_only,20,mcusum,41,6,0.8333,0.8333,0.0,5,6,0,0,0,0,0.9167,2.32325,100.0,6e-05,
pgbench,template_only,20,sketch1,41,6,0.8333,0.8333,0.0,5,6,0,0,0,0,0.9167,2.32325,100.0,0.00054,
pgbench,template_only,21,dci_v2_P1,41,6,0.5,0.5,0.0,3,6,0,0,0,0,0.75,2.32325,100.0,0.00098,
pgbench,template_only,21,dci_v2_P2,41,6,0.5,0.5,0.0,3,6,0,0,0,0,0.75,1.291,55.57,0.00087,
pgbench,template_only,21,dci_v2_P4,41,6,0.5,0.5,0.0,3,6,0,0,0,0,0.75,0.80203,34.52,0.00081,
pgbench,template_only,21,dci_v2_P8,41,6,0.5,0.5,0.0,3,6,0,0,0,0,0.75,0.53038,22.83,0.00078,
pgbench,template_only,21,dci_v1,41,6,0.5,0.5,0.0,3,6,0,0,0,0,0.75,2.32325,100.0,0.00134,
pgbench,template_only,21,always_multiD,41,6,0.5,0.5,0.0,3,6,0,0,0,0,0.75,2.32325,100.0,0.00052,
pgbench,template_only,21,best_axis_oracle,41,6,0.5,0.5,0.0,3,6,0,0,0,0,0.75,0.09575,4.12,0.00207,S_R
pgbench,template_only,21,union4_raw,41,6,0.5,0.5,0.0,3,6,0,0,0,0,0.75,0.11528,4.96,0.00168,
pgbench,template_only,21,union4_bonf,41,6,0.5,0.5,0.0,3,6,0,0,0,0,0.75,0.11528,4.96,0.00171,
pgbench,template_only,21,every_k2,41,6,0.5,0.5,0.0,3,6,0,0,0,0,,1.13329,48.78,4e-05,offset=1
pgbench,template_only,21,every_k3,41,6,0.0,0.0,,0,6,0,0,0,0,,0.79331,34.15,3e-05,offset=0
pgbench,template_only,21,every_k4,41,6,0.3333,0.3333,0.0,2,6,0,0,0,0,,0.56665,24.39,2e-05,offset=1
pgbench,template_only,21,adwin,41,6,0.0,0.0,,0,6,0,0,0,0,,2.32325,100.0,2e-05,
pgbench,template_only,21,adwin_s,41,6,0.0,0.0,,0,6,0,0,0,0,,2.32325,100.0,2e-05,
pgbench,template_only,21,mcusum,41,6,0.5,0.5,0.0,3,6,0,0,0,0,0.75,2.32325,100.0,6e-05,
pgbench,template_only,21,sketch1,41,6,0.5,0.5,0.0,3,6,0,0,0,0,0.75,2.32325,100.0,0.00051,
pgbench,template_only,22,dci_v2_P1,41,6,1.0,1.0,0.0,6,6,0,0,0,0,1.0,2.32325,100.0,0.00102,
pgbench,template_only,22,dci_v2_P2,41,6,1.0,1.0,0.0,6,6,0,0,0,0,1.0,1.291,55.57,0.00091,
pgbench,template_only,22,dci_v2_P4,41,6,1.0,1.0,0.0,6,6,0,0,0,0,1.0,0.80203,34.52,0.00085,
pgbench,template_only,22,dci_v2_P8,41,6,1.0,1.0,0.0,6,6,0,0,0,0,1.0,0.53038,22.83,0.00081,
pgbench,template_only,22,dci_v1,41,6,1.0,1.0,0.0,6,6,0,0,0,0,1.0,2.32325,100.0,0.00138,
pgbench,template_only,22,always_multiD,41,6,1.0,1.0,0.0,6,6,0,0,0,0,1.0,2.32325,100.0,0.00054,
pgbench,template_only,22,best_axis_oracle,41,6,1.0,1.0,0.0,6,6,0,0,0,0,1.0,0.09575,4.12,0.00217,S_R
pgbench,template_only,22,union4_raw,41,6,1.0,1.0,0.0,6,6,0,0,0,0,1.0,0.11528,4.96,0.00178,
pgbench,template_only,22,union4_bonf,41,6,1.0,1.0,0.0,6,6,0,0,0,0,1.0,0.11528,4.96,0.00178,
pgbench,template_only,22,every_k2,41,6,1.0,1.0,0.0,6,6,0,0,0,0,,1.13329,48.78,4e-05,offset=1
pgbench,template_only,22,every_k3,41,6,0.0,0.0,,0,6,0,0,0,0,,0.79331,34.15,3e-05,offset=1
pgbench,template_only,22,every_k4,41,6,0.5,0.5,0.0,3,6,0,0,0,0,,0.56665,24.39,2e-05,offset=1
pgbench,template_only,22,adwin,41,6,0.0,0.0,,0,6,0,0,0,0,,2.32325,100.0,2e-05,
pgbench,template_only,22,adwin_s,41,6,0.0,0.0,,0,6,0,0,0,0,,2.32325,100.0,2e-05,
pgbench,template_only,22,mcusum,41,6,1.0,1.0,0.0,6,6,0,0,0,0,1.0,2.32325,100.0,6e-05,
pgbench,template_only,22,sketch1,41,6,1.0,1.0,0.0,6,6,0,0,0,0,1.0,2.32325,100.0,0.00054,
pgbench,template_only,23,dci_v2_P1,41,6,0.8333,0.8333,0.0,5,6,0,0,0,0,0.9167,2.32325,100.0,0.00102,
pgbench,template_only,23,dci_v2_P2,41,6,0.8333,0.8333,0.0,5,6,0,0,0,0,0.9167,1.291,55.57,0.00091,
pgbench,template_only,23,dci_v2_P4,41,6,0.8333,0.8333,0.0,5,6,0,0,0,0,0.9167,0.80203,34.52,0.00082,
pgbench,template_only,23,dci_v2_P8,41,6,0.8333,0.8333,0.0,5,6,0,0,0,0,0.9167,0.53038,22.83,0.0008,
pgbench,template_only,23,dci_v1,41,6,0.8333,0.8333,0.0,5,6,0,0,0,0,0.9167,2.32325,100.0,0.00139,
pgbench,template_only,23,always_multiD,41,6,0.8333,0.8333,0.0,5,6,0,0,0,0,0.9167,2.32325,100.0,0.00052,
pgbench,template_only,23,best_axis_oracle,41,6,0.8333,0.8333,0.0,5,6,0,0,0,0,0.9167,0.09575,4.12,0.00215,S_R
pgbench,template_only,23,union4_raw,41,6,0.8333,0.8333,0.0,5,6,0,0,0,0,0.9167,0.11528,4.96,0.00176,
pgbench,template_only,23,union4_bonf,41,6,0.8333,0.8333,0.0,5,6,0,0,0,0,0.9167,0.11528,4.96,0.00175,
pgbench,template_only,23,every_k2,41,6,0.0,0.0,,0,6,0,0,0,0,,1.18996,51.22,5e-05,offset=0
pgbench,template_only,23,every_k3,41,6,0.0,0.0,,0,6,0,0,0,0,,0.79331,34.15,3e-05,offset=0
pgbench,template_only,23,every_k4,41,6,0.5,0.5,0.0,3,6,0,0,0,0,,0.56665,24.39,2e-05,offset=3
pgbench,template_only,23,adwin,41,6,0.0,0.0,,0,6,0,0,0,0,,2.32325,100.0,2e-05,
pgbench,template_only,23,adwin_s,41,6,0.0,0.0,,0,6,0,0,0,0,,2.32325,100.0,2e-05,
pgbench,template_only,23,mcusum,41,6,0.8333,0.8333,0.0,5,6,0,0,0,0,0.9167,2.32325,100.0,5e-05,
pgbench,template_only,23,sketch1,41,6,0.8333,0.8333,0.0,5,6,0,0,0,0,0.9167,2.32325,100.0,0.00053,
pgbench,template_only,24,dci_v2_P1,41,6,0.5,0.5,0.0,3,6,0,0,0,0,0.75,2.32325,100.0,0.001,
pgbench,template_only,24,dci_v2_P2,41,6,0.5,0.5,0.0,3,6,0,0,0,0,0.75,1.291,55.57,0.00088,
pgbench,template_only,24,dci_v2_P4,41,6,0.5,0.5,0.0,3,6,0,0,0,0,0.75,0.80203,34.52,0.00083,
pgbench,template_only,24,dci_v2_P8,41,6,0.5,0.5,0.0,3,6,0,0,0,0,0.75,0.53038,22.83,0.00079,
pgbench,template_only,24,dci_v1,41,6,0.5,0.5,0.0,3,6,0,0,0,0,0.75,2.32325,100.0,0.00135,
pgbench,template_only,24,always_multiD,41,6,0.5,0.5,0.0,3,6,0,0,0,0,0.75,2.32325,100.0,0.00051,
pgbench,template_only,24,best_axis_oracle,41,6,0.5,0.5,0.0,3,6,0,0,0,0,0.75,0.09575,4.12,0.00212,S_R
pgbench,template_only,24,union4_raw,41,6,0.5,0.5,0.0,3,6,0,0,0,0,0.75,0.11528,4.96,0.00171,
pgbench,template_only,24,union4_bonf,41,6,0.5,0.5,0.0,3,6,0,0,0,0,0.75,0.11528,4.96,0.00171,
pgbench,template_only,24,every_k2,41,6,0.5,0.5,0.0,3,6,0,0,0,0,,1.13329,48.78,5e-05,offset=1
pgbench,template_only,24,every_k3,41,6,0.0,0.0,,0,6,0,0,0,0,,0.79331,34.15,3e-05,offset=1
pgbench,template_only,24,every_k4,41,6,0.0,0.0,,0,6,0,0,0,0,,0.56665,24.39,2e-05,offset=2
pgbench,template_only,24,adwin,41,6,0.0,0.0,,0,6,0,0,0,0,,2.32325,100.0,2e-05,
pgbench,template_only,24,adwin_s,41,6,0.0,0.0,,0,6,0,0,0,0,,2.32325,100.0,2e-05,
pgbench,template_only,24,mcusum,41,6,0.5,0.5,0.0,3,6,0,0,0,0,0.75,2.32325,100.0,5e-05,
pgbench,template_only,24,sketch1,41,6,0.5,0.5,0.0,3,6,0,0,0,0,0.75,2.32325,100.0,0.00052,
pgbench,template_only,25,dci_v2_P1,41,6,0.5,0.5,0.0,3,6,0,0,0,0,0.75,2.32325,100.0,0.00099,
pgbench,template_only,25,dci_v2_P2,41,6,0.5,0.5,0.0,3,6,0,0,0,0,0.75,1.291,55.57,0.00088,
pgbench,template_only,25,dci_v2_P4,41,6,0.5,0.5,0.0,3,6,0,0,0,0,0.75,0.80203,34.52,0.00082,
pgbench,template_only,25,dci_v2_P8,41,6,0.5,0.5,0.0,3,6,0,0,0,0,0.75,0.53038,22.83,0.00079,
pgbench,template_only,25,dci_v1,41,6,0.5,0.5,0.0,3,6,0,0,0,0,0.75,2.32325,100.0,0.00136,
pgbench,template_only,25,always_multiD,41,6,0.5,0.5,0.0,3,6,0,0,0,0,0.75,2.32325,100.0,0.00051,
pgbench,template_only,25,best_axis_oracle,41,6,0.5,0.5,0.0,3,6,0,0,0,0,0.75,0.09575,4.12,0.0021,S_R
pgbench,template_only,25,union4_raw,41,6,0.5,0.5,0.0,3,6,0,0,0,0,0.75,0.11528,4.96,0.00171,
pgbench,template_only,25,union4_bonf,41,6,0.5,0.5,0.0,3,6,0,0,0,0,0.75,0.11528,4.96,0.00171,
pgbench,template_only,25,every_k2,41,6,0.5,0.5,0.0,3,6,0,0,0,0,,1.13329,48.78,4e-05,offset=1
pgbench,template_only,25,every_k3,41,6,0.0,0.0,,0,6,0,0,0,0,,0.79331,34.15,3e-05,offset=1
pgbench,template_only,25,every_k4,41,6,0.1667,0.1667,0.0,1,6,0,0,0,0,,0.56665,24.39,2e-05,offset=3
pgbench,template_only,25,adwin,41,6,0.0,0.0,,0,6,0,0,0,0,,2.32325,100.0,2e-05,
pgbench,template_only,25,adwin_s,41,6,0.0,0.0,,0,6,0,0,0,0,,2.32325,100.0,2e-05,
pgbench,template_only,25,mcusum,41,6,0.5,0.5,0.0,3,6,0,0,0,0,0.75,2.32325,100.0,5e-05,
pgbench,template_only,25,sketch1,41,6,0.5,0.5,0.0,3,6,0,0,0,0,0.75,2.32325,100.0,0.00051,
pgbench,template_only,26,dci_v2_P1,41,6,0.8333,0.8333,0.0,5,6,0,0,0,0,0.9167,2.32325,100.0,0.001,
pgbench,template_only,26,dci_v2_P2,41,6,0.8333,0.8333,0.0,5,6,0,0,0,0,0.9167,1.291,55.57,0.00088,
pgbench,template_only,26,dci_v2_P4,41,6,0.8333,0.8333,0.0,5,6,0,0,0,0,0.9167,0.80203,34.52,0.00082,
pgbench,template_only,26,dci_v2_P8,41,6,0.8333,0.8333,0.0,5,6,0,0,0,0,0.9167,0.53038,22.83,0.00078,
pgbench,template_only,26,dci_v1,41,6,0.8333,0.8333,0.0,5,6,0,0,0,0,0.9167,2.32325,100.0,0.00135,
pgbench,template_only,26,always_multiD,41,6,0.8333,0.8333,0.0,5,6,0,0,0,0,0.9167,2.32325,100.0,0.00051,
pgbench,template_only,26,best_axis_oracle,41,6,0.8333,0.8333,0.0,5,6,0,0,0,0,0.9167,0.09575,4.12,0.00211,S_R
pgbench,template_only,26,union4_raw,41,6,0.8333,0.8333,0.0,5,6,0,0,0,0,0.9167,0.11528,4.96,0.00173,
pgbench,template_only,26,union4_bonf,41,6,0.8333,0.8333,0.0,5,6,0,0,0,0,0.9167,0.11528,4.96,0.00173,
pgbench,template_only,26,every_k2,41,6,0.0,0.0,,0,6,0,0,0,0,,1.18996,51.22,5e-05,offset=0
pgbench,template_only,26,every_k3,41,6,0.0,0.0,,0,6,0,0,0,0,,0.79331,34.15,3e-05,offset=1
pgbench,template_only,26,every_k4,41,6,0.5,0.5,0.0,3,6,0,0,0,0,,0.56665,24.39,2e-05,offset=3
pgbench,template_only,26,adwin,41,6,0.0,0.0,,0,6,0,0,0,0,,2.32325,100.0,2e-05,
pgbench,template_only,26,adwin_s,41,6,0.0,0.0,,0,6,0,0,0,0,,2.32325,100.0,2e-05,
pgbench,template_only,26,mcusum,41,6,0.8333,0.8333,0.0,5,6,0,0,0,0,0.9167,2.32325,100.0,5e-05,
pgbench,template_only,26,sketch1,41,6,0.8333,0.8333,0.0,5,6,0,0,0,0,0.9167,2.32325,100.0,0.00052,
pgbench,template_only,27,dci_v2_P1,41,6,0.5,0.5,0.0,3,6,0,0,0,0,0.75,2.32325,100.0,0.00098,
pgbench,template_only,27,dci_v2_P2,41,6,0.5,0.5,0.0,3,6,0,0,0,0,0.75,1.291,55.57,0.00087,
pgbench,template_only,27,dci_v2_P4,41,6,0.5,0.5,0.0,3,6,0,0,0,0,0.75,0.80203,34.52,0.0008,
pgbench,template_only,27,dci_v2_P8,41,6,0.5,0.5,0.0,3,6,0,0,0,0,0.75,0.53038,22.83,0.00078,
pgbench,template_only,27,dci_v1,41,6,0.5,0.5,0.0,3,6,0,0,0,0,0.75,2.32325,100.0,0.00136,
pgbench,template_only,27,always_multiD,41,6,0.5,0.5,0.0,3,6,0,0,0,0,0.75,2.32325,100.0,0.0005,
pgbench,template_only,27,best_axis_oracle,41,6,0.5,0.5,0.0,3,6,0,0,0,0,0.75,0.09575,4.12,0.00208,S_R
pgbench,template_only,27,union4_raw,41,6,0.5,0.5,0.0,3,6,0,0,0,0,0.75,0.11528,4.96,0.00166,
pgbench,template_only,27,union4_bonf,41,6,0.5,0.5,0.0,3,6,0,0,0,0,0.75,0.11528,4.96,0.0016,
pgbench,template_only,27,every_k2,41,6,0.0,0.0,,0,6,0,0,0,0,,1.18996,51.22,4e-05,offset=0
pgbench,template_only,27,every_k3,41,6,0.0,0.0,,0,6,0,0,0,0,,0.79331,34.15,3e-05,offset=1
pgbench,template_only,27,every_k4,41,6,0.3333,0.3333,0.0,2,6,0,0,0,0,,0.56665,24.39,2e-05,offset=1
pgbench,template_only,27,adwin,41,6,0.0,0.0,,0,6,0,0,0,0,,2.32325,100.0,2e-05,
pgbench,template_only,27,adwin_s,41,6,0.0,0.0,,0,6,0,0,0,0,,2.32325,100.0,2e-05,
pgbench,template_only,27,mcusum,41,6,0.5,0.5,0.0,3,6,0,0,0,0,0.75,2.32325,100.0,5e-05,
pgbench,template_only,27,sketch1,41,6,0.5,0.5,0.0,3,6,0,0,0,0,0.75,2.32325,100.0,0.00048,
pgbench,template_only,28,dci_v2_P1,41,6,0.1667,0.1667,0.0,1,6,0,0,0,0,0.5833,2.32325,100.0,0.00098,
pgbench,template_only,28,dci_v2_P2,41,6,0.1667,0.1667,0.0,1,6,0,0,0,0,0.5833,1.291,55.57,0.00088,
pgbench,template_only,28,dci_v2_P4,41,6,0.1667,0.1667,0.0,1,6,0,0,0,0,0.5833,0.80203,34.52,0.00081,
pgbench,template_only,28,dci_v2_P8,41,6,0.1667,0.1667,0.0,1,6,0,0,0,0,0.5833,0.53038,22.83,0.00078,
pgbench,template_only,28,dci_v1,41,6,0.1667,0.1667,0.0,1,6,0,0,0,0,0.5833,2.32325,100.0,0.00134,
pgbench,template_only,28,always_multiD,41,6,0.1667,0.1667,0.0,1,6,0,0,0,0,0.5833,2.32325,100.0,0.00049,
pgbench,template_only,28,best_axis_oracle,41,6,0.1667,0.1667,0.0,1,6,0,0,0,0,0.5833,0.09575,4.12,0.00207,S_R
pgbench,template_only,28,union4_raw,41,6,0.1667,0.1667,0.0,1,6,0,0,0,0,0.5833,0.11528,4.96,0.00167,
pgbench,template_only,28,union4_bonf,41,6,0.1667,0.1667,0.0,1,6,0,0,0,0,0.5833,0.11528,4.96,0.00167,
pgbench,template_only,28,every_k2,41,6,0.0,0.0,,0,6,0,0,0,0,,1.18996,51.22,4e-05,offset=0
pgbench,template_only,28,every_k3,41,6,0.0,0.0,,0,6,0,0,0,0,,0.79331,34.15,3e-05,offset=1
pgbench,template_only,28,every_k4,41,6,0.0,0.0,,0,6,0,0,0,0,,0.62331,26.83,2e-05,offset=0
pgbench,template_only,28,adwin,41,6,0.0,0.0,,0,6,0,0,0,0,,2.32325,100.0,2e-05,
pgbench,template_only,28,adwin_s,41,6,0.0,0.0,,0,6,0,0,0,0,,2.32325,100.0,2e-05,
pgbench,template_only,28,mcusum,41,6,0.1667,0.1667,0.0,1,6,0,0,0,0,0.5833,2.32325,100.0,6e-05,
pgbench,template_only,28,sketch1,41,6,0.1667,0.1667,0.0,1,6,0,0,0,0,0.5833,2.32325,100.0,0.00051,
pgbench,template_only,29,dci_v2_P1,41,6,0.6667,0.6667,0.0,4,6,0,0,0,0,0.8333,2.32325,100.0,0.00094,
pgbench,template_only,29,dci_v2_P2,41,6,0.6667,0.6667,0.0,4,6,0,0,0,0,0.8333,1.291,55.57,0.00083,
pgbench,template_only,29,dci_v2_P4,41,6,0.6667,0.6667,0.0,4,6,0,0,0,0,0.8333,0.80203,34.52,0.00079,
pgbench,template_only,29,dci_v2_P8,41,6,0.6667,0.6667,0.0,4,6,0,0,0,0,0.8333,0.53038,22.83,0.00077,
pgbench,template_only,29,dci_v1,41,6,0.6667,0.6667,0.0,4,6,0,0,0,0,0.8333,2.32325,100.0,0.00134,
pgbench,template_only,29,always_multiD,41,6,0.6667,0.6667,0.0,4,6,0,0,0,0,0.8333,2.32325,100.0,0.00051,
pgbench,template_only,29,best_axis_oracle,41,6,0.6667,0.6667,0.0,4,6,0,0,0,0,0.8333,0.09575,4.12,0.00205,S_R
pgbench,template_only,29,union4_raw,41,6,0.6667,0.6667,0.0,4,6,0,0,0,0,0.8333,0.11528,4.96,0.00171,
pgbench,template_only,29,union4_bonf,41,6,0.6667,0.6667,0.0,4,6,0,0,0,0,0.8333,0.11528,4.96,0.0017,
pgbench,template_only,29,every_k2,41,6,0.6667,0.6667,0.0,4,6,0,0,0,0,,1.13329,48.78,4e-05,offset=1
pgbench,template_only,29,every_k3,41,6,0.0,0.0,,0,6,0,0,0,0,,0.79331,34.15,3e-05,offset=1
pgbench,template_only,29,every_k4,41,6,0.0,0.0,,0,6,0,0,0,0,,0.62331,26.83,2e-05,offset=0
pgbench,template_only,29,adwin,41,6,0.0,0.0,,0,6,0,0,0,0,,2.32325,100.0,2e-05,
pgbench,template_only,29,adwin_s,41,6,0.0,0.0,,0,6,0,0,0,0,,2.32325,100.0,2e-05,
pgbench,template_only,29,mcusum,41,6,0.6667,0.6667,0.0,4,6,0,0,0,0,0.8333,2.32325,100.0,6e-05,
pgbench,template_only,29,sketch1,41,6,0.6667,0.6667,0.0,4,6,0,0,0,0,0.8333,2.32325,100.0,0.00052,
pgbench,template_only,30,dci_v2_P1,41,6,1.0,1.0,0.0,6,6,0,0,0,0,1.0,2.32325,100.0,0.00101,
pgbench,template_only,30,dci_v2_P2,41,6,1.0,1.0,0.0,6,6,0,0,0,0,1.0,1.291,55.57,0.0009,
pgbench,template_only,30,dci_v2_P4,41,6,1.0,1.0,0.0,6,6,0,0,0,0,1.0,0.80203,34.52,0.00084,
pgbench,template_only,30,dci_v2_P8,41,6,1.0,1.0,0.0,6,6,0,0,0,0,1.0,0.53038,22.83,0.00083,
pgbench,template_only,30,dci_v1,41,6,1.0,1.0,0.0,6,6,0,0,0,0,1.0,2.32325,100.0,0.00142,
pgbench,template_only,30,always_multiD,41,6,1.0,1.0,0.0,6,6,0,0,0,0,1.0,2.32325,100.0,0.00053,
pgbench,template_only,30,best_axis_oracle,41,6,1.0,1.0,0.0,6,6,0,0,0,0,1.0,0.09575,4.12,0.00217,S_R
pgbench,template_only,30,union4_raw,41,6,1.0,1.0,0.0,6,6,0,0,0,0,1.0,0.11528,4.96,0.00179,
pgbench,template_only,30,union4_bonf,41,6,1.0,1.0,0.0,6,6,0,0,0,0,1.0,0.11528,4.96,0.00176,
pgbench,template_only,30,every_k2,41,6,1.0,1.0,0.0,6,6,0,0,0,0,,1.13329,48.78,4e-05,offset=1
pgbench,template_only,30,every_k3,41,6,0.0,0.0,,0,6,0,0,0,0,,0.79331,34.15,3e-05,offset=1
pgbench,template_only,30,every_k4,41,6,0.0,0.0,,0,6,0,0,0,0,,0.62331,26.83,3e-05,offset=0
pgbench,template_only,30,adwin,41,6,0.0,0.0,,0,6,0,0,0,0,,2.32325,100.0,2e-05,
pgbench,template_only,30,adwin_s,41,6,0.0,0.0,,0,6,0,0,0,0,,2.32325,100.0,2e-05,
pgbench,template_only,30,mcusum,41,6,1.0,1.0,0.0,6,6,0,0,0,0,1.0,2.32325,100.0,5e-05,
pgbench,template_only,30,sketch1,41,6,1.0,1.0,0.0,6,6,0,0,0,0,1.0,2.32325,100.0,0.00054,
pgbench,template_only,31,dci_v2_P1,41,6,0.6667,0.6667,0.0,4,6,0,0,0,0,0.8333,2.32325,100.0,0.00101,
pgbench,template_only,31,dci_v2_P2,41,6,0.6667,0.6667,0.0,4,6,0,0,0,0,0.8333,1.291,55.57,0.00089,
pgbench,template_only,31,dci_v2_P4,41,6,0.6667,0.6667,0.0,4,6,0,0,0,0,0.8333,0.80203,34.52,0.00082,
pgbench,template_only,31,dci_v2_P8,41,6,0.6667,0.6667,0.0,4,6,0,0,0,0,0.8333,0.53038,22.83,0.00079,
pgbench,template_only,31,dci_v1,41,6,0.6667,0.6667,0.0,4,6,0,0,0,0,0.8333,2.32325,100.0,0.0014,
pgbench,template_only,31,always_multiD,41,6,0.6667,0.6667,0.0,4,6,0,0,0,0,0.8333,2.32325,100.0,0.00051,
pgbench,template_only,31,best_axis_oracle,41,6,0.6667,0.6667,0.0,4,6,0,0,0,0,0.8333,0.09575,4.12,0.00214,S_R
pgbench,template_only,31,union4_raw,41,6,0.6667,0.6667,0.0,4,6,0,0,0,0,0.8333,0.11528,4.96,0.00176,
pgbench,template_only,31,union4_bonf,41,6,0.6667,0.6667,0.0,4,6,0,0,0,0,0.8333,0.11528,4.96,0.00173,
pgbench,template_only,31,every_k2,41,6,0.0,0.0,,0,6,0,0,0,0,,1.18996,51.22,5e-05,offset=0
pgbench,template_only,31,every_k3,41,6,0.0,0.0,,0,6,0,0,0,0,,0.79331,34.15,3e-05,offset=1
pgbench,template_only,31,every_k4,41,6,0.0,0.0,,0,6,0,0,0,0,,0.62331,26.83,3e-05,offset=0
pgbench,template_only,31,adwin,41,6,0.0,0.0,,0,6,0,0,0,0,,2.32325,100.0,2e-05,
pgbench,template_only,31,adwin_s,41,6,0.0,0.0,,0,6,0,0,0,0,,2.32325,100.0,2e-05,
pgbench,template_only,31,mcusum,41,6,0.6667,0.6667,0.0,4,6,0,0,0,0,0.8333,2.32325,100.0,5e-05,
pgbench,template_only,31,sketch1,41,6,0.6667,0.6667,0.0,4,6,0,0,0,0,0.8333,2.32325,100.0,0.00051,
pgbench,template_only,32,dci_v2_P1,41,6,0.5,0.5,0.0,3,6,0,0,0,0,0.75,2.32325,100.0,0.001,
pgbench,template_only,32,dci_v2_P2,41,6,0.5,0.5,0.0,3,6,0,0,0,0,0.75,1.291,55.57,0.00088,
pgbench,template_only,32,dci_v2_P4,41,6,0.5,0.5,0.0,3,6,0,0,0,0,0.75,0.80203,34.52,0.00081,
pgbench,template_only,32,dci_v2_P8,41,6,0.5,0.5,0.0,3,6,0,0,0,0,0.75,0.53038,22.83,0.00079,
pgbench,template_only,32,dci_v1,41,6,0.5,0.5,0.0,3,6,0,0,0,0,0.75,2.32325,100.0,0.00138,
pgbench,template_only,32,always_multiD,41,6,0.5,0.5,0.0,3,6,0,0,0,0,0.75,2.32325,100.0,0.00052,
pgbench,template_only,32,best_axis_oracle,41,6,0.5,0.5,0.0,3,6,0,0,0,0,0.75,0.09575,4.12,0.00197,S_R
pgbench,template_only,32,union4_raw,41,6,0.5,0.5,0.0,3,6,0,0,0,0,0.75,0.11528,4.96,0.00163,
pgbench,template_only,32,union4_bonf,41,6,0.5,0.5,0.0,3,6,0,0,0,0,0.75,0.11528,4.96,0.00166,
pgbench,template_only,32,every_k2,41,6,0.0,0.0,,0,6,0,0,0,0,,1.18996,51.22,4e-05,offset=0
pgbench,template_only,32,every_k3,41,6,0.0,0.0,,0,6,0,0,0,0,,0.79331,34.15,3e-05,offset=0
pgbench,template_only,32,every_k4,41,6,0.0,0.0,,0,6,0,0,0,0,,0.62331,26.83,2e-05,offset=0
pgbench,template_only,32,adwin,41,6,0.0,0.0,,0,6,0,0,0,0,,2.32325,100.0,2e-05,
pgbench,template_only,32,adwin_s,41,6,0.0,0.0,,0,6,0,0,0,0,,2.32325,100.0,2e-05,
pgbench,template_only,32,mcusum,41,6,0.5,0.5,0.0,3,6,0,0,0,0,0.75,2.32325,100.0,5e-05,
pgbench,template_only,32,sketch1,41,6,0.5,0.5,0.0,3,6,0,0,0,0,0.75,2.32325,100.0,0.00052,
pgbench,template_only,33,dci_v2_P1,41,6,0.8333,0.8333,0.0,5,6,0,0,0,0,0.9167,2.32325,100.0,0.00102,
pgbench,template_only,33,dci_v2_P2,41,6,0.8333,0.8333,0.0,5,6,0,0,0,0,0.9167,1.291,55.57,0.00089,
pgbench,template_only,33,dci_v2_P4,41,6,0.8333,0.8333,0.0,5,6,0,0,0,0,0.9167,0.80203,34.52,0.00084,
pgbench,template_only,33,dci_v2_P8,41,6,0.8333,0.8333,0.0,5,6,0,0,0,0,0.9167,0.53038,22.83,0.00079,
pgbench,template_only,33,dci_v1,41,6,0.8333,0.8333,0.0,5,6,0,0,0,0,0.9167,2.32325,100.0,0.00136,
pgbench,template_only,33,always_multiD,41,6,0.8333,0.8333,0.0,5,6,0,0,0,0,0.9167,2.32325,100.0,0.00052,
pgbench,template_only,33,best_axis_oracle,41,6,0.8333,0.8333,0.0,5,6,0,0,0,0,0.9167,0.09575,4.12,0.00214,S_R
pgbench,template_only,33,union4_raw,41,6,0.8333,0.8333,0.0,5,6,0,0,0,0,0.9167,0.11528,4.96,0.00174,
pgbench,template_only,33,union4_bonf,41,6,0.8333,0.8333,0.0,5,6,0,0,0,0,0.9167,0.11528,4.96,0.00176,
pgbench,template_only,33,every_k2,41,6,0.8333,0.8333,0.0,5,6,0,0,0,0,,1.13329,48.78,4e-05,offset=1
pgbench,template_only,33,every_k3,41,6,0.8333,0.8333,0.0,5,6,0,0,0,0,,0.73664,31.71,3e-05,offset=2
pgbench,template_only,33,every_k4,41,6,0.0,0.0,,0,6,0,0,0,0,,0.56665,24.39,2e-05,offset=2
pgbench,template_only,33,adwin,41,6,0.0,0.0,,0,6,0,0,0,0,,2.32325,100.0,2e-05,
pgbench,template_only,33,adwin_s,41,6,0.0,0.0,,0,6,0,0,0,0,,2.32325,100.0,2e-05,
pgbench,template_only,33,mcusum,41,6,0.8333,0.8333,0.0,5,6,0,0,0,0,0.9167,2.32325,100.0,6e-05,
pgbench,template_only,33,sketch1,41,6,0.8333,0.8333,0.0,5,6,0,0,0,0,0.9167,2.32325,100.0,0.00053,
pgbench,template_only,34,dci_v2_P1,41,6,0.6667,0.6667,0.0,4,6,0,0,0,0,0.8333,2.32325,100.0,0.00095,
pgbench,template_only,34,dci_v2_P2,41,6,0.6667,0.6667,0.0,4,6,0,0,0,0,0.8333,1.291,55.57,0.00086,
pgbench,template_only,34,dci_v2_P4,41,6,0.6667,0.6667,0.0,4,6,0,0,0,0,0.8333,0.80203,34.52,0.00081,
pgbench,template_only,34,dci_v2_P8,41,6,0.6667,0.6667,0.0,4,6,0,0,0,0,0.8333,0.53038,22.83,0.00078,
pgbench,template_only,34,dci_v1,41,6,0.6667,0.6667,0.0,4,6,0,0,0,0,0.8333,2.32325,100.0,0.00134,
pgbench,template_only,34,always_multiD,41,6,0.6667,0.6667,0.0,4,6,0,0,0,0,0.8333,2.32325,100.0,0.00049,
pgbench,template_only,34,best_axis_oracle,41,6,0.6667,0.6667,0.0,4,6,0,0,0,0,0.8333,0.09575,4.12,0.00206,S_R
pgbench,template_only,34,union4_raw,41,6,0.6667,0.6667,0.0,4,6,0,0,0,0,0.8333,0.11528,4.96,0.0017,
pgbench,template_only,34,union4_bonf,41,6,0.6667,0.6667,0.0,4,6,0,0,0,0,0.8333,0.11528,4.96,0.00168,
pgbench,template_only,34,every_k2,41,6,0.0,0.0,,0,6,0,0,0,0,,1.18996,51.22,4e-05,offset=0
pgbench,template_only,34,every_k3,41,6,0.6667,0.6667,0.0,4,6,0,0,0,0,,0.73664,31.71,3e-05,offset=2
pgbench,template_only,34,every_k4,41,6,0.0,0.0,,0,6,0,0,0,0,,0.62331,26.83,3e-05,offset=0
pgbench,template_only,34,adwin,41,6,0.0,0.0,,0,6,0,0,0,0,,2.32325,100.0,2e-05,
pgbench,template_only,34,adwin_s,41,6,0.0,0.0,,0,6,0,0,0,0,,2.32325,100.0,2e-05,
pgbench,template_only,34,mcusum,41,6,0.6667,0.6667,0.0,4,6,0,0,0,0,0.8333,2.32325,100.0,6e-05,
pgbench,template_only,34,sketch1,41,6,0.6667,0.6667,0.0,4,6,0,0,0,0,0.8333,2.32325,100.0,0.0005,
pgbench,template_only,35,dci_v2_P1,41,6,1.0,1.0,0.0,6,6,0,0,0,0,1.0,2.32325,100.0,0.00101,
pgbench,template_only,35,dci_v2_P2,41,6,1.0,1.0,0.0,6,6,0,0,0,0,1.0,1.291,55.57,0.0009,
pgbench,template_only,35,dci_v2_P4,41,6,1.0,1.0,0.0,6,6,0,0,0,0,1.0,0.80203,34.52,0.00085,
pgbench,template_only,35,dci_v2_P8,41,6,1.0,1.0,0.0,6,6,0,0,0,0,1.0,0.53038,22.83,0.0008,
pgbench,template_only,35,dci_v1,41,6,1.0,1.0,0.0,6,6,0,0,0,0,1.0,2.32325,100.0,0.00138,
pgbench,template_only,35,always_multiD,41,6,1.0,1.0,0.0,6,6,0,0,0,0,1.0,2.32325,100.0,0.00053,
pgbench,template_only,35,best_axis_oracle,41,6,1.0,1.0,0.0,6,6,0,0,0,0,1.0,0.09575,4.12,0.00214,S_R
pgbench,template_only,35,union4_raw,41,6,1.0,1.0,0.0,6,6,0,0,0,0,1.0,0.11528,4.96,0.00177,
pgbench,template_only,35,union4_bonf,41,6,1.0,1.0,0.0,6,6,0,0,0,0,1.0,0.11528,4.96,0.00178,
pgbench,template_only,35,every_k2,41,6,0.0,0.0,,0,6,0,0,0,0,,1.18996,51.22,4e-05,offset=0
pgbench,template_only,35,every_k3,41,6,1.0,1.0,0.0,6,6,0,0,0,0,,0.73664,31.71,3e-05,offset=2
pgbench,template_only,35,every_k4,41,6,0.0,0.0,,0,6,0,0,0,0,,0.56665,24.39,3e-05,offset=2
pgbench,template_only,35,adwin,41,6,0.0,0.0,,0,6,0,0,0,0,,2.32325,100.0,2e-05,
pgbench,template_only,35,adwin_s,41,6,0.0,0.0,,0,6,0,0,0,0,,2.32325,100.0,2e-05,
pgbench,template_only,35,mcusum,41,6,1.0,1.0,0.0,6,6,0,0,0,0,1.0,2.32325,100.0,6e-05,
pgbench,template_only,35,sketch1,41,6,1.0,1.0,0.0,6,6,0,0,0,0,1.0,2.32325,100.0,0.00054,
pgbench,template_only,36,dci_v2_P1,41,6,0.8333,0.8333,0.0,5,6,0,0,0,0,0.9167,2.32325,100.0,0.00101,
pgbench,template_only,36,dci_v2_P2,41,6,0.8333,0.8333,0.0,5,6,0,0,0,0,0.9167,1.291,55.57,0.00089,
pgbench,template_only,36,dci_v2_P4,41,6,0.8333,0.8333,0.0,5,6,0,0,0,0,0.9167,0.80203,34.52,0.00083,
pgbench,template_only,36,dci_v2_P8,41,6,0.8333,0.8333,0.0,5,6,0,0,0,0,0.9167,0.53038,22.83,0.00081,
pgbench,template_only,36,dci_v1,41,6,0.8333,0.8333,0.0,5,6,0,0,0,0,0.9167,2.32325,100.0,0.00139,
pgbench,template_only,36,always_multiD,41,6,0.8333,0.8333,0.0,5,6,0,0,0,0,0.9167,2.32325,100.0,0.00053,
pgbench,template_only,36,best_axis_oracle,41,6,0.8333,0.8333,0.0,5,6,0,0,0,0,0.9167,0.09575,4.12,0.00213,S_R
pgbench,template_only,36,union4_raw,41,6,0.8333,0.8333,0.0,5,6,0,0,0,0,0.9167,0.11528,4.96,0.00175,
pgbench,template_only,36,union4_bonf,41,6,0.8333,0.8333,0.0,5,6,0,0,0,0,0.9167,0.11528,4.96,0.00172,
pgbench,template_only,36,every_k2,41,6,0.0,0.0,,0,6,0,0,0,0,,1.18996,51.22,5e-05,offset=0
pgbench,template_only,36,every_k3,41,6,0.0,0.0,,0,6,0,0,0,0,,0.79331,34.15,3e-05,offset=0
pgbench,template_only,36,every_k4,41,6,0.5,0.5,0.0,3,6,0,0,0,0,,0.56665,24.39,3e-05,offset=1
pgbench,template_only,36,adwin,41,6,0.0,0.0,,0,6,0,0,0,0,,2.32325,100.0,2e-05,
pgbench,template_only,36,adwin_s,41,6,0.0,0.0,,0,6,0,0,0,0,,2.32325,100.0,2e-05,
pgbench,template_only,36,mcusum,41,6,0.8333,0.8333,0.0,5,6,0,0,0,0,0.9167,2.32325,100.0,6e-05,
pgbench,template_only,36,sketch1,41,6,0.8333,0.8333,0.0,5,6,0,0,0,0,0.9167,2.32325,100.0,0.00053,
pgbench,template_only,37,dci_v2_P1,41,6,0.8333,0.8333,0.0,5,6,0,0,0,0,0.9167,2.32325,100.0,0.00101,
pgbench,template_only,37,dci_v2_P2,41,6,0.8333,0.8333,0.0,5,6,0,0,0,0,0.9167,1.291,55.57,0.00089,
pgbench,template_only,37,dci_v2_P4,41,6,0.8333,0.8333,0.0,5,6,0,0,0,0,0.9167,0.80203,34.52,0.00085,
pgbench,template_only,37,dci_v2_P8,41,6,0.8333,0.8333,0.0,5,6,0,0,0,0,0.9167,0.53038,22.83,0.00083,
pgbench,template_only,37,dci_v1,41,6,0.8333,0.8333,0.0,5,6,0,0,0,0,0.9167,2.32325,100.0,0.0014,
pgbench,template_only,37,always_multiD,41,6,0.8333,0.8333,0.0,5,6,0,0,0,0,0.9167,2.32325,100.0,0.00052,
pgbench,template_only,37,best_axis_oracle,41,6,0.8333,0.8333,0.0,5,6,0,0,0,0,0.9167,0.09575,4.12,0.00217,S_R
pgbench,template_only,37,union4_raw,41,6,0.8333,0.8333,0.0,5,6,0,0,0,0,0.9167,0.11528,4.96,0.00179,
pgbench,template_only,37,union4_bonf,41,6,0.8333,0.8333,0.0,5,6,0,0,0,0,0.9167,0.11528,4.96,0.00175,
pgbench,template_only,37,every_k2,41,6,0.8333,0.8333,0.0,5,6,0,0,0,0,,1.13329,48.78,4e-05,offset=1
pgbench,template_only,37,every_k3,41,6,0.0,0.0,,0,6,0,0,0,0,,0.79331,34.15,3e-05,offset=1
pgbench,template_only,37,every_k4,41,6,0.3333,0.3333,0.0,2,6,0,0,0,0,,0.56665,24.39,2e-05,offset=3
pgbench,template_only,37,adwin,41,6,0.0,0.0,,0,6,0,0,0,0,,2.32325,100.0,2e-05,
pgbench,template_only,37,adwin_s,41,6,0.0,0.0,,0,6,0,0,0,0,,2.32325,100.0,2e-05,
pgbench,template_only,37,mcusum,41,6,0.8333,0.8333,0.0,5,6,0,0,0,0,0.9167,2.32325,100.0,5e-05,
pgbench,template_only,37,sketch1,41,6,0.8333,0.8333,0.0,5,6,0,0,0,0,0.9167,2.32325,100.0,0.00053,
pgbench,template_only,38,dci_v2_P1,41,6,0.8333,0.8333,0.0,5,6,0,0,0,0,0.9167,2.32325,100.0,0.00101,
pgbench,template_only,38,dci_v2_P2,41,6,0.8333,0.8333,0.0,5,6,0,0,0,0,0.9167,1.291,55.57,0.00089,
pgbench,template_only,38,dci_v2_P4,41,6,0.8333,0.8333,0.0,5,6,0,0,0,0,0.9167,0.80203,34.52,0.00084,
pgbench,template_only,38,dci_v2_P8,41,6,0.8333,0.8333,0.0,5,6,0,0,0,0,0.9167,0.53038,22.83,0.00081,
pgbench,template_only,38,dci_v1,41,6,0.8333,0.8333,0.0,5,6,0,0,0,0,0.9167,2.32325,100.0,0.00138,
pgbench,template_only,38,always_multiD,41,6,0.8333,0.8333,0.0,5,6,0,0,0,0,0.9167,2.32325,100.0,0.00054,
pgbench,template_only,38,best_axis_oracle,41,6,0.8333,0.8333,0.0,5,6,0,0,0,0,0.9167,0.09575,4.12,0.00215,S_R
pgbench,template_only,38,union4_raw,41,6,0.8333,0.8333,0.0,5,6,0,0,0,0,0.9167,0.11528,4.96,0.00176,
pgbench,template_only,38,union4_bonf,41,6,0.8333,0.8333,0.0,5,6,0,0,0,0,0.9167,0.11528,4.96,0.00176,
pgbench,template_only,38,every_k2,41,6,0.0,0.0,,0,6,0,0,0,0,,1.18996,51.22,4e-05,offset=0
pgbench,template_only,38,every_k3,41,6,0.8333,0.8333,0.0,5,6,0,0,0,0,,0.73664,31.71,3e-05,offset=2
pgbench,template_only,38,every_k4,41,6,0.0,0.0,,0,6,0,0,0,0,,0.56665,24.39,3e-05,offset=2
pgbench,template_only,38,adwin,41,6,0.0,0.0,,0,6,0,0,0,0,,2.32325,100.0,2e-05,
pgbench,template_only,38,adwin_s,41,6,0.0,0.0,,0,6,0,0,0,0,,2.32325,100.0,2e-05,
pgbench,template_only,38,mcusum,41,6,0.8333,0.8333,0.0,5,6,0,0,0,0,0.9167,2.32325,100.0,6e-05,
pgbench,template_only,38,sketch1,41,6,0.8333,0.8333,0.0,5,6,0,0,0,0,0.9167,2.32325,100.0,0.00052,
pgbench,template_only,39,dci_v2_P1,41,6,0.5,0.5,0.0,3,6,0,0,0,0,0.75,2.32325,100.0,0.00098,
pgbench,template_only,39,dci_v2_P2,41,6,0.5,0.5,0.0,3,6,0,0,0,0,0.75,1.291,55.57,0.00087,
pgbench,template_only,39,dci_v2_P4,41,6,0.5,0.5,0.0,3,6,0,0,0,0,0.75,0.80203,34.52,0.00083,
pgbench,template_only,39,dci_v2_P8,41,6,0.5,0.5,0.0,3,6,0,0,0,0,0.75,0.53038,22.83,0.00078,
pgbench,template_only,39,dci_v1,41,6,0.5,0.5,0.0,3,6,0,0,0,0,0.75,2.32325,100.0,0.00133,
pgbench,template_only,39,always_multiD,41,6,0.5,0.5,0.0,3,6,0,0,0,0,0.75,2.32325,100.0,0.0005,
pgbench,template_only,39,best_axis_oracle,41,6,0.5,0.5,0.0,3,6,0,0,0,0,0.75,0.09575,4.12,0.00208,S_R
pgbench,template_only,39,union4_raw,41,6,0.5,0.5,0.0,3,6,0,0,0,0,0.75,0.11528,4.96,0.00171,
pgbench,template_only,39,union4_bonf,41,6,0.5,0.5,0.0,3,6,0,0,0,0,0.75,0.11528,4.96,0.0017,
pgbench,template_only,39,every_k2,41,6,0.0,0.0,,0,6,0,0,0,0,,1.18996,51.22,4e-05,offset=0
pgbench,template_only,39,every_k3,41,6,0.5,0.5,0.0,3,6,0,0,0,0,,0.73664,31.71,3e-05,offset=2
pgbench,template_only,39,every_k4,41,6,0.3333,0.3333,0.0,2,6,0,0,0,0,,0.56665,24.39,3e-05,offset=1
pgbench,template_only,39,adwin,41,6,0.0,0.0,,0,6,0,0,0,0,,2.32325,100.0,2e-05,
pgbench,template_only,39,adwin_s,41,6,0.0,0.0,,0,6,0,0,0,0,,2.32325,100.0,2e-05,
pgbench,template_only,39,mcusum,41,6,0.5,0.5,0.0,3,6,0,0,0,0,0.75,2.32325,100.0,6e-05,
pgbench,template_only,39,sketch1,41,6,0.5,0.5,0.0,3,6,0,0,0,0,0.75,2.32325,100.0,0.00052,
pgbench,template_only,40,dci_v2_P1,41,6,0.5,0.5,0.0,3,6,0,0,0,0,0.75,2.32325,100.0,0.001,
pgbench,template_only,40,dci_v2_P2,41,6,0.5,0.5,0.0,3,6,0,0,0,0,0.75,1.291,55.57,0.00088,
pgbench,template_only,40,dci_v2_P4,41,6,0.5,0.5,0.0,3,6,0,0,0,0,0.75,0.80203,34.52,0.00082,
pgbench,template_only,40,dci_v2_P8,41,6,0.5,0.5,0.0,3,6,0,0,0,0,0.75,0.53038,22.83,0.00078,
pgbench,template_only,40,dci_v1,41,6,0.5,0.5,0.0,3,6,0,0,0,0,0.75,2.32325,100.0,0.00136,
pgbench,template_only,40,always_multiD,41,6,0.5,0.5,0.0,3,6,0,0,0,0,0.75,2.32325,100.0,0.00051,
pgbench,template_only,40,best_axis_oracle,41,6,0.5,0.5,0.0,3,6,0,0,0,0,0.75,0.09575,4.12,0.0021,S_R
pgbench,template_only,40,union4_raw,41,6,0.5,0.5,0.0,3,6,0,0,0,0,0.75,0.11528,4.96,0.00172,
pgbench,template_only,40,union4_bonf,41,6,0.5,0.5,0.0,3,6,0,0,0,0,0.75,0.11528,4.96,0.00172,
pgbench,template_only,40,every_k2,41,6,0.5,0.5,0.0,3,6,0,0,0,0,,1.13329,48.78,4e-05,offset=1
pgbench,template_only,40,every_k3,41,6,0.0,0.0,,0,6,0,0,0,0,,0.79331,34.15,3e-05,offset=0
pgbench,template_only,40,every_k4,41,6,0.3333,0.3333,0.0,2,6,0,0,0,0,,0.56665,24.39,3e-05,offset=3
pgbench,template_only,40,adwin,41,6,0.0,0.0,,0,6,0,0,0,0,,2.32325,100.0,2e-05,
pgbench,template_only,40,adwin_s,41,6,0.0,0.0,,0,6,0,0,0,0,,2.32325,100.0,2e-05,
pgbench,template_only,40,mcusum,41,6,0.5,0.5,0.0,3,6,0,0,0,0,0.75,2.32325,100.0,5e-05,
pgbench,template_only,40,sketch1,41,6,0.5,0.5,0.0,3,6,0,0,0,0,0.75,2.32325,100.0,0.00051,
pgbench,template_only,41,dci_v2_P1,41,6,0.5,0.5,0.0,3,6,0,0,0,0,0.75,2.32325,100.0,0.00098,
pgbench,template_only,41,dci_v2_P2,41,6,0.5,0.5,0.0,3,6,0,0,0,0,0.75,1.291,55.57,0.00087,
pgbench,template_only,41,dci_v2_P4,41,6,0.5,0.5,0.0,3,6,0,0,0,0,0.75,0.80203,34.52,0.00082,
pgbench,template_only,41,dci_v2_P8,41,6,0.5,0.5,0.0,3,6,0,0,0,0,0.75,0.53038,22.83,0.00079,
pgbench,template_only,41,dci_v1,41,6,0.5,0.5,0.0,3,6,0,0,0,0,0.75,2.32325,100.0,0.00135,
pgbench,template_only,41,always_multiD,41,6,0.5,0.5,0.0,3,6,0,0,0,0,0.75,2.32325,100.0,0.0005,
pgbench,template_only,41,best_axis_oracle,41,6,0.5,0.5,0.0,3,6,0,0,0,0,0.75,0.09575,4.12,0.00208,S_R
pgbench,template_only,41,union4_raw,41,6,0.5,0.5,0.0,3,6,0,0,0,0,0.75,0.11528,4.96,0.0017,
pgbench,template_only,41,union4_bonf,41,6,0.5,0.5,0.0,3,6,0,0,0,0,0.75,0.11528,4.96,0.00171,
pgbench,template_only,41,every_k2,41,6,0.0,0.0,,0,6,0,0,0,0,,1.18996,51.22,4e-05,offset=0
pgbench,template_only,41,every_k3,41,6,0.0,0.0,,0,6,0,0,0,0,,0.79331,34.15,3e-05,offset=1
pgbench,template_only,41,every_k4,41,6,0.1667,0.1667,0.0,1,6,0,0,0,0,,0.56665,24.39,2e-05,offset=3
pgbench,template_only,41,adwin,41,6,0.0,0.0,,0,6,0,0,0,0,,2.32325,100.0,2e-05,
pgbench,template_only,41,adwin_s,41,6,0.0,0.0,,0,6,0,0,0,0,,2.32325,100.0,2e-05,
pgbench,template_only,41,mcusum,41,6,0.5,0.5,0.0,3,6,0,0,0,0,0.75,2.32325,100.0,6e-05,
pgbench,template_only,41,sketch1,41,6,0.5,0.5,0.0,3,6,0,0,0,0,0.75,2.32325,100.0,0.00051,
pgbench,template_only,42,dci_v2_P1,41,6,0.5,0.5,0.0,3,6,0,0,0,0,0.75,2.32325,100.0,0.00095,
pgbench,template_only,42,dci_v2_P2,41,6,0.5,0.5,0.0,3,6,0,0,0,0,0.75,1.291,55.57,0.00083,
pgbench,template_only,42,dci_v2_P4,41,6,0.5,0.5,0.0,3,6,0,0,0,0,0.75,0.80203,34.52,0.00077,
pgbench,template_only,42,dci_v2_P8,41,6,0.5,0.5,0.0,3,6,0,0,0,0,0.75,0.53038,22.83,0.00075,
pgbench,template_only,42,dci_v1,41,6,0.5,0.5,0.0,3,6,0,0,0,0,0.75,2.32325,100.0,0.0013,
pgbench,template_only,42,always_multiD,41,6,0.5,0.5,0.0,3,6,0,0,0,0,0.75,2.32325,100.0,0.00048,
pgbench,template_only,42,best_axis_oracle,41,6,0.5,0.5,0.0,3,6,0,0,0,0,0.75,0.09575,4.12,0.00203,S_R
pgbench,template_only,42,union4_raw,41,6,0.5,0.5,0.0,3,6,0,0,0,0,0.75,0.11528,4.96,0.00167,
pgbench,template_only,42,union4_bonf,41,6,0.5,0.5,0.0,3,6,0,0,0,0,0.75,0.11528,4.96,0.00166,
pgbench,template_only,42,every_k2,41,6,0.0,0.0,,0,6,0,0,0,0,,1.18996,51.22,4e-05,offset=0
pgbench,template_only,42,every_k3,41,6,0.5,0.5,0.0,3,6,0,0,0,0,,0.73664,31.71,3e-05,offset=2
pgbench,template_only,42,every_k4,41,6,0.1667,0.1667,0.0,1,6,0,0,0,0,,0.56665,24.39,2e-05,offset=1
pgbench,template_only,42,adwin,41,6,0.0,0.0,,0,6,0,0,0,0,,2.32325,100.0,2e-05,
pgbench,template_only,42,adwin_s,41,6,0.0,0.0,,0,6,0,0,0,0,,2.32325,100.0,2e-05,
pgbench,template_only,42,mcusum,41,6,0.5,0.5,0.0,3,6,0,0,0,0,0.75,2.32325,100.0,5e-05,
pgbench,template_only,42,sketch1,41,6,0.5,0.5,0.0,3,6,0,0,0,0,0.75,2.32325,100.0,0.0005,
pgbench,template_only,43,dci_v2_P1,41,6,0.8333,0.8333,0.0,5,6,0,0,0,0,0.9167,2.32325,100.0,0.00101,
pgbench,template_only,43,dci_v2_P2,41,6,0.8333,0.8333,0.0,5,6,0,0,0,0,0.9167,1.291,55.57,0.00089,
pgbench,template_only,43,dci_v2_P4,41,6,0.8333,0.8333,0.0,5,6,0,0,0,0,0.9167,0.80203,34.52,0.00084,
pgbench,template_only,43,dci_v2_P8,41,6,0.8333,0.8333,0.0,5,6,0,0,0,0,0.9167,0.53038,22.83,0.00079,
pgbench,template_only,43,dci_v1,41,6,0.8333,0.8333,0.0,5,6,0,0,0,0,0.9167,2.32325,100.0,0.00136,
pgbench,template_only,43,always_multiD,41,6,0.8333,0.8333,0.0,5,6,0,0,0,0,0.9167,2.32325,100.0,0.00053,
pgbench,template_only,43,best_axis_oracle,41,6,0.8333,0.8333,0.0,5,6,0,0,0,0,0.9167,0.09575,4.12,0.00213,S_R
pgbench,template_only,43,union4_raw,41,6,0.8333,0.8333,0.0,5,6,0,0,0,0,0.9167,0.11528,4.96,0.00173,
pgbench,template_only,43,union4_bonf,41,6,0.8333,0.8333,0.0,5,6,0,0,0,0,0.9167,0.11528,4.96,0.00175,
pgbench,template_only,43,every_k2,41,6,0.0,0.0,,0,6,0,0,0,0,,1.18996,51.22,4e-05,offset=0
pgbench,template_only,43,every_k3,41,6,0.0,0.0,,0,6,0,0,0,0,,0.79331,34.15,3e-05,offset=1
pgbench,template_only,43,every_k4,41,6,0.0,0.0,,0,6,0,0,0,0,,0.62331,26.83,2e-05,offset=0
pgbench,template_only,43,adwin,41,6,0.0,0.0,,0,6,0,0,0,0,,2.32325,100.0,2e-05,
pgbench,template_only,43,adwin_s,41,6,0.0,0.0,,0,6,0,0,0,0,,2.32325,100.0,2e-05,
pgbench,template_only,43,mcusum,41,6,0.8333,0.8333,0.0,5,6,0,0,0,0,0.9167,2.32325,100.0,6e-05,
pgbench,template_only,43,sketch1,41,6,0.8333,0.8333,0.0,5,6,0,0,0,0,0.9167,2.32325,100.0,0.00054,
pgbench,template_only,44,dci_v2_P1,41,6,0.5,0.5,0.0,3,6,0,0,0,0,0.75,2.32325,100.0,0.00099,
pgbench,template_only,44,dci_v2_P2,41,6,0.5,0.5,0.0,3,6,0,0,0,0,0.75,1.291,55.57,0.00088,
pgbench,template_only,44,dci_v2_P4,41,6,0.5,0.5,0.0,3,6,0,0,0,0,0.75,0.80203,34.52,0.0008,
pgbench,template_only,44,dci_v2_P8,41,6,0.5,0.5,0.0,3,6,0,0,0,0,0.75,0.53038,22.83,0.00078,
pgbench,template_only,44,dci_v1,41,6,0.5,0.5,0.0,3,6,0,0,0,0,0.75,2.32325,100.0,0.00136,
pgbench,template_only,44,always_multiD,41,6,0.5,0.5,0.0,3,6,0,0,0,0,0.75,2.32325,100.0,0.00051,
pgbench,template_only,44,best_axis_oracle,41,6,0.5,0.5,0.0,3,6,0,0,0,0,0.75,0.09575,4.12,0.0021,S_R
pgbench,template_only,44,union4_raw,41,6,0.5,0.5,0.0,3,6,0,0,0,0,0.75,0.11528,4.96,0.00173,
pgbench,template_only,44,union4_bonf,41,6,0.5,0.5,0.0,3,6,0,0,0,0,0.75,0.11528,4.96,0.00171,
pgbench,template_only,44,every_k2,41,6,0.0,0.0,,0,6,0,0,0,0,,1.18996,51.22,4e-05,offset=0
pgbench,template_only,44,every_k3,41,6,0.5,0.5,0.0,3,6,0,0,0,0,,0.73664,31.71,3e-05,offset=2
pgbench,template_only,44,every_k4,41,6,0.3333,0.3333,0.0,2,6,0,0,0,0,,0.56665,24.39,2e-05,offset=3
pgbench,template_only,44,adwin,41,6,0.0,0.0,,0,6,0,0,0,0,,2.32325,100.0,2e-05,
pgbench,template_only,44,adwin_s,41,6,0.0,0.0,,0,6,0,0,0,0,,2.32325,100.0,2e-05,
pgbench,template_only,44,mcusum,41,6,0.5,0.5,0.0,3,6,0,0,0,0,0.75,2.32325,100.0,6e-05,
pgbench,template_only,44,sketch1,41,6,0.5,0.5,0.0,3,6,0,0,0,0,0.75,2.32325,100.0,0.00052,
pgbench,template_only,45,dci_v2_P1,41,6,0.8333,0.8333,0.0,5,6,0,0,0,0,0.9167,2.32325,100.0,0.00101,
pgbench,template_only,45,dci_v2_P2,41,6,0.8333,0.8333,0.0,5,6,0,0,0,0,0.9167,1.291,55.57,0.00089,
pgbench,template_only,45,dci_v2_P4,41,6,0.8333,0.8333,0.0,5,6,0,0,0,0,0.9167,0.80203,34.52,0.00084,
pgbench,template_only,45,dci_v2_P8,41,6,0.8333,0.8333,0.0,5,6,0,0,0,0,0.9167,0.53038,22.83,0.00078,
pgbench,template_only,45,dci_v1,41,6,0.8333,0.8333,0.0,5,6,0,0,0,0,0.9167,2.32325,100.0,0.00136,
pgbench,template_only,45,always_multiD,41,6,0.8333,0.8333,0.0,5,6,0,0,0,0,0.9167,2.32325,100.0,0.00053,
pgbench,template_only,45,best_axis_oracle,41,6,0.8333,0.8333,0.0,5,6,0,0,0,0,0.9167,0.09575,4.12,0.00212,S_R
pgbench,template_only,45,union4_raw,41,6,0.8333,0.8333,0.0,5,6,0,0,0,0,0.9167,0.11528,4.96,0.00165,
pgbench,template_only,45,union4_bonf,41,6,0.8333,0.8333,0.0,5,6,0,0,0,0,0.9167,0.11528,4.96,0.00165,
pgbench,template_only,45,every_k2,41,6,0.8333,0.8333,0.0,5,6,0,0,0,0,,1.13329,48.78,4e-05,offset=1
pgbench,template_only,45,every_k3,41,6,0.0,0.0,,0,6,0,0,0,0,,0.79331,34.15,3e-05,offset=1
pgbench,template_only,45,every_k4,41,6,0.3333,0.3333,0.0,2,6,0,0,0,0,,0.56665,24.39,2e-05,offset=1
pgbench,template_only,45,adwin,41,6,0.0,0.0,,0,6,0,0,0,0,,2.32325,100.0,2e-05,
pgbench,template_only,45,adwin_s,41,6,0.0,0.0,,0,6,0,0,0,0,,2.32325,100.0,2e-05,
pgbench,template_only,45,mcusum,41,6,0.8333,0.8333,0.0,5,6,0,0,0,0,0.9167,2.32325,100.0,6e-05,
pgbench,template_only,45,sketch1,41,6,0.8333,0.8333,0.0,5,6,0,0,0,0,0.9167,2.32325,100.0,0.00053,
pgbench,template_only,46,dci_v2_P1,41,6,0.6667,0.6667,0.0,4,6,0,0,0,0,0.8333,2.32325,100.0,0.00101,
pgbench,template_only,46,dci_v2_P2,41,6,0.6667,0.6667,0.0,4,6,0,0,0,0,0.8333,1.291,55.57,0.00088,
pgbench,template_only,46,dci_v2_P4,41,6,0.6667,0.6667,0.0,4,6,0,0,0,0,0.8333,0.80203,34.52,0.00083,
pgbench,template_only,46,dci_v2_P8,41,6,0.6667,0.6667,0.0,4,6,0,0,0,0,0.8333,0.53038,22.83,0.0008,
pgbench,template_only,46,dci_v1,41,6,0.6667,0.6667,0.0,4,6,0,0,0,0,0.8333,2.32325,100.0,0.00139,
pgbench,template_only,46,always_multiD,41,6,0.6667,0.6667,0.0,4,6,0,0,0,0,0.8333,2.32325,100.0,0.00052,
pgbench,template_only,46,best_axis_oracle,41,6,0.6667,0.6667,0.0,4,6,0,0,0,0,0.8333,0.09575,4.12,0.00213,S_R
pgbench,template_only,46,union4_raw,41,6,0.6667,0.6667,0.0,4,6,0,0,0,0,0.8333,0.11528,4.96,0.00174,
pgbench,template_only,46,union4_bonf,41,6,0.6667,0.6667,0.0,4,6,0,0,0,0,0.8333,0.11528,4.96,0.00171,
pgbench,template_only,46,every_k2,41,6,0.6667,0.6667,0.0,4,6,0,0,0,0,,1.13329,48.78,4e-05,offset=1
pgbench,template_only,46,every_k3,41,6,0.0,0.0,,0,6,0,0,0,0,,0.79331,34.15,3e-05,offset=1
pgbench,template_only,46,every_k4,41,6,0.0,0.0,,0,6,0,0,0,0,,0.56665,24.39,3e-05,offset=2
pgbench,template_only,46,adwin,41,6,0.0,0.0,,0,6,0,0,0,0,,2.32325,100.0,2e-05,
pgbench,template_only,46,adwin_s,41,6,0.0,0.0,,0,6,0,0,0,0,,2.32325,100.0,2e-05,
pgbench,template_only,46,mcusum,41,6,0.6667,0.6667,0.0,4,6,0,0,0,0,0.8333,2.32325,100.0,6e-05,
pgbench,template_only,46,sketch1,41,6,0.6667,0.6667,0.0,4,6,0,0,0,0,0.8333,2.32325,100.0,0.00052,
pgbench,template_only,47,dci_v2_P1,41,6,1.0,1.0,0.0,6,6,0,0,0,0,1.0,2.32325,100.0,0.001,
pgbench,template_only,47,dci_v2_P2,41,6,1.0,1.0,0.0,6,6,0,0,0,0,1.0,1.291,55.57,0.00089,
pgbench,template_only,47,dci_v2_P4,41,6,1.0,1.0,0.0,6,6,0,0,0,0,1.0,0.80203,34.52,0.00084,
pgbench,template_only,47,dci_v2_P8,41,6,1.0,1.0,0.0,6,6,0,0,0,0,1.0,0.53038,22.83,0.00081,
pgbench,template_only,47,dci_v1,41,6,1.0,1.0,0.0,6,6,0,0,0,0,1.0,2.32325,100.0,0.00137,
pgbench,template_only,47,always_multiD,41,6,1.0,1.0,0.0,6,6,0,0,0,0,1.0,2.32325,100.0,0.00053,
pgbench,template_only,47,best_axis_oracle,41,6,1.0,1.0,0.0,6,6,0,0,0,0,1.0,0.09575,4.12,0.00214,S_R
pgbench,template_only,47,union4_raw,41,6,1.0,1.0,0.0,6,6,0,0,0,0,1.0,0.11528,4.96,0.00176,
pgbench,template_only,47,union4_bonf,41,6,1.0,1.0,0.0,6,6,0,0,0,0,1.0,0.11528,4.96,0.00176,
pgbench,template_only,47,every_k2,41,6,1.0,1.0,0.0,6,6,0,0,0,0,,1.13329,48.78,4e-05,offset=1
pgbench,template_only,47,every_k3,41,6,1.0,1.0,0.0,6,6,0,0,0,0,,0.73664,31.71,3e-05,offset=2
pgbench,template_only,47,every_k4,41,6,0.5,0.5,0.0,3,6,0,0,0,0,,0.56665,24.39,3e-05,offset=1
pgbench,template_only,47,adwin,41,6,0.0,0.0,,0,6,0,0,0,0,,2.32325,100.0,2e-05,
pgbench,template_only,47,adwin_s,41,6,0.0,0.0,,0,6,0,0,0,0,,2.32325,100.0,2e-05,
pgbench,template_only,47,mcusum,41,6,1.0,1.0,0.0,6,6,0,0,0,0,1.0,2.32325,100.0,6e-05,
pgbench,template_only,47,sketch1,41,6,1.0,1.0,0.0,6,6,0,0,0,0,1.0,2.32325,100.0,0.00053,
pgbench,template_only,48,dci_v2_P1,41,6,1.0,1.0,0.0,6,6,0,0,0,0,1.0,2.32325,100.0,0.00102,
pgbench,template_only,48,dci_v2_P2,41,6,1.0,1.0,0.0,6,6,0,0,0,0,1.0,1.291,55.57,0.0009,
pgbench,template_only,48,dci_v2_P4,41,6,1.0,1.0,0.0,6,6,0,0,0,0,1.0,0.80203,34.52,0.00083,
pgbench,template_only,48,dci_v2_P8,41,6,1.0,1.0,0.0,6,6,0,0,0,0,1.0,0.53038,22.83,0.0008,
pgbench,template_only,48,dci_v1,41,6,1.0,1.0,0.0,6,6,0,0,0,0,1.0,2.32325,100.0,0.00139,
pgbench,template_only,48,always_multiD,41,6,1.0,1.0,0.0,6,6,0,0,0,0,1.0,2.32325,100.0,0.00053,
pgbench,template_only,48,best_axis_oracle,41,6,1.0,1.0,0.0,6,6,0,0,0,0,1.0,0.09575,4.12,0.00216,S_R
pgbench,template_only,48,union4_raw,41,6,1.0,1.0,0.0,6,6,0,0,0,0,1.0,0.11528,4.96,0.00178,
pgbench,template_only,48,union4_bonf,41,6,1.0,1.0,0.0,6,6,0,0,0,0,1.0,0.11528,4.96,0.00179,
pgbench,template_only,48,every_k2,41,6,0.0,0.0,,0,6,0,0,0,0,,1.18996,51.22,4e-05,offset=0
pgbench,template_only,48,every_k3,41,6,0.0,0.0,,0,6,0,0,0,0,,0.79331,34.15,3e-05,offset=1
pgbench,template_only,48,every_k4,41,6,0.5,0.5,0.0,3,6,0,0,0,0,,0.56665,24.39,2e-05,offset=1
pgbench,template_only,48,adwin,41,6,0.0,0.0,,0,6,0,0,0,0,,2.32325,100.0,2e-05,
pgbench,template_only,48,adwin_s,41,6,0.0,0.0,,0,6,0,0,0,0,,2.32325,100.0,2e-05,
pgbench,template_only,48,mcusum,41,6,1.0,1.0,0.0,6,6,0,0,0,0,1.0,2.32325,100.0,6e-05,
pgbench,template_only,48,sketch1,41,6,1.0,1.0,0.0,6,6,0,0,0,0,1.0,2.32325,100.0,0.00053,
pgbench,template_only,49,dci_v2_P1,41,6,0.6667,0.6667,0.0,4,6,0,0,0,0,0.8333,2.32325,100.0,0.001,
pgbench,template_only,49,dci_v2_P2,41,6,0.6667,0.6667,0.0,4,6,0,0,0,0,0.8333,1.291,55.57,0.00087,
pgbench,template_only,49,dci_v2_P4,41,6,0.6667,0.6667,0.0,4,6,0,0,0,0,0.8333,0.80203,34.52,0.00082,
pgbench,template_only,49,dci_v2_P8,41,6,0.6667,0.6667,0.0,4,6,0,0,0,0,0.8333,0.53038,22.83,0.00081,
pgbench,template_only,49,dci_v1,41,6,0.6667,0.6667,0.0,4,6,0,0,0,0,0.8333,2.32325,100.0,0.00137,
pgbench,template_only,49,always_multiD,41,6,0.6667,0.6667,0.0,4,6,0,0,0,0,0.8333,2.32325,100.0,0.00051,
pgbench,template_only,49,best_axis_oracle,41,6,0.6667,0.6667,0.0,4,6,0,0,0,0,0.8333,0.09575,4.12,0.00211,S_R
pgbench,template_only,49,union4_raw,41,6,0.6667,0.6667,0.0,4,6,0,0,0,0,0.8333,0.11528,4.96,0.00173,
pgbench,template_only,49,union4_bonf,41,6,0.6667,0.6667,0.0,4,6,0,0,0,0,0.8333,0.11528,4.96,0.00173,
pgbench,template_only,49,every_k2,41,6,0.6667,0.6667,0.0,4,6,0,0,0,0,,1.13329,48.78,4e-05,offset=1
pgbench,template_only,49,every_k3,41,6,0.0,0.0,,0,6,0,0,0,0,,0.79331,34.15,3e-05,offset=1
pgbench,template_only,49,every_k4,41,6,0.0,0.0,,0,6,0,0,0,0,,0.56665,24.39,3e-05,offset=2
pgbench,template_only,49,adwin,41,6,0.0,0.0,,0,6,0,0,0,0,,2.32325,100.0,2e-05,
pgbench,template_only,49,adwin_s,41,6,0.0,0.0,,0,6,0,0,0,0,,2.32325,100.0,2e-05,
pgbench,template_only,49,mcusum,41,6,0.6667,0.6667,0.0,4,6,0,0,0,0,0.8333,2.32325,100.0,6e-05,
pgbench,template_only,49,sketch1,41,6,0.6667,0.6667,0.0,4,6,0,0,0,0,0.8333,2.32325,100.0,0.00053,
pgbench,volume_only,0,dci_v2_P1,41,6,1.0,1.0,0.0,0,0,6,6,0,0,1.0,2.32325,100.0,0.00106,
pgbench,volume_only,0,dci_v2_P2,41,6,0.0,0.0,,0,0,0,6,0,0,0.5,1.291,55.57,0.00084,
pgbench,volume_only,0,dci_v2_P4,41,6,0.0,0.0,,0,0,0,6,0,0,0.5,0.80203,34.52,0.00079,
pgbench,volume_only,0,dci_v2_P8,41,6,0.0,0.0,,0,0,0,6,0,0,0.5,0.53038,22.83,0.00077,
pgbench,volume_only,0,dci_v1,41,6,1.0,1.0,0.0,0,0,6,6,0,0,1.0,2.32325,100.0,0.00141,
pgbench,volume_only,0,always_multiD,41,6,1.0,1.0,0.0,0,0,6,6,0,0,1.0,2.32325,100.0,0.00053,
pgbench,volume_only,0,best_axis_oracle,41,6,1.0,1.0,0.0,0,0,6,6,0,0,1.0,0.00013,0.01,0.00213,S_V
pgbench,volume_only,0,union4_raw,41,6,1.0,1.0,0.0,0,0,6,6,0,0,1.0,0.11528,4.96,0.0017,
pgbench,volume_only,0,union4_bonf,41,6,1.0,1.0,0.0,0,0,6,6,0,0,1.0,0.11528,4.96,0.0017,
pgbench,volume_only,0,every_k2,41,6,1.0,1.0,0.0,0,0,6,6,0,0,,1.13329,48.78,5e-05,offset=1
pgbench,volume_only,0,every_k3,41,6,0.0,0.0,,0,0,0,6,0,0,,0.79331,34.15,3e-05,offset=1
pgbench,volume_only,0,every_k4,41,6,0.5,0.5,0.0,0,0,3,6,0,0,,0.56665,24.39,3e-05,offset=1
pgbench,volume_only,0,adwin,41,6,0.0,0.0,,0,0,0,6,0,0,,2.32325,100.0,3e-05,
pgbench,volume_only,0,adwin_s,41,6,0.0,0.0,,0,0,0,6,0,0,,2.32325,100.0,2e-05,
pgbench,volume_only,0,mcusum,41,6,1.0,1.0,0.0,0,0,6,6,0,0,1.0,2.32325,100.0,6e-05,
pgbench,volume_only,0,sketch1,41,6,1.0,1.0,0.0,0,0,6,6,0,0,1.0,2.32325,100.0,0.00054,
pgbench,volume_only,1,dci_v2_P1,41,6,1.0,1.0,0.0,0,0,6,6,0,0,1.0,2.32325,100.0,0.00099,
pgbench,volume_only,1,dci_v2_P2,41,6,0.0,0.0,,0,0,0,6,0,0,0.5,1.291,55.57,0.0008,
pgbench,volume_only,1,dci_v2_P4,41,6,0.0,0.0,,0,0,0,6,0,0,0.5,0.80203,34.52,0.00074,
pgbench,volume_only,1,dci_v2_P8,41,6,0.0,0.0,,0,0,0,6,0,0,0.5,0.53038,22.83,0.00071,
pgbench,volume_only,1,dci_v1,41,6,1.0,1.0,0.0,0,0,6,6,0,0,1.0,2.32325,100.0,0.00131,
pgbench,volume_only,1,always_multiD,41,6,1.0,1.0,0.0,0,0,6,6,0,0,1.0,2.32325,100.0,0.0005,
pgbench,volume_only,1,best_axis_oracle,41,6,1.0,1.0,0.0,0,0,6,6,0,0,1.0,0.00013,0.01,0.00205,S_V
pgbench,volume_only,1,union4_raw,41,6,1.0,1.0,0.0,0,0,6,6,0,0,1.0,0.11528,4.96,0.00168,
pgbench,volume_only,1,union4_bonf,41,6,1.0,1.0,0.0,0,0,6,6,0,0,1.0,0.11528,4.96,0.00166,
pgbench,volume_only,1,every_k2,41,6,1.0,1.0,0.0,0,0,6,6,0,0,,1.13329,48.78,5e-05,offset=1
pgbench,volume_only,1,every_k3,41,6,0.0,0.0,,0,0,0,6,0,0,,0.79331,34.15,3e-05,offset=1
pgbench,volume_only,1,every_k4,41,6,0.0,0.0,,0,0,0,6,0,0,,0.56665,24.39,2e-05,offset=2
pgbench,volume_only,1,adwin,41,6,0.0,0.0,,0,0,0,6,0,0,,2.32325,100.0,2e-05,
pgbench,volume_only,1,adwin_s,41,6,0.0,0.0,,0,0,0,6,0,0,,2.32325,100.0,2e-05,
pgbench,volume_only,1,mcusum,41,6,1.0,1.0,0.0,0,0,6,6,0,0,1.0,2.32325,100.0,6e-05,
pgbench,volume_only,1,sketch1,41,6,1.0,1.0,0.0,0,0,6,6,0,0,1.0,2.32325,100.0,0.00053,
pgbench,volume_only,2,dci_v2_P1,41,6,1.0,1.0,0.0,0,0,6,6,0,0,1.0,2.32325,100.0,0.00102,
pgbench,volume_only,2,dci_v2_P2,41,6,0.0,0.0,,0,0,0,6,0,0,0.5,1.291,55.57,0.00085,
pgbench,volume_only,2,dci_v2_P4,41,6,0.0,0.0,,0,0,0,6,0,0,0.5,0.80203,34.52,0.00079,
pgbench,volume_only,2,dci_v2_P8,41,6,0.0,0.0,,0,0,0,6,0,0,0.5,0.53038,22.83,0.00075,
pgbench,volume_only,2,dci_v1,41,6,1.0,1.0,0.0,0,0,6,6,0,0,1.0,2.32325,100.0,0.00138,
pgbench,volume_only,2,always_multiD,41,6,1.0,1.0,0.0,0,0,6,6,0,0,1.0,2.32325,100.0,0.00053,
pgbench,volume_only,2,best_axis_oracle,41,6,1.0,1.0,0.0,0,0,6,6,0,0,1.0,0.00013,0.01,0.00214,S_V
pgbench,volume_only,2,union4_raw,41,6,1.0,1.0,0.0,0,0,6,6,0,0,1.0,0.11528,4.96,0.00169,
pgbench,volume_only,2,union4_bonf,41,6,1.0,1.0,0.0,0,0,6,6,0,0,1.0,0.11528,4.96,0.00168,
pgbench,volume_only,2,every_k2,41,6,1.0,1.0,0.0,0,0,6,6,0,0,,1.13329,48.78,4e-05,offset=1
pgbench,volume_only,2,every_k3,41,6,1.0,1.0,0.0,0,0,6,6,0,0,,0.73664,31.71,3e-05,offset=2
pgbench,volume_only,2,every_k4,41,6,0.5,0.5,0.0,0,0,3,6,0,0,,0.56665,24.39,2e-05,offset=3
pgbench,volume_only,2,adwin,41,6,0.0,0.0,,0,0,0,6,0,0,,2.32325,100.0,2e-05,
pgbench,volume_only,2,adwin_s,41,6,0.0,0.0,,0,0,0,6,0,0,,2.32325,100.0,2e-05,
pgbench,volume_only,2,mcusum,41,6,1.0,1.0,0.0,0,0,6,6,0,0,1.0,2.32325,100.0,5e-05,
pgbench,volume_only,2,sketch1,41,6,1.0,1.0,0.0,0,0,6,6,0,0,1.0,2.32325,100.0,0.00053,
pgbench,volume_only,3,dci_v2_P1,41,6,1.0,1.0,0.0,0,0,6,6,0,0,1.0,2.32325,100.0,0.00106,
pgbench,volume_only,3,dci_v2_P2,41,6,0.0,0.0,,0,0,0,6,0,0,0.5,1.291,55.57,0.00085,
pgbench,volume_only,3,dci_v2_P4,41,6,0.0,0.0,,0,0,0,6,0,0,0.5,0.80203,34.52,0.00079,
pgbench,volume_only,3,dci_v2_P8,41,6,0.0,0.0,,0,0,0,6,0,0,0.5,0.53038,22.83,0.00078,
pgbench,volume_only,3,dci_v1,41,6,1.0,1.0,0.0,0,0,6,6,0,0,1.0,2.32325,100.0,0.00141,
pgbench,volume_only,3,always_multiD,41,6,1.0,1.0,0.0,0,0,6,6,0,0,1.0,2.32325,100.0,0.00054,
pgbench,volume_only,3,best_axis_oracle,41,6,1.0,1.0,0.0,0,0,6,6,0,0,1.0,0.00013,0.01,0.00211,S_V
pgbench,volume_only,3,union4_raw,41,6,1.0,1.0,0.0,0,0,6,6,0,0,1.0,0.11528,4.96,0.00172,
pgbench,volume_only,3,union4_bonf,41,6,1.0,1.0,0.0,0,0,6,6,0,0,1.0,0.11528,4.96,0.00169,
pgbench,volume_only,3,every_k2,41,6,1.0,1.0,0.0,0,0,6,6,0,0,,1.13329,48.78,4e-05,offset=1
pgbench,volume_only,3,every_k3,41,6,0.0,0.0,,0,0,0,6,0,0,,0.79331,34.15,3e-05,offset=0
pgbench,volume_only,3,every_k4,41,6,0.0,0.0,,0,0,0,6,0,0,,0.62331,26.83,3e-05,offset=0
pgbench,volume_only,3,adwin,41,6,0.0,0.0,,0,0,0,6,0,0,,2.32325,100.0,2e-05,
pgbench,volume_only,3,adwin_s,41,6,0.0,0.0,,0,0,0,6,0,0,,2.32325,100.0,2e-05,
pgbench,volume_only,3,mcusum,41,6,1.0,1.0,0.0,0,0,6,6,0,0,1.0,2.32325,100.0,6e-05,
pgbench,volume_only,3,sketch1,41,6,1.0,1.0,0.0,0,0,6,6,0,0,1.0,2.32325,100.0,0.00054,
pgbench,volume_only,4,dci_v2_P1,41,6,1.0,1.0,0.0,0,0,6,6,0,0,1.0,2.32325,100.0,0.00104,
pgbench,volume_only,4,dci_v2_P2,41,6,0.0,0.0,,0,0,0,6,0,0,0.5,1.291,55.57,0.00085,
pgbench,volume_only,4,dci_v2_P4,41,6,0.0,0.0,,0,0,0,6,0,0,0.5,0.80203,34.52,0.00078,
pgbench,volume_only,4,dci_v2_P8,41,6,0.0,0.0,,0,0,0,6,0,0,0.5,0.53038,22.83,0.00076,
pgbench,volume_only,4,dci_v1,41,6,1.0,1.0,0.0,0,0,6,6,0,0,1.0,2.32325,100.0,0.00139,
pgbench,volume_only,4,always_multiD,41,6,1.0,1.0,0.0,0,0,6,6,0,0,1.0,2.32325,100.0,0.00053,
pgbench,volume_only,4,best_axis_oracle,41,6,1.0,1.0,0.0,0,0,6,6,0,0,1.0,0.00013,0.01,0.00212,S_V
pgbench,volume_only,4,union4_raw,41,6,1.0,1.0,0.0,0,0,6,6,0,0,1.0,0.11528,4.96,0.00169,
pgbench,volume_only,4,union4_bonf,41,6,1.0,1.0,0.0,0,0,6,6,0,0,1.0,0.11528,4.96,0.00168,
pgbench,volume_only,4,every_k2,41,6,0.0,0.0,,0,0,0,6,0,0,,1.18996,51.22,4e-05,offset=0
pgbench,volume_only,4,every_k3,41,6,0.0,0.0,,0,0,0,6,0,0,,0.79331,34.15,3e-05,offset=0
pgbench,volume_only,4,every_k4,41,6,0.5,0.5,0.0,0,0,3,6,0,0,,0.56665,24.39,2e-05,offset=1
pgbench,volume_only,4,adwin,41,6,0.0,0.0,,0,0,0,6,0,0,,2.32325,100.0,2e-05,
pgbench,volume_only,4,adwin_s,41,6,0.0,0.0,,0,0,0,6,0,0,,2.32325,100.0,2e-05,
pgbench,volume_only,4,mcusum,41,6,1.0,1.0,0.0,0,0,6,6,0,0,1.0,2.32325,100.0,6e-05,
pgbench,volume_only,4,sketch1,41,6,1.0,1.0,0.0,0,0,6,6,0,0,1.0,2.32325,100.0,0.00055,
pgbench,volume_only,5,dci_v2_P1,41,6,1.0,1.0,0.0,0,0,6,6,0,0,1.0,2.32325,100.0,0.00102,
pgbench,volume_only,5,dci_v2_P2,41,6,0.0,0.0,,0,0,0,6,0,0,0.5,1.291,55.57,0.00085,
pgbench,volume_only,5,dci_v2_P4,41,6,0.0,0.0,,0,0,0,6,0,0,0.5,0.80203,34.52,0.00078,
pgbench,volume_only,5,dci_v2_P8,41,6,0.0,0.0,,0,0,0,6,0,0,0.5,0.53038,22.83,0.00077,
pgbench,volume_only,5,dci_v1,41,6,1.0,1.0,0.0,0,0,6,6,0,0,1.0,2.32325,100.0,0.0014,
pgbench,volume_only,5,always_multiD,41,6,1.0,1.0,0.0,0,0,6,6,0,0,1.0,2.32325,100.0,0.00053,
pgbench,volume_only,5,best_axis_oracle,41,6,1.0,1.0,0.0,0,0,6,6,0,0,1.0,0.00013,0.01,0.00213,S_V
pgbench,volume_only,5,union4_raw,41,6,1.0,1.0,0.0,0,0,6,6,0,0,1.0,0.11528,4.96,0.00172,
pgbench,volume_only,5,union4_bonf,41,6,1.0,1.0,0.0,0,0,6,6,0,0,1.0,0.11528,4.96,0.0017,
pgbench,volume_only,5,every_k2,41,6,1.0,1.0,0.0,0,0,6,6,0,0,,1.13329,48.78,4e-05,offset=1
pgbench,volume_only,5,every_k3,41,6,1.0,1.0,0.0,0,0,6,6,0,0,,0.73664,31.71,3e-05,offset=2
pgbench,volume_only,5,every_k4,41,6,0.0,0.0,,0,0,0,6,0,0,,0.56665,24.39,3e-05,offset=2
pgbench,volume_only,5,adwin,41,6,0.0,0.0,,0,0,0,6,0,0,,2.32325,100.0,2e-05,
pgbench,volume_only,5,adwin_s,41,6,0.0,0.0,,0,0,0,6,0,0,,2.32325,100.0,2e-05,
pgbench,volume_only,5,mcusum,41,6,1.0,1.0,0.0,0,0,6,6,0,0,1.0,2.32325,100.0,6e-05,
pgbench,volume_only,5,sketch1,41,6,1.0,1.0,0.0,0,0,6,6,0,0,1.0,2.32325,100.0,0.00053,
pgbench,volume_only,6,dci_v2_P1,41,6,1.0,1.0,0.0,0,0,6,6,0,0,1.0,2.32325,100.0,0.00102,
pgbench,volume_only,6,dci_v2_P2,41,6,0.0,0.0,,0,0,0,6,0,0,0.5,1.291,55.57,0.00083,
pgbench,volume_only,6,dci_v2_P4,41,6,0.0,0.0,,0,0,0,6,0,0,0.5,0.80203,34.52,0.00076,
pgbench,volume_only,6,dci_v2_P8,41,6,0.0,0.0,,0,0,0,6,0,0,0.5,0.53038,22.83,0.00075,
pgbench,volume_only,6,dci_v1,41,6,1.0,1.0,0.0,0,0,6,6,0,0,1.0,2.32325,100.0,0.00138,
pgbench,volume_only,6,always_multiD,41,6,1.0,1.0,0.0,0,0,6,6,0,0,1.0,2.32325,100.0,0.00053,
pgbench,volume_only,6,best_axis_oracle,41,6,1.0,1.0,0.0,0,0,6,6,0,0,1.0,0.00013,0.01,0.0021,S_V
pgbench,volume_only,6,union4_raw,41,6,1.0,1.0,0.0,0,0,6,6,0,0,1.0,0.11528,4.96,0.00169,
pgbench,volume_only,6,union4_bonf,41,6,1.0,1.0,0.0,0,0,6,6,0,0,1.0,0.11528,4.96,0.00169,
pgbench,volume_only,6,every_k2,41,6,1.0,1.0,0.0,0,0,6,6,0,0,,1.13329,48.78,4e-05,offset=1
pgbench,volume_only,6,every_k3,41,6,0.0,0.0,,0,0,0,6,0,0,,0.79331,34.15,3e-05,offset=0
pgbench,volume_only,6,every_k4,41,6,0.0,0.0,,0,0,0,6,0,0,,0.62331,26.83,2e-05,offset=0
pgbench,volume_only,6,adwin,41,6,0.0,0.0,,0,0,0,6,0,0,,2.32325,100.0,2e-05,
pgbench,volume_only,6,adwin_s,41,6,0.0,0.0,,0,0,0,6,0,0,,2.32325,100.0,2e-05,
pgbench,volume_only,6,mcusum,41,6,1.0,1.0,0.0,0,0,6,6,0,0,1.0,2.32325,100.0,6e-05,
pgbench,volume_only,6,sketch1,41,6,1.0,1.0,0.0,0,0,6,6,0,0,1.0,2.32325,100.0,0.00054,
pgbench,volume_only,7,dci_v2_P1,41,6,1.0,1.0,0.0,0,0,6,6,0,0,1.0,2.32325,100.0,0.00102,
pgbench,volume_only,7,dci_v2_P2,41,6,0.0,0.0,,0,0,0,6,0,0,0.5,1.291,55.57,0.00085,
pgbench,volume_only,7,dci_v2_P4,41,6,0.0,0.0,,0,0,0,6,0,0,0.5,0.80203,34.52,0.00079,
pgbench,volume_only,7,dci_v2_P8,41,6,0.0,0.0,,0,0,0,6,0,0,0.5,0.53038,22.83,0.00076,
pgbench,volume_only,7,dci_v1,41,6,1.0,1.0,0.0,0,0,6,6,0,0,1.0,2.32325,100.0,0.00137,
pgbench,volume_only,7,always_multiD,41,6,1.0,1.0,0.0,0,0,6,6,0,0,1.0,2.32325,100.0,0.00054,
pgbench,volume_only,7,best_axis_oracle,41,6,1.0,1.0,0.0,0,0,6,6,0,0,1.0,0.00013,0.01,0.00209,S_V
pgbench,volume_only,7,union4_raw,41,6,1.0,1.0,0.0,0,0,6,6,0,0,1.0,0.11528,4.96,0.00159,
pgbench,volume_only,7,union4_bonf,41,6,1.0,1.0,0.0,0,0,6,6,0,0,1.0,0.11528,4.96,0.00162,
pgbench,volume_only,7,every_k2,41,6,0.0,0.0,,0,0,0,6,0,0,,1.18996,51.22,4e-05,offset=0
pgbench,volume_only,7,every_k3,41,6,1.0,1.0,0.0,0,0,6,6,0,0,,0.73664,31.71,3e-05,offset=2
pgbench,volume_only,7,every_k4,41,6,0.0,0.0,,0,0,0,6,0,0,,0.56665,24.39,2e-05,offset=2
pgbench,volume_only,7,adwin,41,6,0.0,0.0,,0,0,0,6,0,0,,2.32325,100.0,2e-05,
pgbench,volume_only,7,adwin_s,41,6,0.0,0.0,,0,0,0,6,0,0,,2.32325,100.0,2e-05,
pgbench,volume_only,7,mcusum,41,6,1.0,1.0,0.0,0,0,6,6,0,0,1.0,2.32325,100.0,5e-05,
pgbench,volume_only,7,sketch1,41,6,1.0,1.0,0.0,0,0,6,6,0,0,1.0,2.32325,100.0,0.00053,
pgbench,volume_only,8,dci_v2_P1,41,6,1.0,1.0,0.0,0,0,6,6,0,0,1.0,2.32325,100.0,0.00102,
pgbench,volume_only,8,dci_v2_P2,41,6,0.0,0.0,,0,0,0,6,0,0,0.5,1.291,55.57,0.00084,
pgbench,volume_only,8,dci_v2_P4,41,6,0.0,0.0,,0,0,0,6,0,0,0.5,0.80203,34.52,0.0008,
pgbench,volume_only,8,dci_v2_P8,41,6,0.0,0.0,,0,0,0,6,0,0,0.5,0.53038,22.83,0.00076,
pgbench,volume_only,8,dci_v1,41,6,1.0,1.0,0.0,0,0,6,6,0,0,1.0,2.32325,100.0,0.00138,
pgbench,volume_only,8,always_multiD,41,6,1.0,1.0,0.0,0,0,6,6,0,0,1.0,2.32325,100.0,0.00054,
pgbench,volume_only,8,best_axis_oracle,41,6,1.0,1.0,0.0,0,0,6,6,0,0,1.0,0.00013,0.01,0.00213,S_V
pgbench,volume_only,8,union4_raw,41,6,1.0,1.0,0.0,0,0,6,6,0,0,1.0,0.11528,4.96,0.00168,
pgbench,volume_only,8,union4_bonf,41,6,1.0,1.0,0.0,0,0,6,6,0,0,1.0,0.11528,4.96,0.00171,
pgbench,volume_only,8,every_k2,41,6,0.0,0.0,,0,0,0,6,0,0,,1.18996,51.22,4e-05,offset=0
pgbench,volume_only,8,every_k3,41,6,0.0,0.0,,0,0,0,6,0,0,,0.79331,34.15,3e-05,offset=1
pgbench,volume_only,8,every_k4,41,6,0.0,0.0,,0,0,0,6,0,0,,0.56665,24.39,2e-05,offset=2
pgbench,volume_only,8,adwin,41,6,0.0,0.0,,0,0,0,6,0,0,,2.32325,100.0,2e-05,
pgbench,volume_only,8,adwin_s,41,6,0.0,0.0,,0,0,0,6,0,0,,2.32325,100.0,2e-05,
pgbench,volume_only,8,mcusum,41,6,1.0,1.0,0.0,0,0,6,6,0,0,1.0,2.32325,100.0,5e-05,
pgbench,volume_only,8,sketch1,41,6,1.0,1.0,0.0,0,0,6,6,0,0,1.0,2.32325,100.0,0.00054,
pgbench,volume_only,9,dci_v2_P1,41,6,1.0,1.0,0.0,0,0,6,6,0,0,1.0,2.32325,100.0,0.00104,
pgbench,volume_only,9,dci_v2_P2,41,6,0.0,0.0,,0,0,0,6,0,0,0.5,1.291,55.57,0.00085,
pgbench,volume_only,9,dci_v2_P4,41,6,0.0,0.0,,0,0,0,6,0,0,0.5,0.80203,34.52,0.00079,
pgbench,volume_only,9,dci_v2_P8,41,6,0.0,0.0,,0,0,0,6,0,0,0.5,0.53038,22.83,0.00076,
pgbench,volume_only,9,dci_v1,41,6,1.0,1.0,0.0,0,0,6,6,0,0,1.0,2.32325,100.0,0.0014,
pgbench,volume_only,9,always_multiD,41,6,1.0,1.0,0.0,0,0,6,6,0,0,1.0,2.32325,100.0,0.00053,
pgbench,volume_only,9,best_axis_oracle,41,6,1.0,1.0,0.0,0,0,6,6,0,0,1.0,0.00013,0.01,0.00213,S_V
pgbench,volume_only,9,union4_raw,41,6,1.0,1.0,0.0,0,0,6,6,0,0,1.0,0.11528,4.96,0.00172,
pgbench,volume_only,9,union4_bonf,41,6,1.0,1.0,0.0,0,0,6,6,0,0,1.0,0.11528,4.96,0.00169,
pgbench,volume_only,9,every_k2,41,6,0.0,0.0,,0,0,0,6,0,0,,1.18996,51.22,5e-05,offset=0
pgbench,volume_only,9,every_k3,41,6,1.0,1.0,0.0,0,0,6,6,0,0,,0.73664,31.71,3e-05,offset=2
pgbench,volume_only,9,every_k4,41,6,0.5,0.5,0.0,0,0,3,6,0,0,,0.56665,24.39,3e-05,offset=3
pgbench,volume_only,9,adwin,41,6,0.0,0.0,,0,0,0,6,0,0,,2.32325,100.0,2e-05,
pgbench,volume_only,9,adwin_s,41,6,0.0,0.0,,0,0,0,6,0,0,,2.32325,100.0,2e-05,
pgbench,volume_only,9,mcusum,41,6,1.0,1.0,0.0,0,0,6,6,0,0,1.0,2.32325,100.0,5e-05,
pgbench,volume_only,9,sketch1,41,6,1.0,1.0,0.0,0,0,6,6,0,0,1.0,2.32325,100.0,0.00053,
pgbench,volume_only,10,dci_v2_P1,41,6,1.0,1.0,0.0,0,0,6,6,0,0,1.0,2.32325,100.0,0.00105,
pgbench,volume_only,10,dci_v2_P2,41,6,0.0,0.0,,0,0,0,6,0,0,0.5,1.291,55.57,0.00085,
pgbench,volume_only,10,dci_v2_P4,41,6,0.0,0.0,,0,0,0,6,0,0,0.5,0.80203,34.52,0.00079,
pgbench,volume_only,10,dci_v2_P8,41,6,0.0,0.0,,0,0,0,6,0,0,0.5,0.53038,22.83,0.00077,
pgbench,volume_only,10,dci_v1,41,6,1.0,1.0,0.0,0,0,6,6,0,0,1.0,2.32325,100.0,0.00141,
pgbench,volume_only,10,always_multiD,41,6,1.0,1.0,0.0,0,0,6,6,0,0,1.0,2.32325,100.0,0.00053,
pgbench,volume_only,10,best_axis_oracle,41,6,1.0,1.0,0.0,0,0,6,6,0,0,1.0,0.00013,0.01,0.00215,S_V
pgbench,volume_only,10,union4_raw,41,6,1.0,1.0,0.0,0,0,6,6,0,0,1.0,0.11528,4.96,0.00172,
pgbench,volume_only,10,union4_bonf,41,6,1.0,1.0,0.0,0,0,6,6,0,0,1.0,0.11528,4.96,0.0017,
pgbench,volume_only,10,every_k2,41,6,1.0,1.0,0.0,0,0,6,6,0,0,,1.13329,48.78,4e-05,offset=1
pgbench,volume_only,10,every_k3,41,6,0.0,0.0,,0,0,0,6,0,0,,0.79331,34.15,3e-05,offset=0
pgbench,volume_only,10,every_k4,41,6,0.5,0.5,0.0,0,0,3,6,0,0,,0.56665,24.39,3e-05,offset=1
pgbench,volume_only,10,adwin,41,6,0.0,0.0,,0,0,0,6,0,0,,2.32325,100.0,2e-05,
pgbench,volume_only,10,adwin_s,41,6,0.0,0.0,,0,0,0,6,0,0,,2.32325,100.0,2e-05,
pgbench,volume_only,10,mcusum,41,6,1.0,1.0,0.0,0,0,6,6,0,0,1.0,2.32325,100.0,6e-05,
pgbench,volume_only,10,sketch1,41,6,1.0,1.0,0.0,0,0,6,6,0,0,1.0,2.32325,100.0,0.00055,
pgbench,volume_only,11,dci_v2_P1,41,6,1.0,1.0,0.0,0,0,6,6,0,0,1.0,2.32325,100.0,0.00103,
pgbench,volume_only,11,dci_v2_P2,41,6,0.0,0.0,,0,0,0,6,0,0,0.5,1.291,55.57,0.00086,
pgbench,volume_only,11,dci_v2_P4,41,6,0.0,0.0,,0,0,0,6,0,0,0.5,0.80203,34.52,0.0008,
pgbench,volume_only,11,dci_v2_P8,41,6,0.0,0.0,,0,0,0,6,0,0,0.5,0.53038,22.83,0.00074,
pgbench,volume_only,11,dci_v1,41,6,1.0,1.0,0.0,0,0,6,6,0,0,1.0,2.32325,100.0,0.00136,
pgbench,volume_only,11,always_multiD,41,6,1.0,1.0,0.0,0,0,6,6,0,0,1.0,2.32325,100.0,0.00054,
pgbench,volume_only,11,best_axis_oracle,41,6,1.0,1.0,0.0,0,0,6,6,0,0,1.0,0.00013,0.01,0.00214,S_V
pgbench,volume_only,11,union4_raw,41,6,1.0,1.0,0.0,0,0,6,6,0,0,1.0,0.11528,4.96,0.0017,
pgbench,volume_only,11,union4_bonf,41,6,1.0,1.0,0.0,0,0,6,6,0,0,1.0,0.11528,4.96,0.00169,
pgbench,volume_only,11,every_k2,41,6,0.0,0.0,,0,0,0,6,0,0,,1.18996,51.22,5e-05,offset=0
pgbench,volume_only,11,every_k3,41,6,0.0,0.0,,0,0,0,6,0,0,,0.79331,34.15,3e-05,offset=0
pgbench,volume_only,11,every_k4,41,6,0.0,0.0,,0,0,0,6,0,0,,0.56665,24.39,3e-05,offset=2
pgbench,volume_only,11,adwin,41,6,0.0,0.0,,0,0,0,6,0,0,,2.32325,100.0,2e-05,
pgbench,volume_only,11,adwin_s,41,6,0.0,0.0,,0,0,0,6,0,0,,2.32325,100.0,2e-05,
pgbench,volume_only,11,mcusum,41,6,1.0,1.0,0.0,0,0,6,6,0,0,1.0,2.32325,100.0,5e-05,
pgbench,volume_only,11,sketch1,41,6,1.0,1.0,0.0,0,0,6,6,0,0,1.0,2.32325,100.0,0.00053,
pgbench,volume_only,12,dci_v2_P1,41,6,1.0,1.0,0.0,0,0,6,6,0,0,1.0,2.32325,100.0,0.00102,
pgbench,volume_only,12,dci_v2_P2,41,6,0.0,0.0,,0,0,0,6,0,0,0.5,1.291,55.57,0.00084,
pgbench,volume_only,12,dci_v2_P4,41,6,0.0,0.0,,0,0,0,6,0,0,0.5,0.80203,34.52,0.00079,
pgbench,volume_only,12,dci_v2_P8,41,6,0.0,0.0,,0,0,0,6,0,0,0.5,0.53038,22.83,0.00077,
pgbench,volume_only,12,dci_v1,41,6,1.0,1.0,0.0,0,0,6,6,0,0,1.0,2.32325,100.0,0.00136,
pgbench,volume_only,12,always_multiD,41,6,1.0,1.0,0.0,0,0,6,6,0,0,1.0,2.32325,100.0,0.00055,
pgbench,volume_only,12,best_axis_oracle,41,6,1.0,1.0,0.0,0,0,6,6,0,0,1.0,0.00013,0.01,0.00213,S_V
pgbench,volume_only,12,union4_raw,41,6,1.0,1.0,0.0,0,0,6,6,0,0,1.0,0.11528,4.96,0.00171,
pgbench,volume_only,12,union4_bonf,41,6,1.0,1.0,0.0,0,0,6,6,0,0,1.0,0.11528,4.96,0.00171,
pgbench,volume_only,12,every_k2,41,6,1.0,1.0,0.0,0,0,6,6,0,0,,1.13329,48.78,4e-05,offset=1
pgbench,volume_only,12,every_k3,41,6,0.0,0.0,,0,0,0,6,0,0,,0.79331,34.15,3e-05,offset=1
pgbench,volume_only,12,every_k4,41,6,0.0,0.0,,0,0,0,6,0,0,,0.62331,26.83,3e-05,offset=0
pgbench,volume_only,12,adwin,41,6,0.0,0.0,,0,0,0,6,0,0,,2.32325,100.0,2e-05,
pgbench,volume_only,12,adwin_s,41,6,0.0,0.0,,0,0,0,6,0,0,,2.32325,100.0,2e-05,
pgbench,volume_only,12,mcusum,41,6,1.0,1.0,0.0,0,0,6,6,0,0,1.0,2.32325,100.0,6e-05,
pgbench,volume_only,12,sketch1,41,6,1.0,1.0,0.0,0,0,6,6,0,0,1.0,2.32325,100.0,0.00054,
pgbench,volume_only,13,dci_v2_P1,41,6,1.0,1.0,0.0,0,0,6,6,0,0,1.0,2.32325,100.0,0.0011,
pgbench,volume_only,13,dci_v2_P2,41,6,0.0,0.0,,0,0,0,6,0,0,0.5,1.291,55.57,0.00083,
pgbench,volume_only,13,dci_v2_P4,41,6,0.0,0.0,,0,0,0,6,0,0,0.5,0.80203,34.52,0.00078,
pgbench,volume_only,13,dci_v2_P8,41,6,0.0,0.0,,0,0,0,6,0,0,0.5,0.53038,22.83,0.00076,
pgbench,volume_only,13,dci_v1,41,6,1.0,1.0,0.0,0,0,6,6,0,0,1.0,2.32325,100.0,0.00136,
pgbench,volume_only,13,always_multiD,41,6,1.0,1.0,0.0,0,0,6,6,0,0,1.0,2.32325,100.0,0.00053,
pgbench,volume_only,13,best_axis_oracle,41,6,1.0,1.0,0.0,0,0,6,6,0,0,1.0,0.00013,0.01,0.00211,S_V
pgbench,volume_only,13,union4_raw,41,6,1.0,1.0,0.0,0,0,6,6,0,0,1.0,0.11528,4.96,0.00167,
pgbench,volume_only,13,union4_bonf,41,6,1.0,1.0,0.0,0,0,6,6,0,0,1.0,0.11528,4.96,0.00169,
pgbench,volume_only,13,every_k2,41,6,0.0,0.0,,0,0,0,6,0,0,,1.18996,51.22,4e-05,offset=0
pgbench,volume_only,13,every_k3,41,6,0.0,0.0,,0,0,0,6,0,0,,0.79331,34.15,3e-05,offset=0
pgbench,volume_only,13,every_k4,41,6,0.0,0.0,,0,0,0,6,0,0,,0.56665,24.39,2e-05,offset=2
pgbench,volume_only,13,adwin,41,6,0.0,0.0,,0,0,0,6,0,0,,2.32325,100.0,2e-05,
pgbench,volume_only,13,adwin_s,41,6,0.0,0.0,,0,0,0,6,0,0,,2.32325,100.0,2e-05,
pgbench,volume_only,13,mcusum,41,6,1.0,1.0,0.0,0,0,6,6,0,0,1.0,2.32325,100.0,6e-05,
pgbench,volume_only,13,sketch1,41,6,1.0,1.0,0.0,0,0,6,6,0,0,1.0,2.32325,100.0,0.00054,
pgbench,volume_only,14,dci_v2_P1,41,6,1.0,1.0,0.0,0,0,6,6,0,0,1.0,2.32325,100.0,0.00102,
pgbench,volume_only,14,dci_v2_P2,41,6,0.0,0.0,,0,0,0,6,0,0,0.5,1.291,55.57,0.00086,
pgbench,volume_only,14,dci_v2_P4,41,6,0.0,0.0,,0,0,0,6,0,0,0.5,0.80203,34.52,0.0008,
pgbench,volume_only,14,dci_v2_P8,41,6,0.0,0.0,,0,0,0,6,0,0,0.5,0.53038,22.83,0.00075,
pgbench,volume_only,14,dci_v1,41,6,1.0,1.0,0.0,0,0,6,6,0,0,1.0,2.32325,100.0,0.00138,
pgbench,volume_only,14,always_multiD,41,6,1.0,1.0,0.0,0,0,6,6,0,0,1.0,2.32325,100.0,0.00053,
pgbench,volume_only,14,best_axis_oracle,41,6,1.0,1.0,0.0,0,0,6,6,0,0,1.0,0.00013,0.01,0.00212,S_V
pgbench,volume_only,14,union4_raw,41,6,1.0,1.0,0.0,0,0,6,6,0,0,1.0,0.11528,4.96,0.0017,
pgbench,volume_only,14,union4_bonf,41,6,1.0,1.0,0.0,0,0,6,6,0,0,1.0,0.11528,4.96,0.0017,
pgbench,volume_only,14,every_k2,41,6,1.0,1.0,0.0,0,0,6,6,0,0,,1.13329,48.78,4e-05,offset=1
pgbench,volume_only,14,every_k3,41,6,0.0,0.0,,0,0,0,6,0,0,,0.79331,34.15,3e-05,offset=1
pgbench,volume_only,14,every_k4,41,6,0.0,0.0,,0,0,0,6,0,0,,0.62331,26.83,2e-05,offset=0
pgbench,volume_only,14,adwin,41,6,0.0,0.0,,0,0,0,6,0,0,,2.32325,100.0,2e-05,
pgbench,volume_only,14,adwin_s,41,6,0.0,0.0,,0,0,0,6,0,0,,2.32325,100.0,2e-05,
pgbench,volume_only,14,mcusum,41,6,1.0,1.0,0.0,0,0,6,6,0,0,1.0,2.32325,100.0,5e-05,
pgbench,volume_only,14,sketch1,41,6,1.0,1.0,0.0,0,0,6,6,0,0,1.0,2.32325,100.0,0.00054,
pgbench,volume_only,15,dci_v2_P1,41,6,1.0,1.0,0.0,0,0,6,6,0,0,1.0,2.32325,100.0,0.00101,
pgbench,volume_only,15,dci_v2_P2,41,6,0.0,0.0,,0,0,0,6,0,0,0.5,1.291,55.57,0.00086,
pgbench,volume_only,15,dci_v2_P4,41,6,0.0,0.0,,0,0,0,6,0,0,0.5,0.80203,34.52,0.00078,
pgbench,volume_only,15,dci_v2_P8,41,6,0.0,0.0,,0,0,0,6,0,0,0.5,0.53038,22.83,0.00076,
pgbench,volume_only,15,dci_v1,41,6,1.0,1.0,0.0,0,0,6,6,0,0,1.0,2.32325,100.0,0.00137,
pgbench,volume_only,15,always_multiD,41,6,1.0,1.0,0.0,0,0,6,6,0,0,1.0,2.32325,100.0,0.00053,
pgbench,volume_only,15,best_axis_oracle,41,6,1.0,1.0,0.0,0,0,6,6,0,0,1.0,0.00013,0.01,0.00211,S_V
pgbench,volume_only,15,union4_raw,41,6,1.0,1.0,0.0,0,0,6,6,0,0,1.0,0.11528,4.96,0.0017,
pgbench,volume_only,15,union4_bonf,41,6,1.0,1.0,0.0,0,0,6,6,0,0,1.0,0.11528,4.96,0.00168,
pgbench,volume_only,15,every_k2,41,6,1.0,1.0,0.0,0,0,6,6,0,0,,1.13329,48.78,4e-05,offset=1
pgbench,volume_only,15,every_k3,41,6,1.0,1.0,0.0,0,0,6,6,0,0,,0.73664,31.71,3e-05,offset=2
pgbench,volume_only,15,every_k4,41,6,0.0,0.0,,0,0,0,6,0,0,,0.56665,24.39,2e-05,offset=2
pgbench,volume_only,15,adwin,41,6,0.0,0.0,,0,0,0,6,0,0,,2.32325,100.0,2e-05,
pgbench,volume_only,15,adwin_s,41,6,0.0,0.0,,0,0,0,6,0,0,,2.32325,100.0,2e-05,
pgbench,volume_only,15,mcusum,41,6,1.0,1.0,0.0,0,0,6,6,0,0,1.0,2.32325,100.0,6e-05,
pgbench,volume_only,15,sketch1,41,6,1.0,1.0,0.0,0,0,6,6,0,0,1.0,2.32325,100.0,0.00054,
pgbench,volume_only,16,dci_v2_P1,41,6,1.0,1.0,0.0,0,0,6,6,0,0,1.0,2.32325,100.0,0.00102,
pgbench,volume_only,16,dci_v2_P2,41,6,0.0,0.0,,0,0,0,6,0,0,0.5,1.291,55.57,0.00084,
pgbench,volume_only,16,dci_v2_P4,41,6,0.0,0.0,,0,0,0,6,0,0,0.5,0.80203,34.52,0.00078,
pgbench,volume_only,16,dci_v2_P8,41,6,0.0,0.0,,0,0,0,6,0,0,0.5,0.53038,22.83,0.00077,
pgbench,volume_only,16,dci_v1,41,6,1.0,1.0,0.0,0,0,6,6,0,0,1.0,2.32325,100.0,0.00142,
pgbench,volume_only,16,always_multiD,41,6,1.0,1.0,0.0,0,0,6,6,0,0,1.0,2.32325,100.0,0.00051,
pgbench,volume_only,16,best_axis_oracle,41,6,1.0,1.0,0.0,0,0,6,6,0,0,1.0,0.00013,0.01,0.00202,S_V
pgbench,volume_only,16,union4_raw,41,6,1.0,1.0,0.0,0,0,6,6,0,0,1.0,0.11528,4.96,0.00163,
pgbench,volume_only,16,union4_bonf,41,6,1.0,1.0,0.0,0,0,6,6,0,0,1.0,0.11528,4.96,0.00167,
pgbench,volume_only,16,every_k2,41,6,0.0,0.0,,0,0,0,6,0,0,,1.18996,51.22,4e-05,offset=0
pgbench,volume_only,16,every_k3,41,6,1.0,1.0,0.0,0,0,6,6,0,0,,0.73664,31.71,3e-05,offset=2
pgbench,volume_only,16,every_k4,41,6,0.0,0.0,,0,0,0,6,0,0,,0.56665,24.39,2e-05,offset=2
pgbench,volume_only,16,adwin,41,6,0.0,0.0,,0,0,0,6,0,0,,2.32325,100.0,2e-05,
pgbench,volume_only,16,adwin_s,41,6,0.0,0.0,,0,0,0,6,0,0,,2.32325,100.0,2e-05,
pgbench,volume_only,16,mcusum,41,6,1.0,1.0,0.0,0,0,6,6,0,0,1.0,2.32325,100.0,5e-05,
pgbench,volume_only,16,sketch1,41,6,1.0,1.0,0.0,0,0,6,6,0,0,1.0,2.32325,100.0,0.00054,
pgbench,volume_only,17,dci_v2_P1,41,6,1.0,1.0,0.0,0,0,6,6,0,0,1.0,2.32325,100.0,0.00104,
pgbench,volume_only,17,dci_v2_P2,41,6,0.0,0.0,,0,0,0,6,0,0,0.5,1.291,55.57,0.00086,
pgbench,volume_only,17,dci_v2_P4,41,6,0.0,0.0,,0,0,0,6,0,0,0.5,0.80203,34.52,0.00081,
pgbench,volume_only,17,dci_v2_P8,41,6,0.0,0.0,,0,0,0,6,0,0,0.5,0.53038,22.83,0.00077,
pgbench,volume_only,17,dci_v1,41,6,1.0,1.0,0.0,0,0,6,6,0,0,1.0,2.32325,100.0,0.00138,
pgbench,volume_only,17,always_multiD,41,6,1.0,1.0,0.0,0,0,6,6,0,0,1.0,2.32325,100.0,0.00055,
pgbench,volume_only,17,best_axis_oracle,41,6,1.0,1.0,0.0,0,0,6,6,0,0,1.0,0.00013,0.01,0.00213,S_V
pgbench,volume_only,17,union4_raw,41,6,1.0,1.0,0.0,0,0,6,6,0,0,1.0,0.11528,4.96,0.00171,
pgbench,volume_only,17,union4_bonf,41,6,1.0,1.0,0.0,0,0,6,6,0,0,1.0,0.11528,4.96,0.00171,
pgbench,volume_only,17,every_k2,41,6,1.0,1.0,0.0,0,0,6,6,0,0,,1.13329,48.78,4e-05,offset=1
pgbench,volume_only,17,every_k3,41,6,0.0,0.0,,0,0,0,6,0,0,,0.79331,34.15,3e-05,offset=0
pgbench,volume_only,17,every_k4,41,6,0.5,0.5,0.0,0,0,3,6,0,0,,0.56665,24.39,2e-05,offset=3
pgbench,volume_only,17,adwin,41,6,0.0,0.0,,0,0,0,6,0,0,,2.32325,100.0,2e-05,
pgbench,volume_only,17,adwin_s,41,6,0.0,0.0,,0,0,0,6,0,0,,2.32325,100.0,2e-05,
pgbench,volume_only,17,mcusum,41,6,1.0,1.0,0.0,0,0,6,6,0,0,1.0,2.32325,100.0,6e-05,
pgbench,volume_only,17,sketch1,41,6,1.0,1.0,0.0,0,0,6,6,0,0,1.0,2.32325,100.0,0.00055,
pgbench,volume_only,18,dci_v2_P1,41,6,1.0,1.0,0.0,0,0,6,6,0,0,1.0,2.32325,100.0,0.00103,
pgbench,volume_only,18,dci_v2_P2,41,6,0.0,0.0,,0,0,0,6,0,0,0.5,1.291,55.57,0.00084,
pgbench,volume_only,18,dci_v2_P4,41,6,0.0,0.0,,0,0,0,6,0,0,0.5,0.80203,34.52,0.00081,
pgbench,volume_only,18,dci_v2_P8,41,6,0.0,0.0,,0,0,0,6,0,0,0.5,0.53038,22.83,0.00077,
pgbench,volume_only,18,dci_v1,41,6,1.0,1.0,0.0,0,0,6,6,0,0,1.0,2.32325,100.0,0.00138,
pgbench,volume_only,18,always_multiD,41,6,1.0,1.0,0.0,0,0,6,6,0,0,1.0,2.32325,100.0,0.00053,
pgbench,volume_only,18,best_axis_oracle,41,6,1.0,1.0,0.0,0,0,6,6,0,0,1.0,0.00013,0.01,0.00215,S_V
pgbench,volume_only,18,union4_raw,41,6,1.0,1.0,0.0,0,0,6,6,0,0,1.0,0.11528,4.96,0.00174,
pgbench,volume_only,18,union4_bonf,41,6,1.0,1.0,0.0,0,0,6,6,0,0,1.0,0.11528,4.96,0.0017,
pgbench,volume_only,18,every_k2,41,6,0.0,0.0,,0,0,0,6,0,0,,1.18996,51.22,5e-05,offset=0
pgbench,volume_only,18,every_k3,41,6,0.0,0.0,,0,0,0,6,0,0,,0.79331,34.15,3e-05,offset=1
pgbench,volume_only,18,every_k4,41,6,0.5,0.5,0.0,0,0,3,6,0,0,,0.56665,24.39,3e-05,offset=3
pgbench,volume_only,18,adwin,41,6,0.0,0.0,,0,0,0,6,0,0,,2.32325,100.0,2e-05,
pgbench,volume_only,18,adwin_s,41,6,0.0,0.0,,0,0,0,6,0,0,,2.32325,100.0,2e-05,
pgbench,volume_only,18,mcusum,41,6,1.0,1.0,0.0,0,0,6,6,0,0,1.0,2.32325,100.0,6e-05,
pgbench,volume_only,18,sketch1,41,6,1.0,1.0,0.0,0,0,6,6,0,0,1.0,2.32325,100.0,0.00054,
pgbench,volume_only,19,dci_v2_P1,41,6,1.0,1.0,0.0,0,0,6,6,0,0,1.0,2.32325,100.0,0.00098,
pgbench,volume_only,19,dci_v2_P2,41,6,0.0,0.0,,0,0,0,6,0,0,0.5,1.291,55.57,0.00083,
pgbench,volume_only,19,dci_v2_P4,41,6,0.0,0.0,,0,0,0,6,0,0,0.5,0.80203,34.52,0.00077,
pgbench,volume_only,19,dci_v2_P8,41,6,0.0,0.0,,0,0,0,6,0,0,0.5,0.53038,22.83,0.00074,
pgbench,volume_only,19,dci_v1,41,6,1.0,1.0,0.0,0,0,6,6,0,0,1.0,2.32325,100.0,0.00134,
pgbench,volume_only,19,always_multiD,41,6,1.0,1.0,0.0,0,0,6,6,0,0,1.0,2.32325,100.0,0.00053,
pgbench,volume_only,19,best_axis_oracle,41,6,1.0,1.0,0.0,0,0,6,6,0,0,1.0,0.00013,0.01,0.00209,S_V
pgbench,volume_only,19,union4_raw,41,6,1.0,1.0,0.0,0,0,6,6,0,0,1.0,0.11528,4.96,0.00169,
pgbench,volume_only,19,union4_bonf,41,6,1.0,1.0,0.0,0,0,6,6,0,0,1.0,0.11528,4.96,0.00167,
pgbench,volume_only,19,every_k2,41,6,0.0,0.0,,0,0,0,6,0,0,,1.18996,51.22,5e-05,offset=0
pgbench,volume_only,19,every_k3,41,6,1.0,1.0,0.0,0,0,6,6,0,0,,0.73664,31.71,3e-05,offset=2
pgbench,volume_only,19,every_k4,41,6,0.0,0.0,,0,0,0,6,0,0,,0.62331,26.83,3e-05,offset=0
pgbench,volume_only,19,adwin,41,6,0.0,0.0,,0,0,0,6,0,0,,2.32325,100.0,2e-05,
pgbench,volume_only,19,adwin_s,41,6,0.0,0.0,,0,0,0,6,0,0,,2.32325,100.0,2e-05,
pgbench,volume_only,19,mcusum,41,6,1.0,1.0,0.0,0,0,6,6,0,0,1.0,2.32325,100.0,5e-05,
pgbench,volume_only,19,sketch1,41,6,1.0,1.0,0.0,0,0,6,6,0,0,1.0,2.32325,100.0,0.00053,
pgbench,volume_only,20,dci_v2_P1,41,6,1.0,1.0,0.0,0,0,6,6,0,0,1.0,2.32325,100.0,0.00103,
pgbench,volume_only,20,dci_v2_P2,41,6,0.0,0.0,,0,0,0,6,0,0,0.5,1.291,55.57,0.00084,
pgbench,volume_only,20,dci_v2_P4,41,6,0.0,0.0,,0,0,0,6,0,0,0.5,0.80203,34.52,0.00078,
pgbench,volume_only,20,dci_v2_P8,41,6,0.0,0.0,,0,0,0,6,0,0,0.5,0.53038,22.83,0.00077,
pgbench,volume_only,20,dci_v1,41,6,1.0,1.0,0.0,0,0,6,6,0,0,1.0,2.32325,100.0,0.00138,
pgbench,volume_only,20,always_multiD,41,6,1.0,1.0,0.0,0,0,6,6,0,0,1.0,2.32325,100.0,0.00053,
pgbench,volume_only,20,best_axis_oracle,41,6,1.0,1.0,0.0,0,0,6,6,0,0,1.0,0.00013,0.01,0.00212,S_V
pgbench,volume_only,20,union4_raw,41,6,1.0,1.0,0.0,0,0,6,6,0,0,1.0,0.11528,4.96,0.00169,
pgbench,volume_only,20,union4_bonf,41,6,1.0,1.0,0.0,0,0,6,6,0,0,1.0,0.11528,4.96,0.00169,
pgbench,volume_only,20,every_k2,41,6,1.0,1.0,0.0,0,0,6,6,0,0,,1.13329,48.78,4e-05,offset=1
pgbench,volume_only,20,every_k3,41,6,0.0,0.0,,0,0,0,6,0,0,,0.79331,34.15,3e-05,offset=1
pgbench,volume_only,20,every_k4,41,6,0.5,0.5,0.0,0,0,3,6,0,0,,0.56665,24.39,3e-05,offset=1
pgbench,volume_only,20,adwin,41,6,0.0,0.0,,0,0,0,6,0,0,,2.32325,100.0,2e-05,
pgbench,volume_only,20,adwin_s,41,6,0.0,0.0,,0,0,0,6,0,0,,2.32325,100.0,2e-05,
pgbench,volume_only,20,mcusum,41,6,1.0,1.0,0.0,0,0,6,6,0,0,1.0,2.32325,100.0,6e-05,
pgbench,volume_only,20,sketch1,41,6,1.0,1.0,0.0,0,0,6,6,0,0,1.0,2.32325,100.0,0.00055,
pgbench,volume_only,21,dci_v2_P1,41,6,1.0,1.0,0.0,0,0,6,6,0,0,1.0,2.32325,100.0,0.001,
pgbench,volume_only,21,dci_v2_P2,41,6,0.0,0.0,,0,0,0,6,0,0,0.5,1.291,55.57,0.00084,
pgbench,volume_only,21,dci_v2_P4,41,6,0.0,0.0,,0,0,0,6,0,0,0.5,0.80203,34.52,0.00079,
pgbench,volume_only,21,dci_v2_P8,41,6,0.0,0.0,,0,0,0,6,0,0,0.5,0.53038,22.83,0.00075,
pgbench,volume_only,21,dci_v1,41,6,1.0,1.0,0.0,0,0,6,6,0,0,1.0,2.32325,100.0,0.00135,
pgbench,volume_only,21,always_multiD,41,6,1.0,1.0,0.0,0,0,6,6,0,0,1.0,2.32325,100.0,0.00053,
pgbench,volume_only,21,best_axis_oracle,41,6,1.0,1.0,0.0,0,0,6,6,0,0,1.0,0.00013,0.01,0.0021,S_V
pgbench,volume_only,21,union4_raw,41,6,1.0,1.0,0.0,0,0,6,6,0,0,1.0,0.11528,4.96,0.0017,
pgbench,volume_only,21,union4_bonf,41,6,1.0,1.0,0.0,0,0,6,6,0,0,1.0,0.11528,4.96,0.00167,
pgbench,volume_only,21,every_k2,41,6,1.0,1.0,0.0,0,0,6,6,0,0,,1.13329,48.78,4e-05,offset=1
pgbench,volume_only,21,every_k3,41,6,0.0,0.0,,0,0,0,6,0,0,,0.79331,34.15,3e-05,offset=0
pgbench,volume_only,21,every_k4,41,6,0.5,0.5,0.0,0,0,3,6,0,0,,0.56665,24.39,3e-05,offset=1
pgbench,volume_only,21,adwin,41,6,0.0,0.0,,0,0,0,6,0,0,,2.32325,100.0,2e-05,
pgbench,volume_only,21,adwin_s,41,6,0.0,0.0,,0,0,0,6,0,0,,2.32325,100.0,2e-05,
pgbench,volume_only,21,mcusum,41,6,1.0,1.0,0.0,0,0,6,6,0,0,1.0,2.32325,100.0,5e-05,
pgbench,volume_only,21,sketch1,41,6,1.0,1.0,0.0,0,0,6,6,0,0,1.0,2.32325,100.0,0.00053,
pgbench,volume_only,22,dci_v2_P1,41,6,1.0,1.0,0.0,0,0,6,6,0,0,1.0,2.32325,100.0,0.00102,
pgbench,volume_only,22,dci_v2_P2,41,6,0.0,0.0,,0,0,0,6,0,0,0.5,1.291,55.57,0.00083,
pgbench,volume_only,22,dci_v2_P4,41,6,0.0,0.0,,0,0,0,6,0,0,0.5,0.80203,34.52,0.00078,
pgbench,volume_only,22,dci_v2_P8,41,6,0.0,0.0,,0,0,0,6,0,0,0.5,0.53038,22.83,0.00078,
pgbench,volume_only,22,dci_v1,41,6,1.0,1.0,0.0,0,0,6,6,0,0,1.0,2.32325,100.0,0.00139,
pgbench,volume_only,22,always_multiD,41,6,1.0,1.0,0.0,0,0,6,6,0,0,1.0,2.32325,100.0,0.00054,
pgbench,volume_only,22,best_axis_oracle,41,6,1.0,1.0,0.0,0,0,6,6,0,0,1.0,0.00013,0.01,0.00212,S_V
pgbench,volume_only,22,union4_raw,41,6,1.0,1.0,0.0,0,0,6,6,0,0,1.0,0.11528,4.96,0.0017,
pgbench,volume_only,22,union4_bonf,41,6,1.0,1.0,0.0,0,0,6,6,0,0,1.0,0.11528,4.96,0.00171,
pgbench,volume_only,22,every_k2,41,6,1.0,1.0,0.0,0,0,6,6,0,0,,1.13329,48.78,4e-05,offset=1
pgbench,volume_only,22,every_k3,41,6,0.0,0.0,,0,0,0,6,0,0,,0.79331,34.15,3e-05,offset=1
pgbench,volume_only,22,every_k4,41,6,0.5,0.5,0.0,0,0,3,6,0,0,,0.56665,24.39,2e-05,offset=1
pgbench,volume_only,22,adwin,41,6,0.0,0.0,,0,0,0,6,0,0,,2.32325,100.0,2e-05,
pgbench,volume_only,22,adwin_s,41,6,0.0,0.0,,0,0,0,6,0,0,,2.32325,100.0,2e-05,
pgbench,volume_only,22,mcusum,41,6,1.0,1.0,0.0,0,0,6,6,0,0,1.0,2.32325,100.0,6e-05,
pgbench,volume_only,22,sketch1,41,6,1.0,1.0,0.0,0,0,6,6,0,0,1.0,2.32325,100.0,0.00056,
pgbench,volume_only,23,dci_v2_P1,41,6,1.0,1.0,0.0,0,0,6,6,0,0,1.0,2.32325,100.0,0.00104,
pgbench,volume_only,23,dci_v2_P2,41,6,0.0,0.0,,0,0,0,6,0,0,0.5,1.291,55.57,0.00086,
pgbench,volume_only,23,dci_v2_P4,41,6,0.0,0.0,,0,0,0,6,0,0,0.5,0.80203,34.52,0.0008,
pgbench,volume_only,23,dci_v2_P8,41,6,0.0,0.0,,0,0,0,6,0,0,0.5,0.53038,22.83,0.00078,
pgbench,volume_only,23,dci_v1,41,6,1.0,1.0,0.0,0,0,6,6,0,0,1.0,2.32325,100.0,0.00141,
pgbench,volume_only,23,always_multiD,41,6,1.0,1.0,0.0,0,0,6,6,0,0,1.0,2.32325,100.0,0.00053,
pgbench,volume_only,23,best_axis_oracle,41,6,1.0,1.0,0.0,0,0,6,6,0,0,1.0,0.00013,0.01,0.00216,S_V
pgbench,volume_only,23,union4_raw,41,6,1.0,1.0,0.0,0,0,6,6,0,0,1.0,0.11528,4.96,0.00172,
pgbench,volume_only,23,union4_bonf,41,6,1.0,1.0,0.0,0,0,6,6,0,0,1.0,0.11528,4.96,0.0017,
pgbench,volume_only,23,every_k2,41,6,0.0,0.0,,0,0,0,6,0,0,,1.18996,51.22,5e-05,offset=0
pgbench,volume_only,23,every_k3,41,6,0.0,0.0,,0,0,0,6,0,0,,0.79331,34.15,3e-05,offset=0
pgbench,volume_only,23,every_k4,41,6,0.5,0.5,0.0,0,0,3,6,0,0,,0.56665,24.39,3e-05,offset=3
pgbench,volume_only,23,adwin,41,6,0.0,0.0,,0,0,0,6,0,0,,2.32325,100.0,2e-05,
pgbench,volume_only,23,adwin_s,41,6,0.0,0.0,,0,0,0,6,0,0,,2.32325,100.0,2e-05,
pgbench,volume_only,23,mcusum,41,6,1.0,1.0,0.0,0,0,6,6,0,0,1.0,2.32325,100.0,5e-05,
pgbench,volume_only,23,sketch1,41,6,1.0,1.0,0.0,0,0,6,6,0,0,1.0,2.32325,100.0,0.00054,
pgbench,volume_only,24,dci_v2_P1,41,6,1.0,1.0,0.0,0,0,6,6,0,0,1.0,2.32325,100.0,0.00103,
pgbench,volume_only,24,dci_v2_P2,41,6,0.0,0.0,,0,0,0,6,0,0,0.5,1.291,55.57,0.00085,
pgbench,volume_only,24,dci_v2_P4,41,6,0.0,0.0,,0,0,0,6,0,0,0.5,0.80203,34.52,0.00078,
pgbench,volume_only,24,dci_v2_P8,41,6,0.0,0.0,,0,0,0,6,0,0,0.5,0.53038,22.83,0.00075,
pgbench,volume_only,24,dci_v1,41,6,1.0,1.0,0.0,0,0,6,6,0,0,1.0,2.32325,100.0,0.00138,
pgbench,volume_only,24,always_multiD,41,6,1.0,1.0,0.0,0,0,6,6,0,0,1.0,2.32325,100.0,0.00053,
pgbench,volume_only,24,best_axis_oracle,41,6,1.0,1.0,0.0,0,0,6,6,0,0,1.0,0.00013,0.01,0.00213,S_V
pgbench,volume_only,24,union4_raw,41,6,1.0,1.0,0.0,0,0,6,6,0,0,1.0,0.11528,4.96,0.00172,
pgbench,volume_only,24,union4_bonf,41,6,1.0,1.0,0.0,0,0,6,6,0,0,1.0,0.11528,4.96,0.0017,
pgbench,volume_only,24,every_k2,41,6,1.0,1.0,0.0,0,0,6,6,0,0,,1.13329,48.78,4e-05,offset=1
pgbench,volume_only,24,every_k3,41,6,0.0,0.0,,0,0,0,6,0,0,,0.79331,34.15,3e-05,offset=1
pgbench,volume_only,24,every_k4,41,6,0.0,0.0,,0,0,0,6,0,0,,0.56665,24.39,3e-05,offset=2
pgbench,volume_only,24,adwin,41,6,0.0,0.0,,0,0,0,6,0,0,,2.32325,100.0,2e-05,
pgbench,volume_only,24,adwin_s,41,6,0.0,0.0,,0,0,0,6,0,0,,2.32325,100.0,2e-05,
pgbench,volume_only,24,mcusum,41,6,1.0,1.0,0.0,0,0,6,6,0,0,1.0,2.32325,100.0,5e-05,
pgbench,volume_only,24,sketch1,41,6,1.0,1.0,0.0,0,0,6,6,0,0,1.0,2.32325,100.0,0.00053,
pgbench,volume_only,25,dci_v2_P1,41,6,1.0,1.0,0.0,0,0,6,6,0,0,1.0,2.32325,100.0,0.00103,
pgbench,volume_only,25,dci_v2_P2,41,6,0.0,0.0,,0,0,0,6,0,0,0.5,1.291,55.57,0.00086,
pgbench,volume_only,25,dci_v2_P4,41,6,0.0,0.0,,0,0,0,6,0,0,0.5,0.80203,34.52,0.00078,
pgbench,volume_only,25,dci_v2_P8,41,6,0.0,0.0,,0,0,0,6,0,0,0.5,0.53038,22.83,0.00076,
pgbench,volume_only,25,dci_v1,41,6,1.0,1.0,0.0,0,0,6,6,0,0,1.0,2.32325,100.0,0.00139,
pgbench,volume_only,25,always_multiD,41,6,1.0,1.0,0.0,0,0,6,6,0,0,1.0,2.32325,100.0,0.00054,
pgbench,volume_only,25,best_axis_oracle,41,6,1.0,1.0,0.0,0,0,6,6,0,0,1.0,0.00013,0.01,0.00213,S_V
pgbench,volume_only,25,union4_raw,41,6,1.0,1.0,0.0,0,0,6,6,0,0,1.0,0.11528,4.96,0.00173,
pgbench,volume_only,25,union4_bonf,41,6,1.0,1.0,0.0,0,0,6,6,0,0,1.0,0.11528,4.96,0.00169,
pgbench,volume_only,25,every_k2,41,6,1.0,1.0,0.0,0,0,6,6,0,0,,1.13329,48.78,4e-05,offset=1
pgbench,volume_only,25,every_k3,41,6,0.0,0.0,,0,0,0,6,0,0,,0.79331,34.15,3e-05,offset=1
pgbench,volume_only,25,every_k4,41,6,0.5,0.5,0.0,0,0,3,6,0,0,,0.56665,24.39,3e-05,offset=3
pgbench,volume_only,25,adwin,41,6,0.0,0.0,,0,0,0,6,0,0,,2.32325,100.0,2e-05,
pgbench,volume_only,25,adwin_s,41,6,0.0,0.0,,0,0,0,6,0,0,,2.32325,100.0,2e-05,
pgbench,volume_only,25,mcusum,41,6,1.0,1.0,0.0,0,0,6,6,0,0,1.0,2.32325,100.0,6e-05,
pgbench,volume_only,25,sketch1,41,6,1.0,1.0,0.0,0,0,6,6,0,0,1.0,2.32325,100.0,0.00054,
pgbench,volume_only,26,dci_v2_P1,41,6,1.0,1.0,0.0,0,0,6,6,0,0,1.0,2.32325,100.0,0.00102,
pgbench,volume_only,26,dci_v2_P2,41,6,0.0,0.0,,0,0,0,6,0,0,0.5,1.291,55.57,0.00084,
pgbench,volume_only,26,dci_v2_P4,41,6,0.0,0.0,,0,0,0,6,0,0,0.5,0.80203,34.52,0.00079,
pgbench,volume_only,26,dci_v2_P8,41,6,0.0,0.0,,0,0,0,6,0,0,0.5,0.53038,22.83,0.00076,
pgbench,volume_only,26,dci_v1,41,6,1.0,1.0,0.0,0,0,6,6,0,0,1.0,2.32325,100.0,0.00135,
pgbench,volume_only,26,always_multiD,41,6,1.0,1.0,0.0,0,0,6,6,0,0,1.0,2.32325,100.0,0.00053,
pgbench,volume_only,26,best_axis_oracle,41,6,1.0,1.0,0.0,0,0,6,6,0,0,1.0,0.00013,0.01,0.0021,S_V
pgbench,volume_only,26,union4_raw,41,6,1.0,1.0,0.0,0,0,6,6,0,0,1.0,0.11528,4.96,0.00168,
pgbench,volume_only,26,union4_bonf,41,6,1.0,1.0,0.0,0,0,6,6,0,0,1.0,0.11528,4.96,0.00169,
pgbench,volume_only,26,every_k2,41,6,0.0,0.0,,0,0,0,6,0,0,,1.18996,51.22,4e-05,offset=0
pgbench,volume_only,26,every_k3,41,6,0.0,0.0,,0,0,0,6,0,0,,0.79331,34.15,3e-05,offset=1
pgbench,volume_only,26,every_k4,41,6,0.5,0.5,0.0,0,0,3,6,0,0,,0.56665,24.39,2e-05,offset=3
pgbench,volume_only,26,adwin,41,6,0.0,0.0,,0,0,0,6,0,0,,2.32325,100.0,2e-05,
pgbench,volume_only,26,adwin_s,41,6,0.0,0.0,,0,0,0,6,0,0,,2.32325,100.0,2e-05,
pgbench,volume_only,26,mcusum,41,6,1.0,1.0,0.0,0,0,6,6,0,0,1.0,2.32325,100.0,5e-05,
pgbench,volume_only,26,sketch1,41,6,1.0,1.0,0.0,0,0,6,6,0,0,1.0,2.32325,100.0,0.00054,
pgbench,volume_only,27,dci_v2_P1,41,6,1.0,1.0,0.0,0,0,6,6,0,0,1.0,2.32325,100.0,0.00101,
pgbench,volume_only,27,dci_v2_P2,41,6,0.0,0.0,,0,0,0,6,0,0,0.5,1.291,55.57,0.00084,
pgbench,volume_only,27,dci_v2_P4,41,6,0.0,0.0,,0,0,0,6,0,0,0.5,0.80203,34.52,0.00077,
pgbench,volume_only,27,dci_v2_P8,41,6,0.0,0.0,,0,0,0,6,0,0,0.5,0.53038,22.83,0.00073,
pgbench,volume_only,27,dci_v1,41,6,1.0,1.0,0.0,0,0,6,6,0,0,1.0,2.32325,100.0,0.00138,
pgbench,volume_only,27,always_multiD,41,6,1.0,1.0,0.0,0,0,6,6,0,0,1.0,2.32325,100.0,0.00051,
pgbench,volume_only,27,best_axis_oracle,41,6,1.0,1.0,0.0,0,0,6,6,0,0,1.0,0.00013,0.01,0.0021,S_V
pgbench,volume_only,27,union4_raw,41,6,1.0,1.0,0.0,0,0,6,6,0,0,1.0,0.11528,4.96,0.00167,
pgbench,volume_only,27,union4_bonf,41,6,1.0,1.0,0.0,0,0,6,6,0,0,1.0,0.11528,4.96,0.00168,
pgbench,volume_only,27,every_k2,41,6,0.0,0.0,,0,0,0,6,0,0,,1.18996,51.22,4e-05,offset=0
pgbench,volume_only,27,every_k3,41,6,0.0,0.0,,0,0,0,6,0,0,,0.79331,34.15,3e-05,offset=1
pgbench,volume_only,27,every_k4,41,6,0.5,0.5,0.0,0,0,3,6,0,0,,0.56665,24.39,2e-05,offset=1
pgbench,volume_only,27,adwin,41,6,0.0,0.0,,0,0,0,6,0,0,,2.32325,100.0,2e-05,
pgbench,volume_only,27,adwin_s,41,6,0.0,0.0,,0,0,0,6,0,0,,2.32325,100.0,2e-05,
pgbench,volume_only,27,mcusum,41,6,1.0,1.0,0.0,0,0,6,6,0,0,1.0,2.32325,100.0,6e-05,
pgbench,volume_only,27,sketch1,41,6,1.0,1.0,0.0,0,0,6,6,0,0,1.0,2.32325,100.0,0.00054,
pgbench,volume_only,28,dci_v2_P1,41,6,1.0,1.0,0.0,0,0,6,6,0,0,1.0,2.32325,100.0,0.00103,
pgbench,volume_only,28,dci_v2_P2,41,6,0.0,0.0,,0,0,0,6,0,0,0.5,1.291,55.57,0.00086,
pgbench,volume_only,28,dci_v2_P4,41,6,0.0,0.0,,0,0,0,6,0,0,0.5,0.80203,34.52,0.0008,
pgbench,volume_only,28,dci_v2_P8,41,6,0.0,0.0,,0,0,0,6,0,0,0.5,0.53038,22.83,0.00075,
pgbench,volume_only,28,dci_v1,41,6,1.0,1.0,0.0,0,0,6,6,0,0,1.0,2.32325,100.0,0.00139,
pgbench,volume_only,28,always_multiD,41,6,1.0,1.0,0.0,0,0,6,6,0,0,1.0,2.32325,100.0,0.00053,
pgbench,volume_only,28,best_axis_oracle,41,6,1.0,1.0,0.0,0,0,6,6,0,0,1.0,0.00013,0.01,0.00215,S_V
pgbench,volume_only,28,union4_raw,41,6,1.0,1.0,0.0,0,0,6,6,0,0,1.0,0.11528,4.96,0.00171,
pgbench,volume_only,28,union4_bonf,41,6,1.0,1.0,0.0,0,0,6,6,0,0,1.0,0.11528,4.96,0.0017,
pgbench,volume_only,28,every_k2,41,6,0.0,0.0,,0,0,0,6,0,0,,1.18996,51.22,5e-05,offset=0
pgbench,volume_only,28,every_k3,41,6,0.0,0.0,,0,0,0,6,0,0,,0.79331,34.15,3e-05,offset=1
pgbench,volume_only,28,every_k4,41,6,0.0,0.0,,0,0,0,6,0,0,,0.62331,26.83,3e-05,offset=0
pgbench,volume_only,28,adwin,41,6,0.0,0.0,,0,0,0,6,0,0,,2.32325,100.0,2e-05,
pgbench,volume_only,28,adwin_s,41,6,0.0,0.0,,0,0,0,6,0,0,,2.32325,100.0,2e-05,
pgbench,volume_only,28,mcusum,41,6,1.0,1.0,0.0,0,0,6,6,0,0,1.0,2.32325,100.0,5e-05,
pgbench,volume_only,28,sketch1,41,6,1.0,1.0,0.0,0,0,6,6,0,0,1.0,2.32325,100.0,0.00054,
pgbench,volume_only,29,dci_v2_P1,41,6,1.0,1.0,0.0,0,0,6,6,0,0,1.0,2.32325,100.0,0.00102,
pgbench,volume_only,29,dci_v2_P2,41,6,0.0,0.0,,0,0,0,6,0,0,0.5,1.291,55.57,0.00086,
pgbench,volume_only,29,dci_v2_P4,41,6,0.0,0.0,,0,0,0,6,0,0,0.5,0.80203,34.52,0.00079,
pgbench,volume_only,29,dci_v2_P8,41,6,0.0,0.0,,0,0,0,6,0,0,0.5,0.53038,22.83,0.00077,
pgbench,volume_only,29,dci_v1,41,6,1.0,1.0,0.0,0,0,6,6,0,0,1.0,2.32325,100.0,0.00141,
pgbench,volume_only,29,always_multiD,41,6,1.0,1.0,0.0,0,0,6,6,0,0,1.0,2.32325,100.0,0.00053,
pgbench,volume_only,29,best_axis_oracle,41,6,1.0,1.0,0.0,0,0,6,6,0,0,1.0,0.00013,0.01,0.00213,S_V
pgbench,volume_only,29,union4_raw,41,6,1.0,1.0,0.0,0,0,6,6,0,0,1.0,0.11528,4.96,0.00171,
pgbench,volume_only,29,union4_bonf,41,6,1.0,1.0,0.0,0,0,6,6,0,0,1.0,0.11528,4.96,0.00169,
pgbench,volume_only,29,every_k2,41,6,1.0,1.0,0.0,0,0,6,6,0,0,,1.13329,48.78,5e-05,offset=1
pgbench,volume_only,29,every_k3,41,6,0.0,0.0,,0,0,0,6,0,0,,0.79331,34.15,3e-05,offset=1
pgbench,volume_only,29,every_k4,41,6,0.0,0.0,,0,0,0,6,0,0,,0.62331,26.83,3e-05,offset=0
pgbench,volume_only,29,adwin,41,6,0.0,0.0,,0,0,0,6,0,0,,2.32325,100.0,2e-05,
pgbench,volume_only,29,adwin_s,41,6,0.0,0.0,,0,0,0,6,0,0,,2.32325,100.0,2e-05,
pgbench,volume_only,29,mcusum,41,6,1.0,1.0,0.0,0,0,6,6,0,0,1.0,2.32325,100.0,5e-05,
pgbench,volume_only,29,sketch1,41,6,1.0,1.0,0.0,0,0,6,6,0,0,1.0,2.32325,100.0,0.00053,
pgbench,volume_only,30,dci_v2_P1,41,6,1.0,1.0,0.0,0,0,6,6,0,0,1.0,2.32325,100.0,0.00103,
pgbench,volume_only,30,dci_v2_P2,41,6,0.0,0.0,,0,0,0,6,0,0,0.5,1.291,55.57,0.00085,
pgbench,volume_only,30,dci_v2_P4,41,6,0.0,0.0,,0,0,0,6,0,0,0.5,0.80203,34.52,0.00079,
pgbench,volume_only,30,dci_v2_P8,41,6,0.0,0.0,,0,0,0,6,0,0,0.5,0.53038,22.83,0.00076,
pgbench,volume_only,30,dci_v1,41,6,1.0,1.0,0.0,0,0,6,6,0,0,1.0,2.32325,100.0,0.00141,
pgbench,volume_only,30,always_multiD,41,6,1.0,1.0,0.0,0,0,6,6,0,0,1.0,2.32325,100.0,0.00053,
pgbench,volume_only,30,best_axis_oracle,41,6,1.0,1.0,0.0,0,0,6,6,0,0,1.0,0.00013,0.01,0.00215,S_V
pgbench,volume_only,30,union4_raw,41,6,1.0,1.0,0.0,0,0,6,6,0,0,1.0,0.11528,4.96,0.00173,
pgbench,volume_only,30,union4_bonf,41,6,1.0,1.0,0.0,0,0,6,6,0,0,1.0,0.11528,4.96,0.0017,
pgbench,volume_only,30,every_k2,41,6,1.0,1.0,0.0,0,0,6,6,0,0,,1.13329,48.78,5e-05,offset=1
pgbench,volume_only,30,every_k3,41,6,0.0,0.0,,0,0,0,6,0,0,,0.79331,34.15,3e-05,offset=1
pgbench,volume_only,30,every_k4,41,6,0.0,0.0,,0,0,0,6,0,0,,0.62331,26.83,3e-05,offset=0
pgbench,volume_only,30,adwin,41,6,0.0,0.0,,0,0,0,6,0,0,,2.32325,100.0,2e-05,
pgbench,volume_only,30,adwin_s,41,6,0.0,0.0,,0,0,0,6,0,0,,2.32325,100.0,2e-05,
pgbench,volume_only,30,mcusum,41,6,1.0,1.0,0.0,0,0,6,6,0,0,1.0,2.32325,100.0,5e-05,
pgbench,volume_only,30,sketch1,41,6,1.0,1.0,0.0,0,0,6,6,0,0,1.0,2.32325,100.0,0.00054,
pgbench,volume_only,31,dci_v2_P1,41,6,1.0,1.0,0.0,0,0,6,6,0,0,1.0,2.32325,100.0,0.00103,
pgbench,volume_only,31,dci_v2_P2,41,6,0.0,0.0,,0,0,0,6,0,0,0.5,1.291,55.57,0.00085,
pgbench,volume_only,31,dci_v2_P4,41,6,0.0,0.0,,0,0,0,6,0,0,0.5,0.80203,34.52,0.00079,
pgbench,volume_only,31,dci_v2_P8,41,6,0.0,0.0,,0,0,0,6,0,0,0.5,0.53038,22.83,0.00077,
pgbench,volume_only,31,dci_v1,41,6,1.0,1.0,0.0,0,0,6,6,0,0,1.0,2.32325,100.0,0.00139,
pgbench,volume_only,31,always_multiD,41,6,1.0,1.0,0.0,0,0,6,6,0,0,1.0,2.32325,100.0,0.00052,
pgbench,volume_only,31,best_axis_oracle,41,6,1.0,1.0,0.0,0,0,6,6,0,0,1.0,0.00013,0.01,0.00215,S_V
pgbench,volume_only,31,union4_raw,41,6,1.0,1.0,0.0,0,0,6,6,0,0,1.0,0.11528,4.96,0.00171,
pgbench,volume_only,31,union4_bonf,41,6,1.0,1.0,0.0,0,0,6,6,0,0,1.0,0.11528,4.96,0.00169,
pgbench,volume_only,31,every_k2,41,6,0.0,0.0,,0,0,0,6,0,0,,1.18996,51.22,5e-05,offset=0
pgbench,volume_only,31,every_k3,41,6,0.0,0.0,,0,0,0,6,0,0,,0.79331,34.15,3e-05,offset=1
pgbench,volume_only,31,every_k4,41,6,0.0,0.0,,0,0,0,6,0,0,,0.62331,26.83,3e-05,offset=0
pgbench,volume_only,31,adwin,41,6,0.0,0.0,,0,0,0,6,0,0,,2.32325,100.0,2e-05,
pgbench,volume_only,31,adwin_s,41,6,0.0,0.0,,0,0,0,6,0,0,,2.32325,100.0,2e-05,
pgbench,volume_only,31,mcusum,41,6,1.0,1.0,0.0,0,0,6,6,0,0,1.0,2.32325,100.0,6e-05,
pgbench,volume_only,31,sketch1,41,6,1.0,1.0,0.0,0,0,6,6,0,0,1.0,2.32325,100.0,0.00054,
pgbench,volume_only,32,dci_v2_P1,41,6,1.0,1.0,0.0,0,0,6,6,0,0,1.0,2.32325,100.0,0.00103,
pgbench,volume_only,32,dci_v2_P2,41,6,0.0,0.0,,0,0,0,6,0,0,0.5,1.291,55.57,0.00084,
pgbench,volume_only,32,dci_v2_P4,41,6,0.0,0.0,,0,0,0,6,0,0,0.5,0.80203,34.52,0.00079,
pgbench,volume_only,32,dci_v2_P8,41,6,0.0,0.0,,0,0,0,6,0,0,0.5,0.53038,22.83,0.00076,
pgbench,volume_only,32,dci_v1,41,6,1.0,1.0,0.0,0,0,6,6,0,0,1.0,2.32325,100.0,0.00136,
pgbench,volume_only,32,always_multiD,41,6,1.0,1.0,0.0,0,0,6,6,0,0,1.0,2.32325,100.0,0.00054,
pgbench,volume_only,32,best_axis_oracle,41,6,1.0,1.0,0.0,0,0,6,6,0,0,1.0,0.00013,0.01,0.00211,S_V
pgbench,volume_only,32,union4_raw,41,6,1.0,1.0,0.0,0,0,6,6,0,0,1.0,0.11528,4.96,0.00172,
pgbench,volume_only,32,union4_bonf,41,6,1.0,1.0,0.0,0,0,6,6,0,0,1.0,0.11528,4.96,0.00168,
pgbench,volume_only,32,every_k2,41,6,0.0,0.0,,0,0,0,6,0,0,,1.18996,51.22,4e-05,offset=0
pgbench,volume_only,32,every_k3,41,6,0.0,0.0,,0,0,0,6,0,0,,0.79331,34.15,3e-05,offset=0
pgbench,volume_only,32,every_k4,41,6,0.0,0.0,,0,0,0,6,0,0,,0.62331,26.83,2e-05,offset=0
pgbench,volume_only,32,adwin,41,6,0.0,0.0,,0,0,0,6,0,0,,2.32325,100.0,2e-05,
pgbench,volume_only,32,adwin_s,41,6,0.0,0.0,,0,0,0,6,0,0,,2.32325,100.0,2e-05,
pgbench,volume_only,32,mcusum,41,6,1.0,1.0,0.0,0,0,6,6,0,0,1.0,2.32325,100.0,6e-05,
pgbench,volume_only,32,sketch1,41,6,1.0,1.0,0.0,0,0,6,6,0,0,1.0,2.32325,100.0,0.00054,
pgbench,volume_only,33,dci_v2_P1,41,6,1.0,1.0,0.0,0,0,6,6,0,0,1.0,2.32325,100.0,0.00102,
pgbench,volume_only,33,dci_v2_P2,41,6,0.0,0.0,,0,0,0,6,0,0,0.5,1.291,55.57,0.00085,
pgbench,volume_only,33,dci_v2_P4,41,6,0.0,0.0,,0,0,0,6,0,0,0.5,0.80203,34.52,0.0008,
pgbench,volume_only,33,dci_v2_P8,41,6,0.0,0.0,,0,0,0,6,0,0,0.5,0.53038,22.83,0.00075,
pgbench,volume_only,33,dci_v1,41,6,1.0,1.0,0.0,0,0,6,6,0,0,1.0,2.32325,100.0,0.00138,
pgbench,volume_only,33,always_multiD,41,6,1.0,1.0,0.0,0,0,6,6,0,0,1.0,2.32325,100.0,0.00054,
pgbench,volume_only,33,best_axis_oracle,41,6,1.0,1.0,0.0,0,0,6,6,0,0,1.0,0.00013,0.01,0.00213,S_V
pgbench,volume_only,33,union4_raw,41,6,1.0,1.0,0.0,0,0,6,6,0,0,1.0,0.11528,4.96,0.00172,
pgbench,volume_only,33,union4_bonf,41,6,1.0,1.0,0.0,0,0,6,6,0,0,1.0,0.11528,4.96,0.00169,
pgbench,volume_only,33,every_k2,41,6,1.0,1.0,0.0,0,0,6,6,0,0,,1.13329,48.78,5e-05,offset=1
pgbench,volume_only,33,every_k3,41,6,1.0,1.0,0.0,0,0,6,6,0,0,,0.73664,31.71,3e-05,offset=2
pgbench,volume_only,33,every_k4,41,6,0.0,0.0,,0,0,0,6,0,0,,0.56665,24.39,3e-05,offset=2
pgbench,volume_only,33,adwin,41,6,0.0,0.0,,0,0,0,6,0,0,,2.32325,100.0,2e-05,
pgbench,volume_only,33,adwin_s,41,6,0.0,0.0,,0,0,0,6,0,0,,2.32325,100.0,2e-05,
pgbench,volume_only,33,mcusum,41,6,1.0,1.0,0.0,0,0,6,6,0,0,1.0,2.32325,100.0,6e-05,
pgbench,volume_only,33,sketch1,41,6,1.0,1.0,0.0,0,0,6,6,0,0,1.0,2.32325,100.0,0.00054,
pgbench,volume_only,34,dci_v2_P1,41,6,1.0,1.0,0.0,0,0,6,6,0,0,1.0,2.32325,100.0,0.00102,
pgbench,volume_only,34,dci_v2_P2,41,6,0.0,0.0,,0,0,0,6,0,0,0.5,1.291,55.57,0.00084,
pgbench,volume_only,34,dci_v2_P4,41,6,0.0,0.0,,0,0,0,6,0,0,0.5,0.80203,34.52,0.00079,
pgbench,volume_only,34,dci_v2_P8,41,6,0.0,0.0,,0,0,0,6,0,0,0.5,0.53038,22.83,0.00077,
pgbench,volume_only,34,dci_v1,41,6,1.0,1.0,0.0,0,0,6,6,0,0,1.0,2.32325,100.0,0.00137,
pgbench,volume_only,34,always_multiD,41,6,1.0,1.0,0.0,0,0,6,6,0,0,1.0,2.32325,100.0,0.00053,
pgbench,volume_only,34,best_axis_oracle,41,6,1.0,1.0,0.0,0,0,6,6,0,0,1.0,0.00013,0.01,0.0021,S_V
pgbench,volume_only,34,union4_raw,41,6,1.0,1.0,0.0,0,0,6,6,0,0,1.0,0.11528,4.96,0.00168,
pgbench,volume_only,34,union4_bonf,41,6,1.0,1.0,0.0,0,0,6,6,0,0,1.0,0.11528,4.96,0.0017,
pgbench,volume_only,34,every_k2,41,6,0.0,0.0,,0,0,0,6,0,0,,1.18996,51.22,4e-05,offset=0
pgbench,volume_only,34,every_k3,41,6,1.0,1.0,0.0,0,0,6,6,0,0,,0.73664,31.71,3e-05,offset=2
pgbench,volume_only,34,every_k4,41,6,0.0,0.0,,0,0,0,6,0,0,,0.62331,26.83,2e-05,offset=0
pgbench,volume_only,34,adwin,41,6,0.0,0.0,,0,0,0,6,0,0,,2.32325,100.0,2e-05,
pgbench,volume_only,34,adwin_s,41,6,0.0,0.0,,0,0,0,6,0,0,,2.32325,100.0,2e-05,
pgbench,volume_only,34,mcusum,41,6,1.0,1.0,0.0,0,0,6,6,0,0,1.0,2.32325,100.0,6e-05,
pgbench,volume_only,34,sketch1,41,6,1.0,1.0,0.0,0,0,6,6,0,0,1.0,2.32325,100.0,0.00054,
pgbench,volume_only,35,dci_v2_P1,41,6,1.0,1.0,0.0,0,0,6,6,0,0,1.0,2.32325,100.0,0.001,
pgbench,volume_only,35,dci_v2_P2,41,6,0.0,0.0,,0,0,0,6,0,0,0.5,1.291,55.57,0.00084,
pgbench,volume_only,35,dci_v2_P4,41,6,0.0,0.0,,0,0,0,6,0,0,0.5,0.80203,34.52,0.00081,
pgbench,volume_only,35,dci_v2_P8,41,6,0.0,0.0,,0,0,0,6,0,0,0.5,0.53038,22.83,0.00075,
pgbench,volume_only,35,dci_v1,41,6,1.0,1.0,0.0,0,0,6,6,0,0,1.0,2.32325,100.0,0.00137,
pgbench,volume_only,35,always_multiD,41,6,1.0,1.0,0.0,0,0,6,6,0,0,1.0,2.32325,100.0,0.00053,
pgbench,volume_only,35,best_axis_oracle,41,6,1.0,1.0,0.0,0,0,6,6,0,0,1.0,0.00013,0.01,0.00214,S_V
pgbench,volume_only,35,union4_raw,41,6,1.0,1.0,0.0,0,0,6,6,0,0,1.0,0.11528,4.96,0.00171,
pgbench,volume_only,35,union4_bonf,41,6,1.0,1.0,0.0,0,0,6,6,0,0,1.0,0.11528,4.96,0.0017,
pgbench,volume_only,35,every_k2,41,6,0.0,0.0,,0,0,0,6,0,0,,1.18996,51.22,5e-05,offset=0
pgbench,volume_only,35,every_k3,41,6,1.0,1.0,0.0,0,0,6,6,0,0,,0.73664,31.71,3e-05,offset=2
pgbench,volume_only,35,every_k4,41,6,0.0,0.0,,0,0,0,6,0,0,,0.56665,24.39,3e-05,offset=2
pgbench,volume_only,35,adwin,41,6,0.0,0.0,,0,0,0,6,0,0,,2.32325,100.0,2e-05,
pgbench,volume_only,35,adwin_s,41,6,0.0,0.0,,0,0,0,6,0,0,,2.32325,100.0,2e-05,
pgbench,volume_only,35,mcusum,41,6,1.0,1.0,0.0,0,0,6,6,0,0,1.0,2.32325,100.0,5e-05,
pgbench,volume_only,35,sketch1,41,6,1.0,1.0,0.0,0,0,6,6,0,0,1.0,2.32325,100.0,0.00054,
pgbench,volume_only,36,dci_v2_P1,41,6,1.0,1.0,0.0,0,0,6,6,0,0,1.0,2.32325,100.0,0.00104,
pgbench,volume_only,36,dci_v2_P2,41,6,0.0,0.0,,0,0,0,6,0,0,0.5,1.291,55.57,0.00085,
pgbench,volume_only,36,dci_v2_P4,41,6,0.0,0.0,,0,0,0,6,0,0,0.5,0.80203,34.52,0.00079,
pgbench,volume_only,36,dci_v2_P8,41,6,0.0,0.0,,0,0,0,6,0,0,0.5,0.53038,22.83,0.00078,
pgbench,volume_only,36,dci_v1,41,6,1.0,1.0,0.0,0,0,6,6,0,0,1.0,2.32325,100.0,0.00139,
pgbench,volume_only,36,always_multiD,41,6,1.0,1.0,0.0,0,0,6,6,0,0,1.0,2.32325,100.0,0.00054,
pgbench,volume_only,36,best_axis_oracle,41,6,1.0,1.0,0.0,0,0,6,6,0,0,1.0,0.00013,0.01,0.00213,S_V
pgbench,volume_only,36,union4_raw,41,6,1.0,1.0,0.0,0,0,6,6,0,0,1.0,0.11528,4.96,0.00172,
pgbench,volume_only,36,union4_bonf,41,6,1.0,1.0,0.0,0,0,6,6,0,0,1.0,0.11528,4.96,0.00171,
pgbench,volume_only,36,every_k2,41,6,0.0,0.0,,0,0,0,6,0,0,,1.18996,51.22,4e-05,offset=0
pgbench,volume_only,36,every_k3,41,6,0.0,0.0,,0,0,0,6,0,0,,0.79331,34.15,3e-05,offset=0
pgbench,volume_only,36,every_k4,41,6,0.5,0.5,0.0,0,0,3,6,0,0,,0.56665,24.39,2e-05,offset=1
pgbench,volume_only,36,adwin,41,6,0.0,0.0,,0,0,0,6,0,0,,2.32325,100.0,2e-05,
pgbench,volume_only,36,adwin_s,41,6,0.0,0.0,,0,0,0,6,0,0,,2.32325,100.0,2e-05,
pgbench,volume_only,36,mcusum,41,6,1.0,1.0,0.0,0,0,6,6,0,0,1.0,2.32325,100.0,6e-05,
pgbench,volume_only,36,sketch1,41,6,1.0,1.0,0.0,0,0,6,6,0,0,1.0,2.32325,100.0,0.00054,
pgbench,volume_only,37,dci_v2_P1,41,6,1.0,1.0,0.0,0,0,6,6,0,0,1.0,2.32325,100.0,0.00105,
pgbench,volume_only,37,dci_v2_P2,41,6,0.0,0.0,,0,0,0,6,0,0,0.5,1.291,55.57,0.00085,
pgbench,volume_only,37,dci_v2_P4,41,6,0.0,0.0,,0,0,0,6,0,0,0.5,0.80203,34.52,0.0008,
pgbench,volume_only,37,dci_v2_P8,41,6,0.0,0.0,,0,0,0,6,0,0,0.5,0.53038,22.83,0.00078,
pgbench,volume_only,37,dci_v1,41,6,1.0,1.0,0.0,0,0,6,6,0,0,1.0,2.32325,100.0,0.00141,
pgbench,volume_only,37,always_multiD,41,6,1.0,1.0,0.0,0,0,6,6,0,0,1.0,2.32325,100.0,0.00053,
pgbench,volume_only,37,best_axis_oracle,41,6,1.0,1.0,0.0,0,0,6,6,0,0,1.0,0.00013,0.01,0.00212,S_V
pgbench,volume_only,37,union4_raw,41,6,1.0,1.0,0.0,0,0,6,6,0,0,1.0,0.11528,4.96,0.0017,
pgbench,volume_only,37,union4_bonf,41,6,1.0,1.0,0.0,0,0,6,6,0,0,1.0,0.11528,4.96,0.00168,
pgbench,volume_only,37,every_k2,41,6,1.0,1.0,0.0,0,0,6,6,0,0,,1.13329,48.78,4e-05,offset=1
pgbench,volume_only,37,every_k3,41,6,0.0,0.0,,0,0,0,6,0,0,,0.79331,34.15,3e-05,offset=1
pgbench,volume_only,37,every_k4,41,6,0.5,0.5,0.0,0,0,3,6,0,0,,0.56665,24.39,3e-05,offset=3
pgbench,volume_only,37,adwin,41,6,0.0,0.0,,0,0,0,6,0,0,,2.32325,100.0,2e-05,
pgbench,volume_only,37,adwin_s,41,6,0.0,0.0,,0,0,0,6,0,0,,2.32325,100.0,2e-05,
pgbench,volume_only,37,mcusum,41,6,1.0,1.0,0.0,0,0,6,6,0,0,1.0,2.32325,100.0,6e-05,
pgbench,volume_only,37,sketch1,41,6,1.0,1.0,0.0,0,0,6,6,0,0,1.0,2.32325,100.0,0.00055,
pgbench,volume_only,38,dci_v2_P1,41,6,1.0,1.0,0.0,0,0,6,6,0,0,1.0,2.32325,100.0,0.001,
pgbench,volume_only,38,dci_v2_P2,41,6,0.0,0.0,,0,0,0,6,0,0,0.5,1.291,55.57,0.00083,
pgbench,volume_only,38,dci_v2_P4,41,6,0.0,0.0,,0,0,0,6,0,0,0.5,0.80203,34.52,0.00078,
pgbench,volume_only,38,dci_v2_P8,41,6,0.0,0.0,,0,0,0,6,0,0,0.5,0.53038,22.83,0.00076,
pgbench,volume_only,38,dci_v1,41,6,1.0,1.0,0.0,0,0,6,6,0,0,1.0,2.32325,100.0,0.00136,
pgbench,volume_only,38,always_multiD,41,6,1.0,1.0,0.0,0,0,6,6,0,0,1.0,2.32325,100.0,0.00053,
pgbench,volume_only,38,best_axis_oracle,41,6,1.0,1.0,0.0,0,0,6,6,0,0,1.0,0.00013,0.01,0.00212,S_V
pgbench,volume_only,38,union4_raw,41,6,1.0,1.0,0.0,0,0,6,6,0,0,1.0,0.11528,4.96,0.00169,
pgbench,volume_only,38,union4_bonf,41,6,1.0,1.0,0.0,0,0,6,6,0,0,1.0,0.11528,4.96,0.0017,
pgbench,volume_only,38,every_k2,41,6,0.0,0.0,,0,0,0,6,0,0,,1.18996,51.22,5e-05,offset=0
pgbench,volume_only,38,every_k3,41,6,1.0,1.0,0.0,0,0,6,6,0,0,,0.73664,31.71,3e-05,offset=2
pgbench,volume_only,38,every_k4,41,6,0.0,0.0,,0,0,0,6,0,0,,0.56665,24.39,3e-05,offset=2
pgbench,volume_only,38,adwin,41,6,0.0,0.0,,0,0,0,6,0,0,,2.32325,100.0,2e-05,
pgbench,volume_only,38,adwin_s,41,6,0.0,0.0,,0,0,0,6,0,0,,2.32325,100.0,2e-05,
pgbench,volume_only,38,mcusum,41,6,1.0,1.0,0.0,0,0,6,6,0,0,1.0,2.32325,100.0,5e-05,
pgbench,volume_only,38,sketch1,41,6,1.0,1.0,0.0,0,0,6,6,0,0,1.0,2.32325,100.0,0.00054,
pgbench,volume_only,39,dci_v2_P1,41,6,1.0,1.0,0.0,0,0,6,6,0,0,1.0,2.32325,100.0,0.00108,
pgbench,volume_only,39,dci_v2_P2,41,6,0.0,0.0,,0,0,0,6,0,0,0.5,1.291,55.57,0.00085,
pgbench,volume_only,39,dci_v2_P4,41,6,0.0,0.0,,0,0,0,6,0,0,0.5,0.80203,34.52,0.00079,
pgbench,volume_only,39,dci_v2_P8,41,6,0.0,0.0,,0,0,0,6,0,0,0.5,0.53038,22.83,0.00076,
pgbench,volume_only,39,dci_v1,41,6,1.0,1.0,0.0,0,0,6,6,0,0,1.0,2.32325,100.0,0.00139,
pgbench,volume_only,39,always_multiD,41,6,1.0,1.0,0.0,0,0,6,6,0,0,1.0,2.32325,100.0,0.00053,
pgbench,volume_only,39,best_axis_oracle,41,6,1.0,1.0,0.0,0,0,6,6,0,0,1.0,0.00013,0.01,0.00212,S_V
pgbench,volume_only,39,union4_raw,41,6,1.0,1.0,0.0,0,0,6,6,0,0,1.0,0.11528,4.96,0.00171,
pgbench,volume_only,39,union4_bonf,41,6,1.0,1.0,0.0,0,0,6,6,0,0,1.0,0.11528,4.96,0.00168,
pgbench,volume_only,39,every_k2,41,6,0.0,0.0,,0,0,0,6,0,0,,1.18996,51.22,6e-05,offset=0
pgbench,volume_only,39,every_k3,41,6,1.0,1.0,0.0,0,0,6,6,0,0,,0.73664,31.71,3e-05,offset=2
pgbench,volume_only,39,every_k4,41,6,0.5,0.5,0.0,0,0,3,6,0,0,,0.56665,24.39,2e-05,offset=1
pgbench,volume_only,39,adwin,41,6,0.0,0.0,,0,0,0,6,0,0,,2.32325,100.0,3e-05,
pgbench,volume_only,39,adwin_s,41,6,0.0,0.0,,0,0,0,6,0,0,,2.32325,100.0,3e-05,
pgbench,volume_only,39,mcusum,41,6,1.0,1.0,0.0,0,0,6,6,0,0,1.0,2.32325,100.0,6e-05,
pgbench,volume_only,39,sketch1,41,6,1.0,1.0,0.0,0,0,6,6,0,0,1.0,2.32325,100.0,0.00054,
pgbench,volume_only,40,dci_v2_P1,41,6,1.0,1.0,0.0,0,0,6,6,0,0,1.0,2.32325,100.0,0.00104,
pgbench,volume_only,40,dci_v2_P2,41,6,0.0,0.0,,0,0,0,6,0,0,0.5,1.291,55.57,0.00085,
pgbench,volume_only,40,dci_v2_P4,41,6,0.0,0.0,,0,0,0,6,0,0,0.5,0.80203,34.52,0.0008,
pgbench,volume_only,40,dci_v2_P8,41,6,0.0,0.0,,0,0,0,6,0,0,0.5,0.53038,22.83,0.00077,
pgbench,volume_only,40,dci_v1,41,6,1.0,1.0,0.0,0,0,6,6,0,0,1.0,2.32325,100.0,0.00137,
pgbench,volume_only,40,always_multiD,41,6,1.0,1.0,0.0,0,0,6,6,0,0,1.0,2.32325,100.0,0.00054,
pgbench,volume_only,40,best_axis_oracle,41,6,1.0,1.0,0.0,0,0,6,6,0,0,1.0,0.00013,0.01,0.00212,S_V
pgbench,volume_only,40,union4_raw,41,6,1.0,1.0,0.0,0,0,6,6,0,0,1.0,0.11528,4.96,0.00159,
pgbench,volume_only,40,union4_bonf,41,6,1.0,1.0,0.0,0,0,6,6,0,0,1.0,0.11528,4.96,0.0016,
pgbench,volume_only,40,every_k2,41,6,1.0,1.0,0.0,0,0,6,6,0,0,,1.13329,48.78,5e-05,offset=1
pgbench,volume_only,40,every_k3,41,6,0.0,0.0,,0,0,0,6,0,0,,0.79331,34.15,3e-05,offset=0
pgbench,volume_only,40,every_k4,41,6,0.5,0.5,0.0,0,0,3,6,0,0,,0.56665,24.39,3e-05,offset=3
pgbench,volume_only,40,adwin,41,6,0.0,0.0,,0,0,0,6,0,0,,2.32325,100.0,2e-05,
pgbench,volume_only,40,adwin_s,41,6,0.0,0.0,,0,0,0,6,0,0,,2.32325,100.0,2e-05,
pgbench,volume_only,40,mcusum,41,6,1.0,1.0,0.0,0,0,6,6,0,0,1.0,2.32325,100.0,6e-05,
pgbench,volume_only,40,sketch1,41,6,1.0,1.0,0.0,0,0,6,6,0,0,1.0,2.32325,100.0,0.0005,
pgbench,volume_only,41,dci_v2_P1,41,6,1.0,1.0,0.0,0,0,6,6,0,0,1.0,2.32325,100.0,0.00106,
pgbench,volume_only,41,dci_v2_P2,41,6,0.0,0.0,,0,0,0,6,0,0,0.5,1.291,55.57,0.00086,
pgbench,volume_only,41,dci_v2_P4,41,6,0.0,0.0,,0,0,0,6,0,0,0.5,0.80203,34.52,0.00079,
pgbench,volume_only,41,dci_v2_P8,41,6,0.0,0.0,,0,0,0,6,0,0,0.5,0.53038,22.83,0.00078,
pgbench,volume_only,41,dci_v1,41,6,1.0,1.0,0.0,0,0,6,6,0,0,1.0,2.32325,100.0,0.00141,
pgbench,volume_only,41,always_multiD,41,6,1.0,1.0,0.0,0,0,6,6,0,0,1.0,2.32325,100.0,0.00053,
pgbench,volume_only,41,best_axis_oracle,41,6,1.0,1.0,0.0,0,0,6,6,0,0,1.0,0.00013,0.01,0.00212,S_V
pgbench,volume_only,41,union4_raw,41,6,1.0,1.0,0.0,0,0,6,6,0,0,1.0,0.11528,4.96,0.0017,
pgbench,volume_only,41,union4_bonf,41,6,1.0,1.0,0.0,0,0,6,6,0,0,1.0,0.11528,4.96,0.00169,
pgbench,volume_only,41,every_k2,41,6,0.0,0.0,,0,0,0,6,0,0,,1.18996,51.22,5e-05,offset=0
pgbench,volume_only,41,every_k3,41,6,0.0,0.0,,0,0,0,6,0,0,,0.79331,34.15,3e-05,offset=1
pgbench,volume_only,41,every_k4,41,6,0.5,0.5,0.0,0,0,3,6,0,0,,0.56665,24.39,3e-05,offset=3
pgbench,volume_only,41,adwin,41,6,0.0,0.0,,0,0,0,6,0,0,,2.32325,100.0,2e-05,
pgbench,volume_only,41,adwin_s,41,6,0.0,0.0,,0,0,0,6,0,0,,2.32325,100.0,2e-05,
pgbench,volume_only,41,mcusum,41,6,1.0,1.0,0.0,0,0,6,6,0,0,1.0,2.32325,100.0,6e-05,
pgbench,volume_only,41,sketch1,41,6,1.0,1.0,0.0,0,0,6,6,0,0,1.0,2.32325,100.0,0.00055,
pgbench,volume_only,42,dci_v2_P1,41,6,1.0,1.0,0.0,0,0,6,6,0,0,1.0,2.32325,100.0,0.00106,
pgbench,volume_only,42,dci_v2_P2,41,6,0.0,0.0,,0,0,0,6,0,0,0.5,1.291,55.57,0.00088,
pgbench,volume_only,42,dci_v2_P4,41,6,0.0,0.0,,0,0,0,6,0,0,0.5,0.80203,34.52,0.00081,
pgbench,volume_only,42,dci_v2_P8,41,6,0.0,0.0,,0,0,0,6,0,0,0.5,0.53038,22.83,0.00077,
pgbench,volume_only,42,dci_v1,41,6,1.0,1.0,0.0,0,0,6,6,0,0,1.0,2.32325,100.0,0.0014,
pgbench,volume_only,42,always_multiD,41,6,1.0,1.0,0.0,0,0,6,6,0,0,1.0,2.32325,100.0,0.00054,
pgbench,volume_only,42,best_axis_oracle,41,6,1.0,1.0,0.0,0,0,6,6,0,0,1.0,0.00013,0.01,0.00215,S_V
pgbench,volume_only,42,union4_raw,41,6,1.0,1.0,0.0,0,0,6,6,0,0,1.0,0.11528,4.96,0.0017,
pgbench,volume_only,42,union4_bonf,41,6,1.0,1.0,0.0,0,0,6,6,0,0,1.0,0.11528,4.96,0.00171,
pgbench,volume_only,42,every_k2,41,6,0.0,0.0,,0,0,0,6,0,0,,1.18996,51.22,5e-05,offset=0
pgbench,volume_only,42,every_k3,41,6,1.0,1.0,0.0,0,0,6,6,0,0,,0.73664,31.71,3e-05,offset=2
pgbench,volume_only,42,every_k4,41,6,0.5,0.5,0.0,0,0,3,6,0,0,,0.56665,24.39,2e-05,offset=1
pgbench,volume_only,42,adwin,41,6,0.0,0.0,,0,0,0,6,0,0,,2.32325,100.0,2e-05,
pgbench,volume_only,42,adwin_s,41,6,0.0,0.0,,0,0,0,6,0,0,,2.32325,100.0,2e-05,
pgbench,volume_only,42,mcusum,41,6,1.0,1.0,0.0,0,0,6,6,0,0,1.0,2.32325,100.0,5e-05,
pgbench,volume_only,42,sketch1,41,6,1.0,1.0,0.0,0,0,6,6,0,0,1.0,2.32325,100.0,0.00055,
pgbench,volume_only,43,dci_v2_P1,41,6,1.0,1.0,0.0,0,0,6,6,0,0,1.0,2.32325,100.0,0.00106,
pgbench,volume_only,43,dci_v2_P2,41,6,0.0,0.0,,0,0,0,6,0,0,0.5,1.291,55.57,0.00085,
pgbench,volume_only,43,dci_v2_P4,41,6,0.0,0.0,,0,0,0,6,0,0,0.5,0.80203,34.52,0.00079,
pgbench,volume_only,43,dci_v2_P8,41,6,0.0,0.0,,0,0,0,6,0,0,0.5,0.53038,22.83,0.00076,
pgbench,volume_only,43,dci_v1,41,6,1.0,1.0,0.0,0,0,6,6,0,0,1.0,2.32325,100.0,0.00139,
pgbench,volume_only,43,always_multiD,41,6,1.0,1.0,0.0,0,0,6,6,0,0,1.0,2.32325,100.0,0.00053,
pgbench,volume_only,43,best_axis_oracle,41,6,1.0,1.0,0.0,0,0,6,6,0,0,1.0,0.00013,0.01,0.00214,S_V
pgbench,volume_only,43,union4_raw,41,6,1.0,1.0,0.0,0,0,6,6,0,0,1.0,0.11528,4.96,0.00172,
pgbench,volume_only,43,union4_bonf,41,6,1.0,1.0,0.0,0,0,6,6,0,0,1.0,0.11528,4.96,0.00168,
pgbench,volume_only,43,every_k2,41,6,0.0,0.0,,0,0,0,6,0,0,,1.18996,51.22,5e-05,offset=0
pgbench,volume_only,43,every_k3,41,6,0.0,0.0,,0,0,0,6,0,0,,0.79331,34.15,3e-05,offset=1
pgbench,volume_only,43,every_k4,41,6,0.0,0.0,,0,0,0,6,0,0,,0.62331,26.83,3e-05,offset=0
pgbench,volume_only,43,adwin,41,6,0.0,0.0,,0,0,0,6,0,0,,2.32325,100.0,2e-05,
pgbench,volume_only,43,adwin_s,41,6,0.0,0.0,,0,0,0,6,0,0,,2.32325,100.0,2e-05,
pgbench,volume_only,43,mcusum,41,6,1.0,1.0,0.0,0,0,6,6,0,0,1.0,2.32325,100.0,5e-05,
pgbench,volume_only,43,sketch1,41,6,1.0,1.0,0.0,0,0,6,6,0,0,1.0,2.32325,100.0,0.00054,
pgbench,volume_only,44,dci_v2_P1,41,6,1.0,1.0,0.0,0,0,6,6,0,0,1.0,2.32325,100.0,0.00104,
pgbench,volume_only,44,dci_v2_P2,41,6,0.0,0.0,,0,0,0,6,0,0,0.5,1.291,55.57,0.00085,
pgbench,volume_only,44,dci_v2_P4,41,6,0.0,0.0,,0,0,0,6,0,0,0.5,0.80203,34.52,0.00079,
pgbench,volume_only,44,dci_v2_P8,41,6,0.0,0.0,,0,0,0,6,0,0,0.5,0.53038,22.83,0.00078,
pgbench,volume_only,44,dci_v1,41,6,1.0,1.0,0.0,0,0,6,6,0,0,1.0,2.32325,100.0,0.00139,
pgbench,volume_only,44,always_multiD,41,6,1.0,1.0,0.0,0,0,6,6,0,0,1.0,2.32325,100.0,0.00054,
pgbench,volume_only,44,best_axis_oracle,41,6,1.0,1.0,0.0,0,0,6,6,0,0,1.0,0.00013,0.01,0.00213,S_V
pgbench,volume_only,44,union4_raw,41,6,1.0,1.0,0.0,0,0,6,6,0,0,1.0,0.11528,4.96,0.00169,
pgbench,volume_only,44,union4_bonf,41,6,1.0,1.0,0.0,0,0,6,6,0,0,1.0,0.11528,4.96,0.00169,
pgbench,volume_only,44,every_k2,41,6,0.0,0.0,,0,0,0,6,0,0,,1.18996,51.22,5e-05,offset=0
pgbench,volume_only,44,every_k3,41,6,1.0,1.0,0.0,0,0,6,6,0,0,,0.73664,31.71,3e-05,offset=2
pgbench,volume_only,44,every_k4,41,6,0.5,0.5,0.0,0,0,3,6,0,0,,0.56665,24.39,3e-05,offset=3
pgbench,volume_only,44,adwin,41,6,0.0,0.0,,0,0,0,6,0,0,,2.32325,100.0,2e-05,
pgbench,volume_only,44,adwin_s,41,6,0.0,0.0,,0,0,0,6,0,0,,2.32325,100.0,2e-05,
pgbench,volume_only,44,mcusum,41,6,1.0,1.0,0.0,0,0,6,6,0,0,1.0,2.32325,100.0,6e-05,
pgbench,volume_only,44,sketch1,41,6,1.0,1.0,0.0,0,0,6,6,0,0,1.0,2.32325,100.0,0.00054,
pgbench,volume_only,45,dci_v2_P1,41,6,1.0,1.0,0.0,0,0,6,6,0,0,1.0,2.32325,100.0,0.00103,
pgbench,volume_only,45,dci_v2_P2,41,6,0.0,0.0,,0,0,0,6,0,0,0.5,1.291,55.57,0.00084,
pgbench,volume_only,45,dci_v2_P4,41,6,0.0,0.0,,0,0,0,6,0,0,0.5,0.80203,34.52,0.00082,
pgbench,volume_only,45,dci_v2_P8,41,6,0.0,0.0,,0,0,0,6,0,0,0.5,0.53038,22.83,0.00079,
pgbench,volume_only,45,dci_v1,41,6,1.0,1.0,0.0,0,0,6,6,0,0,1.0,2.32325,100.0,0.00137,
pgbench,volume_only,45,always_multiD,41,6,1.0,1.0,0.0,0,0,6,6,0,0,1.0,2.32325,100.0,0.00054,
pgbench,volume_only,45,best_axis_oracle,41,6,1.0,1.0,0.0,0,0,6,6,0,0,1.0,0.00013,0.01,0.00212,S_V
pgbench,volume_only,45,union4_raw,41,6,1.0,1.0,0.0,0,0,6,6,0,0,1.0,0.11528,4.96,0.00169,
pgbench,volume_only,45,union4_bonf,41,6,1.0,1.0,0.0,0,0,6,6,0,0,1.0,0.11528,4.96,0.00171,
pgbench,volume_only,45,every_k2,41,6,1.0,1.0,0.0,0,0,6,6,0,0,,1.13329,48.78,4e-05,offset=1
pgbench,volume_only,45,every_k3,41,6,0.0,0.0,,0,0,0,6,0,0,,0.79331,34.15,3e-05,offset=1
pgbench,volume_only,45,every_k4,41,6,0.5,0.5,0.0,0,0,3,6,0,0,,0.56665,24.39,2e-05,offset=1
pgbench,volume_only,45,adwin,41,6,0.0,0.0,,0,0,0,6,0,0,,2.32325,100.0,2e-05,
pgbench,volume_only,45,adwin_s,41,6,0.0,0.0,,0,0,0,6,0,0,,2.32325,100.0,2e-05,
pgbench,volume_only,45,mcusum,41,6,1.0,1.0,0.0,0,0,6,6,0,0,1.0,2.32325,100.0,6e-05,
pgbench,volume_only,45,sketch1,41,6,1.0,1.0,0.0,0,0,6,6,0,0,1.0,2.32325,100.0,0.00056,
pgbench,volume_only,46,dci_v2_P1,41,6,1.0,1.0,0.0,0,0,6,6,0,0,1.0,2.32325,100.0,0.00102,
pgbench,volume_only,46,dci_v2_P2,41,6,0.0,0.0,,0,0,0,6,0,0,0.5,1.291,55.57,0.00086,
pgbench,volume_only,46,dci_v2_P4,41,6,0.0,0.0,,0,0,0,6,0,0,0.5,0.80203,34.52,0.00079,
pgbench,volume_only,46,dci_v2_P8,41,6,0.0,0.0,,0,0,0,6,0,0,0.5,0.53038,22.83,0.00075,
pgbench,volume_only,46,dci_v1,41,6,1.0,1.0,0.0,0,0,6,6,0,0,1.0,2.32325,100.0,0.00137,
pgbench,volume_only,46,always_multiD,41,6,1.0,1.0,0.0,0,0,6,6,0,0,1.0,2.32325,100.0,0.00054,
pgbench,volume_only,46,best_axis_oracle,41,6,1.0,1.0,0.0,0,0,6,6,0,0,1.0,0.00013,0.01,0.00213,S_V
pgbench,volume_only,46,union4_raw,41,6,1.0,1.0,0.0,0,0,6,6,0,0,1.0,0.11528,4.96,0.0017,
pgbench,volume_only,46,union4_bonf,41,6,1.0,1.0,0.0,0,0,6,6,0,0,1.0,0.11528,4.96,0.0017,
pgbench,volume_only,46,every_k2,41,6,1.0,1.0,0.0,0,0,6,6,0,0,,1.13329,48.78,5e-05,offset=1
pgbench,volume_only,46,every_k3,41,6,0.0,0.0,,0,0,0,6,0,0,,0.79331,34.15,3e-05,offset=1
pgbench,volume_only,46,every_k4,41,6,0.0,0.0,,0,0,0,6,0,0,,0.56665,24.39,2e-05,offset=2
pgbench,volume_only,46,adwin,41,6,0.0,0.0,,0,0,0,6,0,0,,2.32325,100.0,2e-05,
pgbench,volume_only,46,adwin_s,41,6,0.0,0.0,,0,0,0,6,0,0,,2.32325,100.0,2e-05,
pgbench,volume_only,46,mcusum,41,6,1.0,1.0,0.0,0,0,6,6,0,0,1.0,2.32325,100.0,5e-05,
pgbench,volume_only,46,sketch1,41,6,1.0,1.0,0.0,0,0,6,6,0,0,1.0,2.32325,100.0,0.00055,
pgbench,volume_only,47,dci_v2_P1,41,6,1.0,1.0,0.0,0,0,6,6,0,0,1.0,2.32325,100.0,0.00097,
pgbench,volume_only,47,dci_v2_P2,41,6,0.0,0.0,,0,0,0,6,0,0,0.5,1.291,55.57,0.0008,
pgbench,volume_only,47,dci_v2_P4,41,6,0.0,0.0,,0,0,0,6,0,0,0.5,0.80203,34.52,0.00075,
pgbench,volume_only,47,dci_v2_P8,41,6,0.0,0.0,,0,0,0,6,0,0,0.5,0.53038,22.83,0.00072,
pgbench,volume_only,47,dci_v1,41,6,1.0,1.0,0.0,0,0,6,6,0,0,1.0,2.32325,100.0,0.0013,
pgbench,volume_only,47,always_multiD,41,6,1.0,1.0,0.0,0,0,6,6,0,0,1.0,2.32325,100.0,0.0005,
pgbench,volume_only,47,best_axis_oracle,41,6,1.0,1.0,0.0,0,0,6,6,0,0,1.0,0.00013,0.01,0.00204,S_V
pgbench,volume_only,47,union4_raw,41,6,1.0,1.0,0.0,0,0,6,6,0,0,1.0,0.11528,4.96,0.00165,
pgbench,volume_only,47,union4_bonf,41,6,1.0,1.0,0.0,0,0,6,6,0,0,1.0,0.11528,4.96,0.00166,
pgbench,volume_only,47,every_k2,41,6,1.0,1.0,0.0,0,0,6,6,0,0,,1.13329,48.78,4e-05,offset=1
pgbench,volume_only,47,every_k3,41,6,1.0,1.0,0.0,0,0,6,6,0,0,,0.73664,31.71,3e-05,offset=2
pgbench,volume_only,47,every_k4,41,6,0.5,0.5,0.0,0,0,3,6,0,0,,0.56665,24.39,2e-05,offset=1
pgbench,volume_only,47,adwin,41,6,0.0,0.0,,0,0,0,6,0,0,,2.32325,100.0,2e-05,
pgbench,volume_only,47,adwin_s,41,6,0.0,0.0,,0,0,0,6,0,0,,2.32325,100.0,2e-05,
pgbench,volume_only,47,mcusum,41,6,1.0,1.0,0.0,0,0,6,6,0,0,1.0,2.32325,100.0,6e-05,
pgbench,volume_only,47,sketch1,41,6,1.0,1.0,0.0,0,0,6,6,0,0,1.0,2.32325,100.0,0.00053,
pgbench,volume_only,48,dci_v2_P1,41,6,1.0,1.0,0.0,0,0,6,6,0,0,1.0,2.32325,100.0,0.00104,
pgbench,volume_only,48,dci_v2_P2,41,6,0.0,0.0,,0,0,0,6,0,0,0.5,1.291,55.57,0.00086,
pgbench,volume_only,48,dci_v2_P4,41,6,0.0,0.0,,0,0,0,6,0,0,0.5,0.80203,34.52,0.00079,
pgbench,volume_only,48,dci_v2_P8,41,6,0.0,0.0,,0,0,0,6,0,0,0.5,0.53038,22.83,0.00077,
pgbench,volume_only,48,dci_v1,41,6,1.0,1.0,0.0,0,0,6,6,0,0,1.0,2.32325,100.0,0.0014,
pgbench,volume_only,48,always_multiD,41,6,1.0,1.0,0.0,0,0,6,6,0,0,1.0,2.32325,100.0,0.00053,
pgbench,volume_only,48,best_axis_oracle,41,6,1.0,1.0,0.0,0,0,6,6,0,0,1.0,0.00013,0.01,0.00215,S_V
pgbench,volume_only,48,union4_raw,41,6,1.0,1.0,0.0,0,0,6,6,0,0,1.0,0.11528,4.96,0.00175,
pgbench,volume_only,48,union4_bonf,41,6,1.0,1.0,0.0,0,0,6,6,0,0,1.0,0.11528,4.96,0.0017,
pgbench,volume_only,48,every_k2,41,6,0.0,0.0,,0,0,0,6,0,0,,1.18996,51.22,5e-05,offset=0
pgbench,volume_only,48,every_k3,41,6,0.0,0.0,,0,0,0,6,0,0,,0.79331,34.15,3e-05,offset=1
pgbench,volume_only,48,every_k4,41,6,0.5,0.5,0.0,0,0,3,6,0,0,,0.56665,24.39,3e-05,offset=1
pgbench,volume_only,48,adwin,41,6,0.0,0.0,,0,0,0,6,0,0,,2.32325,100.0,2e-05,
pgbench,volume_only,48,adwin_s,41,6,0.0,0.0,,0,0,0,6,0,0,,2.32325,100.0,2e-05,
pgbench,volume_only,48,mcusum,41,6,1.0,1.0,0.0,0,0,6,6,0,0,1.0,2.32325,100.0,5e-05,
pgbench,volume_only,48,sketch1,41,6,1.0,1.0,0.0,0,0,6,6,0,0,1.0,2.32325,100.0,0.00054,
pgbench,volume_only,49,dci_v2_P1,41,6,1.0,1.0,0.0,0,0,6,6,0,0,1.0,2.32325,100.0,0.001,
pgbench,volume_only,49,dci_v2_P2,41,6,0.0,0.0,,0,0,0,6,0,0,0.5,1.291,55.57,0.00081,
pgbench,volume_only,49,dci_v2_P4,41,6,0.0,0.0,,0,0,0,6,0,0,0.5,0.80203,34.52,0.00076,
pgbench,volume_only,49,dci_v2_P8,41,6,0.0,0.0,,0,0,0,6,0,0,0.5,0.53038,22.83,0.00074,
pgbench,volume_only,49,dci_v1,41,6,1.0,1.0,0.0,0,0,6,6,0,0,1.0,2.32325,100.0,0.00136,
pgbench,volume_only,49,always_multiD,41,6,1.0,1.0,0.0,0,0,6,6,0,0,1.0,2.32325,100.0,0.00051,
pgbench,volume_only,49,best_axis_oracle,41,6,1.0,1.0,0.0,0,0,6,6,0,0,1.0,0.00013,0.01,0.00207,S_V
pgbench,volume_only,49,union4_raw,41,6,1.0,1.0,0.0,0,0,6,6,0,0,1.0,0.11528,4.96,0.00169,
pgbench,volume_only,49,union4_bonf,41,6,1.0,1.0,0.0,0,0,6,6,0,0,1.0,0.11528,4.96,0.0017,
pgbench,volume_only,49,every_k2,41,6,1.0,1.0,0.0,0,0,6,6,0,0,,1.13329,48.78,5e-05,offset=1
pgbench,volume_only,49,every_k3,41,6,0.0,0.0,,0,0,0,6,0,0,,0.79331,34.15,3e-05,offset=1
pgbench,volume_only,49,every_k4,41,6,0.0,0.0,,0,0,0,6,0,0,,0.56665,24.39,2e-05,offset=2
pgbench,volume_only,49,adwin,41,6,0.0,0.0,,0,0,0,6,0,0,,2.32325,100.0,2e-05,
pgbench,volume_only,49,adwin_s,41,6,0.0,0.0,,0,0,0,6,0,0,,2.32325,100.0,2e-05,
pgbench,volume_only,49,mcusum,41,6,1.0,1.0,0.0,0,0,6,6,0,0,1.0,2.32325,100.0,5e-05,
pgbench,volume_only,49,sketch1,41,6,1.0,1.0,0.0,0,0,6,6,0,0,1.0,2.32325,100.0,0.00053,
pgbench,mixed,0,dci_v2_P1,41,6,0.5,0.5,0.0,2,3,1,3,0,0,0.75,2.32325,100.0,0.00105,
pgbench,mixed,0,dci_v2_P2,41,6,0.3333,0.3333,0.0,2,3,0,3,0,0,0.6667,1.291,55.57,0.00088,
pgbench,mixed,0,dci_v2_P4,41,6,0.3333,0.3333,0.0,2,3,0,3,0,0,0.6667,0.80203,34.52,0.00081,
pgbench,mixed,0,dci_v2_P8,41,6,0.3333,0.3333,0.0,2,3,0,3,0,0,0.6667,0.53038,22.83,0.00079,
pgbench,mixed,0,dci_v1,41,6,0.5,0.5,0.0,2,3,1,3,0,0,0.8333,2.32325,100.0,0.00143,
pgbench,mixed,0,always_multiD,41,6,0.8333,0.8333,0.0,2,3,3,3,0,0,0.9167,2.32325,100.0,0.00053,
pgbench,mixed,0,best_axis_oracle,41,6,0.5,0.5,0.0,0,3,3,3,0,0,0.75,0.00013,0.01,0.00214,S_V
pgbench,mixed,0,union4_raw,41,6,0.8333,0.8333,0.0,2,3,3,3,0,0,0.9167,0.11528,4.96,0.00174,
pgbench,mixed,0,union4_bonf,41,6,0.8333,0.8333,0.0,2,3,3,3,0,0,0.9167,0.11528,4.96,0.00173,
pgbench,mixed,0,every_k2,41,6,0.8333,0.8333,0.0,2,3,3,3,0,0,,1.13329,48.78,6e-05,offset=1
pgbench,mixed,0,every_k3,41,6,0.0,0.0,,0,3,0,3,0,0,,0.79331,34.15,3e-05,offset=1
pgbench,mixed,0,every_k4,41,6,0.3333,0.3333,0.0,2,3,0,3,0,0,,0.56665,24.39,2e-05,offset=1
pgbench,mixed,0,adwin,41,6,0.0,0.0,,0,3,0,3,0,0,,2.32325,100.0,2e-05,
pgbench,mixed,0,adwin_s,41,6,0.0,0.0,,0,3,0,3,0,0,,2.32325,100.0,2e-05,
pgbench,mixed,0,mcusum,41,6,0.8333,0.8333,0.0,2,3,3,3,0,0,0.9167,2.32325,100.0,5e-05,
pgbench,mixed,0,sketch1,41,6,0.8333,0.8333,0.0,2,3,3,3,0,0,0.9167,2.32325,100.0,0.00053,
pgbench,mixed,1,dci_v2_P1,41,6,0.6667,0.6667,0.0,1,3,3,3,0,0,0.8333,2.32325,100.0,0.00102,
pgbench,mixed,1,dci_v2_P2,41,6,0.1667,0.1667,0.0,1,3,0,3,0,0,0.5833,1.291,55.57,0.00088,
pgbench,mixed,1,dci_v2_P4,41,6,0.1667,0.1667,0.0,1,3,0,3,0,0,0.5833,0.80203,34.52,0.0008,
pgbench,mixed,1,dci_v2_P8,41,6,0.1667,0.1667,0.0,1,3,0,3,0,0,0.5833,0.53038,22.83,0.00079,
pgbench,mixed,1,dci_v1,41,6,0.6667,0.6667,0.0,1,3,3,3,0,0,0.8333,2.32325,100.0,0.00142,
pgbench,mixed,1,always_multiD,41,6,0.6667,0.6667,0.0,1,3,3,3,0,0,0.8333,2.32325,100.0,0.00053,
pgbench,mixed,1,best_axis_oracle,41,6,0.5,0.5,0.0,0,3,3,3,0,0,0.75,0.00013,0.01,0.00213,S_V
pgbench,mixed,1,union4_raw,41,6,0.6667,0.6667,0.0,1,3,3,3,0,0,0.8333,0.11528,4.96,0.00172,
pgbench,mixed,1,union4_bonf,41,6,0.6667,0.6667,0.0,1,3,3,3,0,0,0.8333,0.11528,4.96,0.00172,
pgbench,mixed,1,every_k2,41,6,0.6667,0.6667,0.0,1,3,3,3,0,0,,1.13329,48.78,5e-05,offset=1
pgbench,mixed,1,every_k3,41,6,0.0,0.0,,0,3,0,3,0,0,,0.79331,34.15,3e-05,offset=1
pgbench,mixed,1,every_k4,41,6,0.0,0.0,,0,3,0,3,0,0,,0.56665,24.39,3e-05,offset=2
pgbench,mixed,1,adwin,41,6,0.0,0.0,,0,3,0,3,0,0,,2.32325,100.0,2e-05,
pgbench,mixed,1,adwin_s,41,6,0.0,0.0,,0,3,0,3,0,0,,2.32325,100.0,2e-05,
pgbench,mixed,1,mcusum,41,6,0.6667,0.6667,0.0,1,3,3,3,0,0,0.8333,2.32325,100.0,5e-05,
pgbench,mixed,1,sketch1,41,6,0.6667,0.6667,0.0,1,3,3,3,0,0,0.8333,2.32325,100.0,0.00053,
pgbench,mixed,2,dci_v2_P1,41,6,0.8333,0.8333,0.0,2,3,3,3,0,0,0.9167,2.32325,100.0,0.00106,
pgbench,mixed,2,dci_v2_P2,41,6,0.3333,0.3333,0.0,2,3,0,3,0,0,0.6667,1.291,55.57,0.0009,
pgbench,mixed,2,dci_v2_P4,41,6,0.3333,0.3333,0.0,2,3,0,3,0,0,0.6667,0.80203,34.52,0.00085,
pgbench,mixed,2,dci_v2_P8,41,6,0.3333,0.3333,0.0,2,3,0,3,0,0,0.6667,0.53038,22.83,0.0008,
pgbench,mixed,2,dci_v1,41,6,0.8333,0.8333,0.0,2,3,3,3,0,0,0.9167,2.32325,100.0,0.00142,
pgbench,mixed,2,always_multiD,41,6,0.8333,0.8333,0.0,2,3,3,3,0,0,0.9167,2.32325,100.0,0.00054,
pgbench,mixed,2,best_axis_oracle,41,6,0.5,0.5,0.0,0,3,3,3,0,0,0.75,0.00013,0.01,0.00218,S_V
pgbench,mixed,2,union4_raw,41,6,0.8333,0.8333,0.0,2,3,3,3,0,0,0.9167,0.11528,4.96,0.00173,
pgbench,mixed,2,union4_bonf,41,6,0.8333,0.8333,0.0,2,3,3,3,0,0,0.9167,0.11528,4.96,0.00176,
pgbench,mixed,2,every_k2,41,6,0.8333,0.8333,0.0,2,3,3,3,0,0,,1.13329,48.78,4e-05,offset=1
pgbench,mixed,2,every_k3,41,6,0.8333,0.8333,0.0,2,3,3,3,0,0,,0.73664,31.71,3e-05,offset=2
pgbench,mixed,2,every_k4,41,6,0.5,0.5,0.0,0,3,3,3,0,0,,0.56665,24.39,2e-05,offset=3
pgbench,mixed,2,adwin,41,6,0.0,0.0,,0,3,0,3,0,0,,2.32325,100.0,2e-05,
pgbench,mixed,2,adwin_s,41,6,0.0,0.0,,0,3,0,3,0,0,,2.32325,100.0,2e-05,
pgbench,mixed,2,mcusum,41,6,0.8333,0.8333,0.0,2,3,3,3,0,0,0.9167,2.32325,100.0,5e-05,
pgbench,mixed,2,sketch1,41,6,0.8333,0.8333,0.0,2,3,3,3,0,0,0.9167,2.32325,100.0,0.00051,
pgbench,mixed,3,dci_v2_P1,41,6,0.8333,0.8333,0.0,2,3,3,3,0,0,0.9167,2.32325,100.0,0.00103,
pgbench,mixed,3,dci_v2_P2,41,6,0.3333,0.3333,0.0,2,3,0,3,0,0,0.6667,1.291,55.57,0.00087,
pgbench,mixed,3,dci_v2_P4,41,6,0.3333,0.3333,0.0,2,3,0,3,0,0,0.6667,0.80203,34.52,0.00081,
pgbench,mixed,3,dci_v2_P8,41,6,0.3333,0.3333,0.0,2,3,0,3,0,0,0.6667,0.53038,22.83,0.00079,
pgbench,mixed,3,dci_v1,41,6,0.8333,0.8333,0.0,2,3,3,3,0,0,0.9167,2.32325,100.0,0.00141,
pgbench,mixed,3,always_multiD,41,6,0.8333,0.8333,0.0,2,3,3,3,0,0,0.9167,2.32325,100.0,0.00052,
pgbench,mixed,3,best_axis_oracle,41,6,0.5,0.5,0.0,0,3,3,3,0,0,0.75,0.00013,0.01,0.00214,S_V
pgbench,mixed,3,union4_raw,41,6,0.8333,0.8333,0.0,2,3,3,3,0,0,0.9167,0.11528,4.96,0.00173,
pgbench,mixed,3,union4_bonf,41,6,0.8333,0.8333,0.0,2,3,3,3,0,0,0.9167,0.11528,4.96,0.0017,
pgbench,mixed,3,every_k2,41,6,0.8333,0.8333,0.0,2,3,3,3,0,0,,1.13329,48.78,5e-05,offset=1
pgbench,mixed,3,every_k3,41,6,0.0,0.0,,0,3,0,3,0,0,,0.79331,34.15,3e-05,offset=0
pgbench,mixed,3,every_k4,41,6,0.0,0.0,,0,3,0,3,0,0,,0.62331,26.83,3e-05,offset=0
pgbench,mixed,3,adwin,41,6,0.0,0.0,,0,3,0,3,0,0,,2.32325,100.0,2e-05,
pgbench,mixed,3,adwin_s,41,6,0.0,0.0,,0,3,0,3,0,0,,2.32325,100.0,2e-05,
pgbench,mixed,3,mcusum,41,6,0.8333,0.8333,0.0,2,3,3,3,0,0,0.9167,2.32325,100.0,5e-05,
pgbench,mixed,3,sketch1,41,6,0.8333,0.8333,0.0,2,3,3,3,0,0,0.9167,2.32325,100.0,0.00053,
pgbench,mixed,4,dci_v2_P1,41,6,0.6667,0.6667,0.0,1,3,3,3,0,0,0.8333,2.32325,100.0,0.001,
pgbench,mixed,4,dci_v2_P2,41,6,0.1667,0.1667,0.0,1,3,0,3,0,0,0.5833,1.291,55.57,0.00086,
pgbench,mixed,4,dci_v2_P4,41,6,0.1667,0.1667,0.0,1,3,0,3,0,0,0.5833,0.80203,34.52,0.0008,
pgbench,mixed,4,dci_v2_P8,41,6,0.1667,0.1667,0.0,1,3,0,3,0,0,0.5833,0.53038,22.83,0.00078,
pgbench,mixed,4,dci_v1,41,6,0.6667,0.6667,0.0,1,3,3,3,0,0,0.8333,2.32325,100.0,0.00142,
pgbench,mixed,4,always_multiD,41,6,0.6667,0.6667,0.0,1,3,3,3,0,0,0.8333,2.32325,100.0,0.00049,
pgbench,mixed,4,best_axis_oracle,41,6,0.5,0.5,0.0,0,3,3,3,0,0,0.75,0.00013,0.01,0.00198,S_V
pgbench,mixed,4,union4_raw,41,6,0.6667,0.6667,0.0,1,3,3,3,0,0,0.8333,0.11528,4.96,0.00159,
pgbench,mixed,4,union4_bonf,41,6,0.6667,0.6667,0.0,1,3,3,3,0,0,0.8333,0.11528,4.96,0.00161,
pgbench,mixed,4,every_k2,41,6,0.0,0.0,,0,3,0,3,0,0,,1.18996,51.22,4e-05,offset=0
pgbench,mixed,4,every_k3,41,6,0.0,0.0,,0,3,0,3,0,0,,0.79331,34.15,3e-05,offset=0
pgbench,mixed,4,every_k4,41,6,0.1667,0.1667,0.0,1,3,0,3,0,0,,0.56665,24.39,2e-05,offset=1
pgbench,mixed,4,adwin,41,6,0.0,0.0,,0,3,0,3,0,0,,2.32325,100.0,2e-05,
pgbench,mixed,4,adwin_s,41,6,0.0,0.0,,0,3,0,3,0,0,,2.32325,100.0,2e-05,
pgbench,mixed,4,mcusum,41,6,0.6667,0.6667,0.0,1,3,3,3,0,0,0.8333,2.32325,100.0,6e-05,
pgbench,mixed,4,sketch1,41,6,0.6667,0.6667,0.0,1,3,3,3,0,0,0.8333,2.32325,100.0,0.0005,
pgbench,mixed,5,dci_v2_P1,41,6,0.8333,0.8333,0.0,2,3,3,3,0,0,0.9167,2.32325,100.0,0.00102,
pgbench,mixed,5,dci_v2_P2,41,6,0.3333,0.3333,0.0,2,3,0,3,0,0,0.6667,1.291,55.57,0.00088,
pgbench,mixed,5,dci_v2_P4,41,6,0.3333,0.3333,0.0,2,3,0,3,0,0,0.6667,0.80203,34.52,0.00082,
pgbench,mixed,5,dci_v2_P8,41,6,0.3333,0.3333,0.0,2,3,0,3,0,0,0.6667,0.53038,22.83,0.00079,
pgbench,mixed,5,dci_v1,41,6,0.8333,0.8333,0.0,2,3,3,3,0,0,0.9167,2.32325,100.0,0.00141,
pgbench,mixed,5,always_multiD,41,6,0.8333,0.8333,0.0,2,3,3,3,0,0,0.9167,2.32325,100.0,0.00053,
pgbench,mixed,5,best_axis_oracle,41,6,0.5,0.5,0.0,0,3,3,3,0,0,0.75,0.00013,0.01,0.00216,S_V
pgbench,mixed,5,union4_raw,41,6,0.8333,0.8333,0.0,2,3,3,3,0,0,0.9167,0.11528,4.96,0.00174,
pgbench,mixed,5,union4_bonf,41,6,0.8333,0.8333,0.0,2,3,3,3,0,0,0.9167,0.11528,4.96,0.00173,
pgbench,mixed,5,every_k2,41,6,0.8333,0.8333,0.0,2,3,3,3,0,0,,1.13329,48.78,4e-05,offset=1
pgbench,mixed,5,every_k3,41,6,0.8333,0.8333,0.0,2,3,3,3,0,0,,0.73664,31.71,3e-05,offset=2
pgbench,mixed,5,every_k4,41,6,0.0,0.0,,0,3,0,3,0,0,,0.56665,24.39,3e-05,offset=2
pgbench,mixed,5,adwin,41,6,0.0,0.0,,0,3,0,3,0,0,,2.32325,100.0,2e-05,
pgbench,mixed,5,adwin_s,41,6,0.0,0.0,,0,3,0,3,0,0,,2.32325,100.0,2e-05,
pgbench,mixed,5,mcusum,41,6,0.8333,0.8333,0.0,2,3,3,3,0,0,0.9167,2.32325,100.0,5e-05,
pgbench,mixed,5,sketch1,41,6,0.8333,0.8333,0.0,2,3,3,3,0,0,0.9167,2.32325,100.0,0.00053,
pgbench,mixed,6,dci_v2_P1,41,6,0.8333,0.8333,0.0,2,3,3,3,0,0,0.9167,2.32325,100.0,0.00105,
pgbench,mixed,6,dci_v2_P2,41,6,0.3333,0.3333,0.0,2,3,0,3,0,0,0.6667,1.291,55.57,0.0009,
pgbench,mixed,6,dci_v2_P4,41,6,0.3333,0.3333,0.0,2,3,0,3,0,0,0.6667,0.80203,34.52,0.00082,
pgbench,mixed,6,dci_v2_P8,41,6,0.3333,0.3333,0.0,2,3,0,3,0,0,0.6667,0.53038,22.83,0.00081,
pgbench,mixed,6,dci_v1,41,6,0.8333,0.8333,0.0,2,3,3,3,0,0,0.9167,2.32325,100.0,0.00144,
pgbench,mixed,6,always_multiD,41,6,0.8333,0.8333,0.0,2,3,3,3,0,0,0.9167,2.32325,100.0,0.00054,
pgbench,mixed,6,best_axis_oracle,41,6,0.5,0.5,0.0,0,3,3,3,0,0,0.75,0.00013,0.01,0.00215,S_V
pgbench,mixed,6,union4_raw,41,6,0.8333,0.8333,0.0,2,3,3,3,0,0,0.9167,0.11528,4.96,0.00175,
pgbench,mixed,6,union4_bonf,41,6,0.8333,0.8333,0.0,2,3,3,3,0,0,0.9167,0.11528,4.96,0.00174,
pgbench,mixed,6,every_k2,41,6,0.8333,0.8333,0.0,2,3,3,3,0,0,,1.13329,48.78,5e-05,offset=1
pgbench,mixed,6,every_k3,41,6,0.0,0.0,,0,3,0,3,0,0,,0.79331,34.15,3e-05,offset=0
pgbench,mixed,6,every_k4,41,6,0.0,0.0,,0,3,0,3,0,0,,0.62331,26.83,3e-05,offset=0
pgbench,mixed,6,adwin,41,6,0.0,0.0,,0,3,0,3,0,0,,2.32325,100.0,2e-05,
pgbench,mixed,6,adwin_s,41,6,0.0,0.0,,0,3,0,3,0,0,,2.32325,100.0,2e-05,
pgbench,mixed,6,mcusum,41,6,0.8333,0.8333,0.0,2,3,3,3,0,0,0.9167,2.32325,100.0,6e-05,
pgbench,mixed,6,sketch1,41,6,0.8333,0.8333,0.0,2,3,3,3,0,0,0.9167,2.32325,100.0,0.00055,
pgbench,mixed,7,dci_v2_P1,41,6,1.0,1.0,0.0,3,3,3,3,0,0,1.0,2.32325,100.0,0.00104,
pgbench,mixed,7,dci_v2_P2,41,6,0.5,0.5,0.0,3,3,0,3,0,0,0.75,1.291,55.57,0.00088,
pgbench,mixed,7,dci_v2_P4,41,6,0.5,0.5,0.0,3,3,0,3,0,0,0.75,0.80203,34.52,0.00083,
pgbench,mixed,7,dci_v2_P8,41,6,0.5,0.5,0.0,3,3,0,3,0,0,0.75,0.53038,22.83,0.00076,
pgbench,mixed,7,dci_v1,41,6,1.0,1.0,0.0,3,3,3,3,0,0,1.0,2.32325,100.0,0.00139,
pgbench,mixed,7,always_multiD,41,6,1.0,1.0,0.0,3,3,3,3,0,0,1.0,2.32325,100.0,0.00053,
pgbench,mixed,7,best_axis_oracle,41,6,0.5,0.5,0.0,3,3,0,3,0,0,0.75,0.09575,4.12,0.00215,S_R
pgbench,mixed,7,union4_raw,41,6,1.0,1.0,0.0,3,3,3,3,0,0,1.0,0.11528,4.96,0.00174,
pgbench,mixed,7,union4_bonf,41,6,1.0,1.0,0.0,3,3,3,3,0,0,1.0,0.11528,4.96,0.00174,
pgbench,mixed,7,every_k2,41,6,0.0,0.0,,0,3,0,3,0,0,,1.18996,51.22,4e-05,offset=0
pgbench,mixed,7,every_k3,41,6,1.0,1.0,0.0,3,3,3,3,0,0,,0.73664,31.71,3e-05,offset=2
pgbench,mixed,7,every_k4,41,6,0.0,0.0,,0,3,0,3,0,0,,0.56665,24.39,2e-05,offset=2
pgbench,mixed,7,adwin,41,6,0.0,0.0,,0,3,0,3,0,0,,2.32325,100.0,2e-05,
pgbench,mixed,7,adwin_s,41,6,0.0,0.0,,0,3,0,3,0,0,,2.32325,100.0,2e-05,
pgbench,mixed,7,mcusum,41,6,1.0,1.0,0.0,3,3,3,3,0,0,1.0,2.32325,100.0,6e-05,
pgbench,mixed,7,sketch1,41,6,1.0,1.0,0.0,3,3,3,3,0,0,1.0,2.32325,100.0,0.00055,
pgbench,mixed,8,dci_v2_P1,41,6,0.8333,0.8333,0.0,2,3,3,3,0,0,0.9167,2.32325,100.0,0.00102,
pgbench,mixed,8,dci_v2_P2,41,6,0.3333,0.3333,0.0,2,3,0,3,0,0,0.6667,1.291,55.57,0.00088,
pgbench,mixed,8,dci_v2_P4,41,6,0.3333,0.3333,0.0,2,3,0,3,0,0,0.6667,0.80203,34.52,0.00082,
pgbench,mixed,8,dci_v2_P8,41,6,0.3333,0.3333,0.0,2,3,0,3,0,0,0.6667,0.53038,22.83,0.00079,
pgbench,mixed,8,dci_v1,41,6,0.8333,0.8333,0.0,2,3,3,3,0,0,0.9167,2.32325,100.0,0.0014,
pgbench,mixed,8,always_multiD,41,6,0.8333,0.8333,0.0,2,3,3,3,0,0,0.9167,2.32325,100.0,0.00054,
pgbench,mixed,8,best_axis_oracle,41,6,0.5,0.5,0.0,0,3,3,3,0,0,0.75,0.00013,0.01,0.00214,S_V
pgbench,mixed,8,union4_raw,41,6,0.8333,0.8333,0.0,2,3,3,3,0,0,0.9167,0.11528,4.96,0.00173,
pgbench,mixed,8,union4_bonf,41,6,0.8333,0.8333,0.0,2,3,3,3,0,0,0.9167,0.11528,4.96,0.00173,
pgbench,mixed,8,every_k2,41,6,0.0,0.0,,0,3,0,3,0,0,,1.18996,51.22,4e-05,offset=0
pgbench,mixed,8,every_k3,41,6,0.0,0.0,,0,3,0,3,0,0,,0.79331,34.15,3e-05,offset=1
pgbench,mixed,8,every_k4,41,6,0.0,0.0,,0,3,0,3,0,0,,0.56665,24.39,3e-05,offset=2
pgbench,mixed,8,adwin,41,6,0.0,0.0,,0,3,0,3,0,0,,2.32325,100.0,2e-05,
pgbench,mixed,8,adwin_s,41,6,0.0,0.0,,0,3,0,3,0,0,,2.32325,100.0,2e-05,
pgbench,mixed,8,mcusum,41,6,0.8333,0.8333,0.0,2,3,3,3,0,0,0.9167,2.32325,100.0,6e-05,
pgbench,mixed,8,sketch1,41,6,0.8333,0.8333,0.0,2,3,3,3,0,0,0.9167,2.32325,100.0,0.00053,
pgbench,mixed,9,dci_v2_P1,41,6,0.5,0.5,0.0,1,3,2,3,0,0,0.75,2.32325,100.0,0.001,
pgbench,mixed,9,dci_v2_P2,41,6,0.1667,0.1667,0.0,1,3,0,3,0,0,0.5833,1.291,55.57,0.00086,
pgbench,mixed,9,dci_v2_P4,41,6,0.1667,0.1667,0.0,1,3,0,3,0,0,0.5833,0.80203,34.52,0.00082,
pgbench,mixed,9,dci_v2_P8,41,6,0.1667,0.1667,0.0,1,3,0,3,0,0,0.5833,0.53038,22.83,0.00077,
pgbench,mixed,9,dci_v1,41,6,0.5,0.5,0.0,1,3,2,3,0,0,0.75,2.32325,100.0,0.00139,
pgbench,mixed,9,always_multiD,41,6,0.6667,0.6667,0.0,1,3,3,3,0,0,0.8333,2.32325,100.0,0.00052,
pgbench,mixed,9,best_axis_oracle,41,6,0.5,0.5,0.0,0,3,3,3,0,0,0.75,0.00013,0.01,0.00213,S_V
pgbench,mixed,9,union4_raw,41,6,0.6667,0.6667,0.0,1,3,3,3,0,0,0.8333,0.11528,4.96,0.00178,
pgbench,mixed,9,union4_bonf,41,6,0.6667,0.6667,0.0,1,3,3,3,0,0,0.8333,0.11528,4.96,0.00171,
pgbench,mixed,9,every_k2,41,6,0.0,0.0,,0,3,0,3,0,0,,1.18996,51.22,5e-05,offset=0
pgbench,mixed,9,every_k3,41,6,0.6667,0.6667,0.0,1,3,3,3,0,0,,0.73664,31.71,3e-05,offset=2
pgbench,mixed,9,every_k4,41,6,0.5,0.5,0.0,0,3,3,3,0,0,,0.56665,24.39,2e-05,offset=3
pgbench,mixed,9,adwin,41,6,0.0,0.0,,0,3,0,3,0,0,,2.32325,100.0,2e-05,
pgbench,mixed,9,adwin_s,41,6,0.0,0.0,,0,3,0,3,0,0,,2.32325,100.0,2e-05,
pgbench,mixed,9,mcusum,41,6,0.6667,0.6667,0.0,1,3,3,3,0,0,0.8333,2.32325,100.0,5e-05,
pgbench,mixed,9,sketch1,41,6,0.6667,0.6667,0.0,1,3,3,3,0,0,0.8333,2.32325,100.0,0.00055,
pgbench,mixed,10,dci_v2_P1,41,6,0.8333,0.8333,0.0,2,3,3,3,0,0,0.9167,2.32325,100.0,0.00098,
pgbench,mixed,10,dci_v2_P2,41,6,0.3333,0.3333,0.0,2,3,0,3,0,0,0.6667,1.291,55.57,0.00087,
pgbench,mixed,10,dci_v2_P4,41,6,0.3333,0.3333,0.0,2,3,0,3,0,0,0.6667,0.80203,34.52,0.00081,
pgbench,mixed,10,dci_v2_P8,41,6,0.3333,0.3333,0.0,2,3,0,3,0,0,0.6667,0.53038,22.83,0.00076,
pgbench,mixed,10,dci_v1,41,6,0.8333,0.8333,0.0,2,3,3,3,0,0,0.9167,2.32325,100.0,0.00138,
pgbench,mixed,10,always_multiD,41,6,0.8333,0.8333,0.0,2,3,3,3,0,0,0.9167,2.32325,100.0,0.00053,
pgbench,mixed,10,best_axis_oracle,41,6,0.5,0.5,0.0,0,3,3,3,0,0,0.75,0.00013,0.01,0.00213,S_V
pgbench,mixed,10,union4_raw,41,6,0.8333,0.8333,0.0,2,3,3,3,0,0,0.9167,0.11528,4.96,0.00173,
pgbench,mixed,10,union4_bonf,41,6,0.8333,0.8333,0.0,2,3,3,3,0,0,0.9167,0.11528,4.96,0.00171,
pgbench,mixed,10,every_k2,41,6,0.8333,0.8333,0.0,2,3,3,3,0,0,,1.13329,48.78,5e-05,offset=1
pgbench,mixed,10,every_k3,41,6,0.0,0.0,,0,3,0,3,0,0,,0.79331,34.15,3e-05,offset=0
pgbench,mixed,10,every_k4,41,6,0.3333,0.3333,0.0,2,3,0,3,0,0,,0.56665,24.39,3e-05,offset=1
pgbench,mixed,10,adwin,41,6,0.0,0.0,,0,3,0,3,0,0,,2.32325,100.0,2e-05,
pgbench,mixed,10,adwin_s,41,6,0.0,0.0,,0,3,0,3,0,0,,2.32325,100.0,2e-05,
pgbench,mixed,10,mcusum,41,6,0.8333,0.8333,0.0,2,3,3,3,0,0,0.9167,2.32325,100.0,5e-05,
pgbench,mixed,10,sketch1,41,6,0.8333,0.8333,0.0,2,3,3,3,0,0,0.9167,2.32325,100.0,0.00053,
pgbench,mixed,11,dci_v2_P1,41,6,0.8333,0.8333,0.0,3,3,2,3,0,0,0.9167,2.32325,100.0,0.00102,
pgbench,mixed,11,dci_v2_P2,41,6,0.5,0.5,0.0,3,3,0,3,0,0,0.75,1.291,55.57,0.00088,
pgbench,mixed,11,dci_v2_P4,41,6,0.5,0.5,0.0,3,3,0,3,0,0,0.75,0.80203,34.52,0.00082,
pgbench,mixed,11,dci_v2_P8,41,6,0.5,0.5,0.0,3,3,0,3,0,0,0.75,0.53038,22.83,0.00081,
pgbench,mixed,11,dci_v1,41,6,0.8333,0.8333,0.0,3,3,2,3,0,0,0.9167,2.32325,100.0,0.0014,
pgbench,mixed,11,always_multiD,41,6,1.0,1.0,0.0,3,3,3,3,0,0,1.0,2.32325,100.0,0.00054,
pgbench,mixed,11,best_axis_oracle,41,6,0.5,0.5,0.0,3,3,0,3,0,0,0.75,0.09575,4.12,0.00217,S_R
pgbench,mixed,11,union4_raw,41,6,1.0,1.0,0.0,3,3,3,3,0,0,1.0,0.11528,4.96,0.00176,
pgbench,mixed,11,union4_bonf,41,6,1.0,1.0,0.0,3,3,3,3,0,0,1.0,0.11528,4.96,0.00175,
pgbench,mixed,11,every_k2,41,6,0.0,0.0,,0,3,0,3,0,0,,1.18996,51.22,5e-05,offset=0
pgbench,mixed,11,every_k3,41,6,0.0,0.0,,0,3,0,3,0,0,,0.79331,34.15,3e-05,offset=0
pgbench,mixed,11,every_k4,41,6,0.0,0.0,,0,3,0,3,0,0,,0.56665,24.39,3e-05,offset=2
pgbench,mixed,11,adwin,41,6,0.0,0.0,,0,3,0,3,0,0,,2.32325,100.0,2e-05,
pgbench,mixed,11,adwin_s,41,6,0.0,0.0,,0,3,0,3,0,0,,2.32325,100.0,2e-05,
pgbench,mixed,11,mcusum,41,6,1.0,1.0,0.0,3,3,3,3,0,0,1.0,2.32325,100.0,5e-05,
pgbench,mixed,11,sketch1,41,6,1.0,1.0,0.0,3,3,3,3,0,0,1.0,2.32325,100.0,0.00054,
pgbench,mixed,12,dci_v2_P1,41,6,1.0,1.0,0.0,3,3,3,3,0,0,1.0,2.32325,100.0,0.00104,
pgbench,mixed,12,dci_v2_P2,41,6,0.5,0.5,0.0,3,3,0,3,0,0,0.75,1.291,55.57,0.00089,
pgbench,mixed,12,dci_v2_P4,41,6,0.5,0.5,0.0,3,3,0,3,0,0,0.75,0.80203,34.52,0.00087,
pgbench,mixed,12,dci_v2_P8,41,6,0.5,0.5,0.0,3,3,0,3,0,0,0.75,0.53038,22.83,0.00081,
pgbench,mixed,12,dci_v1,41,6,1.0,1.0,0.0,3,3,3,3,0,0,1.0,2.32325,100.0,0.00155,
pgbench,mixed,12,always_multiD,41,6,1.0,1.0,0.0,3,3,3,3,0,0,1.0,2.32325,100.0,0.00059,
pgbench,mixed,12,best_axis_oracle,41,6,0.5,0.5,0.0,3,3,0,3,0,0,0.75,0.09575,4.12,0.00219,S_R
pgbench,mixed,12,union4_raw,41,6,1.0,1.0,0.0,3,3,3,3,0,0,1.0,0.11528,4.96,0.00177,
pgbench,mixed,12,union4_bonf,41,6,1.0,1.0,0.0,3,3,3,3,0,0,1.0,0.11528,4.96,0.00177,
pgbench,mixed,12,every_k2,41,6,1.0,1.0,0.0,3,3,3,3,0,0,,1.13329,48.78,6e-05,offset=1
pgbench,mixed,12,every_k3,41,6,0.0,0.0,,0,3,0,3,0,0,,0.79331,34.15,3e-05,offset=1
pgbench,mixed,12,every_k4,41,6,0.0,0.0,,0,3,0,3,0,0,,0.62331,26.83,3e-05,offset=0
pgbench,mixed,12,adwin,41,6,0.0,0.0,,0,3,0,3,0,0,,2.32325,100.0,2e-05,
pgbench,mixed,12,adwin_s,41,6,0.0,0.0,,0,3,0,3,0,0,,2.32325,100.0,2e-05,
pgbench,mixed,12,mcusum,41,6,1.0,1.0,0.0,3,3,3,3,0,0,1.0,2.32325,100.0,5e-05,
pgbench,mixed,12,sketch1,41,6,1.0,1.0,0.0,3,3,3,3,0,0,1.0,2.32325,100.0,0.00055,
pgbench,mixed,13,dci_v2_P1,41,6,0.6667,0.6667,0.0,1,3,3,3,0,0,0.8333,2.32325,100.0,0.00103,
pgbench,mixed,13,dci_v2_P2,41,6,0.1667,0.1667,0.0,1,3,0,3,0,0,0.5833,1.291,55.57,0.00088,
pgbench,mixed,13,dci_v2_P4,41,6,0.1667,0.1667,0.0,1,3,0,3,0,0,0.5833,0.80203,34.52,0.00083,
pgbench,mixed,13,dci_v2_P8,41,6,0.1667,0.1667,0.0,1,3,0,3,0,0,0.5833,0.53038,22.83,0.00081,
pgbench,mixed,13,dci_v1,41,6,0.6667,0.6667,0.0,1,3,3,3,0,0,0.8333,2.32325,100.0,0.00143,
pgbench,mixed,13,always_multiD,41,6,0.6667,0.6667,0.0,1,3,3,3,0,0,0.8333,2.32325,100.0,0.00053,
pgbench,mixed,13,best_axis_oracle,41,6,0.5,0.5,0.0,0,3,3,3,0,0,0.75,0.00013,0.01,0.00214,S_V
pgbench,mixed,13,union4_raw,41,6,0.6667,0.6667,0.0,1,3,3,3,0,0,0.8333,0.11528,4.96,0.00172,
pgbench,mixed,13,union4_bonf,41,6,0.6667,0.6667,0.0,1,3,3,3,0,0,0.8333,0.11528,4.96,0.00172,
pgbench,mixed,13,every_k2,41,6,0.0,0.0,,0,3,0,3,0,0,,1.18996,51.22,5e-05,offset=0
pgbench,mixed,13,every_k3,41,6,0.0,0.0,,0,3,0,3,0,0,,0.79331,34.15,3e-05,offset=0
pgbench,mixed,13,every_k4,41,6,0.0,0.0,,0,3,0,3,0,0,,0.56665,24.39,3e-05,offset=2
pgbench,mixed,13,adwin,41,6,0.0,0.0,,0,3,0,3,0,0,,2.32325,100.0,2e-05,
pgbench,mixed,13,adwin_s,41,6,0.0,0.0,,0,3,0,3,0,0,,2.32325,100.0,2e-05,
pgbench,mixed,13,mcusum,41,6,0.6667,0.6667,0.0,1,3,3,3,0,0,0.8333,2.32325,100.0,6e-05,
pgbench,mixed,13,sketch1,41,6,0.6667,0.6667,0.0,1,3,3,3,0,0,0.8333,2.32325,100.0,0.00053,
pgbench,mixed,14,dci_v2_P1,41,6,0.5,0.5,0.0,0,3,3,3,0,0,0.75,2.32325,100.0,0.00102,
pgbench,mixed,14,dci_v2_P2,41,6,0.0,0.0,,0,3,0,3,0,0,0.5,1.291,55.57,0.00086,
pgbench,mixed,14,dci_v2_P4,41,6,0.0,0.0,,0,3,0,3,0,0,0.5,0.80203,34.52,0.00079,
pgbench,mixed,14,dci_v2_P8,41,6,0.0,0.0,,0,3,0,3,0,0,0.5,0.53038,22.83,0.00076,
pgbench,mixed,14,dci_v1,41,6,0.5,0.5,0.0,0,3,3,3,0,0,0.75,2.32325,100.0,0.00137,
pgbench,mixed,14,always_multiD,41,6,0.5,0.5,0.0,0,3,3,3,0,0,0.75,2.32325,100.0,0.00051,
pgbench,mixed,14,best_axis_oracle,41,6,0.5,0.5,0.0,0,3,3,3,0,0,0.75,0.00013,0.01,0.00209,S_V
pgbench,mixed,14,union4_raw,41,6,0.5,0.5,0.0,0,3,3,3,0,0,0.75,0.11528,4.96,0.00169,
pgbench,mixed,14,union4_bonf,41,6,0.5,0.5,0.0,0,3,3,3,0,0,0.75,0.11528,4.96,0.00168,
pgbench,mixed,14,every_k2,41,6,0.5,0.5,0.0,0,3,3,3,0,0,,1.13329,48.78,4e-05,offset=1
pgbench,mixed,14,every_k3,41,6,0.0,0.0,,0,3,0,3,0,0,,0.79331,34.15,3e-05,offset=1
pgbench,mixed,14,every_k4,41,6,0.0,0.0,,0,3,0,3,0,0,,0.62331,26.83,2e-05,offset=0
pgbench,mixed,14,adwin,41,6,0.0,0.0,,0,3,0,3,0,0,,2.32325,100.0,2e-05,
pgbench,mixed,14,adwin_s,41,6,0.0,0.0,,0,3,0,3,0,0,,2.32325,100.0,2e-05,
pgbench,mixed,14,mcusum,41,6,0.5,0.5,0.0,0,3,3,3,0,0,0.75,2.32325,100.0,6e-05,
pgbench,mixed,14,sketch1,41,6,0.5,0.5,0.0,0,3,3,3,0,0,0.75,2.32325,100.0,0.00053,
pgbench,mixed,15,dci_v2_P1,41,6,0.5,0.5,0.0,2,3,1,3,0,0,0.75,2.32325,100.0,0.001,
pgbench,mixed,15,dci_v2_P2,41,6,0.3333,0.3333,0.0,2,3,0,3,0,0,0.6667,1.291,55.57,0.00088,
pgbench,mixed,15,dci_v2_P4,41,6,0.3333,0.3333,0.0,2,3,0,3,0,0,0.6667,0.80203,34.52,0.00083,
pgbench,mixed,15,dci_v2_P8,41,6,0.3333,0.3333,0.0,2,3,0,3,0,0,0.6667,0.53038,22.83,0.00079,
pgbench,mixed,15,dci_v1,41,6,0.5,0.5,0.0,2,3,1,3,0,0,0.75,2.32325,100.0,0.00138,
pgbench,mixed,15,always_multiD,41,6,0.8333,0.8333,0.0,2,3,3,3,0,0,0.9167,2.32325,100.0,0.00054,
pgbench,mixed,15,best_axis_oracle,41,6,0.5,0.5,0.0,0,3,3,3,0,0,0.75,0.00013,0.01,0.00216,S_V
pgbench,mixed,15,union4_raw,41,6,0.8333,0.8333,0.0,2,3,3,3,0,0,0.9167,0.11528,4.96,0.00176,
pgbench,mixed,15,union4_bonf,41,6,0.8333,0.8333,0.0,2,3,3,3,0,0,0.9167,0.11528,4.96,0.00172,
pgbench,mixed,15,every_k2,41,6,0.8333,0.8333,0.0,2,3,3,3,0,0,,1.13329,48.78,5e-05,offset=1
pgbench,mixed,15,every_k3,41,6,0.8333,0.8333,0.0,2,3,3,3,0,0,,0.73664,31.71,3e-05,offset=2
pgbench,mixed,15,every_k4,41,6,0.0,0.0,,0,3,0,3,0,0,,0.56665,24.39,3e-05,offset=2
pgbench,mixed,15,adwin,41,6,0.0,0.0,,0,3,0,3,0,0,,2.32325,100.0,2e-05,
pgbench,mixed,15,adwin_s,41,6,0.0,0.0,,0,3,0,3,0,0,,2.32325,100.0,2e-05,
pgbench,mixed,15,mcusum,41,6,0.8333,0.8333,0.0,2,3,3,3,0,0,0.9167,2.32325,100.0,6e-05,
pgbench,mixed,15,sketch1,41,6,0.8333,0.8333,0.0,2,3,3,3,0,0,0.9167,2.32325,100.0,0.00054,
pgbench,mixed,16,dci_v2_P1,41,6,1.0,1.0,0.0,3,3,3,3,0,0,1.0,2.32325,100.0,0.00102,
pgbench,mixed,16,dci_v2_P2,41,6,0.5,0.5,0.0,3,3,0,3,0,0,0.75,1.291,55.57,0.00089,
pgbench,mixed,16,dci_v2_P4,41,6,0.5,0.5,0.0,3,3,0,3,0,0,0.75,0.80203,34.52,0.00084,
pgbench,mixed,16,dci_v2_P8,41,6,0.5,0.5,0.0,3,3,0,3,0,0,0.75,0.53038,22.83,0.0008,
pgbench,mixed,16,dci_v1,41,6,1.0,1.0,0.0,3,3,3,3,0,0,1.0,2.32325,100.0,0.00142,
pgbench,mixed,16,always_multiD,41,6,1.0,1.0,0.0,3,3,3,3,0,0,1.0,2.32325,100.0,0.00054,
pgbench,mixed,16,best_axis_oracle,41,6,0.5,0.5,0.0,3,3,0,3,0,0,0.75,0.09575,4.12,0.00214,S_R
pgbench,mixed,16,union4_raw,41,6,1.0,1.0,0.0,3,3,3,3,0,0,1.0,0.11528,4.96,0.00175,
pgbench,mixed,16,union4_bonf,41,6,1.0,1.0,0.0,3,3,3,3,0,0,1.0,0.11528,4.96,0.00175,
pgbench,mixed,16,every_k2,41,6,0.0,0.0,,0,3,0,3,0,0,,1.18996,51.22,5e-05,offset=0
pgbench,mixed,16,every_k3,41,6,1.0,1.0,0.0,3,3,3,3,0,0,,0.73664,31.71,3e-05,offset=2
pgbench,mixed,16,every_k4,41,6,0.0,0.0,,0,3,0,3,0,0,,0.56665,24.39,3e-05,offset=2
pgbench,mixed,16,adwin,41,6,0.0,0.0,,0,3,0,3,0,0,,2.32325,100.0,2e-05,
pgbench,mixed,16,adwin_s,41,6,0.0,0.0,,0,3,0,3,0,0,,2.32325,100.0,2e-05,
pgbench,mixed,16,mcusum,41,6,1.0,1.0,0.0,3,3,3,3,0,0,1.0,2.32325,100.0,6e-05,
pgbench,mixed,16,sketch1,41,6,1.0,1.0,0.0,3,3,3,3,0,0,1.0,2.32325,100.0,0.00055,
pgbench,mixed,17,dci_v2_P1,41,6,0.6667,0.6667,0.0,1,3,3,3,0,0,0.8333,2.32325,100.0,0.00101,
pgbench,mixed,17,dci_v2_P2,41,6,0.1667,0.1667,0.0,1,3,0,3,0,0,0.5833,1.291,55.57,0.00087,
pgbench,mixed,17,dci_v2_P4,41,6,0.1667,0.1667,0.0,1,3,0,3,0,0,0.5833,0.80203,34.52,0.00086,
pgbench,mixed,17,dci_v2_P8,41,6,0.1667,0.1667,0.0,1,3,0,3,0,0,0.5833,0.53038,22.83,0.00075,
pgbench,mixed,17,dci_v1,41,6,0.6667,0.6667,0.0,1,3,3,3,0,0,0.8333,2.32325,100.0,0.0013,
pgbench,mixed,17,always_multiD,41,6,0.6667,0.6667,0.0,1,3,3,3,0,0,0.8333,2.32325,100.0,0.00049,
pgbench,mixed,17,best_axis_oracle,41,6,0.5,0.5,0.0,0,3,3,3,0,0,0.75,0.00013,0.01,0.00198,S_V
pgbench,mixed,17,union4_raw,41,6,0.6667,0.6667,0.0,1,3,3,3,0,0,0.8333,0.11528,4.96,0.00163,
pgbench,mixed,17,union4_bonf,41,6,0.6667,0.6667,0.0,1,3,3,3,0,0,0.8333,0.11528,4.96,0.00163,
pgbench,mixed,17,every_k2,41,6,0.6667,0.6667,0.0,1,3,3,3,0,0,,1.13329,48.78,5e-05,offset=1
pgbench,mixed,17,every_k3,41,6,0.0,0.0,,0,3,0,3,0,0,,0.79331,34.15,3e-05,offset=0
pgbench,mixed,17,every_k4,41,6,0.5,0.5,0.0,0,3,3,3,0,0,,0.56665,24.39,3e-05,offset=3
pgbench,mixed,17,adwin,41,6,0.0,0.0,,0,3,0,3,0,0,,2.32325,100.0,2e-05,
pgbench,mixed,17,adwin_s,41,6,0.0,0.0,,0,3,0,3,0,0,,2.32325,100.0,2e-05,
pgbench,mixed,17,mcusum,41,6,0.6667,0.6667,0.0,1,3,3,3,0,0,0.8333,2.32325,100.0,5e-05,
pgbench,mixed,17,sketch1,41,6,0.6667,0.6667,0.0,1,3,3,3,0,0,0.8333,2.32325,100.0,0.00049,
pgbench,mixed,18,dci_v2_P1,41,6,0.8333,0.8333,0.0,2,3,3,3,0,0,0.9167,2.32325,100.0,0.00112,
pgbench,mixed,18,dci_v2_P2,41,6,0.3333,0.3333,0.0,2,3,0,3,0,0,0.6667,1.291,55.57,0.00093,
pgbench,mixed,18,dci_v2_P4,41,6,0.3333,0.3333,0.0,2,3,0,3,0,0,0.6667,0.80203,34.52,0.00084,
pgbench,mixed,18,dci_v2_P8,41,6,0.3333,0.3333,0.0,2,3,0,3,0,0,0.6667,0.53038,22.83,0.00078,
pgbench,mixed,18,dci_v1,41,6,0.8333,0.8333,0.0,2,3,3,3,0,0,0.9167,2.32325,100.0,0.00139,
pgbench,mixed,18,always_multiD,41,6,0.8333,0.8333,0.0,2,3,3,3,0,0,0.9167,2.32325,100.0,0.00053,
pgbench,mixed,18,best_axis_oracle,41,6,0.5,0.5,0.0,0,3,3,3,0,0,0.75,0.00013,0.01,0.00217,S_V
pgbench,mixed,18,union4_raw,41,6,0.8333,0.8333,0.0,2,3,3,3,0,0,0.9167,0.11528,4.96,0.00172,
pgbench,mixed,18,union4_bonf,41,6,0.8333,0.8333,0.0,2,3,3,3,0,0,0.9167,0.11528,4.96,0.00173,
pgbench,mixed,18,every_k2,41,6,0.0,0.0,,0,3,0,3,0,0,,1.18996,51.22,4e-05,offset=0
pgbench,mixed,18,every_k3,41,6,0.0,0.0,,0,3,0,3,0,0,,0.79331,34.15,3e-05,offset=1
pgbench,mixed,18,every_k4,41,6,0.5,0.5,0.0,0,3,3,3,0,0,,0.56665,24.39,2e-05,offset=3
pgbench,mixed,18,adwin,41,6,0.0,0.0,,0,3,0,3,0,0,,2.32325,100.0,2e-05,
pgbench,mixed,18,adwin_s,41,6,0.0,0.0,,0,3,0,3,0,0,,2.32325,100.0,2e-05,
pgbench,mixed,18,mcusum,41,6,0.8333,0.8333,0.0,2,3,3,3,0,0,0.9167,2.32325,100.0,6e-05,
pgbench,mixed,18,sketch1,41,6,0.8333,0.8333,0.0,2,3,3,3,0,0,0.9167,2.32325,100.0,0.00053,
pgbench,mixed,19,dci_v2_P1,41,6,0.6667,0.6667,0.0,2,3,2,3,0,0,0.8333,2.32325,100.0,0.00095,
pgbench,mixed,19,dci_v2_P2,41,6,0.3333,0.3333,0.0,2,3,0,3,0,0,0.6667,1.291,55.57,0.00083,
pgbench,mixed,19,dci_v2_P4,41,6,0.3333,0.3333,0.0,2,3,0,3,0,0,0.6667,0.80203,34.52,0.00077,
pgbench,mixed,19,dci_v2_P8,41,6,0.3333,0.3333,0.0,2,3,0,3,0,0,0.6667,0.53038,22.83,0.00074,
pgbench,mixed,19,dci_v1,41,6,0.6667,0.6667,0.0,2,3,2,3,0,0,0.8333,2.32325,100.0,0.00139,
pgbench,mixed,19,always_multiD,41,6,0.8333,0.8333,0.0,2,3,3,3,0,0,0.9167,2.32325,100.0,0.00051,
pgbench,mixed,19,best_axis_oracle,41,6,0.5,0.5,0.0,0,3,3,3,0,0,0.75,0.00013,0.01,0.00212,S_V
pgbench,mixed,19,union4_raw,41,6,0.8333,0.8333,0.0,2,3,3,3,0,0,0.9167,0.11528,4.96,0.00172,
pgbench,mixed,19,union4_bonf,41,6,0.8333,0.8333,0.0,2,3,3,3,0,0,0.9167,0.11528,4.96,0.00173,
pgbench,mixed,19,every_k2,41,6,0.0,0.0,,0,3,0,3,0,0,,1.18996,51.22,5e-05,offset=0
pgbench,mixed,19,every_k3,41,6,0.8333,0.8333,0.0,2,3,3,3,0,0,,0.73664,31.71,3e-05,offset=2
pgbench,mixed,19,every_k4,41,6,0.0,0.0,,0,3,0,3,0,0,,0.62331,26.83,3e-05,offset=0
pgbench,mixed,19,adwin,41,6,0.0,0.0,,0,3,0,3,0,0,,2.32325,100.0,2e-05,
pgbench,mixed,19,adwin_s,41,6,0.0,0.0,,0,3,0,3,0,0,,2.32325,100.0,2e-05,
pgbench,mixed,19,mcusum,41,6,0.8333,0.8333,0.0,2,3,3,3,0,0,0.9167,2.32325,100.0,6e-05,
pgbench,mixed,19,sketch1,41,6,0.8333,0.8333,0.0,2,3,3,3,0,0,0.9167,2.32325,100.0,0.00054,
pgbench,mixed,20,dci_v2_P1,41,6,0.8333,0.8333,0.0,2,3,3,3,0,0,0.9167,2.32325,100.0,0.00103,
pgbench,mixed,20,dci_v2_P2,41,6,0.3333,0.3333,0.0,2,3,0,3,0,0,0.6667,1.291,55.57,0.00089,
pgbench,mixed,20,dci_v2_P4,41,6,0.3333,0.3333,0.0,2,3,0,3,0,0,0.6667,0.80203,34.52,0.00083,
pgbench,mixed,20,dci_v2_P8,41,6,0.3333,0.3333,0.0,2,3,0,3,0,0,0.6667,0.53038,22.83,0.00079,
pgbench,mixed,20,dci_v1,41,6,0.8333,0.8333,0.0,2,3,3,3,0,0,0.9167,2.32325,100.0,0.00143,
pgbench,mixed,20,always_multiD,41,6,0.8333,0.8333,0.0,2,3,3,3,0,0,0.9167,2.32325,100.0,0.00054,
pgbench,mixed,20,best_axis_oracle,41,6,0.5,0.5,0.0,0,3,3,3,0,0,0.75,0.00013,0.01,0.00215,S_V
pgbench,mixed,20,union4_raw,41,6,0.8333,0.8333,0.0,2,3,3,3,0,0,0.9167,0.11528,4.96,0.00172,
pgbench,mixed,20,union4_bonf,41,6,0.8333,0.8333,0.0,2,3,3,3,0,0,0.9167,0.11528,4.96,0.00174,
pgbench,mixed,20,every_k2,41,6,0.8333,0.8333,0.0,2,3,3,3,0,0,,1.13329,48.78,4e-05,offset=1
pgbench,mixed,20,every_k3,41,6,0.0,0.0,,0,3,0,3,0,0,,0.79331,34.15,3e-05,offset=1
pgbench,mixed,20,every_k4,41,6,0.3333,0.3333,0.0,2,3,0,3,0,0,,0.56665,24.39,3e-05,offset=1
pgbench,mixed,20,adwin,41,6,0.0,0.0,,0,3,0,3,0,0,,2.32325,100.0,2e-05,
pgbench,mixed,20,adwin_s,41,6,0.0,0.0,,0,3,0,3,0,0,,2.32325,100.0,2e-05,
pgbench,mixed,20,mcusum,41,6,0.8333,0.8333,0.0,2,3,3,3,0,0,0.9167,2.32325,100.0,6e-05,
pgbench,mixed,20,sketch1,41,6,0.8333,0.8333,0.0,2,3,3,3,0,0,0.9167,2.32325,100.0,0.00055,
pgbench,mixed,21,dci_v2_P1,41,6,0.8333,0.8333,0.0,2,3,3,3,0,0,0.9167,2.32325,100.0,0.00101,
pgbench,mixed,21,dci_v2_P2,41,6,0.3333,0.3333,0.0,2,3,0,3,0,0,0.6667,1.291,55.57,0.00093,
pgbench,mixed,21,dci_v2_P4,41,6,0.3333,0.3333,0.0,2,3,0,3,0,0,0.6667,0.80203,34.52,0.00081,
pgbench,mixed,21,dci_v2_P8,41,6,0.3333,0.3333,0.0,2,3,0,3,0,0,0.6667,0.53038,22.83,0.00078,
pgbench,mixed,21,dci_v1,41,6,0.8333,0.8333,0.0,2,3,3,3,0,0,0.9167,2.32325,100.0,0.00141,
pgbench,mixed,21,always_multiD,41,6,0.8333,0.8333,0.0,2,3,3,3,0,0,0.9167,2.32325,100.0,0.00053,
pgbench,mixed,21,best_axis_oracle,41,6,0.5,0.5,0.0,0,3,3,3,0,0,0.75,0.00013,0.01,0.00216,S_V
pgbench,mixed,21,union4_raw,41,6,0.8333,0.8333,0.0,2,3,3,3,0,0,0.9167,0.11528,4.96,0.00174,
pgbench,mixed,21,union4_bonf,41,6,0.8333,0.8333,0.0,2,3,3,3,0,0,0.9167,0.11528,4.96,0.00175,
pgbench,mixed,21,every_k2,41,6,0.8333,0.8333,0.0,2,3,3,3,0,0,,1.13329,48.78,4e-05,offset=1
pgbench,mixed,21,every_k3,41,6,0.0,0.0,,0,3,0,3,0,0,,0.79331,34.15,3e-05,offset=0
pgbench,mixed,21,every_k4,41,6,0.3333,0.3333,0.0,2,3,0,3,0,0,,0.56665,24.39,2e-05,offset=1
pgbench,mixed,21,adwin,41,6,0.0,0.0,,0,3,0,3,0,0,,2.32325,100.0,2e-05,
pgbench,mixed,21,adwin_s,41,6,0.0,0.0,,0,3,0,3,0,0,,2.32325,100.0,2e-05,
pgbench,mixed,21,mcusum,41,6,0.8333,0.8333,0.0,2,3,3,3,0,0,0.9167,2.32325,100.0,5e-05,
pgbench,mixed,21,sketch1,41,6,0.8333,0.8333,0.0,2,3,3,3,0,0,0.9167,2.32325,100.0,0.00055,
pgbench,mixed,22,dci_v2_P1,41,6,0.8333,0.8333,0.0,2,3,3,3,0,0,0.9167,2.32325,100.0,0.00102,
pgbench,mixed,22,dci_v2_P2,41,6,0.3333,0.3333,0.0,2,3,0,3,0,0,0.6667,1.291,55.57,0.00088,
pgbench,mixed,22,dci_v2_P4,41,6,0.3333,0.3333,0.0,2,3,0,3,0,0,0.6667,0.80203,34.52,0.00082,
pgbench,mixed,22,dci_v2_P8,41,6,0.3333,0.3333,0.0,2,3,0,3,0,0,0.6667,0.53038,22.83,0.0008,
pgbench,mixed,22,dci_v1,41,6,0.8333,0.8333,0.0,2,3,3,3,0,0,0.9167,2.32325,100.0,0.00141,
pgbench,mixed,22,always_multiD,41,6,0.8333,0.8333,0.0,2,3,3,3,0,0,0.9167,2.32325,100.0,0.00053,
pgbench,mixed,22,best_axis_oracle,41,6,0.5,0.5,0.0,0,3,3,3,0,0,0.75,0.00013,0.01,0.00216,S_V
pgbench,mixed,22,union4_raw,41,6,0.8333,0.8333,0.0,2,3,3,3,0,0,0.9167,0.11528,4.96,0.00175,
pgbench,mixed,22,union4_bonf,41,6,0.8333,0.8333,0.0,2,3,3,3,0,0,0.9167,0.11528,4.96,0.00172,
pgbench,mixed,22,every_k2,41,6,0.8333,0.8333,0.0,2,3,3,3,0,0,,1.13329,48.78,5e-05,offset=1
pgbench,mixed,22,every_k3,41,6,0.0,0.0,,0,3,0,3,0,0,,0.79331,34.15,3e-05,offset=1
pgbench,mixed,22,every_k4,41,6,0.3333,0.3333,0.0,2,3,0,3,0,0,,0.56665,24.39,3e-05,offset=1
pgbench,mixed,22,adwin,41,6,0.0,0.0,,0,3,0,3,0,0,,2.32325,100.0,2e-05,
pgbench,mixed,22,adwin_s,41,6,0.0,0.0,,0,3,0,3,0,0,,2.32325,100.0,2e-05,
pgbench,mixed,22,mcusum,41,6,0.8333,0.8333,0.0,2,3,3,3,0,0,0.9167,2.32325,100.0,6e-05,
pgbench,mixed,22,sketch1,41,6,0.8333,0.8333,0.0,2,3,3,3,0,0,0.9167,2.32325,100.0,0.00054,
pgbench,mixed,23,dci_v2_P1,41,6,0.6667,0.6667,0.0,1,3,3,3,0,0,0.8333,2.32325,100.0,0.00102,
pgbench,mixed,23,dci_v2_P2,41,6,0.1667,0.1667,0.0,1,3,0,3,0,0,0.5833,1.291,55.57,0.00087,
pgbench,mixed,23,dci_v2_P4,41,6,0.1667,0.1667,0.0,1,3,0,3,0,0,0.5833,0.80203,34.52,0.00079,
pgbench,mixed,23,dci_v2_P8,41,6,0.1667,0.1667,0.0,1,3,0,3,0,0,0.5833,0.53038,22.83,0.00084,
pgbench,mixed,23,dci_v1,41,6,0.6667,0.6667,0.0,1,3,3,3,0,0,0.8333,2.32325,100.0,0.00139,
pgbench,mixed,23,always_multiD,41,6,0.6667,0.6667,0.0,1,3,3,3,0,0,0.8333,2.32325,100.0,0.00052,
pgbench,mixed,23,best_axis_oracle,41,6,0.5,0.5,0.0,0,3,3,3,0,0,0.75,0.00013,0.01,0.00213,S_V
pgbench,mixed,23,union4_raw,41,6,0.6667,0.6667,0.0,1,3,3,3,0,0,0.8333,0.11528,4.96,0.00178,
pgbench,mixed,23,union4_bonf,41,6,0.6667,0.6667,0.0,1,3,3,3,0,0,0.8333,0.11528,4.96,0.00173,
pgbench,mixed,23,every_k2,41,6,0.0,0.0,,0,3,0,3,0,0,,1.18996,51.22,5e-05,offset=0
pgbench,mixed,23,every_k3,41,6,0.0,0.0,,0,3,0,3,0,0,,0.79331,34.15,3e-05,offset=0
pgbench,mixed,23,every_k4,41,6,0.5,0.5,0.0,0,3,3,3,0,0,,0.56665,24.39,2e-05,offset=3
pgbench,mixed,23,adwin,41,6,0.0,0.0,,0,3,0,3,0,0,,2.32325,100.0,2e-05,
pgbench,mixed,23,adwin_s,41,6,0.0,0.0,,0,3,0,3,0,0,,2.32325,100.0,2e-05,
pgbench,mixed,23,mcusum,41,6,0.6667,0.6667,0.0,1,3,3,3,0,0,0.8333,2.32325,100.0,5e-05,
pgbench,mixed,23,sketch1,41,6,0.6667,0.6667,0.0,1,3,3,3,0,0,0.8333,2.32325,100.0,0.00053,
pgbench,mixed,24,dci_v2_P1,41,6,0.8333,0.8333,0.0,2,3,3,3,0,0,0.9167,2.32325,100.0,0.00101,
pgbench,mixed,24,dci_v2_P2,41,6,0.3333,0.3333,0.0,2,3,0,3,0,0,0.6667,1.291,55.57,0.00089,
pgbench,mixed,24,dci_v2_P4,41,6,0.3333,0.3333,0.0,2,3,0,3,0,0,0.6667,0.80203,34.52,0.00081,
pgbench,mixed,24,dci_v2_P8,41,6,0.3333,0.3333,0.0,2,3,0,3,0,0,0.6667,0.53038,22.83,0.00078,
pgbench,mixed,24,dci_v1,41,6,0.8333,0.8333,0.0,2,3,3,3,0,0,0.9167,2.32325,100.0,0.00141,
pgbench,mixed,24,always_multiD,41,6,0.8333,0.8333,0.0,2,3,3,3,0,0,0.9167,2.32325,100.0,0.00053,
pgbench,mixed,24,best_axis_oracle,41,6,0.5,0.5,0.0,0,3,3,3,0,0,0.75,0.00013,0.01,0.00216,S_V
pgbench,mixed,24,union4_raw,41,6,0.8333,0.8333,0.0,2,3,3,3,0,0,0.9167,0.11528,4.96,0.00173,
pgbench,mixed,24,union4_bonf,41,6,0.8333,0.8333,0.0,2,3,3,3,0,0,0.9167,0.11528,4.96,0.00175,
pgbench,mixed,24,every_k2,41,6,0.8333,0.8333,0.0,2,3,3,3,0,0,,1.13329,48.78,4e-05,offset=1
pgbench,mixed,24,every_k3,41,6,0.0,0.0,,0,3,0,3,0,0,,0.79331,34.15,3e-05,offset=1
pgbench,mixed,24,every_k4,41,6,0.0,0.0,,0,3,0,3,0,0,,0.56665,24.39,2e-05,offset=2
pgbench,mixed,24,adwin,41,6,0.0,0.0,,0,3,0,3,0,0,,2.32325,100.0,2e-05,
pgbench,mixed,24,adwin_s,41,6,0.0,0.0,,0,3,0,3,0,0,,2.32325,100.0,2e-05,
pgbench,mixed,24,mcusum,41,6,0.8333,0.8333,0.0,2,3,3,3,0,0,0.9167,2.32325,100.0,6e-05,
pgbench,mixed,24,sketch1,41,6,0.8333,0.8333,0.0,2,3,3,3,0,0,0.9167,2.32325,100.0,0.00054,
pgbench,mixed,25,dci_v2_P1,41,6,1.0,1.0,0.0,3,3,3,3,0,0,1.0,2.32325,100.0,0.00102,
pgbench,mixed,25,dci_v2_P2,41,6,0.5,0.5,0.0,3,3,0,3,0,0,0.75,1.291,55.57,0.00089,
pgbench,mixed,25,dci_v2_P4,41,6,0.5,0.5,0.0,3,3,0,3,0,0,0.75,0.80203,34.52,0.00082,
pgbench,mixed,25,dci_v2_P8,41,6,0.5,0.5,0.0,3,3,0,3,0,0,0.75,0.53038,22.83,0.0008,
pgbench,mixed,25,dci_v1,41,6,1.0,1.0,0.0,3,3,3,3,0,0,1.0,2.32325,100.0,0.00142,
pgbench,mixed,25,always_multiD,41,6,1.0,1.0,0.0,3,3,3,3,0,0,1.0,2.32325,100.0,0.00053,
pgbench,mixed,25,best_axis_oracle,41,6,0.5,0.5,0.0,3,3,0,3,0,0,0.75,0.09575,4.12,0.00217,S_R
pgbench,mixed,25,union4_raw,41,6,1.0,1.0,0.0,3,3,3,3,0,0,1.0,0.11528,4.96,0.00177,
pgbench,mixed,25,union4_bonf,41,6,1.0,1.0,0.0,3,3,3,3,0,0,1.0,0.11528,4.96,0.00174,
pgbench,mixed,25,every_k2,41,6,1.0,1.0,0.0,3,3,3,3,0,0,,1.13329,48.78,5e-05,offset=1
pgbench,mixed,25,every_k3,41,6,0.0,0.0,,0,3,0,3,0,0,,0.79331,34.15,3e-05,offset=1
pgbench,mixed,25,every_k4,41,6,0.5,0.5,0.0,0,3,3,3,0,0,,0.56665,24.39,2e-05,offset=3
pgbench,mixed,25,adwin,41,6,0.0,0.0,,0,3,0,3,0,0,,2.32325,100.0,2e-05,
pgbench,mixed,25,adwin_s,41,6,0.0,0.0,,0,3,0,3,0,0,,2.32325,100.0,2e-05,
pgbench,mixed,25,mcusum,41,6,1.0,1.0,0.0,3,3,3,3,0,0,1.0,2.32325,100.0,5e-05,
pgbench,mixed,25,sketch1,41,6,1.0,1.0,0.0,3,3,3,3,0,0,1.0,2.32325,100.0,0.00054,
pgbench,mixed,26,dci_v2_P1,41,6,0.6667,0.6667,0.0,2,3,2,3,0,0,0.8333,2.32325,100.0,0.00099,
pgbench,mixed,26,dci_v2_P2,41,6,0.3333,0.3333,0.0,2,3,0,3,0,0,0.6667,1.291,55.57,0.00086,
pgbench,mixed,26,dci_v2_P4,41,6,0.3333,0.3333,0.0,2,3,0,3,0,0,0.6667,0.80203,34.52,0.00079,
pgbench,mixed,26,dci_v2_P8,41,6,0.3333,0.3333,0.0,2,3,0,3,0,0,0.6667,0.53038,22.83,0.0008,
pgbench,mixed,26,dci_v1,41,6,0.6667,0.6667,0.0,2,3,2,3,0,0,0.8333,2.32325,100.0,0.00139,
pgbench,mixed,26,always_multiD,41,6,0.8333,0.8333,0.0,2,3,3,3,0,0,0.9167,2.32325,100.0,0.00052,
pgbench,mixed,26,best_axis_oracle,41,6,0.5,0.5,0.0,0,3,3,3,0,0,0.75,0.00013,0.01,0.00213,S_V
pgbench,mixed,26,union4_raw,41,6,0.8333,0.8333,0.0,2,3,3,3,0,0,0.9167,0.11528,4.96,0.00172,
pgbench,mixed,26,union4_bonf,41,6,0.8333,0.8333,0.0,2,3,3,3,0,0,0.9167,0.11528,4.96,0.00171,
pgbench,mixed,26,every_k2,41,6,0.0,0.0,,0,3,0,3,0,0,,1.18996,51.22,5e-05,offset=0
pgbench,mixed,26,every_k3,41,6,0.0,0.0,,0,3,0,3,0,0,,0.79331,34.15,3e-05,offset=1
pgbench,mixed,26,every_k4,41,6,0.5,0.5,0.0,0,3,3,3,0,0,,0.56665,24.39,3e-05,offset=3
pgbench,mixed,26,adwin,41,6,0.0,0.0,,0,3,0,3,0,0,,2.32325,100.0,2e-05,
pgbench,mixed,26,adwin_s,41,6,0.0,0.0,,0,3,0,3,0,0,,2.32325,100.0,2e-05,
pgbench,mixed,26,mcusum,41,6,0.8333,0.8333,0.0,2,3,3,3,0,0,0.9167,2.32325,100.0,6e-05,
pgbench,mixed,26,sketch1,41,6,0.8333,0.8333,0.0,2,3,3,3,0,0,0.9167,2.32325,100.0,0.00053,
pgbench,mixed,27,dci_v2_P1,41,6,0.8333,0.8333,0.0,2,3,3,3,0,0,0.9167,2.32325,100.0,0.00103,
pgbench,mixed,27,dci_v2_P2,41,6,0.3333,0.3333,0.0,2,3,0,3,0,0,0.6667,1.291,55.57,0.0009,
pgbench,mixed,27,dci_v2_P4,41,6,0.3333,0.3333,0.0,2,3,0,3,0,0,0.6667,0.80203,34.52,0.00082,
pgbench,mixed,27,dci_v2_P8,41,6,0.3333,0.3333,0.0,2,3,0,3,0,0,0.6667,0.53038,22.83,0.00079,
pgbench,mixed,27,dci_v1,41,6,0.8333,0.8333,0.0,2,3,3,3,0,0,0.9167,2.32325,100.0,0.00142,
pgbench,mixed,27,always_multiD,41,6,0.8333,0.8333,0.0,2,3,3,3,0,0,0.9167,2.32325,100.0,0.00054,
pgbench,mixed,27,best_axis_oracle,41,6,0.5,0.5,0.0,0,3,3,3,0,0,0.75,0.00013,0.01,0.00215,S_V
pgbench,mixed,27,union4_raw,41,6,0.8333,0.8333,0.0,2,3,3,3,0,0,0.9167,0.11528,4.96,0.00173,
pgbench,mixed,27,union4_bonf,41,6,0.8333,0.8333,0.0,2,3,3,3,0,0,0.9167,0.11528,4.96,0.00174,
pgbench,mixed,27,every_k2,41,6,0.0,0.0,,0,3,0,3,0,0,,1.18996,51.22,4e-05,offset=0
pgbench,mixed,27,every_k3,41,6,0.0,0.0,,0,3,0,3,0,0,,0.79331,34.15,3e-05,offset=1
pgbench,mixed,27,every_k4,41,6,0.3333,0.3333,0.0,2,3,0,3,0,0,,0.56665,24.39,3e-05,offset=1
pgbench,mixed,27,adwin,41,6,0.0,0.0,,0,3,0,3,0,0,,2.32325,100.0,2e-05,
pgbench,mixed,27,adwin_s,41,6,0.0,0.0,,0,3,0,3,0,0,,2.32325,100.0,2e-05,
pgbench,mixed,27,mcusum,41,6,0.8333,0.8333,0.0,2,3,3,3,0,0,0.9167,2.32325,100.0,7e-05,
pgbench,mixed,27,sketch1,41,6,0.8333,0.8333,0.0,2,3,3,3,0,0,0.9167,2.32325,100.0,0.00054,
pgbench,mixed,28,dci_v2_P1,41,6,0.6667,0.6667,0.0,1,3,3,3,0,0,0.8333,2.32325,100.0,0.00099,
pgbench,mixed,28,dci_v2_P2,41,6,0.1667,0.1667,0.0,1,3,0,3,0,0,0.5833,1.291,55.57,0.00086,
pgbench,mixed,28,dci_v2_P4,41,6,0.1667,0.1667,0.0,1,3,0,3,0,0,0.5833,0.80203,34.52,0.0008,
pgbench,mixed,28,dci_v2_P8,41,6,0.1667,0.1667,0.0,1,3,0,3,0,0,0.5833,0.53038,22.83,0.00079,
pgbench,mixed,28,dci_v1,41,6,0.6667,0.6667,0.0,1,3,3,3,0,0,0.8333,2.32325,100.0,0.00138,
pgbench,mixed,28,always_multiD,41,6,0.6667,0.6667,0.0,1,3,3,3,0,0,0.8333,2.32325,100.0,0.00052,
pgbench,mixed,28,best_axis_oracle,41,6,0.5,0.5,0.0,0,3,3,3,0,0,0.75,0.00013,0.01,0.00213,S_V
pgbench,mixed,28,union4_raw,41,6,0.6667,0.6667,0.0,1,3,3,3,0,0,0.8333,0.11528,4.96,0.00171,
pgbench,mixed,28,union4_bonf,41,6,0.6667,0.6667,0.0,1,3,3,3,0,0,0.8333,0.11528,4.96,0.00169,
pgbench,mixed,28,every_k2,41,6,0.0,0.0,,0,3,0,3,0,0,,1.18996,51.22,4e-05,offset=0
pgbench,mixed,28,every_k3,41,6,0.0,0.0,,0,3,0,3,0,0,,0.79331,34.15,3e-05,offset=1
pgbench,mixed,28,every_k4,41,6,0.0,0.0,,0,3,0,3,0,0,,0.62331,26.83,3e-05,offset=0
pgbench,mixed,28,adwin,41,6,0.0,0.0,,0,3,0,3,0,0,,2.32325,100.0,2e-05,
pgbench,mixed,28,adwin_s,41,6,0.0,0.0,,0,3,0,3,0,0,,2.32325,100.0,2e-05,
pgbench,mixed,28,mcusum,41,6,0.6667,0.6667,0.0,1,3,3,3,0,0,0.8333,2.32325,100.0,6e-05,
pgbench,mixed,28,sketch1,41,6,0.6667,0.6667,0.0,1,3,3,3,0,0,0.8333,2.32325,100.0,0.00054,
pgbench,mixed,29,dci_v2_P1,41,6,0.5,0.5,0.0,0,3,3,3,0,0,0.75,2.32325,100.0,0.00101,
pgbench,mixed,29,dci_v2_P2,41,6,0.0,0.0,,0,3,0,3,0,0,0.5,1.291,55.57,0.00086,
pgbench,mixed,29,dci_v2_P4,41,6,0.0,0.0,,0,3,0,3,0,0,0.5,0.80203,34.52,0.0008,
pgbench,mixed,29,dci_v2_P8,41,6,0.0,0.0,,0,3,0,3,0,0,0.5,0.53038,22.83,0.00078,
pgbench,mixed,29,dci_v1,41,6,0.5,0.5,0.0,0,3,3,3,0,0,0.75,2.32325,100.0,0.00137,
pgbench,mixed,29,always_multiD,41,6,0.5,0.5,0.0,0,3,3,3,0,0,0.75,2.32325,100.0,0.00052,
pgbench,mixed,29,best_axis_oracle,41,6,0.5,0.5,0.0,0,3,3,3,0,0,0.75,0.00013,0.01,0.0021,S_V
pgbench,mixed,29,union4_raw,41,6,0.5,0.5,0.0,0,3,3,3,0,0,0.75,0.11528,4.96,0.00169,
pgbench,mixed,29,union4_bonf,41,6,0.5,0.5,0.0,0,3,3,3,0,0,0.75,0.11528,4.96,0.0017,
pgbench,mixed,29,every_k2,41,6,0.5,0.5,0.0,0,3,3,3,0,0,,1.13329,48.78,4e-05,offset=1
pgbench,mixed,29,every_k3,41,6,0.0,0.0,,0,3,0,3,0,0,,0.79331,34.15,3e-05,offset=1
pgbench,mixed,29,every_k4,41,6,0.0,0.0,,0,3,0,3,0,0,,0.62331,26.83,2e-05,offset=0
pgbench,mixed,29,adwin,41,6,0.0,0.0,,0,3,0,3,0,0,,2.32325,100.0,2e-05,
pgbench,mixed,29,adwin_s,41,6,0.0,0.0,,0,3,0,3,0,0,,2.32325,100.0,2e-05,
pgbench,mixed,29,mcusum,41,6,0.5,0.5,0.0,0,3,3,3,0,0,0.75,2.32325,100.0,6e-05,
pgbench,mixed,29,sketch1,41,6,0.5,0.5,0.0,0,3,3,3,0,0,0.75,2.32325,100.0,0.00053,
pgbench,mixed,30,dci_v2_P1,41,6,1.0,1.0,0.0,3,3,3,3,0,0,1.0,2.32325,100.0,0.00104,
pgbench,mixed,30,dci_v2_P2,41,6,0.5,0.5,0.0,3,3,0,3,0,0,0.75,1.291,55.57,0.0009,
pgbench,mixed,30,dci_v2_P4,41,6,0.5,0.5,0.0,3,3,0,3,0,0,0.75,0.80203,34.52,0.00082,
pgbench,mixed,30,dci_v2_P8,41,6,0.5,0.5,0.0,3,3,0,3,0,0,0.75,0.53038,22.83,0.00083,
pgbench,mixed,30,dci_v1,41,6,1.0,1.0,0.0,3,3,3,3,0,0,1.0,2.32325,100.0,0.0014,
pgbench,mixed,30,always_multiD,41,6,1.0,1.0,0.0,3,3,3,3,0,0,1.0,2.32325,100.0,0.00053,
pgbench,mixed,30,best_axis_oracle,41,6,0.5,0.5,0.0,3,3,0,3,0,0,0.75,0.09575,4.12,0.00216,S_R
pgbench,mixed,30,union4_raw,41,6,1.0,1.0,0.0,3,3,3,3,0,0,1.0,0.11528,4.96,0.00174,
pgbench,mixed,30,union4_bonf,41,6,1.0,1.0,0.0,3,3,3,3,0,0,1.0,0.11528,4.96,0.00176,
pgbench,mixed,30,every_k2,41,6,1.0,1.0,0.0,3,3,3,3,0,0,,1.13329,48.78,5e-05,offset=1
pgbench,mixed,30,every_k3,41,6,0.0,0.0,,0,3,0,3,0,0,,0.79331,34.15,3e-05,offset=1
pgbench,mixed,30,every_k4,41,6,0.0,0.0,,0,3,0,3,0,0,,0.62331,26.83,2e-05,offset=0
pgbench,mixed,30,adwin,41,6,0.0,0.0,,0,3,0,3,0,0,,2.32325,100.0,2e-05,
pgbench,mixed,30,adwin_s,41,6,0.0,0.0,,0,3,0,3,0,0,,2.32325,100.0,2e-05,
pgbench,mixed,30,mcusum,41,6,1.0,1.0,0.0,3,3,3,3,0,0,1.0,2.32325,100.0,5e-05,
pgbench,mixed,30,sketch1,41,6,1.0,1.0,0.0,3,3,3,3,0,0,1.0,2.32325,100.0,0.00054,
pgbench,mixed,31,dci_v2_P1,41,6,0.5,0.5,0.0,0,3,3,3,0,0,0.75,2.32325,100.0,0.00104,
pgbench,mixed,31,dci_v2_P2,41,6,0.0,0.0,,0,3,0,3,0,0,0.5,1.291,55.57,0.00087,
pgbench,mixed,31,dci_v2_P4,41,6,0.0,0.0,,0,3,0,3,0,0,0.5,0.80203,34.52,0.00079,
pgbench,mixed,31,dci_v2_P8,41,6,0.0,0.0,,0,3,0,3,0,0,0.5,0.53038,22.83,0.00077,
pgbench,mixed,31,dci_v1,41,6,0.5,0.5,0.0,0,3,3,3,0,0,0.75,2.32325,100.0,0.00138,
pgbench,mixed,31,always_multiD,41,6,0.5,0.5,0.0,0,3,3,3,0,0,0.75,2.32325,100.0,0.00052,
pgbench,mixed,31,best_axis_oracle,41,6,0.5,0.5,0.0,0,3,3,3,0,0,0.75,0.00013,0.01,0.00211,S_V
pgbench,mixed,31,union4_raw,41,6,0.5,0.5,0.0,0,3,3,3,0,0,0.75,0.11528,4.96,0.00173,
pgbench,mixed,31,union4_bonf,41,6,0.5,0.5,0.0,0,3,3,3,0,0,0.75,0.11528,4.96,0.00158,
pgbench,mixed,31,every_k2,41,6,0.0,0.0,,0,3,0,3,0,0,,1.18996,51.22,4e-05,offset=0
pgbench,mixed,31,every_k3,41,6,0.0,0.0,,0,3,0,3,0,0,,0.79331,34.15,3e-05,offset=1
pgbench,mixed,31,every_k4,41,6,0.0,0.0,,0,3,0,3,0,0,,0.62331,26.83,2e-05,offset=0
pgbench,mixed,31,adwin,41,6,0.0,0.0,,0,3,0,3,0,0,,2.32325,100.0,2e-05,
pgbench,mixed,31,adwin_s,41,6,0.0,0.0,,0,3,0,3,0,0,,2.32325,100.0,2e-05,
pgbench,mixed,31,mcusum,41,6,0.5,0.5,0.0,0,3,3,3,0,0,0.75,2.32325,100.0,5e-05,
pgbench,mixed,31,sketch1,41,6,0.5,0.5,0.0,0,3,3,3,0,0,0.75,2.32325,100.0,0.00049,
pgbench,mixed,32,dci_v2_P1,41,6,0.8333,0.8333,0.0,2,3,3,3,0,0,0.9167,2.32325,100.0,0.001,
pgbench,mixed,32,dci_v2_P2,41,6,0.3333,0.3333,0.0,2,3,0,3,0,0,0.6667,1.291,55.57,0.00088,
pgbench,mixed,32,dci_v2_P4,41,6,0.3333,0.3333,0.0,2,3,0,3,0,0,0.6667,0.80203,34.52,0.00082,
pgbench,mixed,32,dci_v2_P8,41,6,0.3333,0.3333,0.0,2,3,0,3,0,0,0.6667,0.53038,22.83,0.00078,
pgbench,mixed,32,dci_v1,41,6,0.8333,0.8333,0.0,2,3,3,3,0,0,0.9167,2.32325,100.0,0.0014,
pgbench,mixed,32,always_multiD,41,6,0.8333,0.8333,0.0,2,3,3,3,0,0,0.9167,2.32325,100.0,0.00053,
pgbench,mixed,32,best_axis_oracle,41,6,0.5,0.5,0.0,0,3,3,3,0,0,0.75,0.00013,0.01,0.00216,S_V
pgbench,mixed,32,union4_raw,41,6,0.8333,0.8333,0.0,2,3,3,3,0,0,0.9167,0.11528,4.96,0.00173,
pgbench,mixed,32,union4_bonf,41,6,0.8333,0.8333,0.0,2,3,3,3,0,0,0.9167,0.11528,4.96,0.00174,
pgbench,mixed,32,every_k2,41,6,0.0,0.0,,0,3,0,3,0,0,,1.18996,51.22,4e-05,offset=0
pgbench,mixed,32,every_k3,41,6,0.0,0.0,,0,3,0,3,0,0,,0.79331,34.15,3e-05,offset=0
pgbench,mixed,32,every_k4,41,6,0.0,0.0,,0,3,0,3,0,0,,0.62331,26.83,2e-05,offset=0
pgbench,mixed,32,adwin,41,6,0.0,0.0,,0,3,0,3,0,0,,2.32325,100.0,2e-05,
pgbench,mixed,32,adwin_s,41,6,0.0,0.0,,0,3,0,3,0,0,,2.32325,100.0,2e-05,
pgbench,mixed,32,mcusum,41,6,0.8333,0.8333,0.0,2,3,3,3,0,0,0.9167,2.32325,100.0,5e-05,
pgbench,mixed,32,sketch1,41,6,0.8333,0.8333,0.0,2,3,3,3,0,0,0.9167,2.32325,100.0,0.00054,
pgbench,mixed,33,dci_v2_P1,41,6,0.5,0.5,0.0,0,3,3,3,0,0,0.75,2.32325,100.0,0.00101,
pgbench,mixed,33,dci_v2_P2,41,6,0.0,0.0,,0,3,0,3,0,0,0.5,1.291,55.57,0.00085,
pgbench,mixed,33,dci_v2_P4,41,6,0.0,0.0,,0,3,0,3,0,0,0.5,0.80203,34.52,0.0008,
pgbench,mixed,33,dci_v2_P8,41,6,0.0,0.0,,0,3,0,3,0,0,0.5,0.53038,22.83,0.00077,
pgbench,mixed,33,dci_v1,41,6,0.5,0.5,0.0,0,3,3,3,0,0,0.75,2.32325,100.0,0.00135,
pgbench,mixed,33,always_multiD,41,6,0.5,0.5,0.0,0,3,3,3,0,0,0.75,2.32325,100.0,0.00056,
pgbench,mixed,33,best_axis_oracle,41,6,0.5,0.5,0.0,0,3,3,3,0,0,0.75,0.00013,0.01,0.00196,S_V
pgbench,mixed,33,union4_raw,41,6,0.5,0.5,0.0,0,3,3,3,0,0,0.75,0.11528,4.96,0.00158,
pgbench,mixed,33,union4_bonf,41,6,0.5,0.5,0.0,0,3,3,3,0,0,0.75,0.11528,4.96,0.00162,
pgbench,mixed,33,every_k2,41,6,0.5,0.5,0.0,0,3,3,3,0,0,,1.13329,48.78,5e-05,offset=1
pgbench,mixed,33,every_k3,41,6,0.5,0.5,0.0,0,3,3,3,0,0,,0.73664,31.71,3e-05,offset=2
pgbench,mixed,33,every_k4,41,6,0.0,0.0,,0,3,0,3,0,0,,0.56665,24.39,2e-05,offset=2
pgbench,mixed,33,adwin,41,6,0.0,0.0,,0,3,0,3,0,0,,2.32325,100.0,2e-05,
pgbench,mixed,33,adwin_s,41,6,0.0,0.0,,0,3,0,3,0,0,,2.32325,100.0,2e-05,
pgbench,mixed,33,mcusum,41,6,0.5,0.5,0.0,0,3,3,3,0,0,0.75,2.32325,100.0,5e-05,
pgbench,mixed,33,sketch1,41,6,0.5,0.5,0.0,0,3,3,3,0,0,0.75,2.32325,100.0,0.00049,
pgbench,mixed,34,dci_v2_P1,41,6,0.8333,0.8333,0.0,2,3,3,3,0,0,0.9167,2.32325,100.0,0.00103,
pgbench,mixed,34,dci_v2_P2,41,6,0.3333,0.3333,0.0,2,3,0,3,0,0,0.6667,1.291,55.57,0.0009,
pgbench,mixed,34,dci_v2_P4,41,6,0.3333,0.3333,0.0,2,3,0,3,0,0,0.6667,0.80203,34.52,0.00084,
pgbench,mixed,34,dci_v2_P8,41,6,0.3333,0.3333,0.0,2,3,0,3,0,0,0.6667,0.53038,22.83,0.00079,
pgbench,mixed,34,dci_v1,41,6,0.8333,0.8333,0.0,2,3,3,3,0,0,0.9167,2.32325,100.0,0.00142,
pgbench,mixed,34,always_multiD,41,6,0.8333,0.8333,0.0,2,3,3,3,0,0,0.9167,2.32325,100.0,0.00054,
pgbench,mixed,34,best_axis_oracle,41,6,0.5,0.5,0.0,0,3,3,3,0,0,0.75,0.00013,0.01,0.00216,S_V
pgbench,mixed,34,union4_raw,41,6,0.8333,0.8333,0.0,2,3,3,3,0,0,0.9167,0.11528,4.96,0.00174,
pgbench,mixed,34,union4_bonf,41,6,0.8333,0.8333,0.0,2,3,3,3,0,0,0.9167,0.11528,4.96,0.00174,
pgbench,mixed,34,every_k2,41,6,0.0,0.0,,0,3,0,3,0,0,,1.18996,51.22,4e-05,offset=0
pgbench,mixed,34,every_k3,41,6,0.8333,0.8333,0.0,2,3,3,3,0,0,,0.73664,31.71,3e-05,offset=2
pgbench,mixed,34,every_k4,41,6,0.0,0.0,,0,3,0,3,0,0,,0.62331,26.83,3e-05,offset=0
pgbench,mixed,34,adwin,41,6,0.0,0.0,,0,3,0,3,0,0,,2.32325,100.0,2e-05,
pgbench,mixed,34,adwin_s,41,6,0.0,0.0,,0,3,0,3,0,0,,2.32325,100.0,2e-05,
pgbench,mixed,34,mcusum,41,6,0.8333,0.8333,0.0,2,3,3,3,0,0,0.9167,2.32325,100.0,6e-05,
pgbench,mixed,34,sketch1,41,6,0.8333,0.8333,0.0,2,3,3,3,0,0,0.9167,2.32325,100.0,0.00054,
pgbench,mixed,35,dci_v2_P1,41,6,0.8333,0.8333,0.0,3,3,2,3,0,0,0.9167,2.32325,100.0,0.00104,
pgbench,mixed,35,dci_v2_P2,41,6,0.5,0.5,0.0,3,3,0,3,0,0,0.75,1.291,55.57,0.00092,
pgbench,mixed,35,dci_v2_P4,41,6,0.5,0.5,0.0,3,3,0,3,0,0,0.75,0.80203,34.52,0.00086,
pgbench,mixed,35,dci_v2_P8,41,6,0.5,0.5,0.0,3,3,0,3,0,0,0.75,0.53038,22.83,0.00081,
pgbench,mixed,35,dci_v1,41,6,0.8333,0.8333,0.0,3,3,2,3,0,0,0.9167,2.32325,100.0,0.00144,
pgbench,mixed,35,always_multiD,41,6,1.0,1.0,0.0,3,3,3,3,0,0,1.0,2.32325,100.0,0.00059,
pgbench,mixed,35,best_axis_oracle,41,6,0.5,0.5,0.0,3,3,0,3,0,0,0.75,0.09575,4.12,0.00208,S_R
pgbench,mixed,35,union4_raw,41,6,1.0,1.0,0.0,3,3,3,3,0,0,1.0,0.11528,4.96,0.00165,
pgbench,mixed,35,union4_bonf,41,6,1.0,1.0,0.0,3,3,3,3,0,0,1.0,0.11528,4.96,0.00168,
pgbench,mixed,35,every_k2,41,6,0.0,0.0,,0,3,0,3,0,0,,1.18996,51.22,5e-05,offset=0
pgbench,mixed,35,every_k3,41,6,1.0,1.0,0.0,3,3,3,3,0,0,,0.73664,31.71,3e-05,offset=2
pgbench,mixed,35,every_k4,41,6,0.0,0.0,,0,3,0,3,0,0,,0.56665,24.39,2e-05,offset=2
pgbench,mixed,35,adwin,41,6,0.0,0.0,,0,3,0,3,0,0,,2.32325,100.0,2e-05,
pgbench,mixed,35,adwin_s,41,6,0.0,0.0,,0,3,0,3,0,0,,2.32325,100.0,2e-05,
pgbench,mixed,35,mcusum,41,6,1.0,1.0,0.0,3,3,3,3,0,0,1.0,2.32325,100.0,5e-05,
pgbench,mixed,35,sketch1,41,6,1.0,1.0,0.0,3,3,3,3,0,0,1.0,2.32325,100.0,0.00052,
pgbench,mixed,36,dci_v2_P1,41,6,0.8333,0.8333,0.0,2,3,3,3,0,0,0.9167,2.32325,100.0,0.00102,
pgbench,mixed,36,dci_v2_P2,41,6,0.3333,0.3333,0.0,2,3,0,3,0,0,0.6667,1.291,55.57,0.00089,
pgbench,mixed,36,dci_v2_P4,41,6,0.3333,0.3333,0.0,2,3,0,3,0,0,0.6667,0.80203,34.52,0.00083,
pgbench,mixed,36,dci_v2_P8,41,6,0.3333,0.3333,0.0,2,3,0,3,0,0,0.6667,0.53038,22.83,0.00079,
pgbench,mixed,36,dci_v1,41,6,0.8333,0.8333,0.0,2,3,3,3,0,0,0.9167,2.32325,100.0,0.0014,
pgbench,mixed,36,always_multiD,41,6,0.8333,0.8333,0.0,2,3,3,3,0,0,0.9167,2.32325,100.0,0.00054,
pgbench,mixed,36,best_axis_oracle,41,6,0.5,0.5,0.0,0,3,3,3,0,0,0.75,0.00013,0.01,0.00217,S_V
pgbench,mixed,36,union4_raw,41,6,0.8333,0.8333,0.0,2,3,3,3,0,0,0.9167,0.11528,4.96,0.00174,
pgbench,mixed,36,union4_bonf,41,6,0.8333,0.8333,0.0,2,3,3,3,0,0,0.9167,0.11528,4.96,0.00173,
pgbench,mixed,36,every_k2,41,6,0.0,0.0,,0,3,0,3,0,0,,1.18996,51.22,4e-05,offset=0
pgbench,mixed,36,every_k3,41,6,0.0,0.0,,0,3,0,3,0,0,,0.79331,34.15,3e-05,offset=0
pgbench,mixed,36,every_k4,41,6,0.3333,0.3333,0.0,2,3,0,3,0,0,,0.56665,24.39,3e-05,offset=1
pgbench,mixed,36,adwin,41,6,0.0,0.0,,0,3,0,3,0,0,,2.32325,100.0,2e-05,
pgbench,mixed,36,adwin_s,41,6,0.0,0.0,,0,3,0,3,0,0,,2.32325,100.0,2e-05,
pgbench,mixed,36,mcusum,41,6,0.8333,0.8333,0.0,2,3,3,3,0,0,0.9167,2.32325,100.0,6e-05,
pgbench,mixed,36,sketch1,41,6,0.8333,0.8333,0.0,2,3,3,3,0,0,0.9167,2.32325,100.0,0.00053,
pgbench,mixed,37,dci_v2_P1,41,6,0.6667,0.6667,0.0,1,3,3,3,0,0,0.8333,2.32325,100.0,0.00102,
pgbench,mixed,37,dci_v2_P2,41,6,0.1667,0.1667,0.0,1,3,0,3,0,0,0.5833,1.291,55.57,0.00086,
pgbench,mixed,37,dci_v2_P4,41,6,0.1667,0.1667,0.0,1,3,0,3,0,0,0.5833,0.80203,34.52,0.00079,
pgbench,mixed,37,dci_v2_P8,41,6,0.1667,0.1667,0.0,1,3,0,3,0,0,0.5833,0.53038,22.83,0.00078,
pgbench,mixed,37,dci_v1,41,6,0.6667,0.6667,0.0,1,3,3,3,0,0,0.8333,2.32325,100.0,0.00137,
pgbench,mixed,37,always_multiD,41,6,0.6667,0.6667,0.0,1,3,3,3,0,0,0.8333,2.32325,100.0,0.00052,
pgbench,mixed,37,best_axis_oracle,41,6,0.5,0.5,0.0,0,3,3,3,0,0,0.75,0.00013,0.01,0.00211,S_V
pgbench,mixed,37,union4_raw,41,6,0.6667,0.6667,0.0,1,3,3,3,0,0,0.8333,0.11528,4.96,0.0017,
pgbench,mixed,37,union4_bonf,41,6,0.6667,0.6667,0.0,1,3,3,3,0,0,0.8333,0.11528,4.96,0.0017,
pgbench,mixed,37,every_k2,41,6,0.6667,0.6667,0.0,1,3,3,3,0,0,,1.13329,48.78,4e-05,offset=1
pgbench,mixed,37,every_k3,41,6,0.0,0.0,,0,3,0,3,0,0,,0.79331,34.15,3e-05,offset=1
pgbench,mixed,37,every_k4,41,6,0.5,0.5,0.0,0,3,3,3,0,0,,0.56665,24.39,3e-05,offset=3
pgbench,mixed,37,adwin,41,6,0.0,0.0,,0,3,0,3,0,0,,2.32325,100.0,2e-05,
pgbench,mixed,37,adwin_s,41,6,0.0,0.0,,0,3,0,3,0,0,,2.32325,100.0,2e-05,
pgbench,mixed,37,mcusum,41,6,0.6667,0.6667,0.0,1,3,3,3,0,0,0.8333,2.32325,100.0,6e-05,
pgbench,mixed,37,sketch1,41,6,0.6667,0.6667,0.0,1,3,3,3,0,0,0.8333,2.32325,100.0,0.00053,
pgbench,mixed,38,dci_v2_P1,41,6,1.0,1.0,0.0,3,3,3,3,0,0,1.0,2.32325,100.0,0.00104,
pgbench,mixed,38,dci_v2_P2,41,6,0.5,0.5,0.0,3,3,0,3,0,0,0.75,1.291,55.57,0.0009,
pgbench,mixed,38,dci_v2_P4,41,6,0.5,0.5,0.0,3,3,0,3,0,0,0.75,0.80203,34.52,0.00083,
pgbench,mixed,38,dci_v2_P8,41,6,0.5,0.5,0.0,3,3,0,3,0,0,0.75,0.53038,22.83,0.00081,
pgbench,mixed,38,dci_v1,41,6,1.0,1.0,0.0,3,3,3,3,0,0,1.0,2.32325,100.0,0.00142,
pgbench,mixed,38,always_multiD,41,6,1.0,1.0,0.0,3,3,3,3,0,0,1.0,2.32325,100.0,0.00053,
pgbench,mixed,38,best_axis_oracle,41,6,0.5,0.5,0.0,3,3,0,3,0,0,0.75,0.09575,4.12,0.00219,S_R
pgbench,mixed,38,union4_raw,41,6,1.0,1.0,0.0,3,3,3,3,0,0,1.0,0.11528,4.96,0.00178,
pgbench,mixed,38,union4_bonf,41,6,1.0,1.0,0.0,3,3,3,3,0,0,1.0,0.11528,4.96,0.00177,
pgbench,mixed,38,every_k2,41,6,0.0,0.0,,0,3,0,3,0,0,,1.18996,51.22,5e-05,offset=0
pgbench,mixed,38,every_k3,41,6,1.0,1.0,0.0,3,3,3,3,0,0,,0.73664,31.71,3e-05,offset=2
pgbench,mixed,38,every_k4,41,6,0.0,0.0,,0,3,0,3,0,0,,0.56665,24.39,2e-05,offset=2
pgbench,mixed,38,adwin,41,6,0.0,0.0,,0,3,0,3,0,0,,2.32325,100.0,2e-05,
pgbench,mixed,38,adwin_s,41,6,0.0,0.0,,0,3,0,3,0,0,,2.32325,100.0,2e-05,
pgbench,mixed,38,mcusum,41,6,1.0,1.0,0.0,3,3,3,3,0,0,1.0,2.32325,100.0,5e-05,
pgbench,mixed,38,sketch1,41,6,1.0,1.0,0.0,3,3,3,3,0,0,1.0,2.32325,100.0,0.00055,
pgbench,mixed,39,dci_v2_P1,41,6,1.0,1.0,0.0,3,3,3,3,0,0,1.0,2.32325,100.0,0.00102,
pgbench,mixed,39,dci_v2_P2,41,6,0.5,0.5,0.0,3,3,0,3,0,0,0.75,1.291,55.57,0.0009,
pgbench,mixed,39,dci_v2_P4,41,6,0.5,0.5,0.0,3,3,0,3,0,0,0.75,0.80203,34.52,0.00085,
pgbench,mixed,39,dci_v2_P8,41,6,0.5,0.5,0.0,3,3,0,3,0,0,0.75,0.53038,22.83,0.0008,
pgbench,mixed,39,dci_v1,41,6,1.0,1.0,0.0,3,3,3,3,0,0,1.0,2.32325,100.0,0.00141,
pgbench,mixed,39,always_multiD,41,6,1.0,1.0,0.0,3,3,3,3,0,0,1.0,2.32325,100.0,0.00053,
pgbench,mixed,39,best_axis_oracle,41,6,0.5,0.5,0.0,3,3,0,3,0,0,0.75,0.09575,4.12,0.00215,S_R
pgbench,mixed,39,union4_raw,41,6,1.0,1.0,0.0,3,3,3,3,0,0,1.0,0.11528,4.96,0.00175,
pgbench,mixed,39,union4_bonf,41,6,1.0,1.0,0.0,3,3,3,3,0,0,1.0,0.11528,4.96,0.00173,
pgbench,mixed,39,every_k2,41,6,0.0,0.0,,0,3,0,3,0,0,,1.18996,51.22,5e-05,offset=0
pgbench,mixed,39,every_k3,41,6,1.0,1.0,0.0,3,3,3,3,0,0,,0.73664,31.71,3e-05,offset=2
pgbench,mixed,39,every_k4,41,6,0.5,0.5,0.0,3,3,0,3,0,0,,0.56665,24.39,3e-05,offset=1
pgbench,mixed,39,adwin,41,6,0.0,0.0,,0,3,0,3,0,0,,2.32325,100.0,2e-05,
pgbench,mixed,39,adwin_s,41,6,0.0,0.0,,0,3,0,3,0,0,,2.32325,100.0,2e-05,
pgbench,mixed,39,mcusum,41,6,1.0,1.0,0.0,3,3,3,3,0,0,1.0,2.32325,100.0,5e-05,
pgbench,mixed,39,sketch1,41,6,1.0,1.0,0.0,3,3,3,3,0,0,1.0,2.32325,100.0,0.00053,
pgbench,mixed,40,dci_v2_P1,41,6,0.6667,0.6667,0.0,1,3,3,3,0,0,0.8333,2.32325,100.0,0.00101,
pgbench,mixed,40,dci_v2_P2,41,6,0.1667,0.1667,0.0,1,3,0,3,0,0,0.5833,1.291,55.57,0.00086,
pgbench,mixed,40,dci_v2_P4,41,6,0.1667,0.1667,0.0,1,3,0,3,0,0,0.5833,0.80203,34.52,0.00081,
pgbench,mixed,40,dci_v2_P8,41,6,0.1667,0.1667,0.0,1,3,0,3,0,0,0.5833,0.53038,22.83,0.00077,
pgbench,mixed,40,dci_v1,41,6,0.6667,0.6667,0.0,1,3,3,3,0,0,0.8333,2.32325,100.0,0.0014,
pgbench,mixed,40,always_multiD,41,6,0.6667,0.6667,0.0,1,3,3,3,0,0,0.8333,2.32325,100.0,0.00052,
pgbench,mixed,40,best_axis_oracle,41,6,0.5,0.5,0.0,0,3,3,3,0,0,0.75,0.00013,0.01,0.00213,S_V
pgbench,mixed,40,union4_raw,41,6,0.6667,0.6667,0.0,1,3,3,3,0,0,0.8333,0.11528,4.96,0.00175,
pgbench,mixed,40,union4_bonf,41,6,0.6667,0.6667,0.0,1,3,3,3,0,0,0.8333,0.11528,4.96,0.0017,
pgbench,mixed,40,every_k2,41,6,0.6667,0.6667,0.0,1,3,3,3,0,0,,1.13329,48.78,4e-05,offset=1
pgbench,mixed,40,every_k3,41,6,0.0,0.0,,0,3,0,3,0,0,,0.79331,34.15,3e-05,offset=0
pgbench,mixed,40,every_k4,41,6,0.5,0.5,0.0,0,3,3,3,0,0,,0.56665,24.39,3e-05,offset=3
pgbench,mixed,40,adwin,41,6,0.0,0.0,,0,3,0,3,0,0,,2.32325,100.0,2e-05,
pgbench,mixed,40,adwin_s,41,6,0.0,0.0,,0,3,0,3,0,0,,2.32325,100.0,3e-05,
pgbench,mixed,40,mcusum,41,6,0.6667,0.6667,0.0,1,3,3,3,0,0,0.8333,2.32325,100.0,5e-05,
pgbench,mixed,40,sketch1,41,6,0.6667,0.6667,0.0,1,3,3,3,0,0,0.8333,2.32325,100.0,0.00053,
pgbench,mixed,41,dci_v2_P1,41,6,0.8333,0.8333,0.0,2,3,3,3,0,0,0.9167,2.32325,100.0,0.00103,
pgbench,mixed,41,dci_v2_P2,41,6,0.3333,0.3333,0.0,2,3,0,3,0,0,0.6667,1.291,55.57,0.00089,
pgbench,mixed,41,dci_v2_P4,41,6,0.3333,0.3333,0.0,2,3,0,3,0,0,0.6667,0.80203,34.52,0.00084,
pgbench,mixed,41,dci_v2_P8,41,6,0.3333,0.3333,0.0,2,3,0,3,0,0,0.6667,0.53038,22.83,0.00081,
pgbench,mixed,41,dci_v1,41,6,0.8333,0.8333,0.0,2,3,3,3,0,0,0.9167,2.32325,100.0,0.0014,
pgbench,mixed,41,always_multiD,41,6,0.8333,0.8333,0.0,2,3,3,3,0,0,0.9167,2.32325,100.0,0.00053,
pgbench,mixed,41,best_axis_oracle,41,6,0.5,0.5,0.0,0,3,3,3,0,0,0.75,0.00013,0.01,0.00215,S_V
pgbench,mixed,41,union4_raw,41,6,0.8333,0.8333,0.0,2,3,3,3,0,0,0.9167,0.11528,4.96,0.00175,
pgbench,mixed,41,union4_bonf,41,6,0.8333,0.8333,0.0,2,3,3,3,0,0,0.9167,0.11528,4.96,0.00173,
pgbench,mixed,41,every_k2,41,6,0.0,0.0,,0,3,0,3,0,0,,1.18996,51.22,5e-05,offset=0
pgbench,mixed,41,every_k3,41,6,0.0,0.0,,0,3,0,3,0,0,,0.79331,34.15,3e-05,offset=1
pgbench,mixed,41,every_k4,41,6,0.5,0.5,0.0,0,3,3,3,0,0,,0.56665,24.39,3e-05,offset=3
pgbench,mixed,41,adwin,41,6,0.0,0.0,,0,3,0,3,0,0,,2.32325,100.0,2e-05,
pgbench,mixed,41,adwin_s,41,6,0.0,0.0,,0,3,0,3,0,0,,2.32325,100.0,2e-05,
pgbench,mixed,41,mcusum,41,6,0.8333,0.8333,0.0,2,3,3,3,0,0,0.9167,2.32325,100.0,6e-05,
pgbench,mixed,41,sketch1,41,6,0.8333,0.8333,0.0,2,3,3,3,0,0,0.9167,2.32325,100.0,0.00054,
pgbench,mixed,42,dci_v2_P1,41,6,1.0,1.0,0.0,3,3,3,3,0,0,1.0,2.32325,100.0,0.00104,
pgbench,mixed,42,dci_v2_P2,41,6,0.5,0.5,0.0,3,3,0,3,0,0,0.75,1.291,55.57,0.00089,
pgbench,mixed,42,dci_v2_P4,41,6,0.5,0.5,0.0,3,3,0,3,0,0,0.75,0.80203,34.52,0.00084,
pgbench,mixed,42,dci_v2_P8,41,6,0.5,0.5,0.0,3,3,0,3,0,0,0.75,0.53038,22.83,0.00079,
pgbench,mixed,42,dci_v1,41,6,1.0,1.0,0.0,3,3,3,3,0,0,1.0,2.32325,100.0,0.00143,
pgbench,mixed,42,always_multiD,41,6,1.0,1.0,0.0,3,3,3,3,0,0,1.0,2.32325,100.0,0.00056,
pgbench,mixed,42,best_axis_oracle,41,6,0.5,0.5,0.0,3,3,0,3,0,0,0.75,0.09575,4.12,0.00219,S_R
pgbench,mixed,42,union4_raw,41,6,1.0,1.0,0.0,3,3,3,3,0,0,1.0,0.11528,4.96,0.00182,
pgbench,mixed,42,union4_bonf,41,6,1.0,1.0,0.0,3,3,3,3,0,0,1.0,0.11528,4.96,0.00177,
pgbench,mixed,42,every_k2,41,6,0.0,0.0,,0,3,0,3,0,0,,1.18996,51.22,5e-05,offset=0
pgbench,mixed,42,every_k3,41,6,1.0,1.0,0.0,3,3,3,3,0,0,,0.73664,31.71,3e-05,offset=2
pgbench,mixed,42,every_k4,41,6,0.5,0.5,0.0,3,3,0,3,0,0,,0.56665,24.39,3e-05,offset=1
pgbench,mixed,42,adwin,41,6,0.0,0.0,,0,3,0,3,0,0,,2.32325,100.0,2e-05,
pgbench,mixed,42,adwin_s,41,6,0.0,0.0,,0,3,0,3,0,0,,2.32325,100.0,2e-05,
pgbench,mixed,42,mcusum,41,6,1.0,1.0,0.0,3,3,3,3,0,0,1.0,2.32325,100.0,6e-05,
pgbench,mixed,42,sketch1,41,6,1.0,1.0,0.0,3,3,3,3,0,0,1.0,2.32325,100.0,0.00054,
pgbench,mixed,43,dci_v2_P1,41,6,1.0,1.0,0.0,3,3,3,3,0,0,1.0,2.32325,100.0,0.00105,
pgbench,mixed,43,dci_v2_P2,41,6,0.5,0.5,0.0,3,3,0,3,0,0,0.75,1.291,55.57,0.0009,
pgbench,mixed,43,dci_v2_P4,41,6,0.5,0.5,0.0,3,3,0,3,0,0,0.75,0.80203,34.52,0.00083,
pgbench,mixed,43,dci_v2_P8,41,6,0.5,0.5,0.0,3,3,0,3,0,0,0.75,0.53038,22.83,0.00082,
pgbench,mixed,43,dci_v1,41,6,1.0,1.0,0.0,3,3,3,3,0,0,1.0,2.32325,100.0,0.00146,
pgbench,mixed,43,always_multiD,41,6,1.0,1.0,0.0,3,3,3,3,0,0,1.0,2.32325,100.0,0.00055,
pgbench,mixed,43,best_axis_oracle,41,6,0.5,0.5,0.0,3,3,0,3,0,0,0.75,0.09575,4.12,0.00219,S_R
pgbench,mixed,43,union4_raw,41,6,1.0,1.0,0.0,3,3,3,3,0,0,1.0,0.11528,4.96,0.00176,
pgbench,mixed,43,union4_bonf,41,6,1.0,1.0,0.0,3,3,3,3,0,0,1.0,0.11528,4.96,0.00177,
pgbench,mixed,43,every_k2,41,6,0.0,0.0,,0,3,0,3,0,0,,1.18996,51.22,4e-05,offset=0
pgbench,mixed,43,every_k3,41,6,0.0,0.0,,0,3,0,3,0,0,,0.79331,34.15,3e-05,offset=1
pgbench,mixed,43,every_k4,41,6,0.0,0.0,,0,3,0,3,0,0,,0.62331,26.83,3e-05,offset=0
pgbench,mixed,43,adwin,41,6,0.0,0.0,,0,3,0,3,0,0,,2.32325,100.0,2e-05,
pgbench,mixed,43,adwin_s,41,6,0.0,0.0,,0,3,0,3,0,0,,2.32325,100.0,2e-05,
pgbench,mixed,43,mcusum,41,6,1.0,1.0,0.0,3,3,3,3,0,0,1.0,2.32325,100.0,6e-05,
pgbench,mixed,43,sketch1,41,6,1.0,1.0,0.0,3,3,3,3,0,0,1.0,2.32325,100.0,0.00056,
pgbench,mixed,44,dci_v2_P1,41,6,0.6667,0.6667,0.0,1,3,3,3,0,0,0.8333,2.32325,100.0,0.001,
pgbench,mixed,44,dci_v2_P2,41,6,0.1667,0.1667,0.0,1,3,0,3,0,0,0.5833,1.291,55.57,0.00087,
pgbench,mixed,44,dci_v2_P4,41,6,0.1667,0.1667,0.0,1,3,0,3,0,0,0.5833,0.80203,34.52,0.00082,
pgbench,mixed,44,dci_v2_P8,41,6,0.1667,0.1667,0.0,1,3,0,3,0,0,0.5833,0.53038,22.83,0.00078,
pgbench,mixed,44,dci_v1,41,6,0.6667,0.6667,0.0,1,3,3,3,0,0,0.8333,2.32325,100.0,0.00138,
pgbench,mixed,44,always_multiD,41,6,0.6667,0.6667,0.0,1,3,3,3,0,0,0.8333,2.32325,100.0,0.00053,
pgbench,mixed,44,best_axis_oracle,41,6,0.5,0.5,0.0,0,3,3,3,0,0,0.75,0.00013,0.01,0.00213,S_V
pgbench,mixed,44,union4_raw,41,6,0.6667,0.6667,0.0,1,3,3,3,0,0,0.8333,0.11528,4.96,0.00171,
pgbench,mixed,44,union4_bonf,41,6,0.6667,0.6667,0.0,1,3,3,3,0,0,0.8333,0.11528,4.96,0.00173,
pgbench,mixed,44,every_k2,41,6,0.0,0.0,,0,3,0,3,0,0,,1.18996,51.22,4e-05,offset=0
pgbench,mixed,44,every_k3,41,6,0.6667,0.6667,0.0,1,3,3,3,0,0,,0.73664,31.71,3e-05,offset=2
pgbench,mixed,44,every_k4,41,6,0.5,0.5,0.0,0,3,3,3,0,0,,0.56665,24.39,2e-05,offset=3
pgbench,mixed,44,adwin,41,6,0.0,0.0,,0,3,0,3,0,0,,2.32325,100.0,2e-05,
pgbench,mixed,44,adwin_s,41,6,0.0,0.0,,0,3,0,3,0,0,,2.32325,100.0,2e-05,
pgbench,mixed,44,mcusum,41,6,0.6667,0.6667,0.0,1,3,3,3,0,0,0.8333,2.32325,100.0,6e-05,
pgbench,mixed,44,sketch1,41,6,0.6667,0.6667,0.0,1,3,3,3,0,0,0.8333,2.32325,100.0,0.00054,
pgbench,mixed,45,dci_v2_P1,41,6,1.0,1.0,0.0,3,3,3,3,0,0,1.0,2.32325,100.0,0.00101,
pgbench,mixed,45,dci_v2_P2,41,6,0.5,0.5,0.0,3,3,0,3,0,0,0.75,1.291,55.57,0.00089,
pgbench,mixed,45,dci_v2_P4,41,6,0.5,0.5,0.0,3,3,0,3,0,0,0.75,0.80203,34.52,0.00083,
pgbench,mixed,45,dci_v2_P8,41,6,0.5,0.5,0.0,3,3,0,3,0,0,0.75,0.53038,22.83,0.0008,
pgbench,mixed,45,dci_v1,41,6,1.0,1.0,0.0,3,3,3,3,0,0,1.0,2.32325,100.0,0.00142,
pgbench,mixed,45,always_multiD,41,6,1.0,1.0,0.0,3,3,3,3,0,0,1.0,2.32325,100.0,0.00055,
pgbench,mixed,45,best_axis_oracle,41,6,0.5,0.5,0.0,3,3,0,3,0,0,0.75,0.09575,4.12,0.00221,S_R
pgbench,mixed,45,union4_raw,41,6,1.0,1.0,0.0,3,3,3,3,0,0,1.0,0.11528,4.96,0.00176,
pgbench,mixed,45,union4_bonf,41,6,1.0,1.0,0.0,3,3,3,3,0,0,1.0,0.11528,4.96,0.00177,
pgbench,mixed,45,every_k2,41,6,1.0,1.0,0.0,3,3,3,3,0,0,,1.13329,48.78,4e-05,offset=1
pgbench,mixed,45,every_k3,41,6,0.0,0.0,,0,3,0,3,0,0,,0.79331,34.15,3e-05,offset=1
pgbench,mixed,45,every_k4,41,6,0.5,0.5,0.0,3,3,0,3,0,0,,0.56665,24.39,3e-05,offset=1
pgbench,mixed,45,adwin,41,6,0.0,0.0,,0,3,0,3,0,0,,2.32325,100.0,2e-05,
pgbench,mixed,45,adwin_s,41,6,0.0,0.0,,0,3,0,3,0,0,,2.32325,100.0,2e-05,
pgbench,mixed,45,mcusum,41,6,1.0,1.0,0.0,3,3,3,3,0,0,1.0,2.32325,100.0,6e-05,
pgbench,mixed,45,sketch1,41,6,1.0,1.0,0.0,3,3,3,3,0,0,1.0,2.32325,100.0,0.00056,
pgbench,mixed,46,dci_v2_P1,41,6,0.6667,0.6667,0.0,1,3,3,3,0,0,0.8333,2.32325,100.0,0.00099,
pgbench,mixed,46,dci_v2_P2,41,6,0.1667,0.1667,0.0,1,3,0,3,0,0,0.5833,1.291,55.57,0.00086,
pgbench,mixed,46,dci_v2_P4,41,6,0.1667,0.1667,0.0,1,3,0,3,0,0,0.5833,0.80203,34.52,0.0008,
pgbench,mixed,46,dci_v2_P8,41,6,0.1667,0.1667,0.0,1,3,0,3,0,0,0.5833,0.53038,22.83,0.00077,
pgbench,mixed,46,dci_v1,41,6,0.6667,0.6667,0.0,1,3,3,3,0,0,0.8333,2.32325,100.0,0.00136,
pgbench,mixed,46,always_multiD,41,6,0.6667,0.6667,0.0,1,3,3,3,0,0,0.8333,2.32325,100.0,0.00052,
pgbench,mixed,46,best_axis_oracle,41,6,0.5,0.5,0.0,0,3,3,3,0,0,0.75,0.00013,0.01,0.00209,S_V
pgbench,mixed,46,union4_raw,41,6,0.6667,0.6667,0.0,1,3,3,3,0,0,0.8333,0.11528,4.96,0.00175,
pgbench,mixed,46,union4_bonf,41,6,0.6667,0.6667,0.0,1,3,3,3,0,0,0.8333,0.11528,4.96,0.00168,
pgbench,mixed,46,every_k2,41,6,0.6667,0.6667,0.0,1,3,3,3,0,0,,1.13329,48.78,4e-05,offset=1
pgbench,mixed,46,every_k3,41,6,0.0,0.0,,0,3,0,3,0,0,,0.79331,34.15,3e-05,offset=1
pgbench,mixed,46,every_k4,41,6,0.0,0.0,,0,3,0,3,0,0,,0.56665,24.39,2e-05,offset=2
pgbench,mixed,46,adwin,41,6,0.0,0.0,,0,3,0,3,0,0,,2.32325,100.0,2e-05,
pgbench,mixed,46,adwin_s,41,6,0.0,0.0,,0,3,0,3,0,0,,2.32325,100.0,2e-05,
pgbench,mixed,46,mcusum,41,6,0.6667,0.6667,0.0,1,3,3,3,0,0,0.8333,2.32325,100.0,5e-05,
pgbench,mixed,46,sketch1,41,6,0.6667,0.6667,0.0,1,3,3,3,0,0,0.8333,2.32325,100.0,0.00052,
pgbench,mixed,47,dci_v2_P1,41,6,0.5,0.5,0.0,2,3,1,3,0,0,0.75,2.32325,100.0,0.00101,
pgbench,mixed,47,dci_v2_P2,41,6,0.3333,0.3333,0.0,2,3,0,3,0,0,0.6667,1.291,55.57,0.00087,
pgbench,mixed,47,dci_v2_P4,41,6,0.3333,0.3333,0.0,2,3,0,3,0,0,0.6667,0.80203,34.52,0.00082,
pgbench,mixed,47,dci_v2_P8,41,6,0.3333,0.3333,0.0,2,3,0,3,0,0,0.6667,0.53038,22.83,0.0008,
pgbench,mixed,47,dci_v1,41,6,0.5,0.5,0.0,2,3,1,3,0,0,0.75,2.32325,100.0,0.00141,
pgbench,mixed,47,always_multiD,41,6,0.8333,0.8333,0.0,2,3,3,3,0,0,0.9167,2.32325,100.0,0.00052,
pgbench,mixed,47,best_axis_oracle,41,6,0.5,0.5,0.0,0,3,3,3,0,0,0.75,0.00013,0.01,0.00212,S_V
pgbench,mixed,47,union4_raw,41,6,0.8333,0.8333,0.0,2,3,3,3,0,0,0.9167,0.11528,4.96,0.00166,
pgbench,mixed,47,union4_bonf,41,6,0.8333,0.8333,0.0,2,3,3,3,0,0,0.9167,0.11528,4.96,0.00169,
pgbench,mixed,47,every_k2,41,6,0.8333,0.8333,0.0,2,3,3,3,0,0,,1.13329,48.78,4e-05,offset=1
pgbench,mixed,47,every_k3,41,6,0.8333,0.8333,0.0,2,3,3,3,0,0,,0.73664,31.71,3e-05,offset=2
pgbench,mixed,47,every_k4,41,6,0.3333,0.3333,0.0,2,3,0,3,0,0,,0.56665,24.39,2e-05,offset=1
pgbench,mixed,47,adwin,41,6,0.0,0.0,,0,3,0,3,0,0,,2.32325,100.0,2e-05,
pgbench,mixed,47,adwin_s,41,6,0.0,0.0,,0,3,0,3,0,0,,2.32325,100.0,2e-05,
pgbench,mixed,47,mcusum,41,6,0.8333,0.8333,0.0,2,3,3,3,0,0,0.9167,2.32325,100.0,6e-05,
pgbench,mixed,47,sketch1,41,6,0.8333,0.8333,0.0,2,3,3,3,0,0,0.9167,2.32325,100.0,0.00052,
pgbench,mixed,48,dci_v2_P1,41,6,0.8333,0.8333,0.0,3,3,2,3,0,0,0.9167,2.32325,100.0,0.00103,
pgbench,mixed,48,dci_v2_P2,41,6,0.5,0.5,0.0,3,3,0,3,0,0,0.75,1.291,55.57,0.00089,
pgbench,mixed,48,dci_v2_P4,41,6,0.5,0.5,0.0,3,3,0,3,0,0,0.75,0.80203,34.52,0.00082,
pgbench,mixed,48,dci_v2_P8,41,6,0.5,0.5,0.0,3,3,0,3,0,0,0.75,0.53038,22.83,0.00081,
pgbench,mixed,48,dci_v1,41,6,0.8333,0.8333,0.0,3,3,2,3,0,0,0.9167,2.32325,100.0,0.00143,
pgbench,mixed,48,always_multiD,41,6,1.0,1.0,0.0,3,3,3,3,0,0,1.0,2.32325,100.0,0.00055,
pgbench,mixed,48,best_axis_oracle,41,6,0.5,0.5,0.0,3,3,0,3,0,0,0.75,0.09575,4.12,0.0022,S_R
pgbench,mixed,48,union4_raw,41,6,1.0,1.0,0.0,3,3,3,3,0,0,1.0,0.11528,4.96,0.00177,
pgbench,mixed,48,union4_bonf,41,6,1.0,1.0,0.0,3,3,3,3,0,0,1.0,0.11528,4.96,0.00179,
pgbench,mixed,48,every_k2,41,6,0.0,0.0,,0,3,0,3,0,0,,1.18996,51.22,4e-05,offset=0
pgbench,mixed,48,every_k3,41,6,0.0,0.0,,0,3,0,3,0,0,,0.79331,34.15,3e-05,offset=1
pgbench,mixed,48,every_k4,41,6,0.5,0.5,0.0,3,3,0,3,0,0,,0.56665,24.39,2e-05,offset=1
pgbench,mixed,48,adwin,41,6,0.0,0.0,,0,3,0,3,0,0,,2.32325,100.0,2e-05,
pgbench,mixed,48,adwin_s,41,6,0.0,0.0,,0,3,0,3,0,0,,2.32325,100.0,2e-05,
pgbench,mixed,48,mcusum,41,6,1.0,1.0,0.0,3,3,3,3,0,0,1.0,2.32325,100.0,6e-05,
pgbench,mixed,48,sketch1,41,6,1.0,1.0,0.0,3,3,3,3,0,0,1.0,2.32325,100.0,0.00055,
pgbench,mixed,49,dci_v2_P1,41,6,0.8333,0.8333,0.0,2,3,3,3,0,0,0.9167,2.32325,100.0,0.00103,
pgbench,mixed,49,dci_v2_P2,41,6,0.3333,0.3333,0.0,2,3,0,3,0,0,0.6667,1.291,55.57,0.00089,
pgbench,mixed,49,dci_v2_P4,41,6,0.3333,0.3333,0.0,2,3,0,3,0,0,0.6667,0.80203,34.52,0.00082,
pgbench,mixed,49,dci_v2_P8,41,6,0.3333,0.3333,0.0,2,3,0,3,0,0,0.6667,0.53038,22.83,0.0008,
pgbench,mixed,49,dci_v1,41,6,0.8333,0.8333,0.0,2,3,3,3,0,0,0.9167,2.32325,100.0,0.00141,
pgbench,mixed,49,always_multiD,41,6,0.8333,0.8333,0.0,2,3,3,3,0,0,0.9167,2.32325,100.0,0.00054,
pgbench,mixed,49,best_axis_oracle,41,6,0.5,0.5,0.0,0,3,3,3,0,0,0.75,0.00013,0.01,0.00217,S_V
pgbench,mixed,49,union4_raw,41,6,0.8333,0.8333,0.0,2,3,3,3,0,0,0.9167,0.11528,4.96,0.00162,
pgbench,mixed,49,union4_bonf,41,6,0.8333,0.8333,0.0,2,3,3,3,0,0,0.9167,0.11528,4.96,0.00161,
pgbench,mixed,49,every_k2,41,6,0.8333,0.8333,0.0,2,3,3,3,0,0,,1.13329,48.78,4e-05,offset=1
pgbench,mixed,49,every_k3,41,6,0.0,0.0,,0,3,0,3,0,0,,0.79331,34.15,3e-05,offset=1
pgbench,mixed,49,every_k4,41,6,0.0,0.0,,0,3,0,3,0,0,,0.56665,24.39,2e-05,offset=2
pgbench,mixed,49,adwin,41,6,0.0,0.0,,0,3,0,3,0,0,,2.32325,100.0,2e-05,
pgbench,mixed,49,adwin_s,41,6,0.0,0.0,,0,3,0,3,0,0,,2.32325,100.0,2e-05,
pgbench,mixed,49,mcusum,41,6,0.8333,0.8333,0.0,2,3,3,3,0,0,0.9167,2.32325,100.0,6e-05,
pgbench,mixed,49,sketch1,41,6,0.8333,0.8333,0.0,2,3,3,3,0,0,0.9167,2.32325,100.0,0.0005,
