geom,delta,seed,policy,recall,fa,auc,esc_pct,feat_pct,note
axis_sv,2.5,0,always_multiD,0.3333,1,0.8476,100.0,100.0,
axis_sv,2.5,0,union4_bonf,0.6667,3,0.8905,0.0,4.96,
axis_sv,2.5,0,best_axis_oracle,0.8333,0,0.9048,0.0,0.01,S_V
axis_sv,2.5,0,sketch1,0.3333,1,0.8095,0.0,100.0,
axis_sv,2.5,0,dci_v3,0.6667,3,0.8905,0.0,4.96,
axis_sv,2.5,0,dci_v3_a8,0.5,3,0.8381,12.2,16.55,
axis_sv,2.5,1,always_multiD,0.1667,1,0.8238,100.0,100.0,
axis_sv,2.5,1,union4_bonf,0.6667,2,0.8905,0.0,4.96,
axis_sv,2.5,1,best_axis_oracle,0.8333,1,0.981,0.0,0.01,S_V
axis_sv,2.5,1,sketch1,0.3333,1,0.8429,0.0,100.0,
axis_sv,2.5,1,dci_v3,0.6667,2,0.8905,0.0,4.96,
axis_sv,2.5,1,dci_v3_a8,0.5,1,0.8762,12.2,16.55,
axis_sv,2.5,2,always_multiD,0.8333,1,0.9571,100.0,100.0,
axis_sv,2.5,2,union4_bonf,0.6667,2,0.9571,0.0,4.96,
axis_sv,2.5,2,best_axis_oracle,0.8333,2,0.9714,0.0,0.01,S_V
axis_sv,2.5,2,sketch1,0.6667,3,0.8,0.0,100.0,
axis_sv,2.5,2,dci_v3,0.6667,2,0.9571,0.0,4.96,
axis_sv,2.5,2,dci_v3_a8,1.0,2,0.9571,12.2,16.55,
axis_sv,2.5,3,always_multiD,0.1667,1,0.7048,100.0,100.0,
axis_sv,2.5,3,union4_bonf,0.5,2,0.7286,0.0,4.96,
axis_sv,2.5,3,best_axis_oracle,0.6667,3,0.8667,0.0,0.01,S_V
axis_sv,2.5,3,sketch1,0.0,2,0.519,0.0,100.0,
axis_sv,2.5,3,dci_v3,0.5,2,0.7286,0.0,4.96,
axis_sv,2.5,3,dci_v3_a8,0.3333,2,0.6857,12.2,16.55,
axis_sv,2.5,4,always_multiD,0.0,1,0.7476,100.0,100.0,
axis_sv,2.5,4,union4_bonf,0.3333,1,0.7476,0.0,4.96,
axis_sv,2.5,4,best_axis_oracle,0.5,5,0.8,0.0,0.01,S_V
axis_sv,2.5,4,sketch1,0.0,3,0.5905,0.0,100.0,
axis_sv,2.5,4,dci_v3,0.3333,1,0.7476,0.0,4.96,
axis_sv,2.5,4,dci_v3_a8,0.3333,1,0.7667,14.6,18.87,
axis_sv,2.5,5,always_multiD,0.5,0,0.8905,100.0,100.0,
axis_sv,2.5,5,union4_bonf,0.5,1,0.9095,0.0,4.96,
axis_sv,2.5,5,best_axis_oracle,0.8333,3,0.9524,0.0,0.01,S_V
axis_sv,2.5,5,sketch1,0.3333,1,0.7,0.0,100.0,
axis_sv,2.5,5,dci_v3,0.5,1,0.9095,0.0,4.96,
axis_sv,2.5,5,dci_v3_a8,0.5,1,0.9476,12.2,16.55,
axis_sv,2.5,6,always_multiD,0.1667,1,0.7238,100.0,100.0,
axis_sv,2.5,6,union4_bonf,0.1667,1,0.7143,0.0,4.96,
axis_sv,2.5,6,best_axis_oracle,0.5,1,0.7762,0.0,0.01,S_V
axis_sv,2.5,6,sketch1,0.1667,1,0.581,0.0,100.0,
axis_sv,2.5,6,dci_v3,0.1667,1,0.7143,0.0,4.96,
axis_sv,2.5,6,dci_v3_a8,0.1667,1,0.7429,14.6,18.87,
axis_sv,2.5,7,always_multiD,0.6667,1,0.9238,100.0,100.0,
axis_sv,2.5,7,union4_bonf,0.8333,2,0.9429,0.0,4.96,
axis_sv,2.5,7,best_axis_oracle,0.8333,2,0.8857,0.0,0.01,S_V
axis_sv,2.5,7,sketch1,0.5,4,0.8381,0.0,100.0,
axis_sv,2.5,7,dci_v3,0.8333,2,0.9429,0.0,4.96,
axis_sv,2.5,7,dci_v3_a8,0.8333,2,0.9524,12.2,16.55,
axis_sv,2.5,8,always_multiD,0.8333,1,0.9762,100.0,100.0,
axis_sv,2.5,8,union4_bonf,0.8333,2,0.9857,0.0,4.96,
axis_sv,2.5,8,best_axis_oracle,1.0,3,0.9952,0.0,0.01,S_V
axis_sv,2.5,8,sketch1,0.1667,0,0.9381,0.0,100.0,
axis_sv,2.5,8,dci_v3,0.8333,2,0.9857,0.0,4.96,
axis_sv,2.5,8,dci_v3_a8,0.8333,3,0.9857,14.6,18.87,
axis_sv,2.5,9,always_multiD,0.1667,1,0.719,100.0,100.0,
axis_sv,2.5,9,union4_bonf,0.5,0,0.8905,0.0,4.96,
axis_sv,2.5,9,best_axis_oracle,0.8333,2,0.9667,0.0,0.01,S_V
axis_sv,2.5,9,sketch1,0.3333,0,0.6667,0.0,100.0,
axis_sv,2.5,9,dci_v3,0.5,0,0.8905,0.0,4.96,
axis_sv,2.5,9,dci_v3_a8,0.3333,0,0.8,12.2,16.55,
axis_sv,2.5,10,always_multiD,0.3333,4,0.7476,100.0,100.0,
axis_sv,2.5,10,union4_bonf,0.5,4,0.8143,0.0,4.96,
axis_sv,2.5,10,best_axis_oracle,0.6667,3,0.9333,0.0,0.01,S_V
axis_sv,2.5,10,sketch1,0.5,3,0.6429,0.0,100.0,
axis_sv,2.5,10,dci_v3,0.5,4,0.8143,0.0,4.96,
axis_sv,2.5,10,dci_v3_a8,0.5,4,0.8286,12.2,16.55,
axis_sv,2.5,11,always_multiD,0.0,1,0.7524,100.0,100.0,
axis_sv,2.5,11,union4_bonf,0.1667,0,0.7429,0.0,4.96,
axis_sv,2.5,11,best_axis_oracle,0.6667,2,0.8571,0.0,0.01,S_V
axis_sv,2.5,11,sketch1,0.3333,1,0.7095,0.0,100.0,
axis_sv,2.5,11,dci_v3,0.1667,0,0.7429,0.0,4.96,
axis_sv,2.5,11,dci_v3_a8,0.1667,0,0.7048,12.2,16.55,
axis_sv,2.5,12,always_multiD,0.5,0,0.9333,100.0,100.0,
axis_sv,2.5,12,union4_bonf,0.3333,1,0.9143,0.0,4.96,
axis_sv,2.5,12,best_axis_oracle,0.6667,1,0.9714,0.0,0.01,S_V
axis_sv,2.5,12,sketch1,0.6667,3,0.8286,0.0,100.0,
axis_sv,2.5,12,dci_v3,0.3333,1,0.9143,0.0,4.96,
axis_sv,2.5,12,dci_v3_a8,0.3333,0,0.9476,12.2,16.55,
axis_sv,2.5,13,always_multiD,0.3333,4,0.8095,100.0,100.0,
axis_sv,2.5,13,union4_bonf,0.5,6,0.8381,0.0,4.96,
axis_sv,2.5,13,best_axis_oracle,1.0,3,0.9762,0.0,0.01,S_V
axis_sv,2.5,13,sketch1,0.6667,2,0.7524,0.0,100.0,
axis_sv,2.5,13,dci_v3,0.5,6,0.8381,0.0,4.96,
axis_sv,2.5,13,dci_v3_a8,0.5,4,0.8905,12.2,16.55,
axis_sv,2.5,14,always_multiD,0.3333,1,0.8,100.0,100.0,
axis_sv,2.5,14,union4_bonf,0.3333,1,0.7381,0.0,4.96,
axis_sv,2.5,14,best_axis_oracle,0.3333,6,0.7476,0.0,0.01,S_V
axis_sv,2.5,14,sketch1,0.3333,2,0.4952,0.0,100.0,
axis_sv,2.5,14,dci_v3,0.3333,1,0.7381,0.0,4.96,
axis_sv,2.5,14,dci_v3_a8,0.3333,1,0.7,12.2,16.55,
axis_sv,2.5,15,always_multiD,0.3333,1,0.819,100.0,100.0,
axis_sv,2.5,15,union4_bonf,0.5,1,0.9048,0.0,4.96,
axis_sv,2.5,15,best_axis_oracle,0.6667,0,0.9381,0.0,0.01,S_V
axis_sv,2.5,15,sketch1,0.1667,2,0.7571,0.0,100.0,
axis_sv,2.5,15,dci_v3,0.5,1,0.9048,0.0,4.96,
axis_sv,2.5,15,dci_v3_a8,0.5,1,0.8095,12.2,16.55,
axis_sv,2.5,16,always_multiD,0.5,0,0.9571,100.0,100.0,
axis_sv,2.5,16,union4_bonf,0.6667,0,0.9667,0.0,4.96,
axis_sv,2.5,16,best_axis_oracle,0.8333,3,0.9762,0.0,0.01,S_V
axis_sv,2.5,16,sketch1,0.5,0,0.9476,0.0,100.0,
axis_sv,2.5,16,dci_v3,0.6667,0,0.9667,0.0,4.96,
axis_sv,2.5,16,dci_v3_a8,0.6667,0,0.981,14.6,18.87,
axis_sv,2.5,17,always_multiD,0.3333,0,0.7524,100.0,100.0,
axis_sv,2.5,17,union4_bonf,0.5,0,0.8143,0.0,4.96,
axis_sv,2.5,17,best_axis_oracle,0.6667,3,0.8762,0.0,0.01,S_V
axis_sv,2.5,17,sketch1,0.3333,2,0.619,0.0,100.0,
axis_sv,2.5,17,dci_v3,0.5,0,0.8143,0.0,4.96,
axis_sv,2.5,17,dci_v3_a8,0.5,0,0.6571,12.2,16.55,
axis_sv,2.5,18,always_multiD,0.3333,2,0.8476,100.0,100.0,
axis_sv,2.5,18,union4_bonf,0.5,2,0.8762,0.0,4.96,
axis_sv,2.5,18,best_axis_oracle,0.5,2,0.9571,0.0,0.01,S_V
axis_sv,2.5,18,sketch1,0.3333,1,0.7667,0.0,100.0,
axis_sv,2.5,18,dci_v3,0.5,2,0.8762,0.0,4.96,
axis_sv,2.5,18,dci_v3_a8,0.5,2,0.9,12.2,16.55,
axis_sv,2.5,19,always_multiD,0.0,0,0.6762,100.0,100.0,
axis_sv,2.5,19,union4_bonf,0.0,1,0.6952,0.0,4.96,
axis_sv,2.5,19,best_axis_oracle,0.5,1,0.9286,0.0,0.01,S_V
axis_sv,2.5,19,sketch1,0.3333,1,0.7762,0.0,100.0,
axis_sv,2.5,19,dci_v3,0.0,1,0.6952,0.0,4.96,
axis_sv,2.5,19,dci_v3_a8,0.0,1,0.6429,12.2,16.55,
axis_sv,2.5,20,always_multiD,0.8333,2,0.9619,100.0,100.0,
axis_sv,2.5,20,union4_bonf,1.0,1,1.0,0.0,4.96,
axis_sv,2.5,20,best_axis_oracle,1.0,4,1.0,0.0,0.01,S_V
axis_sv,2.5,20,sketch1,0.3333,3,0.781,0.0,100.0,
axis_sv,2.5,20,dci_v3,1.0,1,1.0,0.0,4.96,
axis_sv,2.5,20,dci_v3_a8,1.0,1,1.0,12.2,16.55,
axis_sv,2.5,21,always_multiD,0.1667,2,0.7333,100.0,100.0,
axis_sv,2.5,21,union4_bonf,0.3333,4,0.7714,0.0,4.96,
axis_sv,2.5,21,best_axis_oracle,0.8333,1,0.9667,0.0,0.01,S_V
axis_sv,2.5,21,sketch1,0.3333,3,0.8476,0.0,100.0,
axis_sv,2.5,21,dci_v3,0.3333,4,0.7714,0.0,4.96,
axis_sv,2.5,21,dci_v3_a8,0.3333,4,0.7095,12.2,16.55,
axis_sv,2.5,22,always_multiD,0.1667,1,0.9143,100.0,100.0,
axis_sv,2.5,22,union4_bonf,0.3333,1,0.9667,0.0,4.96,
axis_sv,2.5,22,best_axis_oracle,0.8333,0,0.9762,0.0,0.01,S_V
axis_sv,2.5,22,sketch1,0.5,2,0.781,0.0,100.0,
axis_sv,2.5,22,dci_v3,0.3333,1,0.9667,0.0,4.96,
axis_sv,2.5,22,dci_v3_a8,0.3333,1,0.8476,12.2,16.55,
axis_sv,2.5,23,always_multiD,0.3333,3,0.8381,100.0,100.0,
axis_sv,2.5,23,union4_bonf,0.3333,3,0.8857,0.0,4.96,
axis_sv,2.5,23,best_axis_oracle,0.6667,1,0.9381,0.0,0.01,S_V
axis_sv,2.5,23,sketch1,0.3333,4,0.7381,0.0,100.0,
axis_sv,2.5,23,dci_v3,0.3333,3,0.8857,0.0,4.96,
axis_sv,2.5,23,dci_v3_a8,0.3333,3,0.8286,12.2,16.55,
axis_sv,2.5,24,always_multiD,0.3333,2,0.7476,100.0,100.0,
axis_sv,2.5,24,union4_bonf,0.3333,0,0.8095,0.0,4.96,
axis_sv,2.5,24,best_axis_oracle,0.6667,5,0.881,0.0,0.01,S_V
axis_sv,2.5,24,sketch1,0.0,2,0.8905,0.0,100.0,
axis_sv,2.5,24,dci_v3,0.3333,0,0.8095,0.0,4.96,
axis_sv,2.5,24,dci_v3_a8,0.3333,0,0.7143,12.2,16.55,
axis_sv,2.5,25,always_multiD,0.3333,1,0.8095,100.0,100.0,
axis_sv,2.5,25,union4_bonf,0.6667,2,0.8524,0.0,4.96,
axis_sv,2.5,25,best_axis_oracle,0.8333,1,0.9476,0.0,0.01,S_V
axis_sv,2.5,25,sketch1,0.1667,5,0.6524,0.0,100.0,
axis_sv,2.5,25,dci_v3,0.6667,2,0.8524,0.0,4.96,
axis_sv,2.5,25,dci_v3_a8,0.6667,2,0.8619,12.2,16.55,
axis_sv,2.5,26,always_multiD,0.3333,1,0.6857,100.0,100.0,
axis_sv,2.5,26,union4_bonf,0.5,1,0.781,0.0,4.96,
axis_sv,2.5,26,best_axis_oracle,0.5,3,0.9143,0.0,0.01,S_V
axis_sv,2.5,26,sketch1,0.1667,2,0.6429,0.0,100.0,
axis_sv,2.5,26,dci_v3,0.5,1,0.781,0.0,4.96,
axis_sv,2.5,26,dci_v3_a8,0.3333,1,0.7048,12.2,16.55,
axis_sv,2.5,27,always_multiD,0.3333,0,0.9381,100.0,100.0,
axis_sv,2.5,27,union4_bonf,0.1667,0,0.7238,0.0,4.96,
axis_sv,2.5,27,best_axis_oracle,0.1667,1,0.8524,0.0,95.04,S_P
axis_sv,2.5,27,sketch1,0.1667,3,0.5571,0.0,100.0,
axis_sv,2.5,27,dci_v3,0.1667,0,0.7238,0.0,4.96,
axis_sv,2.5,27,dci_v3_a8,0.1667,0,0.6333,12.2,16.55,
axis_sv,2.5,28,always_multiD,0.3333,1,0.9048,100.0,100.0,
axis_sv,2.5,28,union4_bonf,0.5,0,0.8762,0.0,4.96,
axis_sv,2.5,28,best_axis_oracle,0.6667,1,0.9762,0.0,0.01,S_V
axis_sv,2.5,28,sketch1,0.1667,0,0.3762,0.0,100.0,
axis_sv,2.5,28,dci_v3,0.5,0,0.8762,0.0,4.96,
axis_sv,2.5,28,dci_v3_a8,0.5,0,0.9095,12.2,16.55,
axis_sv,2.5,29,always_multiD,0.5,2,0.781,100.0,100.0,
axis_sv,2.5,29,union4_bonf,0.6667,1,0.8381,0.0,4.96,
axis_sv,2.5,29,best_axis_oracle,0.6667,2,0.881,0.0,0.01,S_V
axis_sv,2.5,29,sketch1,0.6667,3,0.7952,0.0,100.0,
axis_sv,2.5,29,dci_v3,0.6667,1,0.8381,0.0,4.96,
axis_sv,2.5,29,dci_v3_a8,0.5,2,0.781,12.2,16.55,
axis_sv,2.5,30,always_multiD,0.3333,0,0.9429,100.0,100.0,
axis_sv,2.5,30,union4_bonf,0.5,2,0.9429,0.0,4.96,
axis_sv,2.5,30,best_axis_oracle,0.8333,1,0.9762,0.0,0.01,S_V
axis_sv,2.5,30,sketch1,0.3333,1,0.6524,0.0,100.0,
axis_sv,2.5,30,dci_v3,0.5,2,0.9429,0.0,4.96,
axis_sv,2.5,30,dci_v3_a8,0.5,2,0.9429,12.2,16.55,
axis_sv,2.5,31,always_multiD,0.1667,4,0.5857,100.0,100.0,
axis_sv,2.5,31,union4_bonf,0.1667,2,0.7286,0.0,4.96,
axis_sv,2.5,31,best_axis_oracle,0.3333,1,0.919,0.0,0.01,S_V
axis_sv,2.5,31,sketch1,0.1667,1,0.5714,0.0,100.0,
axis_sv,2.5,31,dci_v3,0.1667,2,0.7476,2.4,7.28,
axis_sv,2.5,31,dci_v3_a8,0.1667,2,0.781,14.6,18.87,
axis_sv,2.5,32,always_multiD,0.1667,4,0.6857,100.0,100.0,
axis_sv,2.5,32,union4_bonf,0.3333,4,0.6714,0.0,4.96,
axis_sv,2.5,32,best_axis_oracle,0.5,3,0.8619,0.0,0.01,S_V
axis_sv,2.5,32,sketch1,0.0,1,0.4905,0.0,100.0,
axis_sv,2.5,32,dci_v3,0.3333,4,0.6714,0.0,4.96,
axis_sv,2.5,32,dci_v3_a8,0.3333,4,0.7,12.2,16.55,
axis_sv,2.5,33,always_multiD,0.5,4,0.8238,100.0,100.0,
axis_sv,2.5,33,union4_bonf,0.3333,1,0.7905,0.0,4.96,
axis_sv,2.5,33,best_axis_oracle,0.6667,4,0.8952,0.0,0.01,S_V
axis_sv,2.5,33,sketch1,0.3333,3,0.7476,0.0,100.0,
axis_sv,2.5,33,dci_v3,0.3333,1,0.7905,0.0,4.96,
axis_sv,2.5,33,dci_v3_a8,0.5,1,0.8238,12.2,16.55,
axis_sv,2.5,34,always_multiD,0.1667,1,0.7619,100.0,100.0,
axis_sv,2.5,34,union4_bonf,0.1667,1,0.7857,0.0,4.96,
axis_sv,2.5,34,best_axis_oracle,0.5,0,0.8381,0.0,0.01,S_V
axis_sv,2.5,34,sketch1,0.3333,2,0.6,0.0,100.0,
axis_sv,2.5,34,dci_v3,0.1667,1,0.7857,0.0,4.96,
axis_sv,2.5,34,dci_v3_a8,0.1667,1,0.7381,12.2,16.55,
axis_sv,2.5,35,always_multiD,0.1667,0,0.7571,100.0,100.0,
axis_sv,2.5,35,union4_bonf,0.1667,1,0.8429,0.0,4.96,
axis_sv,2.5,35,best_axis_oracle,0.3333,0,0.9857,0.0,0.01,S_V
axis_sv,2.5,35,sketch1,0.0,1,0.7524,0.0,100.0,
axis_sv,2.5,35,dci_v3,0.1667,1,0.8429,0.0,4.96,
axis_sv,2.5,35,dci_v3_a8,0.1667,1,0.7476,12.2,16.55,
axis_sv,2.5,36,always_multiD,0.5,1,0.9333,100.0,100.0,
axis_sv,2.5,36,union4_bonf,0.6667,1,0.9667,0.0,4.96,
axis_sv,2.5,36,best_axis_oracle,0.8333,1,0.9714,0.0,0.01,S_V
axis_sv,2.5,36,sketch1,0.0,1,0.7714,0.0,100.0,
axis_sv,2.5,36,dci_v3,0.6667,1,0.9667,0.0,4.96,
axis_sv,2.5,36,dci_v3_a8,0.6667,1,0.8667,12.2,16.55,
axis_sv,2.5,37,always_multiD,0.6667,3,0.9381,100.0,100.0,
axis_sv,2.5,37,union4_bonf,0.6667,2,0.9714,0.0,4.96,
axis_sv,2.5,37,best_axis_oracle,0.8333,4,0.9667,0.0,0.01,S_V
axis_sv,2.5,37,sketch1,0.5,1,0.7667,0.0,100.0,
axis_sv,2.5,37,dci_v3,0.6667,2,0.9714,0.0,4.96,
axis_sv,2.5,37,dci_v3_a8,0.8333,2,0.9143,12.2,16.55,
axis_sv,2.5,38,always_multiD,0.8333,2,0.9667,100.0,100.0,
axis_sv,2.5,38,union4_bonf,0.8333,6,0.9524,0.0,4.96,
axis_sv,2.5,38,best_axis_oracle,1.0,7,0.9571,0.0,0.01,S_V
axis_sv,2.5,38,sketch1,0.5,2,0.8714,0.0,100.0,
axis_sv,2.5,38,dci_v3,0.8333,6,0.9524,0.0,4.96,
axis_sv,2.5,38,dci_v3_a8,0.8333,5,0.9381,12.2,16.55,
axis_sv,2.5,39,always_multiD,0.5,3,0.7619,100.0,100.0,
axis_sv,2.5,39,union4_bonf,0.8333,3,0.8095,0.0,4.96,
axis_sv,2.5,39,best_axis_oracle,0.8333,4,0.9048,0.0,0.01,S_V
axis_sv,2.5,39,sketch1,0.1667,2,0.8238,0.0,100.0,
axis_sv,2.5,39,dci_v3,0.8333,3,0.8095,0.0,4.96,
axis_sv,2.5,39,dci_v3_a8,0.8333,3,0.8238,12.2,16.55,
axis_sv,2.5,40,always_multiD,0.3333,0,0.9571,100.0,100.0,
axis_sv,2.5,40,union4_bonf,0.6667,1,0.9667,0.0,4.96,
axis_sv,2.5,40,best_axis_oracle,0.6667,0,0.9619,0.0,0.01,S_V
axis_sv,2.5,40,sketch1,0.3333,3,0.8429,0.0,100.0,
axis_sv,2.5,40,dci_v3,0.6667,1,0.9667,0.0,4.96,
axis_sv,2.5,40,dci_v3_a8,0.6667,1,0.9762,12.2,16.55,
axis_sv,2.5,41,always_multiD,0.8333,3,0.9619,100.0,100.0,
axis_sv,2.5,41,union4_bonf,0.8333,2,0.9857,0.0,4.96,
axis_sv,2.5,41,best_axis_oracle,1.0,2,1.0,0.0,0.01,S_V
axis_sv,2.5,41,sketch1,0.5,9,0.8095,0.0,100.0,
axis_sv,2.5,41,dci_v3,0.8333,2,0.9857,0.0,4.96,
axis_sv,2.5,41,dci_v3_a8,0.8333,2,0.9857,12.2,16.55,
axis_sv,2.5,42,always_multiD,0.6667,2,0.9286,100.0,100.0,
axis_sv,2.5,42,union4_bonf,0.6667,3,0.9095,0.0,4.96,
axis_sv,2.5,42,best_axis_oracle,0.8333,1,0.9571,0.0,0.01,S_V
axis_sv,2.5,42,sketch1,0.3333,3,0.6952,0.0,100.0,
axis_sv,2.5,42,dci_v3,0.6667,3,0.9095,0.0,4.96,
axis_sv,2.5,42,dci_v3_a8,0.6667,3,0.9143,12.2,16.55,
axis_sv,2.5,43,always_multiD,0.1667,0,0.8952,100.0,100.0,
axis_sv,2.5,43,union4_bonf,0.3333,1,0.9286,0.0,4.96,
axis_sv,2.5,43,best_axis_oracle,0.8333,2,0.981,0.0,0.01,S_V
axis_sv,2.5,43,sketch1,0.0,3,0.4429,0.0,100.0,
axis_sv,2.5,43,dci_v3,0.3333,1,0.9286,0.0,4.96,
axis_sv,2.5,43,dci_v3_a8,0.3333,1,0.819,12.2,16.55,
axis_sv,2.5,44,always_multiD,0.5,2,0.8667,100.0,100.0,
axis_sv,2.5,44,union4_bonf,0.5,0,0.8714,0.0,4.96,
axis_sv,2.5,44,best_axis_oracle,0.8333,1,0.881,0.0,0.01,S_V
axis_sv,2.5,44,sketch1,0.5,0,0.8,0.0,100.0,
axis_sv,2.5,44,dci_v3,0.5,0,0.8714,0.0,4.96,
axis_sv,2.5,44,dci_v3_a8,0.5,0,0.8857,14.6,18.87,
axis_sv,2.5,45,always_multiD,0.3333,1,0.9,100.0,100.0,
axis_sv,2.5,45,union4_bonf,0.5,2,0.9333,0.0,4.96,
axis_sv,2.5,45,best_axis_oracle,0.6667,1,0.9333,0.0,0.01,S_V
axis_sv,2.5,45,sketch1,0.0,1,0.8571,0.0,100.0,
axis_sv,2.5,45,dci_v3,0.5,2,0.8905,4.9,9.6,
axis_sv,2.5,45,dci_v3_a8,0.5,2,0.9048,17.1,21.19,
axis_sv,2.5,46,always_multiD,0.3333,2,0.8476,100.0,100.0,
axis_sv,2.5,46,union4_bonf,0.6667,2,0.8429,0.0,4.96,
axis_sv,2.5,46,best_axis_oracle,0.6667,1,0.9667,0.0,0.01,S_V
axis_sv,2.5,46,sketch1,0.1667,1,0.6333,0.0,100.0,
axis_sv,2.5,46,dci_v3,0.6667,2,0.8429,0.0,4.96,
axis_sv,2.5,46,dci_v3_a8,0.6667,3,0.8476,12.2,16.55,
axis_sv,2.5,47,always_multiD,0.3333,0,0.6762,100.0,100.0,
axis_sv,2.5,47,union4_bonf,0.5,0,0.7476,0.0,4.96,
axis_sv,2.5,47,best_axis_oracle,0.5,0,0.7381,0.0,0.01,S_V
axis_sv,2.5,47,sketch1,0.3333,1,0.7048,0.0,100.0,
axis_sv,2.5,47,dci_v3,0.5,0,0.7476,0.0,4.96,
axis_sv,2.5,47,dci_v3_a8,0.5,0,0.7714,12.2,16.55,
axis_sv,2.5,48,always_multiD,0.8333,1,0.8619,100.0,100.0,
axis_sv,2.5,48,union4_bonf,0.6667,2,0.881,0.0,4.96,
axis_sv,2.5,48,best_axis_oracle,0.8333,2,0.9381,0.0,0.01,S_V
axis_sv,2.5,48,sketch1,0.3333,0,0.7619,0.0,100.0,
axis_sv,2.5,48,dci_v3,0.6667,2,0.881,0.0,4.96,
axis_sv,2.5,48,dci_v3_a8,0.6667,1,0.8952,12.2,16.55,
axis_sv,2.5,49,always_multiD,0.6667,1,0.9429,100.0,100.0,
axis_sv,2.5,49,union4_bonf,0.6667,0,0.9524,0.0,4.96,
axis_sv,2.5,49,best_axis_oracle,0.6667,0,0.9333,0.0,0.01,S_V
axis_sv,2.5,49,sketch1,0.1667,2,0.7714,0.0,100.0,
axis_sv,2.5,49,dci_v3,0.6667,0,0.9524,0.0,4.96,
axis_sv,2.5,49,dci_v3_a8,0.6667,0,0.9429,12.2,16.55,
axis_sv,3.5,0,always_multiD,0.5,0,0.9714,100.0,100.0,
axis_sv,3.5,0,union4_bonf,1.0,1,0.9905,0.0,4.96,
axis_sv,3.5,0,best_axis_oracle,1.0,0,1.0,0.0,0.01,S_V
axis_sv,3.5,0,sketch1,0.3333,2,0.8,0.0,100.0,
axis_sv,3.5,0,dci_v3,1.0,1,0.9905,0.0,4.96,
axis_sv,3.5,0,dci_v3_a8,0.8333,0,0.9905,12.2,16.55,
axis_sv,3.5,1,always_multiD,0.8333,0,0.9524,100.0,100.0,
axis_sv,3.5,1,union4_bonf,0.8333,0,0.981,0.0,4.96,
axis_sv,3.5,1,best_axis_oracle,0.8333,0,0.9952,0.0,0.01,S_V
axis_sv,3.5,1,sketch1,0.1667,1,0.8857,0.0,100.0,
axis_sv,3.5,1,dci_v3,0.8333,0,0.981,0.0,4.96,
axis_sv,3.5,1,dci_v3_a8,0.8333,0,0.981,12.2,16.55,
axis_sv,3.5,2,always_multiD,1.0,3,0.9762,100.0,100.0,
axis_sv,3.5,2,union4_bonf,1.0,2,0.9952,0.0,4.96,
axis_sv,3.5,2,best_axis_oracle,1.0,1,1.0,0.0,0.01,S_V
axis_sv,3.5,2,sketch1,0.5,0,0.8667,0.0,100.0,
axis_sv,3.5,2,dci_v3,1.0,2,0.9952,0.0,4.96,
axis_sv,3.5,2,dci_v3_a8,1.0,2,0.9952,12.2,16.55,
axis_sv,3.5,3,always_multiD,0.8333,1,0.9714,100.0,100.0,
axis_sv,3.5,3,union4_bonf,0.8333,0,1.0,0.0,4.96,
axis_sv,3.5,3,best_axis_oracle,1.0,1,1.0,0.0,0.01,S_V
axis_sv,3.5,3,sketch1,0.5,6,0.7714,0.0,100.0,
axis_sv,3.5,3,dci_v3,0.8333,0,1.0,0.0,4.96,
axis_sv,3.5,3,dci_v3_a8,0.8333,0,1.0,12.2,16.55,
axis_sv,3.5,4,always_multiD,1.0,6,0.9905,100.0,100.0,
axis_sv,3.5,4,union4_bonf,1.0,6,0.9905,0.0,4.96,
axis_sv,3.5,4,best_axis_oracle,1.0,7,0.9905,0.0,0.01,S_V
axis_sv,3.5,4,sketch1,0.6667,9,0.8476,0.0,100.0,
axis_sv,3.5,4,dci_v3,1.0,6,0.9905,0.0,4.96,
axis_sv,3.5,4,dci_v3_a8,1.0,6,0.9905,14.6,18.87,
axis_sv,3.5,5,always_multiD,0.6667,1,0.981,100.0,100.0,
axis_sv,3.5,5,union4_bonf,0.5,0,0.9762,0.0,4.96,
axis_sv,3.5,5,best_axis_oracle,0.8333,1,0.9619,0.0,0.01,S_V
axis_sv,3.5,5,sketch1,0.5,0,0.8095,0.0,100.0,
axis_sv,3.5,5,dci_v3,0.5,0,0.9762,0.0,4.96,
axis_sv,3.5,5,dci_v3_a8,0.5,0,0.9762,12.2,16.55,
axis_sv,3.5,6,always_multiD,0.8333,4,0.8952,100.0,100.0,
axis_sv,3.5,6,union4_bonf,0.5,1,0.9381,0.0,4.96,
axis_sv,3.5,6,best_axis_oracle,1.0,0,1.0,0.0,0.01,S_V
axis_sv,3.5,6,sketch1,0.6667,0,0.9762,0.0,100.0,
axis_sv,3.5,6,dci_v3,0.5,1,0.9381,0.0,4.96,
axis_sv,3.5,6,dci_v3_a8,0.5,2,0.9524,14.6,18.87,
axis_sv,3.5,7,always_multiD,0.6667,4,0.9143,100.0,100.0,
axis_sv,3.5,7,union4_bonf,0.6667,1,0.9762,0.0,4.96,
axis_sv,3.5,7,best_axis_oracle,1.0,1,0.9952,0.0,0.01,S_V
axis_sv,3.5,7,sketch1,0.3333,0,0.8476,0.0,100.0,
axis_sv,3.5,7,dci_v3,0.6667,1,0.9762,0.0,4.96,
axis_sv,3.5,7,dci_v3_a8,0.6667,2,0.9667,12.2,16.55,
axis_sv,3.5,8,always_multiD,0.6667,3,0.9048,100.0,100.0,
axis_sv,3.5,8,union4_bonf,0.8333,4,0.9524,0.0,4.96,
axis_sv,3.5,8,best_axis_oracle,1.0,5,0.9619,0.0,0.01,S_V
axis_sv,3.5,8,sketch1,0.3333,5,0.5952,0.0,100.0,
axis_sv,3.5,8,dci_v3,0.8333,4,0.9524,0.0,4.96,
axis_sv,3.5,8,dci_v3_a8,0.8333,4,0.9667,14.6,18.87,
axis_sv,3.5,9,always_multiD,0.8333,3,0.9,100.0,100.0,
axis_sv,3.5,9,union4_bonf,0.8333,5,0.9333,0.0,4.96,
axis_sv,3.5,9,best_axis_oracle,0.8333,4,0.9714,0.0,0.01,S_V
axis_sv,3.5,9,sketch1,0.6667,6,0.9048,0.0,100.0,
axis_sv,3.5,9,dci_v3,0.8333,5,0.9333,0.0,4.96,
axis_sv,3.5,9,dci_v3_a8,0.8333,4,0.8905,12.2,16.55,
axis_sv,3.5,10,always_multiD,0.6667,0,0.9857,100.0,100.0,
axis_sv,3.5,10,union4_bonf,1.0,0,1.0,0.0,4.96,
axis_sv,3.5,10,best_axis_oracle,1.0,1,1.0,0.0,0.01,S_V
axis_sv,3.5,10,sketch1,0.6667,2,0.881,0.0,100.0,
axis_sv,3.5,10,dci_v3,1.0,0,1.0,0.0,4.96,
axis_sv,3.5,10,dci_v3_a8,1.0,0,1.0,12.2,16.55,
axis_sv,3.5,11,always_multiD,0.8333,1,0.9857,100.0,100.0,
axis_sv,3.5,11,union4_bonf,0.8333,1,0.9762,0.0,4.96,
axis_sv,3.5,11,best_axis_oracle,0.8333,2,0.981,0.0,0.01,S_V
axis_sv,3.5,11,sketch1,0.6667,2,0.8619,0.0,100.0,
axis_sv,3.5,11,dci_v3,0.8333,1,0.9762,0.0,4.96,
axis_sv,3.5,11,dci_v3_a8,0.6667,1,0.9619,12.2,16.55,
axis_sv,3.5,12,always_multiD,0.8333,3,0.9714,100.0,100.0,
axis_sv,3.5,12,union4_bonf,1.0,4,0.9905,0.0,4.96,
axis_sv,3.5,12,best_axis_oracle,1.0,3,1.0,0.0,0.01,S_V
axis_sv,3.5,12,sketch1,0.3333,2,0.6857,0.0,100.0,
axis_sv,3.5,12,dci_v3,1.0,4,0.9905,0.0,4.96,
axis_sv,3.5,12,dci_v3_a8,1.0,3,0.9905,12.2,16.55,
axis_sv,3.5,13,always_multiD,0.6667,2,0.8857,100.0,100.0,
axis_sv,3.5,13,union4_bonf,0.6667,0,0.9857,0.0,4.96,
axis_sv,3.5,13,best_axis_oracle,0.8333,0,1.0,0.0,0.01,S_V
axis_sv,3.5,13,sketch1,0.1667,2,0.7857,0.0,100.0,
axis_sv,3.5,13,dci_v3,0.6667,0,0.9857,0.0,4.96,
axis_sv,3.5,13,dci_v3_a8,0.6667,0,0.9857,12.2,16.55,
axis_sv,3.5,14,always_multiD,0.8333,1,0.9762,100.0,100.0,
axis_sv,3.5,14,union4_bonf,1.0,1,0.981,0.0,4.96,
axis_sv,3.5,14,best_axis_oracle,1.0,2,1.0,0.0,0.01,S_V
axis_sv,3.5,14,sketch1,0.6667,2,0.9619,0.0,100.0,
axis_sv,3.5,14,dci_v3,1.0,1,0.981,0.0,4.96,
axis_sv,3.5,14,dci_v3_a8,1.0,1,0.9952,12.2,16.55,
axis_sv,3.5,15,always_multiD,0.8333,2,0.919,100.0,100.0,
axis_sv,3.5,15,union4_bonf,0.8333,1,0.9857,0.0,4.96,
axis_sv,3.5,15,best_axis_oracle,1.0,1,0.9952,0.0,0.01,S_V
axis_sv,3.5,15,sketch1,0.5,1,0.8905,0.0,100.0,
axis_sv,3.5,15,dci_v3,0.8333,1,0.9857,0.0,4.96,
axis_sv,3.5,15,dci_v3_a8,0.8333,1,0.9905,12.2,16.55,
axis_sv,3.5,16,always_multiD,0.5,0,1.0,100.0,100.0,
axis_sv,3.5,16,union4_bonf,1.0,0,1.0,0.0,4.96,
axis_sv,3.5,16,best_axis_oracle,1.0,0,1.0,0.0,0.01,S_V
axis_sv,3.5,16,sketch1,0.3333,0,0.8762,0.0,100.0,
axis_sv,3.5,16,dci_v3,1.0,0,1.0,0.0,4.96,
axis_sv,3.5,16,dci_v3_a8,1.0,0,1.0,14.6,18.87,
axis_sv,3.5,17,always_multiD,0.8333,1,0.981,100.0,100.0,
axis_sv,3.5,17,union4_bonf,0.8333,3,0.981,0.0,4.96,
axis_sv,3.5,17,best_axis_oracle,1.0,2,0.9952,0.0,0.01,S_V
axis_sv,3.5,17,sketch1,0.5,4,0.8143,0.0,100.0,
axis_sv,3.5,17,dci_v3,0.8333,3,0.981,0.0,4.96,
axis_sv,3.5,17,dci_v3_a8,0.8333,2,0.9571,12.2,16.55,
axis_sv,3.5,18,always_multiD,0.6667,1,0.9619,100.0,100.0,
axis_sv,3.5,18,union4_bonf,1.0,3,0.981,0.0,4.96,
axis_sv,3.5,18,best_axis_oracle,1.0,3,0.9905,0.0,0.01,S_V
axis_sv,3.5,18,sketch1,0.3333,1,0.7905,0.0,100.0,
axis_sv,3.5,18,dci_v3,1.0,3,0.981,0.0,4.96,
axis_sv,3.5,18,dci_v3_a8,1.0,3,0.981,12.2,16.55,
axis_sv,3.5,19,always_multiD,0.8333,4,0.9571,100.0,100.0,
axis_sv,3.5,19,union4_bonf,1.0,4,0.9714,0.0,4.96,
axis_sv,3.5,19,best_axis_oracle,1.0,2,0.9857,0.0,0.01,S_V
axis_sv,3.5,19,sketch1,0.5,3,0.9238,0.0,100.0,
axis_sv,3.5,19,dci_v3,1.0,4,0.9714,0.0,4.96,
axis_sv,3.5,19,dci_v3_a8,1.0,4,0.9524,12.2,16.55,
axis_sv,3.5,20,always_multiD,0.5,0,0.8857,100.0,100.0,
axis_sv,3.5,20,union4_bonf,0.5,0,0.8905,0.0,4.96,
axis_sv,3.5,20,best_axis_oracle,0.6667,1,0.9762,0.0,0.01,S_V
axis_sv,3.5,20,sketch1,0.1667,0,0.6,0.0,100.0,
axis_sv,3.5,20,dci_v3,0.5,0,0.8905,0.0,4.96,
axis_sv,3.5,20,dci_v3_a8,0.5,0,0.9143,12.2,16.55,
axis_sv,3.5,21,always_multiD,0.8333,0,0.9238,100.0,100.0,
axis_sv,3.5,21,union4_bonf,0.8333,2,0.9476,0.0,4.96,
axis_sv,3.5,21,best_axis_oracle,0.8333,3,0.981,0.0,0.01,S_V
axis_sv,3.5,21,sketch1,0.3333,0,0.8667,0.0,100.0,
axis_sv,3.5,21,dci_v3,0.8333,2,0.9476,0.0,4.96,
axis_sv,3.5,21,dci_v3_a8,0.8333,2,0.8429,12.2,16.55,
axis_sv,3.5,22,always_multiD,1.0,0,1.0,100.0,100.0,
axis_sv,3.5,22,union4_bonf,1.0,0,1.0,0.0,4.96,
axis_sv,3.5,22,best_axis_oracle,1.0,2,1.0,0.0,0.01,S_V
axis_sv,3.5,22,sketch1,0.8333,0,0.9952,0.0,100.0,
axis_sv,3.5,22,dci_v3,1.0,0,1.0,0.0,4.96,
axis_sv,3.5,22,dci_v3_a8,1.0,0,1.0,12.2,16.55,
axis_sv,3.5,23,always_multiD,0.6667,1,0.9286,100.0,100.0,
axis_sv,3.5,23,union4_bonf,0.6667,1,0.9857,0.0,4.96,
axis_sv,3.5,23,best_axis_oracle,1.0,4,1.0,0.0,0.01,S_V
axis_sv,3.5,23,sketch1,0.5,1,0.8048,0.0,100.0,
axis_sv,3.5,23,dci_v3,0.6667,1,0.9857,0.0,4.96,
axis_sv,3.5,23,dci_v3_a8,0.8333,1,0.9905,12.2,16.55,
axis_sv,3.5,24,always_multiD,0.8333,1,0.9524,100.0,100.0,
axis_sv,3.5,24,union4_bonf,1.0,3,0.9857,0.0,4.96,
axis_sv,3.5,24,best_axis_oracle,1.0,3,0.9857,0.0,0.01,S_V
axis_sv,3.5,24,sketch1,0.8333,2,0.9095,0.0,100.0,
axis_sv,3.5,24,dci_v3,1.0,3,0.9857,0.0,4.96,
axis_sv,3.5,24,dci_v3_a8,1.0,3,0.9714,12.2,16.55,
axis_sv,3.5,25,always_multiD,0.6667,0,0.8619,100.0,100.0,
axis_sv,3.5,25,union4_bonf,0.6667,0,0.8381,0.0,4.96,
axis_sv,3.5,25,best_axis_oracle,0.6667,0,0.9286,0.0,0.01,S_V
axis_sv,3.5,25,sketch1,0.5,1,0.7952,0.0,100.0,
axis_sv,3.5,25,dci_v3,0.6667,0,0.8381,0.0,4.96,
axis_sv,3.5,25,dci_v3_a8,0.6667,0,0.8571,12.2,16.55,
axis_sv,3.5,26,always_multiD,1.0,2,0.9857,100.0,100.0,
axis_sv,3.5,26,union4_bonf,1.0,1,0.9952,0.0,4.96,
axis_sv,3.5,26,best_axis_oracle,1.0,1,1.0,0.0,0.01,S_V
axis_sv,3.5,26,sketch1,0.1667,1,0.8619,0.0,100.0,
axis_sv,3.5,26,dci_v3,1.0,1,0.9952,0.0,4.96,
axis_sv,3.5,26,dci_v3_a8,1.0,1,0.981,12.2,16.55,
axis_sv,3.5,27,always_multiD,0.6667,1,0.9857,100.0,100.0,
axis_sv,3.5,27,union4_bonf,0.6667,0,0.9952,0.0,4.96,
axis_sv,3.5,27,best_axis_oracle,1.0,1,1.0,0.0,0.01,S_V
axis_sv,3.5,27,sketch1,0.6667,1,0.9,0.0,100.0,
axis_sv,3.5,27,dci_v3,0.6667,0,0.9952,0.0,4.96,
axis_sv,3.5,27,dci_v3_a8,0.6667,0,0.9571,12.2,16.55,
axis_sv,3.5,28,always_multiD,1.0,1,0.9952,100.0,100.0,
axis_sv,3.5,28,union4_bonf,1.0,1,0.9952,0.0,4.96,
axis_sv,3.5,28,best_axis_oracle,1.0,2,1.0,0.0,0.01,S_V
axis_sv,3.5,28,sketch1,0.0,3,0.3429,0.0,100.0,
axis_sv,3.5,28,dci_v3,1.0,1,0.9952,0.0,4.96,
axis_sv,3.5,28,dci_v3_a8,1.0,1,0.9952,12.2,16.55,
axis_sv,3.5,29,always_multiD,0.6667,0,0.9143,100.0,100.0,
axis_sv,3.5,29,union4_bonf,0.8333,0,0.9524,0.0,4.96,
axis_sv,3.5,29,best_axis_oracle,0.8333,1,0.9333,0.0,0.01,S_V
axis_sv,3.5,29,sketch1,0.3333,1,0.6333,0.0,100.0,
axis_sv,3.5,29,dci_v3,0.8333,0,0.9524,0.0,4.96,
axis_sv,3.5,29,dci_v3_a8,0.8333,0,0.9571,12.2,16.55,
axis_sv,3.5,30,always_multiD,0.6667,1,0.981,100.0,100.0,
axis_sv,3.5,30,union4_bonf,1.0,2,0.9857,0.0,4.96,
axis_sv,3.5,30,best_axis_oracle,1.0,1,0.9905,0.0,0.01,S_V
axis_sv,3.5,30,sketch1,0.5,1,0.8238,0.0,100.0,
axis_sv,3.5,30,dci_v3,1.0,2,0.9857,0.0,4.96,
axis_sv,3.5,30,dci_v3_a8,1.0,2,0.9857,12.2,16.55,
axis_sv,3.5,31,always_multiD,1.0,4,0.9857,100.0,100.0,
axis_sv,3.5,31,union4_bonf,1.0,2,1.0,0.0,4.96,
axis_sv,3.5,31,best_axis_oracle,1.0,2,1.0,0.0,0.01,S_V
axis_sv,3.5,31,sketch1,0.8333,3,0.981,0.0,100.0,
axis_sv,3.5,31,dci_v3,1.0,2,1.0,0.0,4.96,
axis_sv,3.5,31,dci_v3_a8,1.0,2,1.0,12.2,16.55,
axis_sv,3.5,32,always_multiD,0.8333,3,0.9571,100.0,100.0,
axis_sv,3.5,32,union4_bonf,1.0,4,0.9952,0.0,4.96,
axis_sv,3.5,32,best_axis_oracle,1.0,1,1.0,0.0,0.01,S_V
axis_sv,3.5,32,sketch1,0.6667,5,0.8571,0.0,100.0,
axis_sv,3.5,32,dci_v3,1.0,4,0.9952,0.0,4.96,
axis_sv,3.5,32,dci_v3_a8,1.0,4,0.9857,12.2,16.55,
axis_sv,3.5,33,always_multiD,0.8333,4,0.9238,100.0,100.0,
axis_sv,3.5,33,union4_bonf,0.8333,2,0.9667,0.0,4.96,
axis_sv,3.5,33,best_axis_oracle,0.8333,0,0.881,0.0,0.01,S_V
axis_sv,3.5,33,sketch1,0.1667,3,0.7524,0.0,100.0,
axis_sv,3.5,33,dci_v3,0.8333,2,0.8762,26.8,30.46,
axis_sv,3.5,33,dci_v3_a8,0.8333,2,0.8857,34.1,37.41,
axis_sv,3.5,34,always_multiD,0.6667,0,0.9667,100.0,100.0,
axis_sv,3.5,34,union4_bonf,0.6667,0,0.9762,0.0,4.96,
axis_sv,3.5,34,best_axis_oracle,1.0,3,0.9857,0.0,0.01,S_V
axis_sv,3.5,34,sketch1,0.3333,0,0.9048,0.0,100.0,
axis_sv,3.5,34,dci_v3,0.6667,0,0.9762,0.0,4.96,
axis_sv,3.5,34,dci_v3_a8,0.6667,0,0.981,12.2,16.55,
axis_sv,3.5,35,always_multiD,0.8333,5,0.8762,100.0,100.0,
axis_sv,3.5,35,union4_bonf,0.8333,3,0.9333,0.0,4.96,
axis_sv,3.5,35,best_axis_oracle,0.8333,1,0.9333,0.0,0.01,S_V
axis_sv,3.5,35,sketch1,0.3333,3,0.7524,0.0,100.0,
axis_sv,3.5,35,dci_v3,0.8333,3,0.9333,0.0,4.96,
axis_sv,3.5,35,dci_v3_a8,0.8333,3,0.9048,12.2,16.55,
axis_sv,3.5,36,always_multiD,0.6667,1,0.9714,100.0,100.0,
axis_sv,3.5,36,union4_bonf,0.6667,1,0.9857,0.0,4.96,
axis_sv,3.5,36,best_axis_oracle,1.0,0,1.0,0.0,0.01,S_V
axis_sv,3.5,36,sketch1,0.5,2,0.7095,0.0,100.0,
axis_sv,3.5,36,dci_v3,0.6667,1,0.9857,0.0,4.96,
axis_sv,3.5,36,dci_v3_a8,0.6667,1,0.9048,12.2,16.55,
axis_sv,3.5,37,always_multiD,0.8333,4,0.9524,100.0,100.0,
axis_sv,3.5,37,union4_bonf,1.0,2,1.0,0.0,4.96,
axis_sv,3.5,37,best_axis_oracle,1.0,2,1.0,0.0,0.01,S_V
axis_sv,3.5,37,sketch1,0.5,1,0.9429,0.0,100.0,
axis_sv,3.5,37,dci_v3,1.0,3,1.0,2.4,7.28,
axis_sv,3.5,37,dci_v3_a8,0.8333,2,0.9286,14.6,18.87,
axis_sv,3.5,38,always_multiD,0.6667,1,0.9476,100.0,100.0,
axis_sv,3.5,38,union4_bonf,0.8333,1,0.981,0.0,4.96,
axis_sv,3.5,38,best_axis_oracle,1.0,1,1.0,0.0,0.01,S_V
axis_sv,3.5,38,sketch1,0.0,1,0.5381,0.0,100.0,
axis_sv,3.5,38,dci_v3,0.8333,1,0.981,0.0,4.96,
axis_sv,3.5,38,dci_v3_a8,0.6667,1,0.9524,12.2,16.55,
axis_sv,3.5,39,always_multiD,0.6667,3,0.8619,100.0,100.0,
axis_sv,3.5,39,union4_bonf,0.6667,1,0.9238,0.0,4.96,
axis_sv,3.5,39,best_axis_oracle,0.8333,3,0.9714,0.0,0.01,S_V
axis_sv,3.5,39,sketch1,0.6667,3,0.9095,0.0,100.0,
axis_sv,3.5,39,dci_v3,0.6667,1,0.9238,0.0,4.96,
axis_sv,3.5,39,dci_v3_a8,0.6667,1,0.9238,12.2,16.55,
axis_sv,3.5,40,always_multiD,0.8333,1,0.9905,100.0,100.0,
axis_sv,3.5,40,union4_bonf,1.0,0,1.0,0.0,4.96,
axis_sv,3.5,40,best_axis_oracle,1.0,0,1.0,0.0,0.01,S_V
axis_sv,3.5,40,sketch1,0.0,1,0.7333,0.0,100.0,
axis_sv,3.5,40,dci_v3,1.0,0,1.0,0.0,4.96,
axis_sv,3.5,40,dci_v3_a8,1.0,0,1.0,12.2,16.55,
axis_sv,3.5,41,always_multiD,0.8333,2,0.981,100.0,100.0,
axis_sv,3.5,41,union4_bonf,1.0,1,1.0,0.0,4.96,
axis_sv,3.5,41,best_axis_oracle,1.0,3,1.0,0.0,0.01,S_V
axis_sv,3.5,41,sketch1,0.5,2,0.8476,0.0,100.0,
axis_sv,3.5,41,dci_v3,1.0,1,1.0,0.0,4.96,
axis_sv,3.5,41,dci_v3_a8,1.0,1,1.0,12.2,16.55,
axis_sv,3.5,42,always_multiD,0.5,0,0.9952,100.0,100.0,
axis_sv,3.5,42,union4_bonf,1.0,0,1.0,0.0,4.96,
axis_sv,3.5,42,best_axis_oracle,1.0,1,1.0,0.0,0.01,S_V
axis_sv,3.5,42,sketch1,0.3333,1,0.8571,0.0,100.0,
axis_sv,3.5,42,dci_v3,1.0,0,1.0,0.0,4.96,
axis_sv,3.5,42,dci_v3_a8,1.0,0,1.0,12.2,16.55,
axis_sv,3.5,43,always_multiD,0.6667,5,0.9095,100.0,100.0,
axis_sv,3.5,43,union4_bonf,0.8333,4,0.9143,0.0,4.96,
axis_sv,3.5,43,best_axis_oracle,0.8333,1,0.981,0.0,0.01,S_V
axis_sv,3.5,43,sketch1,0.1667,1,0.6714,0.0,100.0,
axis_sv,3.5,43,dci_v3,0.8333,4,0.881,56.1,58.28,
axis_sv,3.5,43,dci_v3_a8,0.8333,4,0.8857,61.0,62.91,
axis_sv,3.5,44,always_multiD,0.3333,2,0.8476,100.0,100.0,
axis_sv,3.5,44,union4_bonf,0.5,1,0.9238,0.0,4.96,
axis_sv,3.5,44,best_axis_oracle,0.8333,0,1.0,0.0,0.01,S_V
axis_sv,3.5,44,sketch1,0.1667,2,0.7048,0.0,100.0,
axis_sv,3.5,44,dci_v3,0.5,1,0.9238,0.0,4.96,
axis_sv,3.5,44,dci_v3_a8,0.5,0,0.9381,14.6,18.87,
axis_sv,3.5,45,always_multiD,0.5,2,0.9524,100.0,100.0,
axis_sv,3.5,45,union4_bonf,0.5,3,0.9476,0.0,4.96,
axis_sv,3.5,45,best_axis_oracle,1.0,2,1.0,0.0,0.01,S_V
axis_sv,3.5,45,sketch1,0.3333,2,0.881,0.0,100.0,
axis_sv,3.5,45,dci_v3,0.5,3,0.9476,0.0,4.96,
axis_sv,3.5,45,dci_v3_a8,0.5,3,0.9476,12.2,16.55,
axis_sv,3.5,46,always_multiD,0.8333,2,0.981,100.0,100.0,
axis_sv,3.5,46,union4_bonf,1.0,1,0.9952,0.0,4.96,
axis_sv,3.5,46,best_axis_oracle,1.0,1,1.0,0.0,0.01,S_V
axis_sv,3.5,46,sketch1,0.5,1,0.8286,0.0,100.0,
axis_sv,3.5,46,dci_v3,1.0,1,0.9952,0.0,4.96,
axis_sv,3.5,46,dci_v3_a8,1.0,1,0.9952,12.2,16.55,
axis_sv,3.5,47,always_multiD,0.3333,2,0.8381,100.0,100.0,
axis_sv,3.5,47,union4_bonf,0.5,1,0.9524,0.0,4.96,
axis_sv,3.5,47,best_axis_oracle,1.0,0,1.0,0.0,0.01,S_V
axis_sv,3.5,47,sketch1,0.3333,4,0.8143,0.0,100.0,
axis_sv,3.5,47,dci_v3,0.5,1,0.9524,0.0,4.96,
axis_sv,3.5,47,dci_v3_a8,0.5,1,0.9667,12.2,16.55,
axis_sv,3.5,48,always_multiD,1.0,1,1.0,100.0,100.0,
axis_sv,3.5,48,union4_bonf,1.0,0,1.0,0.0,4.96,
axis_sv,3.5,48,best_axis_oracle,1.0,1,1.0,0.0,0.01,S_V
axis_sv,3.5,48,sketch1,0.3333,0,0.8095,0.0,100.0,
axis_sv,3.5,48,dci_v3,1.0,0,1.0,0.0,4.96,
axis_sv,3.5,48,dci_v3_a8,1.0,0,1.0,12.2,16.55,
axis_sv,3.5,49,always_multiD,0.6667,1,0.9667,100.0,100.0,
axis_sv,3.5,49,union4_bonf,1.0,0,1.0,0.0,4.96,
axis_sv,3.5,49,best_axis_oracle,1.0,2,1.0,0.0,0.01,S_V
axis_sv,3.5,49,sketch1,0.5,2,0.7143,0.0,100.0,
axis_sv,3.5,49,dci_v3,1.0,0,1.0,0.0,4.96,
axis_sv,3.5,49,dci_v3_a8,0.8333,0,0.9524,12.2,16.55,
axis_sv,4.5,0,always_multiD,1.0,3,1.0,100.0,100.0,
axis_sv,4.5,0,union4_bonf,1.0,0,1.0,0.0,4.96,
axis_sv,4.5,0,best_axis_oracle,1.0,2,1.0,0.0,0.01,S_V
axis_sv,4.5,0,sketch1,0.8333,2,0.9048,0.0,100.0,
axis_sv,4.5,0,dci_v3,1.0,0,1.0,0.0,4.96,
axis_sv,4.5,0,dci_v3_a8,1.0,1,1.0,12.2,16.55,
axis_sv,4.5,1,always_multiD,1.0,0,1.0,100.0,100.0,
axis_sv,4.5,1,union4_bonf,1.0,2,1.0,0.0,4.96,
axis_sv,4.5,1,best_axis_oracle,1.0,3,1.0,0.0,0.01,S_V
axis_sv,4.5,1,sketch1,0.8333,2,0.9762,0.0,100.0,
axis_sv,4.5,1,dci_v3,1.0,2,1.0,0.0,4.96,
axis_sv,4.5,1,dci_v3_a8,1.0,2,0.9714,12.2,16.55,
axis_sv,4.5,2,always_multiD,0.6667,1,0.981,100.0,100.0,
axis_sv,4.5,2,union4_bonf,0.8333,2,0.9714,0.0,4.96,
axis_sv,4.5,2,best_axis_oracle,0.8333,3,0.981,0.0,0.01,S_V
axis_sv,4.5,2,sketch1,0.6667,1,0.7571,0.0,100.0,
axis_sv,4.5,2,dci_v3,0.8333,2,0.9714,0.0,4.96,
axis_sv,4.5,2,dci_v3_a8,0.8333,2,0.9286,12.2,16.55,
axis_sv,4.5,3,always_multiD,1.0,1,1.0,100.0,100.0,
axis_sv,4.5,3,union4_bonf,1.0,4,1.0,0.0,4.96,
axis_sv,4.5,3,best_axis_oracle,1.0,4,1.0,0.0,0.01,S_V
axis_sv,4.5,3,sketch1,0.5,1,0.8286,0.0,100.0,
axis_sv,4.5,3,dci_v3,1.0,4,1.0,0.0,4.96,
axis_sv,4.5,3,dci_v3_a8,1.0,4,0.981,12.2,16.55,
axis_sv,4.5,4,always_multiD,1.0,3,1.0,100.0,100.0,
axis_sv,4.5,4,union4_bonf,1.0,4,1.0,0.0,4.96,
axis_sv,4.5,4,best_axis_oracle,1.0,1,1.0,0.0,0.01,S_V
axis_sv,4.5,4,sketch1,0.5,3,0.8333,0.0,100.0,
axis_sv,4.5,4,dci_v3,1.0,4,1.0,0.0,4.96,
axis_sv,4.5,4,dci_v3_a8,1.0,4,1.0,14.6,18.87,
axis_sv,4.5,5,always_multiD,0.6667,8,0.8762,100.0,100.0,
axis_sv,4.5,5,union4_bonf,0.8333,4,0.9571,0.0,4.96,
axis_sv,4.5,5,best_axis_oracle,1.0,0,1.0,0.0,0.01,S_V
axis_sv,4.5,5,sketch1,0.6667,4,0.8,0.0,100.0,
axis_sv,4.5,5,dci_v3,0.8333,4,0.9571,0.0,4.96,
axis_sv,4.5,5,dci_v3_a8,0.8333,4,0.9571,12.2,16.55,
axis_sv,4.5,6,always_multiD,1.0,1,1.0,100.0,100.0,
axis_sv,4.5,6,union4_bonf,1.0,0,1.0,0.0,4.96,
axis_sv,4.5,6,best_axis_oracle,1.0,1,1.0,0.0,0.01,S_V
axis_sv,4.5,6,sketch1,0.3333,1,0.9048,0.0,100.0,
axis_sv,4.5,6,dci_v3,1.0,0,1.0,0.0,4.96,
axis_sv,4.5,6,dci_v3_a8,1.0,0,1.0,14.6,18.87,
axis_sv,4.5,7,always_multiD,1.0,1,0.9952,100.0,100.0,
axis_sv,4.5,7,union4_bonf,1.0,2,1.0,0.0,4.96,
axis_sv,4.5,7,best_axis_oracle,1.0,2,1.0,0.0,0.01,S_V
axis_sv,4.5,7,sketch1,0.6667,3,0.9667,0.0,100.0,
axis_sv,4.5,7,dci_v3,1.0,2,1.0,0.0,4.96,
axis_sv,4.5,7,dci_v3_a8,1.0,2,1.0,12.2,16.55,
axis_sv,4.5,8,always_multiD,1.0,2,1.0,100.0,100.0,
axis_sv,4.5,8,union4_bonf,1.0,3,1.0,0.0,4.96,
axis_sv,4.5,8,best_axis_oracle,1.0,0,1.0,0.0,0.01,S_V
axis_sv,4.5,8,sketch1,0.6667,3,0.8952,0.0,100.0,
axis_sv,4.5,8,dci_v3,1.0,3,1.0,0.0,4.96,
axis_sv,4.5,8,dci_v3_a8,1.0,2,1.0,14.6,18.87,
axis_sv,4.5,9,always_multiD,1.0,0,1.0,100.0,100.0,
axis_sv,4.5,9,union4_bonf,1.0,0,1.0,0.0,4.96,
axis_sv,4.5,9,best_axis_oracle,1.0,2,1.0,0.0,0.01,S_V
axis_sv,4.5,9,sketch1,0.6667,3,0.9524,0.0,100.0,
axis_sv,4.5,9,dci_v3,1.0,0,1.0,0.0,4.96,
axis_sv,4.5,9,dci_v3_a8,1.0,0,1.0,12.2,16.55,
axis_sv,4.5,10,always_multiD,1.0,2,1.0,100.0,100.0,
axis_sv,4.5,10,union4_bonf,1.0,1,1.0,0.0,4.96,
axis_sv,4.5,10,best_axis_oracle,1.0,1,1.0,0.0,0.01,S_V
axis_sv,4.5,10,sketch1,0.8333,1,0.9571,0.0,100.0,
axis_sv,4.5,10,dci_v3,1.0,1,1.0,0.0,4.96,
axis_sv,4.5,10,dci_v3_a8,1.0,0,1.0,12.2,16.55,
axis_sv,4.5,11,always_multiD,1.0,3,1.0,100.0,100.0,
axis_sv,4.5,11,union4_bonf,1.0,3,1.0,0.0,4.96,
axis_sv,4.5,11,best_axis_oracle,1.0,3,1.0,0.0,0.01,S_V
axis_sv,4.5,11,sketch1,0.5,1,0.9476,0.0,100.0,
axis_sv,4.5,11,dci_v3,1.0,3,1.0,0.0,4.96,
axis_sv,4.5,11,dci_v3_a8,1.0,3,1.0,12.2,16.55,
axis_sv,4.5,12,always_multiD,1.0,3,0.9667,100.0,100.0,
axis_sv,4.5,12,union4_bonf,1.0,3,0.9762,0.0,4.96,
axis_sv,4.5,12,best_axis_oracle,1.0,1,1.0,0.0,0.01,S_V
axis_sv,4.5,12,sketch1,0.6667,0,0.9524,0.0,100.0,
axis_sv,4.5,12,dci_v3,1.0,3,0.9762,0.0,4.96,
axis_sv,4.5,12,dci_v3_a8,1.0,3,0.9762,12.2,16.55,
axis_sv,4.5,13,always_multiD,0.8333,1,0.9762,100.0,100.0,
axis_sv,4.5,13,union4_bonf,0.8333,1,0.9952,0.0,4.96,
axis_sv,4.5,13,best_axis_oracle,1.0,0,1.0,0.0,0.01,S_V
axis_sv,4.5,13,sketch1,0.3333,0,0.8952,0.0,100.0,
axis_sv,4.5,13,dci_v3,0.8333,1,0.9952,0.0,4.96,
axis_sv,4.5,13,dci_v3_a8,0.8333,1,0.9952,12.2,16.55,
axis_sv,4.5,14,always_multiD,0.5,0,0.981,100.0,100.0,
axis_sv,4.5,14,union4_bonf,0.8333,0,0.9905,0.0,4.96,
axis_sv,4.5,14,best_axis_oracle,1.0,0,1.0,0.0,0.01,S_V
axis_sv,4.5,14,sketch1,0.5,2,0.9429,0.0,100.0,
axis_sv,4.5,14,dci_v3,0.8333,0,0.9905,0.0,4.96,
axis_sv,4.5,14,dci_v3_a8,0.6667,0,0.9238,12.2,16.55,
axis_sv,4.5,15,always_multiD,0.6667,2,0.8952,100.0,100.0,
axis_sv,4.5,15,union4_bonf,0.8333,3,0.9238,0.0,4.96,
axis_sv,4.5,15,best_axis_oracle,0.8333,4,0.9619,0.0,0.01,S_V
axis_sv,4.5,15,sketch1,0.5,6,0.7286,0.0,100.0,
axis_sv,4.5,15,dci_v3,0.8333,3,0.9238,0.0,4.96,
axis_sv,4.5,15,dci_v3_a8,0.6667,3,0.8714,12.2,16.55,
axis_sv,4.5,16,always_multiD,1.0,0,1.0,100.0,100.0,
axis_sv,4.5,16,union4_bonf,1.0,0,1.0,0.0,4.96,
axis_sv,4.5,16,best_axis_oracle,1.0,0,1.0,0.0,0.01,S_V
axis_sv,4.5,16,sketch1,0.1667,1,0.7238,0.0,100.0,
axis_sv,4.5,16,dci_v3,1.0,0,1.0,0.0,4.96,
axis_sv,4.5,16,dci_v3_a8,1.0,0,1.0,14.6,18.87,
axis_sv,4.5,17,always_multiD,0.8333,2,0.981,100.0,100.0,
axis_sv,4.5,17,union4_bonf,1.0,0,1.0,0.0,4.96,
axis_sv,4.5,17,best_axis_oracle,1.0,0,1.0,0.0,0.01,S_V
axis_sv,4.5,17,sketch1,0.5,1,0.781,0.0,100.0,
axis_sv,4.5,17,dci_v3,1.0,0,1.0,0.0,4.96,
axis_sv,4.5,17,dci_v3_a8,1.0,0,0.9857,12.2,16.55,
axis_sv,4.5,18,always_multiD,1.0,2,1.0,100.0,100.0,
axis_sv,4.5,18,union4_bonf,1.0,3,1.0,0.0,4.96,
axis_sv,4.5,18,best_axis_oracle,1.0,2,1.0,0.0,0.01,S_V
axis_sv,4.5,18,sketch1,0.6667,2,0.881,0.0,100.0,
axis_sv,4.5,18,dci_v3,1.0,3,1.0,0.0,4.96,
axis_sv,4.5,18,dci_v3_a8,1.0,3,1.0,12.2,16.55,
axis_sv,4.5,19,always_multiD,1.0,3,0.9952,100.0,100.0,
axis_sv,4.5,19,union4_bonf,1.0,3,1.0,0.0,4.96,
axis_sv,4.5,19,best_axis_oracle,1.0,1,1.0,0.0,0.01,S_V
axis_sv,4.5,19,sketch1,0.8333,4,0.9667,0.0,100.0,
axis_sv,4.5,19,dci_v3,1.0,3,1.0,0.0,4.96,
axis_sv,4.5,19,dci_v3_a8,1.0,3,1.0,12.2,16.55,
axis_sv,4.5,20,always_multiD,1.0,1,1.0,100.0,100.0,
axis_sv,4.5,20,union4_bonf,1.0,1,1.0,0.0,4.96,
axis_sv,4.5,20,best_axis_oracle,1.0,2,1.0,0.0,0.01,S_V
axis_sv,4.5,20,sketch1,0.6667,1,0.9905,0.0,100.0,
axis_sv,4.5,20,dci_v3,1.0,1,1.0,0.0,4.96,
axis_sv,4.5,20,dci_v3_a8,1.0,1,1.0,12.2,16.55,
axis_sv,4.5,21,always_multiD,1.0,3,0.9857,100.0,100.0,
axis_sv,4.5,21,union4_bonf,1.0,3,0.9952,0.0,4.96,
axis_sv,4.5,21,best_axis_oracle,1.0,3,1.0,0.0,0.01,S_V
axis_sv,4.5,21,sketch1,0.8333,6,0.8524,0.0,100.0,
axis_sv,4.5,21,dci_v3,1.0,3,0.9952,0.0,4.96,
axis_sv,4.5,21,dci_v3_a8,1.0,3,0.9952,12.2,16.55,
axis_sv,4.5,22,always_multiD,1.0,3,1.0,100.0,100.0,
axis_sv,4.5,22,union4_bonf,1.0,1,1.0,0.0,4.96,
axis_sv,4.5,22,best_axis_oracle,1.0,3,1.0,0.0,0.01,S_V
axis_sv,4.5,22,sketch1,0.5,4,0.9286,0.0,100.0,
axis_sv,4.5,22,dci_v3,1.0,1,1.0,0.0,4.96,
axis_sv,4.5,22,dci_v3_a8,1.0,3,1.0,12.2,16.55,
axis_sv,4.5,23,always_multiD,0.8333,3,0.9857,100.0,100.0,
axis_sv,4.5,23,union4_bonf,1.0,2,1.0,0.0,4.96,
axis_sv,4.5,23,best_axis_oracle,1.0,0,1.0,0.0,0.01,S_V
axis_sv,4.5,23,sketch1,0.5,4,0.8238,0.0,100.0,
axis_sv,4.5,23,dci_v3,1.0,2,1.0,0.0,4.96,
axis_sv,4.5,23,dci_v3_a8,1.0,2,0.9905,12.2,16.55,
axis_sv,4.5,24,always_multiD,1.0,0,1.0,100.0,100.0,
axis_sv,4.5,24,union4_bonf,1.0,1,0.9952,0.0,4.96,
axis_sv,4.5,24,best_axis_oracle,1.0,2,0.9952,0.0,0.01,S_V
axis_sv,4.5,24,sketch1,0.5,4,0.7905,0.0,100.0,
axis_sv,4.5,24,dci_v3,1.0,1,0.9952,0.0,4.96,
axis_sv,4.5,24,dci_v3_a8,1.0,1,0.9952,12.2,16.55,
axis_sv,4.5,25,always_multiD,0.8333,0,0.9571,100.0,100.0,
axis_sv,4.5,25,union4_bonf,0.6667,1,0.9762,0.0,4.96,
axis_sv,4.5,25,best_axis_oracle,1.0,2,0.9952,0.0,0.01,S_V
axis_sv,4.5,25,sketch1,0.6667,0,0.9667,0.0,100.0,
axis_sv,4.5,25,dci_v3,0.6667,1,0.9762,0.0,4.96,
axis_sv,4.5,25,dci_v3_a8,0.6667,0,0.9857,12.2,16.55,
axis_sv,4.5,26,always_multiD,1.0,1,0.9952,100.0,100.0,
axis_sv,4.5,26,union4_bonf,1.0,0,1.0,0.0,4.96,
axis_sv,4.5,26,best_axis_oracle,1.0,2,1.0,0.0,0.01,S_V
axis_sv,4.5,26,sketch1,0.3333,0,0.7905,0.0,100.0,
axis_sv,4.5,26,dci_v3,1.0,0,1.0,0.0,4.96,
axis_sv,4.5,26,dci_v3_a8,1.0,0,0.981,12.2,16.55,
axis_sv,4.5,27,always_multiD,1.0,2,0.9952,100.0,100.0,
axis_sv,4.5,27,union4_bonf,1.0,2,1.0,0.0,4.96,
axis_sv,4.5,27,best_axis_oracle,1.0,1,1.0,0.0,0.01,S_V
axis_sv,4.5,27,sketch1,0.3333,1,0.9,0.0,100.0,
axis_sv,4.5,27,dci_v3,1.0,2,1.0,0.0,4.96,
axis_sv,4.5,27,dci_v3_a8,1.0,2,1.0,12.2,16.55,
axis_sv,4.5,28,always_multiD,1.0,0,1.0,100.0,100.0,
axis_sv,4.5,28,union4_bonf,1.0,3,1.0,0.0,4.96,
axis_sv,4.5,28,best_axis_oracle,1.0,2,1.0,0.0,0.01,S_V
axis_sv,4.5,28,sketch1,0.1667,3,0.7238,0.0,100.0,
axis_sv,4.5,28,dci_v3,1.0,3,1.0,0.0,4.96,
axis_sv,4.5,28,dci_v3_a8,1.0,3,1.0,12.2,16.55,
axis_sv,4.5,29,always_multiD,1.0,3,1.0,100.0,100.0,
axis_sv,4.5,29,union4_bonf,1.0,1,1.0,0.0,4.96,
axis_sv,4.5,29,best_axis_oracle,1.0,0,1.0,0.0,0.01,S_V
axis_sv,4.5,29,sketch1,0.5,3,0.8143,0.0,100.0,
axis_sv,4.5,29,dci_v3,1.0,1,1.0,0.0,4.96,
axis_sv,4.5,29,dci_v3_a8,1.0,2,1.0,12.2,16.55,
axis_sv,4.5,30,always_multiD,1.0,1,0.9905,100.0,100.0,
axis_sv,4.5,30,union4_bonf,1.0,1,0.9952,0.0,4.96,
axis_sv,4.5,30,best_axis_oracle,1.0,2,1.0,0.0,0.01,S_V
axis_sv,4.5,30,sketch1,0.5,1,0.8143,0.0,100.0,
axis_sv,4.5,30,dci_v3,1.0,1,0.9952,0.0,4.96,
axis_sv,4.5,30,dci_v3_a8,1.0,1,0.9952,12.2,16.55,
axis_sv,4.5,31,always_multiD,0.6667,2,0.9714,100.0,100.0,
axis_sv,4.5,31,union4_bonf,1.0,0,1.0,0.0,4.96,
axis_sv,4.5,31,best_axis_oracle,1.0,0,1.0,0.0,0.01,S_V
axis_sv,4.5,31,sketch1,0.6667,0,0.9381,0.0,100.0,
axis_sv,4.5,31,dci_v3,1.0,0,1.0,0.0,4.96,
axis_sv,4.5,31,dci_v3_a8,1.0,0,1.0,12.2,16.55,
axis_sv,4.5,32,always_multiD,0.6667,0,0.9952,100.0,100.0,
axis_sv,4.5,32,union4_bonf,1.0,0,1.0,0.0,4.96,
axis_sv,4.5,32,best_axis_oracle,1.0,1,1.0,0.0,0.01,S_V
axis_sv,4.5,32,sketch1,0.6667,1,0.9714,0.0,100.0,
axis_sv,4.5,32,dci_v3,1.0,0,1.0,0.0,4.96,
axis_sv,4.5,32,dci_v3_a8,0.8333,0,0.9762,12.2,16.55,
axis_sv,4.5,33,always_multiD,1.0,1,0.9857,100.0,100.0,
axis_sv,4.5,33,union4_bonf,1.0,1,1.0,0.0,4.96,
axis_sv,4.5,33,best_axis_oracle,1.0,2,1.0,0.0,0.01,S_V
axis_sv,4.5,33,sketch1,0.5,1,0.9667,0.0,100.0,
axis_sv,4.5,33,dci_v3,1.0,1,1.0,0.0,4.96,
axis_sv,4.5,33,dci_v3_a8,1.0,1,0.9952,12.2,16.55,
axis_sv,4.5,34,always_multiD,1.0,1,1.0,100.0,100.0,
axis_sv,4.5,34,union4_bonf,1.0,2,1.0,0.0,4.96,
axis_sv,4.5,34,best_axis_oracle,1.0,3,1.0,0.0,0.01,S_V
axis_sv,4.5,34,sketch1,0.8333,2,0.9762,0.0,100.0,
axis_sv,4.5,34,dci_v3,1.0,2,1.0,0.0,4.96,
axis_sv,4.5,34,dci_v3_a8,1.0,1,1.0,12.2,16.55,
axis_sv,4.5,35,always_multiD,1.0,1,1.0,100.0,100.0,
axis_sv,4.5,35,union4_bonf,1.0,2,1.0,0.0,4.96,
axis_sv,4.5,35,best_axis_oracle,1.0,5,1.0,0.0,0.01,S_V
axis_sv,4.5,35,sketch1,0.6667,3,0.9476,0.0,100.0,
axis_sv,4.5,35,dci_v3,1.0,2,1.0,0.0,4.96,
axis_sv,4.5,35,dci_v3_a8,1.0,2,1.0,12.2,16.55,
axis_sv,4.5,36,always_multiD,1.0,2,1.0,100.0,100.0,
axis_sv,4.5,36,union4_bonf,1.0,1,1.0,0.0,4.96,
axis_sv,4.5,36,best_axis_oracle,1.0,2,1.0,0.0,0.01,S_V
axis_sv,4.5,36,sketch1,0.6667,1,0.9905,0.0,100.0,
axis_sv,4.5,36,dci_v3,1.0,1,1.0,0.0,4.96,
axis_sv,4.5,36,dci_v3_a8,1.0,1,1.0,12.2,16.55,
axis_sv,4.5,37,always_multiD,1.0,2,0.9952,100.0,100.0,
axis_sv,4.5,37,union4_bonf,1.0,1,1.0,0.0,4.96,
axis_sv,4.5,37,best_axis_oracle,1.0,4,1.0,0.0,0.01,S_V
axis_sv,4.5,37,sketch1,0.5,0,0.9429,0.0,100.0,
axis_sv,4.5,37,dci_v3,1.0,1,1.0,0.0,4.96,
axis_sv,4.5,37,dci_v3_a8,1.0,2,1.0,12.2,16.55,
axis_sv,4.5,38,always_multiD,0.6667,1,0.9714,100.0,100.0,
axis_sv,4.5,38,union4_bonf,0.8333,0,1.0,0.0,4.96,
axis_sv,4.5,38,best_axis_oracle,1.0,1,1.0,0.0,0.01,S_V
axis_sv,4.5,38,sketch1,0.3333,0,0.9238,0.0,100.0,
axis_sv,4.5,38,dci_v3,0.8333,0,1.0,0.0,4.96,
axis_sv,4.5,38,dci_v3_a8,0.8333,0,1.0,12.2,16.55,
axis_sv,4.5,39,always_multiD,1.0,1,1.0,100.0,100.0,
axis_sv,4.5,39,union4_bonf,1.0,1,1.0,0.0,4.96,
axis_sv,4.5,39,best_axis_oracle,1.0,1,1.0,0.0,0.01,S_V
axis_sv,4.5,39,sketch1,0.6667,0,0.9524,0.0,100.0,
axis_sv,4.5,39,dci_v3,1.0,1,1.0,0.0,4.96,
axis_sv,4.5,39,dci_v3_a8,1.0,1,1.0,12.2,16.55,
axis_sv,4.5,40,always_multiD,1.0,3,1.0,100.0,100.0,
axis_sv,4.5,40,union4_bonf,1.0,3,0.9952,0.0,4.96,
axis_sv,4.5,40,best_axis_oracle,1.0,1,1.0,0.0,0.01,S_V
axis_sv,4.5,40,sketch1,0.3333,3,0.8905,0.0,100.0,
axis_sv,4.5,40,dci_v3,1.0,3,0.9952,0.0,4.96,
axis_sv,4.5,40,dci_v3_a8,1.0,3,0.9952,12.2,16.55,
axis_sv,4.5,41,always_multiD,1.0,2,1.0,100.0,100.0,
axis_sv,4.5,41,union4_bonf,1.0,1,1.0,0.0,4.96,
axis_sv,4.5,41,best_axis_oracle,1.0,5,1.0,0.0,0.01,S_V
axis_sv,4.5,41,sketch1,0.8333,1,0.8857,0.0,100.0,
axis_sv,4.5,41,dci_v3,1.0,1,1.0,0.0,4.96,
axis_sv,4.5,41,dci_v3_a8,1.0,1,1.0,12.2,16.55,
axis_sv,4.5,42,always_multiD,1.0,3,0.9952,100.0,100.0,
axis_sv,4.5,42,union4_bonf,1.0,1,1.0,0.0,4.96,
axis_sv,4.5,42,best_axis_oracle,1.0,2,1.0,0.0,0.01,S_V
axis_sv,4.5,42,sketch1,0.5,3,0.8,0.0,100.0,
axis_sv,4.5,42,dci_v3,1.0,1,1.0,0.0,4.96,
axis_sv,4.5,42,dci_v3_a8,1.0,1,1.0,12.2,16.55,
axis_sv,4.5,43,always_multiD,1.0,0,1.0,100.0,100.0,
axis_sv,4.5,43,union4_bonf,1.0,2,1.0,0.0,4.96,
axis_sv,4.5,43,best_axis_oracle,1.0,1,1.0,0.0,0.01,S_V
axis_sv,4.5,43,sketch1,0.6667,3,0.8762,0.0,100.0,
axis_sv,4.5,43,dci_v3,1.0,2,1.0,0.0,4.96,
axis_sv,4.5,43,dci_v3_a8,1.0,1,1.0,12.2,16.55,
axis_sv,4.5,44,always_multiD,0.8333,1,0.9476,100.0,100.0,
axis_sv,4.5,44,union4_bonf,0.8333,1,0.9905,0.0,4.96,
axis_sv,4.5,44,best_axis_oracle,1.0,2,1.0,0.0,0.01,S_V
axis_sv,4.5,44,sketch1,0.3333,2,0.7524,0.0,100.0,
axis_sv,4.5,44,dci_v3,0.8333,1,0.9905,0.0,4.96,
axis_sv,4.5,44,dci_v3_a8,0.8333,1,0.9905,14.6,18.87,
axis_sv,4.5,45,always_multiD,1.0,1,1.0,100.0,100.0,
axis_sv,4.5,45,union4_bonf,1.0,2,1.0,0.0,4.96,
axis_sv,4.5,45,best_axis_oracle,1.0,1,1.0,0.0,0.01,S_V
axis_sv,4.5,45,sketch1,0.8333,3,0.8952,0.0,100.0,
axis_sv,4.5,45,dci_v3,1.0,2,1.0,0.0,4.96,
axis_sv,4.5,45,dci_v3_a8,1.0,2,1.0,12.2,16.55,
axis_sv,4.5,46,always_multiD,1.0,0,1.0,100.0,100.0,
axis_sv,4.5,46,union4_bonf,1.0,1,1.0,0.0,4.96,
axis_sv,4.5,46,best_axis_oracle,1.0,0,1.0,0.0,0.01,S_V
axis_sv,4.5,46,sketch1,0.8333,1,0.9857,0.0,100.0,
axis_sv,4.5,46,dci_v3,1.0,1,1.0,0.0,4.96,
axis_sv,4.5,46,dci_v3_a8,1.0,1,1.0,12.2,16.55,
axis_sv,4.5,47,always_multiD,1.0,2,1.0,100.0,100.0,
axis_sv,4.5,47,union4_bonf,1.0,0,1.0,0.0,4.96,
axis_sv,4.5,47,best_axis_oracle,1.0,2,1.0,0.0,0.01,S_V
axis_sv,4.5,47,sketch1,0.8333,5,0.9524,0.0,100.0,
axis_sv,4.5,47,dci_v3,1.0,0,1.0,0.0,4.96,
axis_sv,4.5,47,dci_v3_a8,1.0,1,1.0,12.2,16.55,
axis_sv,4.5,48,always_multiD,1.0,2,1.0,100.0,100.0,
axis_sv,4.5,48,union4_bonf,1.0,3,1.0,0.0,4.96,
axis_sv,4.5,48,best_axis_oracle,1.0,2,1.0,0.0,0.01,S_V
axis_sv,4.5,48,sketch1,1.0,0,1.0,0.0,100.0,
axis_sv,4.5,48,dci_v3,1.0,3,1.0,0.0,4.96,
axis_sv,4.5,48,dci_v3_a8,1.0,3,1.0,12.2,16.55,
axis_sv,4.5,49,always_multiD,1.0,3,0.9857,100.0,100.0,
axis_sv,4.5,49,union4_bonf,1.0,1,1.0,0.0,4.96,
axis_sv,4.5,49,best_axis_oracle,1.0,1,1.0,0.0,0.01,S_V
axis_sv,4.5,49,sketch1,0.6667,5,0.7524,0.0,100.0,
axis_sv,4.5,49,dci_v3,1.0,1,1.0,12.2,16.55,
axis_sv,4.5,49,dci_v3_a8,1.0,1,0.9952,24.4,28.14,
axis_sv,6.0,0,always_multiD,1.0,3,1.0,100.0,100.0,
axis_sv,6.0,0,union4_bonf,1.0,4,1.0,0.0,4.96,
axis_sv,6.0,0,best_axis_oracle,1.0,0,1.0,0.0,0.01,S_V
axis_sv,6.0,0,sketch1,0.8333,5,0.9286,0.0,100.0,
axis_sv,6.0,0,dci_v3,1.0,4,1.0,0.0,4.96,
axis_sv,6.0,0,dci_v3_a8,1.0,4,1.0,12.2,16.55,
axis_sv,6.0,1,always_multiD,1.0,2,1.0,100.0,100.0,
axis_sv,6.0,1,union4_bonf,1.0,1,1.0,0.0,4.96,
axis_sv,6.0,1,best_axis_oracle,1.0,0,1.0,0.0,0.01,S_V
axis_sv,6.0,1,sketch1,0.8333,3,0.8524,0.0,100.0,
axis_sv,6.0,1,dci_v3,1.0,1,1.0,0.0,4.96,
axis_sv,6.0,1,dci_v3_a8,1.0,1,1.0,12.2,16.55,
axis_sv,6.0,2,always_multiD,1.0,2,1.0,100.0,100.0,
axis_sv,6.0,2,union4_bonf,1.0,0,1.0,0.0,4.96,
axis_sv,6.0,2,best_axis_oracle,1.0,4,1.0,0.0,0.01,S_V
axis_sv,6.0,2,sketch1,1.0,0,1.0,0.0,100.0,
axis_sv,6.0,2,dci_v3,1.0,0,1.0,0.0,4.96,
axis_sv,6.0,2,dci_v3_a8,1.0,0,1.0,12.2,16.55,
axis_sv,6.0,3,always_multiD,1.0,2,1.0,100.0,100.0,
axis_sv,6.0,3,union4_bonf,1.0,1,1.0,0.0,4.96,
axis_sv,6.0,3,best_axis_oracle,1.0,2,1.0,0.0,0.01,S_V
axis_sv,6.0,3,sketch1,0.8333,2,0.9238,0.0,100.0,
axis_sv,6.0,3,dci_v3,1.0,1,1.0,0.0,4.96,
axis_sv,6.0,3,dci_v3_a8,1.0,1,1.0,12.2,16.55,
axis_sv,6.0,4,always_multiD,1.0,1,1.0,100.0,100.0,
axis_sv,6.0,4,union4_bonf,1.0,1,1.0,0.0,4.96,
axis_sv,6.0,4,best_axis_oracle,1.0,0,1.0,0.0,0.01,S_V
axis_sv,6.0,4,sketch1,1.0,0,1.0,0.0,100.0,
axis_sv,6.0,4,dci_v3,1.0,1,1.0,0.0,4.96,
axis_sv,6.0,4,dci_v3_a8,1.0,1,1.0,14.6,18.87,
axis_sv,6.0,5,always_multiD,1.0,1,0.9952,100.0,100.0,
axis_sv,6.0,5,union4_bonf,1.0,1,1.0,0.0,4.96,
axis_sv,6.0,5,best_axis_oracle,1.0,1,1.0,0.0,0.01,S_V
axis_sv,6.0,5,sketch1,1.0,2,0.9905,0.0,100.0,
axis_sv,6.0,5,dci_v3,1.0,1,1.0,0.0,4.96,
axis_sv,6.0,5,dci_v3_a8,1.0,1,1.0,12.2,16.55,
axis_sv,6.0,6,always_multiD,1.0,0,1.0,100.0,100.0,
axis_sv,6.0,6,union4_bonf,1.0,0,1.0,0.0,4.96,
axis_sv,6.0,6,best_axis_oracle,1.0,2,1.0,0.0,0.01,S_V
axis_sv,6.0,6,sketch1,0.8333,1,0.9952,0.0,100.0,
axis_sv,6.0,6,dci_v3,1.0,0,1.0,0.0,4.96,
axis_sv,6.0,6,dci_v3_a8,1.0,0,1.0,14.6,18.87,
axis_sv,6.0,7,always_multiD,1.0,2,1.0,100.0,100.0,
axis_sv,6.0,7,union4_bonf,1.0,1,1.0,0.0,4.96,
axis_sv,6.0,7,best_axis_oracle,1.0,4,1.0,0.0,0.01,S_V
axis_sv,6.0,7,sketch1,0.8333,2,0.9857,0.0,100.0,
axis_sv,6.0,7,dci_v3,1.0,1,1.0,0.0,4.96,
axis_sv,6.0,7,dci_v3_a8,1.0,1,1.0,12.2,16.55,
axis_sv,6.0,8,always_multiD,1.0,2,1.0,100.0,100.0,
axis_sv,6.0,8,union4_bonf,1.0,2,1.0,0.0,4.96,
axis_sv,6.0,8,best_axis_oracle,1.0,0,1.0,0.0,0.01,S_V
axis_sv,6.0,8,sketch1,1.0,4,1.0,0.0,100.0,
axis_sv,6.0,8,dci_v3,1.0,2,1.0,0.0,4.96,
axis_sv,6.0,8,dci_v3_a8,1.0,2,1.0,14.6,18.87,
axis_sv,6.0,9,always_multiD,1.0,2,1.0,100.0,100.0,
axis_sv,6.0,9,union4_bonf,1.0,2,1.0,0.0,4.96,
axis_sv,6.0,9,best_axis_oracle,1.0,0,1.0,0.0,0.01,S_V
axis_sv,6.0,9,sketch1,1.0,1,1.0,0.0,100.0,
axis_sv,6.0,9,dci_v3,1.0,2,1.0,0.0,4.96,
axis_sv,6.0,9,dci_v3_a8,1.0,2,1.0,12.2,16.55,
axis_sv,6.0,10,always_multiD,1.0,2,1.0,100.0,100.0,
axis_sv,6.0,10,union4_bonf,1.0,1,1.0,0.0,4.96,
axis_sv,6.0,10,best_axis_oracle,1.0,3,1.0,0.0,0.01,S_V
axis_sv,6.0,10,sketch1,0.8333,1,0.9952,0.0,100.0,
axis_sv,6.0,10,dci_v3,1.0,1,1.0,0.0,4.96,
axis_sv,6.0,10,dci_v3_a8,1.0,1,1.0,12.2,16.55,
axis_sv,6.0,11,always_multiD,1.0,3,1.0,100.0,100.0,
axis_sv,6.0,11,union4_bonf,1.0,8,1.0,0.0,4.96,
axis_sv,6.0,11,best_axis_oracle,1.0,2,1.0,0.0,0.01,S_V
axis_sv,6.0,11,sketch1,1.0,2,1.0,0.0,100.0,
axis_sv,6.0,11,dci_v3,1.0,8,1.0,0.0,4.96,
axis_sv,6.0,11,dci_v3_a8,1.0,7,1.0,12.2,16.55,
axis_sv,6.0,12,always_multiD,1.0,3,1.0,100.0,100.0,
axis_sv,6.0,12,union4_bonf,1.0,3,1.0,0.0,4.96,
axis_sv,6.0,12,best_axis_oracle,1.0,0,1.0,0.0,0.01,S_V
axis_sv,6.0,12,sketch1,1.0,0,1.0,0.0,100.0,
axis_sv,6.0,12,dci_v3,1.0,3,1.0,0.0,4.96,
axis_sv,6.0,12,dci_v3_a8,1.0,3,1.0,12.2,16.55,
axis_sv,6.0,13,always_multiD,1.0,0,1.0,100.0,100.0,
axis_sv,6.0,13,union4_bonf,1.0,1,1.0,0.0,4.96,
axis_sv,6.0,13,best_axis_oracle,1.0,2,1.0,0.0,0.01,S_V
axis_sv,6.0,13,sketch1,1.0,2,0.9952,0.0,100.0,
axis_sv,6.0,13,dci_v3,1.0,1,1.0,0.0,4.96,
axis_sv,6.0,13,dci_v3_a8,1.0,1,1.0,12.2,16.55,
axis_sv,6.0,14,always_multiD,1.0,2,1.0,100.0,100.0,
axis_sv,6.0,14,union4_bonf,1.0,3,1.0,0.0,4.96,
axis_sv,6.0,14,best_axis_oracle,1.0,3,1.0,0.0,0.01,S_V
axis_sv,6.0,14,sketch1,0.8333,3,0.9524,0.0,100.0,
axis_sv,6.0,14,dci_v3,1.0,3,1.0,0.0,4.96,
axis_sv,6.0,14,dci_v3_a8,1.0,3,1.0,12.2,16.55,
axis_sv,6.0,15,always_multiD,1.0,0,1.0,100.0,100.0,
axis_sv,6.0,15,union4_bonf,1.0,0,1.0,0.0,4.96,
axis_sv,6.0,15,best_axis_oracle,1.0,2,1.0,0.0,0.01,S_V
axis_sv,6.0,15,sketch1,1.0,1,1.0,0.0,100.0,
axis_sv,6.0,15,dci_v3,1.0,0,1.0,0.0,4.96,
axis_sv,6.0,15,dci_v3_a8,1.0,0,1.0,12.2,16.55,
axis_sv,6.0,16,always_multiD,1.0,3,1.0,100.0,100.0,
axis_sv,6.0,16,union4_bonf,1.0,2,1.0,0.0,4.96,
axis_sv,6.0,16,best_axis_oracle,1.0,0,1.0,0.0,0.01,S_V
axis_sv,6.0,16,sketch1,0.8333,3,0.981,0.0,100.0,
axis_sv,6.0,16,dci_v3,1.0,2,1.0,0.0,4.96,
axis_sv,6.0,16,dci_v3_a8,1.0,2,1.0,14.6,18.87,
axis_sv,6.0,17,always_multiD,1.0,0,1.0,100.0,100.0,
axis_sv,6.0,17,union4_bonf,1.0,0,1.0,0.0,4.96,
axis_sv,6.0,17,best_axis_oracle,1.0,0,1.0,0.0,0.01,S_V
axis_sv,6.0,17,sketch1,0.3333,0,0.9857,0.0,100.0,
axis_sv,6.0,17,dci_v3,1.0,0,1.0,0.0,4.96,
axis_sv,6.0,17,dci_v3_a8,1.0,0,1.0,12.2,16.55,
axis_sv,6.0,18,always_multiD,1.0,2,1.0,100.0,100.0,
axis_sv,6.0,18,union4_bonf,1.0,2,1.0,0.0,4.96,
axis_sv,6.0,18,best_axis_oracle,1.0,1,1.0,0.0,0.01,S_V
axis_sv,6.0,18,sketch1,0.6667,7,0.9238,0.0,100.0,
axis_sv,6.0,18,dci_v3,1.0,2,1.0,0.0,4.96,
axis_sv,6.0,18,dci_v3_a8,1.0,1,1.0,12.2,16.55,
axis_sv,6.0,19,always_multiD,1.0,2,1.0,100.0,100.0,
axis_sv,6.0,19,union4_bonf,1.0,2,1.0,0.0,4.96,
axis_sv,6.0,19,best_axis_oracle,1.0,3,1.0,0.0,0.01,S_V
axis_sv,6.0,19,sketch1,1.0,3,0.9476,0.0,100.0,
axis_sv,6.0,19,dci_v3,1.0,2,1.0,0.0,4.96,
axis_sv,6.0,19,dci_v3_a8,1.0,2,1.0,12.2,16.55,
axis_sv,6.0,20,always_multiD,1.0,1,1.0,100.0,100.0,
axis_sv,6.0,20,union4_bonf,1.0,3,1.0,0.0,4.96,
axis_sv,6.0,20,best_axis_oracle,1.0,2,1.0,0.0,0.01,S_V
axis_sv,6.0,20,sketch1,1.0,5,1.0,0.0,100.0,
axis_sv,6.0,20,dci_v3,1.0,3,1.0,0.0,4.96,
axis_sv,6.0,20,dci_v3_a8,1.0,2,1.0,12.2,16.55,
axis_sv,6.0,21,always_multiD,1.0,0,1.0,100.0,100.0,
axis_sv,6.0,21,union4_bonf,1.0,0,1.0,0.0,4.96,
axis_sv,6.0,21,best_axis_oracle,1.0,0,1.0,0.0,0.01,S_V
axis_sv,6.0,21,sketch1,0.8333,1,0.9905,0.0,100.0,
axis_sv,6.0,21,dci_v3,1.0,0,1.0,0.0,4.96,
axis_sv,6.0,21,dci_v3_a8,1.0,0,1.0,12.2,16.55,
axis_sv,6.0,22,always_multiD,1.0,2,1.0,100.0,100.0,
axis_sv,6.0,22,union4_bonf,1.0,3,1.0,0.0,4.96,
axis_sv,6.0,22,best_axis_oracle,1.0,3,1.0,0.0,0.01,S_V
axis_sv,6.0,22,sketch1,0.8333,1,0.9857,0.0,100.0,
axis_sv,6.0,22,dci_v3,1.0,3,1.0,0.0,4.96,
axis_sv,6.0,22,dci_v3_a8,1.0,3,1.0,12.2,16.55,
axis_sv,6.0,23,always_multiD,1.0,2,0.9952,100.0,100.0,
axis_sv,6.0,23,union4_bonf,1.0,1,1.0,0.0,4.96,
axis_sv,6.0,23,best_axis_oracle,1.0,0,1.0,0.0,0.01,S_V
axis_sv,6.0,23,sketch1,1.0,3,1.0,0.0,100.0,
axis_sv,6.0,23,dci_v3,1.0,1,1.0,0.0,4.96,
axis_sv,6.0,23,dci_v3_a8,1.0,2,1.0,12.2,16.55,
axis_sv,6.0,24,always_multiD,1.0,1,1.0,100.0,100.0,
axis_sv,6.0,24,union4_bonf,1.0,1,1.0,0.0,4.96,
axis_sv,6.0,24,best_axis_oracle,1.0,1,1.0,0.0,0.01,S_V
axis_sv,6.0,24,sketch1,1.0,1,1.0,0.0,100.0,
axis_sv,6.0,24,dci_v3,1.0,1,1.0,0.0,4.96,
axis_sv,6.0,24,dci_v3_a8,1.0,1,1.0,12.2,16.55,
axis_sv,6.0,25,always_multiD,1.0,2,1.0,100.0,100.0,
axis_sv,6.0,25,union4_bonf,1.0,2,1.0,0.0,4.96,
axis_sv,6.0,25,best_axis_oracle,1.0,3,1.0,0.0,0.01,S_V
axis_sv,6.0,25,sketch1,0.6667,2,0.8333,0.0,100.0,
axis_sv,6.0,25,dci_v3,1.0,2,1.0,0.0,4.96,
axis_sv,6.0,25,dci_v3_a8,1.0,2,1.0,12.2,16.55,
axis_sv,6.0,26,always_multiD,1.0,1,1.0,100.0,100.0,
axis_sv,6.0,26,union4_bonf,1.0,1,1.0,0.0,4.96,
axis_sv,6.0,26,best_axis_oracle,1.0,0,1.0,0.0,0.01,S_V
axis_sv,6.0,26,sketch1,1.0,2,0.9857,0.0,100.0,
axis_sv,6.0,26,dci_v3,1.0,1,1.0,0.0,4.96,
axis_sv,6.0,26,dci_v3_a8,1.0,1,1.0,12.2,16.55,
axis_sv,6.0,27,always_multiD,1.0,3,1.0,100.0,100.0,
axis_sv,6.0,27,union4_bonf,1.0,2,1.0,0.0,4.96,
axis_sv,6.0,27,best_axis_oracle,1.0,1,1.0,0.0,0.01,S_V
axis_sv,6.0,27,sketch1,1.0,1,1.0,0.0,100.0,
axis_sv,6.0,27,dci_v3,1.0,2,1.0,0.0,4.96,
axis_sv,6.0,27,dci_v3_a8,1.0,2,1.0,12.2,16.55,
axis_sv,6.0,28,always_multiD,1.0,2,1.0,100.0,100.0,
axis_sv,6.0,28,union4_bonf,1.0,2,1.0,0.0,4.96,
axis_sv,6.0,28,best_axis_oracle,1.0,1,1.0,0.0,0.01,S_V
axis_sv,6.0,28,sketch1,0.8333,2,0.9571,0.0,100.0,
axis_sv,6.0,28,dci_v3,1.0,2,1.0,0.0,4.96,
axis_sv,6.0,28,dci_v3_a8,1.0,2,1.0,12.2,16.55,
axis_sv,6.0,29,always_multiD,1.0,0,1.0,100.0,100.0,
axis_sv,6.0,29,union4_bonf,1.0,0,1.0,0.0,4.96,
axis_sv,6.0,29,best_axis_oracle,1.0,1,1.0,0.0,0.01,S_V
axis_sv,6.0,29,sketch1,1.0,1,0.9952,0.0,100.0,
axis_sv,6.0,29,dci_v3,1.0,0,1.0,0.0,4.96,
axis_sv,6.0,29,dci_v3_a8,1.0,0,1.0,12.2,16.55,
axis_sv,6.0,30,always_multiD,1.0,2,1.0,100.0,100.0,
axis_sv,6.0,30,union4_bonf,1.0,2,1.0,0.0,4.96,
axis_sv,6.0,30,best_axis_oracle,1.0,0,1.0,0.0,0.01,S_V
axis_sv,6.0,30,sketch1,1.0,4,0.9762,0.0,100.0,
axis_sv,6.0,30,dci_v3,1.0,2,1.0,0.0,4.96,
axis_sv,6.0,30,dci_v3_a8,1.0,2,1.0,12.2,16.55,
axis_sv,6.0,31,always_multiD,1.0,2,1.0,100.0,100.0,
axis_sv,6.0,31,union4_bonf,1.0,2,1.0,0.0,4.96,
axis_sv,6.0,31,best_axis_oracle,1.0,0,1.0,0.0,0.01,S_V
axis_sv,6.0,31,sketch1,0.5,1,0.9,0.0,100.0,
axis_sv,6.0,31,dci_v3,1.0,2,1.0,0.0,4.96,
axis_sv,6.0,31,dci_v3_a8,1.0,2,1.0,12.2,16.55,
axis_sv,6.0,32,always_multiD,1.0,4,1.0,100.0,100.0,
axis_sv,6.0,32,union4_bonf,1.0,2,1.0,0.0,4.96,
axis_sv,6.0,32,best_axis_oracle,1.0,1,1.0,0.0,0.01,S_V
axis_sv,6.0,32,sketch1,1.0,1,1.0,0.0,100.0,
axis_sv,6.0,32,dci_v3,1.0,2,1.0,0.0,4.96,
axis_sv,6.0,32,dci_v3_a8,1.0,3,1.0,12.2,16.55,
axis_sv,6.0,33,always_multiD,1.0,1,1.0,100.0,100.0,
axis_sv,6.0,33,union4_bonf,1.0,0,1.0,0.0,4.96,
axis_sv,6.0,33,best_axis_oracle,1.0,1,1.0,0.0,0.01,S_V
axis_sv,6.0,33,sketch1,0.8333,0,1.0,0.0,100.0,
axis_sv,6.0,33,dci_v3,1.0,0,1.0,0.0,4.96,
axis_sv,6.0,33,dci_v3_a8,1.0,0,1.0,12.2,16.55,
axis_sv,6.0,34,always_multiD,1.0,2,1.0,100.0,100.0,
axis_sv,6.0,34,union4_bonf,1.0,0,1.0,0.0,4.96,
axis_sv,6.0,34,best_axis_oracle,1.0,2,1.0,0.0,0.01,S_V
axis_sv,6.0,34,sketch1,1.0,2,1.0,0.0,100.0,
axis_sv,6.0,34,dci_v3,1.0,0,1.0,0.0,4.96,
axis_sv,6.0,34,dci_v3_a8,1.0,0,1.0,12.2,16.55,
axis_sv,6.0,35,always_multiD,1.0,2,1.0,100.0,100.0,
axis_sv,6.0,35,union4_bonf,1.0,2,1.0,0.0,4.96,
axis_sv,6.0,35,best_axis_oracle,1.0,5,1.0,0.0,0.01,S_V
axis_sv,6.0,35,sketch1,1.0,5,0.9905,0.0,100.0,
axis_sv,6.0,35,dci_v3,1.0,2,1.0,0.0,4.96,
axis_sv,6.0,35,dci_v3_a8,1.0,1,1.0,12.2,16.55,
axis_sv,6.0,36,always_multiD,1.0,2,1.0,100.0,100.0,
axis_sv,6.0,36,union4_bonf,1.0,1,1.0,0.0,4.96,
axis_sv,6.0,36,best_axis_oracle,1.0,3,1.0,0.0,0.01,S_V
axis_sv,6.0,36,sketch1,0.8333,1,0.981,0.0,100.0,
axis_sv,6.0,36,dci_v3,1.0,1,1.0,0.0,4.96,
axis_sv,6.0,36,dci_v3_a8,1.0,1,1.0,12.2,16.55,
axis_sv,6.0,37,always_multiD,1.0,4,1.0,100.0,100.0,
axis_sv,6.0,37,union4_bonf,1.0,2,1.0,0.0,4.96,
axis_sv,6.0,37,best_axis_oracle,1.0,1,1.0,0.0,0.01,S_V
axis_sv,6.0,37,sketch1,0.8333,3,0.8857,0.0,100.0,
axis_sv,6.0,37,dci_v3,1.0,2,1.0,0.0,4.96,
axis_sv,6.0,37,dci_v3_a8,1.0,2,1.0,12.2,16.55,
axis_sv,6.0,38,always_multiD,1.0,1,1.0,100.0,100.0,
axis_sv,6.0,38,union4_bonf,1.0,1,1.0,0.0,4.96,
axis_sv,6.0,38,best_axis_oracle,1.0,3,1.0,0.0,0.01,S_V
axis_sv,6.0,38,sketch1,0.8333,2,0.9,0.0,100.0,
axis_sv,6.0,38,dci_v3,1.0,1,1.0,0.0,4.96,
axis_sv,6.0,38,dci_v3_a8,1.0,1,0.9857,12.2,16.55,
axis_sv,6.0,39,always_multiD,1.0,2,1.0,100.0,100.0,
axis_sv,6.0,39,union4_bonf,1.0,2,1.0,0.0,4.96,
axis_sv,6.0,39,best_axis_oracle,1.0,1,1.0,0.0,0.01,S_V
axis_sv,6.0,39,sketch1,0.8333,3,0.9381,0.0,100.0,
axis_sv,6.0,39,dci_v3,1.0,2,1.0,0.0,4.96,
axis_sv,6.0,39,dci_v3_a8,1.0,2,1.0,12.2,16.55,
axis_sv,6.0,40,always_multiD,1.0,2,1.0,100.0,100.0,
axis_sv,6.0,40,union4_bonf,1.0,2,1.0,0.0,4.96,
axis_sv,6.0,40,best_axis_oracle,1.0,4,1.0,0.0,0.01,S_V
axis_sv,6.0,40,sketch1,0.6667,6,0.881,0.0,100.0,
axis_sv,6.0,40,dci_v3,1.0,2,1.0,0.0,4.96,
axis_sv,6.0,40,dci_v3_a8,1.0,2,1.0,12.2,16.55,
axis_sv,6.0,41,always_multiD,1.0,0,1.0,100.0,100.0,
axis_sv,6.0,41,union4_bonf,1.0,0,1.0,0.0,4.96,
axis_sv,6.0,41,best_axis_oracle,1.0,3,1.0,0.0,0.01,S_V
axis_sv,6.0,41,sketch1,1.0,1,0.9952,0.0,100.0,
axis_sv,6.0,41,dci_v3,1.0,0,1.0,0.0,4.96,
axis_sv,6.0,41,dci_v3_a8,1.0,0,1.0,12.2,16.55,
axis_sv,6.0,42,always_multiD,1.0,0,1.0,100.0,100.0,
axis_sv,6.0,42,union4_bonf,1.0,1,1.0,0.0,4.96,
axis_sv,6.0,42,best_axis_oracle,1.0,2,1.0,0.0,0.01,S_V
axis_sv,6.0,42,sketch1,0.8333,0,1.0,0.0,100.0,
axis_sv,6.0,42,dci_v3,1.0,1,1.0,0.0,4.96,
axis_sv,6.0,42,dci_v3_a8,1.0,1,1.0,12.2,16.55,
axis_sv,6.0,43,always_multiD,1.0,2,1.0,100.0,100.0,
axis_sv,6.0,43,union4_bonf,1.0,5,1.0,0.0,4.96,
axis_sv,6.0,43,best_axis_oracle,1.0,2,1.0,0.0,0.01,S_V
axis_sv,6.0,43,sketch1,0.8333,2,0.919,0.0,100.0,
axis_sv,6.0,43,dci_v3,1.0,5,1.0,0.0,4.96,
axis_sv,6.0,43,dci_v3_a8,1.0,3,1.0,12.2,16.55,
axis_sv,6.0,44,always_multiD,1.0,0,1.0,100.0,100.0,
axis_sv,6.0,44,union4_bonf,1.0,1,1.0,0.0,4.96,
axis_sv,6.0,44,best_axis_oracle,1.0,2,1.0,0.0,0.01,S_V
axis_sv,6.0,44,sketch1,1.0,0,1.0,0.0,100.0,
axis_sv,6.0,44,dci_v3,1.0,1,1.0,0.0,4.96,
axis_sv,6.0,44,dci_v3_a8,1.0,1,1.0,14.6,18.87,
axis_sv,6.0,45,always_multiD,1.0,0,1.0,100.0,100.0,
axis_sv,6.0,45,union4_bonf,1.0,0,1.0,0.0,4.96,
axis_sv,6.0,45,best_axis_oracle,1.0,1,1.0,0.0,0.01,S_V
axis_sv,6.0,45,sketch1,1.0,0,1.0,0.0,100.0,
axis_sv,6.0,45,dci_v3,1.0,0,1.0,0.0,4.96,
axis_sv,6.0,45,dci_v3_a8,1.0,0,1.0,12.2,16.55,
axis_sv,6.0,46,always_multiD,1.0,2,1.0,100.0,100.0,
axis_sv,6.0,46,union4_bonf,1.0,4,1.0,0.0,4.96,
axis_sv,6.0,46,best_axis_oracle,1.0,1,1.0,0.0,0.01,S_V
axis_sv,6.0,46,sketch1,0.8333,4,0.981,0.0,100.0,
axis_sv,6.0,46,dci_v3,1.0,4,1.0,0.0,4.96,
axis_sv,6.0,46,dci_v3_a8,1.0,3,1.0,12.2,16.55,
axis_sv,6.0,47,always_multiD,1.0,0,1.0,100.0,100.0,
axis_sv,6.0,47,union4_bonf,1.0,0,1.0,0.0,4.96,
axis_sv,6.0,47,best_axis_oracle,1.0,1,1.0,0.0,0.01,S_V
axis_sv,6.0,47,sketch1,0.6667,2,0.9143,0.0,100.0,
axis_sv,6.0,47,dci_v3,1.0,0,1.0,0.0,4.96,
axis_sv,6.0,47,dci_v3_a8,1.0,0,1.0,12.2,16.55,
axis_sv,6.0,48,always_multiD,1.0,1,1.0,100.0,100.0,
axis_sv,6.0,48,union4_bonf,1.0,0,1.0,0.0,4.96,
axis_sv,6.0,48,best_axis_oracle,1.0,1,1.0,0.0,0.01,S_V
axis_sv,6.0,48,sketch1,0.5,2,0.8667,0.0,100.0,
axis_sv,6.0,48,dci_v3,1.0,0,1.0,0.0,4.96,
axis_sv,6.0,48,dci_v3_a8,1.0,0,1.0,12.2,16.55,
axis_sv,6.0,49,always_multiD,1.0,1,1.0,100.0,100.0,
axis_sv,6.0,49,union4_bonf,1.0,1,1.0,0.0,4.96,
axis_sv,6.0,49,best_axis_oracle,1.0,3,1.0,0.0,0.01,S_V
axis_sv,6.0,49,sketch1,0.8333,3,0.8476,0.0,100.0,
axis_sv,6.0,49,dci_v3,1.0,1,1.0,0.0,4.96,
axis_sv,6.0,49,dci_v3_a8,1.0,1,1.0,12.2,16.55,
diffuse4,2.5,0,always_multiD,0.3333,2,0.781,100.0,100.0,
diffuse4,2.5,0,union4_bonf,0.0,1,0.8619,0.0,4.96,
diffuse4,2.5,0,best_axis_oracle,0.1667,0,0.8095,0.0,0.38,S_T
diffuse4,2.5,0,sketch1,0.0,2,0.6333,0.0,100.0,
diffuse4,2.5,0,dci_v3,0.0,1,0.8619,0.0,4.96,
diffuse4,2.5,0,dci_v3_a8,0.0,1,0.7952,12.2,16.55,
diffuse4,2.5,1,always_multiD,0.5,0,0.8524,100.0,100.0,
diffuse4,2.5,1,union4_bonf,0.6667,1,0.8143,0.0,4.96,
diffuse4,2.5,1,best_axis_oracle,0.1667,0,0.7429,0.0,0.46,S_A
diffuse4,2.5,1,sketch1,0.1667,0,0.6571,0.0,100.0,
diffuse4,2.5,1,dci_v3,0.6667,1,0.8143,0.0,4.96,
diffuse4,2.5,1,dci_v3_a8,0.6667,1,0.8048,12.2,16.55,
diffuse4,2.5,2,always_multiD,0.1667,4,0.7286,100.0,100.0,
diffuse4,2.5,2,union4_bonf,0.3333,4,0.8238,0.0,4.96,
diffuse4,2.5,2,best_axis_oracle,0.5,4,0.8619,0.0,4.12,S_R
diffuse4,2.5,2,sketch1,0.1667,2,0.7238,0.0,100.0,
diffuse4,2.5,2,dci_v3,0.3333,4,0.8238,0.0,4.96,
diffuse4,2.5,2,dci_v3_a8,0.3333,5,0.7048,12.2,16.55,
diffuse4,2.5,3,always_multiD,0.5,9,0.6857,100.0,100.0,
diffuse4,2.5,3,union4_bonf,0.1667,5,0.7286,0.0,4.96,
diffuse4,2.5,3,best_axis_oracle,0.3333,2,0.7667,0.0,0.46,S_A
diffuse4,2.5,3,sketch1,0.3333,6,0.5952,0.0,100.0,
diffuse4,2.5,3,dci_v3,0.1667,5,0.7286,0.0,4.96,
diffuse4,2.5,3,dci_v3_a8,0.3333,4,0.7762,12.2,16.55,
diffuse4,2.5,4,always_multiD,0.3333,2,0.7143,100.0,100.0,
diffuse4,2.5,4,union4_bonf,0.0,1,0.7333,0.0,4.96,
diffuse4,2.5,4,best_axis_oracle,0.3333,1,0.8238,0.0,0.38,S_T
diffuse4,2.5,4,sketch1,0.0,4,0.619,0.0,100.0,
diffuse4,2.5,4,dci_v3,0.0,1,0.7333,0.0,4.96,
diffuse4,2.5,4,dci_v3_a8,0.0,1,0.7667,14.6,18.87,
diffuse4,2.5,5,always_multiD,0.3333,2,0.7286,100.0,100.0,
diffuse4,2.5,5,union4_bonf,0.3333,1,0.6238,0.0,4.96,
diffuse4,2.5,5,best_axis_oracle,0.1667,4,0.719,0.0,4.12,S_R
diffuse4,2.5,5,sketch1,0.0,2,0.3429,0.0,100.0,
diffuse4,2.5,5,dci_v3,0.3333,1,0.6238,0.0,4.96,
diffuse4,2.5,5,dci_v3_a8,0.3333,2,0.6714,12.2,16.55,
diffuse4,2.5,6,always_multiD,0.1667,1,0.8333,100.0,100.0,
diffuse4,2.5,6,union4_bonf,0.1667,1,0.8667,0.0,4.96,
diffuse4,2.5,6,best_axis_oracle,0.1667,1,0.7905,0.0,4.12,S_R
diffuse4,2.5,6,sketch1,0.0,2,0.3619,0.0,100.0,
diffuse4,2.5,6,dci_v3,0.1667,1,0.8667,0.0,4.96,
diffuse4,2.5,6,dci_v3_a8,0.1667,1,0.881,14.6,18.87,
diffuse4,2.5,7,always_multiD,0.3333,3,0.7905,100.0,100.0,
diffuse4,2.5,7,union4_bonf,0.1667,2,0.7333,0.0,4.96,
diffuse4,2.5,7,best_axis_oracle,0.0,1,0.8143,0.0,0.46,S_A
diffuse4,2.5,7,sketch1,0.1667,0,0.7,0.0,100.0,
diffuse4,2.5,7,dci_v3,0.1667,2,0.7333,0.0,4.96,
diffuse4,2.5,7,dci_v3_a8,0.1667,3,0.7476,12.2,16.55,
diffuse4,2.5,8,always_multiD,0.3333,1,0.8714,100.0,100.0,
diffuse4,2.5,8,union4_bonf,0.3333,1,0.8714,0.0,4.96,
diffuse4,2.5,8,best_axis_oracle,0.5,3,0.8524,0.0,4.12,S_R
diffuse4,2.5,8,sketch1,0.0,1,0.4667,0.0,100.0,
diffuse4,2.5,8,dci_v3,0.3333,1,0.8714,0.0,4.96,
diffuse4,2.5,8,dci_v3_a8,0.3333,1,0.9,14.6,18.87,
diffuse4,2.5,9,always_multiD,0.5,3,0.7952,100.0,100.0,
diffuse4,2.5,9,union4_bonf,0.6667,5,0.7952,0.0,4.96,
diffuse4,2.5,9,best_axis_oracle,0.3333,3,0.8143,0.0,4.12,S_R
diffuse4,2.5,9,sketch1,0.3333,4,0.5524,0.0,100.0,
diffuse4,2.5,9,dci_v3,0.6667,4,0.7714,7.3,11.92,
diffuse4,2.5,9,dci_v3_a8,0.6667,4,0.7429,19.5,23.51,
diffuse4,2.5,10,always_multiD,0.3333,2,0.7524,100.0,100.0,
diffuse4,2.5,10,union4_bonf,0.3333,1,0.8381,0.0,4.96,
diffuse4,2.5,10,best_axis_oracle,0.3333,2,0.8762,0.0,4.12,S_R
diffuse4,2.5,10,sketch1,0.3333,3,0.6286,0.0,100.0,
diffuse4,2.5,10,dci_v3,0.3333,1,0.8381,0.0,4.96,
diffuse4,2.5,10,dci_v3_a8,0.3333,2,0.8476,12.2,16.55,
diffuse4,2.5,11,always_multiD,0.3333,1,0.9143,100.0,100.0,
diffuse4,2.5,11,union4_bonf,0.3333,1,0.881,0.0,4.96,
diffuse4,2.5,11,best_axis_oracle,0.5,2,0.8667,0.0,4.12,S_R
diffuse4,2.5,11,sketch1,0.1667,3,0.5238,0.0,100.0,
diffuse4,2.5,11,dci_v3,0.3333,1,0.881,0.0,4.96,
diffuse4,2.5,11,dci_v3_a8,0.3333,1,0.8238,12.2,16.55,
diffuse4,2.5,12,always_multiD,0.5,1,0.9429,100.0,100.0,
diffuse4,2.5,12,union4_bonf,0.6667,1,0.9238,0.0,4.96,
diffuse4,2.5,12,best_axis_oracle,0.3333,2,0.8286,0.0,0.38,S_T
diffuse4,2.5,12,sketch1,0.1667,0,0.7429,0.0,100.0,
diffuse4,2.5,12,dci_v3,0.6667,1,0.9238,0.0,4.96,
diffuse4,2.5,12,dci_v3_a8,0.6667,1,0.9286,12.2,16.55,
diffuse4,2.5,13,always_multiD,0.3333,2,0.6667,100.0,100.0,
diffuse4,2.5,13,union4_bonf,0.1667,3,0.5857,0.0,4.96,
diffuse4,2.5,13,best_axis_oracle,0.3333,3,0.7762,0.0,4.12,S_R
diffuse4,2.5,13,sketch1,0.0,3,0.4095,0.0,100.0,
diffuse4,2.5,13,dci_v3,0.1667,3,0.6048,2.4,7.28,
diffuse4,2.5,13,dci_v3_a8,0.1667,3,0.6429,14.6,18.87,
diffuse4,2.5,14,always_multiD,0.1667,0,0.8952,100.0,100.0,
diffuse4,2.5,14,union4_bonf,0.0,1,0.8143,0.0,4.96,
diffuse4,2.5,14,best_axis_oracle,0.5,1,0.9524,0.0,0.38,S_T
diffuse4,2.5,14,sketch1,0.0,0,0.5143,0.0,100.0,
diffuse4,2.5,14,dci_v3,0.0,1,0.8143,0.0,4.96,
diffuse4,2.5,14,dci_v3_a8,0.1667,1,0.8,12.2,16.55,
diffuse4,2.5,15,always_multiD,0.1667,2,0.7571,100.0,100.0,
diffuse4,2.5,15,union4_bonf,0.0,2,0.7619,0.0,4.96,
diffuse4,2.5,15,best_axis_oracle,0.3333,3,0.8238,0.0,4.12,S_R
diffuse4,2.5,15,sketch1,0.0,2,0.5381,0.0,100.0,
diffuse4,2.5,15,dci_v3,0.0,2,0.7619,0.0,4.96,
diffuse4,2.5,15,dci_v3_a8,0.0,2,0.7905,12.2,16.55,
diffuse4,2.5,16,always_multiD,0.5,2,0.8429,100.0,100.0,
diffuse4,2.5,16,union4_bonf,0.1667,2,0.7714,0.0,4.96,
diffuse4,2.5,16,best_axis_oracle,0.1667,3,0.8429,0.0,0.38,S_T
diffuse4,2.5,16,sketch1,0.0,1,0.1905,0.0,100.0,
diffuse4,2.5,16,dci_v3,0.1667,2,0.7714,0.0,4.96,
diffuse4,2.5,16,dci_v3_a8,0.1667,3,0.7905,14.6,18.87,
diffuse4,2.5,17,always_multiD,0.3333,4,0.7762,100.0,100.0,
diffuse4,2.5,17,union4_bonf,0.0,4,0.6905,0.0,4.96,
diffuse4,2.5,17,best_axis_oracle,0.1667,0,0.7524,0.0,0.46,S_A
diffuse4,2.5,17,sketch1,0.1667,1,0.619,0.0,100.0,
diffuse4,2.5,17,dci_v3,0.1667,4,0.7429,14.6,18.87,
diffuse4,2.5,17,dci_v3_a8,0.1667,4,0.6714,24.4,28.14,
diffuse4,2.5,18,always_multiD,0.0,1,0.7952,100.0,100.0,
diffuse4,2.5,18,union4_bonf,0.0,0,0.9,0.0,4.96,
diffuse4,2.5,18,best_axis_oracle,0.3333,0,0.819,0.0,4.12,S_R
diffuse4,2.5,18,sketch1,0.1667,2,0.5905,0.0,100.0,
diffuse4,2.5,18,dci_v3,0.0,0,0.9,0.0,4.96,
diffuse4,2.5,18,dci_v3_a8,0.0,0,0.9048,12.2,16.55,
diffuse4,2.5,19,always_multiD,0.5,1,0.9095,100.0,100.0,
diffuse4,2.5,19,union4_bonf,0.3333,1,0.9286,0.0,4.96,
diffuse4,2.5,19,best_axis_oracle,0.5,0,0.9095,0.0,4.12,S_R
diffuse4,2.5,19,sketch1,0.1667,2,0.7143,0.0,100.0,
diffuse4,2.5,19,dci_v3,0.3333,1,0.9286,0.0,4.96,
diffuse4,2.5,19,dci_v3_a8,0.3333,1,0.9,12.2,16.55,
diffuse4,2.5,20,always_multiD,0.6667,0,0.9952,100.0,100.0,
diffuse4,2.5,20,union4_bonf,0.6667,0,0.9667,0.0,4.96,
diffuse4,2.5,20,best_axis_oracle,0.8333,3,0.8429,0.0,0.01,S_V
diffuse4,2.5,20,sketch1,0.0,1,0.6714,0.0,100.0,
diffuse4,2.5,20,dci_v3,0.6667,0,0.9667,0.0,4.96,
diffuse4,2.5,20,dci_v3_a8,0.6667,0,0.9714,12.2,16.55,
diffuse4,2.5,21,always_multiD,0.3333,1,0.7238,100.0,100.0,
diffuse4,2.5,21,union4_bonf,0.3333,0,0.7048,0.0,4.96,
diffuse4,2.5,21,best_axis_oracle,0.0,1,0.9048,0.0,4.12,S_R
diffuse4,2.5,21,sketch1,0.1667,1,0.719,0.0,100.0,
diffuse4,2.5,21,dci_v3,0.3333,0,0.7048,0.0,4.96,
diffuse4,2.5,21,dci_v3_a8,0.3333,0,0.6095,12.2,16.55,
diffuse4,2.5,22,always_multiD,0.8333,1,0.9238,100.0,100.0,
diffuse4,2.5,22,union4_bonf,0.3333,1,0.8905,0.0,4.96,
diffuse4,2.5,22,best_axis_oracle,0.6667,3,0.9143,0.0,0.46,S_A
diffuse4,2.5,22,sketch1,0.0,1,0.3381,0.0,100.0,
diffuse4,2.5,22,dci_v3,0.3333,1,0.8905,0.0,4.96,
diffuse4,2.5,22,dci_v3_a8,0.5,1,0.9,12.2,16.55,
diffuse4,2.5,23,always_multiD,0.5,0,0.8524,100.0,100.0,
diffuse4,2.5,23,union4_bonf,0.6667,0,0.8048,0.0,4.96,
diffuse4,2.5,23,best_axis_oracle,0.5,5,0.7905,0.0,4.12,S_R
diffuse4,2.5,23,sketch1,0.3333,1,0.6143,0.0,100.0,
diffuse4,2.5,23,dci_v3,0.6667,0,0.8048,0.0,4.96,
diffuse4,2.5,23,dci_v3_a8,0.5,0,0.6667,12.2,16.55,
diffuse4,2.5,24,always_multiD,0.5,2,0.7333,100.0,100.0,
diffuse4,2.5,24,union4_bonf,0.5,4,0.7286,0.0,4.96,
diffuse4,2.5,24,best_axis_oracle,0.3333,0,0.7429,0.0,0.01,S_V
diffuse4,2.5,24,sketch1,0.0,2,0.4,0.0,100.0,
diffuse4,2.5,24,dci_v3,0.5,4,0.7286,0.0,4.96,
diffuse4,2.5,24,dci_v3_a8,0.5,4,0.7476,12.2,16.55,
diffuse4,2.5,25,always_multiD,0.1667,1,0.8048,100.0,100.0,
diffuse4,2.5,25,union4_bonf,0.1667,1,0.781,0.0,4.96,
diffuse4,2.5,25,best_axis_oracle,0.1667,1,0.7429,0.0,0.01,S_V
diffuse4,2.5,25,sketch1,0.0,3,0.5524,0.0,100.0,
diffuse4,2.5,25,dci_v3,0.1667,1,0.781,0.0,4.96,
diffuse4,2.5,25,dci_v3_a8,0.1667,1,0.7952,12.2,16.55,
diffuse4,2.5,26,always_multiD,0.5,5,0.8238,100.0,100.0,
diffuse4,2.5,26,union4_bonf,0.5,5,0.8381,0.0,4.96,
diffuse4,2.5,26,best_axis_oracle,0.6667,3,0.7095,0.0,0.38,S_T
diffuse4,2.5,26,sketch1,0.1667,4,0.5714,0.0,100.0,
diffuse4,2.5,26,dci_v3,0.5,5,0.8429,4.9,9.6,
diffuse4,2.5,26,dci_v3_a8,0.5,5,0.8429,17.1,21.19,
diffuse4,2.5,27,always_multiD,0.3333,3,0.7381,100.0,100.0,
diffuse4,2.5,27,union4_bonf,0.1667,1,0.8476,0.0,4.96,
diffuse4,2.5,27,best_axis_oracle,0.3333,0,0.7619,0.0,0.01,S_V
diffuse4,2.5,27,sketch1,0.0,1,0.4952,0.0,100.0,
diffuse4,2.5,27,dci_v3,0.3333,2,0.7381,26.8,30.46,
diffuse4,2.5,27,dci_v3_a8,0.3333,3,0.6286,36.6,39.73,
diffuse4,2.5,28,always_multiD,0.3333,2,0.9238,100.0,100.0,
diffuse4,2.5,28,union4_bonf,0.3333,0,0.7905,0.0,4.96,
diffuse4,2.5,28,best_axis_oracle,0.0,2,0.7857,0.0,0.01,S_V
diffuse4,2.5,28,sketch1,0.0,5,0.5095,0.0,100.0,
diffuse4,2.5,28,dci_v3,0.3333,0,0.7905,0.0,4.96,
diffuse4,2.5,28,dci_v3_a8,0.3333,0,0.8238,12.2,16.55,
diffuse4,2.5,29,always_multiD,0.8333,0,0.9333,100.0,100.0,
diffuse4,2.5,29,union4_bonf,0.5,1,0.8952,0.0,4.96,
diffuse4,2.5,29,best_axis_oracle,0.6667,0,0.9476,0.0,4.12,S_R
diffuse4,2.5,29,sketch1,0.1667,1,0.6619,0.0,100.0,
diffuse4,2.5,29,dci_v3,0.8333,1,0.9,75.6,76.82,
diffuse4,2.5,29,dci_v3_a8,0.8333,0,0.9143,80.5,81.46,
diffuse4,2.5,30,always_multiD,0.8333,0,0.9952,100.0,100.0,
diffuse4,2.5,30,union4_bonf,0.6667,0,0.9857,0.0,4.96,
diffuse4,2.5,30,best_axis_oracle,0.5,0,0.9952,0.0,4.12,S_R
diffuse4,2.5,30,sketch1,0.1667,0,0.7476,0.0,100.0,
diffuse4,2.5,30,dci_v3,0.6667,0,0.9857,14.6,18.87,
diffuse4,2.5,30,dci_v3_a8,0.6667,0,0.9857,24.4,28.14,
diffuse4,2.5,31,always_multiD,0.3333,2,0.9524,100.0,100.0,
diffuse4,2.5,31,union4_bonf,0.1667,0,1.0,0.0,4.96,
diffuse4,2.5,31,best_axis_oracle,0.8333,5,0.9,0.0,4.12,S_R
diffuse4,2.5,31,sketch1,0.0,4,0.4714,0.0,100.0,
diffuse4,2.5,31,dci_v3,0.1667,0,1.0,0.0,4.96,
diffuse4,2.5,31,dci_v3_a8,0.1667,1,1.0,12.2,16.55,
diffuse4,2.5,32,always_multiD,0.3333,3,0.8619,100.0,100.0,
diffuse4,2.5,32,union4_bonf,0.1667,0,0.8714,0.0,4.96,
diffuse4,2.5,32,best_axis_oracle,0.1667,0,0.8714,0.0,0.46,S_A
diffuse4,2.5,32,sketch1,0.0,0,0.5524,0.0,100.0,
diffuse4,2.5,32,dci_v3,0.1667,1,0.8667,2.4,7.28,
diffuse4,2.5,32,dci_v3_a8,0.3333,1,0.881,14.6,18.87,
diffuse4,2.5,33,always_multiD,0.3333,2,0.7952,100.0,100.0,
diffuse4,2.5,33,union4_bonf,0.3333,1,0.8095,0.0,4.96,
diffuse4,2.5,33,best_axis_oracle,0.5,3,0.8762,0.0,0.38,S_T
diffuse4,2.5,33,sketch1,0.0,2,0.4333,0.0,100.0,
diffuse4,2.5,33,dci_v3,0.3333,1,0.8095,0.0,4.96,
diffuse4,2.5,33,dci_v3_a8,0.3333,1,0.7619,12.2,16.55,
diffuse4,2.5,34,always_multiD,0.3333,3,0.8524,100.0,100.0,
diffuse4,2.5,34,union4_bonf,0.3333,1,0.8762,0.0,4.96,
diffuse4,2.5,34,best_axis_oracle,0.3333,1,0.7238,0.0,0.01,S_V
diffuse4,2.5,34,sketch1,0.0,3,0.5857,0.0,100.0,
diffuse4,2.5,34,dci_v3,0.3333,1,0.8762,2.4,7.28,
diffuse4,2.5,34,dci_v3_a8,0.3333,1,0.781,14.6,18.87,
diffuse4,2.5,35,always_multiD,0.3333,1,0.8,100.0,100.0,
diffuse4,2.5,35,union4_bonf,0.1667,0,0.7381,0.0,4.96,
diffuse4,2.5,35,best_axis_oracle,0.1667,1,0.6524,0.0,4.12,S_R
diffuse4,2.5,35,sketch1,0.0,2,0.4905,0.0,100.0,
diffuse4,2.5,35,dci_v3,0.1667,0,0.7381,0.0,4.96,
diffuse4,2.5,35,dci_v3_a8,0.3333,0,0.6762,12.2,16.55,
diffuse4,2.5,36,always_multiD,0.5,1,0.8857,100.0,100.0,
diffuse4,2.5,36,union4_bonf,0.3333,0,0.8905,0.0,4.96,
diffuse4,2.5,36,best_axis_oracle,0.0,1,0.8762,0.0,95.04,S_P
diffuse4,2.5,36,sketch1,0.0,3,0.4952,0.0,100.0,
diffuse4,2.5,36,dci_v3,0.3333,0,0.8238,2.4,7.28,
diffuse4,2.5,36,dci_v3_a8,0.5,0,0.8095,14.6,18.87,
diffuse4,2.5,37,always_multiD,0.0,0,0.8714,100.0,100.0,
diffuse4,2.5,37,union4_bonf,0.0,1,0.6714,0.0,4.96,
diffuse4,2.5,37,best_axis_oracle,0.0,2,0.6619,0.0,95.04,S_P
diffuse4,2.5,37,sketch1,0.0,2,0.4857,0.0,100.0,
diffuse4,2.5,37,dci_v3,0.0,1,0.6714,0.0,4.96,
diffuse4,2.5,37,dci_v3_a8,0.0,1,0.5619,12.2,16.55,
diffuse4,2.5,38,always_multiD,0.6667,0,0.9143,100.0,100.0,
diffuse4,2.5,38,union4_bonf,0.3333,1,0.8714,0.0,4.96,
diffuse4,2.5,38,best_axis_oracle,0.3333,0,0.919,0.0,4.12,S_R
diffuse4,2.5,38,sketch1,0.1667,1,0.6714,0.0,100.0,
diffuse4,2.5,38,dci_v3,0.3333,1,0.8714,0.0,4.96,
diffuse4,2.5,38,dci_v3_a8,0.5,1,0.8905,12.2,16.55,
diffuse4,2.5,39,always_multiD,0.6667,1,0.8952,100.0,100.0,
diffuse4,2.5,39,union4_bonf,0.5,3,0.8095,0.0,4.96,
diffuse4,2.5,39,best_axis_oracle,0.1667,0,0.8381,0.0,4.12,S_R
diffuse4,2.5,39,sketch1,0.3333,1,0.419,0.0,100.0,
diffuse4,2.5,39,dci_v3,0.5,3,0.8095,0.0,4.96,
diffuse4,2.5,39,dci_v3_a8,0.5,3,0.8286,12.2,16.55,
diffuse4,2.5,40,always_multiD,0.5,1,0.8524,100.0,100.0,
diffuse4,2.5,40,union4_bonf,0.1667,0,0.9429,0.0,4.96,
diffuse4,2.5,40,best_axis_oracle,0.3333,1,0.7714,0.0,0.01,S_V
diffuse4,2.5,40,sketch1,0.1667,1,0.4095,0.0,100.0,
diffuse4,2.5,40,dci_v3,0.1667,0,0.9429,0.0,4.96,
diffuse4,2.5,40,dci_v3_a8,0.1667,0,0.9571,12.2,16.55,
diffuse4,2.5,41,always_multiD,0.1667,6,0.619,100.0,100.0,
diffuse4,2.5,41,union4_bonf,0.3333,4,0.7429,0.0,4.96,
diffuse4,2.5,41,best_axis_oracle,0.1667,3,0.7524,0.0,0.38,S_T
diffuse4,2.5,41,sketch1,0.0,9,0.5,0.0,100.0,
diffuse4,2.5,41,dci_v3,0.3333,5,0.7143,9.8,14.23,
diffuse4,2.5,41,dci_v3_a8,0.3333,5,0.719,22.0,25.82,
diffuse4,2.5,42,always_multiD,0.3333,3,0.881,100.0,100.0,
diffuse4,2.5,42,union4_bonf,0.1667,4,0.9,0.0,4.96,
diffuse4,2.5,42,best_axis_oracle,0.6667,0,0.8619,0.0,0.01,S_V
diffuse4,2.5,42,sketch1,0.0,2,0.5476,0.0,100.0,
diffuse4,2.5,42,dci_v3,0.1667,4,0.9,0.0,4.96,
diffuse4,2.5,42,dci_v3_a8,0.1667,4,0.9,12.2,16.55,
diffuse4,2.5,43,always_multiD,0.6667,4,0.8857,100.0,100.0,
diffuse4,2.5,43,union4_bonf,0.5,3,0.8714,0.0,4.96,
diffuse4,2.5,43,best_axis_oracle,0.3333,4,0.881,0.0,0.01,S_V
diffuse4,2.5,43,sketch1,0.0,1,0.5857,0.0,100.0,
diffuse4,2.5,43,dci_v3,0.5,3,0.8714,4.9,9.6,
diffuse4,2.5,43,dci_v3_a8,0.6667,3,0.8857,14.6,18.87,
diffuse4,2.5,44,always_multiD,0.6667,0,0.9,100.0,100.0,
diffuse4,2.5,44,union4_bonf,0.6667,1,0.9095,0.0,4.96,
diffuse4,2.5,44,best_axis_oracle,0.5,1,0.8619,0.0,0.01,S_V
diffuse4,2.5,44,sketch1,0.1667,1,0.6286,0.0,100.0,
diffuse4,2.5,44,dci_v3,0.6667,1,0.9095,0.0,4.96,
diffuse4,2.5,44,dci_v3_a8,0.6667,1,0.9286,14.6,18.87,
diffuse4,2.5,45,always_multiD,0.3333,1,0.5333,100.0,100.0,
diffuse4,2.5,45,union4_bonf,0.1667,3,0.5571,0.0,4.96,
diffuse4,2.5,45,best_axis_oracle,0.0,1,0.7429,0.0,0.46,S_A
diffuse4,2.5,45,sketch1,0.0,1,0.3476,0.0,100.0,
diffuse4,2.5,45,dci_v3,0.1667,3,0.5571,0.0,4.96,
diffuse4,2.5,45,dci_v3_a8,0.1667,2,0.6286,12.2,16.55,
diffuse4,2.5,46,always_multiD,0.1667,1,0.7333,100.0,100.0,
diffuse4,2.5,46,union4_bonf,0.1667,0,0.6429,0.0,4.96,
diffuse4,2.5,46,best_axis_oracle,0.1667,1,0.8381,0.0,0.38,S_T
diffuse4,2.5,46,sketch1,0.0,1,0.5143,0.0,100.0,
diffuse4,2.5,46,dci_v3,0.1667,0,0.6429,0.0,4.96,
diffuse4,2.5,46,dci_v3_a8,0.1667,0,0.6667,12.2,16.55,
diffuse4,2.5,47,always_multiD,0.1667,1,0.8048,100.0,100.0,
diffuse4,2.5,47,union4_bonf,0.1667,1,0.7667,0.0,4.96,
diffuse4,2.5,47,best_axis_oracle,0.1667,1,0.8857,0.0,0.38,S_T
diffuse4,2.5,47,sketch1,0.1667,1,0.6714,0.0,100.0,
diffuse4,2.5,47,dci_v3,0.1667,1,0.7667,0.0,4.96,
diffuse4,2.5,47,dci_v3_a8,0.1667,1,0.8095,12.2,16.55,
diffuse4,2.5,48,always_multiD,0.3333,1,0.7619,100.0,100.0,
diffuse4,2.5,48,union4_bonf,0.1667,0,0.7238,0.0,4.96,
diffuse4,2.5,48,best_axis_oracle,0.3333,3,0.8,0.0,0.38,S_T
diffuse4,2.5,48,sketch1,0.0,1,0.7952,0.0,100.0,
diffuse4,2.5,48,dci_v3,0.1667,0,0.7238,0.0,4.96,
diffuse4,2.5,48,dci_v3_a8,0.1667,0,0.7476,12.2,16.55,
diffuse4,2.5,49,always_multiD,0.1667,4,0.5667,100.0,100.0,
diffuse4,2.5,49,union4_bonf,0.5,4,0.6,0.0,4.96,
diffuse4,2.5,49,best_axis_oracle,0.3333,2,0.7952,0.0,0.38,S_T
diffuse4,2.5,49,sketch1,0.1667,2,0.5143,0.0,100.0,
diffuse4,2.5,49,dci_v3,0.5,4,0.6143,14.6,18.87,
diffuse4,2.5,49,dci_v3_a8,0.3333,4,0.5429,24.4,28.14,
diffuse4,3.5,0,always_multiD,0.6667,1,0.9238,100.0,100.0,
diffuse4,3.5,0,union4_bonf,0.5,3,0.8762,0.0,4.96,
diffuse4,3.5,0,best_axis_oracle,0.6667,2,0.9286,0.0,0.46,S_A
diffuse4,3.5,0,sketch1,0.1667,3,0.4095,0.0,100.0,
diffuse4,3.5,0,dci_v3,0.5,3,0.8762,0.0,4.96,
diffuse4,3.5,0,dci_v3_a8,0.5,3,0.8857,12.2,16.55,
diffuse4,3.5,1,always_multiD,1.0,1,1.0,100.0,100.0,
diffuse4,3.5,1,union4_bonf,0.8333,0,1.0,0.0,4.96,
diffuse4,3.5,1,best_axis_oracle,0.5,1,0.8429,0.0,0.38,S_T
diffuse4,3.5,1,sketch1,0.0,2,0.6429,0.0,100.0,
diffuse4,3.5,1,dci_v3,0.8333,0,1.0,0.0,4.96,
diffuse4,3.5,1,dci_v3_a8,0.8333,0,1.0,12.2,16.55,
diffuse4,3.5,2,always_multiD,0.5,0,0.981,100.0,100.0,
diffuse4,3.5,2,union4_bonf,0.5,0,0.9476,0.0,4.96,
diffuse4,3.5,2,best_axis_oracle,0.6667,2,0.8905,0.0,0.01,S_V
diffuse4,3.5,2,sketch1,0.0,3,0.5476,0.0,100.0,
diffuse4,3.5,2,dci_v3,0.5,0,0.9524,12.2,16.55,
diffuse4,3.5,2,dci_v3_a8,0.6667,0,0.9619,22.0,25.82,
diffuse4,3.5,3,always_multiD,0.6667,0,0.9429,100.0,100.0,
diffuse4,3.5,3,union4_bonf,0.5,1,0.8619,0.0,4.96,
diffuse4,3.5,3,best_axis_oracle,0.3333,0,0.8429,0.0,4.12,S_R
diffuse4,3.5,3,sketch1,0.0,2,0.6238,0.0,100.0,
diffuse4,3.5,3,dci_v3,0.5,1,0.8619,0.0,4.96,
diffuse4,3.5,3,dci_v3_a8,0.5,1,0.8714,12.2,16.55,
diffuse4,3.5,4,always_multiD,0.8333,0,0.9714,100.0,100.0,
diffuse4,3.5,4,union4_bonf,0.8333,0,0.9714,0.0,4.96,
diffuse4,3.5,4,best_axis_oracle,0.3333,0,0.8714,0.0,0.01,S_V
diffuse4,3.5,4,sketch1,0.1667,1,0.4286,0.0,100.0,
diffuse4,3.5,4,dci_v3,0.8333,0,0.9714,0.0,4.96,
diffuse4,3.5,4,dci_v3_a8,0.8333,0,0.9714,14.6,18.87,
diffuse4,3.5,5,always_multiD,0.6667,3,0.9333,100.0,100.0,
diffuse4,3.5,5,union4_bonf,0.6667,3,0.9286,0.0,4.96,
diffuse4,3.5,5,best_axis_oracle,0.3333,1,0.8524,0.0,4.12,S_R
diffuse4,3.5,5,sketch1,0.3333,1,0.6905,0.0,100.0,
diffuse4,3.5,5,dci_v3,0.6667,3,0.9286,0.0,4.96,
diffuse4,3.5,5,dci_v3_a8,0.6667,2,0.9429,12.2,16.55,
diffuse4,3.5,6,always_multiD,0.5,0,0.9095,100.0,100.0,
diffuse4,3.5,6,union4_bonf,0.5,0,0.9381,0.0,4.96,
diffuse4,3.5,6,best_axis_oracle,0.3333,1,0.8429,0.0,0.46,S_A
diffuse4,3.5,6,sketch1,0.1667,2,0.5905,0.0,100.0,
diffuse4,3.5,6,dci_v3,0.5,0,0.9381,0.0,4.96,
diffuse4,3.5,6,dci_v3_a8,0.5,0,0.9429,14.6,18.87,
diffuse4,3.5,7,always_multiD,0.6667,0,0.881,100.0,100.0,
diffuse4,3.5,7,union4_bonf,0.6667,0,0.919,0.0,4.96,
diffuse4,3.5,7,best_axis_oracle,0.6667,0,0.8524,0.0,0.38,S_T
diffuse4,3.5,7,sketch1,0.1667,4,0.5762,0.0,100.0,
diffuse4,3.5,7,dci_v3,0.6667,0,0.919,0.0,4.96,
diffuse4,3.5,7,dci_v3_a8,0.6667,0,0.9333,12.2,16.55,
diffuse4,3.5,8,always_multiD,0.8333,1,0.9762,100.0,100.0,
diffuse4,3.5,8,union4_bonf,0.8333,2,0.9762,0.0,4.96,
diffuse4,3.5,8,best_axis_oracle,0.5,2,0.9048,0.0,0.38,S_T
diffuse4,3.5,8,sketch1,0.0,2,0.3714,0.0,100.0,
diffuse4,3.5,8,dci_v3,0.8333,2,0.9762,0.0,4.96,
diffuse4,3.5,8,dci_v3_a8,0.8333,2,0.981,14.6,18.87,
diffuse4,3.5,9,always_multiD,0.6667,0,0.9952,100.0,100.0,
diffuse4,3.5,9,union4_bonf,0.6667,0,0.9571,0.0,4.96,
diffuse4,3.5,9,best_axis_oracle,0.8333,1,0.9571,0.0,4.12,S_R
diffuse4,3.5,9,sketch1,0.1667,1,0.5762,0.0,100.0,
diffuse4,3.5,9,dci_v3,0.6667,0,0.9571,0.0,4.96,
diffuse4,3.5,9,dci_v3_a8,0.6667,0,0.9238,12.2,16.55,
diffuse4,3.5,10,always_multiD,0.6667,1,0.981,100.0,100.0,
diffuse4,3.5,10,union4_bonf,0.5,1,0.9714,0.0,4.96,
diffuse4,3.5,10,best_axis_oracle,0.3333,1,0.881,0.0,4.12,S_R
diffuse4,3.5,10,sketch1,0.0,1,0.4143,0.0,100.0,
diffuse4,3.5,10,dci_v3,0.5,1,0.9714,0.0,4.96,
diffuse4,3.5,10,dci_v3_a8,0.5,1,0.9762,12.2,16.55,
diffuse4,3.5,11,always_multiD,0.5,0,0.9714,100.0,100.0,
diffuse4,3.5,11,union4_bonf,0.3333,1,0.9381,0.0,4.96,
diffuse4,3.5,11,best_axis_oracle,0.5,0,0.981,0.0,0.46,S_A
diffuse4,3.5,11,sketch1,0.0,0,0.4905,0.0,100.0,
diffuse4,3.5,11,dci_v3,0.3333,1,0.9381,0.0,4.96,
diffuse4,3.5,11,dci_v3_a8,0.3333,1,0.9381,12.2,16.55,
diffuse4,3.5,12,always_multiD,1.0,1,0.9952,100.0,100.0,
diffuse4,3.5,12,union4_bonf,0.8333,1,0.9857,0.0,4.96,
diffuse4,3.5,12,best_axis_oracle,1.0,2,0.981,0.0,0.01,S_V
diffuse4,3.5,12,sketch1,0.0,2,0.4048,0.0,100.0,
diffuse4,3.5,12,dci_v3,0.8333,1,0.9857,0.0,4.96,
diffuse4,3.5,12,dci_v3_a8,0.8333,1,0.9857,12.2,16.55,
diffuse4,3.5,13,always_multiD,0.6667,2,0.9762,100.0,100.0,
diffuse4,3.5,13,union4_bonf,0.5,1,0.8952,0.0,4.96,
diffuse4,3.5,13,best_axis_oracle,0.5,2,0.9238,0.0,4.12,S_R
diffuse4,3.5,13,sketch1,0.1667,5,0.4381,0.0,100.0,
diffuse4,3.5,13,dci_v3,0.5,1,0.8952,0.0,4.96,
diffuse4,3.5,13,dci_v3_a8,0.5,1,0.8952,12.2,16.55,
diffuse4,3.5,14,always_multiD,0.1667,2,0.8714,100.0,100.0,
diffuse4,3.5,14,union4_bonf,0.1667,2,0.7667,0.0,4.96,
diffuse4,3.5,14,best_axis_oracle,0.1667,1,0.8571,0.0,4.12,S_R
diffuse4,3.5,14,sketch1,0.0,3,0.2905,0.0,100.0,
diffuse4,3.5,14,dci_v3,0.1667,2,0.8429,19.5,23.51,
diffuse4,3.5,14,dci_v3_a8,0.1667,2,0.7667,29.3,32.78,
diffuse4,3.5,15,always_multiD,1.0,4,0.9762,100.0,100.0,
diffuse4,3.5,15,union4_bonf,0.8333,4,0.9571,0.0,4.96,
diffuse4,3.5,15,best_axis_oracle,0.5,0,0.9429,0.0,0.01,S_V
diffuse4,3.5,15,sketch1,0.0,2,0.3048,0.0,100.0,
diffuse4,3.5,15,dci_v3,0.8333,4,0.9571,14.6,18.87,
diffuse4,3.5,15,dci_v3_a8,0.8333,4,0.9571,24.4,28.14,
diffuse4,3.5,16,always_multiD,0.6667,3,0.9524,100.0,100.0,
diffuse4,3.5,16,union4_bonf,0.8333,2,0.9667,0.0,4.96,
diffuse4,3.5,16,best_axis_oracle,1.0,2,0.9762,0.0,4.12,S_R
diffuse4,3.5,16,sketch1,0.1667,4,0.6,0.0,100.0,
diffuse4,3.5,16,dci_v3,0.8333,2,0.9667,9.8,14.23,
diffuse4,3.5,16,dci_v3_a8,0.8333,3,0.9714,22.0,25.82,
diffuse4,3.5,17,always_multiD,1.0,1,1.0,100.0,100.0,
diffuse4,3.5,17,union4_bonf,0.8333,0,0.9762,0.0,4.96,
diffuse4,3.5,17,best_axis_oracle,0.8333,2,0.9667,0.0,0.46,S_A
diffuse4,3.5,17,sketch1,0.0,1,0.2619,0.0,100.0,
diffuse4,3.5,17,dci_v3,0.8333,0,0.9762,0.0,4.96,
diffuse4,3.5,17,dci_v3_a8,1.0,0,0.9857,12.2,16.55,
diffuse4,3.5,18,always_multiD,0.6667,0,0.8429,100.0,100.0,
diffuse4,3.5,18,union4_bonf,0.5,2,0.8524,0.0,4.96,
diffuse4,3.5,18,best_axis_oracle,0.6667,1,0.8,0.0,4.12,S_R
diffuse4,3.5,18,sketch1,0.1667,4,0.581,0.0,100.0,
diffuse4,3.5,18,dci_v3,0.5,2,0.8524,0.0,4.96,
diffuse4,3.5,18,dci_v3_a8,0.5,2,0.8667,12.2,16.55,
diffuse4,3.5,19,always_multiD,0.8333,2,0.9619,100.0,100.0,
diffuse4,3.5,19,union4_bonf,0.3333,0,0.9143,0.0,4.96,
diffuse4,3.5,19,best_axis_oracle,0.5,0,0.9667,0.0,0.01,S_V
diffuse4,3.5,19,sketch1,0.1667,1,0.5619,0.0,100.0,
diffuse4,3.5,19,dci_v3,0.3333,0,0.9143,0.0,4.96,
diffuse4,3.5,19,dci_v3_a8,0.3333,1,0.9143,12.2,16.55,
diffuse4,3.5,20,always_multiD,0.6667,1,0.9762,100.0,100.0,
diffuse4,3.5,20,union4_bonf,0.8333,1,0.9857,0.0,4.96,
diffuse4,3.5,20,best_axis_oracle,0.6667,1,0.9619,0.0,0.46,S_A
diffuse4,3.5,20,sketch1,0.1667,1,0.719,0.0,100.0,
diffuse4,3.5,20,dci_v3,0.8333,1,0.9857,0.0,4.96,
diffuse4,3.5,20,dci_v3_a8,0.8333,1,0.9857,12.2,16.55,
diffuse4,3.5,21,always_multiD,0.5,2,0.9238,100.0,100.0,
diffuse4,3.5,21,union4_bonf,0.5,1,0.9286,0.0,4.96,
diffuse4,3.5,21,best_axis_oracle,0.5,3,0.8476,0.0,0.38,S_T
diffuse4,3.5,21,sketch1,0.0,1,0.819,0.0,100.0,
diffuse4,3.5,21,dci_v3,0.5,1,0.919,87.8,88.41,
diffuse4,3.5,21,dci_v3_a8,0.5,1,0.919,87.8,88.41,
diffuse4,3.5,22,always_multiD,0.8333,3,0.981,100.0,100.0,
diffuse4,3.5,22,union4_bonf,0.8333,1,0.9857,0.0,4.96,
diffuse4,3.5,22,best_axis_oracle,0.6667,2,0.9,0.0,0.46,S_A
diffuse4,3.5,22,sketch1,0.5,3,0.619,0.0,100.0,
diffuse4,3.5,22,dci_v3,0.8333,2,0.981,56.1,58.28,
diffuse4,3.5,22,dci_v3_a8,0.8333,2,0.981,61.0,62.91,
diffuse4,3.5,23,always_multiD,0.3333,2,0.9286,100.0,100.0,
diffuse4,3.5,23,union4_bonf,0.6667,1,0.9333,0.0,4.96,
diffuse4,3.5,23,best_axis_oracle,0.5,1,0.9238,0.0,0.38,S_T
diffuse4,3.5,23,sketch1,0.0,5,0.4095,0.0,100.0,
diffuse4,3.5,23,dci_v3,0.6667,1,0.9381,26.8,30.46,
diffuse4,3.5,23,dci_v3_a8,0.3333,2,0.8619,36.6,39.73,
diffuse4,3.5,24,always_multiD,0.5,2,0.9286,100.0,100.0,
diffuse4,3.5,24,union4_bonf,0.3333,2,0.9429,0.0,4.96,
diffuse4,3.5,24,best_axis_oracle,0.5,0,0.8333,0.0,0.38,S_T
diffuse4,3.5,24,sketch1,0.0,5,0.3048,0.0,100.0,
diffuse4,3.5,24,dci_v3,0.3333,2,0.9429,4.9,9.6,
diffuse4,3.5,24,dci_v3_a8,0.3333,2,0.8857,17.1,21.19,
diffuse4,3.5,25,always_multiD,0.6667,1,0.9905,100.0,100.0,
diffuse4,3.5,25,union4_bonf,0.1667,1,0.8714,0.0,4.96,
diffuse4,3.5,25,best_axis_oracle,0.5,1,0.8857,0.0,0.38,S_T
diffuse4,3.5,25,sketch1,0.0,0,0.3238,0.0,100.0,
diffuse4,3.5,25,dci_v3,0.1667,1,0.9,24.4,28.14,
diffuse4,3.5,25,dci_v3_a8,0.1667,1,0.9,31.7,35.1,
diffuse4,3.5,26,always_multiD,0.1667,1,0.8714,100.0,100.0,
diffuse4,3.5,26,union4_bonf,0.3333,0,0.9095,0.0,4.96,
diffuse4,3.5,26,best_axis_oracle,0.1667,0,0.9333,0.0,0.38,S_T
diffuse4,3.5,26,sketch1,0.0,5,0.3762,0.0,100.0,
diffuse4,3.5,26,dci_v3,0.3333,0,0.9095,4.9,9.6,
diffuse4,3.5,26,dci_v3_a8,0.3333,0,0.919,14.6,18.87,
diffuse4,3.5,27,always_multiD,0.8333,1,0.9905,100.0,100.0,
diffuse4,3.5,27,union4_bonf,0.5,1,0.9524,0.0,4.96,
diffuse4,3.5,27,best_axis_oracle,0.6667,1,0.9762,0.0,0.38,S_T
diffuse4,3.5,27,sketch1,0.3333,2,0.8286,0.0,100.0,
diffuse4,3.5,27,dci_v3,0.5,1,0.9619,34.1,37.41,
diffuse4,3.5,27,dci_v3_a8,0.5,1,0.9714,41.5,44.37,
diffuse4,3.5,28,always_multiD,1.0,2,0.9905,100.0,100.0,
diffuse4,3.5,28,union4_bonf,0.5,2,0.9524,0.0,4.96,
diffuse4,3.5,28,best_axis_oracle,0.5,0,0.8429,0.0,0.01,S_V
diffuse4,3.5,28,sketch1,0.0,1,0.4286,0.0,100.0,
diffuse4,3.5,28,dci_v3,0.6667,2,0.9762,22.0,25.82,
diffuse4,3.5,28,dci_v3_a8,0.6667,2,0.9762,29.3,32.78,
diffuse4,3.5,29,always_multiD,0.8333,3,0.9667,100.0,100.0,
diffuse4,3.5,29,union4_bonf,0.8333,2,0.9762,0.0,4.96,
diffuse4,3.5,29,best_axis_oracle,0.8333,5,0.9476,0.0,0.38,S_T
diffuse4,3.5,29,sketch1,0.1667,1,0.4619,0.0,100.0,
diffuse4,3.5,29,dci_v3,0.8333,2,0.9762,9.8,14.23,
diffuse4,3.5,29,dci_v3_a8,0.8333,2,0.9762,19.5,23.51,
diffuse4,3.5,30,always_multiD,0.3333,1,0.9286,100.0,100.0,
diffuse4,3.5,30,union4_bonf,0.1667,2,0.8714,0.0,4.96,
diffuse4,3.5,30,best_axis_oracle,0.5,1,0.9143,0.0,0.01,S_V
diffuse4,3.5,30,sketch1,0.0,3,0.4429,0.0,100.0,
diffuse4,3.5,30,dci_v3,0.1667,2,0.8857,2.4,7.28,
diffuse4,3.5,30,dci_v3_a8,0.1667,2,0.8905,14.6,18.87,
diffuse4,3.5,31,always_multiD,0.6667,2,0.9286,100.0,100.0,
diffuse4,3.5,31,union4_bonf,0.3333,2,0.9048,0.0,4.96,
diffuse4,3.5,31,best_axis_oracle,0.3333,2,0.9095,0.0,0.01,S_V
diffuse4,3.5,31,sketch1,0.0,2,0.3048,0.0,100.0,
diffuse4,3.5,31,dci_v3,0.3333,2,0.9048,0.0,4.96,
diffuse4,3.5,31,dci_v3_a8,0.3333,2,0.9095,12.2,16.55,
diffuse4,3.5,32,always_multiD,0.8333,3,0.8905,100.0,100.0,
diffuse4,3.5,32,union4_bonf,0.8333,4,0.881,0.0,4.96,
diffuse4,3.5,32,best_axis_oracle,0.5,1,0.8905,0.0,0.01,S_V
diffuse4,3.5,32,sketch1,0.0,4,0.2286,0.0,100.0,
diffuse4,3.5,32,dci_v3,0.8333,4,0.881,0.0,4.96,
diffuse4,3.5,32,dci_v3_a8,0.8333,3,0.8952,12.2,16.55,
diffuse4,3.5,33,always_multiD,1.0,1,0.9952,100.0,100.0,
diffuse4,3.5,33,union4_bonf,0.6667,1,0.9619,0.0,4.96,
diffuse4,3.5,33,best_axis_oracle,0.8333,2,0.9571,0.0,4.12,S_R
diffuse4,3.5,33,sketch1,0.0,3,0.4429,0.0,100.0,
diffuse4,3.5,33,dci_v3,0.6667,1,0.9619,31.7,35.1,
diffuse4,3.5,33,dci_v3_a8,0.6667,1,0.981,39.0,42.05,
diffuse4,3.5,34,always_multiD,1.0,1,1.0,100.0,100.0,
diffuse4,3.5,34,union4_bonf,1.0,4,0.9619,0.0,4.96,
diffuse4,3.5,34,best_axis_oracle,0.6667,2,0.9238,0.0,4.12,S_R
diffuse4,3.5,34,sketch1,0.0,4,0.6143,0.0,100.0,
diffuse4,3.5,34,dci_v3,1.0,4,0.981,36.6,39.73,
diffuse4,3.5,34,dci_v3_a8,1.0,3,0.9857,43.9,46.69,
diffuse4,3.5,35,always_multiD,0.6667,1,0.981,100.0,100.0,
diffuse4,3.5,35,union4_bonf,0.5,0,0.9476,0.0,4.96,
diffuse4,3.5,35,best_axis_oracle,0.6667,2,0.919,0.0,4.12,S_R
diffuse4,3.5,35,sketch1,0.0,1,0.5476,0.0,100.0,
diffuse4,3.5,35,dci_v3,0.5,0,0.9476,0.0,4.96,
diffuse4,3.5,35,dci_v3_a8,0.5,0,0.9095,12.2,16.55,
diffuse4,3.5,36,always_multiD,1.0,1,1.0,100.0,100.0,
diffuse4,3.5,36,union4_bonf,1.0,1,0.9952,0.0,4.96,
diffuse4,3.5,36,best_axis_oracle,0.5,0,0.8667,0.0,4.12,S_R
diffuse4,3.5,36,sketch1,0.3333,2,0.5905,0.0,100.0,
diffuse4,3.5,36,dci_v3,1.0,1,0.9952,58.5,60.59,
diffuse4,3.5,36,dci_v3_a8,1.0,1,1.0,63.4,65.23,
diffuse4,3.5,37,always_multiD,1.0,0,1.0,100.0,100.0,
diffuse4,3.5,37,union4_bonf,1.0,1,1.0,0.0,4.96,
diffuse4,3.5,37,best_axis_oracle,0.6667,0,0.9667,0.0,0.01,S_V
diffuse4,3.5,37,sketch1,0.0,1,0.519,0.0,100.0,
diffuse4,3.5,37,dci_v3,1.0,1,1.0,0.0,4.96,
diffuse4,3.5,37,dci_v3_a8,1.0,1,0.9952,12.2,16.55,
diffuse4,3.5,38,always_multiD,0.8333,3,0.9238,100.0,100.0,
diffuse4,3.5,38,union4_bonf,0.6667,0,0.9286,0.0,4.96,
diffuse4,3.5,38,best_axis_oracle,0.6667,2,0.8,0.0,0.46,S_A
diffuse4,3.5,38,sketch1,0.0,4,0.4571,0.0,100.0,
diffuse4,3.5,38,dci_v3,0.6667,2,0.8905,58.5,60.59,
diffuse4,3.5,38,dci_v3_a8,0.6667,2,0.9,63.4,65.23,
diffuse4,3.5,39,always_multiD,1.0,0,1.0,100.0,100.0,
diffuse4,3.5,39,union4_bonf,0.3333,2,0.9143,0.0,4.96,
diffuse4,3.5,39,best_axis_oracle,0.1667,0,0.8952,0.0,4.12,S_R
diffuse4,3.5,39,sketch1,0.0,0,0.4476,0.0,100.0,
diffuse4,3.5,39,dci_v3,0.8333,0,0.9905,53.7,55.96,
diffuse4,3.5,39,dci_v3_a8,0.8333,0,0.9905,58.5,60.59,
diffuse4,3.5,40,always_multiD,0.5,0,0.8667,100.0,100.0,
diffuse4,3.5,40,union4_bonf,0.3333,1,0.8571,0.0,4.96,
diffuse4,3.5,40,best_axis_oracle,0.3333,0,0.9524,0.0,4.12,S_R
diffuse4,3.5,40,sketch1,0.0,0,0.6857,0.0,100.0,
diffuse4,3.5,40,dci_v3,0.3333,1,0.8571,0.0,4.96,
diffuse4,3.5,40,dci_v3_a8,0.3333,0,0.881,12.2,16.55,
diffuse4,3.5,41,always_multiD,0.5,1,0.7571,100.0,100.0,
diffuse4,3.5,41,union4_bonf,0.1667,2,0.8048,0.0,4.96,
diffuse4,3.5,41,best_axis_oracle,0.3333,3,0.8,0.0,0.46,S_A
diffuse4,3.5,41,sketch1,0.0,4,0.2238,0.0,100.0,
diffuse4,3.5,41,dci_v3,0.1667,2,0.8048,0.0,4.96,
diffuse4,3.5,41,dci_v3_a8,0.1667,2,0.8143,12.2,16.55,
diffuse4,3.5,42,always_multiD,1.0,1,1.0,100.0,100.0,
diffuse4,3.5,42,union4_bonf,0.8333,0,0.9905,0.0,4.96,
diffuse4,3.5,42,best_axis_oracle,0.6667,0,0.9905,0.0,0.46,S_A
diffuse4,3.5,42,sketch1,0.0,4,0.3238,0.0,100.0,
diffuse4,3.5,42,dci_v3,0.8333,0,0.9905,0.0,4.96,
diffuse4,3.5,42,dci_v3_a8,0.8333,0,0.9905,12.2,16.55,
diffuse4,3.5,43,always_multiD,0.3333,0,0.9143,100.0,100.0,
diffuse4,3.5,43,union4_bonf,0.1667,2,0.9286,0.0,4.96,
diffuse4,3.5,43,best_axis_oracle,0.1667,3,0.8476,0.0,0.01,S_V
diffuse4,3.5,43,sketch1,0.0,0,0.6571,0.0,100.0,
diffuse4,3.5,43,dci_v3,0.1667,2,0.9286,0.0,4.96,
diffuse4,3.5,43,dci_v3_a8,0.1667,1,0.8619,12.2,16.55,
diffuse4,3.5,44,always_multiD,0.8333,4,0.9143,100.0,100.0,
diffuse4,3.5,44,union4_bonf,0.8333,2,0.9571,0.0,4.96,
diffuse4,3.5,44,best_axis_oracle,0.5,3,0.8905,0.0,0.01,S_V
diffuse4,3.5,44,sketch1,0.3333,4,0.681,0.0,100.0,
diffuse4,3.5,44,dci_v3,0.8333,2,0.9571,0.0,4.96,
diffuse4,3.5,44,dci_v3_a8,0.8333,4,0.9571,14.6,18.87,
diffuse4,3.5,45,always_multiD,0.8333,1,0.981,100.0,100.0,
diffuse4,3.5,45,union4_bonf,0.6667,2,0.9429,0.0,4.96,
diffuse4,3.5,45,best_axis_oracle,1.0,1,0.981,0.0,4.12,S_R
diffuse4,3.5,45,sketch1,0.0,3,0.6238,0.0,100.0,
diffuse4,3.5,45,dci_v3,0.6667,1,0.9714,39.0,42.05,
diffuse4,3.5,45,dci_v3_a8,0.6667,1,0.981,43.9,46.69,
diffuse4,3.5,46,always_multiD,0.6667,1,0.9619,100.0,100.0,
diffuse4,3.5,46,union4_bonf,0.5,3,0.8857,0.0,4.96,
diffuse4,3.5,46,best_axis_oracle,0.5,4,0.8667,0.0,4.12,S_R
diffuse4,3.5,46,sketch1,0.0,1,0.3714,0.0,100.0,
diffuse4,3.5,46,dci_v3,0.5,3,0.8857,2.4,7.28,
diffuse4,3.5,46,dci_v3_a8,0.5,2,0.9095,14.6,18.87,
diffuse4,3.5,47,always_multiD,0.6667,3,0.9095,100.0,100.0,
diffuse4,3.5,47,union4_bonf,0.6667,1,0.8714,0.0,4.96,
diffuse4,3.5,47,best_axis_oracle,0.5,3,0.9,0.0,0.01,S_V
diffuse4,3.5,47,sketch1,0.1667,2,0.6857,0.0,100.0,
diffuse4,3.5,47,dci_v3,0.6667,1,0.8714,0.0,4.96,
diffuse4,3.5,47,dci_v3_a8,0.6667,1,0.8905,12.2,16.55,
diffuse4,3.5,48,always_multiD,0.8333,0,0.981,100.0,100.0,
diffuse4,3.5,48,union4_bonf,0.8333,0,0.9714,0.0,4.96,
diffuse4,3.5,48,best_axis_oracle,0.6667,1,0.9857,0.0,0.01,S_V
diffuse4,3.5,48,sketch1,0.0,1,0.3714,0.0,100.0,
diffuse4,3.5,48,dci_v3,0.8333,0,0.9667,65.9,67.55,
diffuse4,3.5,48,dci_v3_a8,0.8333,0,0.9714,70.7,72.18,
diffuse4,3.5,49,always_multiD,1.0,6,0.9619,100.0,100.0,
diffuse4,3.5,49,union4_bonf,0.5,2,0.9143,0.0,4.96,
diffuse4,3.5,49,best_axis_oracle,0.3333,0,0.8667,0.0,4.12,S_R
diffuse4,3.5,49,sketch1,0.0,0,0.4143,0.0,100.0,
diffuse4,3.5,49,dci_v3,0.6667,4,0.9476,29.3,32.78,
diffuse4,3.5,49,dci_v3_a8,0.6667,4,0.9571,39.0,42.05,
diffuse4,4.5,0,always_multiD,1.0,1,1.0,100.0,100.0,
diffuse4,4.5,0,union4_bonf,1.0,0,1.0,0.0,4.96,
diffuse4,4.5,0,best_axis_oracle,0.5,0,0.9952,0.0,0.01,S_V
diffuse4,4.5,0,sketch1,0.0,3,0.681,0.0,100.0,
diffuse4,4.5,0,dci_v3,1.0,0,1.0,0.0,4.96,
diffuse4,4.5,0,dci_v3_a8,1.0,0,1.0,12.2,16.55,
diffuse4,4.5,1,always_multiD,0.8333,2,0.9762,100.0,100.0,
diffuse4,4.5,1,union4_bonf,0.6667,2,0.9619,0.0,4.96,
diffuse4,4.5,1,best_axis_oracle,0.5,0,0.981,0.0,0.38,S_T
diffuse4,4.5,1,sketch1,0.0,1,0.5238,0.0,100.0,
diffuse4,4.5,1,dci_v3,0.8333,2,0.9619,56.1,58.28,
diffuse4,4.5,1,dci_v3_a8,0.8333,2,0.9619,61.0,62.91,
diffuse4,4.5,2,always_multiD,0.8333,2,0.981,100.0,100.0,
diffuse4,4.5,2,union4_bonf,0.6667,2,0.9667,0.0,4.96,
diffuse4,4.5,2,best_axis_oracle,0.6667,1,0.919,0.0,4.12,S_R
diffuse4,4.5,2,sketch1,0.1667,3,0.4,0.0,100.0,
diffuse4,4.5,2,dci_v3,0.6667,2,0.9476,39.0,42.05,
diffuse4,4.5,2,dci_v3_a8,0.8333,2,0.9619,48.8,51.32,
diffuse4,4.5,3,always_multiD,0.6667,1,0.981,100.0,100.0,
diffuse4,4.5,3,union4_bonf,0.5,1,0.9762,0.0,4.96,
diffuse4,4.5,3,best_axis_oracle,0.6667,1,0.9429,0.0,0.38,S_T
diffuse4,4.5,3,sketch1,0.1667,0,0.8,0.0,100.0,
diffuse4,4.5,3,dci_v3,0.5,1,0.9762,2.4,7.28,
diffuse4,4.5,3,dci_v3_a8,0.5,1,0.9857,14.6,18.87,
diffuse4,4.5,4,always_multiD,0.6667,2,0.9095,100.0,100.0,
diffuse4,4.5,4,union4_bonf,0.6667,0,0.9286,0.0,4.96,
diffuse4,4.5,4,best_axis_oracle,0.5,1,0.8857,0.0,0.38,S_T
diffuse4,4.5,4,sketch1,0.0,2,0.4524,0.0,100.0,
diffuse4,4.5,4,dci_v3,0.6667,1,0.9286,7.3,11.92,
diffuse4,4.5,4,dci_v3_a8,0.6667,2,0.9381,19.5,23.51,
diffuse4,4.5,5,always_multiD,0.8333,0,1.0,100.0,100.0,
diffuse4,4.5,5,union4_bonf,0.8333,0,0.9857,0.0,4.96,
diffuse4,4.5,5,best_axis_oracle,0.8333,0,0.981,0.0,4.12,S_R
diffuse4,4.5,5,sketch1,0.1667,3,0.4381,0.0,100.0,
diffuse4,4.5,5,dci_v3,0.8333,0,0.9857,0.0,4.96,
diffuse4,4.5,5,dci_v3_a8,0.8333,0,0.9905,12.2,16.55,
diffuse4,4.5,6,always_multiD,1.0,1,1.0,100.0,100.0,
diffuse4,4.5,6,union4_bonf,1.0,2,1.0,0.0,4.96,
diffuse4,4.5,6,best_axis_oracle,0.6667,0,0.981,0.0,0.38,S_T
diffuse4,4.5,6,sketch1,0.0,2,0.3857,0.0,100.0,
diffuse4,4.5,6,dci_v3,1.0,2,1.0,70.7,72.18,
diffuse4,4.5,6,dci_v3_a8,1.0,3,1.0,78.0,79.14,
diffuse4,4.5,7,always_multiD,1.0,0,1.0,100.0,100.0,
diffuse4,4.5,7,union4_bonf,0.8333,0,0.9857,0.0,4.96,
diffuse4,4.5,7,best_axis_oracle,0.6667,0,0.9667,0.0,0.46,S_A
diffuse4,4.5,7,sketch1,0.0,1,0.581,0.0,100.0,
diffuse4,4.5,7,dci_v3,0.8333,0,0.9857,0.0,4.96,
diffuse4,4.5,7,dci_v3_a8,0.8333,0,0.9857,12.2,16.55,
diffuse4,4.5,8,always_multiD,0.8333,1,0.9905,100.0,100.0,
diffuse4,4.5,8,union4_bonf,0.6667,5,0.9524,0.0,4.96,
diffuse4,4.5,8,best_axis_oracle,0.6667,1,0.9619,0.0,0.46,S_A
diffuse4,4.5,8,sketch1,0.0,0,0.419,0.0,100.0,
diffuse4,4.5,8,dci_v3,0.6667,5,0.9524,7.3,11.92,
diffuse4,4.5,8,dci_v3_a8,0.6667,4,0.9619,22.0,25.82,
diffuse4,4.5,9,always_multiD,1.0,5,0.9952,100.0,100.0,
diffuse4,4.5,9,union4_bonf,1.0,3,0.9762,0.0,4.96,
diffuse4,4.5,9,best_axis_oracle,1.0,4,0.9952,0.0,0.46,S_A
diffuse4,4.5,9,sketch1,0.0,5,0.2429,0.0,100.0,
diffuse4,4.5,9,dci_v3,1.0,3,0.9762,0.0,4.96,
diffuse4,4.5,9,dci_v3_a8,1.0,4,0.9762,12.2,16.55,
diffuse4,4.5,10,always_multiD,1.0,2,1.0,100.0,100.0,
diffuse4,4.5,10,union4_bonf,1.0,0,1.0,0.0,4.96,
diffuse4,4.5,10,best_axis_oracle,0.8333,1,0.9905,0.0,0.01,S_V
diffuse4,4.5,10,sketch1,0.6667,3,0.9048,0.0,100.0,
diffuse4,4.5,10,dci_v3,1.0,2,1.0,87.8,88.41,
diffuse4,4.5,10,dci_v3_a8,1.0,2,1.0,87.8,88.41,
diffuse4,4.5,11,always_multiD,1.0,4,0.9905,100.0,100.0,
diffuse4,4.5,11,union4_bonf,1.0,6,0.9762,0.0,4.96,
diffuse4,4.5,11,best_axis_oracle,1.0,7,0.9667,0.0,4.12,S_R
diffuse4,4.5,11,sketch1,0.1667,3,0.6429,0.0,100.0,
diffuse4,4.5,11,dci_v3,1.0,6,0.9762,0.0,4.96,
diffuse4,4.5,11,dci_v3_a8,1.0,6,0.981,12.2,16.55,
diffuse4,4.5,12,always_multiD,0.8333,1,0.9905,100.0,100.0,
diffuse4,4.5,12,union4_bonf,0.8333,2,0.981,0.0,4.96,
diffuse4,4.5,12,best_axis_oracle,0.5,1,0.9429,0.0,0.01,S_V
diffuse4,4.5,12,sketch1,0.0,2,0.5333,0.0,100.0,
diffuse4,4.5,12,dci_v3,0.8333,2,0.981,0.0,4.96,
diffuse4,4.5,12,dci_v3_a8,0.8333,2,0.981,12.2,16.55,
diffuse4,4.5,13,always_multiD,1.0,1,0.9905,100.0,100.0,
diffuse4,4.5,13,union4_bonf,0.6667,1,0.9762,0.0,4.96,
diffuse4,4.5,13,best_axis_oracle,0.5,2,0.9429,0.0,0.38,S_T
diffuse4,4.5,13,sketch1,0.1667,2,0.4524,0.0,100.0,
diffuse4,4.5,13,dci_v3,0.8333,1,0.9905,48.8,51.32,
diffuse4,4.5,13,dci_v3_a8,0.8333,1,0.9905,51.2,53.64,
diffuse4,4.5,14,always_multiD,0.8333,2,0.9905,100.0,100.0,
diffuse4,4.5,14,union4_bonf,0.8333,2,0.9667,0.0,4.96,
diffuse4,4.5,14,best_axis_oracle,0.8333,2,0.9857,0.0,0.01,S_V
diffuse4,4.5,14,sketch1,0.0,0,0.5048,0.0,100.0,
diffuse4,4.5,14,dci_v3,0.8333,2,0.9667,2.4,7.28,
diffuse4,4.5,14,dci_v3_a8,0.8333,2,0.9524,14.6,18.87,
diffuse4,4.5,15,always_multiD,0.6667,1,0.9524,100.0,100.0,
diffuse4,4.5,15,union4_bonf,0.5,2,0.8667,0.0,4.96,
diffuse4,4.5,15,best_axis_oracle,0.3333,0,0.9571,0.0,0.38,S_T
diffuse4,4.5,15,sketch1,0.0,2,0.2619,0.0,100.0,
diffuse4,4.5,15,dci_v3,0.5,2,0.8667,0.0,4.96,
diffuse4,4.5,15,dci_v3_a8,0.6667,2,0.8667,12.2,16.55,
diffuse4,4.5,16,always_multiD,1.0,2,0.9952,100.0,100.0,
diffuse4,4.5,16,union4_bonf,0.8333,1,0.9952,0.0,4.96,
diffuse4,4.5,16,best_axis_oracle,0.8333,1,0.9952,0.0,0.38,S_T
diffuse4,4.5,16,sketch1,0.0,4,0.3476,0.0,100.0,
diffuse4,4.5,16,dci_v3,1.0,1,1.0,19.5,23.51,
diffuse4,4.5,16,dci_v3_a8,1.0,1,1.0,31.7,35.1,
diffuse4,4.5,17,always_multiD,1.0,4,0.9429,100.0,100.0,
diffuse4,4.5,17,union4_bonf,0.6667,3,0.9286,0.0,4.96,
diffuse4,4.5,17,best_axis_oracle,0.8333,0,0.9905,0.0,0.46,S_A
diffuse4,4.5,17,sketch1,0.0,1,0.6286,0.0,100.0,
diffuse4,4.5,17,dci_v3,0.6667,3,0.9286,0.0,4.96,
diffuse4,4.5,17,dci_v3_a8,0.8333,3,0.9381,12.2,16.55,
diffuse4,4.5,18,always_multiD,1.0,2,0.9905,100.0,100.0,
diffuse4,4.5,18,union4_bonf,0.8333,1,0.9571,0.0,4.96,
diffuse4,4.5,18,best_axis_oracle,0.8333,3,0.9857,0.0,0.46,S_A
diffuse4,4.5,18,sketch1,0.0,3,0.4429,0.0,100.0,
diffuse4,4.5,18,dci_v3,0.8333,1,0.9571,0.0,4.96,
diffuse4,4.5,18,dci_v3_a8,0.8333,2,0.9667,12.2,16.55,
diffuse4,4.5,19,always_multiD,1.0,1,1.0,100.0,100.0,
diffuse4,4.5,19,union4_bonf,1.0,1,0.9905,0.0,4.96,
diffuse4,4.5,19,best_axis_oracle,1.0,3,0.9905,0.0,0.01,S_V
diffuse4,4.5,19,sketch1,0.0,5,0.5667,0.0,100.0,
diffuse4,4.5,19,dci_v3,1.0,1,1.0,85.4,86.09,
diffuse4,4.5,19,dci_v3_a8,1.0,1,1.0,87.8,88.41,
diffuse4,4.5,20,always_multiD,1.0,5,0.9762,100.0,100.0,
diffuse4,4.5,20,union4_bonf,1.0,3,0.9619,0.0,4.96,
diffuse4,4.5,20,best_axis_oracle,0.3333,1,0.9333,0.0,0.01,S_V
diffuse4,4.5,20,sketch1,0.1667,3,0.5524,0.0,100.0,
diffuse4,4.5,20,dci_v3,1.0,3,0.9619,0.0,4.96,
diffuse4,4.5,20,dci_v3_a8,1.0,3,0.9619,12.2,16.55,
diffuse4,4.5,21,always_multiD,1.0,2,0.9952,100.0,100.0,
diffuse4,4.5,21,union4_bonf,1.0,4,0.981,0.0,4.96,
diffuse4,4.5,21,best_axis_oracle,0.8333,4,0.9714,0.0,0.38,S_T
diffuse4,4.5,21,sketch1,0.0,2,0.4619,0.0,100.0,
diffuse4,4.5,21,dci_v3,1.0,4,0.981,0.0,4.96,
diffuse4,4.5,21,dci_v3_a8,1.0,4,0.9857,12.2,16.55,
diffuse4,4.5,22,always_multiD,0.8333,4,0.9667,100.0,100.0,
diffuse4,4.5,22,union4_bonf,0.5,2,0.9381,0.0,4.96,
diffuse4,4.5,22,best_axis_oracle,0.5,1,0.9143,0.0,0.01,S_V
diffuse4,4.5,22,sketch1,0.5,3,0.5667,0.0,100.0,
diffuse4,4.5,22,dci_v3,0.6667,2,0.9429,14.6,18.87,
diffuse4,4.5,22,dci_v3_a8,0.6667,3,0.9238,26.8,30.46,
diffuse4,4.5,23,always_multiD,1.0,2,1.0,100.0,100.0,
diffuse4,4.5,23,union4_bonf,0.8333,3,0.981,0.0,4.96,
diffuse4,4.5,23,best_axis_oracle,1.0,2,0.981,0.0,0.01,S_V
diffuse4,4.5,23,sketch1,0.0,5,0.3619,0.0,100.0,
diffuse4,4.5,23,dci_v3,0.8333,3,0.981,0.0,4.96,
diffuse4,4.5,23,dci_v3_a8,0.8333,3,0.981,12.2,16.55,
diffuse4,4.5,24,always_multiD,1.0,3,1.0,100.0,100.0,
diffuse4,4.5,24,union4_bonf,1.0,2,0.9905,0.0,4.96,
diffuse4,4.5,24,best_axis_oracle,0.8333,4,0.9,0.0,0.01,S_V
diffuse4,4.5,24,sketch1,0.0,6,0.3429,0.0,100.0,
diffuse4,4.5,24,dci_v3,1.0,3,0.9952,63.4,65.23,
diffuse4,4.5,24,dci_v3_a8,1.0,3,1.0,68.3,69.87,
diffuse4,4.5,25,always_multiD,1.0,3,1.0,100.0,100.0,
diffuse4,4.5,25,union4_bonf,1.0,3,0.981,0.0,4.96,
diffuse4,4.5,25,best_axis_oracle,1.0,1,0.9905,0.0,0.38,S_T
diffuse4,4.5,25,sketch1,0.1667,5,0.6905,0.0,100.0,
diffuse4,4.5,25,dci_v3,1.0,2,1.0,78.0,79.14,
diffuse4,4.5,25,dci_v3_a8,1.0,2,1.0,78.0,79.14,
diffuse4,4.5,26,always_multiD,1.0,0,1.0,100.0,100.0,
diffuse4,4.5,26,union4_bonf,0.8333,0,0.9952,0.0,4.96,
diffuse4,4.5,26,best_axis_oracle,0.8333,0,0.9952,0.0,0.38,S_T
diffuse4,4.5,26,sketch1,0.0,2,0.281,0.0,100.0,
diffuse4,4.5,26,dci_v3,0.8333,0,0.9952,26.8,30.46,
diffuse4,4.5,26,dci_v3_a8,0.8333,0,0.9952,36.6,39.73,
diffuse4,4.5,27,always_multiD,0.8333,2,0.9381,100.0,100.0,
diffuse4,4.5,27,union4_bonf,0.5,3,0.8952,0.0,4.96,
diffuse4,4.5,27,best_axis_oracle,0.3333,3,0.919,0.0,0.38,S_T
diffuse4,4.5,27,sketch1,0.5,4,0.7571,0.0,100.0,
diffuse4,4.5,27,dci_v3,0.8333,2,0.9238,61.0,62.91,
diffuse4,4.5,27,dci_v3_a8,0.8333,2,0.9238,65.9,67.55,
diffuse4,4.5,28,always_multiD,1.0,0,1.0,100.0,100.0,
diffuse4,4.5,28,union4_bonf,1.0,0,1.0,0.0,4.96,
diffuse4,4.5,28,best_axis_oracle,0.6667,0,0.9952,0.0,0.01,S_V
diffuse4,4.5,28,sketch1,0.0,1,0.5381,0.0,100.0,
diffuse4,4.5,28,dci_v3,1.0,0,1.0,87.8,88.41,
diffuse4,4.5,28,dci_v3_a8,1.0,0,1.0,90.2,90.73,
diffuse4,4.5,29,always_multiD,1.0,1,0.9952,100.0,100.0,
diffuse4,4.5,29,union4_bonf,1.0,0,1.0,0.0,4.96,
diffuse4,4.5,29,best_axis_oracle,0.8333,3,0.9714,0.0,0.01,S_V
diffuse4,4.5,29,sketch1,0.1667,0,0.6905,0.0,100.0,
diffuse4,4.5,29,dci_v3,1.0,1,0.9905,36.6,39.73,
diffuse4,4.5,29,dci_v3_a8,1.0,1,0.9905,43.9,46.69,
diffuse4,4.5,30,always_multiD,0.8333,1,0.9905,100.0,100.0,
diffuse4,4.5,30,union4_bonf,0.6667,0,0.9762,0.0,4.96,
diffuse4,4.5,30,best_axis_oracle,0.8333,1,0.9571,0.0,0.01,S_V
diffuse4,4.5,30,sketch1,0.0,2,0.4524,0.0,100.0,
diffuse4,4.5,30,dci_v3,0.6667,0,0.9762,14.6,18.87,
diffuse4,4.5,30,dci_v3_a8,0.6667,0,0.9762,24.4,28.14,
diffuse4,4.5,31,always_multiD,0.8333,2,0.9905,100.0,100.0,
diffuse4,4.5,31,union4_bonf,0.8333,0,0.9857,0.0,4.96,
diffuse4,4.5,31,best_axis_oracle,1.0,2,0.9952,0.0,4.12,S_R
diffuse4,4.5,31,sketch1,0.0,4,0.5286,0.0,100.0,
diffuse4,4.5,31,dci_v3,0.8333,0,0.9857,0.0,4.96,
diffuse4,4.5,31,dci_v3_a8,0.8333,0,0.9905,12.2,16.55,
diffuse4,4.5,32,always_multiD,1.0,1,1.0,100.0,100.0,
diffuse4,4.5,32,union4_bonf,1.0,2,0.9857,0.0,4.96,
diffuse4,4.5,32,best_axis_oracle,0.5,0,0.9762,0.0,0.01,S_V
diffuse4,4.5,32,sketch1,0.1667,1,0.5286,0.0,100.0,
diffuse4,4.5,32,dci_v3,1.0,1,0.9905,73.2,74.5,
diffuse4,4.5,32,dci_v3_a8,1.0,1,0.9905,78.0,79.14,
diffuse4,4.5,33,always_multiD,1.0,1,1.0,100.0,100.0,
diffuse4,4.5,33,union4_bonf,0.8333,2,0.9905,0.0,4.96,
diffuse4,4.5,33,best_axis_oracle,0.6667,2,0.9667,0.0,0.01,S_V
diffuse4,4.5,33,sketch1,0.3333,1,0.681,0.0,100.0,
diffuse4,4.5,33,dci_v3,1.0,1,1.0,75.6,76.82,
diffuse4,4.5,33,dci_v3_a8,1.0,1,1.0,75.6,76.82,
diffuse4,4.5,34,always_multiD,1.0,2,1.0,100.0,100.0,
diffuse4,4.5,34,union4_bonf,0.6667,2,0.981,0.0,4.96,
diffuse4,4.5,34,best_axis_oracle,0.6667,0,1.0,0.0,0.46,S_A
diffuse4,4.5,34,sketch1,0.0,2,0.5476,0.0,100.0,
diffuse4,4.5,34,dci_v3,0.8333,2,0.9905,7.3,11.92,
diffuse4,4.5,34,dci_v3_a8,1.0,2,0.9952,19.5,23.51,
diffuse4,4.5,35,always_multiD,1.0,0,1.0,100.0,100.0,
diffuse4,4.5,35,union4_bonf,0.8333,1,0.9952,0.0,4.96,
diffuse4,4.5,35,best_axis_oracle,0.8333,2,0.9857,0.0,0.38,S_T
diffuse4,4.5,35,sketch1,0.0,1,0.4952,0.0,100.0,
diffuse4,4.5,35,dci_v3,0.8333,1,0.9952,17.1,21.19,
diffuse4,4.5,35,dci_v3_a8,0.8333,1,0.9952,26.8,30.46,
diffuse4,4.5,36,always_multiD,0.8333,3,0.9714,100.0,100.0,
diffuse4,4.5,36,union4_bonf,0.6667,4,0.9095,0.0,4.96,
diffuse4,4.5,36,best_axis_oracle,0.5,1,0.9714,0.0,0.01,S_V
diffuse4,4.5,36,sketch1,0.0,2,0.6,0.0,100.0,
diffuse4,4.5,36,dci_v3,0.8333,4,0.9095,12.2,16.55,
diffuse4,4.5,36,dci_v3_a8,0.8333,4,0.9286,24.4,28.14,
diffuse4,4.5,37,always_multiD,0.8333,1,0.9952,100.0,100.0,
diffuse4,4.5,37,union4_bonf,1.0,2,0.9905,0.0,4.96,
diffuse4,4.5,37,best_axis_oracle,0.8333,3,0.9238,0.0,0.38,S_T
diffuse4,4.5,37,sketch1,0.1667,2,0.719,0.0,100.0,
diffuse4,4.5,37,dci_v3,1.0,2,0.9905,0.0,4.96,
diffuse4,4.5,37,dci_v3_a8,1.0,2,0.9905,12.2,16.55,
diffuse4,4.5,38,always_multiD,1.0,2,1.0,100.0,100.0,
diffuse4,4.5,38,union4_bonf,1.0,1,1.0,0.0,4.96,
diffuse4,4.5,38,best_axis_oracle,1.0,2,0.9952,0.0,4.12,S_R
diffuse4,4.5,38,sketch1,0.0,0,0.4095,0.0,100.0,
diffuse4,4.5,38,dci_v3,1.0,1,1.0,53.7,55.96,
diffuse4,4.5,38,dci_v3_a8,1.0,1,1.0,56.1,58.28,
diffuse4,4.5,39,always_multiD,1.0,3,0.9905,100.0,100.0,
diffuse4,4.5,39,union4_bonf,0.8333,0,0.9857,0.0,4.96,
diffuse4,4.5,39,best_axis_oracle,0.8333,2,0.9762,0.0,0.46,S_A
diffuse4,4.5,39,sketch1,0.0,4,0.4952,0.0,100.0,
diffuse4,4.5,39,dci_v3,0.8333,0,0.9857,0.0,4.96,
diffuse4,4.5,39,dci_v3_a8,0.8333,1,0.9857,12.2,16.55,
diffuse4,4.5,40,always_multiD,1.0,1,1.0,100.0,100.0,
diffuse4,4.5,40,union4_bonf,1.0,1,0.9905,0.0,4.96,
diffuse4,4.5,40,best_axis_oracle,1.0,4,0.9905,0.0,0.01,S_V
diffuse4,4.5,40,sketch1,0.5,2,0.7333,0.0,100.0,
diffuse4,4.5,40,dci_v3,1.0,1,0.9905,0.0,4.96,
diffuse4,4.5,40,dci_v3_a8,1.0,1,1.0,12.2,16.55,
diffuse4,4.5,41,always_multiD,1.0,0,1.0,100.0,100.0,
diffuse4,4.5,41,union4_bonf,0.8333,1,0.9905,0.0,4.96,
diffuse4,4.5,41,best_axis_oracle,0.8333,1,0.9905,0.0,0.38,S_T
diffuse4,4.5,41,sketch1,0.1667,1,0.5667,0.0,100.0,
diffuse4,4.5,41,dci_v3,0.8333,1,0.9905,0.0,4.96,
diffuse4,4.5,41,dci_v3_a8,0.8333,1,0.9905,12.2,16.55,
diffuse4,4.5,42,always_multiD,1.0,1,0.9905,100.0,100.0,
diffuse4,4.5,42,union4_bonf,0.8333,0,0.9905,0.0,4.96,
diffuse4,4.5,42,best_axis_oracle,0.8333,1,0.9762,0.0,4.12,S_R
diffuse4,4.5,42,sketch1,0.1667,2,0.7619,0.0,100.0,
diffuse4,4.5,42,dci_v3,0.8333,0,0.9714,29.3,32.78,
diffuse4,4.5,42,dci_v3_a8,0.8333,0,0.9714,39.0,42.05,
diffuse4,4.5,43,always_multiD,0.8333,1,0.9905,100.0,100.0,
diffuse4,4.5,43,union4_bonf,1.0,1,0.981,0.0,4.96,
diffuse4,4.5,43,best_axis_oracle,0.8333,1,0.9619,0.0,0.46,S_A
diffuse4,4.5,43,sketch1,0.0,1,0.619,0.0,100.0,
diffuse4,4.5,43,dci_v3,1.0,1,0.981,22.0,25.82,
diffuse4,4.5,43,dci_v3_a8,0.8333,1,0.9714,34.1,37.41,
diffuse4,4.5,44,always_multiD,1.0,0,1.0,100.0,100.0,
diffuse4,4.5,44,union4_bonf,1.0,1,0.9905,0.0,4.96,
diffuse4,4.5,44,best_axis_oracle,1.0,0,1.0,0.0,0.01,S_V
diffuse4,4.5,44,sketch1,0.1667,1,0.4667,0.0,100.0,
diffuse4,4.5,44,dci_v3,1.0,0,1.0,34.1,37.41,
diffuse4,4.5,44,dci_v3_a8,1.0,0,1.0,43.9,46.69,
diffuse4,4.5,45,always_multiD,0.8333,1,0.9238,100.0,100.0,
diffuse4,4.5,45,union4_bonf,0.8333,3,0.9,0.0,4.96,
diffuse4,4.5,45,best_axis_oracle,0.6667,1,0.9,0.0,0.46,S_A
diffuse4,4.5,45,sketch1,0.0,1,0.4905,0.0,100.0,
diffuse4,4.5,45,dci_v3,0.8333,2,0.9143,12.2,16.55,
diffuse4,4.5,45,dci_v3_a8,0.8333,2,0.919,22.0,25.82,
diffuse4,4.5,46,always_multiD,1.0,2,1.0,100.0,100.0,
diffuse4,4.5,46,union4_bonf,1.0,2,0.9905,0.0,4.96,
diffuse4,4.5,46,best_axis_oracle,1.0,1,1.0,0.0,0.38,S_T
diffuse4,4.5,46,sketch1,0.0,1,0.4048,0.0,100.0,
diffuse4,4.5,46,dci_v3,1.0,3,0.9952,78.0,79.14,
diffuse4,4.5,46,dci_v3_a8,1.0,3,0.9952,80.5,81.46,
diffuse4,4.5,47,always_multiD,0.8333,0,1.0,100.0,100.0,
diffuse4,4.5,47,union4_bonf,1.0,0,1.0,0.0,4.96,
diffuse4,4.5,47,best_axis_oracle,0.8333,1,0.9952,0.0,4.12,S_R
diffuse4,4.5,47,sketch1,0.0,2,0.4381,0.0,100.0,
diffuse4,4.5,47,dci_v3,1.0,0,1.0,0.0,4.96,
diffuse4,4.5,47,dci_v3_a8,1.0,0,1.0,12.2,16.55,
diffuse4,4.5,48,always_multiD,1.0,2,1.0,100.0,100.0,
diffuse4,4.5,48,union4_bonf,1.0,1,1.0,0.0,4.96,
diffuse4,4.5,48,best_axis_oracle,0.8333,1,0.9857,0.0,0.38,S_T
diffuse4,4.5,48,sketch1,0.0,8,0.6476,0.0,100.0,
diffuse4,4.5,48,dci_v3,1.0,2,1.0,73.2,74.5,
diffuse4,4.5,48,dci_v3_a8,1.0,2,1.0,78.0,79.14,
diffuse4,4.5,49,always_multiD,0.8333,2,0.9857,100.0,100.0,
diffuse4,4.5,49,union4_bonf,0.8333,0,0.9762,0.0,4.96,
diffuse4,4.5,49,best_axis_oracle,0.6667,1,0.9857,0.0,0.01,S_V
diffuse4,4.5,49,sketch1,0.1667,2,0.7571,0.0,100.0,
diffuse4,4.5,49,dci_v3,0.8333,1,0.9524,70.7,72.18,
diffuse4,4.5,49,dci_v3_a8,0.8333,1,0.9524,73.2,74.5,
diffuse4,6.0,0,always_multiD,1.0,1,1.0,100.0,100.0,
diffuse4,6.0,0,union4_bonf,1.0,1,1.0,0.0,4.96,
diffuse4,6.0,0,best_axis_oracle,1.0,0,1.0,0.0,0.01,S_V
diffuse4,6.0,0,sketch1,0.0,2,0.5095,0.0,100.0,
diffuse4,6.0,0,dci_v3,1.0,1,1.0,58.5,60.59,
diffuse4,6.0,0,dci_v3_a8,1.0,1,1.0,63.4,65.23,
diffuse4,6.0,1,always_multiD,1.0,0,1.0,100.0,100.0,
diffuse4,6.0,1,union4_bonf,1.0,2,1.0,0.0,4.96,
diffuse4,6.0,1,best_axis_oracle,1.0,0,1.0,0.0,4.12,S_R
diffuse4,6.0,1,sketch1,0.1667,3,0.6571,0.0,100.0,
diffuse4,6.0,1,dci_v3,1.0,2,1.0,2.4,7.28,
diffuse4,6.0,1,dci_v3_a8,1.0,2,1.0,14.6,18.87,
diffuse4,6.0,2,always_multiD,1.0,2,1.0,100.0,100.0,
diffuse4,6.0,2,union4_bonf,1.0,1,1.0,0.0,4.96,
diffuse4,6.0,2,best_axis_oracle,1.0,1,1.0,0.0,4.12,S_R
diffuse4,6.0,2,sketch1,0.1667,3,0.7095,0.0,100.0,
diffuse4,6.0,2,dci_v3,1.0,1,1.0,87.8,88.41,
diffuse4,6.0,2,dci_v3_a8,1.0,2,1.0,90.2,90.73,
diffuse4,6.0,3,always_multiD,1.0,2,1.0,100.0,100.0,
diffuse4,6.0,3,union4_bonf,1.0,1,1.0,0.0,4.96,
diffuse4,6.0,3,best_axis_oracle,1.0,1,1.0,0.0,0.46,S_A
diffuse4,6.0,3,sketch1,0.0,1,0.4476,0.0,100.0,
diffuse4,6.0,3,dci_v3,1.0,1,1.0,43.9,46.69,
diffuse4,6.0,3,dci_v3_a8,1.0,1,1.0,48.8,51.32,
diffuse4,6.0,4,always_multiD,1.0,2,1.0,100.0,100.0,
diffuse4,6.0,4,union4_bonf,1.0,0,1.0,0.0,4.96,
diffuse4,6.0,4,best_axis_oracle,1.0,0,1.0,0.0,4.12,S_R
diffuse4,6.0,4,sketch1,0.1667,1,0.619,0.0,100.0,
diffuse4,6.0,4,dci_v3,1.0,1,1.0,43.9,46.69,
diffuse4,6.0,4,dci_v3_a8,1.0,1,1.0,51.2,53.64,
diffuse4,6.0,5,always_multiD,1.0,1,1.0,100.0,100.0,
diffuse4,6.0,5,union4_bonf,1.0,3,1.0,0.0,4.96,
diffuse4,6.0,5,best_axis_oracle,1.0,1,0.9952,0.0,0.38,S_T
diffuse4,6.0,5,sketch1,0.3333,4,0.7381,0.0,100.0,
diffuse4,6.0,5,dci_v3,1.0,1,1.0,78.0,79.14,
diffuse4,6.0,5,dci_v3_a8,1.0,1,1.0,82.9,83.77,
diffuse4,6.0,6,always_multiD,1.0,1,1.0,100.0,100.0,
diffuse4,6.0,6,union4_bonf,1.0,0,1.0,0.0,4.96,
diffuse4,6.0,6,best_axis_oracle,0.8333,0,0.9857,0.0,0.46,S_A
diffuse4,6.0,6,sketch1,0.0,0,0.3286,0.0,100.0,
diffuse4,6.0,6,dci_v3,1.0,0,1.0,0.0,4.96,
diffuse4,6.0,6,dci_v3_a8,1.0,0,1.0,14.6,18.87,
diffuse4,6.0,7,always_multiD,1.0,0,1.0,100.0,100.0,
diffuse4,6.0,7,union4_bonf,1.0,1,1.0,0.0,4.96,
diffuse4,6.0,7,best_axis_oracle,0.8333,1,0.9905,0.0,0.01,S_V
diffuse4,6.0,7,sketch1,0.0,1,0.281,0.0,100.0,
diffuse4,6.0,7,dci_v3,1.0,0,1.0,82.9,83.77,
diffuse4,6.0,7,dci_v3_a8,1.0,0,1.0,82.9,83.77,
diffuse4,6.0,8,always_multiD,1.0,1,1.0,100.0,100.0,
diffuse4,6.0,8,union4_bonf,1.0,1,1.0,0.0,4.96,
diffuse4,6.0,8,best_axis_oracle,1.0,2,1.0,0.0,4.12,S_R
diffuse4,6.0,8,sketch1,0.3333,3,0.7524,0.0,100.0,
diffuse4,6.0,8,dci_v3,1.0,2,1.0,41.5,44.37,
diffuse4,6.0,8,dci_v3_a8,1.0,2,1.0,48.8,51.32,
diffuse4,6.0,9,always_multiD,1.0,1,1.0,100.0,100.0,
diffuse4,6.0,9,union4_bonf,1.0,1,1.0,0.0,4.96,
diffuse4,6.0,9,best_axis_oracle,1.0,2,1.0,0.0,0.01,S_V
diffuse4,6.0,9,sketch1,0.3333,3,0.4857,0.0,100.0,
diffuse4,6.0,9,dci_v3,1.0,1,1.0,0.0,4.96,
diffuse4,6.0,9,dci_v3_a8,1.0,1,1.0,12.2,16.55,
diffuse4,6.0,10,always_multiD,1.0,1,1.0,100.0,100.0,
diffuse4,6.0,10,union4_bonf,1.0,0,1.0,0.0,4.96,
diffuse4,6.0,10,best_axis_oracle,0.8333,1,0.9952,0.0,4.12,S_R
diffuse4,6.0,10,sketch1,0.1667,4,0.6714,0.0,100.0,
diffuse4,6.0,10,dci_v3,1.0,0,1.0,0.0,4.96,
diffuse4,6.0,10,dci_v3_a8,1.0,0,1.0,12.2,16.55,
diffuse4,6.0,11,always_multiD,1.0,1,1.0,100.0,100.0,
diffuse4,6.0,11,union4_bonf,1.0,0,1.0,0.0,4.96,
diffuse4,6.0,11,best_axis_oracle,0.6667,0,1.0,0.0,0.01,S_V
diffuse4,6.0,11,sketch1,0.1667,2,0.3714,0.0,100.0,
diffuse4,6.0,11,dci_v3,1.0,1,1.0,73.2,74.5,
diffuse4,6.0,11,dci_v3_a8,1.0,1,1.0,75.6,76.82,
diffuse4,6.0,12,always_multiD,1.0,0,1.0,100.0,100.0,
diffuse4,6.0,12,union4_bonf,1.0,3,1.0,0.0,4.96,
diffuse4,6.0,12,best_axis_oracle,1.0,5,1.0,0.0,4.12,S_R
diffuse4,6.0,12,sketch1,0.0,2,0.5143,0.0,100.0,
diffuse4,6.0,12,dci_v3,1.0,3,1.0,7.3,11.92,
diffuse4,6.0,12,dci_v3_a8,1.0,3,1.0,19.5,23.51,
diffuse4,6.0,13,always_multiD,1.0,3,1.0,100.0,100.0,
diffuse4,6.0,13,union4_bonf,1.0,4,0.9952,0.0,4.96,
diffuse4,6.0,13,best_axis_oracle,1.0,2,1.0,0.0,4.12,S_R
diffuse4,6.0,13,sketch1,0.1667,2,0.7095,0.0,100.0,
diffuse4,6.0,13,dci_v3,1.0,4,0.9952,0.0,4.96,
diffuse4,6.0,13,dci_v3_a8,1.0,4,0.9952,12.2,16.55,
diffuse4,6.0,14,always_multiD,1.0,2,0.9952,100.0,100.0,
diffuse4,6.0,14,union4_bonf,0.8333,3,0.981,0.0,4.96,
diffuse4,6.0,14,best_axis_oracle,0.6667,0,0.981,0.0,4.12,S_R
diffuse4,6.0,14,sketch1,0.3333,2,0.6619,0.0,100.0,
diffuse4,6.0,14,dci_v3,0.8333,3,0.981,0.0,4.96,
diffuse4,6.0,14,dci_v3_a8,0.8333,3,0.981,12.2,16.55,
diffuse4,6.0,15,always_multiD,1.0,1,1.0,100.0,100.0,
diffuse4,6.0,15,union4_bonf,1.0,0,1.0,0.0,4.96,
diffuse4,6.0,15,best_axis_oracle,1.0,0,1.0,0.0,0.01,S_V
diffuse4,6.0,15,sketch1,0.0,0,0.6571,0.0,100.0,
diffuse4,6.0,15,dci_v3,1.0,1,1.0,70.7,72.18,
diffuse4,6.0,15,dci_v3_a8,1.0,1,1.0,73.2,74.5,
diffuse4,6.0,16,always_multiD,1.0,5,1.0,100.0,100.0,
diffuse4,6.0,16,union4_bonf,1.0,2,1.0,0.0,4.96,
diffuse4,6.0,16,best_axis_oracle,0.8333,0,1.0,0.0,4.12,S_R
diffuse4,6.0,16,sketch1,0.0,7,0.2286,0.0,100.0,
diffuse4,6.0,16,dci_v3,1.0,2,1.0,0.0,4.96,
diffuse4,6.0,16,dci_v3_a8,1.0,2,1.0,14.6,18.87,
diffuse4,6.0,17,always_multiD,1.0,4,1.0,100.0,100.0,
diffuse4,6.0,17,union4_bonf,1.0,1,1.0,0.0,4.96,
diffuse4,6.0,17,best_axis_oracle,1.0,2,1.0,0.0,4.12,S_R
diffuse4,6.0,17,sketch1,0.1667,2,0.6857,0.0,100.0,
diffuse4,6.0,17,dci_v3,1.0,2,1.0,34.1,37.41,
diffuse4,6.0,17,dci_v3_a8,1.0,2,1.0,43.9,46.69,
diffuse4,6.0,18,always_multiD,1.0,0,1.0,100.0,100.0,
diffuse4,6.0,18,union4_bonf,1.0,0,1.0,0.0,4.96,
diffuse4,6.0,18,best_axis_oracle,0.8333,1,0.9952,0.0,0.38,S_T
diffuse4,6.0,18,sketch1,0.0,0,0.7095,0.0,100.0,
diffuse4,6.0,18,dci_v3,1.0,0,1.0,24.4,28.14,
diffuse4,6.0,18,dci_v3_a8,1.0,0,1.0,34.1,37.41,
diffuse4,6.0,19,always_multiD,1.0,0,1.0,100.0,100.0,
diffuse4,6.0,19,union4_bonf,1.0,0,1.0,0.0,4.96,
diffuse4,6.0,19,best_axis_oracle,1.0,1,0.9952,0.0,0.01,S_V
diffuse4,6.0,19,sketch1,0.3333,1,0.5571,0.0,100.0,
diffuse4,6.0,19,dci_v3,1.0,0,1.0,73.2,74.5,
diffuse4,6.0,19,dci_v3_a8,1.0,0,1.0,78.0,79.14,
diffuse4,6.0,20,always_multiD,1.0,3,1.0,100.0,100.0,
diffuse4,6.0,20,union4_bonf,0.8333,3,0.9857,0.0,4.96,
diffuse4,6.0,20,best_axis_oracle,1.0,3,0.9857,0.0,4.12,S_R
diffuse4,6.0,20,sketch1,0.1667,2,0.7095,0.0,100.0,
diffuse4,6.0,20,dci_v3,0.8333,3,0.9905,61.0,62.91,
diffuse4,6.0,20,dci_v3_a8,0.8333,3,0.9905,65.9,67.55,
diffuse4,6.0,21,always_multiD,1.0,3,1.0,100.0,100.0,
diffuse4,6.0,21,union4_bonf,1.0,1,1.0,0.0,4.96,
diffuse4,6.0,21,best_axis_oracle,1.0,0,1.0,0.0,4.12,S_R
diffuse4,6.0,21,sketch1,0.0,0,0.4286,0.0,100.0,
diffuse4,6.0,21,dci_v3,1.0,3,1.0,73.2,74.5,
diffuse4,6.0,21,dci_v3_a8,1.0,3,1.0,75.6,76.82,
diffuse4,6.0,22,always_multiD,1.0,1,1.0,100.0,100.0,
diffuse4,6.0,22,union4_bonf,1.0,2,1.0,0.0,4.96,
diffuse4,6.0,22,best_axis_oracle,1.0,1,1.0,0.0,0.38,S_T
diffuse4,6.0,22,sketch1,0.0,0,0.6238,0.0,100.0,
diffuse4,6.0,22,dci_v3,1.0,2,1.0,0.0,4.96,
diffuse4,6.0,22,dci_v3_a8,1.0,2,1.0,12.2,16.55,
diffuse4,6.0,23,always_multiD,1.0,1,1.0,100.0,100.0,
diffuse4,6.0,23,union4_bonf,0.8333,2,0.9905,0.0,4.96,
diffuse4,6.0,23,best_axis_oracle,1.0,0,1.0,0.0,0.46,S_A
diffuse4,6.0,23,sketch1,0.0,0,0.781,0.0,100.0,
diffuse4,6.0,23,dci_v3,1.0,1,1.0,87.8,88.41,
diffuse4,6.0,23,dci_v3_a8,1.0,1,1.0,87.8,88.41,
diffuse4,6.0,24,always_multiD,1.0,3,1.0,100.0,100.0,
diffuse4,6.0,24,union4_bonf,1.0,2,0.9952,0.0,4.96,
diffuse4,6.0,24,best_axis_oracle,0.8333,1,0.9857,0.0,0.46,S_A
diffuse4,6.0,24,sketch1,0.0,0,0.3952,0.0,100.0,
diffuse4,6.0,24,dci_v3,1.0,3,0.9952,73.2,74.5,
diffuse4,6.0,24,dci_v3_a8,1.0,3,0.9952,75.6,76.82,
diffuse4,6.0,25,always_multiD,1.0,4,0.9952,100.0,100.0,
diffuse4,6.0,25,union4_bonf,1.0,3,1.0,0.0,4.96,
diffuse4,6.0,25,best_axis_oracle,1.0,4,1.0,0.0,0.01,S_V
diffuse4,6.0,25,sketch1,0.3333,5,0.6238,0.0,100.0,
diffuse4,6.0,25,dci_v3,1.0,3,1.0,0.0,4.96,
diffuse4,6.0,25,dci_v3_a8,1.0,3,1.0,12.2,16.55,
diffuse4,6.0,26,always_multiD,1.0,1,1.0,100.0,100.0,
diffuse4,6.0,26,union4_bonf,1.0,2,0.9905,0.0,4.96,
diffuse4,6.0,26,best_axis_oracle,0.8333,0,1.0,0.0,0.01,S_V
diffuse4,6.0,26,sketch1,0.1667,0,0.6333,0.0,100.0,
diffuse4,6.0,26,dci_v3,1.0,2,1.0,51.2,53.64,
diffuse4,6.0,26,dci_v3_a8,1.0,2,1.0,58.5,60.59,
diffuse4,6.0,27,always_multiD,1.0,4,1.0,100.0,100.0,
diffuse4,6.0,27,union4_bonf,1.0,7,1.0,0.0,4.96,
diffuse4,6.0,27,best_axis_oracle,1.0,3,0.9905,0.0,4.12,S_R
diffuse4,6.0,27,sketch1,0.5,3,0.8333,0.0,100.0,
diffuse4,6.0,27,dci_v3,1.0,7,1.0,0.0,4.96,
diffuse4,6.0,27,dci_v3_a8,1.0,6,1.0,12.2,16.55,
diffuse4,6.0,28,always_multiD,1.0,0,1.0,100.0,100.0,
diffuse4,6.0,28,union4_bonf,1.0,0,1.0,0.0,4.96,
diffuse4,6.0,28,best_axis_oracle,1.0,0,1.0,0.0,0.01,S_V
diffuse4,6.0,28,sketch1,0.1667,1,0.5619,0.0,100.0,
diffuse4,6.0,28,dci_v3,1.0,0,1.0,4.9,9.6,
diffuse4,6.0,28,dci_v3_a8,1.0,0,1.0,17.1,21.19,
diffuse4,6.0,29,always_multiD,1.0,1,1.0,100.0,100.0,
diffuse4,6.0,29,union4_bonf,1.0,1,1.0,0.0,4.96,
diffuse4,6.0,29,best_axis_oracle,1.0,2,1.0,0.0,4.12,S_R
diffuse4,6.0,29,sketch1,0.6667,1,0.7857,0.0,100.0,
diffuse4,6.0,29,dci_v3,1.0,1,1.0,82.9,83.77,
diffuse4,6.0,29,dci_v3_a8,1.0,1,1.0,85.4,86.09,
diffuse4,6.0,30,always_multiD,1.0,1,1.0,100.0,100.0,
diffuse4,6.0,30,union4_bonf,1.0,1,1.0,0.0,4.96,
diffuse4,6.0,30,best_axis_oracle,1.0,0,1.0,0.0,0.01,S_V
diffuse4,6.0,30,sketch1,0.0,2,0.6476,0.0,100.0,
diffuse4,6.0,30,dci_v3,1.0,1,1.0,43.9,46.69,
diffuse4,6.0,30,dci_v3_a8,1.0,1,1.0,51.2,53.64,
diffuse4,6.0,31,always_multiD,1.0,0,1.0,100.0,100.0,
diffuse4,6.0,31,union4_bonf,1.0,1,1.0,0.0,4.96,
diffuse4,6.0,31,best_axis_oracle,1.0,1,1.0,0.0,4.12,S_R
diffuse4,6.0,31,sketch1,0.0,1,0.5476,0.0,100.0,
diffuse4,6.0,31,dci_v3,1.0,1,1.0,0.0,4.96,
diffuse4,6.0,31,dci_v3_a8,1.0,1,1.0,12.2,16.55,
diffuse4,6.0,32,always_multiD,1.0,1,0.9952,100.0,100.0,
diffuse4,6.0,32,union4_bonf,1.0,2,1.0,0.0,4.96,
diffuse4,6.0,32,best_axis_oracle,1.0,3,0.9857,0.0,0.46,S_A
diffuse4,6.0,32,sketch1,0.1667,3,0.4048,0.0,100.0,
diffuse4,6.0,32,dci_v3,1.0,2,1.0,0.0,4.96,
diffuse4,6.0,32,dci_v3_a8,1.0,2,1.0,12.2,16.55,
diffuse4,6.0,33,always_multiD,1.0,0,1.0,100.0,100.0,
diffuse4,6.0,33,union4_bonf,1.0,1,1.0,0.0,4.96,
diffuse4,6.0,33,best_axis_oracle,1.0,1,1.0,0.0,4.12,S_R
diffuse4,6.0,33,sketch1,0.3333,2,0.5524,0.0,100.0,
diffuse4,6.0,33,dci_v3,1.0,0,1.0,87.8,88.41,
diffuse4,6.0,33,dci_v3_a8,1.0,0,1.0,87.8,88.41,
diffuse4,6.0,34,always_multiD,1.0,1,1.0,100.0,100.0,
diffuse4,6.0,34,union4_bonf,1.0,1,1.0,0.0,4.96,
diffuse4,6.0,34,best_axis_oracle,1.0,1,1.0,0.0,0.01,S_V
diffuse4,6.0,34,sketch1,0.1667,1,0.481,0.0,100.0,
diffuse4,6.0,34,dci_v3,1.0,1,1.0,14.6,18.87,
diffuse4,6.0,34,dci_v3_a8,1.0,1,1.0,22.0,25.82,
diffuse4,6.0,35,always_multiD,1.0,0,1.0,100.0,100.0,
diffuse4,6.0,35,union4_bonf,1.0,0,1.0,0.0,4.96,
diffuse4,6.0,35,best_axis_oracle,1.0,1,1.0,0.0,4.12,S_R
diffuse4,6.0,35,sketch1,0.0,0,0.7905,0.0,100.0,
diffuse4,6.0,35,dci_v3,1.0,0,1.0,73.2,74.5,
diffuse4,6.0,35,dci_v3_a8,1.0,0,1.0,75.6,76.82,
diffuse4,6.0,36,always_multiD,1.0,1,1.0,100.0,100.0,
diffuse4,6.0,36,union4_bonf,1.0,3,0.9857,0.0,4.96,
diffuse4,6.0,36,best_axis_oracle,1.0,2,0.9857,0.0,0.01,S_V
diffuse4,6.0,36,sketch1,0.0,2,0.419,0.0,100.0,
diffuse4,6.0,36,dci_v3,1.0,2,0.9952,70.7,72.18,
diffuse4,6.0,36,dci_v3_a8,1.0,2,0.9952,73.2,74.5,
diffuse4,6.0,37,always_multiD,1.0,4,0.9952,100.0,100.0,
diffuse4,6.0,37,union4_bonf,1.0,3,0.9857,0.0,4.96,
diffuse4,6.0,37,best_axis_oracle,1.0,4,0.981,0.0,0.46,S_A
diffuse4,6.0,37,sketch1,0.0,1,0.4,0.0,100.0,
diffuse4,6.0,37,dci_v3,1.0,3,0.9905,36.6,39.73,
diffuse4,6.0,37,dci_v3_a8,1.0,3,0.9905,43.9,46.69,
diffuse4,6.0,38,always_multiD,1.0,2,1.0,100.0,100.0,
diffuse4,6.0,38,union4_bonf,1.0,1,1.0,0.0,4.96,
diffuse4,6.0,38,best_axis_oracle,1.0,1,1.0,0.0,0.46,S_A
diffuse4,6.0,38,sketch1,0.0,2,0.6143,0.0,100.0,
diffuse4,6.0,38,dci_v3,1.0,2,1.0,56.1,58.28,
diffuse4,6.0,38,dci_v3_a8,1.0,2,1.0,61.0,62.91,
diffuse4,6.0,39,always_multiD,1.0,0,1.0,100.0,100.0,
diffuse4,6.0,39,union4_bonf,1.0,0,1.0,0.0,4.96,
diffuse4,6.0,39,best_axis_oracle,1.0,0,1.0,0.0,0.38,S_T
diffuse4,6.0,39,sketch1,0.0,2,0.4619,0.0,100.0,
diffuse4,6.0,39,dci_v3,1.0,0,1.0,24.4,28.14,
diffuse4,6.0,39,dci_v3_a8,1.0,0,1.0,34.1,37.41,
diffuse4,6.0,40,always_multiD,1.0,2,1.0,100.0,100.0,
diffuse4,6.0,40,union4_bonf,1.0,1,1.0,0.0,4.96,
diffuse4,6.0,40,best_axis_oracle,1.0,2,1.0,0.0,0.01,S_V
diffuse4,6.0,40,sketch1,0.0,4,0.3048,0.0,100.0,
diffuse4,6.0,40,dci_v3,1.0,1,1.0,4.9,9.6,
diffuse4,6.0,40,dci_v3_a8,1.0,2,1.0,17.1,21.19,
diffuse4,6.0,41,always_multiD,1.0,1,1.0,100.0,100.0,
diffuse4,6.0,41,union4_bonf,1.0,1,1.0,0.0,4.96,
diffuse4,6.0,41,best_axis_oracle,1.0,0,1.0,0.0,0.01,S_V
diffuse4,6.0,41,sketch1,0.0,2,0.4905,0.0,100.0,
diffuse4,6.0,41,dci_v3,1.0,1,1.0,87.8,88.41,
diffuse4,6.0,41,dci_v3_a8,1.0,1,1.0,90.2,90.73,
diffuse4,6.0,42,always_multiD,1.0,2,1.0,100.0,100.0,
diffuse4,6.0,42,union4_bonf,1.0,1,1.0,0.0,4.96,
diffuse4,6.0,42,best_axis_oracle,0.8333,0,1.0,0.0,0.01,S_V
diffuse4,6.0,42,sketch1,0.0,2,0.5095,0.0,100.0,
diffuse4,6.0,42,dci_v3,1.0,1,1.0,14.6,18.87,
diffuse4,6.0,42,dci_v3_a8,1.0,1,1.0,24.4,28.14,
diffuse4,6.0,43,always_multiD,1.0,1,1.0,100.0,100.0,
diffuse4,6.0,43,union4_bonf,1.0,1,1.0,0.0,4.96,
diffuse4,6.0,43,best_axis_oracle,1.0,1,1.0,0.0,0.38,S_T
diffuse4,6.0,43,sketch1,0.3333,2,0.7429,0.0,100.0,
diffuse4,6.0,43,dci_v3,1.0,1,1.0,43.9,46.69,
diffuse4,6.0,43,dci_v3_a8,1.0,1,1.0,48.8,51.32,
diffuse4,6.0,44,always_multiD,1.0,1,1.0,100.0,100.0,
diffuse4,6.0,44,union4_bonf,1.0,0,1.0,0.0,4.96,
diffuse4,6.0,44,best_axis_oracle,1.0,3,1.0,0.0,4.12,S_R
diffuse4,6.0,44,sketch1,0.0,1,0.4952,0.0,100.0,
diffuse4,6.0,44,dci_v3,1.0,0,1.0,61.0,62.91,
diffuse4,6.0,44,dci_v3_a8,1.0,0,1.0,65.9,67.55,
diffuse4,6.0,45,always_multiD,1.0,3,1.0,100.0,100.0,
diffuse4,6.0,45,union4_bonf,1.0,1,1.0,0.0,4.96,
diffuse4,6.0,45,best_axis_oracle,1.0,3,1.0,0.0,4.12,S_R
diffuse4,6.0,45,sketch1,0.0,5,0.4286,0.0,100.0,
diffuse4,6.0,45,dci_v3,1.0,3,1.0,78.0,79.14,
diffuse4,6.0,45,dci_v3_a8,1.0,3,1.0,80.5,81.46,
diffuse4,6.0,46,always_multiD,1.0,1,1.0,100.0,100.0,
diffuse4,6.0,46,union4_bonf,1.0,1,1.0,0.0,4.96,
diffuse4,6.0,46,best_axis_oracle,1.0,2,1.0,0.0,4.12,S_R
diffuse4,6.0,46,sketch1,0.1667,4,0.6095,0.0,100.0,
diffuse4,6.0,46,dci_v3,1.0,1,1.0,7.3,11.92,
diffuse4,6.0,46,dci_v3_a8,1.0,1,1.0,19.5,23.51,
diffuse4,6.0,47,always_multiD,1.0,2,1.0,100.0,100.0,
diffuse4,6.0,47,union4_bonf,1.0,3,0.9952,0.0,4.96,
diffuse4,6.0,47,best_axis_oracle,1.0,5,0.9952,0.0,0.38,S_T
diffuse4,6.0,47,sketch1,0.0,3,0.481,0.0,100.0,
diffuse4,6.0,47,dci_v3,1.0,2,1.0,85.4,86.09,
diffuse4,6.0,47,dci_v3_a8,1.0,2,1.0,85.4,86.09,
diffuse4,6.0,48,always_multiD,1.0,1,1.0,100.0,100.0,
diffuse4,6.0,48,union4_bonf,1.0,0,1.0,0.0,4.96,
diffuse4,6.0,48,best_axis_oracle,0.8333,0,0.9952,0.0,4.12,S_R
diffuse4,6.0,48,sketch1,0.3333,4,0.6381,0.0,100.0,
diffuse4,6.0,48,dci_v3,1.0,0,1.0,4.9,9.6,
diffuse4,6.0,48,dci_v3_a8,1.0,0,1.0,17.1,21.19,
diffuse4,6.0,49,always_multiD,1.0,1,1.0,100.0,100.0,
diffuse4,6.0,49,union4_bonf,1.0,1,1.0,0.0,4.96,
diffuse4,6.0,49,best_axis_oracle,1.0,0,1.0,0.0,0.01,S_V
diffuse4,6.0,49,sketch1,0.0,2,0.6143,0.0,100.0,
diffuse4,6.0,49,dci_v3,1.0,1,1.0,0.0,4.96,
diffuse4,6.0,49,dci_v3_a8,1.0,1,1.0,12.2,16.55,
diffuse5,2.5,0,always_multiD,0.8333,0,0.9857,100.0,100.0,
diffuse5,2.5,0,union4_bonf,0.1667,1,0.8048,0.0,4.96,
diffuse5,2.5,0,best_axis_oracle,0.1667,2,0.8571,0.0,4.12,S_R
diffuse5,2.5,0,sketch1,0.0,2,0.5571,0.0,100.0,
diffuse5,2.5,0,dci_v3,0.1667,1,0.8048,0.0,4.96,
diffuse5,2.5,0,dci_v3_a8,0.3333,1,0.819,12.2,16.55,
diffuse5,2.5,1,always_multiD,0.0,1,0.6524,100.0,100.0,
diffuse5,2.5,1,union4_bonf,0.0,0,0.8095,0.0,4.96,
diffuse5,2.5,1,best_axis_oracle,0.0,1,0.8333,0.0,0.46,S_A
diffuse5,2.5,1,sketch1,0.1667,1,0.419,0.0,100.0,
diffuse5,2.5,1,dci_v3,0.0,0,0.8095,0.0,4.96,
diffuse5,2.5,1,dci_v3_a8,0.0,0,0.7429,12.2,16.55,
diffuse5,2.5,2,always_multiD,0.6667,2,0.9429,100.0,100.0,
diffuse5,2.5,2,union4_bonf,0.3333,2,0.9429,0.0,4.96,
diffuse5,2.5,2,best_axis_oracle,0.5,1,0.8333,0.0,0.01,S_V
diffuse5,2.5,2,sketch1,0.3333,2,0.6952,0.0,100.0,
diffuse5,2.5,2,dci_v3,0.3333,2,0.9429,0.0,4.96,
diffuse5,2.5,2,dci_v3_a8,0.5,2,0.9524,12.2,16.55,
diffuse5,2.5,3,always_multiD,0.5,0,0.8048,100.0,100.0,
diffuse5,2.5,3,union4_bonf,0.3333,0,0.8476,0.0,4.96,
diffuse5,2.5,3,best_axis_oracle,0.5,0,0.8476,0.0,0.01,S_V
diffuse5,2.5,3,sketch1,0.0,0,0.4143,0.0,100.0,
diffuse5,2.5,3,dci_v3,0.3333,0,0.8476,0.0,4.96,
diffuse5,2.5,3,dci_v3_a8,0.3333,0,0.8524,12.2,16.55,
diffuse5,2.5,4,always_multiD,0.5,1,0.8333,100.0,100.0,
diffuse5,2.5,4,union4_bonf,0.1667,4,0.781,0.0,4.96,
diffuse5,2.5,4,best_axis_oracle,0.3333,2,0.8524,0.0,0.38,S_T
diffuse5,2.5,4,sketch1,0.0,3,0.5095,0.0,100.0,
diffuse5,2.5,4,dci_v3,0.1667,3,0.8,2.4,7.28,
diffuse5,2.5,4,dci_v3_a8,0.1667,3,0.8286,17.1,21.19,
diffuse5,2.5,5,always_multiD,0.6667,0,0.9429,100.0,100.0,
diffuse5,2.5,5,union4_bonf,0.5,0,0.8667,0.0,4.96,
diffuse5,2.5,5,best_axis_oracle,0.3333,1,0.7571,0.0,0.46,S_A
diffuse5,2.5,5,sketch1,0.0,0,0.4524,0.0,100.0,
diffuse5,2.5,5,dci_v3,0.5,0,0.8667,0.0,4.96,
diffuse5,2.5,5,dci_v3_a8,0.5,0,0.881,12.2,16.55,
diffuse5,2.5,6,always_multiD,0.5,1,0.8095,100.0,100.0,
diffuse5,2.5,6,union4_bonf,0.1667,1,0.6095,0.0,4.96,
diffuse5,2.5,6,best_axis_oracle,0.1667,1,0.9,0.0,95.04,S_P
diffuse5,2.5,6,sketch1,0.3333,1,0.5095,0.0,100.0,
diffuse5,2.5,6,dci_v3,0.1667,1,0.6095,0.0,4.96,
diffuse5,2.5,6,dci_v3_a8,0.1667,1,0.6524,14.6,18.87,
diffuse5,2.5,7,always_multiD,0.5,4,0.6905,100.0,100.0,
diffuse5,2.5,7,union4_bonf,0.1667,4,0.6333,0.0,4.96,
diffuse5,2.5,7,best_axis_oracle,0.1667,2,0.7476,0.0,95.04,S_P
diffuse5,2.5,7,sketch1,0.0,2,0.4381,0.0,100.0,
diffuse5,2.5,7,dci_v3,0.1667,4,0.6333,0.0,4.96,
diffuse5,2.5,7,dci_v3_a8,0.1667,4,0.6571,12.2,16.55,
diffuse5,2.5,8,always_multiD,0.1667,2,0.7286,100.0,100.0,
diffuse5,2.5,8,union4_bonf,0.1667,2,0.7048,0.0,4.96,
diffuse5,2.5,8,best_axis_oracle,0.1667,0,0.7,0.0,95.04,S_P
diffuse5,2.5,8,sketch1,0.0,6,0.3476,0.0,100.0,
diffuse5,2.5,8,dci_v3,0.1667,2,0.7048,0.0,4.96,
diffuse5,2.5,8,dci_v3_a8,0.1667,2,0.7143,14.6,18.87,
diffuse5,2.5,9,always_multiD,0.8333,1,0.919,100.0,100.0,
diffuse5,2.5,9,union4_bonf,0.6667,3,0.8476,0.0,4.96,
diffuse5,2.5,9,best_axis_oracle,0.6667,2,0.8905,0.0,95.04,S_P
diffuse5,2.5,9,sketch1,0.0,1,0.6143,0.0,100.0,
diffuse5,2.5,9,dci_v3,0.8333,3,0.8905,43.9,46.69,
diffuse5,2.5,9,dci_v3_a8,0.8333,3,0.8952,48.8,51.32,
diffuse5,2.5,10,always_multiD,0.3333,1,0.7143,100.0,100.0,
diffuse5,2.5,10,union4_bonf,0.1667,0,0.8,0.0,4.96,
diffuse5,2.5,10,best_axis_oracle,0.3333,1,0.819,0.0,95.04,S_P
diffuse5,2.5,10,sketch1,0.1667,2,0.419,0.0,100.0,
diffuse5,2.5,10,dci_v3,0.1667,0,0.8,0.0,4.96,
diffuse5,2.5,10,dci_v3_a8,0.1667,0,0.819,12.2,16.55,
diffuse5,2.5,11,always_multiD,0.3333,0,0.8857,100.0,100.0,
diffuse5,2.5,11,union4_bonf,0.3333,0,0.8429,0.0,4.96,
diffuse5,2.5,11,best_axis_oracle,0.1667,1,0.7952,0.0,0.38,S_T
diffuse5,2.5,11,sketch1,0.1667,2,0.3905,0.0,100.0,
diffuse5,2.5,11,dci_v3,0.3333,0,0.8429,0.0,4.96,
diffuse5,2.5,11,dci_v3_a8,0.3333,0,0.8429,12.2,16.55,
diffuse5,2.5,12,always_multiD,0.3333,2,0.8429,100.0,100.0,
diffuse5,2.5,12,union4_bonf,0.3333,1,0.8905,0.0,4.96,
diffuse5,2.5,12,best_axis_oracle,0.3333,1,0.8857,0.0,0.38,S_T
diffuse5,2.5,12,sketch1,0.0,5,0.5333,0.0,100.0,
diffuse5,2.5,12,dci_v3,0.3333,1,0.9238,17.1,21.19,
diffuse5,2.5,12,dci_v3_a8,0.3333,2,0.9333,29.3,32.78,
diffuse5,2.5,13,always_multiD,0.3333,3,0.819,100.0,100.0,
diffuse5,2.5,13,union4_bonf,0.3333,3,0.7048,0.0,4.96,
diffuse5,2.5,13,best_axis_oracle,0.1667,1,0.7571,0.0,95.04,S_P
diffuse5,2.5,13,sketch1,0.0,4,0.5571,0.0,100.0,
diffuse5,2.5,13,dci_v3,0.3333,3,0.7048,0.0,4.96,
diffuse5,2.5,13,dci_v3_a8,0.3333,3,0.7143,12.2,16.55,
diffuse5,2.5,14,always_multiD,0.1667,1,0.8238,100.0,100.0,
diffuse5,2.5,14,union4_bonf,0.0,1,0.8238,0.0,4.96,
diffuse5,2.5,14,best_axis_oracle,0.3333,2,0.8286,0.0,0.01,S_V
diffuse5,2.5,14,sketch1,0.1667,1,0.4667,0.0,100.0,
diffuse5,2.5,14,dci_v3,0.0,1,0.8238,0.0,4.96,
diffuse5,2.5,14,dci_v3_a8,0.0,1,0.6333,12.2,16.55,
diffuse5,2.5,15,always_multiD,0.3333,4,0.7143,100.0,100.0,
diffuse5,2.5,15,union4_bonf,0.1667,3,0.6,0.0,4.96,
diffuse5,2.5,15,best_axis_oracle,0.1667,1,0.6476,0.0,0.46,S_A
diffuse5,2.5,15,sketch1,0.1667,0,0.8095,0.0,100.0,
diffuse5,2.5,15,dci_v3,0.1667,3,0.6,0.0,4.96,
diffuse5,2.5,15,dci_v3_a8,0.1667,3,0.5524,12.2,16.55,
diffuse5,2.5,16,always_multiD,0.3333,1,0.7714,100.0,100.0,
diffuse5,2.5,16,union4_bonf,0.3333,3,0.781,0.0,4.96,
diffuse5,2.5,16,best_axis_oracle,0.0,0,0.819,0.0,95.04,S_P
diffuse5,2.5,16,sketch1,0.0,4,0.5381,0.0,100.0,
diffuse5,2.5,16,dci_v3,0.3333,3,0.781,0.0,4.96,
diffuse5,2.5,16,dci_v3_a8,0.3333,3,0.8,14.6,18.87,
diffuse5,2.5,17,always_multiD,0.5,1,0.9619,100.0,100.0,
diffuse5,2.5,17,union4_bonf,0.3333,0,0.9143,0.0,4.96,
diffuse5,2.5,17,best_axis_oracle,0.5,3,0.8571,0.0,95.04,S_P
diffuse5,2.5,17,sketch1,0.1667,0,0.581,0.0,100.0,
diffuse5,2.5,17,dci_v3,0.3333,0,0.9143,0.0,4.96,
diffuse5,2.5,17,dci_v3_a8,0.3333,0,0.8952,12.2,16.55,
diffuse5,2.5,18,always_multiD,0.3333,0,0.9619,100.0,100.0,
diffuse5,2.5,18,union4_bonf,0.1667,3,0.6667,0.0,4.96,
diffuse5,2.5,18,best_axis_oracle,0.3333,1,0.8714,0.0,0.46,S_A
diffuse5,2.5,18,sketch1,0.0,0,0.181,0.0,100.0,
diffuse5,2.5,18,dci_v3,0.1667,3,0.6667,0.0,4.96,
diffuse5,2.5,18,dci_v3_a8,0.1667,3,0.719,12.2,16.55,
diffuse5,2.5,19,always_multiD,0.3333,0,0.7857,100.0,100.0,
diffuse5,2.5,19,union4_bonf,0.0,0,0.7143,0.0,4.96,
diffuse5,2.5,19,best_axis_oracle,0.0,0,0.7905,0.0,0.38,S_T
diffuse5,2.5,19,sketch1,0.0,0,0.5619,0.0,100.0,
diffuse5,2.5,19,dci_v3,0.0,0,0.7143,0.0,4.96,
diffuse5,2.5,19,dci_v3_a8,0.1667,0,0.7095,12.2,16.55,
diffuse5,2.5,20,always_multiD,0.3333,2,0.8667,100.0,100.0,
diffuse5,2.5,20,union4_bonf,0.1667,1,0.7619,0.0,4.96,
diffuse5,2.5,20,best_axis_oracle,0.5,2,0.8048,0.0,95.04,S_P
diffuse5,2.5,20,sketch1,0.1667,1,0.781,0.0,100.0,
diffuse5,2.5,20,dci_v3,0.1667,1,0.7619,0.0,4.96,
diffuse5,2.5,20,dci_v3_a8,0.1667,1,0.7857,12.2,16.55,
diffuse5,2.5,21,always_multiD,0.5,2,0.6429,100.0,100.0,
diffuse5,2.5,21,union4_bonf,0.3333,4,0.6762,0.0,4.96,
diffuse5,2.5,21,best_axis_oracle,0.3333,4,0.8048,0.0,0.46,S_A
diffuse5,2.5,21,sketch1,0.0,2,0.2714,0.0,100.0,
diffuse5,2.5,21,dci_v3,0.3333,4,0.7048,7.3,11.92,
diffuse5,2.5,21,dci_v3_a8,0.3333,4,0.6762,19.5,23.51,
diffuse5,2.5,22,always_multiD,0.1667,1,0.6714,100.0,100.0,
diffuse5,2.5,22,union4_bonf,0.3333,1,0.7048,0.0,4.96,
diffuse5,2.5,22,best_axis_oracle,0.0,1,0.8143,0.0,0.01,S_V
diffuse5,2.5,22,sketch1,0.0,2,0.2905,0.0,100.0,
diffuse5,2.5,22,dci_v3,0.3333,1,0.7048,0.0,4.96,
diffuse5,2.5,22,dci_v3_a8,0.1667,1,0.6333,12.2,16.55,
diffuse5,2.5,23,always_multiD,0.6667,2,0.8381,100.0,100.0,
diffuse5,2.5,23,union4_bonf,0.3333,4,0.7,0.0,4.96,
diffuse5,2.5,23,best_axis_oracle,0.0,0,0.7571,0.0,0.38,S_T
diffuse5,2.5,23,sketch1,0.1667,4,0.6333,0.0,100.0,
diffuse5,2.5,23,dci_v3,0.3333,4,0.7,0.0,4.96,
diffuse5,2.5,23,dci_v3_a8,0.5,4,0.7333,12.2,16.55,
diffuse5,2.5,24,always_multiD,0.5,2,0.9571,100.0,100.0,
diffuse5,2.5,24,union4_bonf,0.0,1,0.8429,0.0,4.96,
diffuse5,2.5,24,best_axis_oracle,0.3333,1,0.8048,0.0,95.04,S_P
diffuse5,2.5,24,sketch1,0.0,0,0.5333,0.0,100.0,
diffuse5,2.5,24,dci_v3,0.0,1,0.8429,0.0,4.96,
diffuse5,2.5,24,dci_v3_a8,0.0,2,0.9095,12.2,16.55,
diffuse5,2.5,25,always_multiD,0.3333,0,0.7095,100.0,100.0,
diffuse5,2.5,25,union4_bonf,0.1667,2,0.619,0.0,4.96,
diffuse5,2.5,25,best_axis_oracle,0.3333,1,0.6952,0.0,95.04,S_P
diffuse5,2.5,25,sketch1,0.0,0,0.619,0.0,100.0,
diffuse5,2.5,25,dci_v3,0.1667,2,0.619,0.0,4.96,
diffuse5,2.5,25,dci_v3_a8,0.1667,2,0.6571,12.2,16.55,
diffuse5,2.5,26,always_multiD,0.3333,1,0.8571,100.0,100.0,
diffuse5,2.5,26,union4_bonf,0.3333,1,0.7,0.0,4.96,
diffuse5,2.5,26,best_axis_oracle,0.3333,1,0.8762,0.0,95.04,S_P
diffuse5,2.5,26,sketch1,0.0,0,0.5619,0.0,100.0,
diffuse5,2.5,26,dci_v3,0.3333,1,0.7,0.0,4.96,
diffuse5,2.5,26,dci_v3_a8,0.3333,1,0.6762,12.2,16.55,
diffuse5,2.5,27,always_multiD,0.5,1,0.8381,100.0,100.0,
diffuse5,2.5,27,union4_bonf,0.5,0,0.8048,0.0,4.96,
diffuse5,2.5,27,best_axis_oracle,0.0,2,0.7333,0.0,0.38,S_T
diffuse5,2.5,27,sketch1,0.0,3,0.5476,0.0,100.0,
diffuse5,2.5,27,dci_v3,0.5,0,0.8048,0.0,4.96,
diffuse5,2.5,27,dci_v3_a8,0.5,0,0.8048,12.2,16.55,
diffuse5,2.5,28,always_multiD,0.1667,0,0.9429,100.0,100.0,
diffuse5,2.5,28,union4_bonf,0.0,0,0.8619,0.0,4.96,
diffuse5,2.5,28,best_axis_oracle,0.0,0,0.919,0.0,0.01,S_V
diffuse5,2.5,28,sketch1,0.0,2,0.3333,0.0,100.0,
diffuse5,2.5,28,dci_v3,0.0,0,0.8619,0.0,4.96,
diffuse5,2.5,28,dci_v3_a8,0.0,0,0.9048,12.2,16.55,
diffuse5,2.5,29,always_multiD,0.5,2,0.9,100.0,100.0,
diffuse5,2.5,29,union4_bonf,0.5,1,0.8905,0.0,4.96,
diffuse5,2.5,29,best_axis_oracle,0.0,1,0.819,0.0,0.01,S_V
diffuse5,2.5,29,sketch1,0.0,0,0.5762,0.0,100.0,
diffuse5,2.5,29,dci_v3,0.5,1,0.8905,0.0,4.96,
diffuse5,2.5,29,dci_v3_a8,0.5,1,0.9048,12.2,16.55,
diffuse5,2.5,30,always_multiD,0.5,4,0.881,100.0,100.0,
diffuse5,2.5,30,union4_bonf,0.5,3,0.9048,0.0,4.96,
diffuse5,2.5,30,best_axis_oracle,0.3333,3,0.8905,0.0,0.46,S_A
diffuse5,2.5,30,sketch1,0.0,3,0.4571,0.0,100.0,
diffuse5,2.5,30,dci_v3,0.5,2,0.9429,9.8,14.23,
diffuse5,2.5,30,dci_v3_a8,0.5,3,0.9381,19.5,23.51,
diffuse5,2.5,31,always_multiD,0.1667,0,0.6286,100.0,100.0,
diffuse5,2.5,31,union4_bonf,0.0,3,0.6048,0.0,4.96,
diffuse5,2.5,31,best_axis_oracle,0.1667,2,0.6667,0.0,95.04,S_P
diffuse5,2.5,31,sketch1,0.0,0,0.6286,0.0,100.0,
diffuse5,2.5,31,dci_v3,0.0,3,0.6048,0.0,4.96,
diffuse5,2.5,31,dci_v3_a8,0.0,3,0.6333,12.2,16.55,
diffuse5,2.5,32,always_multiD,0.8333,1,0.9524,100.0,100.0,
diffuse5,2.5,32,union4_bonf,0.0,0,0.7762,0.0,4.96,
diffuse5,2.5,32,best_axis_oracle,0.1667,2,0.8571,0.0,0.01,S_V
diffuse5,2.5,32,sketch1,0.1667,1,0.6286,0.0,100.0,
diffuse5,2.5,32,dci_v3,0.3333,1,0.8571,39.0,42.05,
diffuse5,2.5,32,dci_v3_a8,0.3333,1,0.8667,43.9,46.69,
diffuse5,2.5,33,always_multiD,0.5,2,0.8905,100.0,100.0,
diffuse5,2.5,33,union4_bonf,0.5,4,0.9,0.0,4.96,
diffuse5,2.5,33,best_axis_oracle,0.1667,5,0.7714,0.0,0.01,S_V
diffuse5,2.5,33,sketch1,0.0,4,0.2238,0.0,100.0,
diffuse5,2.5,33,dci_v3,0.5,4,0.9,0.0,4.96,
diffuse5,2.5,33,dci_v3_a8,0.6667,3,0.919,12.2,16.55,
diffuse5,2.5,34,always_multiD,0.0,1,0.4905,100.0,100.0,
diffuse5,2.5,34,union4_bonf,0.0,1,0.519,0.0,4.96,
diffuse5,2.5,34,best_axis_oracle,0.0,2,0.6524,0.0,4.12,S_R
diffuse5,2.5,34,sketch1,0.0,1,0.3714,0.0,100.0,
diffuse5,2.5,34,dci_v3,0.0,1,0.519,0.0,4.96,
diffuse5,2.5,34,dci_v3_a8,0.0,1,0.4857,12.2,16.55,
diffuse5,2.5,35,always_multiD,0.6667,3,0.9143,100.0,100.0,
diffuse5,2.5,35,union4_bonf,0.1667,2,0.8286,0.0,4.96,
diffuse5,2.5,35,best_axis_oracle,0.3333,1,0.8952,0.0,0.46,S_A
diffuse5,2.5,35,sketch1,0.0,3,0.4238,0.0,100.0,
diffuse5,2.5,35,dci_v3,0.3333,3,0.881,53.7,55.96,
diffuse5,2.5,35,dci_v3_a8,0.3333,3,0.8857,61.0,62.91,
diffuse5,2.5,36,always_multiD,0.3333,0,0.8714,100.0,100.0,
diffuse5,2.5,36,union4_bonf,0.1667,0,0.8476,0.0,4.96,
diffuse5,2.5,36,best_axis_oracle,0.1667,0,0.7952,0.0,0.01,S_V
diffuse5,2.5,36,sketch1,0.1667,2,0.6667,0.0,100.0,
diffuse5,2.5,36,dci_v3,0.1667,0,0.8476,0.0,4.96,
diffuse5,2.5,36,dci_v3_a8,0.1667,0,0.8238,12.2,16.55,
diffuse5,2.5,37,always_multiD,0.3333,1,0.9429,100.0,100.0,
diffuse5,2.5,37,union4_bonf,0.3333,1,0.8381,0.0,4.96,
diffuse5,2.5,37,best_axis_oracle,0.3333,0,0.9952,0.0,0.38,S_T
diffuse5,2.5,37,sketch1,0.0,3,0.5429,0.0,100.0,
diffuse5,2.5,37,dci_v3,0.3333,1,0.8381,0.0,4.96,
diffuse5,2.5,37,dci_v3_a8,0.1667,1,0.8619,12.2,16.55,
diffuse5,2.5,38,always_multiD,0.8333,1,0.9905,100.0,100.0,
diffuse5,2.5,38,union4_bonf,0.5,1,0.981,0.0,4.96,
diffuse5,2.5,38,best_axis_oracle,0.8333,0,0.9667,0.0,0.01,S_V
diffuse5,2.5,38,sketch1,0.1667,1,0.8095,0.0,100.0,
diffuse5,2.5,38,dci_v3,0.5,1,0.981,0.0,4.96,
diffuse5,2.5,38,dci_v3_a8,0.5,1,0.9667,12.2,16.55,
diffuse5,2.5,39,always_multiD,0.6667,1,0.9571,100.0,100.0,
diffuse5,2.5,39,union4_bonf,0.5,0,0.9476,0.0,4.96,
diffuse5,2.5,39,best_axis_oracle,0.6667,6,0.8571,0.0,0.46,S_A
diffuse5,2.5,39,sketch1,0.3333,5,0.5619,0.0,100.0,
diffuse5,2.5,39,dci_v3,0.5,0,0.9476,0.0,4.96,
diffuse5,2.5,39,dci_v3_a8,0.5,1,0.9571,12.2,16.55,
diffuse5,2.5,40,always_multiD,0.5,3,0.819,100.0,100.0,
diffuse5,2.5,40,union4_bonf,0.1667,7,0.7476,0.0,4.96,
diffuse5,2.5,40,best_axis_oracle,0.3333,1,0.8429,0.0,0.38,S_T
diffuse5,2.5,40,sketch1,0.0,4,0.319,0.0,100.0,
diffuse5,2.5,40,dci_v3,0.1667,6,0.7333,31.7,35.1,
diffuse5,2.5,40,dci_v3_a8,0.1667,7,0.7429,39.0,42.05,
diffuse5,2.5,41,always_multiD,0.1667,1,0.8,100.0,100.0,
diffuse5,2.5,41,union4_bonf,0.1667,0,0.7,0.0,4.96,
diffuse5,2.5,41,best_axis_oracle,0.1667,1,0.9571,0.0,95.04,S_P
diffuse5,2.5,41,sketch1,0.1667,0,0.5905,0.0,100.0,
diffuse5,2.5,41,dci_v3,0.1667,0,0.7,0.0,4.96,
diffuse5,2.5,41,dci_v3_a8,0.1667,0,0.7476,12.2,16.55,
diffuse5,2.5,42,always_multiD,0.8333,1,0.9762,100.0,100.0,
diffuse5,2.5,42,union4_bonf,0.0,1,0.8,0.0,4.96,
diffuse5,2.5,42,best_axis_oracle,0.1667,1,0.8333,0.0,4.12,S_R
diffuse5,2.5,42,sketch1,0.0,2,0.519,0.0,100.0,
diffuse5,2.5,42,dci_v3,0.8333,1,0.9476,68.3,69.87,
diffuse5,2.5,42,dci_v3_a8,0.8333,1,0.9571,73.2,74.5,
diffuse5,2.5,43,always_multiD,0.5,0,0.9857,100.0,100.0,
diffuse5,2.5,43,union4_bonf,0.5,1,0.9,0.0,4.96,
diffuse5,2.5,43,best_axis_oracle,0.5,1,0.8286,0.0,0.46,S_A
diffuse5,2.5,43,sketch1,0.1667,0,0.8381,0.0,100.0,
diffuse5,2.5,43,dci_v3,0.5,1,0.9,0.0,4.96,
diffuse5,2.5,43,dci_v3_a8,0.5,1,0.9048,12.2,16.55,
diffuse5,2.5,44,always_multiD,0.3333,2,0.7571,100.0,100.0,
diffuse5,2.5,44,union4_bonf,0.1667,3,0.7714,0.0,4.96,
diffuse5,2.5,44,best_axis_oracle,0.3333,0,0.7857,0.0,4.12,S_R
diffuse5,2.5,44,sketch1,0.0,0,0.419,0.0,100.0,
diffuse5,2.5,44,dci_v3,0.1667,3,0.7714,0.0,4.96,
diffuse5,2.5,44,dci_v3_a8,0.1667,3,0.8095,14.6,18.87,
diffuse5,2.5,45,always_multiD,0.5,1,0.8857,100.0,100.0,
diffuse5,2.5,45,union4_bonf,0.6667,2,0.8619,0.0,4.96,
diffuse5,2.5,45,best_axis_oracle,0.5,4,0.8476,0.0,0.46,S_A
diffuse5,2.5,45,sketch1,0.0,2,0.519,0.0,100.0,
diffuse5,2.5,45,dci_v3,0.6667,2,0.8619,0.0,4.96,
diffuse5,2.5,45,dci_v3_a8,0.6667,2,0.8714,12.2,16.55,
diffuse5,2.5,46,always_multiD,0.0,0,0.7429,100.0,100.0,
diffuse5,2.5,46,union4_bonf,0.0,0,0.8381,0.0,4.96,
diffuse5,2.5,46,best_axis_oracle,0.0,0,0.8143,0.0,4.12,S_R
diffuse5,2.5,46,sketch1,0.0,1,0.681,0.0,100.0,
diffuse5,2.5,46,dci_v3,0.0,0,0.8381,0.0,4.96,
diffuse5,2.5,46,dci_v3_a8,0.0,0,0.8619,12.2,16.55,
diffuse5,2.5,47,always_multiD,0.6667,2,0.919,100.0,100.0,
diffuse5,2.5,47,union4_bonf,0.1667,1,0.8571,0.0,4.96,
diffuse5,2.5,47,best_axis_oracle,0.1667,1,0.8857,0.0,0.38,S_T
diffuse5,2.5,47,sketch1,0.3333,3,0.6571,0.0,100.0,
diffuse5,2.5,47,dci_v3,0.1667,1,0.8571,0.0,4.96,
diffuse5,2.5,47,dci_v3_a8,0.1667,1,0.8714,12.2,16.55,
diffuse5,2.5,48,always_multiD,0.3333,2,0.919,100.0,100.0,
diffuse5,2.5,48,union4_bonf,0.0,1,0.8714,0.0,4.96,
diffuse5,2.5,48,best_axis_oracle,0.5,2,0.7857,0.0,0.38,S_T
diffuse5,2.5,48,sketch1,0.0,2,0.3476,0.0,100.0,
diffuse5,2.5,48,dci_v3,0.0,1,0.7857,7.3,11.92,
diffuse5,2.5,48,dci_v3_a8,0.0,1,0.8,19.5,23.51,
diffuse5,2.5,49,always_multiD,0.0,2,0.5381,100.0,100.0,
diffuse5,2.5,49,union4_bonf,0.0,0,0.619,0.0,4.96,
diffuse5,2.5,49,best_axis_oracle,0.0,2,0.6143,0.0,0.46,S_A
diffuse5,2.5,49,sketch1,0.0,1,0.5,0.0,100.0,
diffuse5,2.5,49,dci_v3,0.0,0,0.619,0.0,4.96,
diffuse5,2.5,49,dci_v3_a8,0.0,0,0.4762,12.2,16.55,
diffuse5,3.5,0,always_multiD,0.8333,0,1.0,100.0,100.0,
diffuse5,3.5,0,union4_bonf,0.8333,0,1.0,0.0,4.96,
diffuse5,3.5,0,best_axis_oracle,0.5,0,0.919,0.0,95.04,S_P
diffuse5,3.5,0,sketch1,0.1667,0,0.6143,0.0,100.0,
diffuse5,3.5,0,dci_v3,0.8333,0,1.0,2.4,7.28,
diffuse5,3.5,0,dci_v3_a8,0.8333,0,1.0,14.6,18.87,
diffuse5,3.5,1,always_multiD,0.5,2,0.881,100.0,100.0,
diffuse5,3.5,1,union4_bonf,0.5,2,0.8095,0.0,4.96,
diffuse5,3.5,1,best_axis_oracle,0.1667,1,0.7857,0.0,0.38,S_T
diffuse5,3.5,1,sketch1,0.0,3,0.3238,0.0,100.0,
diffuse5,3.5,1,dci_v3,0.5,2,0.8095,0.0,4.96,
diffuse5,3.5,1,dci_v3_a8,0.5,2,0.8,12.2,16.55,
diffuse5,3.5,2,always_multiD,0.5,0,0.9429,100.0,100.0,
diffuse5,3.5,2,union4_bonf,0.3333,0,0.8857,0.0,4.96,
diffuse5,3.5,2,best_axis_oracle,0.1667,1,0.8429,0.0,4.12,S_R
diffuse5,3.5,2,sketch1,0.0,1,0.719,0.0,100.0,
diffuse5,3.5,2,dci_v3,0.3333,0,0.8857,0.0,4.96,
diffuse5,3.5,2,dci_v3_a8,0.3333,0,0.9143,12.2,16.55,
diffuse5,3.5,3,always_multiD,0.6667,1,0.9381,100.0,100.0,
diffuse5,3.5,3,union4_bonf,0.5,4,0.8905,0.0,4.96,
diffuse5,3.5,3,best_axis_oracle,0.6667,5,0.8476,0.0,4.12,S_R
diffuse5,3.5,3,sketch1,0.1667,4,0.6,0.0,100.0,
diffuse5,3.5,3,dci_v3,0.5,4,0.8905,0.0,4.96,
diffuse5,3.5,3,dci_v3_a8,0.5,4,0.8762,12.2,16.55,
diffuse5,3.5,4,always_multiD,0.5,0,0.9381,100.0,100.0,
diffuse5,3.5,4,union4_bonf,0.5,0,0.9381,0.0,4.96,
diffuse5,3.5,4,best_axis_oracle,0.6667,0,0.9905,0.0,0.38,S_T
diffuse5,3.5,4,sketch1,0.0,0,0.5857,0.0,100.0,
diffuse5,3.5,4,dci_v3,0.5,0,0.9381,0.0,4.96,
diffuse5,3.5,4,dci_v3_a8,0.5,0,0.9524,14.6,18.87,
diffuse5,3.5,5,always_multiD,0.8333,3,0.9571,100.0,100.0,
diffuse5,3.5,5,union4_bonf,0.6667,2,0.8476,0.0,4.96,
diffuse5,3.5,5,best_axis_oracle,0.3333,3,0.8095,0.0,0.38,S_T
diffuse5,3.5,5,sketch1,0.0,4,0.5238,0.0,100.0,
diffuse5,3.5,5,dci_v3,0.6667,2,0.9381,41.5,44.37,
diffuse5,3.5,5,dci_v3_a8,0.6667,2,0.9429,51.2,53.64,
diffuse5,3.5,6,always_multiD,1.0,0,1.0,100.0,100.0,
diffuse5,3.5,6,union4_bonf,0.1667,0,0.9524,0.0,4.96,
diffuse5,3.5,6,best_axis_oracle,0.8333,4,0.981,0.0,95.04,S_P
diffuse5,3.5,6,sketch1,0.1667,0,0.6476,0.0,100.0,
diffuse5,3.5,6,dci_v3,0.1667,0,0.9524,0.0,4.96,
diffuse5,3.5,6,dci_v3_a8,0.1667,0,0.9571,14.6,18.87,
diffuse5,3.5,7,always_multiD,0.6667,3,0.9381,100.0,100.0,
diffuse5,3.5,7,union4_bonf,0.5,1,0.8905,0.0,4.96,
diffuse5,3.5,7,best_axis_oracle,0.6667,1,0.8571,0.0,0.01,S_V
diffuse5,3.5,7,sketch1,0.3333,1,0.6762,0.0,100.0,
diffuse5,3.5,7,dci_v3,0.5,2,0.9333,65.9,67.55,
diffuse5,3.5,7,dci_v3_a8,0.5,2,0.9429,70.7,72.18,
diffuse5,3.5,8,always_multiD,1.0,3,0.9524,100.0,100.0,
diffuse5,3.5,8,union4_bonf,0.3333,2,0.9333,0.0,4.96,
diffuse5,3.5,8,best_axis_oracle,0.5,2,0.9476,0.0,0.01,S_V
diffuse5,3.5,8,sketch1,0.0,0,0.5667,0.0,100.0,
diffuse5,3.5,8,dci_v3,0.5,2,0.9333,19.5,23.51,
diffuse5,3.5,8,dci_v3_a8,0.5,2,0.9333,34.1,37.41,
diffuse5,3.5,9,always_multiD,0.3333,2,0.8714,100.0,100.0,
diffuse5,3.5,9,union4_bonf,0.1667,3,0.7762,0.0,4.96,
diffuse5,3.5,9,best_axis_oracle,0.3333,0,0.8571,0.0,95.04,S_P
diffuse5,3.5,9,sketch1,0.1667,3,0.5095,0.0,100.0,
diffuse5,3.5,9,dci_v3,0.1667,3,0.7762,0.0,4.96,
diffuse5,3.5,9,dci_v3_a8,0.1667,3,0.7667,12.2,16.55,
diffuse5,3.5,10,always_multiD,0.5,0,0.9905,100.0,100.0,
diffuse5,3.5,10,union4_bonf,0.1667,1,0.9095,0.0,4.96,
diffuse5,3.5,10,best_axis_oracle,0.3333,0,0.9048,0.0,95.04,S_P
diffuse5,3.5,10,sketch1,0.0,2,0.5429,0.0,100.0,
diffuse5,3.5,10,dci_v3,0.1667,1,0.9095,0.0,4.96,
diffuse5,3.5,10,dci_v3_a8,0.1667,1,0.9095,12.2,16.55,
diffuse5,3.5,11,always_multiD,0.8333,1,0.9762,100.0,100.0,
diffuse5,3.5,11,union4_bonf,1.0,0,1.0,0.0,4.96,
diffuse5,3.5,11,best_axis_oracle,0.6667,4,0.9333,0.0,4.12,S_R
diffuse5,3.5,11,sketch1,0.0,3,0.619,0.0,100.0,
diffuse5,3.5,11,dci_v3,1.0,0,1.0,0.0,4.96,
diffuse5,3.5,11,dci_v3_a8,1.0,0,1.0,12.2,16.55,
diffuse5,3.5,12,always_multiD,0.5,1,0.9143,100.0,100.0,
diffuse5,3.5,12,union4_bonf,0.6667,2,0.9286,0.0,4.96,
diffuse5,3.5,12,best_axis_oracle,0.6667,2,0.9286,0.0,0.46,S_A
diffuse5,3.5,12,sketch1,0.0,1,0.4714,0.0,100.0,
diffuse5,3.5,12,dci_v3,0.6667,2,0.9286,0.0,4.96,
diffuse5,3.5,12,dci_v3_a8,0.6667,2,0.9333,12.2,16.55,
diffuse5,3.5,13,always_multiD,0.8333,1,0.9381,100.0,100.0,
diffuse5,3.5,13,union4_bonf,0.5,1,0.9095,0.0,4.96,
diffuse5,3.5,13,best_axis_oracle,0.1667,1,0.8857,0.0,0.38,S_T
diffuse5,3.5,13,sketch1,0.1667,1,0.4333,0.0,100.0,
diffuse5,3.5,13,dci_v3,0.5,1,0.9095,0.0,4.96,
diffuse5,3.5,13,dci_v3_a8,0.5,1,0.9095,12.2,16.55,
diffuse5,3.5,14,always_multiD,0.5,1,0.9286,100.0,100.0,
diffuse5,3.5,14,union4_bonf,0.6667,4,0.8429,0.0,4.96,
diffuse5,3.5,14,best_axis_oracle,0.5,4,0.9095,0.0,0.38,S_T
diffuse5,3.5,14,sketch1,0.0,4,0.5571,0.0,100.0,
diffuse5,3.5,14,dci_v3,0.6667,4,0.8429,0.0,4.96,
diffuse5,3.5,14,dci_v3_a8,0.6667,3,0.7952,12.2,16.55,
diffuse5,3.5,15,always_multiD,0.8333,4,0.8857,100.0,100.0,
diffuse5,3.5,15,union4_bonf,0.8333,2,0.8286,0.0,4.96,
diffuse5,3.5,15,best_axis_oracle,0.8333,3,0.8905,0.0,0.46,S_A
diffuse5,3.5,15,sketch1,0.0,3,0.3381,0.0,100.0,
diffuse5,3.5,15,dci_v3,0.8333,3,0.8619,61.0,62.91,
diffuse5,3.5,15,dci_v3_a8,0.8333,3,0.8667,65.9,67.55,
diffuse5,3.5,16,always_multiD,0.3333,3,0.8619,100.0,100.0,
diffuse5,3.5,16,union4_bonf,0.1667,2,0.8524,0.0,4.96,
diffuse5,3.5,16,best_axis_oracle,0.3333,0,0.9429,0.0,0.01,S_V
diffuse5,3.5,16,sketch1,0.1667,0,0.5333,0.0,100.0,
diffuse5,3.5,16,dci_v3,0.1667,2,0.8524,0.0,4.96,
diffuse5,3.5,16,dci_v3_a8,0.1667,2,0.8619,14.6,18.87,
diffuse5,3.5,17,always_multiD,1.0,1,0.9952,100.0,100.0,
diffuse5,3.5,17,union4_bonf,0.3333,3,0.8714,0.0,4.96,
diffuse5,3.5,17,best_axis_oracle,0.5,1,0.9,0.0,0.01,S_V
diffuse5,3.5,17,sketch1,0.1667,5,0.2762,0.0,100.0,
diffuse5,3.5,17,dci_v3,0.5,4,0.9429,17.1,21.19,
diffuse5,3.5,17,dci_v3_a8,0.8333,4,0.9619,29.3,32.78,
diffuse5,3.5,18,always_multiD,0.8333,1,0.9667,100.0,100.0,
diffuse5,3.5,18,union4_bonf,0.8333,4,0.9429,0.0,4.96,
diffuse5,3.5,18,best_axis_oracle,0.3333,0,0.9381,0.0,4.12,S_R
diffuse5,3.5,18,sketch1,0.1667,4,0.4667,0.0,100.0,
diffuse5,3.5,18,dci_v3,0.8333,2,0.9476,58.5,60.59,
diffuse5,3.5,18,dci_v3_a8,0.8333,1,0.9524,63.4,65.23,
diffuse5,3.5,19,always_multiD,1.0,2,1.0,100.0,100.0,
diffuse5,3.5,19,union4_bonf,0.8333,1,0.981,0.0,4.96,
diffuse5,3.5,19,best_axis_oracle,0.5,1,0.8857,0.0,4.12,S_R
diffuse5,3.5,19,sketch1,0.1667,5,0.5095,0.0,100.0,
diffuse5,3.5,19,dci_v3,1.0,2,0.9952,70.7,72.18,
diffuse5,3.5,19,dci_v3_a8,1.0,2,0.9952,73.2,74.5,
diffuse5,3.5,20,always_multiD,1.0,3,0.9571,100.0,100.0,
diffuse5,3.5,20,union4_bonf,0.5,4,0.9095,0.0,4.96,
diffuse5,3.5,20,best_axis_oracle,0.8333,1,0.9333,0.0,4.12,S_R
diffuse5,3.5,20,sketch1,0.1667,5,0.6143,0.0,100.0,
diffuse5,3.5,20,dci_v3,0.5,4,0.9095,0.0,4.96,
diffuse5,3.5,20,dci_v3_a8,0.5,3,0.9333,12.2,16.55,
diffuse5,3.5,21,always_multiD,0.5,1,0.9524,100.0,100.0,
diffuse5,3.5,21,union4_bonf,0.5,2,0.8476,0.0,4.96,
diffuse5,3.5,21,best_axis_oracle,0.5,5,0.8048,0.0,4.12,S_R
diffuse5,3.5,21,sketch1,0.0,2,0.4476,0.0,100.0,
diffuse5,3.5,21,dci_v3,0.5,2,0.8476,0.0,4.96,
diffuse5,3.5,21,dci_v3_a8,0.5,2,0.8429,12.2,16.55,
diffuse5,3.5,22,always_multiD,0.6667,1,0.9762,100.0,100.0,
diffuse5,3.5,22,union4_bonf,0.5,1,0.9333,0.0,4.96,
diffuse5,3.5,22,best_axis_oracle,0.5,1,0.9571,0.0,0.38,S_T
diffuse5,3.5,22,sketch1,0.0,7,0.6048,0.0,100.0,
diffuse5,3.5,22,dci_v3,0.5,2,0.9571,26.8,30.46,
diffuse5,3.5,22,dci_v3_a8,0.5,2,0.9571,34.1,37.41,
diffuse5,3.5,23,always_multiD,0.5,2,0.9286,100.0,100.0,
diffuse5,3.5,23,union4_bonf,0.5,2,0.8714,0.0,4.96,
diffuse5,3.5,23,best_axis_oracle,0.3333,1,0.9238,0.0,95.04,S_P
diffuse5,3.5,23,sketch1,0.5,2,0.7,0.0,100.0,
diffuse5,3.5,23,dci_v3,0.5,2,0.8714,0.0,4.96,
diffuse5,3.5,23,dci_v3_a8,0.5,2,0.881,12.2,16.55,
diffuse5,3.5,24,always_multiD,1.0,2,0.9905,100.0,100.0,
diffuse5,3.5,24,union4_bonf,1.0,1,0.9952,0.0,4.96,
diffuse5,3.5,24,best_axis_oracle,0.5,1,0.9476,0.0,0.46,S_A
diffuse5,3.5,24,sketch1,0.0,2,0.5048,0.0,100.0,
diffuse5,3.5,24,dci_v3,1.0,1,0.9905,24.4,28.14,
diffuse5,3.5,24,dci_v3_a8,1.0,2,0.9905,34.1,37.41,
diffuse5,3.5,25,always_multiD,0.8333,2,0.919,100.0,100.0,
diffuse5,3.5,25,union4_bonf,0.8333,5,0.8571,0.0,4.96,
diffuse5,3.5,25,best_axis_oracle,0.1667,0,0.8667,0.0,0.01,S_V
diffuse5,3.5,25,sketch1,0.0,3,0.4905,0.0,100.0,
diffuse5,3.5,25,dci_v3,0.8333,5,0.8667,17.1,21.19,
diffuse5,3.5,25,dci_v3_a8,0.8333,5,0.8762,26.8,30.46,
diffuse5,3.5,26,always_multiD,0.8333,3,0.9524,100.0,100.0,
diffuse5,3.5,26,union4_bonf,0.5,2,0.8714,0.0,4.96,
diffuse5,3.5,26,best_axis_oracle,0.1667,2,0.8905,0.0,0.38,S_T
diffuse5,3.5,26,sketch1,0.3333,3,0.6143,0.0,100.0,
diffuse5,3.5,26,dci_v3,0.5,2,0.8714,0.0,4.96,
diffuse5,3.5,26,dci_v3_a8,0.5,2,0.8619,12.2,16.55,
diffuse5,3.5,27,always_multiD,0.6667,0,0.981,100.0,100.0,
diffuse5,3.5,27,union4_bonf,0.6667,1,0.9857,0.0,4.96,
diffuse5,3.5,27,best_axis_oracle,0.8333,0,0.9286,0.0,4.12,S_R
diffuse5,3.5,27,sketch1,0.0,1,0.6333,0.0,100.0,
diffuse5,3.5,27,dci_v3,0.6667,1,0.9857,0.0,4.96,
diffuse5,3.5,27,dci_v3_a8,0.6667,1,0.9857,12.2,16.55,
diffuse5,3.5,28,always_multiD,0.8333,3,0.9667,100.0,100.0,
diffuse5,3.5,28,union4_bonf,0.3333,2,0.9381,0.0,4.96,
diffuse5,3.5,28,best_axis_oracle,0.1667,0,0.9238,0.0,0.38,S_T
diffuse5,3.5,28,sketch1,0.0,2,0.3619,0.0,100.0,
diffuse5,3.5,28,dci_v3,0.5,2,0.9905,24.4,28.14,
diffuse5,3.5,28,dci_v3_a8,0.5,3,0.9714,34.1,37.41,
diffuse5,3.5,29,always_multiD,1.0,4,0.9857,100.0,100.0,
diffuse5,3.5,29,union4_bonf,1.0,3,0.9714,0.0,4.96,
diffuse5,3.5,29,best_axis_oracle,0.8333,4,0.8714,0.0,0.01,S_V
diffuse5,3.5,29,sketch1,0.1667,5,0.5143,0.0,100.0,
diffuse5,3.5,29,dci_v3,1.0,3,0.981,36.6,39.73,
diffuse5,3.5,29,dci_v3_a8,1.0,3,0.9857,46.3,49.0,
diffuse5,3.5,30,always_multiD,0.8333,0,0.981,100.0,100.0,
diffuse5,3.5,30,union4_bonf,0.5,1,0.9762,0.0,4.96,
diffuse5,3.5,30,best_axis_oracle,0.5,0,0.9667,0.0,4.12,S_R
diffuse5,3.5,30,sketch1,0.5,3,0.8048,0.0,100.0,
diffuse5,3.5,30,dci_v3,0.8333,1,0.9857,31.7,35.1,
diffuse5,3.5,30,dci_v3_a8,0.8333,1,0.9857,39.0,42.05,
diffuse5,3.5,31,always_multiD,0.8333,1,0.9857,100.0,100.0,
diffuse5,3.5,31,union4_bonf,0.3333,1,0.8905,0.0,4.96,
diffuse5,3.5,31,best_axis_oracle,0.8333,2,0.8571,0.0,95.04,S_P
diffuse5,3.5,31,sketch1,0.0,0,0.3571,0.0,100.0,
diffuse5,3.5,31,dci_v3,0.3333,1,0.8905,0.0,4.96,
diffuse5,3.5,31,dci_v3_a8,0.3333,1,0.9,12.2,16.55,
diffuse5,3.5,32,always_multiD,1.0,2,0.9524,100.0,100.0,
diffuse5,3.5,32,union4_bonf,0.3333,2,0.881,0.0,4.96,
diffuse5,3.5,32,best_axis_oracle,0.5,2,0.9238,0.0,95.04,S_P
diffuse5,3.5,32,sketch1,0.0,2,0.6,0.0,100.0,
diffuse5,3.5,32,dci_v3,0.3333,2,0.8905,29.3,32.78,
diffuse5,3.5,32,dci_v3_a8,0.5,2,0.9238,39.0,42.05,
diffuse5,3.5,33,always_multiD,0.6667,1,0.9571,100.0,100.0,
diffuse5,3.5,33,union4_bonf,0.3333,1,0.8762,0.0,4.96,
diffuse5,3.5,33,best_axis_oracle,0.1667,1,0.9381,0.0,0.38,S_T
diffuse5,3.5,33,sketch1,0.1667,0,0.6095,0.0,100.0,
diffuse5,3.5,33,dci_v3,0.3333,1,0.8762,0.0,4.96,
diffuse5,3.5,33,dci_v3_a8,0.3333,1,0.8667,12.2,16.55,
diffuse5,3.5,34,always_multiD,0.1667,0,0.8571,100.0,100.0,
diffuse5,3.5,34,union4_bonf,0.5,0,0.781,0.0,4.96,
diffuse5,3.5,34,best_axis_oracle,0.3333,0,0.8571,0.0,0.46,S_A
diffuse5,3.5,34,sketch1,0.0,0,0.481,0.0,100.0,
diffuse5,3.5,34,dci_v3,0.5,0,0.781,0.0,4.96,
diffuse5,3.5,34,dci_v3_a8,0.5,0,0.8095,12.2,16.55,
diffuse5,3.5,35,always_multiD,1.0,0,1.0,100.0,100.0,
diffuse5,3.5,35,union4_bonf,0.8333,1,0.981,0.0,4.96,
diffuse5,3.5,35,best_axis_oracle,0.5,2,0.9333,0.0,4.12,S_R
diffuse5,3.5,35,sketch1,0.1667,2,0.781,0.0,100.0,
diffuse5,3.5,35,dci_v3,1.0,1,0.9857,24.4,28.14,
diffuse5,3.5,35,dci_v3_a8,1.0,1,0.9952,34.1,37.41,
diffuse5,3.5,36,always_multiD,0.3333,0,0.9667,100.0,100.0,
diffuse5,3.5,36,union4_bonf,0.5,2,0.8714,0.0,4.96,
diffuse5,3.5,36,best_axis_oracle,0.1667,2,0.9143,0.0,0.38,S_T
diffuse5,3.5,36,sketch1,0.0,0,0.519,0.0,100.0,
diffuse5,3.5,36,dci_v3,0.5,2,0.8714,0.0,4.96,
diffuse5,3.5,36,dci_v3_a8,0.3333,2,0.8286,12.2,16.55,
diffuse5,3.5,37,always_multiD,0.8333,1,0.9714,100.0,100.0,
diffuse5,3.5,37,union4_bonf,0.6667,2,0.9381,0.0,4.96,
diffuse5,3.5,37,best_axis_oracle,0.6667,1,0.8571,0.0,4.12,S_R
diffuse5,3.5,37,sketch1,0.0,1,0.4429,0.0,100.0,
diffuse5,3.5,37,dci_v3,0.6667,2,0.9381,0.0,4.96,
diffuse5,3.5,37,dci_v3_a8,0.6667,2,0.9333,12.2,16.55,
diffuse5,3.5,38,always_multiD,0.6667,0,0.9952,100.0,100.0,
diffuse5,3.5,38,union4_bonf,0.6667,0,0.9905,0.0,4.96,
diffuse5,3.5,38,best_axis_oracle,0.8333,0,0.9381,0.0,0.01,S_V
diffuse5,3.5,38,sketch1,0.3333,1,0.8429,0.0,100.0,
diffuse5,3.5,38,dci_v3,0.6667,0,0.9905,0.0,4.96,
diffuse5,3.5,38,dci_v3_a8,0.6667,0,0.9905,12.2,16.55,
diffuse5,3.5,39,always_multiD,0.8333,1,0.9905,100.0,100.0,
diffuse5,3.5,39,union4_bonf,0.8333,2,0.9762,0.0,4.96,
diffuse5,3.5,39,best_axis_oracle,0.6667,0,0.8619,0.0,0.38,S_T
diffuse5,3.5,39,sketch1,0.0,1,0.581,0.0,100.0,
diffuse5,3.5,39,dci_v3,1.0,3,0.9857,26.8,30.46,
diffuse5,3.5,39,dci_v3_a8,1.0,3,0.9857,34.1,37.41,
diffuse5,3.5,40,always_multiD,0.3333,3,0.7952,100.0,100.0,
diffuse5,3.5,40,union4_bonf,0.3333,1,0.6381,0.0,4.96,
diffuse5,3.5,40,best_axis_oracle,0.3333,1,0.9048,0.0,95.04,S_P
diffuse5,3.5,40,sketch1,0.0,4,0.3095,0.0,100.0,
diffuse5,3.5,40,dci_v3,0.3333,2,0.6857,58.5,60.59,
diffuse5,3.5,40,dci_v3_a8,0.3333,2,0.6905,61.0,62.91,
diffuse5,3.5,41,always_multiD,0.8333,2,0.9762,100.0,100.0,
diffuse5,3.5,41,union4_bonf,0.3333,0,0.9524,0.0,4.96,
diffuse5,3.5,41,best_axis_oracle,0.5,0,0.919,0.0,0.46,S_A
diffuse5,3.5,41,sketch1,0.0,2,0.3762,0.0,100.0,
diffuse5,3.5,41,dci_v3,0.3333,0,0.9524,4.9,9.6,
diffuse5,3.5,41,dci_v3_a8,0.3333,0,0.9524,17.1,21.19,
diffuse5,3.5,42,always_multiD,0.6667,6,0.8048,100.0,100.0,
diffuse5,3.5,42,union4_bonf,0.5,7,0.819,0.0,4.96,
diffuse5,3.5,42,best_axis_oracle,0.3333,2,0.7381,0.0,0.01,S_V
diffuse5,3.5,42,sketch1,0.0,5,0.4333,0.0,100.0,
diffuse5,3.5,42,dci_v3,0.5,7,0.819,0.0,4.96,
diffuse5,3.5,42,dci_v3_a8,0.5,7,0.8476,12.2,16.55,
diffuse5,3.5,43,always_multiD,0.6667,0,0.9905,100.0,100.0,
diffuse5,3.5,43,union4_bonf,0.3333,0,0.9524,0.0,4.96,
diffuse5,3.5,43,best_axis_oracle,0.5,2,0.9381,0.0,0.46,S_A
diffuse5,3.5,43,sketch1,0.0,1,0.3619,0.0,100.0,
diffuse5,3.5,43,dci_v3,0.3333,0,0.9524,0.0,4.96,
diffuse5,3.5,43,dci_v3_a8,0.3333,0,0.9143,12.2,16.55,
diffuse5,3.5,44,always_multiD,0.6667,2,0.8286,100.0,100.0,
diffuse5,3.5,44,union4_bonf,0.6667,4,0.8286,0.0,4.96,
diffuse5,3.5,44,best_axis_oracle,0.5,2,0.8286,0.0,0.01,S_V
diffuse5,3.5,44,sketch1,0.0,4,0.5381,0.0,100.0,
diffuse5,3.5,44,dci_v3,0.6667,4,0.8333,4.9,9.6,
diffuse5,3.5,44,dci_v3_a8,0.6667,3,0.8524,19.5,23.51,
diffuse5,3.5,45,always_multiD,0.8333,2,0.8524,100.0,100.0,
diffuse5,3.5,45,union4_bonf,0.3333,0,0.8048,0.0,4.96,
diffuse5,3.5,45,best_axis_oracle,0.3333,3,0.819,0.0,95.04,S_P
diffuse5,3.5,45,sketch1,0.0,2,0.3714,0.0,100.0,
diffuse5,3.5,45,dci_v3,0.8333,1,0.8714,53.7,55.96,
diffuse5,3.5,45,dci_v3_a8,0.8333,1,0.8714,58.5,60.59,
diffuse5,3.5,46,always_multiD,0.5,1,0.9571,100.0,100.0,
diffuse5,3.5,46,union4_bonf,0.8333,3,0.9762,0.0,4.96,
diffuse5,3.5,46,best_axis_oracle,0.6667,2,0.8381,0.0,0.01,S_V
diffuse5,3.5,46,sketch1,0.1667,4,0.4952,0.0,100.0,
diffuse5,3.5,46,dci_v3,0.6667,2,0.9238,46.3,49.0,
diffuse5,3.5,46,dci_v3_a8,0.6667,2,0.9238,56.1,58.28,
diffuse5,3.5,47,always_multiD,0.8333,0,0.9952,100.0,100.0,
diffuse5,3.5,47,union4_bonf,0.8333,0,0.9857,0.0,4.96,
diffuse5,3.5,47,best_axis_oracle,0.3333,1,0.9619,0.0,0.38,S_T
diffuse5,3.5,47,sketch1,0.1667,0,0.6381,0.0,100.0,
diffuse5,3.5,47,dci_v3,0.8333,0,0.9857,63.4,65.23,
diffuse5,3.5,47,dci_v3_a8,0.8333,0,0.9905,68.3,69.87,
diffuse5,3.5,48,always_multiD,0.6667,2,0.9429,100.0,100.0,
diffuse5,3.5,48,union4_bonf,0.8333,3,0.9524,0.0,4.96,
diffuse5,3.5,48,best_axis_oracle,0.1667,2,0.8381,0.0,4.12,S_R
diffuse5,3.5,48,sketch1,0.3333,3,0.6048,0.0,100.0,
diffuse5,3.5,48,dci_v3,0.6667,3,0.9381,26.8,30.46,
diffuse5,3.5,48,dci_v3_a8,0.6667,3,0.9381,36.6,39.73,
diffuse5,3.5,49,always_multiD,0.5,2,0.9381,100.0,100.0,
diffuse5,3.5,49,union4_bonf,0.5,3,0.8429,0.0,4.96,
diffuse5,3.5,49,best_axis_oracle,0.3333,0,0.7714,0.0,95.04,S_P
diffuse5,3.5,49,sketch1,0.0,2,0.3143,0.0,100.0,
diffuse5,3.5,49,dci_v3,0.5,3,0.8429,0.0,4.96,
diffuse5,3.5,49,dci_v3_a8,0.3333,2,0.8048,12.2,16.55,
diffuse5,4.5,0,always_multiD,0.8333,1,0.981,100.0,100.0,
diffuse5,4.5,0,union4_bonf,0.3333,1,0.9333,0.0,4.96,
diffuse5,4.5,0,best_axis_oracle,0.3333,1,0.9619,0.0,4.12,S_R
diffuse5,4.5,0,sketch1,0.1667,2,0.4286,0.0,100.0,
diffuse5,4.5,0,dci_v3,0.3333,1,0.9429,22.0,25.82,
diffuse5,4.5,0,dci_v3_a8,0.5,1,0.9619,34.1,37.41,
diffuse5,4.5,1,always_multiD,1.0,2,1.0,100.0,100.0,
diffuse5,4.5,1,union4_bonf,1.0,1,1.0,0.0,4.96,
diffuse5,4.5,1,best_axis_oracle,0.5,0,0.9333,0.0,4.12,S_R
diffuse5,4.5,1,sketch1,0.1667,1,0.5238,0.0,100.0,
diffuse5,4.5,1,dci_v3,1.0,1,1.0,12.2,16.55,
diffuse5,4.5,1,dci_v3_a8,1.0,1,1.0,24.4,28.14,
diffuse5,4.5,2,always_multiD,0.6667,2,0.9667,100.0,100.0,
diffuse5,4.5,2,union4_bonf,0.5,1,0.9429,0.0,4.96,
diffuse5,4.5,2,best_axis_oracle,0.5,2,0.9095,0.0,0.01,S_V
diffuse5,4.5,2,sketch1,0.0,6,0.4048,0.0,100.0,
diffuse5,4.5,2,dci_v3,0.6667,1,0.9429,9.8,14.23,
diffuse5,4.5,2,dci_v3_a8,0.6667,1,0.9429,22.0,25.82,
diffuse5,4.5,3,always_multiD,1.0,0,1.0,100.0,100.0,
diffuse5,4.5,3,union4_bonf,1.0,1,0.9905,0.0,4.96,
diffuse5,4.5,3,best_axis_oracle,0.6667,1,0.9524,0.0,4.12,S_R
diffuse5,4.5,3,sketch1,0.1667,3,0.4762,0.0,100.0,
diffuse5,4.5,3,dci_v3,1.0,1,0.981,43.9,46.69,
diffuse5,4.5,3,dci_v3_a8,1.0,1,0.981,48.8,51.32,
diffuse5,4.5,4,always_multiD,1.0,2,1.0,100.0,100.0,
diffuse5,4.5,4,union4_bonf,0.8333,2,0.981,0.0,4.96,
diffuse5,4.5,4,best_axis_oracle,0.8333,3,0.9238,0.0,4.12,S_R
diffuse5,4.5,4,sketch1,0.5,1,0.7143,0.0,100.0,
diffuse5,4.5,4,dci_v3,0.8333,2,0.981,0.0,4.96,
diffuse5,4.5,4,dci_v3_a8,0.8333,2,0.981,14.6,18.87,
diffuse5,4.5,5,always_multiD,1.0,2,1.0,100.0,100.0,
diffuse5,4.5,5,union4_bonf,1.0,1,0.9762,0.0,4.96,
diffuse5,4.5,5,best_axis_oracle,0.5,1,0.9619,0.0,0.01,S_V
diffuse5,4.5,5,sketch1,0.1667,1,0.7143,0.0,100.0,
diffuse5,4.5,5,dci_v3,1.0,1,0.9762,0.0,4.96,
diffuse5,4.5,5,dci_v3_a8,1.0,1,0.9762,12.2,16.55,
diffuse5,4.5,6,always_multiD,1.0,2,1.0,100.0,100.0,
diffuse5,4.5,6,union4_bonf,0.8333,2,0.9667,0.0,4.96,
diffuse5,4.5,6,best_axis_oracle,1.0,1,0.9857,0.0,0.01,S_V
diffuse5,4.5,6,sketch1,0.3333,2,0.6714,0.0,100.0,
diffuse5,4.5,6,dci_v3,0.8333,2,0.9762,14.6,18.87,
diffuse5,4.5,6,dci_v3_a8,0.8333,2,0.981,26.8,30.46,
diffuse5,4.5,7,always_multiD,1.0,0,1.0,100.0,100.0,
diffuse5,4.5,7,union4_bonf,1.0,2,0.9905,0.0,4.96,
diffuse5,4.5,7,best_axis_oracle,0.8333,1,0.9619,0.0,0.38,S_T
diffuse5,4.5,7,sketch1,0.3333,4,0.5333,0.0,100.0,
diffuse5,4.5,7,dci_v3,1.0,1,1.0,48.8,51.32,
diffuse5,4.5,7,dci_v3_a8,1.0,1,1.0,56.1,58.28,
diffuse5,4.5,8,always_multiD,1.0,1,1.0,100.0,100.0,
diffuse5,4.5,8,union4_bonf,0.8333,2,0.9857,0.0,4.96,
diffuse5,4.5,8,best_axis_oracle,0.8333,4,0.9571,0.0,0.46,S_A
diffuse5,4.5,8,sketch1,0.0,3,0.3429,0.0,100.0,
diffuse5,4.5,8,dci_v3,0.8333,2,0.9857,0.0,4.96,
diffuse5,4.5,8,dci_v3_a8,0.8333,1,0.9905,14.6,18.87,
diffuse5,4.5,9,always_multiD,1.0,2,1.0,100.0,100.0,
diffuse5,4.5,9,union4_bonf,0.8333,3,0.9667,0.0,4.96,
diffuse5,4.5,9,best_axis_oracle,0.8333,3,0.9571,0.0,0.46,S_A
diffuse5,4.5,9,sketch1,0.0,6,0.4238,0.0,100.0,
diffuse5,4.5,9,dci_v3,0.8333,3,0.9667,0.0,4.96,
diffuse5,4.5,9,dci_v3_a8,0.8333,3,0.9714,12.2,16.55,
diffuse5,4.5,10,always_multiD,1.0,0,1.0,100.0,100.0,
diffuse5,4.5,10,union4_bonf,1.0,0,1.0,0.0,4.96,
diffuse5,4.5,10,best_axis_oracle,0.8333,0,0.9762,0.0,0.01,S_V
diffuse5,4.5,10,sketch1,0.5,5,0.681,0.0,100.0,
diffuse5,4.5,10,dci_v3,1.0,0,1.0,43.9,46.69,
diffuse5,4.5,10,dci_v3_a8,1.0,0,1.0,51.2,53.64,
diffuse5,4.5,11,always_multiD,1.0,1,1.0,100.0,100.0,
diffuse5,4.5,11,union4_bonf,0.5,4,0.9238,0.0,4.96,
diffuse5,4.5,11,best_axis_oracle,0.6667,1,0.8905,0.0,0.01,S_V
diffuse5,4.5,11,sketch1,0.1667,0,0.5,0.0,100.0,
diffuse5,4.5,11,dci_v3,0.8333,1,0.9857,58.5,60.59,
diffuse5,4.5,11,dci_v3_a8,0.8333,1,0.9857,63.4,65.23,
diffuse5,4.5,12,always_multiD,1.0,4,0.9857,100.0,100.0,
diffuse5,4.5,12,union4_bonf,0.8333,2,0.9619,0.0,4.96,
diffuse5,4.5,12,best_axis_oracle,0.0,0,0.9238,0.0,0.01,S_V
diffuse5,4.5,12,sketch1,0.1667,0,0.5667,0.0,100.0,
diffuse5,4.5,12,dci_v3,0.8333,2,0.9619,0.0,4.96,
diffuse5,4.5,12,dci_v3_a8,0.8333,2,0.9619,12.2,16.55,
diffuse5,4.5,13,always_multiD,0.8333,1,0.981,100.0,100.0,
diffuse5,4.5,13,union4_bonf,0.8333,1,0.9619,0.0,4.96,
diffuse5,4.5,13,best_axis_oracle,0.6667,2,0.9143,0.0,95.04,S_P
diffuse5,4.5,13,sketch1,0.0,2,0.6905,0.0,100.0,
diffuse5,4.5,13,dci_v3,0.8333,1,0.9619,0.0,4.96,
diffuse5,4.5,13,dci_v3_a8,0.8333,1,0.9619,12.2,16.55,
diffuse5,4.5,14,always_multiD,1.0,3,0.9952,100.0,100.0,
diffuse5,4.5,14,union4_bonf,0.8333,4,0.9476,0.0,4.96,
diffuse5,4.5,14,best_axis_oracle,0.8333,2,0.9714,0.0,0.01,S_V
diffuse5,4.5,14,sketch1,0.0,4,0.6476,0.0,100.0,
diffuse5,4.5,14,dci_v3,1.0,4,0.9762,31.7,35.1,
diffuse5,4.5,14,dci_v3_a8,1.0,4,0.9762,39.0,42.05,
diffuse5,4.5,15,always_multiD,0.8333,1,0.9857,100.0,100.0,
diffuse5,4.5,15,union4_bonf,0.3333,1,0.919,0.0,4.96,
diffuse5,4.5,15,best_axis_oracle,0.3333,1,0.9238,0.0,0.01,S_V
diffuse5,4.5,15,sketch1,0.0,0,0.4238,0.0,100.0,
diffuse5,4.5,15,dci_v3,0.3333,0,0.9333,9.8,14.23,
diffuse5,4.5,15,dci_v3_a8,0.3333,1,0.9476,22.0,25.82,
diffuse5,4.5,16,always_multiD,1.0,4,0.9857,100.0,100.0,
diffuse5,4.5,16,union4_bonf,0.6667,4,0.919,0.0,4.96,
diffuse5,4.5,16,best_axis_oracle,1.0,2,0.981,0.0,95.04,S_P
diffuse5,4.5,16,sketch1,0.0,0,0.5381,0.0,100.0,
diffuse5,4.5,16,dci_v3,0.6667,4,0.9429,19.5,23.51,
diffuse5,4.5,16,dci_v3_a8,0.6667,4,0.9429,31.7,35.1,
diffuse5,4.5,17,always_multiD,0.8333,2,0.981,100.0,100.0,
diffuse5,4.5,17,union4_bonf,0.8333,1,0.9857,0.0,4.96,
diffuse5,4.5,17,best_axis_oracle,0.5,2,0.919,0.0,0.46,S_A
diffuse5,4.5,17,sketch1,0.0,0,0.7048,0.0,100.0,
diffuse5,4.5,17,dci_v3,0.8333,1,0.9857,0.0,4.96,
diffuse5,4.5,17,dci_v3_a8,0.8333,1,0.9238,12.2,16.55,
diffuse5,4.5,18,always_multiD,1.0,4,1.0,100.0,100.0,
diffuse5,4.5,18,union4_bonf,0.8333,3,0.9714,0.0,4.96,
diffuse5,4.5,18,best_axis_oracle,1.0,3,0.9714,0.0,4.12,S_R
diffuse5,4.5,18,sketch1,0.5,7,0.6952,0.0,100.0,
diffuse5,4.5,18,dci_v3,1.0,5,1.0,85.4,86.09,
diffuse5,4.5,18,dci_v3_a8,1.0,5,1.0,85.4,86.09,
diffuse5,4.5,19,always_multiD,1.0,0,1.0,100.0,100.0,
diffuse5,4.5,19,union4_bonf,0.5,2,0.9286,0.0,4.96,
diffuse5,4.5,19,best_axis_oracle,0.8333,0,0.9905,0.0,0.38,S_T
diffuse5,4.5,19,sketch1,0.0,1,0.7095,0.0,100.0,
diffuse5,4.5,19,dci_v3,1.0,0,1.0,78.0,79.14,
diffuse5,4.5,19,dci_v3_a8,1.0,0,1.0,82.9,83.77,
diffuse5,4.5,20,always_multiD,1.0,2,1.0,100.0,100.0,
diffuse5,4.5,20,union4_bonf,1.0,0,1.0,0.0,4.96,
diffuse5,4.5,20,best_axis_oracle,0.8333,3,0.9667,0.0,0.46,S_A
diffuse5,4.5,20,sketch1,0.1667,3,0.4238,0.0,100.0,
diffuse5,4.5,20,dci_v3,1.0,0,1.0,0.0,4.96,
diffuse5,4.5,20,dci_v3_a8,1.0,0,1.0,12.2,16.55,
diffuse5,4.5,21,always_multiD,1.0,2,0.9952,100.0,100.0,
diffuse5,4.5,21,union4_bonf,1.0,1,0.9714,0.0,4.96,
diffuse5,4.5,21,best_axis_oracle,0.8333,2,0.981,0.0,0.46,S_A
diffuse5,4.5,21,sketch1,0.0,0,0.5762,0.0,100.0,
diffuse5,4.5,21,dci_v3,1.0,2,0.9952,63.4,65.23,
diffuse5,4.5,21,dci_v3_a8,1.0,2,0.9952,65.9,67.55,
diffuse5,4.5,22,always_multiD,1.0,0,1.0,100.0,100.0,
diffuse5,4.5,22,union4_bonf,0.3333,1,0.919,0.0,4.96,
diffuse5,4.5,22,best_axis_oracle,0.6667,1,0.9048,0.0,0.46,S_A
diffuse5,4.5,22,sketch1,0.0,1,0.381,0.0,100.0,
diffuse5,4.5,22,dci_v3,1.0,0,0.9952,87.8,88.41,
diffuse5,4.5,22,dci_v3_a8,1.0,0,0.9952,87.8,88.41,
diffuse5,4.5,23,always_multiD,1.0,1,1.0,100.0,100.0,
diffuse5,4.5,23,union4_bonf,1.0,2,1.0,0.0,4.96,
diffuse5,4.5,23,best_axis_oracle,0.6667,0,0.9905,0.0,0.38,S_T
diffuse5,4.5,23,sketch1,0.1667,2,0.481,0.0,100.0,
diffuse5,4.5,23,dci_v3,1.0,2,1.0,0.0,4.96,
diffuse5,4.5,23,dci_v3_a8,1.0,2,1.0,12.2,16.55,
diffuse5,4.5,24,always_multiD,0.8333,0,1.0,100.0,100.0,
diffuse5,4.5,24,union4_bonf,0.6667,0,0.9667,0.0,4.96,
diffuse5,4.5,24,best_axis_oracle,0.8333,1,0.9905,0.0,0.46,S_A
diffuse5,4.5,24,sketch1,0.0,0,0.381,0.0,100.0,
diffuse5,4.5,24,dci_v3,0.6667,0,0.9667,0.0,4.96,
diffuse5,4.5,24,dci_v3_a8,0.6667,0,0.9667,12.2,16.55,
diffuse5,4.5,25,always_multiD,0.8333,2,0.9381,100.0,100.0,
diffuse5,4.5,25,union4_bonf,0.8333,1,0.9667,0.0,4.96,
diffuse5,4.5,25,best_axis_oracle,0.3333,1,0.8714,0.0,0.38,S_T
diffuse5,4.5,25,sketch1,0.1667,1,0.5905,0.0,100.0,
diffuse5,4.5,25,dci_v3,0.8333,1,0.9667,0.0,4.96,
diffuse5,4.5,25,dci_v3_a8,0.8333,1,0.9667,12.2,16.55,
diffuse5,4.5,26,always_multiD,1.0,4,0.9571,100.0,100.0,
diffuse5,4.5,26,union4_bonf,0.6667,1,0.9524,0.0,4.96,
diffuse5,4.5,26,best_axis_oracle,0.3333,3,0.8667,0.0,4.12,S_R
diffuse5,4.5,26,sketch1,0.1667,0,0.5905,0.0,100.0,
diffuse5,4.5,26,dci_v3,0.6667,1,0.9524,0.0,4.96,
diffuse5,4.5,26,dci_v3_a8,0.6667,1,0.9571,12.2,16.55,
diffuse5,4.5,27,always_multiD,1.0,3,1.0,100.0,100.0,
diffuse5,4.5,27,union4_bonf,0.8333,1,0.9905,0.0,4.96,
diffuse5,4.5,27,best_axis_oracle,1.0,4,0.9857,0.0,0.38,S_T
diffuse5,4.5,27,sketch1,0.0,2,0.6619,0.0,100.0,
diffuse5,4.5,27,dci_v3,1.0,1,0.9952,39.0,42.05,
diffuse5,4.5,27,dci_v3_a8,1.0,2,0.9952,48.8,51.32,
diffuse5,4.5,28,always_multiD,1.0,1,1.0,100.0,100.0,
diffuse5,4.5,28,union4_bonf,0.8333,0,0.9857,0.0,4.96,
diffuse5,4.5,28,best_axis_oracle,0.6667,1,0.9571,0.0,0.38,S_T
diffuse5,4.5,28,sketch1,0.0,2,0.4857,0.0,100.0,
diffuse5,4.5,28,dci_v3,0.8333,0,0.9857,0.0,4.96,
diffuse5,4.5,28,dci_v3_a8,0.8333,0,0.9952,12.2,16.55,
diffuse5,4.5,29,always_multiD,1.0,1,1.0,100.0,100.0,
diffuse5,4.5,29,union4_bonf,0.8333,1,0.981,0.0,4.96,
diffuse5,4.5,29,best_axis_oracle,0.6667,0,0.919,0.0,0.46,S_A
diffuse5,4.5,29,sketch1,0.1667,2,0.6143,0.0,100.0,
diffuse5,4.5,29,dci_v3,1.0,1,0.9952,29.3,32.78,
diffuse5,4.5,29,dci_v3_a8,1.0,1,0.9952,39.0,42.05,
diffuse5,4.5,30,always_multiD,0.8333,1,0.9952,100.0,100.0,
diffuse5,4.5,30,union4_bonf,0.3333,0,0.8571,0.0,4.96,
diffuse5,4.5,30,best_axis_oracle,0.0,0,0.919,0.0,4.12,S_R
diffuse5,4.5,30,sketch1,0.0,2,0.2524,0.0,100.0,
diffuse5,4.5,30,dci_v3,0.6667,0,0.9905,73.2,74.5,
diffuse5,4.5,30,dci_v3_a8,0.6667,1,0.9905,75.6,76.82,
diffuse5,4.5,31,always_multiD,1.0,1,0.9952,100.0,100.0,
diffuse5,4.5,31,union4_bonf,0.8333,1,0.9905,0.0,4.96,
diffuse5,4.5,31,best_axis_oracle,0.8333,2,0.9667,0.0,0.01,S_V
diffuse5,4.5,31,sketch1,0.0,1,0.6143,0.0,100.0,
diffuse5,4.5,31,dci_v3,0.8333,1,0.9905,0.0,4.96,
diffuse5,4.5,31,dci_v3_a8,0.8333,1,0.9905,12.2,16.55,
diffuse5,4.5,32,always_multiD,0.8333,1,0.9905,100.0,100.0,
diffuse5,4.5,32,union4_bonf,0.5,3,0.9143,0.0,4.96,
diffuse5,4.5,32,best_axis_oracle,0.5,2,0.9333,0.0,0.46,S_A
diffuse5,4.5,32,sketch1,0.1667,3,0.6905,0.0,100.0,
diffuse5,4.5,32,dci_v3,0.6667,1,0.9619,39.0,42.05,
diffuse5,4.5,32,dci_v3_a8,0.6667,1,0.9667,46.3,49.0,
diffuse5,4.5,33,always_multiD,1.0,1,1.0,100.0,100.0,
diffuse5,4.5,33,union4_bonf,0.8333,1,0.9952,0.0,4.96,
diffuse5,4.5,33,best_axis_oracle,0.6667,2,0.9476,0.0,0.46,S_A
diffuse5,4.5,33,sketch1,0.0,4,0.4286,0.0,100.0,
diffuse5,4.5,33,dci_v3,0.8333,1,0.9952,0.0,4.96,
diffuse5,4.5,33,dci_v3_a8,0.8333,1,0.9952,12.2,16.55,
diffuse5,4.5,34,always_multiD,1.0,0,1.0,100.0,100.0,
diffuse5,4.5,34,union4_bonf,0.6667,0,0.9952,0.0,4.96,
diffuse5,4.5,34,best_axis_oracle,0.3333,0,0.9857,0.0,4.12,S_R
diffuse5,4.5,34,sketch1,0.1667,3,0.6476,0.0,100.0,
diffuse5,4.5,34,dci_v3,0.6667,0,0.9952,0.0,4.96,
diffuse5,4.5,34,dci_v3_a8,0.6667,0,0.9952,12.2,16.55,
diffuse5,4.5,35,always_multiD,1.0,3,0.981,100.0,100.0,
diffuse5,4.5,35,union4_bonf,0.8333,6,0.8952,0.0,4.96,
diffuse5,4.5,35,best_axis_oracle,0.6667,1,0.9095,0.0,0.01,S_V
diffuse5,4.5,35,sketch1,0.3333,5,0.6667,0.0,100.0,
diffuse5,4.5,35,dci_v3,0.8333,6,0.8952,0.0,4.96,
diffuse5,4.5,35,dci_v3_a8,0.8333,6,0.9238,12.2,16.55,
diffuse5,4.5,36,always_multiD,1.0,2,1.0,100.0,100.0,
diffuse5,4.5,36,union4_bonf,0.6667,1,0.9714,0.0,4.96,
diffuse5,4.5,36,best_axis_oracle,0.8333,2,0.9905,0.0,0.01,S_V
diffuse5,4.5,36,sketch1,0.1667,4,0.6905,0.0,100.0,
diffuse5,4.5,36,dci_v3,1.0,2,0.9952,58.5,60.59,
diffuse5,4.5,36,dci_v3_a8,1.0,2,0.9952,63.4,65.23,
diffuse5,4.5,37,always_multiD,1.0,1,1.0,100.0,100.0,
diffuse5,4.5,37,union4_bonf,0.3333,2,0.7952,0.0,4.96,
diffuse5,4.5,37,best_axis_oracle,0.6667,3,0.9333,0.0,95.04,S_P
diffuse5,4.5,37,sketch1,0.1667,1,0.7048,0.0,100.0,
diffuse5,4.5,37,dci_v3,0.3333,2,0.7952,7.3,11.92,
diffuse5,4.5,37,dci_v3_a8,0.5,2,0.8238,19.5,23.51,
diffuse5,4.5,38,always_multiD,0.8333,0,0.9905,100.0,100.0,
diffuse5,4.5,38,union4_bonf,0.5,4,0.8952,0.0,4.96,
diffuse5,4.5,38,best_axis_oracle,0.1667,0,0.9524,0.0,0.01,S_V
diffuse5,4.5,38,sketch1,0.0,0,0.3952,0.0,100.0,
diffuse5,4.5,38,dci_v3,0.5,4,0.8952,0.0,4.96,
diffuse5,4.5,38,dci_v3_a8,0.6667,3,0.9095,12.2,16.55,
diffuse5,4.5,39,always_multiD,0.8333,3,0.9619,100.0,100.0,
diffuse5,4.5,39,union4_bonf,0.6667,1,0.9524,0.0,4.96,
diffuse5,4.5,39,best_axis_oracle,0.8333,2,0.9667,0.0,0.38,S_T
diffuse5,4.5,39,sketch1,0.1667,0,0.881,0.0,100.0,
diffuse5,4.5,39,dci_v3,0.6667,1,0.9524,0.0,4.96,
diffuse5,4.5,39,dci_v3_a8,0.6667,1,0.9524,12.2,16.55,
diffuse5,4.5,40,always_multiD,1.0,3,0.9952,100.0,100.0,
diffuse5,4.5,40,union4_bonf,1.0,2,0.9762,0.0,4.96,
diffuse5,4.5,40,best_axis_oracle,0.8333,1,0.9762,0.0,95.04,S_P
diffuse5,4.5,40,sketch1,0.0,1,0.5714,0.0,100.0,
diffuse5,4.5,40,dci_v3,1.0,2,0.9762,0.0,4.96,
diffuse5,4.5,40,dci_v3_a8,1.0,2,0.981,12.2,16.55,
diffuse5,4.5,41,always_multiD,0.8333,3,0.9524,100.0,100.0,
diffuse5,4.5,41,union4_bonf,0.8333,6,0.9143,0.0,4.96,
diffuse5,4.5,41,best_axis_oracle,0.5,0,0.9095,0.0,95.04,S_P
diffuse5,4.5,41,sketch1,0.0,7,0.519,0.0,100.0,
diffuse5,4.5,41,dci_v3,0.8333,4,0.9381,51.2,53.64,
diffuse5,4.5,41,dci_v3_a8,0.8333,4,0.9333,56.1,58.28,
diffuse5,4.5,42,always_multiD,1.0,3,1.0,100.0,100.0,
diffuse5,4.5,42,union4_bonf,1.0,1,1.0,0.0,4.96,
diffuse5,4.5,42,best_axis_oracle,0.5,2,0.9381,0.0,95.04,S_P
diffuse5,4.5,42,sketch1,0.0,3,0.6143,0.0,100.0,
diffuse5,4.5,42,dci_v3,1.0,3,1.0,31.7,35.1,
diffuse5,4.5,42,dci_v3_a8,1.0,4,1.0,39.0,42.05,
diffuse5,4.5,43,always_multiD,0.8333,1,0.9714,100.0,100.0,
diffuse5,4.5,43,union4_bonf,0.8333,2,0.9429,0.0,4.96,
diffuse5,4.5,43,best_axis_oracle,0.6667,0,0.981,0.0,0.38,S_T
diffuse5,4.5,43,sketch1,0.1667,2,0.5857,0.0,100.0,
diffuse5,4.5,43,dci_v3,0.8333,2,0.9476,29.3,32.78,
diffuse5,4.5,43,dci_v3_a8,0.8333,2,0.9476,36.6,39.73,
diffuse5,4.5,44,always_multiD,1.0,2,0.9857,100.0,100.0,
diffuse5,4.5,44,union4_bonf,0.8333,3,0.9333,0.0,4.96,
diffuse5,4.5,44,best_axis_oracle,0.6667,0,1.0,0.0,95.04,S_P
diffuse5,4.5,44,sketch1,0.3333,5,0.619,0.0,100.0,
diffuse5,4.5,44,dci_v3,0.8333,2,0.9571,14.6,18.87,
diffuse5,4.5,44,dci_v3_a8,0.8333,2,0.9619,24.4,28.14,
diffuse5,4.5,45,always_multiD,1.0,1,1.0,100.0,100.0,
diffuse5,4.5,45,union4_bonf,1.0,2,1.0,0.0,4.96,
diffuse5,4.5,45,best_axis_oracle,0.6667,0,1.0,0.0,0.46,S_A
diffuse5,4.5,45,sketch1,0.0,0,0.4,0.0,100.0,
diffuse5,4.5,45,dci_v3,1.0,1,1.0,87.8,88.41,
diffuse5,4.5,45,dci_v3_a8,1.0,1,1.0,87.8,88.41,
diffuse5,4.5,46,always_multiD,1.0,1,1.0,100.0,100.0,
diffuse5,4.5,46,union4_bonf,0.8333,2,0.9857,0.0,4.96,
diffuse5,4.5,46,best_axis_oracle,0.5,1,0.9619,0.0,0.01,S_V
diffuse5,4.5,46,sketch1,0.3333,0,0.8286,0.0,100.0,
diffuse5,4.5,46,dci_v3,0.8333,2,0.9857,14.6,18.87,
diffuse5,4.5,46,dci_v3_a8,0.8333,1,0.9905,24.4,28.14,
diffuse5,4.5,47,always_multiD,0.8333,1,0.9143,100.0,100.0,
diffuse5,4.5,47,union4_bonf,0.6667,1,0.8762,0.0,4.96,
diffuse5,4.5,47,best_axis_oracle,0.6667,0,0.8905,0.0,0.38,S_T
diffuse5,4.5,47,sketch1,0.0,0,0.3857,0.0,100.0,
diffuse5,4.5,47,dci_v3,0.8333,2,0.9381,70.7,72.18,
diffuse5,4.5,47,dci_v3_a8,0.8333,2,0.9381,73.2,74.5,
diffuse5,4.5,48,always_multiD,1.0,2,0.9952,100.0,100.0,
diffuse5,4.5,48,union4_bonf,0.6667,2,0.9762,0.0,4.96,
diffuse5,4.5,48,best_axis_oracle,0.8333,3,0.9571,0.0,4.12,S_R
diffuse5,4.5,48,sketch1,0.0,1,0.619,0.0,100.0,
diffuse5,4.5,48,dci_v3,0.6667,2,0.9762,0.0,4.96,
diffuse5,4.5,48,dci_v3_a8,0.6667,2,0.9762,12.2,16.55,
diffuse5,4.5,49,always_multiD,0.8333,1,0.9762,100.0,100.0,
diffuse5,4.5,49,union4_bonf,0.3333,1,0.9714,0.0,4.96,
diffuse5,4.5,49,best_axis_oracle,0.3333,0,0.8952,0.0,0.01,S_V
diffuse5,4.5,49,sketch1,0.0,0,0.6619,0.0,100.0,
diffuse5,4.5,49,dci_v3,0.3333,1,0.9714,0.0,4.96,
diffuse5,4.5,49,dci_v3_a8,0.5,1,0.981,12.2,16.55,
diffuse5,6.0,0,always_multiD,1.0,3,1.0,100.0,100.0,
diffuse5,6.0,0,union4_bonf,0.8333,3,0.9762,0.0,4.96,
diffuse5,6.0,0,best_axis_oracle,1.0,2,0.9952,0.0,4.12,S_R
diffuse5,6.0,0,sketch1,0.5,4,0.8143,0.0,100.0,
diffuse5,6.0,0,dci_v3,0.8333,3,0.981,7.3,11.92,
diffuse5,6.0,0,dci_v3_a8,0.8333,2,0.9857,19.5,23.51,
diffuse5,6.0,1,always_multiD,1.0,5,1.0,100.0,100.0,
diffuse5,6.0,1,union4_bonf,0.8333,5,0.9667,0.0,4.96,
diffuse5,6.0,1,best_axis_oracle,0.6667,0,0.9571,0.0,0.01,S_V
diffuse5,6.0,1,sketch1,0.1667,2,0.8333,0.0,100.0,
diffuse5,6.0,1,dci_v3,0.8333,5,0.9667,0.0,4.96,
diffuse5,6.0,1,dci_v3_a8,0.8333,5,0.9667,12.2,16.55,
diffuse5,6.0,2,always_multiD,1.0,1,1.0,100.0,100.0,
diffuse5,6.0,2,union4_bonf,1.0,0,1.0,0.0,4.96,
diffuse5,6.0,2,best_axis_oracle,0.8333,2,0.9857,0.0,0.38,S_T
diffuse5,6.0,2,sketch1,0.3333,3,0.6476,0.0,100.0,
diffuse5,6.0,2,dci_v3,1.0,1,1.0,43.9,46.69,
diffuse5,6.0,2,dci_v3_a8,1.0,1,1.0,51.2,53.64,
diffuse5,6.0,3,always_multiD,1.0,1,1.0,100.0,100.0,
diffuse5,6.0,3,union4_bonf,0.8333,3,0.981,0.0,4.96,
diffuse5,6.0,3,best_axis_oracle,0.8333,0,1.0,0.0,0.01,S_V
diffuse5,6.0,3,sketch1,0.0,2,0.4857,0.0,100.0,
diffuse5,6.0,3,dci_v3,0.8333,3,0.981,0.0,4.96,
diffuse5,6.0,3,dci_v3_a8,0.8333,3,0.981,12.2,16.55,
diffuse5,6.0,4,always_multiD,1.0,1,1.0,100.0,100.0,
diffuse5,6.0,4,union4_bonf,1.0,1,0.9952,0.0,4.96,
diffuse5,6.0,4,best_axis_oracle,1.0,0,1.0,0.0,0.46,S_A
diffuse5,6.0,4,sketch1,0.3333,2,0.719,0.0,100.0,
diffuse5,6.0,4,dci_v3,1.0,1,0.9952,0.0,4.96,
diffuse5,6.0,4,dci_v3_a8,1.0,1,1.0,14.6,18.87,
diffuse5,6.0,5,always_multiD,1.0,4,1.0,100.0,100.0,
diffuse5,6.0,5,union4_bonf,1.0,3,0.9952,0.0,4.96,
diffuse5,6.0,5,best_axis_oracle,1.0,2,1.0,0.0,4.12,S_R
diffuse5,6.0,5,sketch1,0.3333,4,0.6571,0.0,100.0,
diffuse5,6.0,5,dci_v3,1.0,4,0.9952,14.6,18.87,
diffuse5,6.0,5,dci_v3_a8,1.0,4,1.0,24.4,28.14,
diffuse5,6.0,6,always_multiD,1.0,3,1.0,100.0,100.0,
diffuse5,6.0,6,union4_bonf,1.0,4,0.9857,0.0,4.96,
diffuse5,6.0,6,best_axis_oracle,0.8333,0,0.9952,0.0,0.46,S_A
diffuse5,6.0,6,sketch1,0.1667,0,0.7286,0.0,100.0,
diffuse5,6.0,6,dci_v3,1.0,4,0.9857,0.0,4.96,
diffuse5,6.0,6,dci_v3_a8,1.0,3,0.9857,14.6,18.87,
diffuse5,6.0,7,always_multiD,1.0,1,1.0,100.0,100.0,
diffuse5,6.0,7,union4_bonf,1.0,1,0.9905,0.0,4.96,
diffuse5,6.0,7,best_axis_oracle,0.8333,0,0.9905,0.0,0.46,S_A
diffuse5,6.0,7,sketch1,0.0,0,0.381,0.0,100.0,
diffuse5,6.0,7,dci_v3,1.0,1,0.9905,29.3,32.78,
diffuse5,6.0,7,dci_v3_a8,1.0,1,0.9905,36.6,39.73,
diffuse5,6.0,8,always_multiD,1.0,2,1.0,100.0,100.0,
diffuse5,6.0,8,union4_bonf,1.0,3,0.9952,0.0,4.96,
diffuse5,6.0,8,best_axis_oracle,1.0,2,1.0,0.0,4.12,S_R
diffuse5,6.0,8,sketch1,0.5,4,0.6524,0.0,100.0,
diffuse5,6.0,8,dci_v3,1.0,1,1.0,73.2,74.5,
diffuse5,6.0,8,dci_v3_a8,1.0,1,1.0,78.0,79.14,
diffuse5,6.0,9,always_multiD,1.0,1,1.0,100.0,100.0,
diffuse5,6.0,9,union4_bonf,0.8333,1,0.9952,0.0,4.96,
diffuse5,6.0,9,best_axis_oracle,0.8333,0,0.9952,0.0,95.04,S_P
diffuse5,6.0,9,sketch1,0.1667,1,0.5333,0.0,100.0,
diffuse5,6.0,9,dci_v3,0.8333,1,1.0,14.6,18.87,
diffuse5,6.0,9,dci_v3_a8,0.8333,1,1.0,26.8,30.46,
diffuse5,6.0,10,always_multiD,1.0,0,1.0,100.0,100.0,
diffuse5,6.0,10,union4_bonf,1.0,1,1.0,0.0,4.96,
diffuse5,6.0,10,best_axis_oracle,0.6667,1,0.9667,0.0,95.04,S_P
diffuse5,6.0,10,sketch1,0.0,0,0.7143,0.0,100.0,
diffuse5,6.0,10,dci_v3,1.0,1,1.0,65.9,67.55,
diffuse5,6.0,10,dci_v3_a8,1.0,1,1.0,68.3,69.87,
diffuse5,6.0,11,always_multiD,1.0,2,0.9952,100.0,100.0,
diffuse5,6.0,11,union4_bonf,0.8333,1,0.981,0.0,4.96,
diffuse5,6.0,11,best_axis_oracle,0.6667,0,0.9857,0.0,0.38,S_T
diffuse5,6.0,11,sketch1,0.3333,4,0.6286,0.0,100.0,
diffuse5,6.0,11,dci_v3,0.8333,0,0.9857,26.8,30.46,
diffuse5,6.0,11,dci_v3_a8,0.8333,0,0.9905,34.1,37.41,
diffuse5,6.0,12,always_multiD,1.0,0,1.0,100.0,100.0,
diffuse5,6.0,12,union4_bonf,1.0,1,1.0,0.0,4.96,
diffuse5,6.0,12,best_axis_oracle,0.8333,3,0.9857,0.0,4.12,S_R
diffuse5,6.0,12,sketch1,0.1667,2,0.6762,0.0,100.0,
diffuse5,6.0,12,dci_v3,1.0,1,1.0,61.0,62.91,
diffuse5,6.0,12,dci_v3_a8,1.0,1,1.0,68.3,69.87,
diffuse5,6.0,13,always_multiD,1.0,1,1.0,100.0,100.0,
diffuse5,6.0,13,union4_bonf,1.0,2,1.0,0.0,4.96,
diffuse5,6.0,13,best_axis_oracle,1.0,1,0.9905,0.0,0.01,S_V
diffuse5,6.0,13,sketch1,0.1667,4,0.6286,0.0,100.0,
diffuse5,6.0,13,dci_v3,1.0,2,1.0,80.5,81.46,
diffuse5,6.0,13,dci_v3_a8,1.0,2,1.0,80.5,81.46,
diffuse5,6.0,14,always_multiD,1.0,3,1.0,100.0,100.0,
diffuse5,6.0,14,union4_bonf,1.0,3,0.9905,0.0,4.96,
diffuse5,6.0,14,best_axis_oracle,1.0,3,1.0,0.0,0.38,S_T
diffuse5,6.0,14,sketch1,0.0,1,0.3857,0.0,100.0,
diffuse5,6.0,14,dci_v3,1.0,3,1.0,63.4,65.23,
diffuse5,6.0,14,dci_v3_a8,1.0,3,1.0,68.3,69.87,
diffuse5,6.0,15,always_multiD,1.0,1,1.0,100.0,100.0,
diffuse5,6.0,15,union4_bonf,1.0,1,0.9952,0.0,4.96,
diffuse5,6.0,15,best_axis_oracle,0.8333,0,1.0,0.0,0.46,S_A
diffuse5,6.0,15,sketch1,0.1667,0,0.6667,0.0,100.0,
diffuse5,6.0,15,dci_v3,1.0,1,1.0,75.6,76.82,
diffuse5,6.0,15,dci_v3_a8,1.0,1,1.0,78.0,79.14,
diffuse5,6.0,16,always_multiD,1.0,2,0.9952,100.0,100.0,
diffuse5,6.0,16,union4_bonf,0.8333,1,0.9571,0.0,4.96,
diffuse5,6.0,16,best_axis_oracle,1.0,0,1.0,0.0,0.46,S_A
diffuse5,6.0,16,sketch1,0.0,0,0.5619,0.0,100.0,
diffuse5,6.0,16,dci_v3,0.8333,1,0.9571,0.0,4.96,
diffuse5,6.0,16,dci_v3_a8,0.8333,2,0.9619,14.6,18.87,
diffuse5,6.0,17,always_multiD,1.0,1,1.0,100.0,100.0,
diffuse5,6.0,17,union4_bonf,0.8333,3,0.9238,0.0,4.96,
diffuse5,6.0,17,best_axis_oracle,0.8333,0,0.9905,0.0,95.04,S_P
diffuse5,6.0,17,sketch1,0.0,3,0.4381,0.0,100.0,
diffuse5,6.0,17,dci_v3,0.8333,2,0.981,61.0,62.91,
diffuse5,6.0,17,dci_v3_a8,0.8333,2,0.981,63.4,65.23,
diffuse5,6.0,18,always_multiD,1.0,2,1.0,100.0,100.0,
diffuse5,6.0,18,union4_bonf,1.0,2,0.9905,0.0,4.96,
diffuse5,6.0,18,best_axis_oracle,0.8333,2,0.9762,0.0,0.01,S_V
diffuse5,6.0,18,sketch1,0.0,2,0.3571,0.0,100.0,
diffuse5,6.0,18,dci_v3,1.0,2,0.9905,9.8,14.23,
diffuse5,6.0,18,dci_v3_a8,1.0,2,1.0,22.0,25.82,
diffuse5,6.0,19,always_multiD,1.0,1,1.0,100.0,100.0,
diffuse5,6.0,19,union4_bonf,0.8333,0,0.9905,0.0,4.96,
diffuse5,6.0,19,best_axis_oracle,0.6667,1,0.9667,0.0,0.46,S_A
diffuse5,6.0,19,sketch1,0.0,3,0.6667,0.0,100.0,
diffuse5,6.0,19,dci_v3,0.8333,0,0.9905,9.8,14.23,
diffuse5,6.0,19,dci_v3_a8,0.8333,0,0.9905,19.5,23.51,
diffuse5,6.0,20,always_multiD,1.0,3,1.0,100.0,100.0,
diffuse5,6.0,20,union4_bonf,1.0,1,0.9952,0.0,4.96,
diffuse5,6.0,20,best_axis_oracle,0.8333,1,0.9952,0.0,4.12,S_R
diffuse5,6.0,20,sketch1,0.1667,4,0.3857,0.0,100.0,
diffuse5,6.0,20,dci_v3,1.0,1,0.9952,14.6,18.87,
diffuse5,6.0,20,dci_v3_a8,1.0,1,0.9952,26.8,30.46,
diffuse5,6.0,21,always_multiD,1.0,1,1.0,100.0,100.0,
diffuse5,6.0,21,union4_bonf,1.0,2,1.0,0.0,4.96,
diffuse5,6.0,21,best_axis_oracle,1.0,2,1.0,0.0,0.38,S_T
diffuse5,6.0,21,sketch1,0.3333,2,0.6857,0.0,100.0,
diffuse5,6.0,21,dci_v3,1.0,2,1.0,0.0,4.96,
diffuse5,6.0,21,dci_v3_a8,1.0,1,1.0,12.2,16.55,
diffuse5,6.0,22,always_multiD,1.0,2,1.0,100.0,100.0,
diffuse5,6.0,22,union4_bonf,1.0,2,0.9905,0.0,4.96,
diffuse5,6.0,22,best_axis_oracle,1.0,1,1.0,0.0,4.12,S_R
diffuse5,6.0,22,sketch1,0.1667,2,0.7095,0.0,100.0,
diffuse5,6.0,22,dci_v3,1.0,2,1.0,58.5,60.59,
diffuse5,6.0,22,dci_v3_a8,1.0,2,1.0,63.4,65.23,
diffuse5,6.0,23,always_multiD,1.0,0,1.0,100.0,100.0,
diffuse5,6.0,23,union4_bonf,1.0,0,1.0,0.0,4.96,
diffuse5,6.0,23,best_axis_oracle,1.0,2,0.9952,0.0,4.12,S_R
diffuse5,6.0,23,sketch1,0.3333,4,0.7286,0.0,100.0,
diffuse5,6.0,23,dci_v3,1.0,0,1.0,43.9,46.69,
diffuse5,6.0,23,dci_v3_a8,1.0,0,1.0,51.2,53.64,
diffuse5,6.0,24,always_multiD,1.0,0,1.0,100.0,100.0,
diffuse5,6.0,24,union4_bonf,0.8333,0,1.0,0.0,4.96,
diffuse5,6.0,24,best_axis_oracle,0.8333,1,0.9905,0.0,0.01,S_V
diffuse5,6.0,24,sketch1,0.3333,1,0.6857,0.0,100.0,
diffuse5,6.0,24,dci_v3,0.8333,0,1.0,14.6,18.87,
diffuse5,6.0,24,dci_v3_a8,0.8333,0,1.0,24.4,28.14,
diffuse5,6.0,25,always_multiD,1.0,1,1.0,100.0,100.0,
diffuse5,6.0,25,union4_bonf,1.0,1,1.0,0.0,4.96,
diffuse5,6.0,25,best_axis_oracle,1.0,1,0.9952,0.0,0.01,S_V
diffuse5,6.0,25,sketch1,0.1667,0,0.8762,0.0,100.0,
diffuse5,6.0,25,dci_v3,1.0,1,1.0,58.5,60.59,
diffuse5,6.0,25,dci_v3_a8,1.0,1,1.0,63.4,65.23,
diffuse5,6.0,26,always_multiD,1.0,0,1.0,100.0,100.0,
diffuse5,6.0,26,union4_bonf,0.8333,0,1.0,0.0,4.96,
diffuse5,6.0,26,best_axis_oracle,0.5,0,0.9524,0.0,0.46,S_A
diffuse5,6.0,26,sketch1,0.1667,1,0.6381,0.0,100.0,
diffuse5,6.0,26,dci_v3,0.8333,0,1.0,7.3,11.92,
diffuse5,6.0,26,dci_v3_a8,0.8333,0,1.0,19.5,23.51,
diffuse5,6.0,27,always_multiD,1.0,0,1.0,100.0,100.0,
diffuse5,6.0,27,union4_bonf,1.0,0,1.0,0.0,4.96,
diffuse5,6.0,27,best_axis_oracle,0.6667,0,0.981,0.0,0.46,S_A
diffuse5,6.0,27,sketch1,0.1667,2,0.6667,0.0,100.0,
diffuse5,6.0,27,dci_v3,1.0,0,1.0,75.6,76.82,
diffuse5,6.0,27,dci_v3_a8,1.0,0,1.0,80.5,81.46,
diffuse5,6.0,28,always_multiD,1.0,0,1.0,100.0,100.0,
diffuse5,6.0,28,union4_bonf,1.0,1,1.0,0.0,4.96,
diffuse5,6.0,28,best_axis_oracle,1.0,1,0.9952,0.0,0.01,S_V
diffuse5,6.0,28,sketch1,0.0,2,0.4571,0.0,100.0,
diffuse5,6.0,28,dci_v3,1.0,0,1.0,73.2,74.5,
diffuse5,6.0,28,dci_v3_a8,1.0,0,1.0,78.0,79.14,
diffuse5,6.0,29,always_multiD,1.0,0,1.0,100.0,100.0,
diffuse5,6.0,29,union4_bonf,1.0,2,0.9952,0.0,4.96,
diffuse5,6.0,29,best_axis_oracle,0.8333,0,0.9905,0.0,0.38,S_T
diffuse5,6.0,29,sketch1,0.5,0,0.781,0.0,100.0,
diffuse5,6.0,29,dci_v3,1.0,2,0.9952,2.4,7.28,
diffuse5,6.0,29,dci_v3_a8,1.0,2,0.9952,14.6,18.87,
diffuse5,6.0,30,always_multiD,1.0,1,1.0,100.0,100.0,
diffuse5,6.0,30,union4_bonf,1.0,0,1.0,0.0,4.96,
diffuse5,6.0,30,best_axis_oracle,0.8333,1,0.9905,0.0,0.46,S_A
diffuse5,6.0,30,sketch1,0.0,1,0.6048,0.0,100.0,
diffuse5,6.0,30,dci_v3,1.0,0,1.0,2.4,7.28,
diffuse5,6.0,30,dci_v3_a8,1.0,0,1.0,14.6,18.87,
diffuse5,6.0,31,always_multiD,1.0,0,1.0,100.0,100.0,
diffuse5,6.0,31,union4_bonf,1.0,1,1.0,0.0,4.96,
diffuse5,6.0,31,best_axis_oracle,0.8333,0,0.9952,0.0,4.12,S_R
diffuse5,6.0,31,sketch1,0.3333,1,0.719,0.0,100.0,
diffuse5,6.0,31,dci_v3,1.0,1,1.0,0.0,4.96,
diffuse5,6.0,31,dci_v3_a8,1.0,1,1.0,12.2,16.55,
diffuse5,6.0,32,always_multiD,1.0,1,1.0,100.0,100.0,
diffuse5,6.0,32,union4_bonf,1.0,1,1.0,0.0,4.96,
diffuse5,6.0,32,best_axis_oracle,0.6667,0,0.9762,0.0,4.12,S_R
diffuse5,6.0,32,sketch1,0.5,0,0.9048,0.0,100.0,
diffuse5,6.0,32,dci_v3,1.0,1,1.0,31.7,35.1,
diffuse5,6.0,32,dci_v3_a8,1.0,1,1.0,39.0,42.05,
diffuse5,6.0,33,always_multiD,1.0,2,1.0,100.0,100.0,
diffuse5,6.0,33,union4_bonf,1.0,4,0.9857,0.0,4.96,
diffuse5,6.0,33,best_axis_oracle,1.0,6,0.9905,0.0,0.46,S_A
diffuse5,6.0,33,sketch1,0.1667,5,0.4333,0.0,100.0,
diffuse5,6.0,33,dci_v3,1.0,4,0.9857,0.0,4.96,
diffuse5,6.0,33,dci_v3_a8,1.0,4,1.0,12.2,16.55,
diffuse5,6.0,34,always_multiD,1.0,3,1.0,100.0,100.0,
diffuse5,6.0,34,union4_bonf,1.0,4,1.0,0.0,4.96,
diffuse5,6.0,34,best_axis_oracle,0.8333,4,0.9714,0.0,0.01,S_V
diffuse5,6.0,34,sketch1,0.3333,0,0.7476,0.0,100.0,
diffuse5,6.0,34,dci_v3,1.0,3,1.0,46.3,49.0,
diffuse5,6.0,34,dci_v3_a8,1.0,3,1.0,51.2,53.64,
diffuse5,6.0,35,always_multiD,1.0,1,1.0,100.0,100.0,
diffuse5,6.0,35,union4_bonf,1.0,1,1.0,0.0,4.96,
diffuse5,6.0,35,best_axis_oracle,0.8333,2,0.9857,0.0,95.04,S_P
diffuse5,6.0,35,sketch1,0.0,0,0.7762,0.0,100.0,
diffuse5,6.0,35,dci_v3,1.0,1,1.0,22.0,25.82,
diffuse5,6.0,35,dci_v3_a8,1.0,1,1.0,31.7,35.1,
diffuse5,6.0,36,always_multiD,1.0,2,1.0,100.0,100.0,
diffuse5,6.0,36,union4_bonf,1.0,4,1.0,0.0,4.96,
diffuse5,6.0,36,best_axis_oracle,1.0,4,0.9857,0.0,0.38,S_T
diffuse5,6.0,36,sketch1,0.3333,1,0.7667,0.0,100.0,
diffuse5,6.0,36,dci_v3,1.0,4,1.0,51.2,53.64,
diffuse5,6.0,36,dci_v3_a8,1.0,4,1.0,56.1,58.28,
diffuse5,6.0,37,always_multiD,1.0,0,1.0,100.0,100.0,
diffuse5,6.0,37,union4_bonf,1.0,0,1.0,0.0,4.96,
diffuse5,6.0,37,best_axis_oracle,1.0,3,0.9905,0.0,0.38,S_T
diffuse5,6.0,37,sketch1,0.1667,2,0.6524,0.0,100.0,
diffuse5,6.0,37,dci_v3,1.0,0,1.0,29.3,32.78,
diffuse5,6.0,37,dci_v3_a8,1.0,0,1.0,36.6,39.73,
diffuse5,6.0,38,always_multiD,1.0,4,1.0,100.0,100.0,
diffuse5,6.0,38,union4_bonf,1.0,3,1.0,0.0,4.96,
diffuse5,6.0,38,best_axis_oracle,1.0,3,0.9905,0.0,0.46,S_A
diffuse5,6.0,38,sketch1,0.1667,1,0.6905,0.0,100.0,
diffuse5,6.0,38,dci_v3,1.0,2,1.0,56.1,58.28,
diffuse5,6.0,38,dci_v3_a8,1.0,3,1.0,61.0,62.91,
diffuse5,6.0,39,always_multiD,1.0,0,1.0,100.0,100.0,
diffuse5,6.0,39,union4_bonf,1.0,1,1.0,0.0,4.96,
diffuse5,6.0,39,best_axis_oracle,1.0,2,0.9905,0.0,4.12,S_R
diffuse5,6.0,39,sketch1,0.1667,1,0.8714,0.0,100.0,
diffuse5,6.0,39,dci_v3,1.0,1,1.0,41.5,44.37,
diffuse5,6.0,39,dci_v3_a8,1.0,1,1.0,46.3,49.0,
diffuse5,6.0,40,always_multiD,1.0,3,1.0,100.0,100.0,
diffuse5,6.0,40,union4_bonf,1.0,2,0.9952,0.0,4.96,
diffuse5,6.0,40,best_axis_oracle,0.8333,1,0.9905,0.0,0.01,S_V
diffuse5,6.0,40,sketch1,0.1667,1,0.5381,0.0,100.0,
diffuse5,6.0,40,dci_v3,1.0,2,1.0,34.1,37.41,
diffuse5,6.0,40,dci_v3_a8,1.0,2,1.0,41.5,44.37,
diffuse5,6.0,41,always_multiD,1.0,1,1.0,100.0,100.0,
diffuse5,6.0,41,union4_bonf,1.0,1,1.0,0.0,4.96,
diffuse5,6.0,41,best_axis_oracle,1.0,1,0.9952,0.0,0.38,S_T
diffuse5,6.0,41,sketch1,0.3333,3,0.4524,0.0,100.0,
diffuse5,6.0,41,dci_v3,1.0,0,1.0,31.7,35.1,
diffuse5,6.0,41,dci_v3_a8,1.0,0,1.0,43.9,46.69,
diffuse5,6.0,42,always_multiD,1.0,3,1.0,100.0,100.0,
diffuse5,6.0,42,union4_bonf,1.0,3,0.9667,0.0,4.96,
diffuse5,6.0,42,best_axis_oracle,0.8333,0,0.9905,0.0,95.04,S_P
diffuse5,6.0,42,sketch1,0.1667,2,0.6143,0.0,100.0,
diffuse5,6.0,42,dci_v3,1.0,3,0.9667,0.0,4.96,
diffuse5,6.0,42,dci_v3_a8,1.0,3,0.981,12.2,16.55,
diffuse5,6.0,43,always_multiD,1.0,1,1.0,100.0,100.0,
diffuse5,6.0,43,union4_bonf,1.0,0,1.0,0.0,4.96,
diffuse5,6.0,43,best_axis_oracle,1.0,2,1.0,0.0,0.01,S_V
diffuse5,6.0,43,sketch1,0.6667,2,0.8524,0.0,100.0,
diffuse5,6.0,43,dci_v3,1.0,0,1.0,29.3,32.78,
diffuse5,6.0,43,dci_v3_a8,1.0,0,1.0,36.6,39.73,
diffuse5,6.0,44,always_multiD,1.0,2,1.0,100.0,100.0,
diffuse5,6.0,44,union4_bonf,1.0,2,0.9714,0.0,4.96,
diffuse5,6.0,44,best_axis_oracle,0.8333,0,1.0,0.0,4.12,S_R
diffuse5,6.0,44,sketch1,0.5,4,0.7095,0.0,100.0,
diffuse5,6.0,44,dci_v3,1.0,2,0.9714,2.4,7.28,
diffuse5,6.0,44,dci_v3_a8,1.0,2,0.9714,17.1,21.19,
diffuse5,6.0,45,always_multiD,1.0,0,1.0,100.0,100.0,
diffuse5,6.0,45,union4_bonf,1.0,0,1.0,0.0,4.96,
diffuse5,6.0,45,best_axis_oracle,1.0,0,1.0,0.0,4.12,S_R
diffuse5,6.0,45,sketch1,0.1667,2,0.7952,0.0,100.0,
diffuse5,6.0,45,dci_v3,1.0,0,1.0,0.0,4.96,
diffuse5,6.0,45,dci_v3_a8,1.0,0,1.0,12.2,16.55,
diffuse5,6.0,46,always_multiD,1.0,0,1.0,100.0,100.0,
diffuse5,6.0,46,union4_bonf,0.8333,1,0.9905,0.0,4.96,
diffuse5,6.0,46,best_axis_oracle,0.8333,0,0.9905,0.0,0.38,S_T
diffuse5,6.0,46,sketch1,0.0,2,0.3,0.0,100.0,
diffuse5,6.0,46,dci_v3,0.8333,1,0.9905,0.0,4.96,
diffuse5,6.0,46,dci_v3_a8,0.8333,1,0.9905,12.2,16.55,
diffuse5,6.0,47,always_multiD,1.0,0,1.0,100.0,100.0,
diffuse5,6.0,47,union4_bonf,1.0,0,1.0,0.0,4.96,
diffuse5,6.0,47,best_axis_oracle,0.6667,0,1.0,0.0,95.04,S_P
diffuse5,6.0,47,sketch1,0.0,3,0.5762,0.0,100.0,
diffuse5,6.0,47,dci_v3,1.0,0,1.0,0.0,4.96,
diffuse5,6.0,47,dci_v3_a8,1.0,0,1.0,12.2,16.55,
diffuse5,6.0,48,always_multiD,1.0,1,1.0,100.0,100.0,
diffuse5,6.0,48,union4_bonf,1.0,0,1.0,0.0,4.96,
diffuse5,6.0,48,best_axis_oracle,0.8333,0,0.981,0.0,0.38,S_T
diffuse5,6.0,48,sketch1,0.3333,0,0.8238,0.0,100.0,
diffuse5,6.0,48,dci_v3,1.0,0,1.0,19.5,23.51,
diffuse5,6.0,48,dci_v3_a8,1.0,0,1.0,29.3,32.78,
diffuse5,6.0,49,always_multiD,1.0,0,1.0,100.0,100.0,
diffuse5,6.0,49,union4_bonf,1.0,1,1.0,0.0,4.96,
diffuse5,6.0,49,best_axis_oracle,1.0,6,1.0,0.0,0.38,S_T
diffuse5,6.0,49,sketch1,0.0,0,0.5952,0.0,100.0,
diffuse5,6.0,49,dci_v3,1.0,1,1.0,4.9,9.6,
diffuse5,6.0,49,dci_v3_a8,1.0,1,1.0,14.6,18.87,
corr_min,2.5,0,always_multiD,1.0,1,1.0,100.0,100.0,
corr_min,2.5,0,union4_bonf,0.5,3,0.9095,0.0,4.96,
corr_min,2.5,0,best_axis_oracle,0.8333,4,0.9429,0.0,0.01,S_V
corr_min,2.5,0,sketch1,0.3333,3,0.6952,0.0,100.0,
corr_min,2.5,0,dci_v3,0.8333,2,0.9762,73.2,74.5,
corr_min,2.5,0,dci_v3_a8,0.8333,2,0.981,78.0,79.14,
corr_min,2.5,1,always_multiD,1.0,2,1.0,100.0,100.0,
corr_min,2.5,1,union4_bonf,0.3333,2,0.8571,0.0,4.96,
corr_min,2.5,1,best_axis_oracle,0.5,1,0.8095,0.0,0.01,S_V
corr_min,2.5,1,sketch1,0.1667,3,0.7143,0.0,100.0,
corr_min,2.5,1,dci_v3,1.0,1,1.0,87.8,88.41,
corr_min,2.5,1,dci_v3_a8,1.0,1,1.0,87.8,88.41,
corr_min,2.5,2,always_multiD,1.0,0,1.0,100.0,100.0,
corr_min,2.5,2,union4_bonf,0.3333,0,0.9429,0.0,4.96,
corr_min,2.5,2,best_axis_oracle,0.3333,0,0.9,0.0,0.01,S_V
corr_min,2.5,2,sketch1,0.3333,4,0.8762,0.0,100.0,
corr_min,2.5,2,dci_v3,1.0,0,1.0,87.8,88.41,
corr_min,2.5,2,dci_v3_a8,1.0,0,1.0,90.2,90.73,
corr_min,2.5,3,always_multiD,1.0,1,1.0,100.0,100.0,
corr_min,2.5,3,union4_bonf,0.3333,2,0.8905,0.0,4.96,
corr_min,2.5,3,best_axis_oracle,0.5,1,0.8286,0.0,4.12,S_R
corr_min,2.5,3,sketch1,0.1667,4,0.6524,0.0,100.0,
corr_min,2.5,3,dci_v3,1.0,1,1.0,87.8,88.41,
corr_min,2.5,3,dci_v3_a8,1.0,1,1.0,87.8,88.41,
corr_min,2.5,4,always_multiD,1.0,1,0.9952,100.0,100.0,
corr_min,2.5,4,union4_bonf,0.0,2,0.9048,0.0,4.96,
corr_min,2.5,4,best_axis_oracle,0.5,1,0.8381,0.0,0.01,S_V
corr_min,2.5,4,sketch1,0.1667,3,0.7,0.0,100.0,
corr_min,2.5,4,dci_v3,1.0,1,0.9952,78.0,79.14,
corr_min,2.5,4,dci_v3_a8,1.0,1,0.9952,82.9,83.77,
corr_min,2.5,5,always_multiD,1.0,2,1.0,100.0,100.0,
corr_min,2.5,5,union4_bonf,0.3333,0,0.8762,0.0,4.96,
corr_min,2.5,5,best_axis_oracle,0.5,2,0.7667,0.0,0.01,S_V
corr_min,2.5,5,sketch1,0.5,4,0.7952,0.0,100.0,
corr_min,2.5,5,dci_v3,1.0,1,1.0,75.6,76.82,
corr_min,2.5,5,dci_v3_a8,1.0,1,1.0,80.5,81.46,
corr_min,2.5,6,always_multiD,1.0,1,1.0,100.0,100.0,
corr_min,2.5,6,union4_bonf,0.1667,0,0.9238,0.0,4.96,
corr_min,2.5,6,best_axis_oracle,0.0,0,0.819,0.0,0.01,S_V
corr_min,2.5,6,sketch1,0.8333,0,0.9571,0.0,100.0,
corr_min,2.5,6,dci_v3,1.0,1,1.0,87.8,88.41,
corr_min,2.5,6,dci_v3_a8,1.0,1,1.0,90.2,90.73,
corr_min,2.5,7,always_multiD,1.0,1,1.0,100.0,100.0,
corr_min,2.5,7,union4_bonf,0.3333,0,0.9048,0.0,4.96,
corr_min,2.5,7,best_axis_oracle,0.1667,0,0.8048,0.0,4.12,S_R
corr_min,2.5,7,sketch1,0.5,5,0.881,0.0,100.0,
corr_min,2.5,7,dci_v3,1.0,1,1.0,87.8,88.41,
corr_min,2.5,7,dci_v3_a8,1.0,1,1.0,87.8,88.41,
corr_min,2.5,8,always_multiD,1.0,0,1.0,100.0,100.0,
corr_min,2.5,8,union4_bonf,0.1667,0,0.9429,0.0,4.96,
corr_min,2.5,8,best_axis_oracle,0.5,1,0.8476,0.0,0.01,S_V
corr_min,2.5,8,sketch1,0.5,4,0.8762,0.0,100.0,
corr_min,2.5,8,dci_v3,1.0,0,1.0,87.8,88.41,
corr_min,2.5,8,dci_v3_a8,1.0,0,1.0,90.2,90.73,
corr_min,2.5,9,always_multiD,1.0,3,0.9905,100.0,100.0,
corr_min,2.5,9,union4_bonf,0.1667,1,0.7476,0.0,4.96,
corr_min,2.5,9,best_axis_oracle,0.3333,1,0.6857,0.0,0.46,S_A
corr_min,2.5,9,sketch1,0.5,1,0.7667,0.0,100.0,
corr_min,2.5,9,dci_v3,1.0,3,0.9905,87.8,88.41,
corr_min,2.5,9,dci_v3_a8,1.0,3,0.9905,90.2,90.73,
corr_min,2.5,10,always_multiD,1.0,3,1.0,100.0,100.0,
corr_min,2.5,10,union4_bonf,0.5,1,0.9429,0.0,4.96,
corr_min,2.5,10,best_axis_oracle,0.5,1,0.9095,0.0,0.46,S_A
corr_min,2.5,10,sketch1,1.0,1,0.9857,0.0,100.0,
corr_min,2.5,10,dci_v3,1.0,3,1.0,87.8,88.41,
corr_min,2.5,10,dci_v3_a8,1.0,3,1.0,87.8,88.41,
corr_min,2.5,11,always_multiD,1.0,2,1.0,100.0,100.0,
corr_min,2.5,11,union4_bonf,0.1667,1,0.8857,0.0,4.96,
corr_min,2.5,11,best_axis_oracle,0.1667,2,0.7714,0.0,4.12,S_R
corr_min,2.5,11,sketch1,0.1667,3,0.7476,0.0,100.0,
corr_min,2.5,11,dci_v3,1.0,2,0.9952,80.5,81.46,
corr_min,2.5,11,dci_v3_a8,1.0,2,0.9952,80.5,81.46,
corr_min,2.5,12,always_multiD,1.0,1,0.9952,100.0,100.0,
corr_min,2.5,12,union4_bonf,0.0,1,0.8714,0.0,4.96,
corr_min,2.5,12,best_axis_oracle,0.0,2,0.7905,0.0,4.12,S_R
corr_min,2.5,12,sketch1,0.5,2,0.7571,0.0,100.0,
corr_min,2.5,12,dci_v3,1.0,1,0.9952,82.9,83.77,
corr_min,2.5,12,dci_v3_a8,1.0,1,0.9952,87.8,88.41,
corr_min,2.5,13,always_multiD,1.0,1,1.0,100.0,100.0,
corr_min,2.5,13,union4_bonf,0.1667,1,0.8619,0.0,4.96,
corr_min,2.5,13,best_axis_oracle,0.1667,0,0.8048,0.0,0.38,S_T
corr_min,2.5,13,sketch1,0.6667,2,0.9095,0.0,100.0,
corr_min,2.5,13,dci_v3,1.0,2,1.0,87.8,88.41,
corr_min,2.5,13,dci_v3_a8,1.0,2,1.0,87.8,88.41,
corr_min,2.5,14,always_multiD,1.0,3,1.0,100.0,100.0,
corr_min,2.5,14,union4_bonf,0.3333,1,0.8333,0.0,4.96,
corr_min,2.5,14,best_axis_oracle,0.3333,2,0.7952,0.0,4.12,S_R
corr_min,2.5,14,sketch1,0.6667,0,0.9476,0.0,100.0,
corr_min,2.5,14,dci_v3,1.0,2,1.0,85.4,86.09,
corr_min,2.5,14,dci_v3_a8,1.0,2,1.0,85.4,86.09,
corr_min,2.5,15,always_multiD,1.0,2,1.0,100.0,100.0,
corr_min,2.5,15,union4_bonf,0.3333,2,0.8333,0.0,4.96,
corr_min,2.5,15,best_axis_oracle,0.5,3,0.8333,0.0,0.01,S_V
corr_min,2.5,15,sketch1,0.1667,1,0.781,0.0,100.0,
corr_min,2.5,15,dci_v3,1.0,2,1.0,87.8,88.41,
corr_min,2.5,15,dci_v3_a8,1.0,2,1.0,90.2,90.73,
corr_min,2.5,16,always_multiD,1.0,0,1.0,100.0,100.0,
corr_min,2.5,16,union4_bonf,0.1667,0,0.9762,0.0,4.96,
corr_min,2.5,16,best_axis_oracle,0.5,1,0.9238,0.0,0.46,S_A
corr_min,2.5,16,sketch1,0.8333,0,0.9524,0.0,100.0,
corr_min,2.5,16,dci_v3,1.0,0,1.0,87.8,88.41,
corr_min,2.5,16,dci_v3_a8,1.0,0,1.0,90.2,90.73,
corr_min,2.5,17,always_multiD,1.0,4,1.0,100.0,100.0,
corr_min,2.5,17,union4_bonf,0.1667,1,0.8095,0.0,4.96,
corr_min,2.5,17,best_axis_oracle,0.0,1,0.7714,0.0,0.01,S_V
corr_min,2.5,17,sketch1,0.5,2,0.9048,0.0,100.0,
corr_min,2.5,17,dci_v3,0.8333,4,0.9619,73.2,74.5,
corr_min,2.5,17,dci_v3_a8,0.8333,4,0.9619,75.6,76.82,
corr_min,2.5,18,always_multiD,1.0,1,1.0,100.0,100.0,
corr_min,2.5,18,union4_bonf,0.5,0,0.9143,0.0,4.96,
corr_min,2.5,18,best_axis_oracle,0.5,0,0.881,0.0,0.46,S_A
corr_min,2.5,18,sketch1,0.6667,2,0.9429,0.0,100.0,
corr_min,2.5,18,dci_v3,1.0,1,1.0,87.8,88.41,
corr_min,2.5,18,dci_v3_a8,1.0,1,1.0,87.8,88.41,
corr_min,2.5,19,always_multiD,1.0,0,1.0,100.0,100.0,
corr_min,2.5,19,union4_bonf,0.3333,2,0.9476,0.0,4.96,
corr_min,2.5,19,best_axis_oracle,0.6667,2,0.819,0.0,0.46,S_A
corr_min,2.5,19,sketch1,0.8333,0,0.9333,0.0,100.0,
corr_min,2.5,19,dci_v3,1.0,0,1.0,87.8,88.41,
corr_min,2.5,19,dci_v3_a8,1.0,0,1.0,90.2,90.73,
corr_min,2.5,20,always_multiD,1.0,4,1.0,100.0,100.0,
corr_min,2.5,20,union4_bonf,0.3333,2,0.8905,0.0,4.96,
corr_min,2.5,20,best_axis_oracle,0.5,2,0.8429,0.0,4.12,S_R
corr_min,2.5,20,sketch1,0.6667,4,0.781,0.0,100.0,
corr_min,2.5,20,dci_v3,1.0,3,1.0,87.8,88.41,
corr_min,2.5,20,dci_v3_a8,1.0,3,1.0,90.2,90.73,
corr_min,2.5,21,always_multiD,1.0,1,1.0,100.0,100.0,
corr_min,2.5,21,union4_bonf,0.5,0,0.9571,0.0,4.96,
corr_min,2.5,21,best_axis_oracle,0.5,2,0.9381,0.0,4.12,S_R
corr_min,2.5,21,sketch1,0.1667,2,0.8143,0.0,100.0,
corr_min,2.5,21,dci_v3,1.0,0,1.0,58.5,60.59,
corr_min,2.5,21,dci_v3_a8,1.0,0,1.0,63.4,65.23,
corr_min,2.5,22,always_multiD,1.0,2,1.0,100.0,100.0,
corr_min,2.5,22,union4_bonf,0.3333,1,0.9429,0.0,4.96,
corr_min,2.5,22,best_axis_oracle,0.5,3,0.7762,0.0,0.01,S_V
corr_min,2.5,22,sketch1,0.5,4,0.8905,0.0,100.0,
corr_min,2.5,22,dci_v3,1.0,3,1.0,85.4,86.09,
corr_min,2.5,22,dci_v3_a8,1.0,3,1.0,85.4,86.09,
corr_min,2.5,23,always_multiD,1.0,0,1.0,100.0,100.0,
corr_min,2.5,23,union4_bonf,0.1667,2,0.9,0.0,4.96,
corr_min,2.5,23,best_axis_oracle,0.0,1,0.6952,0.0,4.12,S_R
corr_min,2.5,23,sketch1,0.3333,3,0.9,0.0,100.0,
corr_min,2.5,23,dci_v3,0.8333,0,0.9952,73.2,74.5,
corr_min,2.5,23,dci_v3_a8,1.0,0,1.0,75.6,76.82,
corr_min,2.5,24,always_multiD,1.0,2,1.0,100.0,100.0,
corr_min,2.5,24,union4_bonf,0.5,1,0.9762,0.0,4.96,
corr_min,2.5,24,best_axis_oracle,0.3333,0,0.8286,0.0,0.46,S_A
corr_min,2.5,24,sketch1,0.3333,3,0.7857,0.0,100.0,
corr_min,2.5,24,dci_v3,1.0,2,1.0,87.8,88.41,
corr_min,2.5,24,dci_v3_a8,1.0,2,1.0,87.8,88.41,
corr_min,2.5,25,always_multiD,1.0,2,1.0,100.0,100.0,
corr_min,2.5,25,union4_bonf,0.0,0,0.7048,0.0,4.96,
corr_min,2.5,25,best_axis_oracle,0.1667,1,0.7333,0.0,0.38,S_T
corr_min,2.5,25,sketch1,0.3333,3,0.6762,0.0,100.0,
corr_min,2.5,25,dci_v3,1.0,2,1.0,87.8,88.41,
corr_min,2.5,25,dci_v3_a8,1.0,2,1.0,87.8,88.41,
corr_min,2.5,26,always_multiD,1.0,2,1.0,100.0,100.0,
corr_min,2.5,26,union4_bonf,0.1667,1,0.9095,0.0,4.96,
corr_min,2.5,26,best_axis_oracle,0.0,2,0.8,0.0,0.01,S_V
corr_min,2.5,26,sketch1,0.5,3,0.7619,0.0,100.0,
corr_min,2.5,26,dci_v3,1.0,2,1.0,87.8,88.41,
corr_min,2.5,26,dci_v3_a8,1.0,2,1.0,90.2,90.73,
corr_min,2.5,27,always_multiD,1.0,3,1.0,100.0,100.0,
corr_min,2.5,27,union4_bonf,0.3333,0,0.8667,0.0,4.96,
corr_min,2.5,27,best_axis_oracle,0.3333,1,0.8952,0.0,0.01,S_V
corr_min,2.5,27,sketch1,0.5,0,0.7905,0.0,100.0,
corr_min,2.5,27,dci_v3,1.0,3,1.0,85.4,86.09,
corr_min,2.5,27,dci_v3_a8,1.0,3,1.0,87.8,88.41,
corr_min,2.5,28,always_multiD,1.0,2,0.9952,100.0,100.0,
corr_min,2.5,28,union4_bonf,0.3333,0,0.9476,0.0,4.96,
corr_min,2.5,28,best_axis_oracle,0.3333,1,0.781,0.0,0.01,S_V
corr_min,2.5,28,sketch1,0.3333,2,0.8429,0.0,100.0,
corr_min,2.5,28,dci_v3,1.0,2,0.9952,87.8,88.41,
corr_min,2.5,28,dci_v3_a8,1.0,2,0.9952,90.2,90.73,
corr_min,2.5,29,always_multiD,1.0,1,1.0,100.0,100.0,
corr_min,2.5,29,union4_bonf,0.1667,0,0.981,0.0,4.96,
corr_min,2.5,29,best_axis_oracle,0.0,0,0.7952,0.0,0.01,S_V
corr_min,2.5,29,sketch1,0.3333,1,0.9333,0.0,100.0,
corr_min,2.5,29,dci_v3,1.0,0,1.0,80.5,81.46,
corr_min,2.5,29,dci_v3_a8,1.0,0,1.0,85.4,86.09,
corr_min,2.5,30,always_multiD,1.0,4,1.0,100.0,100.0,
corr_min,2.5,30,union4_bonf,0.5,1,0.9333,0.0,4.96,
corr_min,2.5,30,best_axis_oracle,0.5,2,0.9476,0.0,0.38,S_T
corr_min,2.5,30,sketch1,0.5,6,0.6571,0.0,100.0,
corr_min,2.5,30,dci_v3,1.0,3,1.0,78.0,79.14,
corr_min,2.5,30,dci_v3_a8,1.0,3,1.0,78.0,79.14,
corr_min,2.5,31,always_multiD,1.0,2,1.0,100.0,100.0,
corr_min,2.5,31,union4_bonf,0.1667,1,0.9143,0.0,4.96,
corr_min,2.5,31,best_axis_oracle,0.3333,1,0.8619,0.0,0.38,S_T
corr_min,2.5,31,sketch1,1.0,1,1.0,0.0,100.0,
corr_min,2.5,31,dci_v3,1.0,2,1.0,87.8,88.41,
corr_min,2.5,31,dci_v3_a8,1.0,2,1.0,90.2,90.73,
corr_min,2.5,32,always_multiD,1.0,1,1.0,100.0,100.0,
corr_min,2.5,32,union4_bonf,0.5,1,0.9048,0.0,4.96,
corr_min,2.5,32,best_axis_oracle,0.3333,2,0.8857,0.0,4.12,S_R
corr_min,2.5,32,sketch1,0.6667,1,0.9667,0.0,100.0,
corr_min,2.5,32,dci_v3,1.0,2,1.0,82.9,83.77,
corr_min,2.5,32,dci_v3_a8,1.0,2,1.0,82.9,83.77,
corr_min,2.5,33,always_multiD,1.0,2,1.0,100.0,100.0,
corr_min,2.5,33,union4_bonf,0.1667,1,0.9095,0.0,4.96,
corr_min,2.5,33,best_axis_oracle,0.3333,1,0.8857,0.0,0.38,S_T
corr_min,2.5,33,sketch1,0.3333,3,0.6857,0.0,100.0,
corr_min,2.5,33,dci_v3,0.8333,2,0.9857,85.4,86.09,
corr_min,2.5,33,dci_v3_a8,0.8333,2,0.9857,85.4,86.09,
corr_min,2.5,34,always_multiD,1.0,0,1.0,100.0,100.0,
corr_min,2.5,34,union4_bonf,0.3333,1,0.8714,0.0,4.96,
corr_min,2.5,34,best_axis_oracle,0.3333,3,0.7143,0.0,0.01,S_V
corr_min,2.5,34,sketch1,0.1667,3,0.7286,0.0,100.0,
corr_min,2.5,34,dci_v3,0.8333,0,1.0,73.2,74.5,
corr_min,2.5,34,dci_v3_a8,0.8333,0,1.0,78.0,79.14,
corr_min,2.5,35,always_multiD,0.8333,1,0.9857,100.0,100.0,
corr_min,2.5,35,union4_bonf,0.0,0,0.8238,0.0,4.96,
corr_min,2.5,35,best_axis_oracle,0.1667,0,0.7524,0.0,4.12,S_R
corr_min,2.5,35,sketch1,0.1667,0,0.6238,0.0,100.0,
corr_min,2.5,35,dci_v3,0.8333,1,0.9857,87.8,88.41,
corr_min,2.5,35,dci_v3_a8,0.8333,1,0.9857,90.2,90.73,
corr_min,2.5,36,always_multiD,1.0,0,1.0,100.0,100.0,
corr_min,2.5,36,union4_bonf,0.3333,0,0.9286,0.0,4.96,
corr_min,2.5,36,best_axis_oracle,0.5,3,0.7905,0.0,4.12,S_R
corr_min,2.5,36,sketch1,0.6667,2,0.9048,0.0,100.0,
corr_min,2.5,36,dci_v3,1.0,0,1.0,82.9,83.77,
corr_min,2.5,36,dci_v3_a8,1.0,0,1.0,82.9,83.77,
corr_min,2.5,37,always_multiD,1.0,1,1.0,100.0,100.0,
corr_min,2.5,37,union4_bonf,0.3333,0,0.7619,0.0,4.96,
corr_min,2.5,37,best_axis_oracle,0.1667,1,0.681,0.0,4.12,S_R
corr_min,2.5,37,sketch1,0.1667,2,0.5952,0.0,100.0,
corr_min,2.5,37,dci_v3,0.8333,0,0.9619,75.6,76.82,
corr_min,2.5,37,dci_v3_a8,1.0,0,1.0,78.0,79.14,
corr_min,2.5,38,always_multiD,0.8333,2,0.9429,100.0,100.0,
corr_min,2.5,38,union4_bonf,0.3333,1,0.7952,0.0,4.96,
corr_min,2.5,38,best_axis_oracle,0.5,2,0.7619,0.0,0.46,S_A
corr_min,2.5,38,sketch1,0.8333,2,0.9667,0.0,100.0,
corr_min,2.5,38,dci_v3,0.8333,2,0.9429,87.8,88.41,
corr_min,2.5,38,dci_v3_a8,0.8333,2,0.9429,87.8,88.41,
corr_min,2.5,39,always_multiD,1.0,3,1.0,100.0,100.0,
corr_min,2.5,39,union4_bonf,0.6667,1,0.9619,0.0,4.96,
corr_min,2.5,39,best_axis_oracle,0.1667,0,0.8238,0.0,0.38,S_T
corr_min,2.5,39,sketch1,0.1667,1,0.7143,0.0,100.0,
corr_min,2.5,39,dci_v3,0.8333,3,0.9905,58.5,60.59,
corr_min,2.5,39,dci_v3_a8,0.8333,3,0.9905,63.4,65.23,
corr_min,2.5,40,always_multiD,0.8333,0,1.0,100.0,100.0,
corr_min,2.5,40,union4_bonf,0.5,0,0.8286,0.0,4.96,
corr_min,2.5,40,best_axis_oracle,0.5,1,0.8905,0.0,0.38,S_T
corr_min,2.5,40,sketch1,0.5,2,0.7667,0.0,100.0,
corr_min,2.5,40,dci_v3,0.8333,0,0.9857,68.3,69.87,
corr_min,2.5,40,dci_v3_a8,0.8333,0,0.9905,70.7,72.18,
corr_min,2.5,41,always_multiD,1.0,3,1.0,100.0,100.0,
corr_min,2.5,41,union4_bonf,0.0,0,0.8048,0.0,4.96,
corr_min,2.5,41,best_axis_oracle,0.3333,0,0.881,0.0,0.01,S_V
corr_min,2.5,41,sketch1,0.3333,4,0.5238,0.0,100.0,
corr_min,2.5,41,dci_v3,1.0,3,1.0,87.8,88.41,
corr_min,2.5,41,dci_v3_a8,1.0,3,1.0,90.2,90.73,
corr_min,2.5,42,always_multiD,1.0,2,1.0,100.0,100.0,
corr_min,2.5,42,union4_bonf,0.3333,1,0.9095,0.0,4.96,
corr_min,2.5,42,best_axis_oracle,0.3333,1,0.7381,0.0,0.01,S_V
corr_min,2.5,42,sketch1,0.3333,2,0.7571,0.0,100.0,
corr_min,2.5,42,dci_v3,1.0,2,1.0,75.6,76.82,
corr_min,2.5,42,dci_v3_a8,1.0,2,1.0,80.5,81.46,
corr_min,2.5,43,always_multiD,1.0,0,1.0,100.0,100.0,
corr_min,2.5,43,union4_bonf,0.0,1,0.9,0.0,4.96,
corr_min,2.5,43,best_axis_oracle,0.1667,1,0.8571,0.0,4.12,S_R
corr_min,2.5,43,sketch1,0.1667,0,0.7857,0.0,100.0,
corr_min,2.5,43,dci_v3,0.6667,0,0.981,46.3,49.0,
corr_min,2.5,43,dci_v3_a8,0.6667,0,0.981,51.2,53.64,
corr_min,2.5,44,always_multiD,1.0,2,1.0,100.0,100.0,
corr_min,2.5,44,union4_bonf,0.5,1,0.9381,0.0,4.96,
corr_min,2.5,44,best_axis_oracle,0.5,2,0.9524,0.0,0.01,S_V
corr_min,2.5,44,sketch1,0.3333,6,0.6238,0.0,100.0,
corr_min,2.5,44,dci_v3,1.0,2,1.0,87.8,88.41,
corr_min,2.5,44,dci_v3_a8,1.0,1,1.0,90.2,90.73,
corr_min,2.5,45,always_multiD,1.0,1,1.0,100.0,100.0,
corr_min,2.5,45,union4_bonf,0.1667,2,0.8524,0.0,4.96,
corr_min,2.5,45,best_axis_oracle,0.1667,3,0.7762,0.0,0.38,S_T
corr_min,2.5,45,sketch1,0.5,4,0.8952,0.0,100.0,
corr_min,2.5,45,dci_v3,1.0,1,1.0,87.8,88.41,
corr_min,2.5,45,dci_v3_a8,1.0,1,1.0,87.8,88.41,
corr_min,2.5,46,always_multiD,1.0,5,1.0,100.0,100.0,
corr_min,2.5,46,union4_bonf,0.5,3,0.8238,0.0,4.96,
corr_min,2.5,46,best_axis_oracle,0.6667,2,0.9095,0.0,0.46,S_A
corr_min,2.5,46,sketch1,0.8333,5,0.8048,0.0,100.0,
corr_min,2.5,46,dci_v3,1.0,5,1.0,61.0,62.91,
corr_min,2.5,46,dci_v3_a8,1.0,5,1.0,65.9,67.55,
corr_min,2.5,47,always_multiD,1.0,2,0.9952,100.0,100.0,
corr_min,2.5,47,union4_bonf,0.1667,0,0.8905,0.0,4.96,
corr_min,2.5,47,best_axis_oracle,0.5,4,0.7857,0.0,0.46,S_A
corr_min,2.5,47,sketch1,0.6667,0,0.7571,0.0,100.0,
corr_min,2.5,47,dci_v3,1.0,1,0.9952,87.8,88.41,
corr_min,2.5,47,dci_v3_a8,1.0,1,0.9952,87.8,88.41,
corr_min,2.5,48,always_multiD,1.0,3,1.0,100.0,100.0,
corr_min,2.5,48,union4_bonf,0.3333,0,0.9333,0.0,4.96,
corr_min,2.5,48,best_axis_oracle,0.1667,0,0.8429,0.0,0.46,S_A
corr_min,2.5,48,sketch1,0.6667,2,0.9143,0.0,100.0,
corr_min,2.5,48,dci_v3,1.0,2,1.0,90.2,90.73,
corr_min,2.5,48,dci_v3_a8,1.0,2,1.0,92.7,93.05,
corr_min,2.5,49,always_multiD,1.0,0,1.0,100.0,100.0,
corr_min,2.5,49,union4_bonf,0.0,0,0.8857,0.0,4.96,
corr_min,2.5,49,best_axis_oracle,0.1667,1,0.7571,0.0,0.01,S_V
corr_min,2.5,49,sketch1,0.3333,1,0.7667,0.0,100.0,
corr_min,2.5,49,dci_v3,0.8333,0,1.0,75.6,76.82,
corr_min,2.5,49,dci_v3_a8,1.0,0,1.0,78.0,79.14,
corr_min,3.5,0,always_multiD,1.0,3,1.0,100.0,100.0,
corr_min,3.5,0,union4_bonf,0.3333,0,0.9333,0.0,4.96,
corr_min,3.5,0,best_axis_oracle,0.1667,1,0.9,0.0,0.01,S_V
corr_min,3.5,0,sketch1,0.8333,3,0.9571,0.0,100.0,
corr_min,3.5,0,dci_v3,1.0,2,1.0,87.8,88.41,
corr_min,3.5,0,dci_v3_a8,1.0,2,1.0,90.2,90.73,
corr_min,3.5,1,always_multiD,1.0,3,1.0,100.0,100.0,
corr_min,3.5,1,union4_bonf,0.6667,1,0.981,0.0,4.96,
corr_min,3.5,1,best_axis_oracle,0.5,1,0.7762,0.0,0.46,S_A
corr_min,3.5,1,sketch1,0.8333,3,0.9476,0.0,100.0,
corr_min,3.5,1,dci_v3,1.0,3,1.0,87.8,88.41,
corr_min,3.5,1,dci_v3_a8,1.0,3,1.0,87.8,88.41,
corr_min,3.5,2,always_multiD,1.0,5,1.0,100.0,100.0,
corr_min,3.5,2,union4_bonf,0.3333,2,0.9476,0.0,4.96,
corr_min,3.5,2,best_axis_oracle,0.5,1,0.9333,0.0,0.01,S_V
corr_min,3.5,2,sketch1,0.8333,5,0.9476,0.0,100.0,
corr_min,3.5,2,dci_v3,1.0,5,1.0,87.8,88.41,
corr_min,3.5,2,dci_v3_a8,1.0,5,1.0,90.2,90.73,
corr_min,3.5,3,always_multiD,1.0,4,1.0,100.0,100.0,
corr_min,3.5,3,union4_bonf,0.3333,3,0.8857,0.0,4.96,
corr_min,3.5,3,best_axis_oracle,0.6667,1,0.9381,0.0,0.01,S_V
corr_min,3.5,3,sketch1,1.0,1,1.0,0.0,100.0,
corr_min,3.5,3,dci_v3,1.0,5,1.0,87.8,88.41,
corr_min,3.5,3,dci_v3_a8,1.0,5,1.0,87.8,88.41,
corr_min,3.5,4,always_multiD,1.0,1,1.0,100.0,100.0,
corr_min,3.5,4,union4_bonf,0.6667,0,0.9905,0.0,4.96,
corr_min,3.5,4,best_axis_oracle,0.6667,1,0.8667,0.0,4.12,S_R
corr_min,3.5,4,sketch1,0.8333,2,0.9857,0.0,100.0,
corr_min,3.5,4,dci_v3,1.0,1,1.0,87.8,88.41,
corr_min,3.5,4,dci_v3_a8,1.0,1,1.0,90.2,90.73,
corr_min,3.5,5,always_multiD,1.0,3,1.0,100.0,100.0,
corr_min,3.5,5,union4_bonf,0.5,1,0.981,0.0,4.96,
corr_min,3.5,5,best_axis_oracle,0.5,1,0.9571,0.0,4.12,S_R
corr_min,3.5,5,sketch1,1.0,1,0.9952,0.0,100.0,
corr_min,3.5,5,dci_v3,1.0,3,1.0,87.8,88.41,
corr_min,3.5,5,dci_v3_a8,1.0,3,1.0,90.2,90.73,
corr_min,3.5,6,always_multiD,1.0,0,1.0,100.0,100.0,
corr_min,3.5,6,union4_bonf,0.5,0,0.9952,0.0,4.96,
corr_min,3.5,6,best_axis_oracle,0.5,0,0.8619,0.0,0.01,S_V
corr_min,3.5,6,sketch1,0.5,0,0.8714,0.0,100.0,
corr_min,3.5,6,dci_v3,1.0,0,1.0,87.8,88.41,
corr_min,3.5,6,dci_v3_a8,1.0,0,1.0,90.2,90.73,
corr_min,3.5,7,always_multiD,1.0,0,1.0,100.0,100.0,
corr_min,3.5,7,union4_bonf,0.6667,1,0.9714,0.0,4.96,
corr_min,3.5,7,best_axis_oracle,0.6667,3,0.8714,0.0,0.46,S_A
corr_min,3.5,7,sketch1,1.0,1,0.9952,0.0,100.0,
corr_min,3.5,7,dci_v3,1.0,0,1.0,87.8,88.41,
corr_min,3.5,7,dci_v3_a8,1.0,0,1.0,87.8,88.41,
corr_min,3.5,8,always_multiD,1.0,1,1.0,100.0,100.0,
corr_min,3.5,8,union4_bonf,0.5,2,0.9048,0.0,4.96,
corr_min,3.5,8,best_axis_oracle,0.3333,2,0.8333,0.0,0.01,S_V
corr_min,3.5,8,sketch1,0.5,2,0.9333,0.0,100.0,
corr_min,3.5,8,dci_v3,1.0,1,1.0,87.8,88.41,
corr_min,3.5,8,dci_v3_a8,1.0,1,1.0,90.2,90.73,
corr_min,3.5,9,always_multiD,1.0,2,1.0,100.0,100.0,
corr_min,3.5,9,union4_bonf,0.3333,1,0.9571,0.0,4.96,
corr_min,3.5,9,best_axis_oracle,0.3333,1,0.8905,0.0,0.38,S_T
corr_min,3.5,9,sketch1,0.6667,5,0.8905,0.0,100.0,
corr_min,3.5,9,dci_v3,1.0,2,1.0,87.8,88.41,
corr_min,3.5,9,dci_v3_a8,1.0,2,1.0,90.2,90.73,
corr_min,3.5,10,always_multiD,1.0,2,1.0,100.0,100.0,
corr_min,3.5,10,union4_bonf,0.6667,2,0.9667,0.0,4.96,
corr_min,3.5,10,best_axis_oracle,0.3333,2,0.7857,0.0,0.01,S_V
corr_min,3.5,10,sketch1,0.5,2,0.9381,0.0,100.0,
corr_min,3.5,10,dci_v3,1.0,2,1.0,87.8,88.41,
corr_min,3.5,10,dci_v3_a8,1.0,2,1.0,87.8,88.41,
corr_min,3.5,11,always_multiD,1.0,2,1.0,100.0,100.0,
corr_min,3.5,11,union4_bonf,0.0,2,0.8667,0.0,4.96,
corr_min,3.5,11,best_axis_oracle,0.1667,1,0.8381,0.0,0.46,S_A
corr_min,3.5,11,sketch1,0.8333,0,0.9952,0.0,100.0,
corr_min,3.5,11,dci_v3,1.0,3,1.0,78.0,79.14,
corr_min,3.5,11,dci_v3_a8,1.0,3,1.0,80.5,81.46,
corr_min,3.5,12,always_multiD,1.0,0,1.0,100.0,100.0,
corr_min,3.5,12,union4_bonf,0.6667,1,0.9905,0.0,4.96,
corr_min,3.5,12,best_axis_oracle,0.8333,2,0.8762,0.0,0.38,S_T
corr_min,3.5,12,sketch1,0.8333,2,0.9905,0.0,100.0,
corr_min,3.5,12,dci_v3,1.0,0,1.0,87.8,88.41,
corr_min,3.5,12,dci_v3_a8,1.0,0,1.0,90.2,90.73,
corr_min,3.5,13,always_multiD,1.0,0,1.0,100.0,100.0,
corr_min,3.5,13,union4_bonf,0.0,0,0.9905,0.0,4.96,
corr_min,3.5,13,best_axis_oracle,0.1667,0,0.919,0.0,0.01,S_V
corr_min,3.5,13,sketch1,0.8333,0,1.0,0.0,100.0,
corr_min,3.5,13,dci_v3,1.0,0,1.0,87.8,88.41,
corr_min,3.5,13,dci_v3_a8,1.0,0,1.0,87.8,88.41,
corr_min,3.5,14,always_multiD,1.0,0,1.0,100.0,100.0,
corr_min,3.5,14,union4_bonf,0.5,0,1.0,0.0,4.96,
corr_min,3.5,14,best_axis_oracle,0.5,0,0.819,0.0,0.01,S_V
corr_min,3.5,14,sketch1,0.8333,5,0.9762,0.0,100.0,
corr_min,3.5,14,dci_v3,1.0,0,1.0,87.8,88.41,
corr_min,3.5,14,dci_v3_a8,1.0,0,1.0,87.8,88.41,
corr_min,3.5,15,always_multiD,1.0,3,1.0,100.0,100.0,
corr_min,3.5,15,union4_bonf,1.0,2,0.981,0.0,4.96,
corr_min,3.5,15,best_axis_oracle,0.5,3,0.9048,0.0,0.01,S_V
corr_min,3.5,15,sketch1,0.3333,0,0.6905,0.0,100.0,
corr_min,3.5,15,dci_v3,1.0,3,1.0,87.8,88.41,
corr_min,3.5,15,dci_v3_a8,1.0,3,1.0,90.2,90.73,
corr_min,3.5,16,always_multiD,1.0,2,1.0,100.0,100.0,
corr_min,3.5,16,union4_bonf,0.3333,1,0.9667,0.0,4.96,
corr_min,3.5,16,best_axis_oracle,0.3333,0,0.9286,0.0,0.46,S_A
corr_min,3.5,16,sketch1,0.6667,4,0.9095,0.0,100.0,
corr_min,3.5,16,dci_v3,1.0,2,1.0,87.8,88.41,
corr_min,3.5,16,dci_v3_a8,1.0,2,1.0,90.2,90.73,
corr_min,3.5,17,always_multiD,1.0,2,1.0,100.0,100.0,
corr_min,3.5,17,union4_bonf,0.8333,1,0.9857,0.0,4.96,
corr_min,3.5,17,best_axis_oracle,0.5,2,0.8476,0.0,4.12,S_R
corr_min,3.5,17,sketch1,0.6667,5,0.8762,0.0,100.0,
corr_min,3.5,17,dci_v3,1.0,2,1.0,100.0,100.0,
corr_min,3.5,17,dci_v3_a8,1.0,2,1.0,100.0,100.0,
corr_min,3.5,18,always_multiD,1.0,0,1.0,100.0,100.0,
corr_min,3.5,18,union4_bonf,0.5,1,0.981,0.0,4.96,
corr_min,3.5,18,best_axis_oracle,0.5,1,0.919,0.0,0.46,S_A
corr_min,3.5,18,sketch1,0.8333,1,0.9905,0.0,100.0,
corr_min,3.5,18,dci_v3,1.0,0,1.0,87.8,88.41,
corr_min,3.5,18,dci_v3_a8,1.0,0,1.0,87.8,88.41,
corr_min,3.5,19,always_multiD,1.0,2,1.0,100.0,100.0,
corr_min,3.5,19,union4_bonf,0.5,0,0.9762,0.0,4.96,
corr_min,3.5,19,best_axis_oracle,0.1667,1,0.8238,0.0,0.46,S_A
corr_min,3.5,19,sketch1,0.6667,4,0.8905,0.0,100.0,
corr_min,3.5,19,dci_v3,1.0,2,1.0,87.8,88.41,
corr_min,3.5,19,dci_v3_a8,1.0,2,1.0,90.2,90.73,
corr_min,3.5,20,always_multiD,1.0,1,1.0,100.0,100.0,
corr_min,3.5,20,union4_bonf,0.0,0,0.9762,0.0,4.96,
corr_min,3.5,20,best_axis_oracle,0.6667,0,0.9905,0.0,0.46,S_A
corr_min,3.5,20,sketch1,1.0,0,1.0,0.0,100.0,
corr_min,3.5,20,dci_v3,1.0,1,1.0,87.8,88.41,
corr_min,3.5,20,dci_v3_a8,1.0,1,1.0,90.2,90.73,
corr_min,3.5,21,always_multiD,1.0,2,1.0,100.0,100.0,
corr_min,3.5,21,union4_bonf,0.8333,1,0.9571,0.0,4.96,
corr_min,3.5,21,best_axis_oracle,0.6667,2,0.981,0.0,0.46,S_A
corr_min,3.5,21,sketch1,0.6667,4,0.8571,0.0,100.0,
corr_min,3.5,21,dci_v3,1.0,2,1.0,87.8,88.41,
corr_min,3.5,21,dci_v3_a8,1.0,2,1.0,87.8,88.41,
corr_min,3.5,22,always_multiD,1.0,1,1.0,100.0,100.0,
corr_min,3.5,22,union4_bonf,1.0,0,1.0,0.0,4.96,
corr_min,3.5,22,best_axis_oracle,0.8333,3,0.9381,0.0,0.01,S_V
corr_min,3.5,22,sketch1,0.6667,2,0.9524,0.0,100.0,
corr_min,3.5,22,dci_v3,1.0,1,1.0,87.8,88.41,
corr_min,3.5,22,dci_v3_a8,1.0,1,1.0,87.8,88.41,
corr_min,3.5,23,always_multiD,1.0,3,1.0,100.0,100.0,
corr_min,3.5,23,union4_bonf,0.6667,1,0.9429,0.0,4.96,
corr_min,3.5,23,best_axis_oracle,0.3333,5,0.881,0.0,0.01,S_V
corr_min,3.5,23,sketch1,0.6667,1,0.9524,0.0,100.0,
corr_min,3.5,23,dci_v3,1.0,3,1.0,87.8,88.41,
corr_min,3.5,23,dci_v3_a8,1.0,3,1.0,87.8,88.41,
corr_min,3.5,24,always_multiD,1.0,4,1.0,100.0,100.0,
corr_min,3.5,24,union4_bonf,0.5,0,0.9857,0.0,4.96,
corr_min,3.5,24,best_axis_oracle,0.1667,0,0.8905,0.0,95.04,S_P
corr_min,3.5,24,sketch1,0.3333,1,0.7476,0.0,100.0,
corr_min,3.5,24,dci_v3,1.0,3,1.0,87.8,88.41,
corr_min,3.5,24,dci_v3_a8,1.0,3,1.0,87.8,88.41,
corr_min,3.5,25,always_multiD,1.0,1,1.0,100.0,100.0,
corr_min,3.5,25,union4_bonf,0.3333,1,0.9238,0.0,4.96,
corr_min,3.5,25,best_axis_oracle,0.5,0,0.9286,0.0,0.01,S_V
corr_min,3.5,25,sketch1,0.8333,3,0.9619,0.0,100.0,
corr_min,3.5,25,dci_v3,1.0,1,1.0,87.8,88.41,
corr_min,3.5,25,dci_v3_a8,1.0,1,1.0,87.8,88.41,
corr_min,3.5,26,always_multiD,1.0,4,1.0,100.0,100.0,
corr_min,3.5,26,union4_bonf,1.0,3,0.9857,0.0,4.96,
corr_min,3.5,26,best_axis_oracle,0.5,4,0.7857,0.0,0.01,S_V
corr_min,3.5,26,sketch1,0.3333,1,0.9476,0.0,100.0,
corr_min,3.5,26,dci_v3,1.0,4,1.0,87.8,88.41,
corr_min,3.5,26,dci_v3_a8,1.0,4,1.0,90.2,90.73,
corr_min,3.5,27,always_multiD,1.0,0,1.0,100.0,100.0,
corr_min,3.5,27,union4_bonf,0.6667,1,0.9857,0.0,4.96,
corr_min,3.5,27,best_axis_oracle,0.8333,1,0.9571,0.0,4.12,S_R
corr_min,3.5,27,sketch1,1.0,4,0.9905,0.0,100.0,
corr_min,3.5,27,dci_v3,1.0,0,1.0,87.8,88.41,
corr_min,3.5,27,dci_v3_a8,1.0,0,1.0,90.2,90.73,
corr_min,3.5,28,always_multiD,1.0,0,1.0,100.0,100.0,
corr_min,3.5,28,union4_bonf,0.5,1,0.9524,0.0,4.96,
corr_min,3.5,28,best_axis_oracle,0.8333,1,0.9667,0.0,0.01,S_V
corr_min,3.5,28,sketch1,0.5,0,0.8381,0.0,100.0,
corr_min,3.5,28,dci_v3,1.0,0,1.0,87.8,88.41,
corr_min,3.5,28,dci_v3_a8,1.0,0,1.0,90.2,90.73,
corr_min,3.5,29,always_multiD,1.0,1,1.0,100.0,100.0,
corr_min,3.5,29,union4_bonf,0.8333,0,0.9905,0.0,4.96,
corr_min,3.5,29,best_axis_oracle,0.5,2,0.8619,0.0,0.01,S_V
corr_min,3.5,29,sketch1,1.0,2,0.9905,0.0,100.0,
corr_min,3.5,29,dci_v3,1.0,0,1.0,87.8,88.41,
corr_min,3.5,29,dci_v3_a8,1.0,0,1.0,90.2,90.73,
corr_min,3.5,30,always_multiD,1.0,2,1.0,100.0,100.0,
corr_min,3.5,30,union4_bonf,0.8333,2,0.9381,0.0,4.96,
corr_min,3.5,30,best_axis_oracle,0.5,4,0.8524,0.0,0.01,S_V
corr_min,3.5,30,sketch1,0.8333,0,0.9857,0.0,100.0,
corr_min,3.5,30,dci_v3,1.0,2,1.0,87.8,88.41,
corr_min,3.5,30,dci_v3_a8,1.0,2,1.0,87.8,88.41,
corr_min,3.5,31,always_multiD,1.0,3,1.0,100.0,100.0,
corr_min,3.5,31,union4_bonf,0.1667,1,0.9619,0.0,4.96,
corr_min,3.5,31,best_axis_oracle,0.6667,1,0.9238,0.0,0.38,S_T
corr_min,3.5,31,sketch1,0.6667,0,0.981,0.0,100.0,
corr_min,3.5,31,dci_v3,1.0,3,1.0,87.8,88.41,
corr_min,3.5,31,dci_v3_a8,1.0,3,1.0,90.2,90.73,
corr_min,3.5,32,always_multiD,1.0,3,1.0,100.0,100.0,
corr_min,3.5,32,union4_bonf,0.5,1,0.9667,0.0,4.96,
corr_min,3.5,32,best_axis_oracle,0.6667,2,0.8286,0.0,0.01,S_V
corr_min,3.5,32,sketch1,0.5,3,0.8667,0.0,100.0,
corr_min,3.5,32,dci_v3,1.0,3,1.0,87.8,88.41,
corr_min,3.5,32,dci_v3_a8,1.0,3,1.0,87.8,88.41,
corr_min,3.5,33,always_multiD,1.0,1,1.0,100.0,100.0,
corr_min,3.5,33,union4_bonf,0.5,0,1.0,0.0,4.96,
corr_min,3.5,33,best_axis_oracle,0.5,0,1.0,0.0,0.46,S_A
corr_min,3.5,33,sketch1,0.5,1,0.7619,0.0,100.0,
corr_min,3.5,33,dci_v3,1.0,1,1.0,87.8,88.41,
corr_min,3.5,33,dci_v3_a8,1.0,1,1.0,87.8,88.41,
corr_min,3.5,34,always_multiD,1.0,1,1.0,100.0,100.0,
corr_min,3.5,34,union4_bonf,0.8333,2,0.9905,0.0,4.96,
corr_min,3.5,34,best_axis_oracle,0.8333,2,0.9476,0.0,0.01,S_V
corr_min,3.5,34,sketch1,1.0,6,0.9714,0.0,100.0,
corr_min,3.5,34,dci_v3,1.0,2,1.0,87.8,88.41,
corr_min,3.5,34,dci_v3_a8,1.0,2,1.0,90.2,90.73,
corr_min,3.5,35,always_multiD,1.0,1,1.0,100.0,100.0,
corr_min,3.5,35,union4_bonf,0.6667,1,0.9619,0.0,4.96,
corr_min,3.5,35,best_axis_oracle,0.5,1,0.8905,0.0,0.38,S_T
corr_min,3.5,35,sketch1,0.5,0,0.8714,0.0,100.0,
corr_min,3.5,35,dci_v3,1.0,1,1.0,87.8,88.41,
corr_min,3.5,35,dci_v3_a8,1.0,1,1.0,90.2,90.73,
corr_min,3.5,36,always_multiD,1.0,1,1.0,100.0,100.0,
corr_min,3.5,36,union4_bonf,0.6667,4,0.9333,0.0,4.96,
corr_min,3.5,36,best_axis_oracle,0.5,1,0.9381,0.0,4.12,S_R
corr_min,3.5,36,sketch1,1.0,1,0.981,0.0,100.0,
corr_min,3.5,36,dci_v3,1.0,2,1.0,87.8,88.41,
corr_min,3.5,36,dci_v3_a8,1.0,2,1.0,87.8,88.41,
corr_min,3.5,37,always_multiD,1.0,5,1.0,100.0,100.0,
corr_min,3.5,37,union4_bonf,0.5,1,0.9476,0.0,4.96,
corr_min,3.5,37,best_axis_oracle,0.5,2,0.9286,0.0,4.12,S_R
corr_min,3.5,37,sketch1,0.6667,3,0.9286,0.0,100.0,
corr_min,3.5,37,dci_v3,1.0,5,1.0,90.2,90.73,
corr_min,3.5,37,dci_v3_a8,1.0,5,1.0,90.2,90.73,
corr_min,3.5,38,always_multiD,1.0,3,1.0,100.0,100.0,
corr_min,3.5,38,union4_bonf,0.6667,1,0.9476,0.0,4.96,
corr_min,3.5,38,best_axis_oracle,0.5,2,0.7905,0.0,0.38,S_T
corr_min,3.5,38,sketch1,1.0,3,0.9905,0.0,100.0,
corr_min,3.5,38,dci_v3,1.0,3,1.0,87.8,88.41,
corr_min,3.5,38,dci_v3_a8,1.0,3,1.0,87.8,88.41,
corr_min,3.5,39,always_multiD,1.0,1,1.0,100.0,100.0,
corr_min,3.5,39,union4_bonf,0.8333,0,0.9762,0.0,4.96,
corr_min,3.5,39,best_axis_oracle,0.5,1,0.9714,0.0,0.38,S_T
corr_min,3.5,39,sketch1,0.6667,0,0.8619,0.0,100.0,
corr_min,3.5,39,dci_v3,1.0,1,1.0,87.8,88.41,
corr_min,3.5,39,dci_v3_a8,1.0,1,1.0,90.2,90.73,
corr_min,3.5,40,always_multiD,1.0,3,1.0,100.0,100.0,
corr_min,3.5,40,union4_bonf,0.1667,1,0.9429,0.0,4.96,
corr_min,3.5,40,best_axis_oracle,0.5,0,0.9095,0.0,4.12,S_R
corr_min,3.5,40,sketch1,0.5,2,0.8714,0.0,100.0,
corr_min,3.5,40,dci_v3,1.0,3,1.0,87.8,88.41,
corr_min,3.5,40,dci_v3_a8,1.0,3,1.0,87.8,88.41,
corr_min,3.5,41,always_multiD,1.0,0,1.0,100.0,100.0,
corr_min,3.5,41,union4_bonf,0.3333,0,0.981,0.0,4.96,
corr_min,3.5,41,best_axis_oracle,0.5,0,0.9619,0.0,4.12,S_R
corr_min,3.5,41,sketch1,0.8333,3,0.9476,0.0,100.0,
corr_min,3.5,41,dci_v3,1.0,0,1.0,87.8,88.41,
corr_min,3.5,41,dci_v3_a8,1.0,0,1.0,90.2,90.73,
corr_min,3.5,42,always_multiD,1.0,7,1.0,100.0,100.0,
corr_min,3.5,42,union4_bonf,0.8333,1,0.9857,0.0,4.96,
corr_min,3.5,42,best_axis_oracle,0.8333,1,0.9619,0.0,0.46,S_A
corr_min,3.5,42,sketch1,0.5,1,0.8524,0.0,100.0,
corr_min,3.5,42,dci_v3,1.0,6,1.0,87.8,88.41,
corr_min,3.5,42,dci_v3_a8,1.0,6,1.0,90.2,90.73,
corr_min,3.5,43,always_multiD,1.0,3,1.0,100.0,100.0,
corr_min,3.5,43,union4_bonf,1.0,1,0.981,0.0,4.96,
corr_min,3.5,43,best_axis_oracle,0.8333,0,0.9762,0.0,0.46,S_A
corr_min,3.5,43,sketch1,0.8333,1,0.9762,0.0,100.0,
corr_min,3.5,43,dci_v3,1.0,2,1.0,87.8,88.41,
corr_min,3.5,43,dci_v3_a8,1.0,2,1.0,87.8,88.41,
corr_min,3.5,44,always_multiD,1.0,1,1.0,100.0,100.0,
corr_min,3.5,44,union4_bonf,0.6667,1,0.9762,0.0,4.96,
corr_min,3.5,44,best_axis_oracle,0.5,0,0.8667,0.0,0.38,S_T
corr_min,3.5,44,sketch1,0.8333,2,0.9619,0.0,100.0,
corr_min,3.5,44,dci_v3,1.0,1,1.0,87.8,88.41,
corr_min,3.5,44,dci_v3_a8,1.0,1,1.0,90.2,90.73,
corr_min,3.5,45,always_multiD,1.0,0,1.0,100.0,100.0,
corr_min,3.5,45,union4_bonf,0.5,0,1.0,0.0,4.96,
corr_min,3.5,45,best_axis_oracle,0.3333,0,0.8762,0.0,0.38,S_T
corr_min,3.5,45,sketch1,1.0,2,1.0,0.0,100.0,
corr_min,3.5,45,dci_v3,1.0,0,1.0,87.8,88.41,
corr_min,3.5,45,dci_v3_a8,1.0,0,1.0,87.8,88.41,
corr_min,3.5,46,always_multiD,1.0,5,1.0,100.0,100.0,
corr_min,3.5,46,union4_bonf,0.6667,3,0.9524,0.0,4.96,
corr_min,3.5,46,best_axis_oracle,0.5,4,0.8429,0.0,0.46,S_A
corr_min,3.5,46,sketch1,0.8333,1,0.981,0.0,100.0,
corr_min,3.5,46,dci_v3,1.0,6,1.0,87.8,88.41,
corr_min,3.5,46,dci_v3_a8,1.0,6,1.0,87.8,88.41,
corr_min,3.5,47,always_multiD,1.0,3,1.0,100.0,100.0,
corr_min,3.5,47,union4_bonf,0.6667,2,0.9619,0.0,4.96,
corr_min,3.5,47,best_axis_oracle,0.8333,1,0.8619,0.0,0.38,S_T
corr_min,3.5,47,sketch1,0.6667,2,0.9333,0.0,100.0,
corr_min,3.5,47,dci_v3,1.0,3,1.0,90.2,90.73,
corr_min,3.5,47,dci_v3_a8,1.0,3,1.0,90.2,90.73,
corr_min,3.5,48,always_multiD,1.0,3,1.0,100.0,100.0,
corr_min,3.5,48,union4_bonf,0.8333,1,0.9905,0.0,4.96,
corr_min,3.5,48,best_axis_oracle,0.5,2,0.9095,0.0,0.01,S_V
corr_min,3.5,48,sketch1,0.6667,5,0.919,0.0,100.0,
corr_min,3.5,48,dci_v3,1.0,3,1.0,92.7,93.05,
corr_min,3.5,48,dci_v3_a8,1.0,4,1.0,95.1,95.36,
corr_min,3.5,49,always_multiD,1.0,1,1.0,100.0,100.0,
corr_min,3.5,49,union4_bonf,0.3333,0,1.0,0.0,4.96,
corr_min,3.5,49,best_axis_oracle,0.5,0,0.8571,0.0,4.12,S_R
corr_min,3.5,49,sketch1,0.3333,3,0.8333,0.0,100.0,
corr_min,3.5,49,dci_v3,1.0,1,1.0,87.8,88.41,
corr_min,3.5,49,dci_v3_a8,1.0,1,1.0,87.8,88.41,
corr_min,4.5,0,always_multiD,1.0,2,1.0,100.0,100.0,
corr_min,4.5,0,union4_bonf,1.0,1,1.0,0.0,4.96,
corr_min,4.5,0,best_axis_oracle,0.6667,2,0.981,0.0,0.38,S_T
corr_min,4.5,0,sketch1,1.0,0,1.0,0.0,100.0,
corr_min,4.5,0,dci_v3,1.0,2,1.0,87.8,88.41,
corr_min,4.5,0,dci_v3_a8,1.0,2,1.0,90.2,90.73,
corr_min,4.5,1,always_multiD,1.0,3,1.0,100.0,100.0,
corr_min,4.5,1,union4_bonf,1.0,3,1.0,0.0,4.96,
corr_min,4.5,1,best_axis_oracle,0.8333,5,0.9333,0.0,4.12,S_R
corr_min,4.5,1,sketch1,1.0,4,1.0,0.0,100.0,
corr_min,4.5,1,dci_v3,1.0,4,1.0,87.8,88.41,
corr_min,4.5,1,dci_v3_a8,1.0,4,1.0,87.8,88.41,
corr_min,4.5,2,always_multiD,1.0,0,1.0,100.0,100.0,
corr_min,4.5,2,union4_bonf,0.8333,0,0.9905,0.0,4.96,
corr_min,4.5,2,best_axis_oracle,0.8333,0,0.981,0.0,4.12,S_R
corr_min,4.5,2,sketch1,1.0,2,1.0,0.0,100.0,
corr_min,4.5,2,dci_v3,1.0,0,1.0,87.8,88.41,
corr_min,4.5,2,dci_v3_a8,1.0,0,1.0,90.2,90.73,
corr_min,4.5,3,always_multiD,1.0,1,1.0,100.0,100.0,
corr_min,4.5,3,union4_bonf,1.0,1,0.9952,0.0,4.96,
corr_min,4.5,3,best_axis_oracle,1.0,4,0.9667,0.0,0.46,S_A
corr_min,4.5,3,sketch1,1.0,1,1.0,0.0,100.0,
corr_min,4.5,3,dci_v3,1.0,1,1.0,87.8,88.41,
corr_min,4.5,3,dci_v3_a8,1.0,1,1.0,87.8,88.41,
corr_min,4.5,4,always_multiD,1.0,2,1.0,100.0,100.0,
corr_min,4.5,4,union4_bonf,0.8333,1,0.9857,0.0,4.96,
corr_min,4.5,4,best_axis_oracle,0.8333,1,0.9667,0.0,0.38,S_T
corr_min,4.5,4,sketch1,1.0,3,0.9952,0.0,100.0,
corr_min,4.5,4,dci_v3,1.0,3,1.0,87.8,88.41,
corr_min,4.5,4,dci_v3_a8,1.0,3,1.0,90.2,90.73,
corr_min,4.5,5,always_multiD,1.0,3,1.0,100.0,100.0,
corr_min,4.5,5,union4_bonf,1.0,1,0.9857,0.0,4.96,
corr_min,4.5,5,best_axis_oracle,0.6667,3,0.9476,0.0,0.38,S_T
corr_min,4.5,5,sketch1,1.0,3,1.0,0.0,100.0,
corr_min,4.5,5,dci_v3,1.0,3,1.0,87.8,88.41,
corr_min,4.5,5,dci_v3_a8,1.0,3,1.0,90.2,90.73,
corr_min,4.5,6,always_multiD,1.0,0,1.0,100.0,100.0,
corr_min,4.5,6,union4_bonf,0.6667,0,0.9952,0.0,4.96,
corr_min,4.5,6,best_axis_oracle,0.6667,0,0.9857,0.0,0.46,S_A
corr_min,4.5,6,sketch1,0.8333,1,0.9524,0.0,100.0,
corr_min,4.5,6,dci_v3,1.0,0,1.0,87.8,88.41,
corr_min,4.5,6,dci_v3_a8,1.0,0,1.0,90.2,90.73,
corr_min,4.5,7,always_multiD,1.0,4,1.0,100.0,100.0,
corr_min,4.5,7,union4_bonf,0.8333,2,0.9762,0.0,4.96,
corr_min,4.5,7,best_axis_oracle,0.6667,2,0.981,0.0,0.38,S_T
corr_min,4.5,7,sketch1,0.8333,3,0.9714,0.0,100.0,
corr_min,4.5,7,dci_v3,1.0,4,1.0,87.8,88.41,
corr_min,4.5,7,dci_v3_a8,1.0,4,1.0,87.8,88.41,
corr_min,4.5,8,always_multiD,1.0,1,1.0,100.0,100.0,
corr_min,4.5,8,union4_bonf,0.6667,0,1.0,0.0,4.96,
corr_min,4.5,8,best_axis_oracle,0.5,0,0.9524,0.0,4.12,S_R
corr_min,4.5,8,sketch1,0.8333,3,0.9857,0.0,100.0,
corr_min,4.5,8,dci_v3,1.0,1,1.0,90.2,90.73,
corr_min,4.5,8,dci_v3_a8,1.0,1,1.0,90.2,90.73,
corr_min,4.5,9,always_multiD,1.0,2,1.0,100.0,100.0,
corr_min,4.5,9,union4_bonf,1.0,1,1.0,0.0,4.96,
corr_min,4.5,9,best_axis_oracle,0.5,0,0.9714,0.0,4.12,S_R
corr_min,4.5,9,sketch1,1.0,5,1.0,0.0,100.0,
corr_min,4.5,9,dci_v3,1.0,2,1.0,87.8,88.41,
corr_min,4.5,9,dci_v3_a8,1.0,2,1.0,90.2,90.73,
corr_min,4.5,10,always_multiD,1.0,0,1.0,100.0,100.0,
corr_min,4.5,10,union4_bonf,0.6667,1,0.9714,0.0,4.96,
corr_min,4.5,10,best_axis_oracle,0.8333,1,0.9762,0.0,4.12,S_R
corr_min,4.5,10,sketch1,1.0,0,1.0,0.0,100.0,
corr_min,4.5,10,dci_v3,1.0,0,1.0,87.8,88.41,
corr_min,4.5,10,dci_v3_a8,1.0,0,1.0,87.8,88.41,
corr_min,4.5,11,always_multiD,1.0,1,1.0,100.0,100.0,
corr_min,4.5,11,union4_bonf,0.8333,1,0.9952,0.0,4.96,
corr_min,4.5,11,best_axis_oracle,1.0,0,1.0,0.0,4.12,S_R
corr_min,4.5,11,sketch1,1.0,1,1.0,0.0,100.0,
corr_min,4.5,11,dci_v3,1.0,1,1.0,87.8,88.41,
corr_min,4.5,11,dci_v3_a8,1.0,1,1.0,87.8,88.41,
corr_min,4.5,12,always_multiD,1.0,0,1.0,100.0,100.0,
corr_min,4.5,12,union4_bonf,1.0,0,1.0,0.0,4.96,
corr_min,4.5,12,best_axis_oracle,0.6667,1,0.9714,0.0,0.46,S_A
corr_min,4.5,12,sketch1,0.8333,0,0.9714,0.0,100.0,
corr_min,4.5,12,dci_v3,1.0,0,1.0,87.8,88.41,
corr_min,4.5,12,dci_v3_a8,1.0,0,1.0,90.2,90.73,
corr_min,4.5,13,always_multiD,1.0,1,1.0,100.0,100.0,
corr_min,4.5,13,union4_bonf,0.8333,0,0.9952,0.0,4.96,
corr_min,4.5,13,best_axis_oracle,0.6667,1,0.9667,0.0,4.12,S_R
corr_min,4.5,13,sketch1,0.8333,2,0.9143,0.0,100.0,
corr_min,4.5,13,dci_v3,1.0,1,1.0,87.8,88.41,
corr_min,4.5,13,dci_v3_a8,1.0,1,1.0,87.8,88.41,
corr_min,4.5,14,always_multiD,1.0,1,1.0,100.0,100.0,
corr_min,4.5,14,union4_bonf,1.0,2,1.0,0.0,4.96,
corr_min,4.5,14,best_axis_oracle,1.0,2,1.0,0.0,4.12,S_R
corr_min,4.5,14,sketch1,0.8333,1,0.9952,0.0,100.0,
corr_min,4.5,14,dci_v3,1.0,0,1.0,87.8,88.41,
corr_min,4.5,14,dci_v3_a8,1.0,0,1.0,87.8,88.41,
corr_min,4.5,15,always_multiD,1.0,1,1.0,100.0,100.0,
corr_min,4.5,15,union4_bonf,0.8333,3,0.9619,0.0,4.96,
corr_min,4.5,15,best_axis_oracle,0.8333,3,0.9286,0.0,0.01,S_V
corr_min,4.5,15,sketch1,0.8333,2,0.981,0.0,100.0,
corr_min,4.5,15,dci_v3,1.0,1,1.0,87.8,88.41,
corr_min,4.5,15,dci_v3_a8,1.0,1,1.0,90.2,90.73,
corr_min,4.5,16,always_multiD,1.0,1,1.0,100.0,100.0,
corr_min,4.5,16,union4_bonf,1.0,0,1.0,0.0,4.96,
corr_min,4.5,16,best_axis_oracle,1.0,1,1.0,0.0,4.12,S_R
corr_min,4.5,16,sketch1,1.0,1,1.0,0.0,100.0,
corr_min,4.5,16,dci_v3,1.0,1,1.0,87.8,88.41,
corr_min,4.5,16,dci_v3_a8,1.0,1,1.0,90.2,90.73,
corr_min,4.5,17,always_multiD,1.0,2,1.0,100.0,100.0,
corr_min,4.5,17,union4_bonf,1.0,3,0.9667,0.0,4.96,
corr_min,4.5,17,best_axis_oracle,0.6667,2,0.9571,0.0,0.46,S_A
corr_min,4.5,17,sketch1,1.0,1,1.0,0.0,100.0,
corr_min,4.5,17,dci_v3,1.0,3,1.0,87.8,88.41,
corr_min,4.5,17,dci_v3_a8,1.0,3,1.0,90.2,90.73,
corr_min,4.5,18,always_multiD,1.0,0,1.0,100.0,100.0,
corr_min,4.5,18,union4_bonf,1.0,0,1.0,0.0,4.96,
corr_min,4.5,18,best_axis_oracle,1.0,2,0.9952,0.0,0.46,S_A
corr_min,4.5,18,sketch1,1.0,1,1.0,0.0,100.0,
corr_min,4.5,18,dci_v3,1.0,0,1.0,87.8,88.41,
corr_min,4.5,18,dci_v3_a8,1.0,0,1.0,87.8,88.41,
corr_min,4.5,19,always_multiD,1.0,5,1.0,100.0,100.0,
corr_min,4.5,19,union4_bonf,1.0,3,0.9714,0.0,4.96,
corr_min,4.5,19,best_axis_oracle,0.5,4,0.8619,0.0,0.46,S_A
corr_min,4.5,19,sketch1,1.0,2,1.0,0.0,100.0,
corr_min,4.5,19,dci_v3,1.0,5,1.0,87.8,88.41,
corr_min,4.5,19,dci_v3_a8,1.0,5,1.0,90.2,90.73,
corr_min,4.5,20,always_multiD,1.0,3,1.0,100.0,100.0,
corr_min,4.5,20,union4_bonf,1.0,2,0.9857,0.0,4.96,
corr_min,4.5,20,best_axis_oracle,0.6667,3,0.8905,0.0,0.38,S_T
corr_min,4.5,20,sketch1,0.8333,5,0.9429,0.0,100.0,
corr_min,4.5,20,dci_v3,1.0,3,1.0,87.8,88.41,
corr_min,4.5,20,dci_v3_a8,1.0,3,1.0,90.2,90.73,
corr_min,4.5,21,always_multiD,1.0,0,1.0,100.0,100.0,
corr_min,4.5,21,union4_bonf,1.0,0,1.0,0.0,4.96,
corr_min,4.5,21,best_axis_oracle,0.5,1,0.9429,0.0,0.38,S_T
corr_min,4.5,21,sketch1,1.0,4,1.0,0.0,100.0,
corr_min,4.5,21,dci_v3,1.0,0,1.0,87.8,88.41,
corr_min,4.5,21,dci_v3_a8,1.0,0,1.0,87.8,88.41,
corr_min,4.5,22,always_multiD,1.0,1,1.0,100.0,100.0,
corr_min,4.5,22,union4_bonf,0.8333,2,0.9619,0.0,4.96,
corr_min,4.5,22,best_axis_oracle,0.6667,1,0.9905,0.0,4.12,S_R
corr_min,4.5,22,sketch1,1.0,1,1.0,0.0,100.0,
corr_min,4.5,22,dci_v3,1.0,1,1.0,87.8,88.41,
corr_min,4.5,22,dci_v3_a8,1.0,1,1.0,87.8,88.41,
corr_min,4.5,23,always_multiD,1.0,1,1.0,100.0,100.0,
corr_min,4.5,23,union4_bonf,0.8333,0,1.0,0.0,4.96,
corr_min,4.5,23,best_axis_oracle,0.8333,0,1.0,0.0,0.38,S_T
corr_min,4.5,23,sketch1,1.0,1,0.9905,0.0,100.0,
corr_min,4.5,23,dci_v3,1.0,0,1.0,87.8,88.41,
corr_min,4.5,23,dci_v3_a8,1.0,0,1.0,87.8,88.41,
corr_min,4.5,24,always_multiD,1.0,1,1.0,100.0,100.0,
corr_min,4.5,24,union4_bonf,1.0,1,1.0,0.0,4.96,
corr_min,4.5,24,best_axis_oracle,0.6667,0,1.0,0.0,0.38,S_T
corr_min,4.5,24,sketch1,1.0,3,0.9714,0.0,100.0,
corr_min,4.5,24,dci_v3,1.0,1,1.0,87.8,88.41,
corr_min,4.5,24,dci_v3_a8,1.0,1,1.0,87.8,88.41,
corr_min,4.5,25,always_multiD,1.0,1,1.0,100.0,100.0,
corr_min,4.5,25,union4_bonf,1.0,0,1.0,0.0,4.96,
corr_min,4.5,25,best_axis_oracle,0.8333,0,0.9381,0.0,0.38,S_T
corr_min,4.5,25,sketch1,0.8333,0,0.9905,0.0,100.0,
corr_min,4.5,25,dci_v3,1.0,1,1.0,87.8,88.41,
corr_min,4.5,25,dci_v3_a8,1.0,1,1.0,87.8,88.41,
corr_min,4.5,26,always_multiD,1.0,2,1.0,100.0,100.0,
corr_min,4.5,26,union4_bonf,0.6667,0,0.9952,0.0,4.96,
corr_min,4.5,26,best_axis_oracle,0.5,0,0.981,0.0,4.12,S_R
corr_min,4.5,26,sketch1,0.8333,4,0.9667,0.0,100.0,
corr_min,4.5,26,dci_v3,1.0,2,1.0,87.8,88.41,
corr_min,4.5,26,dci_v3_a8,1.0,2,1.0,90.2,90.73,
corr_min,4.5,27,always_multiD,1.0,2,1.0,100.0,100.0,
corr_min,4.5,27,union4_bonf,1.0,0,1.0,0.0,4.96,
corr_min,4.5,27,best_axis_oracle,0.6667,1,0.9619,0.0,0.38,S_T
corr_min,4.5,27,sketch1,0.6667,4,0.919,0.0,100.0,
corr_min,4.5,27,dci_v3,1.0,2,1.0,87.8,88.41,
corr_min,4.5,27,dci_v3_a8,1.0,2,1.0,90.2,90.73,
corr_min,4.5,28,always_multiD,1.0,4,1.0,100.0,100.0,
corr_min,4.5,28,union4_bonf,0.8333,5,0.9524,0.0,4.96,
corr_min,4.5,28,best_axis_oracle,0.6667,7,0.881,0.0,0.38,S_T
corr_min,4.5,28,sketch1,0.8333,4,0.981,0.0,100.0,
corr_min,4.5,28,dci_v3,1.0,4,1.0,87.8,88.41,
corr_min,4.5,28,dci_v3_a8,1.0,4,1.0,90.2,90.73,
corr_min,4.5,29,always_multiD,1.0,4,1.0,100.0,100.0,
corr_min,4.5,29,union4_bonf,1.0,5,0.9571,0.0,4.96,
corr_min,4.5,29,best_axis_oracle,1.0,4,0.9524,0.0,0.46,S_A
corr_min,4.5,29,sketch1,1.0,1,1.0,0.0,100.0,
corr_min,4.5,29,dci_v3,1.0,4,1.0,87.8,88.41,
corr_min,4.5,29,dci_v3_a8,1.0,4,1.0,90.2,90.73,
corr_min,4.5,30,always_multiD,1.0,1,1.0,100.0,100.0,
corr_min,4.5,30,union4_bonf,0.8333,1,0.9857,0.0,4.96,
corr_min,4.5,30,best_axis_oracle,1.0,3,0.9905,0.0,4.12,S_R
corr_min,4.5,30,sketch1,1.0,2,0.9905,0.0,100.0,
corr_min,4.5,30,dci_v3,1.0,1,1.0,87.8,88.41,
corr_min,4.5,30,dci_v3_a8,1.0,1,1.0,87.8,88.41,
corr_min,4.5,31,always_multiD,1.0,0,1.0,100.0,100.0,
corr_min,4.5,31,union4_bonf,1.0,1,0.9905,0.0,4.96,
corr_min,4.5,31,best_axis_oracle,1.0,1,0.9905,0.0,0.38,S_T
corr_min,4.5,31,sketch1,0.6667,3,0.9571,0.0,100.0,
corr_min,4.5,31,dci_v3,1.0,0,1.0,87.8,88.41,
corr_min,4.5,31,dci_v3_a8,1.0,0,1.0,90.2,90.73,
corr_min,4.5,32,always_multiD,1.0,0,1.0,100.0,100.0,
corr_min,4.5,32,union4_bonf,1.0,0,1.0,0.0,4.96,
corr_min,4.5,32,best_axis_oracle,0.6667,1,0.9714,0.0,0.01,S_V
corr_min,4.5,32,sketch1,1.0,2,1.0,0.0,100.0,
corr_min,4.5,32,dci_v3,1.0,0,1.0,87.8,88.41,
corr_min,4.5,32,dci_v3_a8,1.0,0,1.0,87.8,88.41,
corr_min,4.5,33,always_multiD,1.0,2,1.0,100.0,100.0,
corr_min,4.5,33,union4_bonf,0.8333,1,0.9857,0.0,4.96,
corr_min,4.5,33,best_axis_oracle,0.8333,1,0.9571,0.0,0.01,S_V
corr_min,4.5,33,sketch1,1.0,3,0.9667,0.0,100.0,
corr_min,4.5,33,dci_v3,1.0,2,1.0,87.8,88.41,
corr_min,4.5,33,dci_v3_a8,1.0,2,1.0,87.8,88.41,
corr_min,4.5,34,always_multiD,1.0,3,1.0,100.0,100.0,
corr_min,4.5,34,union4_bonf,1.0,4,0.9714,0.0,4.96,
corr_min,4.5,34,best_axis_oracle,0.8333,6,0.8952,0.0,0.46,S_A
corr_min,4.5,34,sketch1,1.0,2,0.9905,0.0,100.0,
corr_min,4.5,34,dci_v3,1.0,4,1.0,87.8,88.41,
corr_min,4.5,34,dci_v3_a8,1.0,4,1.0,90.2,90.73,
corr_min,4.5,35,always_multiD,1.0,2,1.0,100.0,100.0,
corr_min,4.5,35,union4_bonf,0.6667,0,0.9952,0.0,4.96,
corr_min,4.5,35,best_axis_oracle,0.6667,1,0.9619,0.0,4.12,S_R
corr_min,4.5,35,sketch1,1.0,0,1.0,0.0,100.0,
corr_min,4.5,35,dci_v3,1.0,2,1.0,87.8,88.41,
corr_min,4.5,35,dci_v3_a8,1.0,2,1.0,90.2,90.73,
corr_min,4.5,36,always_multiD,1.0,2,1.0,100.0,100.0,
corr_min,4.5,36,union4_bonf,0.8333,2,0.9762,0.0,4.96,
corr_min,4.5,36,best_axis_oracle,0.5,2,0.9095,0.0,0.38,S_T
corr_min,4.5,36,sketch1,0.3333,1,0.981,0.0,100.0,
corr_min,4.5,36,dci_v3,1.0,2,1.0,87.8,88.41,
corr_min,4.5,36,dci_v3_a8,1.0,2,1.0,87.8,88.41,
corr_min,4.5,37,always_multiD,1.0,0,1.0,100.0,100.0,
corr_min,4.5,37,union4_bonf,1.0,0,1.0,0.0,4.96,
corr_min,4.5,37,best_axis_oracle,0.6667,0,0.9905,0.0,0.38,S_T
corr_min,4.5,37,sketch1,0.6667,2,0.9667,0.0,100.0,
corr_min,4.5,37,dci_v3,1.0,0,1.0,87.8,88.41,
corr_min,4.5,37,dci_v3_a8,1.0,0,1.0,87.8,88.41,
corr_min,4.5,38,always_multiD,1.0,1,1.0,100.0,100.0,
corr_min,4.5,38,union4_bonf,0.8333,1,0.9905,0.0,4.96,
corr_min,4.5,38,best_axis_oracle,1.0,2,1.0,0.0,4.12,S_R
corr_min,4.5,38,sketch1,1.0,1,0.9857,0.0,100.0,
corr_min,4.5,38,dci_v3,1.0,1,1.0,87.8,88.41,
corr_min,4.5,38,dci_v3_a8,1.0,1,1.0,87.8,88.41,
corr_min,4.5,39,always_multiD,1.0,5,1.0,100.0,100.0,
corr_min,4.5,39,union4_bonf,0.8333,3,0.9857,0.0,4.96,
corr_min,4.5,39,best_axis_oracle,0.5,3,0.9333,0.0,0.38,S_T
corr_min,4.5,39,sketch1,0.5,3,0.6905,0.0,100.0,
corr_min,4.5,39,dci_v3,1.0,6,1.0,87.8,88.41,
corr_min,4.5,39,dci_v3_a8,1.0,6,1.0,90.2,90.73,
corr_min,4.5,40,always_multiD,1.0,1,1.0,100.0,100.0,
corr_min,4.5,40,union4_bonf,1.0,4,1.0,0.0,4.96,
corr_min,4.5,40,best_axis_oracle,0.6667,3,0.9381,0.0,4.12,S_R
corr_min,4.5,40,sketch1,0.8333,0,0.8524,0.0,100.0,
corr_min,4.5,40,dci_v3,1.0,1,1.0,87.8,88.41,
corr_min,4.5,40,dci_v3_a8,1.0,1,1.0,87.8,88.41,
corr_min,4.5,41,always_multiD,1.0,1,1.0,100.0,100.0,
corr_min,4.5,41,union4_bonf,0.8333,0,1.0,0.0,4.96,
corr_min,4.5,41,best_axis_oracle,1.0,0,1.0,0.0,0.01,S_V
corr_min,4.5,41,sketch1,1.0,2,0.9952,0.0,100.0,
corr_min,4.5,41,dci_v3,1.0,1,1.0,87.8,88.41,
corr_min,4.5,41,dci_v3_a8,1.0,1,1.0,90.2,90.73,
corr_min,4.5,42,always_multiD,1.0,1,1.0,100.0,100.0,
corr_min,4.5,42,union4_bonf,1.0,1,0.9857,0.0,4.96,
corr_min,4.5,42,best_axis_oracle,0.6667,1,0.9524,0.0,4.12,S_R
corr_min,4.5,42,sketch1,1.0,3,0.9857,0.0,100.0,
corr_min,4.5,42,dci_v3,1.0,1,1.0,90.2,90.73,
corr_min,4.5,42,dci_v3_a8,1.0,1,1.0,92.7,93.05,
corr_min,4.5,43,always_multiD,1.0,2,1.0,100.0,100.0,
corr_min,4.5,43,union4_bonf,0.8333,0,1.0,0.0,4.96,
corr_min,4.5,43,best_axis_oracle,0.8333,0,1.0,0.0,4.12,S_R
corr_min,4.5,43,sketch1,1.0,4,1.0,0.0,100.0,
corr_min,4.5,43,dci_v3,1.0,2,1.0,87.8,88.41,
corr_min,4.5,43,dci_v3_a8,1.0,2,1.0,87.8,88.41,
corr_min,4.5,44,always_multiD,1.0,0,1.0,100.0,100.0,
corr_min,4.5,44,union4_bonf,1.0,0,1.0,0.0,4.96,
corr_min,4.5,44,best_axis_oracle,0.5,0,1.0,0.0,4.12,S_R
corr_min,4.5,44,sketch1,1.0,2,1.0,0.0,100.0,
corr_min,4.5,44,dci_v3,1.0,0,1.0,87.8,88.41,
corr_min,4.5,44,dci_v3_a8,1.0,0,1.0,90.2,90.73,
corr_min,4.5,45,always_multiD,1.0,2,1.0,100.0,100.0,
corr_min,4.5,45,union4_bonf,0.8333,0,0.9952,0.0,4.96,
corr_min,4.5,45,best_axis_oracle,0.8333,0,0.8952,0.0,0.38,S_T
corr_min,4.5,45,sketch1,1.0,1,0.9857,0.0,100.0,
corr_min,4.5,45,dci_v3,1.0,1,1.0,87.8,88.41,
corr_min,4.5,45,dci_v3_a8,1.0,1,1.0,87.8,88.41,
corr_min,4.5,46,always_multiD,1.0,7,1.0,100.0,100.0,
corr_min,4.5,46,union4_bonf,1.0,1,0.9905,0.0,4.96,
corr_min,4.5,46,best_axis_oracle,0.6667,3,0.9619,0.0,0.46,S_A
corr_min,4.5,46,sketch1,1.0,4,0.9905,0.0,100.0,
corr_min,4.5,46,dci_v3,1.0,6,1.0,87.8,88.41,
corr_min,4.5,46,dci_v3_a8,1.0,6,1.0,87.8,88.41,
corr_min,4.5,47,always_multiD,1.0,1,1.0,100.0,100.0,
corr_min,4.5,47,union4_bonf,1.0,0,1.0,0.0,4.96,
corr_min,4.5,47,best_axis_oracle,0.6667,1,0.9762,0.0,4.12,S_R
corr_min,4.5,47,sketch1,1.0,2,1.0,0.0,100.0,
corr_min,4.5,47,dci_v3,1.0,1,1.0,87.8,88.41,
corr_min,4.5,47,dci_v3_a8,1.0,1,1.0,87.8,88.41,
corr_min,4.5,48,always_multiD,1.0,2,1.0,100.0,100.0,
corr_min,4.5,48,union4_bonf,0.6667,1,0.9762,0.0,4.96,
corr_min,4.5,48,best_axis_oracle,0.3333,1,0.9429,0.0,4.12,S_R
corr_min,4.5,48,sketch1,0.8333,2,0.9667,0.0,100.0,
corr_min,4.5,48,dci_v3,1.0,2,1.0,87.8,88.41,
corr_min,4.5,48,dci_v3_a8,1.0,2,1.0,90.2,90.73,
corr_min,4.5,49,always_multiD,1.0,1,1.0,100.0,100.0,
corr_min,4.5,49,union4_bonf,1.0,1,0.9857,0.0,4.96,
corr_min,4.5,49,best_axis_oracle,0.6667,1,0.8905,0.0,4.12,S_R
corr_min,4.5,49,sketch1,1.0,0,1.0,0.0,100.0,
corr_min,4.5,49,dci_v3,1.0,1,1.0,87.8,88.41,
corr_min,4.5,49,dci_v3_a8,1.0,1,1.0,87.8,88.41,
corr_min,6.0,0,always_multiD,1.0,5,1.0,100.0,100.0,
corr_min,6.0,0,union4_bonf,1.0,4,1.0,0.0,4.96,
corr_min,6.0,0,best_axis_oracle,1.0,5,1.0,0.0,4.12,S_R
corr_min,6.0,0,sketch1,1.0,3,1.0,0.0,100.0,
corr_min,6.0,0,dci_v3,1.0,5,1.0,87.8,88.41,
corr_min,6.0,0,dci_v3_a8,1.0,5,1.0,90.2,90.73,
corr_min,6.0,1,always_multiD,1.0,5,1.0,100.0,100.0,
corr_min,6.0,1,union4_bonf,1.0,6,1.0,0.0,4.96,
corr_min,6.0,1,best_axis_oracle,1.0,5,0.9905,0.0,0.46,S_A
corr_min,6.0,1,sketch1,1.0,0,1.0,0.0,100.0,
corr_min,6.0,1,dci_v3,1.0,5,1.0,87.8,88.41,
corr_min,6.0,1,dci_v3_a8,1.0,5,1.0,87.8,88.41,
corr_min,6.0,2,always_multiD,1.0,0,1.0,100.0,100.0,
corr_min,6.0,2,union4_bonf,1.0,0,1.0,0.0,4.96,
corr_min,6.0,2,best_axis_oracle,1.0,0,1.0,0.0,0.01,S_V
corr_min,6.0,2,sketch1,1.0,2,1.0,0.0,100.0,
corr_min,6.0,2,dci_v3,1.0,0,1.0,87.8,88.41,
corr_min,6.0,2,dci_v3_a8,1.0,0,1.0,90.2,90.73,
corr_min,6.0,3,always_multiD,1.0,3,1.0,100.0,100.0,
corr_min,6.0,3,union4_bonf,1.0,0,1.0,0.0,4.96,
corr_min,6.0,3,best_axis_oracle,0.8333,1,0.9952,0.0,0.38,S_T
corr_min,6.0,3,sketch1,1.0,4,1.0,0.0,100.0,
corr_min,6.0,3,dci_v3,1.0,3,1.0,87.8,88.41,
corr_min,6.0,3,dci_v3_a8,1.0,3,1.0,87.8,88.41,
corr_min,6.0,4,always_multiD,1.0,1,1.0,100.0,100.0,
corr_min,6.0,4,union4_bonf,1.0,0,1.0,0.0,4.96,
corr_min,6.0,4,best_axis_oracle,1.0,2,1.0,0.0,4.12,S_R
corr_min,6.0,4,sketch1,1.0,3,1.0,0.0,100.0,
corr_min,6.0,4,dci_v3,1.0,1,1.0,87.8,88.41,
corr_min,6.0,4,dci_v3_a8,1.0,1,1.0,90.2,90.73,
corr_min,6.0,5,always_multiD,1.0,2,1.0,100.0,100.0,
corr_min,6.0,5,union4_bonf,1.0,2,0.981,0.0,4.96,
corr_min,6.0,5,best_axis_oracle,1.0,2,0.9905,0.0,0.46,S_A
corr_min,6.0,5,sketch1,0.8333,2,0.8952,0.0,100.0,
corr_min,6.0,5,dci_v3,1.0,2,1.0,87.8,88.41,
corr_min,6.0,5,dci_v3_a8,1.0,2,1.0,90.2,90.73,
corr_min,6.0,6,always_multiD,1.0,2,1.0,100.0,100.0,
corr_min,6.0,6,union4_bonf,1.0,3,1.0,0.0,4.96,
corr_min,6.0,6,best_axis_oracle,1.0,2,0.9952,0.0,0.38,S_T
corr_min,6.0,6,sketch1,1.0,2,0.9857,0.0,100.0,
corr_min,6.0,6,dci_v3,1.0,2,1.0,87.8,88.41,
corr_min,6.0,6,dci_v3_a8,1.0,2,1.0,90.2,90.73,
corr_min,6.0,7,always_multiD,1.0,0,1.0,100.0,100.0,
corr_min,6.0,7,union4_bonf,1.0,0,1.0,0.0,4.96,
corr_min,6.0,7,best_axis_oracle,0.8333,0,0.9952,0.0,0.46,S_A
corr_min,6.0,7,sketch1,1.0,3,1.0,0.0,100.0,
corr_min,6.0,7,dci_v3,1.0,0,1.0,87.8,88.41,
corr_min,6.0,7,dci_v3_a8,1.0,0,1.0,87.8,88.41,
corr_min,6.0,8,always_multiD,1.0,1,1.0,100.0,100.0,
corr_min,6.0,8,union4_bonf,1.0,1,1.0,0.0,4.96,
corr_min,6.0,8,best_axis_oracle,1.0,2,0.9952,0.0,4.12,S_R
corr_min,6.0,8,sketch1,0.8333,1,0.9905,0.0,100.0,
corr_min,6.0,8,dci_v3,1.0,1,1.0,87.8,88.41,
corr_min,6.0,8,dci_v3_a8,1.0,1,1.0,90.2,90.73,
corr_min,6.0,9,always_multiD,1.0,2,1.0,100.0,100.0,
corr_min,6.0,9,union4_bonf,1.0,1,1.0,0.0,4.96,
corr_min,6.0,9,best_axis_oracle,1.0,2,1.0,0.0,0.46,S_A
corr_min,6.0,9,sketch1,1.0,2,1.0,0.0,100.0,
corr_min,6.0,9,dci_v3,1.0,2,1.0,87.8,88.41,
corr_min,6.0,9,dci_v3_a8,1.0,2,1.0,90.2,90.73,
corr_min,6.0,10,always_multiD,1.0,0,1.0,100.0,100.0,
corr_min,6.0,10,union4_bonf,1.0,0,1.0,0.0,4.96,
corr_min,6.0,10,best_axis_oracle,1.0,1,0.9952,0.0,0.01,S_V
corr_min,6.0,10,sketch1,1.0,1,1.0,0.0,100.0,
corr_min,6.0,10,dci_v3,1.0,0,1.0,87.8,88.41,
corr_min,6.0,10,dci_v3_a8,1.0,0,1.0,87.8,88.41,
corr_min,6.0,11,always_multiD,1.0,1,1.0,100.0,100.0,
corr_min,6.0,11,union4_bonf,1.0,0,1.0,0.0,4.96,
corr_min,6.0,11,best_axis_oracle,1.0,0,1.0,0.0,4.12,S_R
corr_min,6.0,11,sketch1,1.0,4,1.0,0.0,100.0,
corr_min,6.0,11,dci_v3,1.0,1,1.0,87.8,88.41,
corr_min,6.0,11,dci_v3_a8,1.0,1,1.0,87.8,88.41,
corr_min,6.0,12,always_multiD,1.0,1,1.0,100.0,100.0,
corr_min,6.0,12,union4_bonf,1.0,1,1.0,0.0,4.96,
corr_min,6.0,12,best_axis_oracle,1.0,0,1.0,0.0,0.38,S_T
corr_min,6.0,12,sketch1,1.0,0,1.0,0.0,100.0,
corr_min,6.0,12,dci_v3,1.0,1,1.0,87.8,88.41,
corr_min,6.0,12,dci_v3_a8,1.0,1,1.0,90.2,90.73,
corr_min,6.0,13,always_multiD,1.0,4,1.0,100.0,100.0,
corr_min,6.0,13,union4_bonf,1.0,1,1.0,0.0,4.96,
corr_min,6.0,13,best_axis_oracle,1.0,2,1.0,0.0,0.46,S_A
corr_min,6.0,13,sketch1,1.0,4,0.9857,0.0,100.0,
corr_min,6.0,13,dci_v3,1.0,3,1.0,87.8,88.41,
corr_min,6.0,13,dci_v3_a8,1.0,3,1.0,87.8,88.41,
corr_min,6.0,14,always_multiD,1.0,2,1.0,100.0,100.0,
corr_min,6.0,14,union4_bonf,1.0,1,1.0,0.0,4.96,
corr_min,6.0,14,best_axis_oracle,1.0,1,1.0,0.0,4.12,S_R
corr_min,6.0,14,sketch1,1.0,1,1.0,0.0,100.0,
corr_min,6.0,14,dci_v3,1.0,2,1.0,87.8,88.41,
corr_min,6.0,14,dci_v3_a8,1.0,2,1.0,87.8,88.41,
corr_min,6.0,15,always_multiD,1.0,2,1.0,100.0,100.0,
corr_min,6.0,15,union4_bonf,1.0,0,1.0,0.0,4.96,
corr_min,6.0,15,best_axis_oracle,1.0,2,0.9905,0.0,0.01,S_V
corr_min,6.0,15,sketch1,1.0,1,1.0,0.0,100.0,
corr_min,6.0,15,dci_v3,1.0,2,1.0,87.8,88.41,
corr_min,6.0,15,dci_v3_a8,1.0,2,1.0,90.2,90.73,
corr_min,6.0,16,always_multiD,1.0,1,1.0,100.0,100.0,
corr_min,6.0,16,union4_bonf,1.0,1,1.0,0.0,4.96,
corr_min,6.0,16,best_axis_oracle,1.0,3,0.9905,0.0,0.38,S_T
corr_min,6.0,16,sketch1,1.0,3,1.0,0.0,100.0,
corr_min,6.0,16,dci_v3,1.0,2,1.0,87.8,88.41,
corr_min,6.0,16,dci_v3_a8,1.0,1,1.0,90.2,90.73,
corr_min,6.0,17,always_multiD,1.0,0,1.0,100.0,100.0,
corr_min,6.0,17,union4_bonf,1.0,0,1.0,0.0,4.96,
corr_min,6.0,17,best_axis_oracle,1.0,0,1.0,0.0,0.01,S_V
corr_min,6.0,17,sketch1,0.6667,3,0.9524,0.0,100.0,
corr_min,6.0,17,dci_v3,1.0,0,1.0,90.2,90.73,
corr_min,6.0,17,dci_v3_a8,1.0,0,1.0,92.7,93.05,
corr_min,6.0,18,always_multiD,1.0,1,1.0,100.0,100.0,
corr_min,6.0,18,union4_bonf,1.0,1,1.0,0.0,4.96,
corr_min,6.0,18,best_axis_oracle,1.0,1,1.0,0.0,4.12,S_R
corr_min,6.0,18,sketch1,1.0,5,0.9857,0.0,100.0,
corr_min,6.0,18,dci_v3,1.0,1,1.0,87.8,88.41,
corr_min,6.0,18,dci_v3_a8,1.0,1,1.0,87.8,88.41,
corr_min,6.0,19,always_multiD,1.0,3,1.0,100.0,100.0,
corr_min,6.0,19,union4_bonf,1.0,1,1.0,0.0,4.96,
corr_min,6.0,19,best_axis_oracle,0.5,1,0.9381,0.0,0.38,S_T
corr_min,6.0,19,sketch1,1.0,1,1.0,0.0,100.0,
corr_min,6.0,19,dci_v3,1.0,3,1.0,87.8,88.41,
corr_min,6.0,19,dci_v3_a8,1.0,3,1.0,90.2,90.73,
corr_min,6.0,20,always_multiD,1.0,2,1.0,100.0,100.0,
corr_min,6.0,20,union4_bonf,1.0,0,1.0,0.0,4.96,
corr_min,6.0,20,best_axis_oracle,0.8333,0,1.0,0.0,4.12,S_R
corr_min,6.0,20,sketch1,1.0,1,1.0,0.0,100.0,
corr_min,6.0,20,dci_v3,1.0,1,1.0,87.8,88.41,
corr_min,6.0,20,dci_v3_a8,1.0,1,1.0,90.2,90.73,
corr_min,6.0,21,always_multiD,1.0,0,1.0,100.0,100.0,
corr_min,6.0,21,union4_bonf,1.0,0,1.0,0.0,4.96,
corr_min,6.0,21,best_axis_oracle,0.8333,0,1.0,0.0,0.38,S_T
corr_min,6.0,21,sketch1,1.0,3,1.0,0.0,100.0,
corr_min,6.0,21,dci_v3,1.0,0,1.0,87.8,88.41,
corr_min,6.0,21,dci_v3_a8,1.0,0,1.0,87.8,88.41,
corr_min,6.0,22,always_multiD,1.0,3,1.0,100.0,100.0,
corr_min,6.0,22,union4_bonf,1.0,0,1.0,0.0,4.96,
corr_min,6.0,22,best_axis_oracle,0.6667,0,0.9905,0.0,4.12,S_R
corr_min,6.0,22,sketch1,1.0,2,1.0,0.0,100.0,
corr_min,6.0,22,dci_v3,1.0,2,1.0,87.8,88.41,
corr_min,6.0,22,dci_v3_a8,1.0,2,1.0,87.8,88.41,
corr_min,6.0,23,always_multiD,1.0,3,1.0,100.0,100.0,
corr_min,6.0,23,union4_bonf,1.0,0,1.0,0.0,4.96,
corr_min,6.0,23,best_axis_oracle,1.0,3,1.0,0.0,0.01,S_V
corr_min,6.0,23,sketch1,1.0,3,1.0,0.0,100.0,
corr_min,6.0,23,dci_v3,1.0,1,1.0,87.8,88.41,
corr_min,6.0,23,dci_v3_a8,1.0,1,1.0,87.8,88.41,
corr_min,6.0,24,always_multiD,1.0,0,1.0,100.0,100.0,
corr_min,6.0,24,union4_bonf,1.0,1,1.0,0.0,4.96,
corr_min,6.0,24,best_axis_oracle,1.0,2,0.9952,0.0,0.38,S_T
corr_min,6.0,24,sketch1,1.0,0,1.0,0.0,100.0,
corr_min,6.0,24,dci_v3,1.0,0,1.0,87.8,88.41,
corr_min,6.0,24,dci_v3_a8,1.0,0,1.0,87.8,88.41,
corr_min,6.0,25,always_multiD,1.0,2,1.0,100.0,100.0,
corr_min,6.0,25,union4_bonf,0.8333,1,0.9952,0.0,4.96,
corr_min,6.0,25,best_axis_oracle,1.0,2,1.0,0.0,4.12,S_R
corr_min,6.0,25,sketch1,1.0,0,1.0,0.0,100.0,
corr_min,6.0,25,dci_v3,1.0,2,1.0,87.8,88.41,
corr_min,6.0,25,dci_v3_a8,1.0,2,1.0,87.8,88.41,
corr_min,6.0,26,always_multiD,1.0,1,1.0,100.0,100.0,
corr_min,6.0,26,union4_bonf,1.0,0,1.0,0.0,4.96,
corr_min,6.0,26,best_axis_oracle,1.0,0,1.0,0.0,4.12,S_R
corr_min,6.0,26,sketch1,1.0,2,1.0,0.0,100.0,
corr_min,6.0,26,dci_v3,1.0,1,1.0,87.8,88.41,
corr_min,6.0,26,dci_v3_a8,1.0,1,1.0,90.2,90.73,
corr_min,6.0,27,always_multiD,1.0,4,1.0,100.0,100.0,
corr_min,6.0,27,union4_bonf,1.0,2,1.0,0.0,4.96,
corr_min,6.0,27,best_axis_oracle,0.6667,3,0.9619,0.0,0.38,S_T
corr_min,6.0,27,sketch1,0.8333,2,0.9667,0.0,100.0,
corr_min,6.0,27,dci_v3,1.0,4,1.0,87.8,88.41,
corr_min,6.0,27,dci_v3_a8,1.0,4,1.0,90.2,90.73,
corr_min,6.0,28,always_multiD,1.0,3,1.0,100.0,100.0,
corr_min,6.0,28,union4_bonf,1.0,0,1.0,0.0,4.96,
corr_min,6.0,28,best_axis_oracle,0.8333,1,0.9905,0.0,0.01,S_V
corr_min,6.0,28,sketch1,1.0,1,0.9857,0.0,100.0,
corr_min,6.0,28,dci_v3,1.0,3,1.0,87.8,88.41,
corr_min,6.0,28,dci_v3_a8,1.0,3,1.0,90.2,90.73,
corr_min,6.0,29,always_multiD,1.0,1,1.0,100.0,100.0,
corr_min,6.0,29,union4_bonf,1.0,0,1.0,0.0,4.96,
corr_min,6.0,29,best_axis_oracle,0.8333,1,0.9905,0.0,0.01,S_V
corr_min,6.0,29,sketch1,1.0,1,1.0,0.0,100.0,
corr_min,6.0,29,dci_v3,1.0,0,1.0,87.8,88.41,
corr_min,6.0,29,dci_v3_a8,1.0,0,1.0,90.2,90.73,
corr_min,6.0,30,always_multiD,1.0,2,1.0,100.0,100.0,
corr_min,6.0,30,union4_bonf,1.0,0,1.0,0.0,4.96,
corr_min,6.0,30,best_axis_oracle,0.8333,0,0.9714,0.0,4.12,S_R
corr_min,6.0,30,sketch1,1.0,1,1.0,0.0,100.0,
corr_min,6.0,30,dci_v3,1.0,2,1.0,87.8,88.41,
corr_min,6.0,30,dci_v3_a8,1.0,2,1.0,87.8,88.41,
corr_min,6.0,31,always_multiD,1.0,2,1.0,100.0,100.0,
corr_min,6.0,31,union4_bonf,1.0,2,1.0,0.0,4.96,
corr_min,6.0,31,best_axis_oracle,1.0,0,1.0,0.0,4.12,S_R
corr_min,6.0,31,sketch1,1.0,7,0.9857,0.0,100.0,
corr_min,6.0,31,dci_v3,1.0,1,1.0,87.8,88.41,
corr_min,6.0,31,dci_v3_a8,1.0,2,1.0,90.2,90.73,
corr_min,6.0,32,always_multiD,1.0,0,1.0,100.0,100.0,
corr_min,6.0,32,union4_bonf,1.0,0,1.0,0.0,4.96,
corr_min,6.0,32,best_axis_oracle,1.0,0,1.0,0.0,4.12,S_R
corr_min,6.0,32,sketch1,1.0,2,1.0,0.0,100.0,
corr_min,6.0,32,dci_v3,1.0,0,1.0,87.8,88.41,
corr_min,6.0,32,dci_v3_a8,1.0,0,1.0,87.8,88.41,
corr_min,6.0,33,always_multiD,1.0,2,1.0,100.0,100.0,
corr_min,6.0,33,union4_bonf,1.0,0,1.0,0.0,4.96,
corr_min,6.0,33,best_axis_oracle,1.0,1,1.0,0.0,0.01,S_V
corr_min,6.0,33,sketch1,1.0,5,1.0,0.0,100.0,
corr_min,6.0,33,dci_v3,1.0,2,1.0,87.8,88.41,
corr_min,6.0,33,dci_v3_a8,1.0,2,1.0,87.8,88.41,
corr_min,6.0,34,always_multiD,1.0,0,1.0,100.0,100.0,
corr_min,6.0,34,union4_bonf,1.0,0,1.0,0.0,4.96,
corr_min,6.0,34,best_axis_oracle,0.8333,1,0.9857,0.0,0.01,S_V
corr_min,6.0,34,sketch1,1.0,2,1.0,0.0,100.0,
corr_min,6.0,34,dci_v3,1.0,0,1.0,87.8,88.41,
corr_min,6.0,34,dci_v3_a8,1.0,0,1.0,90.2,90.73,
corr_min,6.0,35,always_multiD,1.0,6,1.0,100.0,100.0,
corr_min,6.0,35,union4_bonf,1.0,3,1.0,0.0,4.96,
corr_min,6.0,35,best_axis_oracle,1.0,2,1.0,0.0,0.46,S_A
corr_min,6.0,35,sketch1,1.0,4,1.0,0.0,100.0,
corr_min,6.0,35,dci_v3,1.0,7,1.0,87.8,88.41,
corr_min,6.0,35,dci_v3_a8,1.0,7,1.0,90.2,90.73,
corr_min,6.0,36,always_multiD,1.0,0,1.0,100.0,100.0,
corr_min,6.0,36,union4_bonf,1.0,1,1.0,0.0,4.96,
corr_min,6.0,36,best_axis_oracle,1.0,1,1.0,0.0,0.38,S_T
corr_min,6.0,36,sketch1,1.0,0,1.0,0.0,100.0,
corr_min,6.0,36,dci_v3,1.0,0,1.0,87.8,88.41,
corr_min,6.0,36,dci_v3_a8,1.0,0,1.0,87.8,88.41,
corr_min,6.0,37,always_multiD,1.0,0,1.0,100.0,100.0,
corr_min,6.0,37,union4_bonf,1.0,0,1.0,0.0,4.96,
corr_min,6.0,37,best_axis_oracle,1.0,0,1.0,0.0,4.12,S_R
corr_min,6.0,37,sketch1,0.8333,0,0.9476,0.0,100.0,
corr_min,6.0,37,dci_v3,1.0,0,1.0,87.8,88.41,
corr_min,6.0,37,dci_v3_a8,1.0,0,1.0,87.8,88.41,
corr_min,6.0,38,always_multiD,1.0,4,1.0,100.0,100.0,
corr_min,6.0,38,union4_bonf,1.0,1,0.9952,0.0,4.96,
corr_min,6.0,38,best_axis_oracle,1.0,1,0.9857,0.0,0.46,S_A
corr_min,6.0,38,sketch1,1.0,6,1.0,0.0,100.0,
corr_min,6.0,38,dci_v3,1.0,4,1.0,90.2,90.73,
corr_min,6.0,38,dci_v3_a8,1.0,4,1.0,90.2,90.73,
corr_min,6.0,39,always_multiD,1.0,0,1.0,100.0,100.0,
corr_min,6.0,39,union4_bonf,1.0,0,1.0,0.0,4.96,
corr_min,6.0,39,best_axis_oracle,1.0,0,1.0,0.0,0.46,S_A
corr_min,6.0,39,sketch1,1.0,0,1.0,0.0,100.0,
corr_min,6.0,39,dci_v3,1.0,0,1.0,87.8,88.41,
corr_min,6.0,39,dci_v3_a8,1.0,0,1.0,90.2,90.73,
corr_min,6.0,40,always_multiD,1.0,2,1.0,100.0,100.0,
corr_min,6.0,40,union4_bonf,1.0,0,1.0,0.0,4.96,
corr_min,6.0,40,best_axis_oracle,1.0,0,1.0,0.0,4.12,S_R
corr_min,6.0,40,sketch1,1.0,3,1.0,0.0,100.0,
corr_min,6.0,40,dci_v3,1.0,2,1.0,87.8,88.41,
corr_min,6.0,40,dci_v3_a8,1.0,2,1.0,87.8,88.41,
corr_min,6.0,41,always_multiD,1.0,1,1.0,100.0,100.0,
corr_min,6.0,41,union4_bonf,1.0,2,1.0,0.0,4.96,
corr_min,6.0,41,best_axis_oracle,0.8333,2,0.9667,0.0,4.12,S_R
corr_min,6.0,41,sketch1,1.0,1,1.0,0.0,100.0,
corr_min,6.0,41,dci_v3,1.0,1,1.0,87.8,88.41,
corr_min,6.0,41,dci_v3_a8,1.0,1,1.0,90.2,90.73,
corr_min,6.0,42,always_multiD,1.0,1,1.0,100.0,100.0,
corr_min,6.0,42,union4_bonf,1.0,1,1.0,0.0,4.96,
corr_min,6.0,42,best_axis_oracle,1.0,3,0.981,0.0,0.38,S_T
corr_min,6.0,42,sketch1,1.0,0,1.0,0.0,100.0,
corr_min,6.0,42,dci_v3,1.0,1,1.0,87.8,88.41,
corr_min,6.0,42,dci_v3_a8,1.0,1,1.0,90.2,90.73,
corr_min,6.0,43,always_multiD,1.0,2,1.0,100.0,100.0,
corr_min,6.0,43,union4_bonf,1.0,2,0.9905,0.0,4.96,
corr_min,6.0,43,best_axis_oracle,0.8333,1,0.9857,0.0,0.46,S_A
corr_min,6.0,43,sketch1,0.6667,2,0.9381,0.0,100.0,
corr_min,6.0,43,dci_v3,1.0,1,1.0,87.8,88.41,
corr_min,6.0,43,dci_v3_a8,1.0,1,1.0,87.8,88.41,
corr_min,6.0,44,always_multiD,1.0,2,1.0,100.0,100.0,
corr_min,6.0,44,union4_bonf,1.0,0,1.0,0.0,4.96,
corr_min,6.0,44,best_axis_oracle,0.6667,2,0.9619,0.0,0.38,S_T
corr_min,6.0,44,sketch1,1.0,1,1.0,0.0,100.0,
corr_min,6.0,44,dci_v3,1.0,2,1.0,87.8,88.41,
corr_min,6.0,44,dci_v3_a8,1.0,2,1.0,90.2,90.73,
corr_min,6.0,45,always_multiD,1.0,1,1.0,100.0,100.0,
corr_min,6.0,45,union4_bonf,1.0,2,0.9952,0.0,4.96,
corr_min,6.0,45,best_axis_oracle,0.8333,1,0.9905,0.0,0.01,S_V
corr_min,6.0,45,sketch1,1.0,1,1.0,0.0,100.0,
corr_min,6.0,45,dci_v3,1.0,1,1.0,87.8,88.41,
corr_min,6.0,45,dci_v3_a8,1.0,1,1.0,87.8,88.41,
corr_min,6.0,46,always_multiD,1.0,0,1.0,100.0,100.0,
corr_min,6.0,46,union4_bonf,1.0,0,1.0,0.0,4.96,
corr_min,6.0,46,best_axis_oracle,0.8333,1,0.9952,0.0,4.12,S_R
corr_min,6.0,46,sketch1,1.0,1,1.0,0.0,100.0,
corr_min,6.0,46,dci_v3,1.0,0,1.0,87.8,88.41,
corr_min,6.0,46,dci_v3_a8,1.0,0,1.0,87.8,88.41,
corr_min,6.0,47,always_multiD,1.0,1,1.0,100.0,100.0,
corr_min,6.0,47,union4_bonf,1.0,3,1.0,0.0,4.96,
corr_min,6.0,47,best_axis_oracle,1.0,3,0.9952,0.0,0.01,S_V
corr_min,6.0,47,sketch1,1.0,0,1.0,0.0,100.0,
corr_min,6.0,47,dci_v3,1.0,1,1.0,87.8,88.41,
corr_min,6.0,47,dci_v3_a8,1.0,1,1.0,87.8,88.41,
corr_min,6.0,48,always_multiD,1.0,6,1.0,100.0,100.0,
corr_min,6.0,48,union4_bonf,1.0,4,0.9905,0.0,4.96,
corr_min,6.0,48,best_axis_oracle,1.0,2,0.981,0.0,4.12,S_R
corr_min,6.0,48,sketch1,0.8333,3,0.981,0.0,100.0,
corr_min,6.0,48,dci_v3,1.0,6,1.0,90.2,90.73,
corr_min,6.0,48,dci_v3_a8,1.0,6,1.0,92.7,93.05,
corr_min,6.0,49,always_multiD,1.0,4,1.0,100.0,100.0,
corr_min,6.0,49,union4_bonf,1.0,1,1.0,0.0,4.96,
corr_min,6.0,49,best_axis_oracle,1.0,0,1.0,0.0,0.38,S_T
corr_min,6.0,49,sketch1,1.0,3,1.0,0.0,100.0,
corr_min,6.0,49,dci_v3,1.0,4,1.0,87.8,88.41,
corr_min,6.0,49,dci_v3_a8,1.0,4,1.0,87.8,88.41,
sp_only,2.5,0,always_multiD,0.1667,2,0.7714,100.0,100.0,
sp_only,2.5,0,union4_bonf,0.1667,2,0.6619,0.0,4.96,
sp_only,2.5,0,best_axis_oracle,0.5,4,0.7714,0.0,95.04,S_P
sp_only,2.5,0,sketch1,0.1667,3,0.4381,0.0,100.0,
sp_only,2.5,0,dci_v3,0.1667,2,0.6619,0.0,4.96,
sp_only,2.5,0,dci_v3_a8,0.1667,2,0.5905,12.2,16.55,
sp_only,2.5,1,always_multiD,0.0,3,0.7905,100.0,100.0,
sp_only,2.5,1,union4_bonf,0.0,2,0.4381,0.0,4.96,
sp_only,2.5,1,best_axis_oracle,0.6667,2,0.9095,0.0,95.04,S_P
sp_only,2.5,1,sketch1,0.0,1,0.381,0.0,100.0,
sp_only,2.5,1,dci_v3,0.0,2,0.4381,0.0,4.96,
sp_only,2.5,1,dci_v3_a8,0.0,2,0.3905,12.2,16.55,
sp_only,2.5,2,always_multiD,0.3333,0,0.9333,100.0,100.0,
sp_only,2.5,2,union4_bonf,0.1667,0,0.519,0.0,4.96,
sp_only,2.5,2,best_axis_oracle,0.8333,2,0.9762,0.0,95.04,S_P
sp_only,2.5,2,sketch1,0.1667,0,0.6381,0.0,100.0,
sp_only,2.5,2,dci_v3,0.1667,0,0.519,0.0,4.96,
sp_only,2.5,2,dci_v3_a8,0.1667,0,0.5952,12.2,16.55,
sp_only,2.5,3,always_multiD,0.1667,2,0.5048,100.0,100.0,
sp_only,2.5,3,union4_bonf,0.0,0,0.3429,0.0,4.96,
sp_only,2.5,3,best_axis_oracle,0.1667,0,0.719,0.0,95.04,S_P
sp_only,2.5,3,sketch1,0.0,1,0.319,0.0,100.0,
sp_only,2.5,3,dci_v3,0.0,0,0.3429,0.0,4.96,
sp_only,2.5,3,dci_v3_a8,0.0,0,0.4095,12.2,16.55,
sp_only,2.5,4,always_multiD,0.5,3,0.8048,100.0,100.0,
sp_only,2.5,4,union4_bonf,0.1667,3,0.4476,0.0,4.96,
sp_only,2.5,4,best_axis_oracle,0.5,2,0.8143,0.0,95.04,S_P
sp_only,2.5,4,sketch1,0.0,1,0.5619,0.0,100.0,
sp_only,2.5,4,dci_v3,0.1667,3,0.4476,0.0,4.96,
sp_only,2.5,4,dci_v3_a8,0.1667,3,0.5143,14.6,18.87,
sp_only,2.5,5,always_multiD,0.6667,2,0.7571,100.0,100.0,
sp_only,2.5,5,union4_bonf,0.0,5,0.3571,0.0,4.96,
sp_only,2.5,5,best_axis_oracle,0.8333,3,0.8762,0.0,95.04,S_P
sp_only,2.5,5,sketch1,0.0,3,0.5619,0.0,100.0,
sp_only,2.5,5,dci_v3,0.0,5,0.3571,0.0,4.96,
sp_only,2.5,5,dci_v3_a8,0.0,5,0.4238,12.2,16.55,
sp_only,2.5,6,always_multiD,0.0,2,0.7571,100.0,100.0,
sp_only,2.5,6,union4_bonf,0.0,4,0.4,0.0,4.96,
sp_only,2.5,6,best_axis_oracle,0.6667,3,0.9048,0.0,95.04,S_P
sp_only,2.5,6,sketch1,0.0,2,0.4619,0.0,100.0,
sp_only,2.5,6,dci_v3,0.0,4,0.4,0.0,4.96,
sp_only,2.5,6,dci_v3_a8,0.0,4,0.4286,14.6,18.87,
sp_only,2.5,7,always_multiD,0.1667,1,0.7143,100.0,100.0,
sp_only,2.5,7,union4_bonf,0.1667,2,0.3905,0.0,4.96,
sp_only,2.5,7,best_axis_oracle,0.6667,0,0.9524,0.0,95.04,S_P
sp_only,2.5,7,sketch1,0.0,3,0.3952,0.0,100.0,
sp_only,2.5,7,dci_v3,0.1667,2,0.3905,0.0,4.96,
sp_only,2.5,7,dci_v3_a8,0.1667,2,0.4333,12.2,16.55,
sp_only,2.5,8,always_multiD,0.3333,2,0.9238,100.0,100.0,
sp_only,2.5,8,union4_bonf,0.1667,2,0.4667,0.0,4.96,
sp_only,2.5,8,best_axis_oracle,0.8333,1,0.9524,0.0,95.04,S_P
sp_only,2.5,8,sketch1,0.0,0,0.5619,0.0,100.0,
sp_only,2.5,8,dci_v3,0.1667,2,0.4667,0.0,4.96,
sp_only,2.5,8,dci_v3_a8,0.1667,2,0.5476,14.6,18.87,
sp_only,2.5,9,always_multiD,0.6667,0,0.9857,100.0,100.0,
sp_only,2.5,9,union4_bonf,0.0,0,0.619,0.0,4.96,
sp_only,2.5,9,best_axis_oracle,0.8333,2,0.9714,0.0,95.04,S_P
sp_only,2.5,9,sketch1,0.0,0,0.4143,0.0,100.0,
sp_only,2.5,9,dci_v3,0.0,0,0.619,0.0,4.96,
sp_only,2.5,9,dci_v3_a8,0.1667,0,0.6619,12.2,16.55,
sp_only,2.5,10,always_multiD,0.5,1,0.8857,100.0,100.0,
sp_only,2.5,10,union4_bonf,0.0,1,0.4905,0.0,4.96,
sp_only,2.5,10,best_axis_oracle,0.6667,1,0.9238,0.0,95.04,S_P
sp_only,2.5,10,sketch1,0.1667,4,0.7333,0.0,100.0,
sp_only,2.5,10,dci_v3,0.0,1,0.4905,0.0,4.96,
sp_only,2.5,10,dci_v3_a8,0.0,1,0.5238,12.2,16.55,
sp_only,2.5,11,always_multiD,0.1667,4,0.6857,100.0,100.0,
sp_only,2.5,11,union4_bonf,0.0,6,0.4048,0.0,4.96,
sp_only,2.5,11,best_axis_oracle,0.1667,0,0.9238,0.0,95.04,S_P
sp_only,2.5,11,sketch1,0.1667,3,0.5714,0.0,100.0,
sp_only,2.5,11,dci_v3,0.0,6,0.4048,0.0,4.96,
sp_only,2.5,11,dci_v3_a8,0.1667,6,0.4905,12.2,16.55,
sp_only,2.5,12,always_multiD,0.5,1,0.9619,100.0,100.0,
sp_only,2.5,12,union4_bonf,0.1667,0,0.7667,0.0,4.96,
sp_only,2.5,12,best_axis_oracle,0.8333,1,0.9095,0.0,95.04,S_P
sp_only,2.5,12,sketch1,0.0,0,0.5143,0.0,100.0,
sp_only,2.5,12,dci_v3,0.1667,0,0.7667,0.0,4.96,
sp_only,2.5,12,dci_v3_a8,0.1667,1,0.7619,12.2,16.55,
sp_only,2.5,13,always_multiD,0.5,3,0.7429,100.0,100.0,
sp_only,2.5,13,union4_bonf,0.0,2,0.4619,0.0,4.96,
sp_only,2.5,13,best_axis_oracle,0.5,3,0.9381,0.0,95.04,S_P
sp_only,2.5,13,sketch1,0.1667,2,0.4286,0.0,100.0,
sp_only,2.5,13,dci_v3,0.0,2,0.4619,0.0,4.96,
sp_only,2.5,13,dci_v3_a8,0.0,2,0.5,12.2,16.55,
sp_only,2.5,14,always_multiD,0.1667,2,0.7238,100.0,100.0,
sp_only,2.5,14,union4_bonf,0.1667,2,0.5714,0.0,4.96,
sp_only,2.5,14,best_axis_oracle,0.3333,4,0.7857,0.0,95.04,S_P
sp_only,2.5,14,sketch1,0.1667,5,0.5238,0.0,100.0,
sp_only,2.5,14,dci_v3,0.1667,2,0.5714,0.0,4.96,
sp_only,2.5,14,dci_v3_a8,0.1667,2,0.5857,12.2,16.55,
sp_only,2.5,15,always_multiD,0.5,1,0.9095,100.0,100.0,
sp_only,2.5,15,union4_bonf,0.0,2,0.6333,0.0,4.96,
sp_only,2.5,15,best_axis_oracle,0.8333,2,0.9619,0.0,95.04,S_P
sp_only,2.5,15,sketch1,0.3333,1,0.5905,0.0,100.0,
sp_only,2.5,15,dci_v3,0.0,2,0.6333,0.0,4.96,
sp_only,2.5,15,dci_v3_a8,0.0,2,0.5905,12.2,16.55,
sp_only,2.5,16,always_multiD,0.3333,1,0.7048,100.0,100.0,
sp_only,2.5,16,union4_bonf,0.0,0,0.4714,0.0,4.96,
sp_only,2.5,16,best_axis_oracle,0.6667,2,0.7905,0.0,95.04,S_P
sp_only,2.5,16,sketch1,0.0,1,0.619,0.0,100.0,
sp_only,2.5,16,dci_v3,0.0,0,0.4714,0.0,4.96,
sp_only,2.5,16,dci_v3_a8,0.0,0,0.5238,14.6,18.87,
sp_only,2.5,17,always_multiD,0.8333,2,0.8667,100.0,100.0,
sp_only,2.5,17,union4_bonf,0.0,1,0.4762,0.0,4.96,
sp_only,2.5,17,best_axis_oracle,0.8333,3,0.8905,0.0,95.04,S_P
sp_only,2.5,17,sketch1,0.1667,1,0.5286,0.0,100.0,
sp_only,2.5,17,dci_v3,0.0,1,0.4762,0.0,4.96,
sp_only,2.5,17,dci_v3_a8,0.3333,1,0.581,12.2,16.55,
sp_only,2.5,18,always_multiD,0.3333,1,0.7524,100.0,100.0,
sp_only,2.5,18,union4_bonf,0.0,3,0.5952,0.0,4.96,
sp_only,2.5,18,best_axis_oracle,0.5,1,0.8905,0.0,95.04,S_P
sp_only,2.5,18,sketch1,0.0,0,0.7238,0.0,100.0,
sp_only,2.5,18,dci_v3,0.0,3,0.5952,0.0,4.96,
sp_only,2.5,18,dci_v3_a8,0.0,3,0.6238,12.2,16.55,
sp_only,2.5,19,always_multiD,0.5,1,0.9095,100.0,100.0,
sp_only,2.5,19,union4_bonf,0.0,2,0.6333,0.0,4.96,
sp_only,2.5,19,best_axis_oracle,0.8333,1,0.9619,0.0,95.04,S_P
sp_only,2.5,19,sketch1,0.3333,3,0.7429,0.0,100.0,
sp_only,2.5,19,dci_v3,0.0,2,0.6333,0.0,4.96,
sp_only,2.5,19,dci_v3_a8,0.1667,2,0.6619,12.2,16.55,
sp_only,2.5,20,always_multiD,0.3333,1,0.8048,100.0,100.0,
sp_only,2.5,20,union4_bonf,0.0,1,0.4714,0.0,4.96,
sp_only,2.5,20,best_axis_oracle,0.6667,2,0.9429,0.0,95.04,S_P
sp_only,2.5,20,sketch1,0.3333,3,0.6905,0.0,100.0,
sp_only,2.5,20,dci_v3,0.0,1,0.4714,0.0,4.96,
sp_only,2.5,20,dci_v3_a8,0.0,1,0.5429,12.2,16.55,
sp_only,2.5,21,always_multiD,0.8333,3,0.9524,100.0,100.0,
sp_only,2.5,21,union4_bonf,0.0,4,0.4667,0.0,4.96,
sp_only,2.5,21,best_axis_oracle,0.8333,4,0.9762,0.0,95.04,S_P
sp_only,2.5,21,sketch1,0.0,2,0.3857,0.0,100.0,
sp_only,2.5,21,dci_v3,0.0,4,0.4667,0.0,4.96,
sp_only,2.5,21,dci_v3_a8,0.1667,4,0.581,12.2,16.55,
sp_only,2.5,22,always_multiD,0.3333,1,0.9524,100.0,100.0,
sp_only,2.5,22,union4_bonf,0.0,2,0.4476,0.0,4.96,
sp_only,2.5,22,best_axis_oracle,1.0,1,0.9952,0.0,95.04,S_P
sp_only,2.5,22,sketch1,0.0,1,0.4333,0.0,100.0,
sp_only,2.5,22,dci_v3,0.0,2,0.4476,0.0,4.96,
sp_only,2.5,22,dci_v3_a8,0.0,1,0.5048,12.2,16.55,
sp_only,2.5,23,always_multiD,0.3333,0,0.8667,100.0,100.0,
sp_only,2.5,23,union4_bonf,0.1667,1,0.5714,0.0,4.96,
sp_only,2.5,23,best_axis_oracle,0.6667,0,0.9667,0.0,95.04,S_P
sp_only,2.5,23,sketch1,0.3333,1,0.7762,0.0,100.0,
sp_only,2.5,23,dci_v3,0.1667,1,0.5714,0.0,4.96,
sp_only,2.5,23,dci_v3_a8,0.3333,1,0.7,12.2,16.55,
sp_only,2.5,24,always_multiD,0.1667,2,0.819,100.0,100.0,
sp_only,2.5,24,union4_bonf,0.0,2,0.7143,0.0,4.96,
sp_only,2.5,24,best_axis_oracle,0.3333,2,0.881,0.0,95.04,S_P
sp_only,2.5,24,sketch1,0.3333,6,0.6238,0.0,100.0,
sp_only,2.5,24,dci_v3,0.0,2,0.7143,0.0,4.96,
sp_only,2.5,24,dci_v3_a8,0.0,2,0.6905,12.2,16.55,
sp_only,2.5,25,always_multiD,0.5,0,0.9714,100.0,100.0,
sp_only,2.5,25,union4_bonf,0.0,0,0.4333,0.0,4.96,
sp_only,2.5,25,best_axis_oracle,0.8333,2,0.981,0.0,95.04,S_P
sp_only,2.5,25,sketch1,0.0,1,0.519,0.0,100.0,
sp_only,2.5,25,dci_v3,0.0,0,0.4333,0.0,4.96,
sp_only,2.5,25,dci_v3_a8,0.0,0,0.5095,12.2,16.55,
sp_only,2.5,26,always_multiD,0.3333,0,0.9429,100.0,100.0,
sp_only,2.5,26,union4_bonf,0.1667,1,0.6238,0.0,4.96,
sp_only,2.5,26,best_axis_oracle,0.8333,1,0.9762,0.0,95.04,S_P
sp_only,2.5,26,sketch1,0.0,2,0.3714,0.0,100.0,
sp_only,2.5,26,dci_v3,0.1667,1,0.6238,0.0,4.96,
sp_only,2.5,26,dci_v3_a8,0.1667,1,0.7095,12.2,16.55,
sp_only,2.5,27,always_multiD,0.8333,4,0.9381,100.0,100.0,
sp_only,2.5,27,union4_bonf,0.1667,5,0.6762,0.0,4.96,
sp_only,2.5,27,best_axis_oracle,1.0,3,0.9619,0.0,95.04,S_P
sp_only,2.5,27,sketch1,0.0,1,0.7952,0.0,100.0,
sp_only,2.5,27,dci_v3,0.1667,5,0.6762,0.0,4.96,
sp_only,2.5,27,dci_v3_a8,0.1667,5,0.6952,12.2,16.55,
sp_only,2.5,28,always_multiD,0.0,1,0.6524,100.0,100.0,
sp_only,2.5,28,union4_bonf,0.0,0,0.2476,0.0,4.96,
sp_only,2.5,28,best_axis_oracle,0.6667,1,0.9048,0.0,95.04,S_P
sp_only,2.5,28,sketch1,0.0,0,0.4048,0.0,100.0,
sp_only,2.5,28,dci_v3,0.0,0,0.2476,0.0,4.96,
sp_only,2.5,28,dci_v3_a8,0.0,0,0.3,12.2,16.55,
sp_only,2.5,29,always_multiD,0.3333,3,0.7952,100.0,100.0,
sp_only,2.5,29,union4_bonf,0.1667,3,0.3714,0.0,4.96,
sp_only,2.5,29,best_axis_oracle,0.6667,0,0.9524,0.0,95.04,S_P
sp_only,2.5,29,sketch1,0.0,4,0.4714,0.0,100.0,
sp_only,2.5,29,dci_v3,0.1667,3,0.3714,0.0,4.96,
sp_only,2.5,29,dci_v3_a8,0.3333,3,0.5524,12.2,16.55,
sp_only,2.5,30,always_multiD,0.6667,1,0.9762,100.0,100.0,
sp_only,2.5,30,union4_bonf,0.0,2,0.7476,0.0,4.96,
sp_only,2.5,30,best_axis_oracle,0.8333,3,0.9048,0.0,95.04,S_P
sp_only,2.5,30,sketch1,0.1667,4,0.3857,0.0,100.0,
sp_only,2.5,30,dci_v3,0.0,2,0.7476,0.0,4.96,
sp_only,2.5,30,dci_v3_a8,0.0,1,0.7952,12.2,16.55,
sp_only,2.5,31,always_multiD,0.1667,2,0.8286,100.0,100.0,
sp_only,2.5,31,union4_bonf,0.0,1,0.481,0.0,4.96,
sp_only,2.5,31,best_axis_oracle,0.8333,0,0.9714,0.0,95.04,S_P
sp_only,2.5,31,sketch1,0.0,1,0.5476,0.0,100.0,
sp_only,2.5,31,dci_v3,0.0,1,0.481,0.0,4.96,
sp_only,2.5,31,dci_v3_a8,0.0,1,0.5476,12.2,16.55,
sp_only,2.5,32,always_multiD,0.6667,2,0.9095,100.0,100.0,
sp_only,2.5,32,union4_bonf,0.0,2,0.2238,0.0,4.96,
sp_only,2.5,32,best_axis_oracle,0.8333,1,0.9905,0.0,95.04,S_P
sp_only,2.5,32,sketch1,0.0,3,0.2571,0.0,100.0,
sp_only,2.5,32,dci_v3,0.0,2,0.2238,0.0,4.96,
sp_only,2.5,32,dci_v3_a8,0.1667,2,0.419,12.2,16.55,
sp_only,2.5,33,always_multiD,1.0,0,1.0,100.0,100.0,
sp_only,2.5,33,union4_bonf,0.1667,0,0.7095,0.0,4.96,
sp_only,2.5,33,best_axis_oracle,0.8333,1,0.8381,0.0,95.04,S_P
sp_only,2.5,33,sketch1,0.3333,1,0.5857,0.0,100.0,
sp_only,2.5,33,dci_v3,0.1667,0,0.7095,0.0,4.96,
sp_only,2.5,33,dci_v3_a8,0.3333,0,0.8381,12.2,16.55,
sp_only,2.5,34,always_multiD,0.5,1,0.9238,100.0,100.0,
sp_only,2.5,34,union4_bonf,0.0,1,0.5857,0.0,4.96,
sp_only,2.5,34,best_axis_oracle,0.8333,1,0.981,0.0,95.04,S_P
sp_only,2.5,34,sketch1,0.0,0,0.1429,0.0,100.0,
sp_only,2.5,34,dci_v3,0.0,1,0.5857,0.0,4.96,
sp_only,2.5,34,dci_v3_a8,0.0,1,0.519,12.2,16.55,
sp_only,2.5,35,always_multiD,0.5,2,0.8286,100.0,100.0,
sp_only,2.5,35,union4_bonf,0.1667,1,0.5619,0.0,4.96,
sp_only,2.5,35,best_axis_oracle,0.8333,4,0.9667,0.0,95.04,S_P
sp_only,2.5,35,sketch1,0.0,3,0.3667,0.0,100.0,
sp_only,2.5,35,dci_v3,0.1667,1,0.5619,0.0,4.96,
sp_only,2.5,35,dci_v3_a8,0.1667,1,0.6286,12.2,16.55,
sp_only,2.5,36,always_multiD,0.5,0,0.9952,100.0,100.0,
sp_only,2.5,36,union4_bonf,0.1667,0,0.7381,0.0,4.96,
sp_only,2.5,36,best_axis_oracle,1.0,1,1.0,0.0,95.04,S_P
sp_only,2.5,36,sketch1,0.0,2,0.6143,0.0,100.0,
sp_only,2.5,36,dci_v3,0.1667,0,0.7381,0.0,4.96,
sp_only,2.5,36,dci_v3_a8,0.1667,0,0.8048,12.2,16.55,
sp_only,2.5,37,always_multiD,0.5,1,0.9238,100.0,100.0,
sp_only,2.5,37,union4_bonf,0.1667,1,0.7048,0.0,4.96,
sp_only,2.5,37,best_axis_oracle,0.6667,1,0.919,0.0,95.04,S_P
sp_only,2.5,37,sketch1,0.0,5,0.4762,0.0,100.0,
sp_only,2.5,37,dci_v3,0.1667,1,0.7048,0.0,4.96,
sp_only,2.5,37,dci_v3_a8,0.1667,1,0.7143,12.2,16.55,
sp_only,2.5,38,always_multiD,0.8333,4,0.981,100.0,100.0,
sp_only,2.5,38,union4_bonf,0.1667,4,0.719,0.0,4.96,
sp_only,2.5,38,best_axis_oracle,0.8333,7,0.9286,0.0,95.04,S_P
sp_only,2.5,38,sketch1,0.0,4,0.6,0.0,100.0,
sp_only,2.5,38,dci_v3,0.1667,4,0.719,0.0,4.96,
sp_only,2.5,38,dci_v3_a8,0.3333,4,0.7905,12.2,16.55,
sp_only,2.5,39,always_multiD,0.3333,3,0.7857,100.0,100.0,
sp_only,2.5,39,union4_bonf,0.0,2,0.619,0.0,4.96,
sp_only,2.5,39,best_axis_oracle,0.5,2,0.9381,0.0,95.04,S_P
sp_only,2.5,39,sketch1,0.0,2,0.5286,0.0,100.0,
sp_only,2.5,39,dci_v3,0.0,2,0.619,0.0,4.96,
sp_only,2.5,39,dci_v3_a8,0.0,2,0.6333,12.2,16.55,
sp_only,2.5,40,always_multiD,0.5,3,0.7762,100.0,100.0,
sp_only,2.5,40,union4_bonf,0.0,1,0.3381,0.0,4.96,
sp_only,2.5,40,best_axis_oracle,0.6667,0,0.9857,0.0,95.04,S_P
sp_only,2.5,40,sketch1,0.0,4,0.5,0.0,100.0,
sp_only,2.5,40,dci_v3,0.0,1,0.3381,0.0,4.96,
sp_only,2.5,40,dci_v3_a8,0.0,1,0.3952,12.2,16.55,
sp_only,2.5,41,always_multiD,0.5,0,0.919,100.0,100.0,
sp_only,2.5,41,union4_bonf,0.0,0,0.3952,0.0,4.96,
sp_only,2.5,41,best_axis_oracle,0.8333,0,1.0,0.0,95.04,S_P
sp_only,2.5,41,sketch1,0.0,2,0.6238,0.0,100.0,
sp_only,2.5,41,dci_v3,0.0,0,0.3952,0.0,4.96,
sp_only,2.5,41,dci_v3_a8,0.0,0,0.4524,12.2,16.55,
sp_only,2.5,42,always_multiD,0.3333,1,0.9,100.0,100.0,
sp_only,2.5,42,union4_bonf,0.0,1,0.3619,0.0,4.96,
sp_only,2.5,42,best_axis_oracle,0.8333,1,0.9286,0.0,95.04,S_P
sp_only,2.5,42,sketch1,0.0,2,0.3476,0.0,100.0,
sp_only,2.5,42,dci_v3,0.0,1,0.3619,0.0,4.96,
sp_only,2.5,42,dci_v3_a8,0.0,1,0.4429,12.2,16.55,
sp_only,2.5,43,always_multiD,0.6667,1,0.8857,100.0,100.0,
sp_only,2.5,43,union4_bonf,0.0,1,0.4238,0.0,4.96,
sp_only,2.5,43,best_axis_oracle,0.8333,1,0.981,0.0,95.04,S_P
sp_only,2.5,43,sketch1,0.0,0,0.5476,0.0,100.0,
sp_only,2.5,43,dci_v3,0.0,1,0.4238,0.0,4.96,
sp_only,2.5,43,dci_v3_a8,0.1667,1,0.5714,12.2,16.55,
sp_only,2.5,44,always_multiD,0.3333,2,0.5524,100.0,100.0,
sp_only,2.5,44,union4_bonf,0.3333,1,0.4381,0.0,4.96,
sp_only,2.5,44,best_axis_oracle,0.5,0,0.8619,0.0,95.04,S_P
sp_only,2.5,44,sketch1,0.3333,1,0.5714,0.0,100.0,
sp_only,2.5,44,dci_v3,0.3333,1,0.4381,0.0,4.96,
sp_only,2.5,44,dci_v3_a8,0.3333,1,0.4952,14.6,18.87,
sp_only,2.5,45,always_multiD,0.1667,2,0.7048,100.0,100.0,
sp_only,2.5,45,union4_bonf,0.0,1,0.6048,0.0,4.96,
sp_only,2.5,45,best_axis_oracle,0.3333,1,0.7381,0.0,95.04,S_P
sp_only,2.5,45,sketch1,0.0,0,0.5,0.0,100.0,
sp_only,2.5,45,dci_v3,0.0,1,0.6048,0.0,4.96,
sp_only,2.5,45,dci_v3_a8,0.0,1,0.6476,12.2,16.55,
sp_only,2.5,46,always_multiD,0.5,0,0.7286,100.0,100.0,
sp_only,2.5,46,union4_bonf,0.0,1,0.1476,0.0,4.96,
sp_only,2.5,46,best_axis_oracle,0.6667,1,0.8429,0.0,95.04,S_P
sp_only,2.5,46,sketch1,0.0,3,0.4857,0.0,100.0,
sp_only,2.5,46,dci_v3,0.0,1,0.1476,0.0,4.96,
sp_only,2.5,46,dci_v3_a8,0.0,1,0.2333,12.2,16.55,
sp_only,2.5,47,always_multiD,0.1667,2,0.7952,100.0,100.0,
sp_only,2.5,47,union4_bonf,0.0,2,0.5762,0.0,4.96,
sp_only,2.5,47,best_axis_oracle,0.3333,3,0.8429,0.0,95.04,S_P
sp_only,2.5,47,sketch1,0.0,2,0.4286,0.0,100.0,
sp_only,2.5,47,dci_v3,0.0,2,0.5762,0.0,4.96,
sp_only,2.5,47,dci_v3_a8,0.0,2,0.5905,12.2,16.55,
sp_only,2.5,48,always_multiD,0.6667,2,0.9143,100.0,100.0,
sp_only,2.5,48,union4_bonf,0.1667,4,0.7,0.0,4.96,
sp_only,2.5,48,best_axis_oracle,0.6667,2,0.9429,0.0,95.04,S_P
sp_only,2.5,48,sketch1,0.0,3,0.6286,0.0,100.0,
sp_only,2.5,48,dci_v3,0.1667,4,0.7,0.0,4.96,
sp_only,2.5,48,dci_v3_a8,0.1667,4,0.7333,12.2,16.55,
sp_only,2.5,49,always_multiD,0.1667,3,0.7905,100.0,100.0,
sp_only,2.5,49,union4_bonf,0.0,4,0.481,0.0,4.96,
sp_only,2.5,49,best_axis_oracle,0.6667,2,0.9238,0.0,95.04,S_P
sp_only,2.5,49,sketch1,0.0,5,0.5476,0.0,100.0,
sp_only,2.5,49,dci_v3,0.0,4,0.481,0.0,4.96,
sp_only,2.5,49,dci_v3_a8,0.1667,4,0.6143,12.2,16.55,
sp_only,3.5,0,always_multiD,0.6667,1,0.9571,100.0,100.0,
sp_only,3.5,0,union4_bonf,0.0,0,0.4667,0.0,4.96,
sp_only,3.5,0,best_axis_oracle,0.8333,1,0.9905,0.0,95.04,S_P
sp_only,3.5,0,sketch1,0.0,2,0.5048,0.0,100.0,
sp_only,3.5,0,dci_v3,0.0,0,0.4667,0.0,4.96,
sp_only,3.5,0,dci_v3_a8,0.1667,0,0.619,12.2,16.55,
sp_only,3.5,1,always_multiD,0.8333,1,0.919,100.0,100.0,
sp_only,3.5,1,union4_bonf,0.0,3,0.4619,0.0,4.96,
sp_only,3.5,1,best_axis_oracle,0.8333,1,0.9905,0.0,95.04,S_P
sp_only,3.5,1,sketch1,0.0,2,0.5,0.0,100.0,
sp_only,3.5,1,dci_v3,0.0,3,0.4619,0.0,4.96,
sp_only,3.5,1,dci_v3_a8,0.1667,3,0.5095,12.2,16.55,
sp_only,3.5,2,always_multiD,1.0,3,0.9762,100.0,100.0,
sp_only,3.5,2,union4_bonf,0.0,3,0.3619,0.0,4.96,
sp_only,3.5,2,best_axis_oracle,1.0,4,0.9905,0.0,95.04,S_P
sp_only,3.5,2,sketch1,0.0,4,0.5619,0.0,100.0,
sp_only,3.5,2,dci_v3,0.0,3,0.3619,0.0,4.96,
sp_only,3.5,2,dci_v3_a8,0.3333,3,0.5429,12.2,16.55,
sp_only,3.5,3,always_multiD,0.8333,0,0.9762,100.0,100.0,
sp_only,3.5,3,union4_bonf,0.0,0,0.4524,0.0,4.96,
sp_only,3.5,3,best_axis_oracle,0.8333,2,0.9667,0.0,95.04,S_P
sp_only,3.5,3,sketch1,0.0,4,0.5905,0.0,100.0,
sp_only,3.5,3,dci_v3,0.0,0,0.4524,0.0,4.96,
sp_only,3.5,3,dci_v3_a8,0.1667,0,0.6333,12.2,16.55,
sp_only,3.5,4,always_multiD,0.6667,1,0.9714,100.0,100.0,
sp_only,3.5,4,union4_bonf,0.0,3,0.381,0.0,4.96,
sp_only,3.5,4,best_axis_oracle,1.0,2,1.0,0.0,95.04,S_P
sp_only,3.5,4,sketch1,0.3333,4,0.5667,0.0,100.0,
sp_only,3.5,4,dci_v3,0.0,3,0.381,0.0,4.96,
sp_only,3.5,4,dci_v3_a8,0.0,2,0.4476,14.6,18.87,
sp_only,3.5,5,always_multiD,0.8333,1,0.981,100.0,100.0,
sp_only,3.5,5,union4_bonf,0.0,0,0.6286,0.0,4.96,
sp_only,3.5,5,best_axis_oracle,1.0,4,0.9905,0.0,95.04,S_P
sp_only,3.5,5,sketch1,0.1667,1,0.5476,0.0,100.0,
sp_only,3.5,5,dci_v3,0.0,0,0.6286,0.0,4.96,
sp_only,3.5,5,dci_v3_a8,0.0,1,0.6476,12.2,16.55,
sp_only,3.5,6,always_multiD,0.8333,0,0.9857,100.0,100.0,
sp_only,3.5,6,union4_bonf,0.1667,0,0.5524,0.0,4.96,
sp_only,3.5,6,best_axis_oracle,1.0,2,1.0,0.0,95.04,S_P
sp_only,3.5,6,sketch1,0.5,0,0.9095,0.0,100.0,
sp_only,3.5,6,dci_v3,0.1667,0,0.5524,0.0,4.96,
sp_only,3.5,6,dci_v3_a8,0.1667,0,0.5857,14.6,18.87,
sp_only,3.5,7,always_multiD,1.0,2,1.0,100.0,100.0,
sp_only,3.5,7,union4_bonf,0.0,2,0.4619,0.0,4.96,
sp_only,3.5,7,best_axis_oracle,1.0,0,1.0,0.0,95.04,S_P
sp_only,3.5,7,sketch1,0.0,1,0.5429,0.0,100.0,
sp_only,3.5,7,dci_v3,0.0,2,0.4619,0.0,4.96,
sp_only,3.5,7,dci_v3_a8,0.0,1,0.519,12.2,16.55,
sp_only,3.5,8,always_multiD,1.0,2,0.981,100.0,100.0,
sp_only,3.5,8,union4_bonf,0.0,2,0.6476,0.0,4.96,
sp_only,3.5,8,best_axis_oracle,1.0,1,1.0,0.0,95.04,S_P
sp_only,3.5,8,sketch1,0.0,1,0.6429,0.0,100.0,
sp_only,3.5,8,dci_v3,0.0,2,0.6476,0.0,4.96,
sp_only,3.5,8,dci_v3_a8,0.0,2,0.6762,14.6,18.87,
sp_only,3.5,9,always_multiD,0.6667,1,0.9857,100.0,100.0,
sp_only,3.5,9,union4_bonf,0.0,1,0.5524,0.0,4.96,
sp_only,3.5,9,best_axis_oracle,1.0,0,1.0,0.0,95.04,S_P
sp_only,3.5,9,sketch1,0.1667,1,0.5857,0.0,100.0,
sp_only,3.5,9,dci_v3,0.0,1,0.5524,0.0,4.96,
sp_only,3.5,9,dci_v3_a8,0.1667,1,0.7238,12.2,16.55,
sp_only,3.5,10,always_multiD,0.3333,1,0.8667,100.0,100.0,
sp_only,3.5,10,union4_bonf,0.0,1,0.5714,0.0,4.96,
sp_only,3.5,10,best_axis_oracle,0.8333,2,0.9762,0.0,95.04,S_P
sp_only,3.5,10,sketch1,0.0,1,0.719,0.0,100.0,
sp_only,3.5,10,dci_v3,0.0,1,0.5714,0.0,4.96,
sp_only,3.5,10,dci_v3_a8,0.0,1,0.619,12.2,16.55,
sp_only,3.5,11,always_multiD,0.5,0,0.8952,100.0,100.0,
sp_only,3.5,11,union4_bonf,0.0,2,0.4524,0.0,4.96,
sp_only,3.5,11,best_axis_oracle,0.8333,2,0.9857,0.0,95.04,S_P
sp_only,3.5,11,sketch1,0.1667,1,0.5667,0.0,100.0,
sp_only,3.5,11,dci_v3,0.0,2,0.4524,0.0,4.96,
sp_only,3.5,11,dci_v3_a8,0.1667,2,0.5905,12.2,16.55,
sp_only,3.5,12,always_multiD,1.0,3,0.9762,100.0,100.0,
sp_only,3.5,12,union4_bonf,0.1667,4,0.7048,0.0,4.96,
sp_only,3.5,12,best_axis_oracle,1.0,1,1.0,0.0,95.04,S_P
sp_only,3.5,12,sketch1,0.1667,3,0.7,0.0,100.0,
sp_only,3.5,12,dci_v3,0.1667,4,0.7048,0.0,4.96,
sp_only,3.5,12,dci_v3_a8,0.1667,4,0.7143,12.2,16.55,
sp_only,3.5,13,always_multiD,0.5,3,0.8857,100.0,100.0,
sp_only,3.5,13,union4_bonf,0.0,1,0.3429,0.0,4.96,
sp_only,3.5,13,best_axis_oracle,1.0,3,0.9857,0.0,95.04,S_P
sp_only,3.5,13,sketch1,0.3333,5,0.6762,0.0,100.0,
sp_only,3.5,13,dci_v3,0.0,2,0.3381,4.9,9.6,
sp_only,3.5,13,dci_v3_a8,0.0,3,0.3476,14.6,18.87,
sp_only,3.5,14,always_multiD,0.5,1,0.9381,100.0,100.0,
sp_only,3.5,14,union4_bonf,0.0,2,0.6048,0.0,4.96,
sp_only,3.5,14,best_axis_oracle,0.8333,0,0.9952,0.0,95.04,S_P
sp_only,3.5,14,sketch1,0.0,1,0.3905,0.0,100.0,
sp_only,3.5,14,dci_v3,0.0,2,0.6048,0.0,4.96,
sp_only,3.5,14,dci_v3_a8,0.3333,1,0.7571,12.2,16.55,
sp_only,3.5,15,always_multiD,1.0,1,1.0,100.0,100.0,
sp_only,3.5,15,union4_bonf,0.0,1,0.4429,0.0,4.96,
sp_only,3.5,15,best_axis_oracle,1.0,0,1.0,0.0,95.04,S_P
sp_only,3.5,15,sketch1,0.0,0,0.419,0.0,100.0,
sp_only,3.5,15,dci_v3,0.0,1,0.4429,0.0,4.96,
sp_only,3.5,15,dci_v3_a8,0.1667,1,0.6095,12.2,16.55,
sp_only,3.5,16,always_multiD,0.8333,2,0.9571,100.0,100.0,
sp_only,3.5,16,union4_bonf,0.0,2,0.4,0.0,4.96,
sp_only,3.5,16,best_axis_oracle,0.8333,2,0.9762,0.0,95.04,S_P
sp_only,3.5,16,sketch1,0.0,4,0.6143,0.0,100.0,
sp_only,3.5,16,dci_v3,0.0,2,0.4,0.0,4.96,
sp_only,3.5,16,dci_v3_a8,0.0,2,0.4381,14.6,18.87,
sp_only,3.5,17,always_multiD,0.6667,2,0.9667,100.0,100.0,
sp_only,3.5,17,union4_bonf,0.0,2,0.2857,0.0,4.96,
sp_only,3.5,17,best_axis_oracle,1.0,2,0.9857,0.0,95.04,S_P
sp_only,3.5,17,sketch1,0.0,2,0.5286,0.0,100.0,
sp_only,3.5,17,dci_v3,0.0,2,0.2857,0.0,4.96,
sp_only,3.5,17,dci_v3_a8,0.1667,2,0.419,12.2,16.55,
sp_only,3.5,18,always_multiD,0.8333,2,0.9714,100.0,100.0,
sp_only,3.5,18,union4_bonf,0.0,2,0.5905,0.0,4.96,
sp_only,3.5,18,best_axis_oracle,1.0,2,1.0,0.0,95.04,S_P
sp_only,3.5,18,sketch1,0.0,1,0.4905,0.0,100.0,
sp_only,3.5,18,dci_v3,0.0,2,0.5905,0.0,4.96,
sp_only,3.5,18,dci_v3_a8,0.0,2,0.6429,12.2,16.55,
sp_only,3.5,19,always_multiD,1.0,2,0.981,100.0,100.0,
sp_only,3.5,19,union4_bonf,0.0,0,0.3381,0.0,4.96,
sp_only,3.5,19,best_axis_oracle,1.0,1,1.0,0.0,95.04,S_P
sp_only,3.5,19,sketch1,0.0,0,0.5714,0.0,100.0,
sp_only,3.5,19,dci_v3,0.0,0,0.3381,0.0,4.96,
sp_only,3.5,19,dci_v3_a8,0.3333,0,0.6905,12.2,16.55,
sp_only,3.5,20,always_multiD,0.5,2,0.8571,100.0,100.0,
sp_only,3.5,20,union4_bonf,0.1667,3,0.5905,0.0,4.96,
sp_only,3.5,20,best_axis_oracle,1.0,1,1.0,0.0,95.04,S_P
sp_only,3.5,20,sketch1,0.0,1,0.419,0.0,100.0,
sp_only,3.5,20,dci_v3,0.1667,3,0.5905,0.0,4.96,
sp_only,3.5,20,dci_v3_a8,0.1667,2,0.6286,12.2,16.55,
sp_only,3.5,21,always_multiD,0.6667,3,0.9381,100.0,100.0,
sp_only,3.5,21,union4_bonf,0.1667,0,0.519,0.0,4.96,
sp_only,3.5,21,best_axis_oracle,1.0,0,1.0,0.0,95.04,S_P
sp_only,3.5,21,sketch1,0.1667,4,0.681,0.0,100.0,
sp_only,3.5,21,dci_v3,0.1667,0,0.519,0.0,4.96,
sp_only,3.5,21,dci_v3_a8,0.5,0,0.619,12.2,16.55,
sp_only,3.5,22,always_multiD,0.8333,1,0.9667,100.0,100.0,
sp_only,3.5,22,union4_bonf,0.0,2,0.5429,0.0,4.96,
sp_only,3.5,22,best_axis_oracle,1.0,4,0.981,0.0,95.04,S_P
sp_only,3.5,22,sketch1,0.0,3,0.3571,0.0,100.0,
sp_only,3.5,22,dci_v3,0.0,2,0.5429,0.0,4.96,
sp_only,3.5,22,dci_v3_a8,0.0,2,0.5952,12.2,16.55,
sp_only,3.5,23,always_multiD,0.5,1,0.9476,100.0,100.0,
sp_only,3.5,23,union4_bonf,0.0,2,0.5286,0.0,4.96,
sp_only,3.5,23,best_axis_oracle,0.8333,1,0.9571,0.0,95.04,S_P
sp_only,3.5,23,sketch1,0.1667,4,0.5952,0.0,100.0,
sp_only,3.5,23,dci_v3,0.0,2,0.5286,0.0,4.96,
sp_only,3.5,23,dci_v3_a8,0.1667,2,0.7048,12.2,16.55,
sp_only,3.5,24,always_multiD,0.3333,2,0.9238,100.0,100.0,
sp_only,3.5,24,union4_bonf,0.0,4,0.3905,0.0,4.96,
sp_only,3.5,24,best_axis_oracle,1.0,1,0.9857,0.0,95.04,S_P
sp_only,3.5,24,sketch1,0.0,1,0.4381,0.0,100.0,
sp_only,3.5,24,dci_v3,0.0,4,0.3905,0.0,4.96,
sp_only,3.5,24,dci_v3_a8,0.0,5,0.4571,12.2,16.55,
sp_only,3.5,25,always_multiD,0.8333,1,0.9952,100.0,100.0,
sp_only,3.5,25,union4_bonf,0.0,1,0.7714,0.0,4.96,
sp_only,3.5,25,best_axis_oracle,1.0,1,1.0,0.0,95.04,S_P
sp_only,3.5,25,sketch1,0.0,4,0.719,0.0,100.0,
sp_only,3.5,25,dci_v3,0.0,1,0.7714,0.0,4.96,
sp_only,3.5,25,dci_v3_a8,0.0,1,0.7857,12.2,16.55,
sp_only,3.5,26,always_multiD,0.8333,1,0.919,100.0,100.0,
sp_only,3.5,26,union4_bonf,0.0,0,0.3429,0.0,4.96,
sp_only,3.5,26,best_axis_oracle,0.8333,2,0.981,0.0,95.04,S_P
sp_only,3.5,26,sketch1,0.0,4,0.4476,0.0,100.0,
sp_only,3.5,26,dci_v3,0.0,0,0.3429,0.0,4.96,
sp_only,3.5,26,dci_v3_a8,0.1667,0,0.4571,12.2,16.55,
sp_only,3.5,27,always_multiD,0.3333,1,0.8619,100.0,100.0,
sp_only,3.5,27,union4_bonf,0.0,2,0.4714,0.0,4.96,
sp_only,3.5,27,best_axis_oracle,0.8333,0,1.0,0.0,95.04,S_P
sp_only,3.5,27,sketch1,0.0,3,0.5524,0.0,100.0,
sp_only,3.5,27,dci_v3,0.0,2,0.4714,0.0,4.96,
sp_only,3.5,27,dci_v3_a8,0.0,2,0.6095,12.2,16.55,
sp_only,3.5,28,always_multiD,0.6667,6,0.9381,100.0,100.0,
sp_only,3.5,28,union4_bonf,0.0,0,0.5429,0.0,4.96,
sp_only,3.5,28,best_axis_oracle,1.0,3,1.0,0.0,95.04,S_P
sp_only,3.5,28,sketch1,0.0,4,0.4429,0.0,100.0,
sp_only,3.5,28,dci_v3,0.3333,3,0.8524,58.5,60.59,
sp_only,3.5,28,dci_v3_a8,0.3333,5,0.8333,63.4,65.23,
sp_only,3.5,29,always_multiD,1.0,4,1.0,100.0,100.0,
sp_only,3.5,29,union4_bonf,0.1667,3,0.4952,0.0,4.96,
sp_only,3.5,29,best_axis_oracle,1.0,1,1.0,0.0,95.04,S_P
sp_only,3.5,29,sketch1,0.1667,3,0.6,0.0,100.0,
sp_only,3.5,29,dci_v3,0.3333,3,0.619,14.6,18.87,
sp_only,3.5,29,dci_v3_a8,0.5,3,0.7429,26.8,30.46,
sp_only,3.5,30,always_multiD,0.8333,3,0.9762,100.0,100.0,
sp_only,3.5,30,union4_bonf,0.3333,2,0.5714,0.0,4.96,
sp_only,3.5,30,best_axis_oracle,0.8333,4,0.9762,0.0,95.04,S_P
sp_only,3.5,30,sketch1,0.0,1,0.6238,0.0,100.0,
sp_only,3.5,30,dci_v3,0.3333,2,0.5714,0.0,4.96,
sp_only,3.5,30,dci_v3_a8,0.3333,2,0.6381,12.2,16.55,
sp_only,3.5,31,always_multiD,0.6667,0,0.981,100.0,100.0,
sp_only,3.5,31,union4_bonf,0.1667,1,0.6095,0.0,4.96,
sp_only,3.5,31,best_axis_oracle,0.8333,1,0.9857,0.0,95.04,S_P
sp_only,3.5,31,sketch1,0.0,1,0.5333,0.0,100.0,
sp_only,3.5,31,dci_v3,0.1667,1,0.6095,0.0,4.96,
sp_only,3.5,31,dci_v3_a8,0.1667,1,0.681,12.2,16.55,
sp_only,3.5,32,always_multiD,0.6667,2,0.9333,100.0,100.0,
sp_only,3.5,32,union4_bonf,0.3333,3,0.5714,0.0,4.96,
sp_only,3.5,32,best_axis_oracle,1.0,1,0.9952,0.0,95.04,S_P
sp_only,3.5,32,sketch1,0.0,3,0.5714,0.0,100.0,
sp_only,3.5,32,dci_v3,0.3333,3,0.5714,0.0,4.96,
sp_only,3.5,32,dci_v3_a8,0.5,3,0.619,12.2,16.55,
sp_only,3.5,33,always_multiD,0.6667,1,0.9857,100.0,100.0,
sp_only,3.5,33,union4_bonf,0.0,1,0.5619,0.0,4.96,
sp_only,3.5,33,best_axis_oracle,1.0,0,1.0,0.0,95.04,S_P
sp_only,3.5,33,sketch1,0.1667,4,0.6571,0.0,100.0,
sp_only,3.5,33,dci_v3,0.0,1,0.5619,0.0,4.96,
sp_only,3.5,33,dci_v3_a8,0.0,1,0.6238,12.2,16.55,
sp_only,3.5,34,always_multiD,1.0,2,0.9952,100.0,100.0,
sp_only,3.5,34,union4_bonf,0.0,1,0.4333,0.0,4.96,
sp_only,3.5,34,best_axis_oracle,1.0,1,1.0,0.0,95.04,S_P
sp_only,3.5,34,sketch1,0.1667,3,0.6667,0.0,100.0,
sp_only,3.5,34,dci_v3,0.0,1,0.4333,0.0,4.96,
sp_only,3.5,34,dci_v3_a8,0.1667,1,0.6,12.2,16.55,
sp_only,3.5,35,always_multiD,0.8333,4,0.9048,100.0,100.0,
sp_only,3.5,35,union4_bonf,0.0,5,0.5143,0.0,4.96,
sp_only,3.5,35,best_axis_oracle,0.8333,3,0.9857,0.0,95.04,S_P
sp_only,3.5,35,sketch1,0.3333,3,0.7143,0.0,100.0,
sp_only,3.5,35,dci_v3,0.0,5,0.5143,0.0,4.96,
sp_only,3.5,35,dci_v3_a8,0.3333,5,0.6524,12.2,16.55,
sp_only,3.5,36,always_multiD,0.8333,1,0.9905,100.0,100.0,
sp_only,3.5,36,union4_bonf,0.0,0,0.4381,0.0,4.96,
sp_only,3.5,36,best_axis_oracle,1.0,1,1.0,0.0,95.04,S_P
sp_only,3.5,36,sketch1,0.1667,1,0.4571,0.0,100.0,
sp_only,3.5,36,dci_v3,0.0,0,0.4381,0.0,4.96,
sp_only,3.5,36,dci_v3_a8,0.3333,0,0.6143,12.2,16.55,
sp_only,3.5,37,always_multiD,0.6667,1,0.8905,100.0,100.0,
sp_only,3.5,37,union4_bonf,0.0,1,0.4143,0.0,4.96,
sp_only,3.5,37,best_axis_oracle,0.8333,1,0.9476,0.0,95.04,S_P
sp_only,3.5,37,sketch1,0.1667,3,0.419,0.0,100.0,
sp_only,3.5,37,dci_v3,0.0,1,0.4143,0.0,4.96,
sp_only,3.5,37,dci_v3_a8,0.1667,1,0.5905,12.2,16.55,
sp_only,3.5,38,always_multiD,0.5,2,0.9,100.0,100.0,
sp_only,3.5,38,union4_bonf,0.0,2,0.5095,0.0,4.96,
sp_only,3.5,38,best_axis_oracle,0.6667,1,0.981,0.0,95.04,S_P
sp_only,3.5,38,sketch1,0.0,1,0.5476,0.0,100.0,
sp_only,3.5,38,dci_v3,0.0,2,0.5095,0.0,4.96,
sp_only,3.5,38,dci_v3_a8,0.0,2,0.5429,12.2,16.55,
sp_only,3.5,39,always_multiD,1.0,3,1.0,100.0,100.0,
sp_only,3.5,39,union4_bonf,0.0,3,0.4952,0.0,4.96,
sp_only,3.5,39,best_axis_oracle,1.0,5,1.0,0.0,95.04,S_P
sp_only,3.5,39,sketch1,0.3333,2,0.6571,0.0,100.0,
sp_only,3.5,39,dci_v3,0.0,3,0.4952,0.0,4.96,
sp_only,3.5,39,dci_v3_a8,0.0,2,0.5333,12.2,16.55,
sp_only,3.5,40,always_multiD,0.8333,1,0.981,100.0,100.0,
sp_only,3.5,40,union4_bonf,0.0,1,0.5,0.0,4.96,
sp_only,3.5,40,best_axis_oracle,1.0,2,1.0,0.0,95.04,S_P
sp_only,3.5,40,sketch1,0.0,3,0.4524,0.0,100.0,
sp_only,3.5,40,dci_v3,0.0,1,0.5,0.0,4.96,
sp_only,3.5,40,dci_v3_a8,0.0,1,0.5238,12.2,16.55,
sp_only,3.5,41,always_multiD,0.8333,1,0.9667,100.0,100.0,
sp_only,3.5,41,union4_bonf,0.0,1,0.519,0.0,4.96,
sp_only,3.5,41,best_axis_oracle,1.0,0,1.0,0.0,95.04,S_P
sp_only,3.5,41,sketch1,0.0,0,0.581,0.0,100.0,
sp_only,3.5,41,dci_v3,0.0,1,0.519,0.0,4.96,
sp_only,3.5,41,dci_v3_a8,0.0,1,0.5714,12.2,16.55,
sp_only,3.5,42,always_multiD,0.8333,2,0.981,100.0,100.0,
sp_only,3.5,42,union4_bonf,0.0,3,0.4619,0.0,4.96,
sp_only,3.5,42,best_axis_oracle,1.0,1,0.9952,0.0,95.04,S_P
sp_only,3.5,42,sketch1,0.0,1,0.6524,0.0,100.0,
sp_only,3.5,42,dci_v3,0.0,3,0.4619,0.0,4.96,
sp_only,3.5,42,dci_v3_a8,0.0,3,0.4905,12.2,16.55,
sp_only,3.5,43,always_multiD,0.8333,5,0.9381,100.0,100.0,
sp_only,3.5,43,union4_bonf,0.0,5,0.481,0.0,4.96,
sp_only,3.5,43,best_axis_oracle,1.0,1,1.0,0.0,95.04,S_P
sp_only,3.5,43,sketch1,0.0,2,0.4667,0.0,100.0,
sp_only,3.5,43,dci_v3,0.0,5,0.481,2.4,7.28,
sp_only,3.5,43,dci_v3_a8,0.1667,5,0.581,12.2,16.55,
sp_only,3.5,44,always_multiD,0.6667,2,0.9238,100.0,100.0,
sp_only,3.5,44,union4_bonf,0.0,0,0.4952,0.0,4.96,
sp_only,3.5,44,best_axis_oracle,0.8333,3,0.9667,0.0,95.04,S_P
sp_only,3.5,44,sketch1,0.1667,3,0.6476,0.0,100.0,
sp_only,3.5,44,dci_v3,0.0,0,0.4952,0.0,4.96,
sp_only,3.5,44,dci_v3_a8,0.0,0,0.5762,14.6,18.87,
sp_only,3.5,45,always_multiD,0.5,3,0.9095,100.0,100.0,
sp_only,3.5,45,union4_bonf,0.1667,2,0.5238,0.0,4.96,
sp_only,3.5,45,best_axis_oracle,1.0,2,0.9667,0.0,95.04,S_P
sp_only,3.5,45,sketch1,0.1667,2,0.3667,0.0,100.0,
sp_only,3.5,45,dci_v3,0.1667,2,0.5238,0.0,4.96,
sp_only,3.5,45,dci_v3_a8,0.1667,2,0.5714,12.2,16.55,
sp_only,3.5,46,always_multiD,1.0,1,0.9952,100.0,100.0,
sp_only,3.5,46,union4_bonf,0.1667,1,0.5571,0.0,4.96,
sp_only,3.5,46,best_axis_oracle,1.0,3,1.0,0.0,95.04,S_P
sp_only,3.5,46,sketch1,0.1667,5,0.7667,0.0,100.0,
sp_only,3.5,46,dci_v3,0.1667,1,0.5571,0.0,4.96,
sp_only,3.5,46,dci_v3_a8,0.1667,1,0.5952,12.2,16.55,
sp_only,3.5,47,always_multiD,0.6667,0,0.9619,100.0,100.0,
sp_only,3.5,47,union4_bonf,0.1667,1,0.3429,0.0,4.96,
sp_only,3.5,47,best_axis_oracle,0.8333,0,1.0,0.0,95.04,S_P
sp_only,3.5,47,sketch1,0.0,0,0.6476,0.0,100.0,
sp_only,3.5,47,dci_v3,0.1667,1,0.3429,0.0,4.96,
sp_only,3.5,47,dci_v3_a8,0.1667,1,0.4095,12.2,16.55,
sp_only,3.5,48,always_multiD,0.6667,2,0.9476,100.0,100.0,
sp_only,3.5,48,union4_bonf,0.0,3,0.5857,0.0,4.96,
sp_only,3.5,48,best_axis_oracle,1.0,1,1.0,0.0,95.04,S_P
sp_only,3.5,48,sketch1,0.0,0,0.7286,0.0,100.0,
sp_only,3.5,48,dci_v3,0.0,3,0.5857,0.0,4.96,
sp_only,3.5,48,dci_v3_a8,0.0,3,0.619,12.2,16.55,
sp_only,3.5,49,always_multiD,0.8333,1,0.9952,100.0,100.0,
sp_only,3.5,49,union4_bonf,0.1667,0,0.7857,0.0,4.96,
sp_only,3.5,49,best_axis_oracle,1.0,1,0.9952,0.0,95.04,S_P
sp_only,3.5,49,sketch1,0.0,2,0.6286,0.0,100.0,
sp_only,3.5,49,dci_v3,0.1667,0,0.7857,0.0,4.96,
sp_only,3.5,49,dci_v3_a8,0.3333,0,0.8143,12.2,16.55,
sp_only,4.5,0,always_multiD,1.0,1,1.0,100.0,100.0,
sp_only,4.5,0,union4_bonf,0.1667,2,0.4429,0.0,4.96,
sp_only,4.5,0,best_axis_oracle,1.0,2,1.0,0.0,95.04,S_P
sp_only,4.5,0,sketch1,0.1667,3,0.4762,0.0,100.0,
sp_only,4.5,0,dci_v3,0.1667,2,0.4857,7.3,11.92,
sp_only,4.5,0,dci_v3_a8,0.3333,2,0.6571,19.5,23.51,
sp_only,4.5,1,always_multiD,0.8333,0,0.9905,100.0,100.0,
sp_only,4.5,1,union4_bonf,0.0,0,0.5667,0.0,4.96,
sp_only,4.5,1,best_axis_oracle,1.0,3,1.0,0.0,95.04,S_P
sp_only,4.5,1,sketch1,0.1667,1,0.719,0.0,100.0,
sp_only,4.5,1,dci_v3,0.0,0,0.5667,0.0,4.96,
sp_only,4.5,1,dci_v3_a8,0.1667,0,0.6476,12.2,16.55,
sp_only,4.5,2,always_multiD,1.0,2,0.9952,100.0,100.0,
sp_only,4.5,2,union4_bonf,0.0,3,0.3667,0.0,4.96,
sp_only,4.5,2,best_axis_oracle,1.0,0,1.0,0.0,95.04,S_P
sp_only,4.5,2,sketch1,0.0,3,0.7095,0.0,100.0,
sp_only,4.5,2,dci_v3,0.0,3,0.3667,0.0,4.96,
sp_only,4.5,2,dci_v3_a8,0.3333,3,0.5095,12.2,16.55,
sp_only,4.5,3,always_multiD,1.0,0,1.0,100.0,100.0,
sp_only,4.5,3,union4_bonf,0.0,1,0.6333,0.0,4.96,
sp_only,4.5,3,best_axis_oracle,1.0,5,1.0,0.0,95.04,S_P
sp_only,4.5,3,sketch1,0.0,1,0.219,0.0,100.0,
sp_only,4.5,3,dci_v3,0.0,1,0.6333,0.0,4.96,
sp_only,4.5,3,dci_v3_a8,0.1667,1,0.6857,12.2,16.55,
sp_only,4.5,4,always_multiD,0.8333,3,0.9619,100.0,100.0,
sp_only,4.5,4,union4_bonf,0.0,2,0.4667,0.0,4.96,
sp_only,4.5,4,best_axis_oracle,1.0,1,1.0,0.0,95.04,S_P
sp_only,4.5,4,sketch1,0.1667,3,0.3952,0.0,100.0,
sp_only,4.5,4,dci_v3,0.0,2,0.4667,0.0,4.96,
sp_only,4.5,4,dci_v3_a8,0.0,2,0.5143,14.6,18.87,
sp_only,4.5,5,always_multiD,1.0,3,1.0,100.0,100.0,
sp_only,4.5,5,union4_bonf,0.1667,3,0.519,0.0,4.96,
sp_only,4.5,5,best_axis_oracle,1.0,4,1.0,0.0,95.04,S_P
sp_only,4.5,5,sketch1,0.0,1,0.6286,0.0,100.0,
sp_only,4.5,5,dci_v3,0.1667,3,0.519,0.0,4.96,
sp_only,4.5,5,dci_v3_a8,0.1667,3,0.5429,12.2,16.55,
sp_only,4.5,6,always_multiD,0.8333,2,0.9857,100.0,100.0,
sp_only,4.5,6,union4_bonf,0.0,2,0.5143,0.0,4.96,
sp_only,4.5,6,best_axis_oracle,1.0,2,1.0,0.0,95.04,S_P
sp_only,4.5,6,sketch1,0.1667,2,0.8143,0.0,100.0,
sp_only,4.5,6,dci_v3,0.0,2,0.5143,0.0,4.96,
sp_only,4.5,6,dci_v3_a8,0.0,2,0.5905,14.6,18.87,
sp_only,4.5,7,always_multiD,1.0,0,1.0,100.0,100.0,
sp_only,4.5,7,union4_bonf,0.0,1,0.6333,0.0,4.96,
sp_only,4.5,7,best_axis_oracle,1.0,2,1.0,0.0,95.04,S_P
sp_only,4.5,7,sketch1,0.0,1,0.4095,0.0,100.0,
sp_only,4.5,7,dci_v3,0.0,1,0.6333,0.0,4.96,
sp_only,4.5,7,dci_v3_a8,0.0,1,0.6762,12.2,16.55,
sp_only,4.5,8,always_multiD,0.8333,1,0.9619,100.0,100.0,
sp_only,4.5,8,union4_bonf,0.0,1,0.3952,0.0,4.96,
sp_only,4.5,8,best_axis_oracle,1.0,1,1.0,0.0,95.04,S_P
sp_only,4.5,8,sketch1,0.1667,1,0.8,0.0,100.0,
sp_only,4.5,8,dci_v3,0.0,1,0.3952,0.0,4.96,
sp_only,4.5,8,dci_v3_a8,0.0,1,0.4429,14.6,18.87,
sp_only,4.5,9,always_multiD,1.0,3,0.9952,100.0,100.0,
sp_only,4.5,9,union4_bonf,0.0,1,0.4381,0.0,4.96,
sp_only,4.5,9,best_axis_oracle,1.0,6,1.0,0.0,95.04,S_P
sp_only,4.5,9,sketch1,0.0,4,0.5524,0.0,100.0,
sp_only,4.5,9,dci_v3,0.0,1,0.4381,0.0,4.96,
sp_only,4.5,9,dci_v3_a8,0.1667,1,0.6,12.2,16.55,
sp_only,4.5,10,always_multiD,1.0,3,0.9857,100.0,100.0,
sp_only,4.5,10,union4_bonf,0.0,1,0.381,0.0,4.96,
sp_only,4.5,10,best_axis_oracle,1.0,3,1.0,0.0,95.04,S_P
sp_only,4.5,10,sketch1,0.0,2,0.581,0.0,100.0,
sp_only,4.5,10,dci_v3,0.0,1,0.381,0.0,4.96,
sp_only,4.5,10,dci_v3_a8,0.0,2,0.4333,12.2,16.55,
sp_only,4.5,11,always_multiD,0.8333,1,0.9571,100.0,100.0,
sp_only,4.5,11,union4_bonf,0.0,0,0.5,0.0,4.96,
sp_only,4.5,11,best_axis_oracle,1.0,2,0.9905,0.0,95.04,S_P
sp_only,4.5,11,sketch1,0.0,1,0.6952,0.0,100.0,
sp_only,4.5,11,dci_v3,0.0,0,0.5,0.0,4.96,
sp_only,4.5,11,dci_v3_a8,0.1667,0,0.6286,12.2,16.55,
sp_only,4.5,12,always_multiD,1.0,1,0.981,100.0,100.0,
sp_only,4.5,12,union4_bonf,0.0,0,0.5095,0.0,4.96,
sp_only,4.5,12,best_axis_oracle,1.0,0,1.0,0.0,95.04,S_P
sp_only,4.5,12,sketch1,0.0,1,0.3429,0.0,100.0,
sp_only,4.5,12,dci_v3,0.0,0,0.5095,0.0,4.96,
sp_only,4.5,12,dci_v3_a8,0.0,0,0.5286,12.2,16.55,
sp_only,4.5,13,always_multiD,1.0,3,0.9952,100.0,100.0,
sp_only,4.5,13,union4_bonf,0.1667,4,0.6,0.0,4.96,
sp_only,4.5,13,best_axis_oracle,1.0,2,1.0,0.0,95.04,S_P
sp_only,4.5,13,sketch1,0.0,5,0.4619,0.0,100.0,
sp_only,4.5,13,dci_v3,0.1667,4,0.6,0.0,4.96,
sp_only,4.5,13,dci_v3_a8,0.1667,3,0.6524,12.2,16.55,
sp_only,4.5,14,always_multiD,1.0,1,1.0,100.0,100.0,
sp_only,4.5,14,union4_bonf,0.0,2,0.181,0.0,4.96,
sp_only,4.5,14,best_axis_oracle,1.0,1,1.0,0.0,95.04,S_P
sp_only,4.5,14,sketch1,0.0,1,0.5,0.0,100.0,
sp_only,4.5,14,dci_v3,0.0,2,0.181,0.0,4.96,
sp_only,4.5,14,dci_v3_a8,0.3333,2,0.5143,12.2,16.55,
sp_only,4.5,15,always_multiD,1.0,1,1.0,100.0,100.0,
sp_only,4.5,15,union4_bonf,0.0,1,0.4286,0.0,4.96,
sp_only,4.5,15,best_axis_oracle,1.0,2,1.0,0.0,95.04,S_P
sp_only,4.5,15,sketch1,0.0,2,0.4905,0.0,100.0,
sp_only,4.5,15,dci_v3,0.0,1,0.4286,0.0,4.96,
sp_only,4.5,15,dci_v3_a8,0.1667,1,0.5619,12.2,16.55,
sp_only,4.5,16,always_multiD,1.0,0,1.0,100.0,100.0,
sp_only,4.5,16,union4_bonf,0.0,1,0.4952,0.0,4.96,
sp_only,4.5,16,best_axis_oracle,1.0,0,1.0,0.0,95.04,S_P
sp_only,4.5,16,sketch1,0.0,2,0.4667,0.0,100.0,
sp_only,4.5,16,dci_v3,0.0,1,0.4952,0.0,4.96,
sp_only,4.5,16,dci_v3_a8,0.0,1,0.5857,14.6,18.87,
sp_only,4.5,17,always_multiD,0.5,2,0.8762,100.0,100.0,
sp_only,4.5,17,union4_bonf,0.0,2,0.581,0.0,4.96,
sp_only,4.5,17,best_axis_oracle,0.8333,0,1.0,0.0,95.04,S_P
sp_only,4.5,17,sketch1,0.0,3,0.581,0.0,100.0,
sp_only,4.5,17,dci_v3,0.0,2,0.581,0.0,4.96,
sp_only,4.5,17,dci_v3_a8,0.3333,2,0.6619,12.2,16.55,
sp_only,4.5,18,always_multiD,1.0,3,0.981,100.0,100.0,
sp_only,4.5,18,union4_bonf,0.0,5,0.4286,0.0,4.96,
sp_only,4.5,18,best_axis_oracle,1.0,0,1.0,0.0,95.04,S_P
sp_only,4.5,18,sketch1,0.0,2,0.5667,0.0,100.0,
sp_only,4.5,18,dci_v3,0.0,5,0.4286,0.0,4.96,
sp_only,4.5,18,dci_v3_a8,0.0,4,0.4905,12.2,16.55,
sp_only,4.5,19,always_multiD,1.0,4,0.9952,100.0,100.0,
sp_only,4.5,19,union4_bonf,0.1667,2,0.5381,0.0,4.96,
sp_only,4.5,19,best_axis_oracle,1.0,2,1.0,0.0,95.04,S_P
sp_only,4.5,19,sketch1,0.1667,0,0.6762,0.0,100.0,
sp_only,4.5,19,dci_v3,0.1667,2,0.5381,0.0,4.96,
sp_only,4.5,19,dci_v3_a8,0.3333,2,0.619,12.2,16.55,
sp_only,4.5,20,always_multiD,1.0,3,0.9905,100.0,100.0,
sp_only,4.5,20,union4_bonf,0.1667,1,0.3048,0.0,4.96,
sp_only,4.5,20,best_axis_oracle,1.0,2,1.0,0.0,95.04,S_P
sp_only,4.5,20,sketch1,0.0,2,0.3667,0.0,100.0,
sp_only,4.5,20,dci_v3,0.1667,1,0.3048,0.0,4.96,
sp_only,4.5,20,dci_v3_a8,0.1667,1,0.3571,12.2,16.55,
sp_only,4.5,21,always_multiD,1.0,1,1.0,100.0,100.0,
sp_only,4.5,21,union4_bonf,0.0,1,0.3667,0.0,4.96,
sp_only,4.5,21,best_axis_oracle,1.0,3,1.0,0.0,95.04,S_P
sp_only,4.5,21,sketch1,0.0,1,0.6952,0.0,100.0,
sp_only,4.5,21,dci_v3,0.0,1,0.3667,0.0,4.96,
sp_only,4.5,21,dci_v3_a8,0.3333,1,0.6619,12.2,16.55,
sp_only,4.5,22,always_multiD,0.8333,4,0.9762,100.0,100.0,
sp_only,4.5,22,union4_bonf,0.0,4,0.4238,0.0,4.96,
sp_only,4.5,22,best_axis_oracle,1.0,1,1.0,0.0,95.04,S_P
sp_only,4.5,22,sketch1,0.0,3,0.4667,0.0,100.0,
sp_only,4.5,22,dci_v3,0.0,4,0.5143,19.5,23.51,
sp_only,4.5,22,dci_v3_a8,0.1667,4,0.5857,29.3,32.78,
sp_only,4.5,23,always_multiD,1.0,2,1.0,100.0,100.0,
sp_only,4.5,23,union4_bonf,0.1667,4,0.3524,0.0,4.96,
sp_only,4.5,23,best_axis_oracle,1.0,1,1.0,0.0,95.04,S_P
sp_only,4.5,23,sketch1,0.0,2,0.6952,0.0,100.0,
sp_only,4.5,23,dci_v3,0.1667,4,0.3524,0.0,4.96,
sp_only,4.5,23,dci_v3_a8,0.3333,3,0.5381,12.2,16.55,
sp_only,4.5,24,always_multiD,1.0,0,1.0,100.0,100.0,
sp_only,4.5,24,union4_bonf,0.0,1,0.3952,0.0,4.96,
sp_only,4.5,24,best_axis_oracle,1.0,0,1.0,0.0,95.04,S_P
sp_only,4.5,24,sketch1,0.1667,3,0.6095,0.0,100.0,
sp_only,4.5,24,dci_v3,0.0,1,0.3952,0.0,4.96,
sp_only,4.5,24,dci_v3_a8,0.1667,1,0.5381,12.2,16.55,
sp_only,4.5,25,always_multiD,1.0,2,0.9952,100.0,100.0,
sp_only,4.5,25,union4_bonf,0.3333,1,0.6714,0.0,4.96,
sp_only,4.5,25,best_axis_oracle,1.0,3,1.0,0.0,95.04,S_P
sp_only,4.5,25,sketch1,0.3333,0,0.5905,0.0,100.0,
sp_only,4.5,25,dci_v3,0.3333,1,0.6714,0.0,4.96,
sp_only,4.5,25,dci_v3_a8,0.3333,1,0.681,12.2,16.55,
sp_only,4.5,26,always_multiD,1.0,1,1.0,100.0,100.0,
sp_only,4.5,26,union4_bonf,0.1667,3,0.4952,0.0,4.96,
sp_only,4.5,26,best_axis_oracle,1.0,3,1.0,0.0,95.04,S_P
sp_only,4.5,26,sketch1,0.1667,3,0.5857,0.0,100.0,
sp_only,4.5,26,dci_v3,0.1667,3,0.4952,0.0,4.96,
sp_only,4.5,26,dci_v3_a8,0.3333,2,0.6762,12.2,16.55,
sp_only,4.5,27,always_multiD,0.8333,1,0.9905,100.0,100.0,
sp_only,4.5,27,union4_bonf,0.0,1,0.4,0.0,4.96,
sp_only,4.5,27,best_axis_oracle,1.0,1,1.0,0.0,95.04,S_P
sp_only,4.5,27,sketch1,0.0,3,0.3905,0.0,100.0,
sp_only,4.5,27,dci_v3,0.0,1,0.4,0.0,4.96,
sp_only,4.5,27,dci_v3_a8,0.1667,1,0.4905,12.2,16.55,
sp_only,4.5,28,always_multiD,1.0,1,1.0,100.0,100.0,
sp_only,4.5,28,union4_bonf,0.0,2,0.7524,0.0,4.96,
sp_only,4.5,28,best_axis_oracle,1.0,1,1.0,0.0,95.04,S_P
sp_only,4.5,28,sketch1,0.1667,3,0.6619,0.0,100.0,
sp_only,4.5,28,dci_v3,0.0,2,0.7524,0.0,4.96,
sp_only,4.5,28,dci_v3_a8,0.0,2,0.7524,12.2,16.55,
sp_only,4.5,29,always_multiD,1.0,1,1.0,100.0,100.0,
sp_only,4.5,29,union4_bonf,0.0,1,0.5571,0.0,4.96,
sp_only,4.5,29,best_axis_oracle,1.0,2,1.0,0.0,95.04,S_P
sp_only,4.5,29,sketch1,0.0,3,0.2381,0.0,100.0,
sp_only,4.5,29,dci_v3,0.0,1,0.5571,0.0,4.96,
sp_only,4.5,29,dci_v3_a8,0.1667,1,0.681,12.2,16.55,
sp_only,4.5,30,always_multiD,0.8333,3,0.9429,100.0,100.0,
sp_only,4.5,30,union4_bonf,0.1667,6,0.5476,0.0,4.96,
sp_only,4.5,30,best_axis_oracle,0.8333,3,0.9857,0.0,95.04,S_P
sp_only,4.5,30,sketch1,0.1667,3,0.4429,0.0,100.0,
sp_only,4.5,30,dci_v3,0.1667,6,0.5476,0.0,4.96,
sp_only,4.5,30,dci_v3_a8,0.1667,6,0.581,12.2,16.55,
sp_only,4.5,31,always_multiD,1.0,2,1.0,100.0,100.0,
sp_only,4.5,31,union4_bonf,0.0,4,0.5048,0.0,4.96,
sp_only,4.5,31,best_axis_oracle,1.0,3,1.0,0.0,95.04,S_P
sp_only,4.5,31,sketch1,0.1667,3,0.6429,0.0,100.0,
sp_only,4.5,31,dci_v3,0.0,4,0.5048,0.0,4.96,
sp_only,4.5,31,dci_v3_a8,0.0,4,0.519,12.2,16.55,
sp_only,4.5,32,always_multiD,0.8333,0,0.9857,100.0,100.0,
sp_only,4.5,32,union4_bonf,0.0,0,0.5476,0.0,4.96,
sp_only,4.5,32,best_axis_oracle,1.0,1,1.0,0.0,95.04,S_P
sp_only,4.5,32,sketch1,0.3333,0,0.6476,0.0,100.0,
sp_only,4.5,32,dci_v3,0.0,0,0.5476,0.0,4.96,
sp_only,4.5,32,dci_v3_a8,0.1667,0,0.6524,12.2,16.55,
sp_only,4.5,33,always_multiD,1.0,2,1.0,100.0,100.0,
sp_only,4.5,33,union4_bonf,0.0,4,0.381,0.0,4.96,
sp_only,4.5,33,best_axis_oracle,1.0,0,1.0,0.0,95.04,S_P
sp_only,4.5,33,sketch1,0.1667,0,0.7286,0.0,100.0,
sp_only,4.5,33,dci_v3,0.0,4,0.381,0.0,4.96,
sp_only,4.5,33,dci_v3_a8,0.1667,5,0.5714,12.2,16.55,
sp_only,4.5,34,always_multiD,0.8333,0,0.9952,100.0,100.0,
sp_only,4.5,34,union4_bonf,0.0,0,0.3714,0.0,4.96,
sp_only,4.5,34,best_axis_oracle,1.0,0,1.0,0.0,95.04,S_P
sp_only,4.5,34,sketch1,0.0,1,0.4619,0.0,100.0,
sp_only,4.5,34,dci_v3,0.0,0,0.3714,0.0,4.96,
sp_only,4.5,34,dci_v3_a8,0.1667,0,0.5571,12.2,16.55,
sp_only,4.5,35,always_multiD,1.0,1,1.0,100.0,100.0,
sp_only,4.5,35,union4_bonf,0.0,3,0.4333,0.0,4.96,
sp_only,4.5,35,best_axis_oracle,1.0,2,1.0,0.0,95.04,S_P
sp_only,4.5,35,sketch1,0.1667,1,0.7429,0.0,100.0,
sp_only,4.5,35,dci_v3,0.0,3,0.4333,0.0,4.96,
sp_only,4.5,35,dci_v3_a8,0.3333,3,0.6095,12.2,16.55,
sp_only,4.5,36,always_multiD,1.0,1,1.0,100.0,100.0,
sp_only,4.5,36,union4_bonf,0.1667,2,0.5238,0.0,4.96,
sp_only,4.5,36,best_axis_oracle,1.0,3,1.0,0.0,95.04,S_P
sp_only,4.5,36,sketch1,0.1667,0,0.8286,0.0,100.0,
sp_only,4.5,36,dci_v3,0.1667,2,0.5238,0.0,4.96,
sp_only,4.5,36,dci_v3_a8,0.5,2,0.6714,12.2,16.55,
sp_only,4.5,37,always_multiD,1.0,0,1.0,100.0,100.0,
sp_only,4.5,37,union4_bonf,0.0,0,0.519,0.0,4.96,
sp_only,4.5,37,best_axis_oracle,1.0,0,1.0,0.0,95.04,S_P
sp_only,4.5,37,sketch1,0.1667,1,0.9095,0.0,100.0,
sp_only,4.5,37,dci_v3,0.0,0,0.519,0.0,4.96,
sp_only,4.5,37,dci_v3_a8,0.3333,0,0.6857,12.2,16.55,
sp_only,4.5,38,always_multiD,1.0,0,1.0,100.0,100.0,
sp_only,4.5,38,union4_bonf,0.1667,3,0.519,0.0,4.96,
sp_only,4.5,38,best_axis_oracle,1.0,1,1.0,0.0,95.04,S_P
sp_only,4.5,38,sketch1,0.1667,2,0.7048,0.0,100.0,
sp_only,4.5,38,dci_v3,0.1667,3,0.519,0.0,4.96,
sp_only,4.5,38,dci_v3_a8,0.3333,2,0.7048,12.2,16.55,
sp_only,4.5,39,always_multiD,1.0,2,0.9952,100.0,100.0,
sp_only,4.5,39,union4_bonf,0.0,4,0.5143,0.0,4.96,
sp_only,4.5,39,best_axis_oracle,1.0,2,0.9905,0.0,95.04,S_P
sp_only,4.5,39,sketch1,0.0,1,0.619,0.0,100.0,
sp_only,4.5,39,dci_v3,0.0,4,0.5143,0.0,4.96,
sp_only,4.5,39,dci_v3_a8,0.0,4,0.5667,12.2,16.55,
sp_only,4.5,40,always_multiD,0.8333,1,0.9857,100.0,100.0,
sp_only,4.5,40,union4_bonf,0.0,2,0.6667,0.0,4.96,
sp_only,4.5,40,best_axis_oracle,1.0,1,1.0,0.0,95.04,S_P
sp_only,4.5,40,sketch1,0.3333,2,0.7571,0.0,100.0,
sp_only,4.5,40,dci_v3,0.0,2,0.6667,0.0,4.96,
sp_only,4.5,40,dci_v3_a8,0.0,2,0.7048,12.2,16.55,
sp_only,4.5,41,always_multiD,1.0,2,0.9857,100.0,100.0,
sp_only,4.5,41,union4_bonf,0.0,1,0.3381,0.0,4.96,
sp_only,4.5,41,best_axis_oracle,1.0,1,1.0,0.0,95.04,S_P
sp_only,4.5,41,sketch1,0.0,2,0.4667,0.0,100.0,
sp_only,4.5,41,dci_v3,0.0,1,0.3381,0.0,4.96,
sp_only,4.5,41,dci_v3_a8,0.0,1,0.4048,12.2,16.55,
sp_only,4.5,42,always_multiD,1.0,2,1.0,100.0,100.0,
sp_only,4.5,42,union4_bonf,0.0,1,0.381,0.0,4.96,
sp_only,4.5,42,best_axis_oracle,1.0,0,1.0,0.0,95.04,S_P
sp_only,4.5,42,sketch1,0.0,2,0.4619,0.0,100.0,
sp_only,4.5,42,dci_v3,0.0,1,0.381,0.0,4.96,
sp_only,4.5,42,dci_v3_a8,0.0,1,0.4524,12.2,16.55,
sp_only,4.5,43,always_multiD,0.8333,2,0.9857,100.0,100.0,
sp_only,4.5,43,union4_bonf,0.0,2,0.5714,0.0,4.96,
sp_only,4.5,43,best_axis_oracle,1.0,0,1.0,0.0,95.04,S_P
sp_only,4.5,43,sketch1,0.3333,0,0.6571,0.0,100.0,
sp_only,4.5,43,dci_v3,0.0,2,0.5714,0.0,4.96,
sp_only,4.5,43,dci_v3_a8,0.1667,2,0.619,12.2,16.55,
sp_only,4.5,44,always_multiD,1.0,1,1.0,100.0,100.0,
sp_only,4.5,44,union4_bonf,0.0,2,0.3619,0.0,4.96,
sp_only,4.5,44,best_axis_oracle,1.0,4,1.0,0.0,95.04,S_P
sp_only,4.5,44,sketch1,0.3333,1,0.4048,0.0,100.0,
sp_only,4.5,44,dci_v3,0.0,2,0.3619,0.0,4.96,
sp_only,4.5,44,dci_v3_a8,0.0,1,0.419,14.6,18.87,
sp_only,4.5,45,always_multiD,1.0,2,1.0,100.0,100.0,
sp_only,4.5,45,union4_bonf,0.1667,2,0.6476,0.0,4.96,
sp_only,4.5,45,best_axis_oracle,1.0,1,1.0,0.0,95.04,S_P
sp_only,4.5,45,sketch1,0.0,1,0.6476,0.0,100.0,
sp_only,4.5,45,dci_v3,0.1667,2,0.6571,2.4,7.28,
sp_only,4.5,45,dci_v3_a8,0.1667,2,0.6857,12.2,16.55,
sp_only,4.5,46,always_multiD,1.0,3,1.0,100.0,100.0,
sp_only,4.5,46,union4_bonf,0.0,2,0.5476,0.0,4.96,
sp_only,4.5,46,best_axis_oracle,1.0,0,1.0,0.0,95.04,S_P
sp_only,4.5,46,sketch1,0.0,3,0.4714,0.0,100.0,
sp_only,4.5,46,dci_v3,0.0,2,0.5476,0.0,4.96,
sp_only,4.5,46,dci_v3_a8,0.0,1,0.6,12.2,16.55,
sp_only,4.5,47,always_multiD,0.8333,1,0.9476,100.0,100.0,
sp_only,4.5,47,union4_bonf,0.0,2,0.5476,0.0,4.96,
sp_only,4.5,47,best_axis_oracle,0.8333,2,0.9857,0.0,95.04,S_P
sp_only,4.5,47,sketch1,0.0,1,0.3667,0.0,100.0,
sp_only,4.5,47,dci_v3,0.0,2,0.5476,0.0,4.96,
sp_only,4.5,47,dci_v3_a8,0.0,2,0.581,12.2,16.55,
sp_only,4.5,48,always_multiD,1.0,1,1.0,100.0,100.0,
sp_only,4.5,48,union4_bonf,0.1667,0,0.4571,0.0,4.96,
sp_only,4.5,48,best_axis_oracle,1.0,3,1.0,0.0,95.04,S_P
sp_only,4.5,48,sketch1,0.0,1,0.4476,0.0,100.0,
sp_only,4.5,48,dci_v3,0.1667,0,0.4571,0.0,4.96,
sp_only,4.5,48,dci_v3_a8,0.1667,1,0.4857,12.2,16.55,
sp_only,4.5,49,always_multiD,1.0,1,0.9905,100.0,100.0,
sp_only,4.5,49,union4_bonf,0.0,2,0.3333,0.0,4.96,
sp_only,4.5,49,best_axis_oracle,1.0,0,1.0,0.0,95.04,S_P
sp_only,4.5,49,sketch1,0.0,1,0.6429,0.0,100.0,
sp_only,4.5,49,dci_v3,0.0,2,0.3333,0.0,4.96,
sp_only,4.5,49,dci_v3_a8,0.3333,2,0.581,12.2,16.55,
sp_only,6.0,0,always_multiD,1.0,1,1.0,100.0,100.0,
sp_only,6.0,0,union4_bonf,0.1667,1,0.7286,0.0,4.96,
sp_only,6.0,0,best_axis_oracle,1.0,0,1.0,0.0,95.04,S_P
sp_only,6.0,0,sketch1,0.0,3,0.6048,0.0,100.0,
sp_only,6.0,0,dci_v3,0.1667,1,0.7286,0.0,4.96,
sp_only,6.0,0,dci_v3_a8,0.3333,1,0.819,12.2,16.55,
sp_only,6.0,1,always_multiD,1.0,3,0.9905,100.0,100.0,
sp_only,6.0,1,union4_bonf,0.0,6,0.3333,0.0,4.96,
sp_only,6.0,1,best_axis_oracle,1.0,0,1.0,0.0,95.04,S_P
sp_only,6.0,1,sketch1,0.1667,3,0.3952,0.0,100.0,
sp_only,6.0,1,dci_v3,0.0,6,0.3429,4.9,9.6,
sp_only,6.0,1,dci_v3_a8,0.1667,5,0.5476,17.1,21.19,
sp_only,6.0,2,always_multiD,1.0,1,1.0,100.0,100.0,
sp_only,6.0,2,union4_bonf,0.0,0,0.7905,0.0,4.96,
sp_only,6.0,2,best_axis_oracle,1.0,1,1.0,0.0,95.04,S_P
sp_only,6.0,2,sketch1,0.1667,2,0.5857,0.0,100.0,
sp_only,6.0,2,dci_v3,0.0,0,0.7905,0.0,4.96,
sp_only,6.0,2,dci_v3_a8,0.3333,0,0.8762,12.2,16.55,
sp_only,6.0,3,always_multiD,1.0,1,1.0,100.0,100.0,
sp_only,6.0,3,union4_bonf,0.0,1,0.4238,0.0,4.96,
sp_only,6.0,3,best_axis_oracle,1.0,1,1.0,0.0,95.04,S_P
sp_only,6.0,3,sketch1,0.1667,1,0.3571,0.0,100.0,
sp_only,6.0,3,dci_v3,0.0,1,0.4238,0.0,4.96,
sp_only,6.0,3,dci_v3_a8,0.1667,1,0.4857,12.2,16.55,
sp_only,6.0,4,always_multiD,1.0,2,1.0,100.0,100.0,
sp_only,6.0,4,union4_bonf,0.0,0,0.4381,0.0,4.96,
sp_only,6.0,4,best_axis_oracle,1.0,4,1.0,0.0,95.04,S_P
sp_only,6.0,4,sketch1,0.0,1,0.4619,0.0,100.0,
sp_only,6.0,4,dci_v3,0.0,0,0.4381,0.0,4.96,
sp_only,6.0,4,dci_v3_a8,0.0,0,0.5048,14.6,18.87,
sp_only,6.0,5,always_multiD,1.0,2,1.0,100.0,100.0,
sp_only,6.0,5,union4_bonf,0.0,0,0.5952,0.0,4.96,
sp_only,6.0,5,best_axis_oracle,1.0,3,1.0,0.0,95.04,S_P
sp_only,6.0,5,sketch1,0.0,2,0.6143,0.0,100.0,
sp_only,6.0,5,dci_v3,0.5,1,0.7667,29.3,32.78,
sp_only,6.0,5,dci_v3_a8,0.5,2,0.7667,34.1,37.41,
sp_only,6.0,6,always_multiD,1.0,4,1.0,100.0,100.0,
sp_only,6.0,6,union4_bonf,0.0,1,0.419,0.0,4.96,
sp_only,6.0,6,best_axis_oracle,1.0,3,1.0,0.0,95.04,S_P
sp_only,6.0,6,sketch1,0.1667,2,0.6857,0.0,100.0,
sp_only,6.0,6,dci_v3,0.0,1,0.419,0.0,4.96,
sp_only,6.0,6,dci_v3_a8,0.0,0,0.4857,14.6,18.87,
sp_only,6.0,7,always_multiD,1.0,0,1.0,100.0,100.0,
sp_only,6.0,7,union4_bonf,0.0,0,0.4619,0.0,4.96,
sp_only,6.0,7,best_axis_oracle,1.0,0,1.0,0.0,95.04,S_P
sp_only,6.0,7,sketch1,0.1667,0,0.5667,0.0,100.0,
sp_only,6.0,7,dci_v3,0.0,0,0.4619,0.0,4.96,
sp_only,6.0,7,dci_v3_a8,0.0,0,0.519,12.2,16.55,
sp_only,6.0,8,always_multiD,1.0,2,1.0,100.0,100.0,
sp_only,6.0,8,union4_bonf,0.1667,1,0.5762,0.0,4.96,
sp_only,6.0,8,best_axis_oracle,1.0,1,1.0,0.0,95.04,S_P
sp_only,6.0,8,sketch1,0.0,2,0.519,0.0,100.0,
sp_only,6.0,8,dci_v3,0.1667,1,0.5762,0.0,4.96,
sp_only,6.0,8,dci_v3_a8,0.1667,2,0.5905,14.6,18.87,
sp_only,6.0,9,always_multiD,1.0,2,1.0,100.0,100.0,
sp_only,6.0,9,union4_bonf,0.0,1,0.419,0.0,4.96,
sp_only,6.0,9,best_axis_oracle,1.0,2,1.0,0.0,95.04,S_P
sp_only,6.0,9,sketch1,0.5,1,0.7571,0.0,100.0,
sp_only,6.0,9,dci_v3,0.0,1,0.419,0.0,4.96,
sp_only,6.0,9,dci_v3_a8,0.1667,1,0.5476,12.2,16.55,
sp_only,6.0,10,always_multiD,1.0,0,1.0,100.0,100.0,
sp_only,6.0,10,union4_bonf,0.0,1,0.5667,0.0,4.96,
sp_only,6.0,10,best_axis_oracle,1.0,0,1.0,0.0,95.04,S_P
sp_only,6.0,10,sketch1,0.0,0,0.7,0.0,100.0,
sp_only,6.0,10,dci_v3,0.0,1,0.5667,0.0,4.96,
sp_only,6.0,10,dci_v3_a8,0.0,1,0.6381,12.2,16.55,
sp_only,6.0,11,always_multiD,1.0,0,1.0,100.0,100.0,
sp_only,6.0,11,union4_bonf,0.0,2,0.3381,0.0,4.96,
sp_only,6.0,11,best_axis_oracle,1.0,0,1.0,0.0,95.04,S_P
sp_only,6.0,11,sketch1,0.5,1,0.9143,0.0,100.0,
sp_only,6.0,11,dci_v3,0.0,2,0.3381,0.0,4.96,
sp_only,6.0,11,dci_v3_a8,0.1667,2,0.4476,12.2,16.55,
sp_only,6.0,12,always_multiD,1.0,0,1.0,100.0,100.0,
sp_only,6.0,12,union4_bonf,0.0,1,0.5857,0.0,4.96,
sp_only,6.0,12,best_axis_oracle,1.0,1,1.0,0.0,95.04,S_P
sp_only,6.0,12,sketch1,0.1667,2,0.6,0.0,100.0,
sp_only,6.0,12,dci_v3,0.0,1,0.5857,0.0,4.96,
sp_only,6.0,12,dci_v3_a8,0.0,1,0.6429,12.2,16.55,
sp_only,6.0,13,always_multiD,1.0,1,1.0,100.0,100.0,
sp_only,6.0,13,union4_bonf,0.0,0,0.6,0.0,4.96,
sp_only,6.0,13,best_axis_oracle,1.0,1,1.0,0.0,95.04,S_P
sp_only,6.0,13,sketch1,0.0,0,0.6667,0.0,100.0,
sp_only,6.0,13,dci_v3,0.0,0,0.6,0.0,4.96,
sp_only,6.0,13,dci_v3_a8,0.0,0,0.6333,12.2,16.55,
sp_only,6.0,14,always_multiD,1.0,2,1.0,100.0,100.0,
sp_only,6.0,14,union4_bonf,0.0,3,0.3333,0.0,4.96,
sp_only,6.0,14,best_axis_oracle,1.0,1,1.0,0.0,95.04,S_P
sp_only,6.0,14,sketch1,0.1667,5,0.4286,0.0,100.0,
sp_only,6.0,14,dci_v3,0.0,3,0.3333,0.0,4.96,
sp_only,6.0,14,dci_v3_a8,0.3333,3,0.5476,12.2,16.55,
sp_only,6.0,15,always_multiD,1.0,4,1.0,100.0,100.0,
sp_only,6.0,15,union4_bonf,0.0,3,0.4333,0.0,4.96,
sp_only,6.0,15,best_axis_oracle,1.0,2,1.0,0.0,95.04,S_P
sp_only,6.0,15,sketch1,0.3333,3,0.5524,0.0,100.0,
sp_only,6.0,15,dci_v3,0.0,3,0.4333,0.0,4.96,
sp_only,6.0,15,dci_v3_a8,0.1667,3,0.5524,12.2,16.55,
sp_only,6.0,16,always_multiD,1.0,4,1.0,100.0,100.0,
sp_only,6.0,16,union4_bonf,0.0,3,0.3524,0.0,4.96,
sp_only,6.0,16,best_axis_oracle,1.0,3,1.0,0.0,95.04,S_P
sp_only,6.0,16,sketch1,0.1667,0,0.5476,0.0,100.0,
sp_only,6.0,16,dci_v3,0.0,3,0.3524,0.0,4.96,
sp_only,6.0,16,dci_v3_a8,0.0,3,0.4048,14.6,18.87,
sp_only,6.0,17,always_multiD,1.0,0,1.0,100.0,100.0,
sp_only,6.0,17,union4_bonf,0.1667,0,0.5333,0.0,4.96,
sp_only,6.0,17,best_axis_oracle,1.0,2,1.0,0.0,95.04,S_P
sp_only,6.0,17,sketch1,0.3333,2,0.6571,0.0,100.0,
sp_only,6.0,17,dci_v3,0.1667,0,0.5333,0.0,4.96,
sp_only,6.0,17,dci_v3_a8,0.5,0,0.7571,12.2,16.55,
sp_only,6.0,18,always_multiD,1.0,3,1.0,100.0,100.0,
sp_only,6.0,18,union4_bonf,0.1667,0,0.5905,0.0,4.96,
sp_only,6.0,18,best_axis_oracle,1.0,3,1.0,0.0,95.04,S_P
sp_only,6.0,18,sketch1,0.0,2,0.8857,0.0,100.0,
sp_only,6.0,18,dci_v3,0.1667,0,0.5905,0.0,4.96,
sp_only,6.0,18,dci_v3_a8,0.1667,0,0.6619,12.2,16.55,
sp_only,6.0,19,always_multiD,1.0,3,1.0,100.0,100.0,
sp_only,6.0,19,union4_bonf,0.0,2,0.2952,0.0,4.96,
sp_only,6.0,19,best_axis_oracle,1.0,2,1.0,0.0,95.04,S_P
sp_only,6.0,19,sketch1,0.1667,2,0.481,0.0,100.0,
sp_only,6.0,19,dci_v3,0.0,2,0.2952,0.0,4.96,
sp_only,6.0,19,dci_v3_a8,0.3333,2,0.5667,12.2,16.55,
sp_only,6.0,20,always_multiD,1.0,1,1.0,100.0,100.0,
sp_only,6.0,20,union4_bonf,0.1667,4,0.619,0.0,4.96,
sp_only,6.0,20,best_axis_oracle,1.0,1,1.0,0.0,95.04,S_P
sp_only,6.0,20,sketch1,0.3333,1,0.4238,0.0,100.0,
sp_only,6.0,20,dci_v3,0.1667,4,0.619,0.0,4.96,
sp_only,6.0,20,dci_v3_a8,0.1667,4,0.6571,12.2,16.55,
sp_only,6.0,21,always_multiD,1.0,0,1.0,100.0,100.0,
sp_only,6.0,21,union4_bonf,0.0,0,0.4,0.0,4.96,
sp_only,6.0,21,best_axis_oracle,1.0,5,1.0,0.0,95.04,S_P
sp_only,6.0,21,sketch1,0.3333,5,0.7333,0.0,100.0,
sp_only,6.0,21,dci_v3,0.0,0,0.4,0.0,4.96,
sp_only,6.0,21,dci_v3_a8,0.3333,0,0.619,12.2,16.55,
sp_only,6.0,22,always_multiD,1.0,3,1.0,100.0,100.0,
sp_only,6.0,22,union4_bonf,0.3333,4,0.6619,0.0,4.96,
sp_only,6.0,22,best_axis_oracle,1.0,2,1.0,0.0,95.04,S_P
sp_only,6.0,22,sketch1,0.1667,5,0.4952,0.0,100.0,
sp_only,6.0,22,dci_v3,0.3333,4,0.6619,0.0,4.96,
sp_only,6.0,22,dci_v3_a8,0.5,5,0.7143,12.2,16.55,
sp_only,6.0,23,always_multiD,1.0,2,1.0,100.0,100.0,
sp_only,6.0,23,union4_bonf,0.0,1,0.6476,0.0,4.96,
sp_only,6.0,23,best_axis_oracle,1.0,2,1.0,0.0,95.04,S_P
sp_only,6.0,23,sketch1,0.0,0,0.6714,0.0,100.0,
sp_only,6.0,23,dci_v3,0.0,1,0.6476,0.0,4.96,
sp_only,6.0,23,dci_v3_a8,0.3333,1,0.7524,12.2,16.55,
sp_only,6.0,24,always_multiD,1.0,2,1.0,100.0,100.0,
sp_only,6.0,24,union4_bonf,0.0,0,0.4476,0.0,4.96,
sp_only,6.0,24,best_axis_oracle,1.0,3,1.0,0.0,95.04,S_P
sp_only,6.0,24,sketch1,0.1667,1,0.7905,0.0,100.0,
sp_only,6.0,24,dci_v3,0.0,0,0.4476,0.0,4.96,
sp_only,6.0,24,dci_v3_a8,0.1667,0,0.6476,12.2,16.55,
sp_only,6.0,25,always_multiD,1.0,2,1.0,100.0,100.0,
sp_only,6.0,25,union4_bonf,0.0,3,0.4095,0.0,4.96,
sp_only,6.0,25,best_axis_oracle,1.0,2,1.0,0.0,95.04,S_P
sp_only,6.0,25,sketch1,0.3333,1,0.8238,0.0,100.0,
sp_only,6.0,25,dci_v3,0.0,3,0.4095,0.0,4.96,
sp_only,6.0,25,dci_v3_a8,0.0,3,0.4762,12.2,16.55,
sp_only,6.0,26,always_multiD,1.0,5,1.0,100.0,100.0,
sp_only,6.0,26,union4_bonf,0.0,3,0.181,0.0,4.96,
sp_only,6.0,26,best_axis_oracle,1.0,1,1.0,0.0,95.04,S_P
sp_only,6.0,26,sketch1,0.0,4,0.5333,0.0,100.0,
sp_only,6.0,26,dci_v3,0.0,3,0.181,0.0,4.96,
sp_only,6.0,26,dci_v3_a8,0.1667,3,0.3857,12.2,16.55,
sp_only,6.0,27,always_multiD,1.0,4,0.9952,100.0,100.0,
sp_only,6.0,27,union4_bonf,0.1667,3,0.5714,0.0,4.96,
sp_only,6.0,27,best_axis_oracle,1.0,0,1.0,0.0,95.04,S_P
sp_only,6.0,27,sketch1,0.5,3,0.7714,0.0,100.0,
sp_only,6.0,27,dci_v3,0.1667,3,0.5714,0.0,4.96,
sp_only,6.0,27,dci_v3_a8,0.3333,3,0.6476,12.2,16.55,
sp_only,6.0,28,always_multiD,1.0,0,1.0,100.0,100.0,
sp_only,6.0,28,union4_bonf,0.0,1,0.4476,0.0,4.96,
sp_only,6.0,28,best_axis_oracle,1.0,0,1.0,0.0,95.04,S_P
sp_only,6.0,28,sketch1,0.1667,3,0.5762,0.0,100.0,
sp_only,6.0,28,dci_v3,0.0,1,0.4476,0.0,4.96,
sp_only,6.0,28,dci_v3_a8,0.0,0,0.519,12.2,16.55,
sp_only,6.0,29,always_multiD,1.0,3,1.0,100.0,100.0,
sp_only,6.0,29,union4_bonf,0.3333,1,0.6048,0.0,4.96,
sp_only,6.0,29,best_axis_oracle,1.0,1,1.0,0.0,95.04,S_P
sp_only,6.0,29,sketch1,0.0,1,0.4762,0.0,100.0,
sp_only,6.0,29,dci_v3,0.3333,1,0.6048,0.0,4.96,
sp_only,6.0,29,dci_v3_a8,0.5,1,0.7381,12.2,16.55,
sp_only,6.0,30,always_multiD,1.0,0,1.0,100.0,100.0,
sp_only,6.0,30,union4_bonf,0.1667,3,0.7238,0.0,4.96,
sp_only,6.0,30,best_axis_oracle,1.0,0,1.0,0.0,95.04,S_P
sp_only,6.0,30,sketch1,0.1667,2,0.881,0.0,100.0,
sp_only,6.0,30,dci_v3,0.1667,3,0.7238,0.0,4.96,
sp_only,6.0,30,dci_v3_a8,0.1667,2,0.7667,12.2,16.55,
sp_only,6.0,31,always_multiD,1.0,2,1.0,100.0,100.0,
sp_only,6.0,31,union4_bonf,0.0,0,0.3476,0.0,4.96,
sp_only,6.0,31,best_axis_oracle,1.0,1,1.0,0.0,95.04,S_P
sp_only,6.0,31,sketch1,0.0,0,0.4381,0.0,100.0,
sp_only,6.0,31,dci_v3,0.0,0,0.3476,0.0,4.96,
sp_only,6.0,31,dci_v3_a8,0.0,0,0.4143,12.2,16.55,
sp_only,6.0,32,always_multiD,1.0,3,1.0,100.0,100.0,
sp_only,6.0,32,union4_bonf,0.1667,1,0.5333,0.0,4.96,
sp_only,6.0,32,best_axis_oracle,1.0,3,1.0,0.0,95.04,S_P
sp_only,6.0,32,sketch1,0.0,2,0.6333,0.0,100.0,
sp_only,6.0,32,dci_v3,0.1667,1,0.5333,0.0,4.96,
sp_only,6.0,32,dci_v3_a8,0.3333,1,0.5714,12.2,16.55,
sp_only,6.0,33,always_multiD,1.0,1,1.0,100.0,100.0,
sp_only,6.0,33,union4_bonf,0.0,1,0.519,0.0,4.96,
sp_only,6.0,33,best_axis_oracle,1.0,0,1.0,0.0,95.04,S_P
sp_only,6.0,33,sketch1,0.3333,0,0.7667,0.0,100.0,
sp_only,6.0,33,dci_v3,0.0,1,0.519,0.0,4.96,
sp_only,6.0,33,dci_v3_a8,0.1667,1,0.6238,12.2,16.55,
sp_only,6.0,34,always_multiD,1.0,2,1.0,100.0,100.0,
sp_only,6.0,34,union4_bonf,0.0,4,0.3714,0.0,4.96,
sp_only,6.0,34,best_axis_oracle,1.0,2,1.0,0.0,95.04,S_P
sp_only,6.0,34,sketch1,0.0,2,0.6429,0.0,100.0,
sp_only,6.0,34,dci_v3,0.0,4,0.3714,0.0,4.96,
sp_only,6.0,34,dci_v3_a8,0.1667,4,0.4952,12.2,16.55,
sp_only,6.0,35,always_multiD,1.0,5,1.0,100.0,100.0,
sp_only,6.0,35,union4_bonf,0.1667,3,0.4238,0.0,4.96,
sp_only,6.0,35,best_axis_oracle,1.0,2,1.0,0.0,95.04,S_P
sp_only,6.0,35,sketch1,0.0,1,0.6667,0.0,100.0,
sp_only,6.0,35,dci_v3,0.1667,3,0.4238,0.0,4.96,
sp_only,6.0,35,dci_v3_a8,0.3333,3,0.5714,12.2,16.55,
sp_only,6.0,36,always_multiD,1.0,1,1.0,100.0,100.0,
sp_only,6.0,36,union4_bonf,0.1667,1,0.3714,0.0,4.96,
sp_only,6.0,36,best_axis_oracle,1.0,1,1.0,0.0,95.04,S_P
sp_only,6.0,36,sketch1,0.1667,2,0.5333,0.0,100.0,
sp_only,6.0,36,dci_v3,0.1667,1,0.3714,0.0,4.96,
sp_only,6.0,36,dci_v3_a8,0.3333,0,0.5762,12.2,16.55,
sp_only,6.0,37,always_multiD,1.0,2,1.0,100.0,100.0,
sp_only,6.0,37,union4_bonf,0.0,1,0.4952,0.0,4.96,
sp_only,6.0,37,best_axis_oracle,1.0,1,1.0,0.0,95.04,S_P
sp_only,6.0,37,sketch1,0.1667,0,0.5048,0.0,100.0,
sp_only,6.0,37,dci_v3,0.0,1,0.4952,0.0,4.96,
sp_only,6.0,37,dci_v3_a8,0.3333,1,0.6048,12.2,16.55,
sp_only,6.0,38,always_multiD,1.0,0,1.0,100.0,100.0,
sp_only,6.0,38,union4_bonf,0.1667,0,0.5095,0.0,4.96,
sp_only,6.0,38,best_axis_oracle,1.0,1,1.0,0.0,95.04,S_P
sp_only,6.0,38,sketch1,0.1667,4,0.5571,0.0,100.0,
sp_only,6.0,38,dci_v3,0.1667,0,0.5095,0.0,4.96,
sp_only,6.0,38,dci_v3_a8,0.3333,0,0.5952,12.2,16.55,
sp_only,6.0,39,always_multiD,1.0,1,1.0,100.0,100.0,
sp_only,6.0,39,union4_bonf,0.0,0,0.3714,0.0,4.96,
sp_only,6.0,39,best_axis_oracle,1.0,0,1.0,0.0,95.04,S_P
sp_only,6.0,39,sketch1,0.3333,3,0.7762,0.0,100.0,
sp_only,6.0,39,dci_v3,0.0,0,0.3714,0.0,4.96,
sp_only,6.0,39,dci_v3_a8,0.0,0,0.4333,12.2,16.55,
sp_only,6.0,40,always_multiD,1.0,2,1.0,100.0,100.0,
sp_only,6.0,40,union4_bonf,0.3333,0,0.681,0.0,4.96,
sp_only,6.0,40,best_axis_oracle,1.0,2,1.0,0.0,95.04,S_P
sp_only,6.0,40,sketch1,0.3333,2,0.6857,0.0,100.0,
sp_only,6.0,40,dci_v3,0.3333,0,0.681,0.0,4.96,
sp_only,6.0,40,dci_v3_a8,0.3333,0,0.7,12.2,16.55,
sp_only,6.0,41,always_multiD,1.0,4,1.0,100.0,100.0,
sp_only,6.0,41,union4_bonf,0.0,5,0.4905,0.0,4.96,
sp_only,6.0,41,best_axis_oracle,1.0,2,1.0,0.0,95.04,S_P
sp_only,6.0,41,sketch1,0.0,2,0.5095,0.0,100.0,
sp_only,6.0,41,dci_v3,0.0,5,0.4905,0.0,4.96,
sp_only,6.0,41,dci_v3_a8,0.0,4,0.5476,12.2,16.55,
sp_only,6.0,42,always_multiD,1.0,5,1.0,100.0,100.0,
sp_only,6.0,42,union4_bonf,0.3333,7,0.4857,0.0,4.96,
sp_only,6.0,42,best_axis_oracle,1.0,0,1.0,0.0,95.04,S_P
sp_only,6.0,42,sketch1,0.1667,2,0.4429,0.0,100.0,
sp_only,6.0,42,dci_v3,0.3333,7,0.4857,0.0,4.96,
sp_only,6.0,42,dci_v3_a8,0.3333,7,0.5286,12.2,16.55,
sp_only,6.0,43,always_multiD,1.0,6,1.0,100.0,100.0,
sp_only,6.0,43,union4_bonf,0.3333,0,0.4095,0.0,4.96,
sp_only,6.0,43,best_axis_oracle,1.0,4,1.0,0.0,95.04,S_P
sp_only,6.0,43,sketch1,0.1667,4,0.6667,0.0,100.0,
sp_only,6.0,43,dci_v3,0.3333,1,0.4619,14.6,18.87,
sp_only,6.0,43,dci_v3_a8,0.3333,1,0.4952,26.8,30.46,
sp_only,6.0,44,always_multiD,1.0,4,1.0,100.0,100.0,
sp_only,6.0,44,union4_bonf,0.1667,3,0.6286,0.0,4.96,
sp_only,6.0,44,best_axis_oracle,1.0,2,1.0,0.0,95.04,S_P
sp_only,6.0,44,sketch1,0.3333,5,0.6619,0.0,100.0,
sp_only,6.0,44,dci_v3,0.1667,3,0.6286,0.0,4.96,
sp_only,6.0,44,dci_v3_a8,0.1667,2,0.6905,14.6,18.87,
sp_only,6.0,45,always_multiD,1.0,4,1.0,100.0,100.0,
sp_only,6.0,45,union4_bonf,0.0,1,0.3857,0.0,4.96,
sp_only,6.0,45,best_axis_oracle,1.0,5,1.0,0.0,95.04,S_P
sp_only,6.0,45,sketch1,0.1667,2,0.7381,0.0,100.0,
sp_only,6.0,45,dci_v3,0.0,1,0.3857,0.0,4.96,
sp_only,6.0,45,dci_v3_a8,0.0,2,0.4333,12.2,16.55,
sp_only,6.0,46,always_multiD,0.8333,1,0.9952,100.0,100.0,
sp_only,6.0,46,union4_bonf,0.0,1,0.3714,0.0,4.96,
sp_only,6.0,46,best_axis_oracle,1.0,1,1.0,0.0,95.04,S_P
sp_only,6.0,46,sketch1,0.1667,1,0.5905,0.0,100.0,
sp_only,6.0,46,dci_v3,0.0,1,0.3714,0.0,4.96,
sp_only,6.0,46,dci_v3_a8,0.0,1,0.4381,12.2,16.55,
sp_only,6.0,47,always_multiD,1.0,4,1.0,100.0,100.0,
sp_only,6.0,47,union4_bonf,0.1667,3,0.5429,0.0,4.96,
sp_only,6.0,47,best_axis_oracle,1.0,2,1.0,0.0,95.04,S_P
sp_only,6.0,47,sketch1,0.1667,4,0.3762,0.0,100.0,
sp_only,6.0,47,dci_v3,0.3333,3,0.5857,12.2,16.55,
sp_only,6.0,47,dci_v3_a8,0.3333,3,0.619,24.4,28.14,
sp_only,6.0,48,always_multiD,1.0,4,1.0,100.0,100.0,
sp_only,6.0,48,union4_bonf,0.1667,4,0.6571,0.0,4.96,
sp_only,6.0,48,best_axis_oracle,1.0,1,1.0,0.0,95.04,S_P
sp_only,6.0,48,sketch1,0.3333,5,0.7524,0.0,100.0,
sp_only,6.0,48,dci_v3,0.1667,4,0.6571,0.0,4.96,
sp_only,6.0,48,dci_v3_a8,0.1667,4,0.6762,12.2,16.55,
sp_only,6.0,49,always_multiD,1.0,1,1.0,100.0,100.0,
sp_only,6.0,49,union4_bonf,0.0,1,0.6952,0.0,4.96,
sp_only,6.0,49,best_axis_oracle,1.0,1,1.0,0.0,95.04,S_P
sp_only,6.0,49,sketch1,0.3333,3,0.5476,0.0,100.0,
sp_only,6.0,49,dci_v3,0.0,1,0.6952,0.0,4.96,
sp_only,6.0,49,dci_v3_a8,0.3333,1,0.8857,12.2,16.55,
