analysis_timestamp_utc,run_id,window,S_R,S_V,S_T,S_A,S_P,HSM
2026-07-05T13:12:27Z,20260705T131224Z,1,0.7877679844,1.0000000000,0.2926090459,0.6666666667,0.6666666667,0.6887971386
2026-07-05T13:12:27Z,20260705T131224Z,2,0.7233498105,1.0000000000,0.9500849642,0.3333333333,0.3333333333,0.6875211121
2026-07-05T13:12:27Z,20260705T131224Z,3,0.6968385816,1.0000000000,0.2577621168,0.5000000000,0.5000000000,0.6007620688
2026-07-05T13:12:27Z,20260705T131224Z,4,0.8178906433,1.0000000000,0.4301275269,0.6666666667,0.6666666667,0.7238314995
2026-07-05T13:12:27Z,20260705T131224Z,5,0.7778850527,1.0000000000,0.8233155708,0.6666666667,0.6666666667,0.7924677107
2026-07-05T13:12:27Z,20260705T131224Z,6,0.6864129653,1.0000000000,0.1305442147,0.5000000000,0.5000000000,0.5727120843
2026-07-05T13:12:27Z,20260705T131224Z,7,1.0000000000,1.0000000000,0.6974855906,1.0000000000,1.0000000000,0.9394971181
2026-07-05T13:12:27Z,20260705T131224Z,8,0.8349916978,1.0000000000,0.6457060008,0.7500000000,0.7500000000,0.8003891246
2026-07-05T13:12:27Z,20260705T131224Z,9,0.8308156933,1.0000000000,0.8846841354,0.6666666667,0.6666666667,0.8179740837
2026-07-05T13:12:27Z,20260705T131224Z,10,0.9291181088,1.0000000000,0.3160325403,1.0000000000,1.0000000000,0.8454860353
2026-07-05T13:12:27Z,20260705T131224Z,11,0.8308156933,1.0000000000,0.7991944448,0.6666666667,0.6666666667,0.8008761456
2026-07-05T13:12:27Z,20260705T131224Z,12,0.8308156933,1.0000000000,0.9023267692,0.6666666667,0.6666666667,0.8215026105
2026-07-05T13:12:27Z,20260705T131224Z,13,0.9291181088,1.0000000000,0.5192856065,1.0000000000,1.0000000000,0.8861366485
2026-07-05T13:12:27Z,20260705T131224Z,14,0.9291181088,1.0000000000,0.5791668483,1.0000000000,1.0000000000,0.8981128969
2026-07-05T13:12:27Z,20260705T131224Z,15,0.9291181088,1.0000000000,0.8108830488,1.0000000000,1.0000000000,0.9444561370
2026-07-05T13:12:27Z,20260705T131224Z,16,1.0000000000,1.0000000000,0.5969264516,1.0000000000,1.0000000000,0.9193852903
2026-07-05T13:12:27Z,20260705T131224Z,17,0.7677204728,1.0000000000,0.9665245833,0.5000000000,0.5000000000,0.7602350349
2026-07-05T13:12:27Z,20260705T131224Z,18,0.6968385816,1.0000000000,0.1559582608,0.5000000000,0.5000000000,0.5804012976
2026-07-05T13:12:27Z,20260705T131224Z,19,0.9291181088,1.0000000000,0.1894336775,1.0000000000,1.0000000000,0.8201662627
2026-07-05T13:12:27Z,20260705T131224Z,20,0.7677204728,1.0000000000,0.9665245833,0.5000000000,0.5000000000,0.7602350349
2026-07-05T13:12:27Z,20260705T131224Z,21,0.6968385816,1.0000000000,0.4365489651,0.5000000000,0.5000000000,0.6365194384
2026-07-05T13:12:27Z,20260705T131224Z,22,0.8178906433,1.0000000000,0.7086634066,0.6666666667,0.6666666667,0.7795386755
2026-07-05T13:12:27Z,20260705T131224Z,23,0.8308156933,1.0000000000,0.7543498162,0.6666666667,0.6666666667,0.7919072199
2026-07-05T13:12:27Z,20260705T131224Z,24,1.0000000000,1.0000000000,0.8775171560,1.0000000000,1.0000000000,0.9755034312
2026-07-05T13:12:27Z,20260705T131224Z,25,0.8308156933,1.0000000000,0.6861489844,0.6666666667,0.6666666667,0.7782670535
2026-07-05T13:12:27Z,20260705T131224Z,26,0.9389292606,1.0000000000,0.5713160609,1.0000000000,1.0000000000,0.8989955273
2026-07-05T13:12:27Z,20260705T131224Z,27,0.8938939633,1.0000000000,0.4770728097,1.0000000000,1.0000000000,0.8688880528
2026-07-05T13:12:27Z,20260705T131224Z,28,1.0000000000,1.0000000000,0.9405180032,1.0000000000,1.0000000000,0.9881036006
2026-07-05T13:12:27Z,20260705T131224Z,29,0.9389292606,1.0000000000,0.6764239361,1.0000000000,1.0000000000,0.9200171024
2026-07-05T13:12:27Z,20260705T131224Z,30,0.7309729266,1.0000000000,0.7847480535,0.5000000000,0.5000000000,0.7146928423
2026-07-05T13:12:27Z,20260705T131224Z,31,0.7877679844,1.0000000000,0.3341009347,0.6666666667,0.6666666667,0.6970955164
2026-07-05T13:12:27Z,20260705T131224Z,32,0.8308156933,1.0000000000,0.9092703219,0.6666666667,0.6666666667,0.8228913210
2026-07-05T13:12:27Z,20260705T131224Z,33,0.8308156933,1.0000000000,0.7305833490,0.6666666667,0.6666666667,0.7871539264
2026-07-05T13:12:27Z,20260705T131224Z,34,0.9291181088,1.0000000000,0.1408931499,1.0000000000,1.0000000000,0.8104581572
2026-07-05T13:12:27Z,20260705T131224Z,35,0.9291181088,1.0000000000,0.4447806586,1.0000000000,1.0000000000,0.8712356589
2026-07-05T13:12:27Z,20260705T131224Z,36,0.9291181088,1.0000000000,0.4447806586,1.0000000000,1.0000000000,0.8712356589
2026-07-05T13:12:27Z,20260705T131224Z,37,0.7677204728,1.0000000000,0.9295534250,0.5000000000,0.5000000000,0.7528408032
2026-07-05T13:12:27Z,20260705T131224Z,38,0.6968385816,1.0000000000,0.2577621168,0.5000000000,0.5000000000,0.6007620688
2026-07-05T13:12:27Z,20260705T131224Z,39,0.6186566985,1.0000000000,0.2573850573,0.3333333333,0.3333333333,0.5228078527
2026-07-05T13:12:27Z,20260705T131224Z,40,0.7677204728,1.0000000000,0.9665245833,0.5000000000,0.5000000000,0.7602350349
2026-07-05T13:12:27Z,20260705T131224Z,41,0.7677204728,1.0000000000,0.9665245833,0.5000000000,0.5000000000,0.7602350349
2026-07-05T13:12:27Z,20260705T131224Z,42,0.9291181088,1.0000000000,0.1039219917,1.0000000000,1.0000000000,0.8030639255
2026-07-05T13:12:27Z,20260705T131224Z,43,0.6968385816,1.0000000000,0.0704465750,0.5000000000,0.5000000000,0.5632989604
2026-07-05T13:12:27Z,20260705T131224Z,44,0.6968385816,1.0000000000,0.4365489651,0.5000000000,0.5000000000,0.6365194384
2026-07-05T13:12:27Z,20260705T131224Z,45,0.5822138547,1.0000000000,0.4222538635,0.2500000000,0.2500000000,0.5175042364
2026-07-05T13:12:27Z,20260705T131224Z,46,0.6251540513,1.0000000000,0.8344014373,0.2500000000,0.2500000000,0.6106688003
2026-07-05T13:12:27Z,20260705T131224Z,47,0.7248934060,1.0000000000,0.3663080433,0.6666666667,0.6666666667,0.6878182935
2026-07-05T13:12:27Z,20260705T131224Z,48,0.9389292606,1.0000000000,0.6946788093,1.0000000000,1.0000000000,0.9236680770
2026-07-05T13:12:27Z,20260705T131224Z,49,0.9694646303,1.0000000000,0.8287355945,1.0000000000,1.0000000000,0.9581132765
2026-07-05T13:12:27Z,20260705T131224Z,50,0.9694646303,1.0000000000,0.8879298276,1.0000000000,1.0000000000,0.9699521231
2026-07-05T13:12:27Z,20260705T131224Z,51,0.6251540513,1.0000000000,0.5961465394,0.2500000000,0.2500000000,0.5630178207
2026-07-05T13:12:27Z,20260705T131224Z,52,0.5857228750,1.0000000000,0.2741606301,0.2500000000,0.2500000000,0.4887628448
2026-07-05T13:12:27Z,20260705T131224Z,53,0.8308156933,1.0000000000,0.7905756498,0.6666666667,0.6666666667,0.7991523866
2026-07-05T13:12:27Z,20260705T131224Z,54,0.7167933476,1.0000000000,0.2242026939,0.4000000000,0.4000000000,0.5640388757
2026-07-05T13:12:27Z,20260705T131224Z,55,0.6916771212,1.0000000000,0.6862158344,0.5000000000,0.5000000000,0.6851624472
2026-07-05T13:12:27Z,20260705T131224Z,56,0.7895834242,1.0000000000,0.7413127992,0.5000000000,0.5000000000,0.7206584159
2026-07-05T13:12:27Z,20260705T131224Z,57,1.0000000000,1.0000000000,0.9999999905,1.0000000000,1.0000000000,0.9999999981
2026-07-05T13:12:27Z,20260705T131224Z,58,1.0000000000,1.0000000000,0.9552415148,1.0000000000,1.0000000000,0.9910483030
2026-07-05T13:12:27Z,20260705T131224Z,59,0.9291181088,1.0000000000,0.5477487407,1.0000000000,1.0000000000,0.8918292753
2026-07-05T13:12:27Z,20260705T131224Z,60,0.6968385816,1.0000000000,0.4365489651,0.5000000000,0.5000000000,0.6365194384
2026-07-05T13:12:27Z,20260705T131224Z,61,0.9999999953,1.0000000000,1.0000000000,1.0000000000,1.0000000000,0.9999999988
2026-07-05T13:12:27Z,20260705T131224Z,62,0.7677204728,1.0000000000,0.7422378832,0.5000000000,0.5000000000,0.7153776948
2026-07-05T13:12:27Z,20260705T131224Z,63,0.8308156933,1.0000000000,0.8588550841,0.6666666667,0.6666666667,0.8128082735
2026-07-05T13:12:27Z,20260705T131224Z,64,0.6820617591,1.0000000000,0.5496738246,0.5000000000,0.5000000000,0.6554502047
2026-07-05T13:12:27Z,20260705T131224Z,65,0.6251540513,1.0000000000,0.6044690365,0.2500000000,0.2500000000,0.5646823201
2026-07-05T13:12:27Z,20260705T131224Z,66,0.9291181088,1.0000000000,0.6943110820,1.0000000000,1.0000000000,0.9211417436
2026-07-05T13:12:27Z,20260705T131224Z,67,0.6968385816,1.0000000000,0.4365489651,0.5000000000,0.5000000000,0.6365194384
2026-07-05T13:12:27Z,20260705T131224Z,68,0.7221149473,1.0000000000,0.7499837614,0.3333333333,0.3333333333,0.6471921558
2026-07-05T13:12:27Z,20260705T131224Z,69,0.7575558929,1.0000000000,0.4892220734,0.6666666667,0.6666666667,0.7205667212
2026-07-05T13:12:27Z,20260705T131224Z,70,0.7575558929,1.0000000000,0.5080917002,0.6666666667,0.6666666667,0.7243406466
2026-07-05T13:12:27Z,20260705T131224Z,71,0.7575558929,1.0000000000,0.3900852729,0.6666666667,0.6666666667,0.7007393611
2026-07-05T13:12:27Z,20260705T131224Z,72,0.6186566985,1.0000000000,0.3139791351,0.3333333333,0.3333333333,0.5341266683
2026-07-05T13:12:27Z,20260705T131224Z,73,0.5857228750,1.0000000000,0.3347133086,0.2500000000,0.2500000000,0.5008733805
2026-07-05T13:12:27Z,20260705T131224Z,74,0.7496918975,1.0000000000,0.9119278398,0.5000000000,0.5000000000,0.7448085423
2026-07-05T13:12:27Z,20260705T131224Z,75,0.6616313865,1.0000000000,0.3646829799,0.5000000000,0.5000000000,0.6133444426
2026-07-05T13:12:27Z,20260705T131224Z,76,0.6616313865,1.0000000000,0.2590577033,0.5000000000,0.5000000000,0.5922193873
2026-07-05T13:12:27Z,20260705T131224Z,77,0.8308156933,1.0000000000,0.8131656506,0.6666666667,0.6666666667,0.8036703868
2026-07-05T13:12:27Z,20260705T131224Z,78,0.6968385816,1.0000000000,0.2577621168,0.5000000000,0.5000000000,0.6007620688
2026-07-05T13:12:27Z,20260705T131224Z,79,0.9999999953,1.0000000000,1.0000000000,1.0000000000,1.0000000000,0.9999999988
2026-07-05T13:12:27Z,20260705T131224Z,80,0.6968385816,1.0000000000,0.2048327647,0.5000000000,0.5000000000,0.5901761983
2026-07-05T13:12:27Z,20260705T131224Z,81,0.9291181088,1.0000000000,0.3160325403,1.0000000000,1.0000000000,0.8454860353
2026-07-05T13:12:27Z,20260705T131224Z,82,0.7677204728,1.0000000000,0.8888002244,0.5000000000,0.5000000000,0.7446901631
2026-07-05T13:12:27Z,20260705T131224Z,83,0.9999999953,1.0000000000,1.0000000000,1.0000000000,1.0000000000,0.9999999988
2026-07-05T13:12:27Z,20260705T131224Z,84,0.6968385816,1.0000000000,0.3144528418,0.5000000000,0.5000000000,0.6121002138
2026-07-05T13:12:27Z,20260705T131224Z,85,0.9291181088,1.0000000000,0.3848994168,1.0000000000,1.0000000000,0.8592594106
2026-07-05T13:12:27Z,20260705T131224Z,86,0.8308156933,1.0000000000,0.8961891502,0.6666666667,0.6666666667,0.8202750867
2026-07-05T13:12:27Z,20260705T131224Z,87,0.8178906433,1.0000000000,0.6006301841,0.6666666667,0.6666666667,0.7579320310
2026-07-05T13:12:27Z,20260705T131224Z,88,0.9291181088,1.0000000000,0.4700243819,1.0000000000,1.0000000000,0.8762844036
2026-07-05T13:12:27Z,20260705T131224Z,89,0.6666666667,1.0000000000,0.9526695251,0.3333333333,0.3333333333,0.6738672384
2026-07-05T13:12:27Z,20260705T131224Z,90,0.7248934060,1.0000000000,0.1196946536,0.6666666667,0.6666666667,0.6384956156
2026-07-05T13:12:27Z,20260705T131224Z,91,0.9189432581,1.0000000000,0.2002806055,1.0000000000,1.0000000000,0.8197919356
2026-07-05T13:12:27Z,20260705T131224Z,92,0.9189432581,1.0000000000,0.3804087938,1.0000000000,1.0000000000,0.8558175733
2026-07-05T13:12:27Z,20260705T131224Z,93,0.9389292606,1.0000000000,0.6937401240,1.0000000000,1.0000000000,0.9234803400
2026-07-05T13:12:27Z,20260705T131224Z,94,1.0000000000,1.0000000000,0.6748340540,1.0000000000,1.0000000000,0.9349668108
2026-07-05T13:12:27Z,20260705T131224Z,95,0.8274928135,1.0000000000,0.5731830391,0.6666666667,0.6666666667,0.7548431445
2026-07-05T13:12:27Z,20260705T131224Z,96,0.8274928135,1.0000000000,0.7153604996,0.6666666667,0.6666666667,0.7832786366
2026-07-05T13:12:27Z,20260705T131224Z,97,0.7470254735,1.0000000000,0.6469546764,0.5000000000,0.5000000000,0.6911473037
2026-07-05T13:12:27Z,20260705T131224Z,98,0.9189432581,1.0000000000,0.5291529815,1.0000000000,1.0000000000,0.8855664108
2026-07-05T13:12:27Z,20260705T131224Z,99,0.7107144013,1.0000000000,0.8002247874,0.5000000000,0.5000000000,0.7127235578
2026-07-05T13:12:27Z,20260705T131224Z,100,0.8178906433,1.0000000000,0.3287584004,0.6666666667,0.6666666667,0.7035576742
2026-07-05T13:12:27Z,20260705T131224Z,101,0.7778850527,1.0000000000,0.8953096701,0.6666666667,0.6666666667,0.8068665305
2026-07-05T13:12:27Z,20260705T131224Z,102,0.7575558929,1.0000000000,0.2929962928,0.6666666667,0.6666666667,0.6813215651
2026-07-05T13:12:27Z,20260705T131224Z,103,0.6968385816,1.0000000000,0.2577621168,0.5000000000,0.5000000000,0.6007620688
2026-07-05T13:12:27Z,20260705T131224Z,104,0.9999999953,1.0000000000,1.0000000000,1.0000000000,1.0000000000,0.9999999988
2026-07-05T13:12:27Z,20260705T131224Z,105,0.7322795272,1.0000000000,0.5000000000,0.5000000000,0.5000000000,0.6580698818
2026-07-05T13:12:27Z,20260705T131224Z,106,0.9645590544,1.0000000000,0.6111997756,1.0000000000,1.0000000000,0.9133797187
2026-07-05T13:12:27Z,20260705T131224Z,107,0.8048689313,1.0000000000,0.9163663756,0.6666666667,0.6666666667,0.8178238413
2026-07-05T13:12:27Z,20260705T131224Z,108,0.8048689313,1.0000000000,0.9163663756,0.6666666667,0.6666666667,0.8178238413
2026-07-05T13:12:27Z,20260705T131224Z,109,0.9645590544,1.0000000000,0.6111997756,1.0000000000,1.0000000000,0.9133797187
2026-07-05T13:12:27Z,20260705T131224Z,110,0.7322795272,1.0000000000,0.5000000000,0.5000000000,0.5000000000,0.6580698818
2026-07-05T13:12:27Z,20260705T131224Z,111,0.7677204728,1.0000000000,0.6256659164,0.5000000000,0.5000000000,0.6920633015
2026-07-05T13:12:27Z,20260705T131224Z,112,0.7895834242,1.0000000000,0.8538341737,0.5000000000,0.5000000000,0.7431626908
2026-07-05T13:12:27Z,20260705T131224Z,113,0.7475513658,1.0000000000,0.5383415937,0.5000000000,0.5000000000,0.6695561602
2026-07-05T13:12:27Z,20260705T131224Z,114,0.7248934060,1.0000000000,0.3663080433,0.6666666667,0.6666666667,0.6878182935
2026-07-05T13:12:27Z,20260705T131224Z,115,0.8349916978,1.0000000000,0.4396185245,0.7500000000,0.7500000000,0.7591716294
2026-07-05T13:12:27Z,20260705T131224Z,116,0.8461736740,1.0000000000,0.6117443723,0.7500000000,0.7500000000,0.7963922930
2026-07-05T13:12:27Z,20260705T131224Z,117,0.8308156933,1.0000000000,0.9440731031,0.6666666667,0.6666666667,0.8298518773
2026-07-05T13:12:27Z,20260705T131224Z,118,0.8178906433,1.0000000000,0.7086634066,0.6666666667,0.6666666667,0.7795386755
2026-07-05T13:12:27Z,20260705T131224Z,119,0.6474930472,1.0000000000,0.3768724789,0.4000000000,0.4000000000,0.5772477576
2026-07-05T13:12:27Z,20260705T131224Z,120,0.7179667542,1.0000000000,0.3335449817,0.7500000000,0.7500000000,0.7087006849
2026-07-05T13:12:27Z,20260705T131224Z,121,0.6251540513,1.0000000000,0.7131787952,0.2500000000,0.2500000000,0.5864242718
2026-07-05T13:12:27Z,20260705T131224Z,122,0.9291181088,1.0000000000,0.1039219917,1.0000000000,1.0000000000,0.8030639255
2026-07-05T13:12:27Z,20260705T131224Z,123,0.8308156933,1.0000000000,0.6305422954,0.6666666667,0.6666666667,0.7671457157
2026-07-05T13:12:27Z,20260705T131224Z,124,0.8308156933,1.0000000000,0.7074047296,0.6666666667,0.6666666667,0.7825182026
2026-07-05T13:12:27Z,20260705T131224Z,125,0.7677204728,1.0000000000,0.8888002244,0.5000000000,0.5000000000,0.7446901631
2026-07-05T13:12:27Z,20260705T131224Z,126,0.7677204728,1.0000000000,0.9665245833,0.5000000000,0.5000000000,0.7602350349
2026-07-05T13:12:27Z,20260705T131224Z,127,0.9291181088,1.0000000000,0.1039219917,1.0000000000,1.0000000000,0.8030639255
2026-07-05T13:12:27Z,20260705T131224Z,128,0.9291181088,1.0000000000,0.1039219917,1.0000000000,1.0000000000,0.8030639255
2026-07-05T13:12:27Z,20260705T131224Z,129,0.7677204728,1.0000000000,0.9665245833,0.5000000000,0.5000000000,0.7602350349
2026-07-05T13:12:27Z,20260705T131224Z,130,0.6968385816,1.0000000000,0.2577621168,0.5000000000,0.5000000000,0.6007620688
2026-07-05T13:12:27Z,20260705T131224Z,131,0.8178906433,1.0000000000,0.3749562282,0.6666666667,0.6666666667,0.7127972398
2026-07-05T13:12:27Z,20260705T131224Z,132,0.7221149473,1.0000000000,0.8757779321,0.3333333333,0.3333333333,0.6723509899
2026-07-05T13:12:27Z,20260705T131224Z,133,0.7677204728,1.0000000000,0.5634510349,0.5000000000,0.5000000000,0.6796203252
2026-07-05T13:12:27Z,20260705T131224Z,134,0.8308156933,1.0000000000,0.7664218087,0.6666666667,0.6666666667,0.7943216184
2026-07-05T13:12:27Z,20260705T131224Z,135,0.7778850527,1.0000000000,0.7416298882,0.6666666667,0.6666666667,0.7761305741
2026-07-05T13:12:27Z,20260705T131224Z,136,0.7248934060,1.0000000000,0.1214303012,0.6666666667,0.6666666667,0.6388427451
2026-07-05T13:12:27Z,20260705T131224Z,137,0.9389292606,1.0000000000,0.2854820100,1.0000000000,1.0000000000,0.8418287172
2026-07-05T13:12:27Z,20260705T131224Z,138,0.7778850527,1.0000000000,0.8342126435,0.6666666667,0.6666666667,0.7946471252
2026-07-05T13:12:27Z,20260705T131224Z,139,0.6186566985,1.0000000000,0.2045394815,0.3333333333,0.3333333333,0.5122387376
2026-07-05T13:12:27Z,20260705T131224Z,140,0.8178906433,1.0000000000,0.5391490121,0.6666666667,0.6666666667,0.7456357966
2026-07-05T13:12:27Z,20260705T131224Z,141,0.8178906433,1.0000000000,0.3685807335,0.6666666667,0.6666666667,0.7115221409
2026-07-05T13:12:27Z,20260705T131224Z,142,0.6186566985,1.0000000000,0.1557382910,0.3333333333,0.3333333333,0.5024784995
2026-07-05T13:12:27Z,20260705T131224Z,143,0.7248934060,1.0000000000,0.1707724867,0.6666666667,0.6666666667,0.6487111822
2026-07-05T13:12:27Z,20260705T131224Z,144,0.7778850527,1.0000000000,0.7302972117,0.6666666667,0.6666666667,0.7738640389
2026-07-05T13:12:27Z,20260705T131224Z,145,0.9291181088,1.0000000000,0.6943110820,1.0000000000,1.0000000000,0.9211417436
2026-07-05T13:12:27Z,20260705T131224Z,146,0.9291181088,1.0000000000,0.4700243819,1.0000000000,1.0000000000,0.8762844036
2026-07-05T13:12:27Z,20260705T131224Z,147,0.7677204728,1.0000000000,0.9665245833,0.5000000000,0.5000000000,0.7602350349
2026-07-05T13:12:27Z,20260705T131224Z,148,0.7677204728,1.0000000000,0.5634510349,0.5000000000,0.5000000000,0.6796203252
2026-07-05T13:12:27Z,20260705T131224Z,149,0.8308156933,1.0000000000,0.7264618900,0.6666666667,0.6666666667,0.7863296347
2026-07-05T13:12:27Z,20260705T131224Z,150,0.8308156933,1.0000000000,0.8614710364,0.6666666667,0.6666666667,0.8133314639
2026-07-05T13:12:27Z,20260705T131224Z,151,1.0000000000,1.0000000000,1.0000000000,1.0000000000,1.0000000000,1.0000000000
2026-07-05T13:12:27Z,20260705T131224Z,152,0.9291181088,1.0000000000,0.2383081814,1.0000000000,1.0000000000,0.8299411635
2026-07-05T13:12:27Z,20260705T131224Z,153,0.9291181088,1.0000000000,0.2383081814,1.0000000000,1.0000000000,0.8299411635
2026-07-05T13:12:27Z,20260705T131224Z,154,0.7677204728,1.0000000000,0.9665245833,0.5000000000,0.5000000000,0.7602350349
2026-07-05T13:12:27Z,20260705T131224Z,155,0.6665729829,1.0000000000,0.3352247013,0.3333333333,0.3333333333,0.5503548526
2026-07-05T13:12:27Z,20260705T131224Z,156,0.5857228750,1.0000000000,0.3242297209,0.2500000000,0.2500000000,0.4987766629
2026-07-05T13:12:27Z,20260705T131224Z,157,0.8308156933,1.0000000000,0.9105614780,0.6666666667,0.6666666667,0.8231495523
2026-07-05T13:12:27Z,20260705T131224Z,158,0.6961594867,1.0000000000,0.2014412458,0.5000000000,0.5000000000,0.5893281208
2026-07-05T13:12:27Z,20260705T131224Z,159,0.7496918975,1.0000000000,0.9421055274,0.5000000000,0.5000000000,0.7508440799
2026-07-05T13:12:27Z,20260705T131224Z,160,0.7248934060,1.0000000000,0.1675459769,0.6666666667,0.6666666667,0.6480658802
2026-07-05T13:12:27Z,20260705T131224Z,161,0.6251540513,1.0000000000,0.8260550879,0.2500000000,0.2500000000,0.6089995304
2026-07-05T13:12:27Z,20260705T131224Z,162,0.7415433010,1.0000000000,0.5624898655,0.5000000000,0.5000000000,0.6728837984
2026-07-05T13:12:27Z,20260705T131224Z,163,0.8308156933,1.0000000000,0.6671488507,0.6666666667,0.6666666667,0.7744670268
2026-07-05T13:12:27Z,20260705T131224Z,164,0.7895834242,1.0000000000,0.6232796894,0.5000000000,0.5000000000,0.6970517939
2026-07-05T13:12:27Z,20260705T131224Z,165,0.8683435189,1.0000000000,0.8469628210,0.7500000000,0.7500000000,0.8489784439
2026-07-05T13:12:27Z,20260705T131224Z,166,0.9189432581,1.0000000000,0.3388127815,1.0000000000,1.0000000000,0.8474983708
2026-07-05T13:12:27Z,20260705T131224Z,167,0.7877679844,1.0000000000,0.3901824732,0.6666666667,0.6666666667,0.7083118241
2026-07-05T13:12:27Z,20260705T131224Z,168,0.7216876901,1.0000000000,0.1066456232,0.6666666667,0.6666666667,0.6350843805
2026-07-05T13:12:27Z,20260705T131224Z,169,0.7877679844,1.0000000000,0.3341009347,0.6666666667,0.6666666667,0.6970955164
2026-07-05T13:12:27Z,20260705T131224Z,170,1.0000000000,1.0000000000,0.8534376588,1.0000000000,1.0000000000,0.9706875318
2026-07-05T13:12:27Z,20260705T131224Z,171,0.6666666667,1.0000000000,0.8685561163,0.3333333333,0.3333333333,0.6570445566
2026-07-05T13:12:27Z,20260705T131224Z,172,0.9291181088,1.0000000000,0.2264048357,1.0000000000,1.0000000000,0.8275604943
2026-07-05T13:12:27Z,20260705T131224Z,173,0.6186566985,1.0000000000,0.1557382910,0.3333333333,0.3333333333,0.5024784995
2026-07-05T13:12:27Z,20260705T131224Z,174,0.7677204728,1.0000000000,0.9665245833,0.5000000000,0.5000000000,0.7602350349
2026-07-05T13:12:27Z,20260705T131224Z,175,0.6968385816,1.0000000000,0.3144528418,0.5000000000,0.5000000000,0.6121002138
2026-07-05T13:12:27Z,20260705T131224Z,176,0.7575558929,1.0000000000,0.5186428283,0.6666666667,0.6666666667,0.7264508722
2026-07-05T13:12:27Z,20260705T131224Z,177,0.9389292606,1.0000000000,0.4190889320,1.0000000000,1.0000000000,0.8685501016
2026-07-05T13:12:27Z,20260705T131224Z,178,0.8308156933,1.0000000000,0.7573774607,0.6666666667,0.6666666667,0.7925127488
2026-07-05T13:12:27Z,20260705T131224Z,179,0.6186566985,1.0000000000,0.3139791351,0.3333333333,0.3333333333,0.5341266683
2026-07-05T13:12:27Z,20260705T131224Z,180,0.6666666667,1.0000000000,0.6839169010,0.3333333333,0.3333333333,0.6201167135
2026-07-05T13:12:27Z,20260705T131224Z,181,0.7911717252,1.0000000000,0.7850892578,0.5000000000,0.5000000000,0.7298107828
2026-07-05T13:12:27Z,20260705T131224Z,182,0.7295870522,1.0000000000,0.8276353711,0.5000000000,0.5000000000,0.7229238373
2026-07-05T13:12:27Z,20260705T131224Z,183,0.7248934060,1.0000000000,0.3663080433,0.6666666667,0.6666666667,0.6878182935
2026-07-05T13:12:27Z,20260705T131224Z,184,0.8461736740,1.0000000000,0.9316157627,0.7500000000,0.7500000000,0.8603665710
2026-07-05T13:12:27Z,20260705T131224Z,185,0.8403704676,1.0000000000,0.7565848340,0.7500000000,0.7500000000,0.8239095837
2026-07-05T13:12:27Z,20260705T131224Z,186,0.8403704676,1.0000000000,0.2962261054,0.7500000000,0.7500000000,0.7318378380
2026-07-05T13:12:27Z,20260705T131224Z,187,0.6943980101,1.0000000000,0.8449132848,0.4000000000,0.4000000000,0.6825821595
2026-07-05T13:12:27Z,20260705T131224Z,188,0.7415433010,1.0000000000,0.4388121980,0.5000000000,0.5000000000,0.6481482649
2026-07-05T13:12:27Z,20260705T131224Z,189,0.8308156933,1.0000000000,0.9408166570,0.6666666667,0.6666666667,0.8292005880
2026-07-05T13:12:27Z,20260705T131224Z,190,1.0000000000,1.0000000000,0.8903799229,1.0000000000,1.0000000000,0.9780759846
2026-07-05T13:12:27Z,20260705T131224Z,191,0.6968385816,1.0000000000,0.2048327647,0.5000000000,0.5000000000,0.5901761983
2026-07-05T13:12:27Z,20260705T131224Z,192,0.6968385816,1.0000000000,0.3144528418,0.5000000000,0.5000000000,0.6121002138
2026-07-05T13:12:27Z,20260705T131224Z,193,0.9291181088,1.0000000000,0.3479282586,1.0000000000,1.0000000000,0.8518651789
2026-07-05T13:12:27Z,20260705T131224Z,194,0.6666666667,1.0000000000,0.9526695251,0.3333333333,0.3333333333,0.6738672384
2026-07-05T13:12:27Z,20260705T131224Z,195,0.6431777520,1.0000000000,0.4991206898,0.3333333333,0.3333333333,0.5772852426
2026-07-05T13:12:27Z,20260705T131224Z,196,0.9645590544,1.0000000000,0.7577621168,1.0000000000,1.0000000000,0.9426921870
2026-07-05T13:12:27Z,20260705T131224Z,197,0.7677204728,1.0000000000,0.7422378832,0.5000000000,0.5000000000,0.7153776948
2026-07-05T13:12:27Z,20260705T131224Z,198,0.7677204728,1.0000000000,0.8440417392,0.5000000000,0.5000000000,0.7357384660
2026-07-05T13:12:27Z,20260705T131224Z,199,1.0000000000,1.0000000000,0.7194092956,1.0000000000,1.0000000000,0.9438818591
2026-07-05T13:12:27Z,20260705T131224Z,200,0.8308156933,1.0000000000,0.6363125708,0.6666666667,0.6666666667,0.7682997708
2026-07-05T13:12:27Z,20260705T131224Z,201,0.8178906433,1.0000000000,0.2301015952,0.6666666667,0.6666666667,0.6838263132
2026-07-05T13:12:27Z,20260705T131224Z,202,0.6968385816,1.0000000000,0.1559582608,0.5000000000,0.5000000000,0.5804012976
2026-07-05T13:12:27Z,20260705T131224Z,203,0.7011185094,1.0000000000,0.8126754436,0.2500000000,0.2500000000,0.6253147161
2026-07-05T13:12:27Z,20260705T131224Z,204,0.7295870522,1.0000000000,0.6281490260,0.5000000000,0.5000000000,0.6830265683
2026-07-05T13:12:27Z,20260705T131224Z,205,0.7026303599,1.0000000000,0.4574319130,0.5000000000,0.5000000000,0.6421439726
2026-07-05T13:12:27Z,20260705T131224Z,206,0.7550117889,1.0000000000,0.7416743537,0.6000000000,0.6000000000,0.7470878180
2026-07-05T13:12:27Z,20260705T131224Z,207,0.5579274389,1.0000000000,0.1708981218,0.2000000000,0.2000000000,0.4436614841
2026-07-05T13:12:27Z,20260705T131224Z,208,0.5510326027,1.0000000000,0.0518217598,0.2500000000,0.2500000000,0.4356225026
2026-07-05T13:12:27Z,20260705T131224Z,209,0.7496918975,1.0000000000,0.9209547037,0.5000000000,0.5000000000,0.7466139151
2026-07-05T13:12:27Z,20260705T131224Z,210,0.6616313865,1.0000000000,0.1852986886,0.5000000000,0.5000000000,0.5774675843
2026-07-05T13:12:27Z,20260705T131224Z,211,0.9389292606,1.0000000000,0.6364980688,1.0000000000,1.0000000000,0.9120319289
2026-07-05T13:12:27Z,20260705T131224Z,212,0.7107144013,1.0000000000,0.6346058147,0.5000000000,0.5000000000,0.6795997633
2026-07-05T13:12:27Z,20260705T131224Z,213,0.6006055156,1.0000000000,0.2201282230,0.4000000000,0.4000000000,0.5341770235
2026-07-05T13:12:27Z,20260705T131224Z,214,0.8224757615,1.0000000000,0.7698856341,0.7500000000,0.7500000000,0.8220960672
2026-07-05T13:12:27Z,20260705T131224Z,215,0.9189432581,1.0000000000,0.5998609459,1.0000000000,1.0000000000,0.8997080037
2026-07-05T13:12:27Z,20260705T131224Z,216,0.7375521961,1.0000000000,0.2744293854,0.6666666667,0.6666666667,0.6726072595
2026-07-05T13:12:27Z,20260705T131224Z,217,0.6186566985,1.0000000000,0.1021272519,0.3333333333,0.3333333333,0.4917562917
2026-07-05T13:12:27Z,20260705T131224Z,218,0.6968385816,1.0000000000,0.1111997756,0.5000000000,0.5000000000,0.5714496005
2026-07-05T13:12:27Z,20260705T131224Z,219,0.7221149473,1.0000000000,0.9167411894,0.3333333333,0.3333333333,0.6805436414
2026-07-05T13:12:27Z,20260705T131224Z,220,0.6683552816,1.0000000000,0.2777626066,0.5000000000,0.5000000000,0.5976413417
2026-07-05T13:12:27Z,20260705T131224Z,221,0.6665729829,1.0000000000,0.2745654903,0.3333333333,0.3333333333,0.5382230105
2026-07-05T13:12:27Z,20260705T131224Z,222,0.7677204728,1.0000000000,0.9665245833,0.5000000000,0.5000000000,0.7602350349
2026-07-05T13:12:27Z,20260705T131224Z,223,1.0000000000,1.0000000000,1.0000000000,1.0000000000,1.0000000000,1.0000000000
2026-07-05T13:12:27Z,20260705T131224Z,224,0.7248934060,1.0000000000,0.4559050700,0.6666666667,0.6666666667,0.7057376988
2026-07-05T13:12:27Z,20260705T131224Z,225,0.8308156933,1.0000000000,0.8424351712,0.6666666667,0.6666666667,0.8095242909
2026-07-05T13:12:27Z,20260705T131224Z,226,0.6874616597,1.0000000000,0.4002669854,0.5000000000,0.5000000000,0.6269188120
2026-07-05T13:12:27Z,20260705T131224Z,227,0.7475513658,1.0000000000,0.6424615206,0.5000000000,0.5000000000,0.6903801456
2026-07-05T13:12:27Z,20260705T131224Z,228,1.0000000000,1.0000000000,0.8415054189,1.0000000000,1.0000000000,0.9683010838
2026-07-05T13:12:27Z,20260705T131224Z,229,1.0000000000,1.0000000000,0.8775171560,1.0000000000,1.0000000000,0.9755034312
2026-07-05T13:12:27Z,20260705T131224Z,230,0.7104165758,1.0000000000,0.7487344671,0.5000000000,0.5000000000,0.7023510374
2026-07-05T13:12:27Z,20260705T131224Z,231,0.8126140003,1.0000000000,0.3839221471,0.7500000000,0.7500000000,0.7424379295
2026-07-05T13:12:27Z,20260705T131224Z,232,0.5857228750,1.0000000000,0.1825354067,0.2500000000,0.2500000000,0.4704378001
2026-07-05T13:12:27Z,20260705T131224Z,233,0.6822064905,1.0000000000,0.5890112032,0.4000000000,0.4000000000,0.6283538633
2026-07-05T13:12:27Z,20260705T131224Z,234,0.8196661363,1.0000000000,0.2759483978,0.8000000000,0.8000000000,0.7401062136
2026-07-05T13:12:27Z,20260705T131224Z,235,0.8803949755,1.0000000000,0.1420460264,1.0000000000,1.0000000000,0.7985079492
2026-07-05T13:12:27Z,20260705T131224Z,236,0.8678028272,1.0000000000,0.9197251703,0.7500000000,0.7500000000,0.8633957408
2026-07-05T13:12:27Z,20260705T131224Z,237,0.8892706552,1.0000000000,0.2019925849,1.0000000000,1.0000000000,0.8127161808
2026-07-05T13:12:27Z,20260705T131224Z,238,0.8328538820,1.0000000000,0.2611895218,0.7500000000,0.7500000000,0.7229513749
2026-07-05T13:12:27Z,20260705T131224Z,239,0.8328538820,1.0000000000,0.3497341205,0.7500000000,0.7500000000,0.7406602946
2026-07-05T13:12:27Z,20260705T131224Z,240,0.9389292606,1.0000000000,0.6580320143,1.0000000000,1.0000000000,0.9163387180
2026-07-05T13:12:27Z,20260705T131224Z,241,0.8556136734,1.0000000000,0.7563677520,0.7500000000,0.7500000000,0.8276769687
2026-07-05T13:12:27Z,20260705T131224Z,242,0.7774512291,1.0000000000,0.3112184495,0.6000000000,0.6000000000,0.6666064972
2026-07-05T13:12:27Z,20260705T131224Z,243,0.6876602279,1.0000000000,0.3108977687,0.6000000000,0.6000000000,0.6440946107
2026-07-05T13:12:27Z,20260705T131224Z,244,0.7179667542,1.0000000000,0.3772553018,0.7500000000,0.7500000000,0.7174427489
2026-07-05T13:12:27Z,20260705T131224Z,245,0.8349916978,1.0000000000,0.4983524259,0.7500000000,0.7500000000,0.7709184096
2026-07-05T13:12:27Z,20260705T131224Z,246,0.8296522562,1.0000000000,0.8441771291,0.7500000000,0.7500000000,0.8387484899
2026-07-05T13:12:27Z,20260705T131224Z,247,0.7778850527,1.0000000000,0.7874063451,0.6666666667,0.6666666667,0.7852858655
2026-07-05T13:12:27Z,20260705T131224Z,248,0.8308156933,1.0000000000,0.8501184345,0.6666666667,0.6666666667,0.8110609435
2026-07-05T13:12:27Z,20260705T131224Z,249,0.7309729266,1.0000000000,0.6308844984,0.5000000000,0.5000000000,0.6839201313
2026-07-05T13:12:27Z,20260705T131224Z,250,0.8048689313,1.0000000000,0.9646740990,0.6666666667,0.6666666667,0.8274853860
2026-07-05T13:12:27Z,20260705T131224Z,251,1.0000000000,1.0000000000,0.9222756411,1.0000000000,1.0000000000,0.9844551282
2026-07-05T13:12:27Z,20260705T131224Z,252,0.9291181088,1.0000000000,0.3160325403,1.0000000000,1.0000000000,0.8454860353
2026-07-05T13:12:27Z,20260705T131224Z,253,0.9291181088,1.0000000000,0.3160325403,1.0000000000,1.0000000000,0.8454860353
2026-07-05T13:12:27Z,20260705T131224Z,254,1.0000000000,1.0000000000,0.8534376588,1.0000000000,1.0000000000,0.9706875318
2026-07-05T13:12:27Z,20260705T131224Z,255,0.9291181088,1.0000000000,0.5722149587,1.0000000000,1.0000000000,0.8967225189
2026-07-05T13:12:27Z,20260705T131224Z,256,0.6968385816,1.0000000000,0.3144528418,0.5000000000,0.5000000000,0.6121002138
2026-07-05T13:12:27Z,20260705T131224Z,257,0.7221149473,1.0000000000,0.7499837614,0.3333333333,0.3333333333,0.6471921558
2026-07-05T13:12:27Z,20260705T131224Z,258,0.9389292606,1.0000000000,0.4732396816,1.0000000000,1.0000000000,0.8793802515
2026-07-05T13:12:27Z,20260705T131224Z,259,0.8938939633,1.0000000000,0.2778773581,1.0000000000,1.0000000000,0.8290489624
2026-07-05T13:12:27Z,20260705T131224Z,260,0.8096446905,1.0000000000,0.3993801104,0.7500000000,0.7500000000,0.7447871947
2026-07-05T13:12:27Z,20260705T131224Z,261,0.7911717252,1.0000000000,0.9171154054,0.5000000000,0.5000000000,0.7562160124
2026-07-05T13:12:27Z,20260705T131224Z,262,0.7877679844,1.0000000000,0.3491861102,0.6666666667,0.6666666667,0.7001125515
2026-07-05T13:12:27Z,20260705T131224Z,263,0.7877679844,1.0000000000,0.2397770802,0.6666666667,0.6666666667,0.6782307455
2026-07-05T13:12:27Z,20260705T131224Z,264,0.7475513658,1.0000000000,0.6087095104,0.5000000000,0.5000000000,0.6836297435
2026-07-05T13:12:27Z,20260705T131224Z,265,0.6775242385,1.0000000000,0.5921872591,0.4000000000,0.4000000000,0.6278185115
2026-07-05T13:12:27Z,20260705T131224Z,266,0.7309729266,1.0000000000,0.5837514139,0.5000000000,0.5000000000,0.6744935144
2026-07-05T13:12:27Z,20260705T131224Z,267,0.8048689313,1.0000000000,0.5801462710,0.6666666667,0.6666666667,0.7505798204
2026-07-05T13:12:27Z,20260705T131224Z,268,0.7778850527,1.0000000000,0.7554462073,0.6666666667,0.6666666667,0.7788938380
2026-07-05T13:12:27Z,20260705T131224Z,269,0.8178906433,1.0000000000,0.5460812842,0.6666666667,0.6666666667,0.7470222510
2026-07-05T13:12:27Z,20260705T131224Z,270,0.6666666667,1.0000000000,0.6783904899,0.3333333333,0.3333333333,0.6190114313
2026-07-05T13:12:27Z,20260705T131224Z,271,0.7778850527,1.0000000000,0.6773020356,0.6666666667,0.6666666667,0.7632650036
2026-07-05T13:12:27Z,20260705T131224Z,272,0.6419070734,1.0000000000,0.3806167214,0.5000000000,0.5000000000,0.6116001126
2026-07-05T13:12:27Z,20260705T131224Z,273,0.6557645106,1.0000000000,0.4288755866,0.5000000000,0.5000000000,0.6247162450
2026-07-05T13:12:27Z,20260705T131224Z,274,0.8048689313,1.0000000000,0.9502376885,0.6666666667,0.6666666667,0.8245981039
2026-07-05T13:12:27Z,20260705T131224Z,275,1.0000000000,1.0000000000,0.9630288418,1.0000000000,1.0000000000,0.9926057684
2026-07-05T13:12:27Z,20260705T131224Z,276,0.7248934060,1.0000000000,0.2967699109,0.6666666667,0.6666666667,0.6739106670
2026-07-05T13:12:27Z,20260705T131224Z,277,1.0000000000,1.0000000000,0.8233837287,1.0000000000,1.0000000000,0.9646767457
2026-07-05T13:12:27Z,20260705T131224Z,278,0.8938939633,1.0000000000,0.5058257933,1.0000000000,1.0000000000,0.8746386495
2026-07-05T13:12:27Z,20260705T131224Z,279,0.9389292606,1.0000000000,0.7552634817,1.0000000000,1.0000000000,0.9357850115
2026-07-05T13:12:27Z,20260705T131224Z,280,0.8556136734,1.0000000000,0.5894986047,0.7500000000,0.7500000000,0.7943031393
2026-07-05T13:12:27Z,20260705T131224Z,281,0.6512923670,1.0000000000,0.3125056189,0.2500000000,0.2500000000,0.5128242155
2026-07-05T13:12:27Z,20260705T131224Z,282,0.7221149473,1.0000000000,0.8031614184,0.3333333333,0.3333333333,0.6578276872
2026-07-05T13:12:27Z,20260705T131224Z,283,0.6361312970,1.0000000000,0.0855676693,0.5000000000,0.5000000000,0.5511463581
2026-07-05T13:12:27Z,20260705T131224Z,284,0.6361312970,1.0000000000,0.0819058737,0.5000000000,0.5000000000,0.5504139990
2026-07-05T13:12:27Z,20260705T131224Z,285,0.7576258402,1.0000000000,0.6686276836,0.6000000000,0.6000000000,0.7331319968
2026-07-05T13:12:27Z,20260705T131224Z,286,0.8314386655,1.0000000000,0.7696567901,0.6000000000,0.6000000000,0.7717910244
2026-07-05T13:12:27Z,20260705T131224Z,287,0.6900517948,1.0000000000,0.5032220262,0.5000000000,0.5000000000,0.6481573539
2026-07-05T13:12:27Z,20260705T131224Z,288,0.6683552816,1.0000000000,0.2777626066,0.5000000000,0.5000000000,0.5976413417
2026-07-05T13:12:27Z,20260705T131224Z,289,0.8072167355,1.0000000000,0.4002820581,0.6000000000,0.6000000000,0.6918605955
2026-07-05T13:12:27Z,20260705T131224Z,290,0.8072167355,1.0000000000,0.5049757753,0.6000000000,0.6000000000,0.7127993389
2026-07-05T13:12:27Z,20260705T131224Z,291,0.9389292606,1.0000000000,0.8245203439,1.0000000000,1.0000000000,0.9496363839
2026-07-05T13:12:27Z,20260705T131224Z,292,0.8645221980,1.0000000000,0.7499837614,0.7500000000,0.7500000000,0.8286273018
2026-07-05T13:12:27Z,20260705T131224Z,293,0.8461736740,1.0000000000,0.4945251129,0.7500000000,0.7500000000,0.7729484411
2026-07-05T13:12:27Z,20260705T131224Z,294,0.7778850527,1.0000000000,0.7727906963,0.6666666667,0.6666666667,0.7823627358
2026-07-05T13:12:27Z,20260705T131224Z,295,0.7778850527,1.0000000000,0.5763135735,0.6666666667,0.6666666667,0.7430673112
2026-07-05T13:12:27Z,20260705T131224Z,296,0.9389292606,1.0000000000,0.8232280681,1.0000000000,1.0000000000,0.9493779288
2026-07-05T13:12:27Z,20260705T131224Z,297,0.7248934060,1.0000000000,0.4026106852,0.6666666667,0.6666666667,0.6950788219
2026-07-05T13:12:27Z,20260705T131224Z,298,0.8308156933,1.0000000000,0.9626244068,0.6666666667,0.6666666667,0.8335621380
2026-07-05T13:12:27Z,20260705T131224Z,299,0.8308156933,1.0000000000,0.9446321591,0.6666666667,0.6666666667,0.8299636885
2026-07-05T13:12:27Z,20260705T131224Z,300,0.7248934060,1.0000000000,0.4014540261,0.6666666667,0.6666666667,0.6948474901
2026-07-05T13:12:27Z,20260705T131224Z,301,0.9189432581,1.0000000000,0.4367799271,1.0000000000,1.0000000000,0.8670918000
2026-07-05T13:12:27Z,20260705T131224Z,302,0.8048689313,1.0000000000,0.8743800403,0.6666666667,0.6666666667,0.8094265742
2026-07-05T13:12:27Z,20260705T131224Z,303,0.7248934060,1.0000000000,0.1920017877,0.6666666667,0.6666666667,0.6529570424
2026-07-05T13:12:27Z,20260705T131224Z,304,0.6683552816,1.0000000000,0.1844616622,0.5000000000,0.5000000000,0.5789811528
2026-07-05T13:12:27Z,20260705T131224Z,305,0.7107144013,1.0000000000,0.8696896290,0.5000000000,0.5000000000,0.7266165261
2026-07-05T13:12:27Z,20260705T131224Z,306,0.7769957847,1.0000000000,0.6179802773,0.7500000000,0.7500000000,0.7803450016
2026-07-05T13:12:27Z,20260705T131224Z,307,0.7796750095,1.0000000000,0.6831680589,0.5000000000,0.5000000000,0.7065523642
2026-07-05T13:12:27Z,20260705T131224Z,308,0.5822138547,1.0000000000,0.3115290213,0.2500000000,0.2500000000,0.4953592679
2026-07-05T13:12:27Z,20260705T131224Z,309,0.5783349951,1.0000000000,0.1682622103,0.4000000000,0.4000000000,0.5182361908
2026-07-05T13:12:27Z,20260705T131224Z,310,0.7239154022,1.0000000000,0.2633915028,0.7500000000,0.7500000000,0.6961571511
2026-07-05T13:12:27Z,20260705T131224Z,311,0.7496918975,1.0000000000,0.9421055274,0.5000000000,0.5000000000,0.7508440799
2026-07-05T13:12:27Z,20260705T131224Z,312,0.7415433010,1.0000000000,0.3302998697,0.5000000000,0.5000000000,0.6264457992
2026-07-05T13:12:27Z,20260705T131224Z,313,0.7101383926,1.0000000000,0.8022485860,0.4000000000,0.4000000000,0.6779843154
2026-07-05T13:12:27Z,20260705T131224Z,314,0.8650480845,1.0000000000,0.7668783954,0.7500000000,0.7500000000,0.8321377002
2026-07-05T13:12:27Z,20260705T131224Z,315,0.7309729266,1.0000000000,0.6307122483,0.5000000000,0.5000000000,0.6838856813
2026-07-05T13:12:27Z,20260705T131224Z,316,0.5510326027,1.0000000000,0.1053143776,0.2500000000,0.2500000000,0.4463210262
2026-07-05T13:12:27Z,20260705T131224Z,317,0.7778850527,1.0000000000,0.7204975734,0.6666666667,0.6666666667,0.7719041112
2026-07-05T13:12:27Z,20260705T131224Z,318,0.9389292606,1.0000000000,0.3658606942,1.0000000000,1.0000000000,0.8579044540
2026-07-05T13:12:27Z,20260705T131224Z,319,0.6119272555,1.0000000000,0.1136632329,0.4000000000,0.4000000000,0.5157144605
2026-07-05T13:12:27Z,20260705T131224Z,320,1.0000000000,1.0000000000,0.9284265677,1.0000000000,1.0000000000,0.9856853135
2026-07-05T13:12:27Z,20260705T131224Z,321,0.6512923670,1.0000000000,0.3308100492,0.2500000000,0.2500000000,0.5164851016
2026-07-05T13:12:27Z,20260705T131224Z,322,0.9999999953,1.0000000000,1.0000000000,1.0000000000,1.0000000000,0.9999999988
2026-07-05T13:12:27Z,20260705T131224Z,323,0.9999999953,1.0000000000,1.0000000000,1.0000000000,1.0000000000,0.9999999988
2026-07-05T13:12:27Z,20260705T131224Z,324,0.9999999953,1.0000000000,1.0000000000,1.0000000000,1.0000000000,0.9999999988
2026-07-05T13:12:27Z,20260705T131224Z,325,0.9999999953,1.0000000000,1.0000000000,1.0000000000,1.0000000000,0.9999999988
2026-07-05T13:12:27Z,20260705T131224Z,326,0.9999999953,1.0000000000,1.0000000000,1.0000000000,1.0000000000,0.9999999988
2026-07-05T13:12:27Z,20260705T131224Z,327,0.9999999953,1.0000000000,1.0000000000,1.0000000000,1.0000000000,0.9999999988
2026-07-05T13:12:27Z,20260705T131224Z,328,0.9999999953,1.0000000000,1.0000000000,1.0000000000,1.0000000000,0.9999999988
2026-07-05T13:12:27Z,20260705T131224Z,329,0.9999999953,1.0000000000,1.0000000000,1.0000000000,1.0000000000,0.9999999988
2026-07-05T13:12:27Z,20260705T131224Z,330,0.9999999953,1.0000000000,1.0000000000,1.0000000000,1.0000000000,0.9999999988
2026-07-05T13:12:27Z,20260705T131224Z,331,0.9999999953,1.0000000000,1.0000000000,1.0000000000,1.0000000000,0.9999999988
2026-07-05T13:12:27Z,20260705T131224Z,332,0.9999999953,1.0000000000,1.0000000000,1.0000000000,1.0000000000,0.9999999988
2026-07-05T13:12:27Z,20260705T131224Z,333,0.9999999953,1.0000000000,1.0000000000,1.0000000000,1.0000000000,0.9999999988
2026-07-05T13:12:27Z,20260705T131224Z,334,0.9999999953,1.0000000000,1.0000000000,1.0000000000,1.0000000000,0.9999999988
2026-07-05T13:12:27Z,20260705T131224Z,335,0.9999999953,1.0000000000,1.0000000000,1.0000000000,1.0000000000,0.9999999988
2026-07-05T13:12:27Z,20260705T131224Z,336,0.9999999953,1.0000000000,1.0000000000,1.0000000000,1.0000000000,0.9999999988
2026-07-05T13:12:27Z,20260705T131224Z,337,0.9999999953,1.0000000000,1.0000000000,1.0000000000,1.0000000000,0.9999999988
2026-07-05T13:12:27Z,20260705T131224Z,338,0.7677204728,1.0000000000,0.9665245833,0.5000000000,0.5000000000,0.7602350349
2026-07-05T13:12:27Z,20260705T131224Z,339,1.0000000000,1.0000000000,1.0000000000,1.0000000000,1.0000000000,1.0000000000
2026-07-05T13:12:27Z,20260705T131224Z,340,1.0000000000,1.0000000000,0.9630288418,1.0000000000,1.0000000000,0.9926057684
2026-07-05T13:12:27Z,20260705T131224Z,341,1.0000000000,1.0000000000,0.9630288418,1.0000000000,1.0000000000,0.9926057684
2026-07-05T13:12:27Z,20260705T131224Z,342,1.0000000000,1.0000000000,0.9630288418,1.0000000000,1.0000000000,0.9926057684
2026-07-05T13:12:27Z,20260705T131224Z,343,1.0000000000,1.0000000000,0.9630288418,1.0000000000,1.0000000000,0.9926057684
2026-07-05T13:12:27Z,20260705T131224Z,344,1.0000000000,1.0000000000,0.9630288418,1.0000000000,1.0000000000,0.9926057684
2026-07-05T13:12:27Z,20260705T131224Z,345,1.0000000000,1.0000000000,0.9999999905,1.0000000000,1.0000000000,0.9999999981
2026-07-05T13:12:27Z,20260705T131224Z,346,1.0000000000,1.0000000000,0.9999999905,1.0000000000,1.0000000000,0.9999999981
2026-07-05T13:12:27Z,20260705T131224Z,347,1.0000000000,1.0000000000,0.9999999905,1.0000000000,1.0000000000,0.9999999981
2026-07-05T13:12:27Z,20260705T131224Z,348,1.0000000000,1.0000000000,0.9592467994,1.0000000000,1.0000000000,0.9918493599
2026-07-05T13:12:27Z,20260705T131224Z,349,0.7691695844,1.0000000000,0.9028599298,0.5000000000,0.5000000000,0.7478643821
2026-07-05T13:12:27Z,20260705T131224Z,350,0.7036007904,1.0000000000,0.4003102600,0.6000000000,0.6000000000,0.6659622496
2026-07-05T13:12:27Z,20260705T131224Z,351,0.7811646086,1.0000000000,0.6686700191,0.5000000000,0.5000000000,0.7040251560
2026-07-05T13:12:27Z,20260705T131224Z,352,0.7877679844,1.0000000000,0.3491861102,0.6666666667,0.6666666667,0.7001125515
2026-07-05T13:12:27Z,20260705T131224Z,353,0.6972020364,1.0000000000,0.7265022777,0.5000000000,0.5000000000,0.6946009646
2026-07-05T13:12:27Z,20260705T131224Z,354,0.6251540513,1.0000000000,0.6927130906,0.2500000000,0.2500000000,0.5823311309
2026-07-05T13:12:27Z,20260705T131224Z,355,0.7677204728,1.0000000000,0.8888002244,0.5000000000,0.5000000000,0.7446901631
2026-07-05T13:12:27Z,20260705T131224Z,356,0.6968385816,1.0000000000,0.0704465750,0.5000000000,0.5000000000,0.5632989604
2026-07-05T13:12:27Z,20260705T131224Z,357,0.6186566985,1.0000000000,0.0332704850,0.3333333333,0.3333333333,0.4779849383
2026-07-05T13:12:27Z,20260705T131224Z,358,0.7677204728,1.0000000000,0.9665245833,0.5000000000,0.5000000000,0.7602350349
2026-07-05T13:12:27Z,20260705T131224Z,359,0.6416033262,1.0000000000,0.1314881674,0.3333333333,0.3333333333,0.5033651317
2026-07-05T13:12:27Z,20260705T131224Z,360,0.7233498105,1.0000000000,0.8126754436,0.3333333333,0.3333333333,0.6600392080
2026-07-05T13:12:27Z,20260705T131224Z,361,0.7677204728,1.0000000000,0.9665245833,0.5000000000,0.5000000000,0.7602350349
2026-07-05T13:12:27Z,20260705T131224Z,362,0.9291181088,1.0000000000,0.3479282586,1.0000000000,1.0000000000,0.8518651789
2026-07-05T13:12:27Z,20260705T131224Z,363,0.7877679844,1.0000000000,0.3491861102,0.6666666667,0.6666666667,0.7001125515
2026-07-05T13:12:27Z,20260705T131224Z,364,0.7988410445,1.0000000000,0.5342403695,0.6666666667,0.6666666667,0.7398916684
2026-07-05T13:12:27Z,20260705T131224Z,365,0.9645590544,1.0000000000,0.6111997756,1.0000000000,1.0000000000,0.9133797187
2026-07-05T13:12:27Z,20260705T131224Z,366,0.6666666667,1.0000000000,0.8685561163,0.3333333333,0.3333333333,0.6570445566
2026-07-05T13:12:27Z,20260705T131224Z,367,0.7517556886,1.0000000000,0.5038819241,0.6666666667,0.6666666667,0.7220486403
2026-07-05T13:12:27Z,20260705T131224Z,368,0.9694646303,1.0000000000,0.7701577178,1.0000000000,1.0000000000,0.9463977011
2026-07-05T13:12:27Z,20260705T131224Z,369,0.8556136734,1.0000000000,0.7281570986,0.7500000000,0.7500000000,0.8220348381
2026-07-05T13:12:27Z,20260705T131224Z,370,0.8556136734,1.0000000000,0.8953558500,0.7500000000,0.7500000000,0.8554745884
2026-07-05T13:12:27Z,20260705T131224Z,371,0.7221149473,1.0000000000,0.5315327466,0.3333333333,0.3333333333,0.6035019528
2026-07-05T13:12:27Z,20260705T131224Z,372,0.6448061128,1.0000000000,0.2490101170,0.2000000000,0.2000000000,0.4810035516
2026-07-05T13:12:27Z,20260705T131224Z,373,0.7737924475,1.0000000000,0.9037716032,0.4000000000,0.4000000000,0.7142024325
2026-07-05T13:12:27Z,20260705T131224Z,374,0.8178906433,1.0000000000,0.5748138623,0.6666666667,0.6666666667,0.7527687666
2026-07-05T13:12:27Z,20260705T131224Z,375,0.8308156933,1.0000000000,0.7846471694,0.6666666667,0.6666666667,0.7979666905
2026-07-05T13:12:27Z,20260705T131224Z,376,0.9291181088,1.0000000000,0.7510018070,1.0000000000,1.0000000000,0.9324798886
2026-07-05T13:12:27Z,20260705T131224Z,377,0.6968385816,1.0000000000,0.3144528418,0.5000000000,0.5000000000,0.6121002138
2026-07-05T13:12:27Z,20260705T131224Z,378,0.6416033262,1.0000000000,0.3440417392,0.3333333333,0.3333333333,0.5458758461
2026-07-05T13:12:27Z,20260705T131224Z,379,0.8023452586,1.0000000000,0.4483618360,0.7500000000,0.7500000000,0.7527586819
2026-07-05T13:12:27Z,20260705T131224Z,380,0.7911717252,1.0000000000,0.8556249096,0.5000000000,0.5000000000,0.7439179132
2026-07-05T13:12:27Z,20260705T131224Z,381,1.0000000000,1.0000000000,0.8834280332,1.0000000000,1.0000000000,0.9766856066
2026-07-05T13:12:27Z,20260705T131224Z,382,0.7677204728,1.0000000000,0.6256659164,0.5000000000,0.5000000000,0.6920633015
2026-07-05T13:12:27Z,20260705T131224Z,383,0.9999999953,1.0000000000,1.0000000000,1.0000000000,1.0000000000,0.9999999988
2026-07-05T13:12:27Z,20260705T131224Z,384,0.7677204728,1.0000000000,0.8440417392,0.5000000000,0.5000000000,0.7357384660
2026-07-05T13:12:27Z,20260705T131224Z,385,0.8178906433,1.0000000000,0.5542194617,0.6666666667,0.6666666667,0.7486498865
2026-07-05T13:12:27Z,20260705T131224Z,386,0.5510326027,1.0000000000,0.2422785460,0.2500000000,0.2500000000,0.4737138599
2026-07-05T13:12:27Z,20260705T131224Z,387,0.8178906433,1.0000000000,0.7683668270,0.6666666667,0.6666666667,0.7914793595
2026-07-05T13:12:27Z,20260705T131224Z,388,0.7778850527,1.0000000000,0.6507304488,0.6666666667,0.6666666667,0.7579506863
2026-07-05T13:12:27Z,20260705T131224Z,389,0.9291181088,1.0000000000,0.3607910255,1.0000000000,1.0000000000,0.8544377323
2026-07-05T13:12:27Z,20260705T131224Z,390,0.6968385816,1.0000000000,0.2048327647,0.5000000000,0.5000000000,0.5901761983
2026-07-05T13:12:27Z,20260705T131224Z,391,0.7221149473,1.0000000000,0.8498246549,0.3333333333,0.3333333333,0.6671603345
2026-07-05T13:12:27Z,20260705T131224Z,392,0.9389292606,1.0000000000,0.4267259546,1.0000000000,1.0000000000,0.8700775061
2026-07-05T13:12:27Z,20260705T131224Z,393,0.7248934060,1.0000000000,0.3013670254,0.6666666667,0.6666666667,0.6748300899
2026-07-05T13:12:27Z,20260705T131224Z,394,0.6864129653,1.0000000000,0.2363901008,0.5000000000,0.5000000000,0.5938812615
2026-07-05T13:12:27Z,20260705T131224Z,395,0.8349916978,1.0000000000,0.3090204793,0.7500000000,0.7500000000,0.7330520203
2026-07-05T13:12:27Z,20260705T131224Z,396,0.7496918975,1.0000000000,0.8167854160,0.5000000000,0.5000000000,0.7257800576
2026-07-05T13:12:27Z,20260705T131224Z,397,0.9389292606,1.0000000000,0.4076854314,1.0000000000,1.0000000000,0.8662694014
2026-07-05T13:12:27Z,20260705T131224Z,398,0.7496918975,1.0000000000,0.9209547037,0.5000000000,0.5000000000,0.7466139151
2026-07-05T13:12:27Z,20260705T131224Z,399,0.5822138547,1.0000000000,0.1071841477,0.2500000000,0.2500000000,0.4544902932
2026-07-05T13:12:27Z,20260705T131224Z,400,0.6753288465,1.0000000000,0.0960401689,0.5000000000,0.5000000000,0.5630402454
2026-07-05T13:12:27Z,20260705T131224Z,401,0.7811646086,1.0000000000,0.4965020188,0.5000000000,0.5000000000,0.6695915559
2026-07-05T13:12:27Z,20260705T131224Z,402,1.0000000000,1.0000000000,0.9470706479,1.0000000000,1.0000000000,0.9894141296
2026-07-05T13:12:27Z,20260705T131224Z,403,0.7877679844,1.0000000000,0.2926090459,0.6666666667,0.6666666667,0.6887971386
2026-07-05T13:12:27Z,20260705T131224Z,404,0.8048689313,1.0000000000,0.8743800403,0.6666666667,0.6666666667,0.8094265742
2026-07-05T13:12:27Z,20260705T131224Z,405,0.9291181088,1.0000000000,0.3607910255,1.0000000000,1.0000000000,0.8544377323
2026-07-05T13:12:27Z,20260705T131224Z,406,0.6968385816,1.0000000000,0.2048327647,0.5000000000,0.5000000000,0.5901761983
2026-07-05T13:12:27Z,20260705T131224Z,407,0.7233498105,1.0000000000,0.9500849642,0.3333333333,0.3333333333,0.6875211121
2026-07-05T13:12:27Z,20260705T131224Z,408,0.6257641301,1.0000000000,0.8782153545,0.2500000000,0.2500000000,0.6195841034
2026-07-05T13:12:27Z,20260705T131224Z,409,0.9291181088,1.0000000000,0.4256526174,1.0000000000,1.0000000000,0.8674100507
2026-07-05T13:12:27Z,20260705T131224Z,410,0.6968385816,1.0000000000,0.3144528418,0.5000000000,0.5000000000,0.6121002138
2026-07-05T13:12:27Z,20260705T131224Z,411,0.6665729829,1.0000000000,0.3990587431,0.3333333333,0.3333333333,0.5631216610
2026-07-05T13:12:27Z,20260705T131224Z,412,0.7309729266,1.0000000000,0.6308844984,0.5000000000,0.5000000000,0.6839201313
2026-07-05T13:12:27Z,20260705T131224Z,413,0.7233498105,1.0000000000,0.9500849642,0.3333333333,0.3333333333,0.6875211121
2026-07-05T13:12:27Z,20260705T131224Z,414,0.9999999953,1.0000000000,1.0000000000,1.0000000000,1.0000000000,0.9999999988
2026-07-05T13:12:27Z,20260705T131224Z,415,0.9999999953,1.0000000000,1.0000000000,1.0000000000,1.0000000000,0.9999999988
2026-07-05T13:12:27Z,20260705T131224Z,416,0.9999999953,1.0000000000,1.0000000000,1.0000000000,1.0000000000,0.9999999988
2026-07-05T13:12:27Z,20260705T131224Z,417,0.9999999953,1.0000000000,1.0000000000,1.0000000000,1.0000000000,0.9999999988
2026-07-05T13:12:27Z,20260705T131224Z,418,0.7677204728,1.0000000000,0.7951672353,0.5000000000,0.5000000000,0.7259635653
2026-07-05T13:12:27Z,20260705T131224Z,419,0.5640209032,1.0000000000,0.3793576818,0.2000000000,0.2000000000,0.4868767622
2026-07-05T13:12:27Z,20260705T131224Z,420,0.5993152312,1.0000000000,0.5491982887,0.2000000000,0.2000000000,0.5296684655
2026-07-05T13:12:27Z,20260705T131224Z,421,0.7895834242,1.0000000000,0.7695792467,0.5000000000,0.5000000000,0.7263117054
2026-07-05T13:12:27Z,20260705T131224Z,422,0.7104165758,1.0000000000,0.7487344671,0.5000000000,0.5000000000,0.7023510374
2026-07-05T13:12:27Z,20260705T131224Z,423,0.7026303599,1.0000000000,0.4394801301,0.5000000000,0.5000000000,0.6385536160
2026-07-05T13:12:27Z,20260705T131224Z,424,0.6874616597,1.0000000000,0.3294928640,0.5000000000,0.5000000000,0.6127639877
2026-07-05T13:12:27Z,20260705T131224Z,425,0.6666666667,1.0000000000,0.6839169010,0.3333333333,0.3333333333,0.6201167135
2026-07-05T13:12:27Z,20260705T131224Z,426,0.6251540513,1.0000000000,0.8462067276,0.2500000000,0.2500000000,0.6130298583
2026-07-05T13:12:27Z,20260705T131224Z,427,0.9389292606,1.0000000000,0.5928905008,1.0000000000,1.0000000000,0.9033104153
2026-07-05T13:12:27Z,20260705T131224Z,428,0.8049278987,1.0000000000,0.5063440888,0.7500000000,0.7500000000,0.7650007924
2026-07-05T13:12:27Z,20260705T131224Z,429,0.8090631808,1.0000000000,0.3888866555,0.8000000000,0.8000000000,0.7600431263
2026-07-05T13:12:27Z,20260705T131224Z,430,0.8638784687,1.0000000000,0.5387696110,0.8000000000,0.8000000000,0.8037235394
2026-07-05T13:12:27Z,20260705T131224Z,431,0.8224757615,1.0000000000,0.8743926513,0.7500000000,0.7500000000,0.8429974706
2026-07-05T13:12:27Z,20260705T131224Z,432,0.8274928135,1.0000000000,0.7711170433,0.6666666667,0.6666666667,0.7944299454
2026-07-05T13:12:27Z,20260705T131224Z,433,0.8274928135,1.0000000000,0.8300517300,0.6666666667,0.6666666667,0.8062168827
2026-07-05T13:12:27Z,20260705T131224Z,434,0.7034222654,1.0000000000,0.5734087674,0.4000000000,0.4000000000,0.6305373198
2026-07-05T13:12:27Z,20260705T131224Z,435,0.6512923670,1.0000000000,0.2474976591,0.2500000000,0.2500000000,0.4998226236
2026-07-05T13:12:27Z,20260705T131224Z,436,0.6519264212,1.0000000000,0.4264819962,0.2500000000,0.2500000000,0.5357780045
2026-07-05T13:12:27Z,20260705T131224Z,437,0.7811646086,1.0000000000,0.7921380277,0.5000000000,0.5000000000,0.7287187577
2026-07-05T13:12:27Z,20260705T131224Z,438,1.0000000000,1.0000000000,0.8304986811,1.0000000000,1.0000000000,0.9660997362
2026-07-05T13:12:27Z,20260705T131224Z,439,0.9291181088,1.0000000000,0.2752793397,1.0000000000,1.0000000000,0.8373353951
2026-07-05T13:12:27Z,20260705T131224Z,440,1.0000000000,1.0000000000,0.9630288418,1.0000000000,1.0000000000,0.9926057684
2026-07-05T13:12:27Z,20260705T131224Z,441,0.7677204728,1.0000000000,0.9665245833,0.5000000000,0.5000000000,0.7602350349
2026-07-05T13:12:27Z,20260705T131224Z,442,0.6968385816,1.0000000000,0.0704465750,0.5000000000,0.5000000000,0.5632989604
2026-07-05T13:12:27Z,20260705T131224Z,443,0.9291181088,1.0000000000,0.2752793397,1.0000000000,1.0000000000,0.8373353951
2026-07-05T13:12:27Z,20260705T131224Z,444,0.7677204728,1.0000000000,0.7951672353,0.5000000000,0.5000000000,0.7259635653
2026-07-05T13:12:27Z,20260705T131224Z,445,0.7677204728,1.0000000000,0.9665245833,0.5000000000,0.5000000000,0.7602350349
2026-07-05T13:12:27Z,20260705T131224Z,446,0.9291181088,1.0000000000,0.3479282586,1.0000000000,1.0000000000,0.8518651789
2026-07-05T13:12:27Z,20260705T131224Z,447,1.0000000000,1.0000000000,0.9401187582,1.0000000000,1.0000000000,0.9880237516
2026-07-05T13:12:27Z,20260705T131224Z,448,0.7575558929,1.0000000000,0.4004432603,0.6666666667,0.6666666667,0.7028109586
2026-07-05T13:12:27Z,20260705T131224Z,449,0.7221149473,1.0000000000,0.8292275133,0.3333333333,0.3333333333,0.6630409061
2026-07-05T13:12:27Z,20260705T131224Z,450,0.6665729829,1.0000000000,0.3561182515,0.3333333333,0.3333333333,0.5545335627
2026-07-05T13:12:27Z,20260705T131224Z,451,1.0000000000,1.0000000000,0.8484860046,1.0000000000,1.0000000000,0.9696972009
2026-07-05T13:12:27Z,20260705T131224Z,452,0.7248934060,1.0000000000,0.2214887221,0.6666666667,0.6666666667,0.6588544293
2026-07-05T13:12:27Z,20260705T131224Z,453,0.7248934060,1.0000000000,0.4342824494,0.6666666667,0.6666666667,0.7014131747
2026-07-05T13:12:27Z,20260705T131224Z,454,0.8308156933,1.0000000000,0.6290160088,0.6666666667,0.6666666667,0.7668404584
2026-07-05T13:12:27Z,20260705T131224Z,455,0.8178906433,1.0000000000,0.1447491611,0.6666666667,0.6666666667,0.6667558264
2026-07-05T13:12:27Z,20260705T131224Z,456,1.0000000000,1.0000000000,0.7995595498,1.0000000000,1.0000000000,0.9599119100
2026-07-05T13:12:27Z,20260705T131224Z,457,0.8178906433,1.0000000000,0.4299941912,0.6666666667,0.6666666667,0.7238048324
2026-07-05T13:12:27Z,20260705T131224Z,458,0.8178906433,1.0000000000,0.5542194617,0.6666666667,0.6666666667,0.7486498865
2026-07-05T13:12:27Z,20260705T131224Z,459,0.6665729829,1.0000000000,0.3990587431,0.3333333333,0.3333333333,0.5631216610
2026-07-05T13:12:27Z,20260705T131224Z,460,0.7677204728,1.0000000000,0.6855471582,0.5000000000,0.5000000000,0.7040395498
2026-07-05T13:12:27Z,20260705T131224Z,461,1.0000000000,1.0000000000,0.8415054189,1.0000000000,1.0000000000,0.9683010838
2026-07-05T13:12:27Z,20260705T131224Z,462,0.6968385816,1.0000000000,0.1559582608,0.5000000000,0.5000000000,0.5804012976
2026-07-05T13:12:27Z,20260705T131224Z,463,0.7677204728,1.0000000000,0.9665245833,0.5000000000,0.5000000000,0.7602350349
2026-07-05T13:12:27Z,20260705T131224Z,464,0.7677204728,1.0000000000,0.9665245833,0.5000000000,0.5000000000,0.7602350349
2026-07-05T13:12:27Z,20260705T131224Z,465,0.6968385816,1.0000000000,0.1559582608,0.5000000000,0.5000000000,0.5804012976
2026-07-05T13:12:27Z,20260705T131224Z,466,1.0000000000,1.0000000000,0.7816241771,1.0000000000,1.0000000000,0.9563248354
2026-07-05T13:12:27Z,20260705T131224Z,467,0.6968385816,1.0000000000,0.3743340836,0.5000000000,0.5000000000,0.6240764621
2026-07-05T13:12:27Z,20260705T131224Z,468,0.9999999953,1.0000000000,1.0000000000,1.0000000000,1.0000000000,0.9999999988
2026-07-05T13:12:27Z,20260705T131224Z,469,0.7677204728,1.0000000000,0.7951672353,0.5000000000,0.5000000000,0.7259635653
2026-07-05T13:12:27Z,20260705T131224Z,470,0.9291181088,1.0000000000,0.2752793397,1.0000000000,1.0000000000,0.8373353951
2026-07-05T13:12:27Z,20260705T131224Z,471,0.5826023359,1.0000000000,0.0702292651,0.2500000000,0.2500000000,0.4471964370
2026-07-05T13:12:27Z,20260705T131224Z,472,0.6257641301,1.0000000000,0.9399182504,0.2500000000,0.2500000000,0.6319246826
2026-07-05T13:12:27Z,20260705T131224Z,473,0.9291181088,1.0000000000,0.4700243819,1.0000000000,1.0000000000,0.8762844036
2026-07-05T13:12:27Z,20260705T131224Z,474,0.8178906433,1.0000000000,0.8341335128,0.6666666667,0.6666666667,0.8046326967
2026-07-05T13:12:27Z,20260705T131224Z,475,0.7778850527,1.0000000000,0.5763135735,0.6666666667,0.6666666667,0.7430673112
2026-07-05T13:12:27Z,20260705T131224Z,476,0.6864129653,1.0000000000,0.2372615296,0.5000000000,0.5000000000,0.5940555473
2026-07-05T13:12:27Z,20260705T131224Z,477,0.7911717252,1.0000000000,0.8968478627,0.5000000000,0.5000000000,0.7521625038
2026-07-05T13:12:27Z,20260705T131224Z,478,0.6186566985,1.0000000000,0.3123580670,0.3333333333,0.3333333333,0.5338024547
2026-07-05T13:12:27Z,20260705T131224Z,479,0.6186566985,1.0000000000,0.2035352927,0.3333333333,0.3333333333,0.5120378998
2026-07-05T13:12:27Z,20260705T131224Z,480,0.9645590544,1.0000000000,0.7048327647,1.0000000000,1.0000000000,0.9321063165
2026-07-05T13:12:27Z,20260705T131224Z,481,0.8274928135,1.0000000000,0.8899806873,0.6666666667,0.6666666667,0.8182026742
2026-07-05T13:12:27Z,20260705T131224Z,482,0.8308156933,1.0000000000,0.8501184345,0.6666666667,0.6666666667,0.8110609435
2026-07-05T13:12:27Z,20260705T131224Z,483,1.0000000000,1.0000000000,0.7757132999,1.0000000000,1.0000000000,0.9551426600
2026-07-05T13:12:27Z,20260705T131224Z,484,0.8308156933,1.0000000000,0.6297185114,0.6666666667,0.6666666667,0.7669809589
2026-07-05T13:12:27Z,20260705T131224Z,485,0.7248934060,1.0000000000,0.3477757676,0.6666666667,0.6666666667,0.6841118384
2026-07-05T13:12:27Z,20260705T131224Z,486,0.7248934060,1.0000000000,0.1691967861,0.6666666667,0.6666666667,0.6483960421
2026-07-05T13:12:27Z,20260705T131224Z,487,0.9389292606,1.0000000000,0.6332834267,1.0000000000,1.0000000000,0.9113890005
2026-07-05T13:12:27Z,20260705T131224Z,488,0.7221149473,1.0000000000,0.5315327466,0.3333333333,0.3333333333,0.6035019528
2026-07-05T13:12:27Z,20260705T131224Z,489,0.9999999953,1.0000000000,1.0000000000,1.0000000000,1.0000000000,0.9999999988
2026-07-05T13:12:27Z,20260705T131224Z,490,0.7677204728,1.0000000000,0.6855471582,0.5000000000,0.5000000000,0.7040395498
2026-07-05T13:12:27Z,20260705T131224Z,491,0.9291181088,1.0000000000,0.4256526174,1.0000000000,1.0000000000,0.8674100507
2026-07-05T13:12:27Z,20260705T131224Z,492,0.9291181088,1.0000000000,0.1446751923,1.0000000000,1.0000000000,0.8112145657
2026-07-05T13:12:27Z,20260705T131224Z,493,0.6666666667,1.0000000000,0.9526695251,0.3333333333,0.3333333333,0.6738672384
2026-07-05T13:12:27Z,20260705T131224Z,494,0.6251540513,1.0000000000,0.8714019262,0.2500000000,0.2500000000,0.6180688980
2026-07-05T13:12:27Z,20260705T131224Z,495,0.8772872787,1.0000000000,0.1428865405,1.0000000000,1.0000000000,0.7978991278
2026-07-05T13:12:27Z,20260705T131224Z,496,0.7575558929,1.0000000000,0.5080917002,0.6666666667,0.6666666667,0.7243406466
2026-07-05T13:12:27Z,20260705T131224Z,497,0.7677204728,1.0000000000,0.5634510349,0.5000000000,0.5000000000,0.6796203252
2026-07-05T13:12:27Z,20260705T131224Z,498,0.7677204728,1.0000000000,0.8888002244,0.5000000000,0.5000000000,0.7446901631
2026-07-05T13:12:27Z,20260705T131224Z,499,0.6864129653,1.0000000000,0.0845474428,0.5000000000,0.5000000000,0.5635127299
2026-07-05T13:12:27Z,20260705T131224Z,500,0.8349916978,1.0000000000,0.4157927336,0.7500000000,0.7500000000,0.7544064712
2026-07-05T13:12:27Z,20260705T131224Z,501,0.8645221980,1.0000000000,0.7434836425,0.7500000000,0.7500000000,0.8273272780
2026-07-05T13:12:27Z,20260705T131224Z,502,0.6288222976,1.0000000000,0.0834732504,0.2500000000,0.2500000000,0.4614002245
2026-07-05T13:12:27Z,20260705T131224Z,503,0.6665729829,1.0000000000,0.1177715933,0.3333333333,0.3333333333,0.5068642311
2026-07-05T13:12:27Z,20260705T131224Z,504,0.8308156933,1.0000000000,0.9048335204,0.6666666667,0.6666666667,0.8220039607
2026-07-05T13:12:27Z,20260705T131224Z,505,0.6968385816,1.0000000000,0.2048327647,0.5000000000,0.5000000000,0.5901761983
2026-07-05T13:12:27Z,20260705T131224Z,506,0.7221149473,1.0000000000,0.6610115682,0.3333333333,0.3333333333,0.6293977171
2026-07-05T13:12:27Z,20260705T131224Z,507,0.8308156933,1.0000000000,0.9404540319,0.6666666667,0.6666666667,0.8291280630
2026-07-05T13:12:27Z,20260705T131224Z,508,0.6251540513,1.0000000000,0.6175876087,0.2500000000,0.2500000000,0.5673060346
2026-07-05T13:12:27Z,20260705T131224Z,509,0.6775242385,1.0000000000,0.7430293543,0.4000000000,0.4000000000,0.6579869305
2026-07-05T13:12:27Z,20260705T131224Z,510,0.8224757615,1.0000000000,0.9001245156,0.7500000000,0.7500000000,0.8481438435
2026-07-05T13:12:27Z,20260705T131224Z,511,0.8178906433,1.0000000000,0.3079397683,0.6666666667,0.6666666667,0.6993939478
2026-07-05T13:12:27Z,20260705T131224Z,512,0.6666666667,1.0000000000,0.8405601341,0.3333333333,0.3333333333,0.6514453602
2026-07-05T13:12:27Z,20260705T131224Z,513,0.7677204728,1.0000000000,0.8440417392,0.5000000000,0.5000000000,0.7357384660
2026-07-05T13:12:27Z,20260705T131224Z,514,0.6968385816,1.0000000000,0.2048327647,0.5000000000,0.5000000000,0.5901761983
2026-07-05T13:12:27Z,20260705T131224Z,515,0.8178906433,1.0000000000,0.2788779695,0.6666666667,0.6666666667,0.6935815881
2026-07-05T13:12:27Z,20260705T131224Z,516,0.7697625972,1.0000000000,0.5325372328,0.6666666667,0.6666666667,0.7322814292
2026-07-05T13:12:27Z,20260705T131224Z,517,0.9645590544,1.0000000000,0.7577621168,1.0000000000,1.0000000000,0.9426921870
2026-07-05T13:12:27Z,20260705T131224Z,518,0.6666666667,1.0000000000,0.7332986469,0.3333333333,0.3333333333,0.6299930627
2026-07-05T13:12:27Z,20260705T131224Z,519,0.6968385816,1.0000000000,0.0704465750,0.5000000000,0.5000000000,0.5632989604
2026-07-05T13:12:27Z,20260705T131224Z,520,0.6968385816,1.0000000000,0.3743340836,0.5000000000,0.5000000000,0.6240764621
2026-07-05T13:12:27Z,20260705T131224Z,521,0.6666666667,1.0000000000,0.5791668483,0.3333333333,0.3333333333,0.5991667030
2026-07-05T13:12:27Z,20260705T131224Z,522,1.0000000000,1.0000000000,0.8286426520,1.0000000000,1.0000000000,0.9657285304
2026-07-05T13:12:27Z,20260705T131224Z,523,0.5640209032,1.0000000000,0.3522490206,0.2000000000,0.2000000000,0.4814550299
2026-07-05T13:12:27Z,20260705T131224Z,524,0.7002216302,1.0000000000,0.5791668483,0.2500000000,0.2500000000,0.5783887772
2026-07-05T13:12:27Z,20260705T131224Z,525,0.4312932388,1.0000000000,0.0000000000,0.0000000000,0.0000000000,0.3078233097
2026-07-05T13:12:27Z,20260705T131224Z,526,1.0000000000,1.0000000000,1.0000000000,1.0000000000,1.0000000000,1.0000000000
2026-07-05T13:12:27Z,20260705T131224Z,527,0.6658223592,1.0000000000,0.0390952745,0.5000000000,0.5000000000,0.5492746447
2026-07-05T13:12:27Z,20260705T131224Z,528,0.9189432581,1.0000000000,0.4367799271,1.0000000000,1.0000000000,0.8670918000
2026-07-05T13:12:27Z,20260705T131224Z,529,0.7221149473,1.0000000000,0.5973455428,0.3333333333,0.3333333333,0.6166645120
2026-07-05T13:12:27Z,20260705T131224Z,530,0.6968385816,1.0000000000,0.0704465750,0.5000000000,0.5000000000,0.5632989604
2026-07-05T13:12:27Z,20260705T131224Z,531,0.7811646086,1.0000000000,0.2463960537,0.5000000000,0.5000000000,0.6195703629
2026-07-05T13:12:27Z,20260705T131224Z,532,0.6519264212,1.0000000000,0.1763192733,0.2500000000,0.2500000000,0.4857454599
2026-07-05T13:12:27Z,20260705T131224Z,533,0.7002216302,1.0000000000,0.4652060382,0.2500000000,0.2500000000,0.5555966152
2026-07-05T13:12:27Z,20260705T131224Z,534,0.6468804614,1.0000000000,0.4892695269,0.4000000000,0.4000000000,0.5995740207
2026-07-05T13:12:27Z,20260705T131224Z,535,0.6665729829,1.0000000000,0.0744262604,0.3333333333,0.3333333333,0.4981951645
2026-07-05T13:12:27Z,20260705T131224Z,536,0.7677204728,1.0000000000,0.9665245833,0.5000000000,0.5000000000,0.7602350349
2026-07-05T13:12:27Z,20260705T131224Z,537,0.9291181088,1.0000000000,0.0669508334,1.0000000000,1.0000000000,0.7956696939
2026-07-05T13:12:27Z,20260705T131224Z,538,0.8178906433,1.0000000000,0.1511811109,0.6666666667,0.6666666667,0.6680422163
2026-07-05T13:12:27Z,20260705T131224Z,539,0.7778850527,1.0000000000,0.8624549925,0.6666666667,0.6666666667,0.8002955950
2026-07-05T13:12:27Z,20260705T131224Z,540,0.7677204728,1.0000000000,0.8888002244,0.5000000000,0.5000000000,0.7446901631
2026-07-05T13:12:27Z,20260705T131224Z,541,0.7677204728,1.0000000000,0.8440417392,0.5000000000,0.5000000000,0.7357384660
2026-07-05T13:12:27Z,20260705T131224Z,542,0.6968385816,1.0000000000,0.1559582608,0.5000000000,0.5000000000,0.5804012976
2026-07-05T13:12:27Z,20260705T131224Z,543,0.4645590544,1.0000000000,0.0000000000,0.0000000000,0.0000000000,0.3161397636
2026-07-05T13:12:27Z,20260705T131224Z,544,0.7677204728,1.0000000000,0.9665245833,0.5000000000,0.5000000000,0.7602350349
2026-07-05T13:12:27Z,20260705T131224Z,545,0.6186566985,1.0000000000,0.1110444994,0.3333333333,0.3333333333,0.4935397412
2026-07-05T13:12:27Z,20260705T131224Z,546,0.9645590544,1.0000000000,0.6111997756,1.0000000000,1.0000000000,0.9133797187
2026-07-05T13:12:27Z,20260705T131224Z,547,0.7697625972,1.0000000000,0.5325372328,0.6666666667,0.6666666667,0.7322814292
2026-07-05T13:12:27Z,20260705T131224Z,548,0.7496918975,1.0000000000,0.9308145509,0.5000000000,0.5000000000,0.7485858846
2026-07-05T13:12:27Z,20260705T131224Z,549,0.7107144013,1.0000000000,0.7647227335,0.5000000000,0.5000000000,0.7056231470
2026-07-05T13:12:27Z,20260705T131224Z,550,0.6665729829,1.0000000000,0.2312660908,0.3333333333,0.3333333333,0.5295631306
2026-07-05T13:12:27Z,20260705T131224Z,551,0.4470327476,1.0000000000,0.0000000000,0.0000000000,0.0000000000,0.3117581869
2026-07-05T13:12:27Z,20260705T131224Z,552,0.6666666667,1.0000000000,0.6198648780,0.3333333333,0.3333333333,0.6073063089
2026-07-05T13:12:27Z,20260705T131224Z,553,0.9291181088,1.0000000000,0.5791668483,1.0000000000,1.0000000000,0.8981128969
2026-07-05T13:12:27Z,20260705T131224Z,554,0.8178906433,1.0000000000,0.4220842853,0.6666666667,0.6666666667,0.7222228512
2026-07-05T13:12:27Z,20260705T131224Z,555,0.6665729829,1.0000000000,0.2178632370,0.3333333333,0.3333333333,0.5268825598
2026-07-05T13:12:27Z,20260705T131224Z,556,0.6968385816,1.0000000000,0.0704465750,0.5000000000,0.5000000000,0.5632989604
2026-07-05T13:12:27Z,20260705T131224Z,557,0.6691512980,1.0000000000,0.4097978564,0.5000000000,0.5000000000,0.6242473958
2026-07-05T13:12:27Z,20260705T131224Z,558,0.5628329582,1.0000000000,0.1846772363,0.2500000000,0.2500000000,0.4651436868
2026-07-05T13:12:27Z,20260705T131224Z,559,0.6968385816,1.0000000000,0.0704465750,0.5000000000,0.5000000000,0.5632989604
2026-07-05T13:12:27Z,20260705T131224Z,560,0.9291181088,1.0000000000,0.5069955401,1.0000000000,1.0000000000,0.8836786352
2026-07-05T13:12:27Z,20260705T131224Z,561,1.0000000000,1.0000000000,0.7682837996,1.0000000000,1.0000000000,0.9536567599
2026-07-05T13:12:27Z,20260705T131224Z,562,0.6968385816,1.0000000000,0.2048327647,0.5000000000,0.5000000000,0.5901761983
2026-07-05T13:12:27Z,20260705T131224Z,563,0.9999999953,1.0000000000,1.0000000000,1.0000000000,1.0000000000,0.9999999988
2026-07-05T13:12:27Z,20260705T131224Z,564,0.6968385816,1.0000000000,0.2048327647,0.5000000000,0.5000000000,0.5901761983
2026-07-05T13:12:27Z,20260705T131224Z,565,0.9645590544,1.0000000000,0.7048327647,1.0000000000,1.0000000000,0.9321063165
2026-07-05T13:12:27Z,20260705T131224Z,566,0.7322795272,1.0000000000,0.5000000000,0.5000000000,0.5000000000,0.6580698818
2026-07-05T13:12:27Z,20260705T131224Z,567,0.9999999953,1.0000000000,1.0000000000,1.0000000000,1.0000000000,0.9999999988
2026-07-05T13:12:27Z,20260705T131224Z,568,0.7322795272,1.0000000000,0.5000000000,0.5000000000,0.5000000000,0.6580698818
2026-07-05T13:12:27Z,20260705T131224Z,569,0.9645590544,1.0000000000,0.6559582608,1.0000000000,1.0000000000,0.9223314158
2026-07-05T13:12:27Z,20260705T131224Z,570,0.6186566985,1.0000000000,0.1431212777,0.3333333333,0.3333333333,0.4999550968
2026-07-05T13:12:27Z,20260705T131224Z,571,0.7677204728,1.0000000000,0.7422378832,0.5000000000,0.5000000000,0.7153776948
2026-07-05T13:12:27Z,20260705T131224Z,572,0.7221149473,1.0000000000,0.6610115682,0.3333333333,0.3333333333,0.6293977171
2026-07-05T13:12:27Z,20260705T131224Z,573,0.6665729829,1.0000000000,0.3352247013,0.3333333333,0.3333333333,0.5503548526
2026-07-05T13:12:27Z,20260705T131224Z,574,0.5845468885,1.0000000000,0.0414697392,0.2500000000,0.2500000000,0.4419306700
2026-07-05T13:12:27Z,20260705T131224Z,575,1.0000000000,1.0000000000,0.9535917584,1.0000000000,1.0000000000,0.9907183517
2026-07-05T13:12:27Z,20260705T131224Z,576,0.8296522562,1.0000000000,0.9329220947,0.7500000000,0.7500000000,0.8564974830
2026-07-05T13:12:27Z,20260705T131224Z,577,0.6820617591,1.0000000000,0.8948655417,0.5000000000,0.5000000000,0.7244885481
2026-07-05T13:12:27Z,20260705T131224Z,578,0.5822138547,1.0000000000,0.2030214054,0.2500000000,0.2500000000,0.4736577448
2026-07-05T13:12:27Z,20260705T131224Z,579,0.8308156933,1.0000000000,0.8610190853,0.6666666667,0.6666666667,0.8132410737
2026-07-05T13:12:27Z,20260705T131224Z,580,0.8308156933,1.0000000000,0.6941174070,0.6666666667,0.6666666667,0.7798607380
2026-07-05T13:12:27Z,20260705T131224Z,581,0.7811646086,1.0000000000,0.3916240940,0.5000000000,0.5000000000,0.6486159709
2026-07-05T13:12:27Z,20260705T131224Z,582,0.6864129653,1.0000000000,0.3608961839,0.5000000000,0.5000000000,0.6187824781
2026-07-05T13:12:27Z,20260705T131224Z,583,0.4470327476,1.0000000000,0.0000000000,0.0000000000,0.0000000000,0.3117581869
2026-07-05T13:12:27Z,20260705T131224Z,584,0.6665729829,1.0000000000,0.3352247013,0.3333333333,0.3333333333,0.5503548526
2026-07-05T13:12:27Z,20260705T131224Z,585,0.8308156933,1.0000000000,0.9493633843,0.6666666667,0.6666666667,0.8309099335
2026-07-05T13:12:27Z,20260705T131224Z,586,0.5814457004,1.0000000000,0.1195954518,0.3333333333,0.3333333333,0.4859471821
2026-07-05T13:12:27Z,20260705T131224Z,587,1.0000000000,1.0000000000,0.8534376588,1.0000000000,1.0000000000,0.9706875318
2026-07-05T13:12:27Z,20260705T131224Z,588,1.0000000000,1.0000000000,0.9222756411,1.0000000000,1.0000000000,0.9844551282
2026-07-05T13:12:27Z,20260705T131224Z,589,1.0000000000,1.0000000000,0.8286426520,1.0000000000,1.0000000000,0.9657285304
2026-07-05T13:12:27Z,20260705T131224Z,590,0.8308156933,1.0000000000,0.7991944448,0.6666666667,0.6666666667,0.8008761456
2026-07-05T13:12:27Z,20260705T131224Z,591,0.8274928135,1.0000000000,0.8899806873,0.6666666667,0.6666666667,0.8182026742
2026-07-05T13:12:27Z,20260705T131224Z,592,0.8299505686,1.0000000000,0.7836531041,0.6666666667,0.6666666667,0.7975515963
2026-07-05T13:12:27Z,20260705T131224Z,593,0.9189432581,1.0000000000,0.6081734480,1.0000000000,1.0000000000,0.9013705041
2026-07-05T13:12:27Z,20260705T131224Z,594,0.8274928135,1.0000000000,0.6666666667,0.6666666667,0.6666666667,0.7735398700
2026-07-05T13:12:27Z,20260705T131224Z,595,0.7988410445,1.0000000000,0.6139772183,0.6666666667,0.6666666667,0.7558390381
2026-07-05T13:12:27Z,20260705T131224Z,596,0.9694646303,1.0000000000,0.9386463026,1.0000000000,1.0000000000,0.9800954181
2026-07-05T13:12:27Z,20260705T131224Z,597,0.8308156933,1.0000000000,0.8626274645,0.6666666667,0.6666666667,0.8135627495
2026-07-05T13:12:27Z,20260705T131224Z,598,0.6666666667,1.0000000000,0.9220336936,0.3333333333,0.3333333333,0.6677400721
2026-07-05T13:12:27Z,20260705T131224Z,599,0.6666666667,1.0000000000,0.9220336936,0.3333333333,0.3333333333,0.6677400721
2026-07-05T13:12:27Z,20260705T131224Z,600,0.9645590544,1.0000000000,0.5704465750,1.0000000000,1.0000000000,0.9052290786
2026-07-05T13:12:27Z,20260705T131224Z,601,0.7322795272,1.0000000000,0.5000000000,0.5000000000,0.5000000000,0.6580698818
2026-07-05T13:12:27Z,20260705T131224Z,602,0.7677204728,1.0000000000,0.6256659164,0.5000000000,0.5000000000,0.6920633015
2026-07-05T13:12:27Z,20260705T131224Z,603,1.0000000000,1.0000000000,0.8304986811,1.0000000000,1.0000000000,0.9660997362
2026-07-05T13:12:27Z,20260705T131224Z,604,1.0000000000,1.0000000000,0.8656138103,1.0000000000,1.0000000000,0.9731227621
2026-07-05T13:12:27Z,20260705T131224Z,605,0.7677204728,1.0000000000,0.9295534250,0.5000000000,0.5000000000,0.7528408032
2026-07-05T13:12:27Z,20260705T131224Z,606,0.7677204728,1.0000000000,0.7951672353,0.5000000000,0.5000000000,0.7259635653
2026-07-05T13:12:27Z,20260705T131224Z,607,1.0000000000,1.0000000000,0.8304986811,1.0000000000,1.0000000000,0.9660997362
2026-07-05T13:12:27Z,20260705T131224Z,608,1.0000000000,1.0000000000,0.6591413331,1.0000000000,1.0000000000,0.9318282666
2026-07-05T13:12:27Z,20260705T131224Z,609,1.0000000000,1.0000000000,0.7757132999,1.0000000000,1.0000000000,0.9551426600
2026-07-05T13:12:27Z,20260705T131224Z,610,0.6186566985,1.0000000000,0.0307665607,0.3333333333,0.3333333333,0.4774841534
2026-07-05T13:12:27Z,20260705T131224Z,611,0.8178906433,1.0000000000,0.3406496976,0.6666666667,0.6666666667,0.7059359337
2026-07-05T13:12:27Z,20260705T131224Z,612,0.7778850527,1.0000000000,0.6897546798,0.6666666667,0.6666666667,0.7657555325
2026-07-05T13:12:27Z,20260705T131224Z,613,1.0000000000,1.0000000000,0.9999999866,1.0000000000,1.0000000000,0.9999999973
2026-07-05T13:12:27Z,20260705T131224Z,614,1.0000000000,1.0000000000,0.9511254961,1.0000000000,1.0000000000,0.9902250992
2026-07-05T13:12:27Z,20260705T131224Z,615,1.0000000000,1.0000000000,0.9552415148,1.0000000000,1.0000000000,0.9910483030
2026-07-05T13:12:27Z,20260705T131224Z,616,1.0000000000,1.0000000000,0.9592467994,1.0000000000,1.0000000000,0.9918493599
2026-07-05T13:12:27Z,20260705T131224Z,617,1.0000000000,1.0000000000,0.9999999905,1.0000000000,1.0000000000,0.9999999981
2026-07-05T13:12:27Z,20260705T131224Z,618,0.7677204728,1.0000000000,0.9295534250,0.5000000000,0.5000000000,0.7528408032
2026-07-05T13:12:27Z,20260705T131224Z,619,0.7322795272,1.0000000000,0.5000000000,0.5000000000,0.5000000000,0.6580698818
2026-07-05T13:12:27Z,20260705T131224Z,620,0.9645590544,1.0000000000,0.9365489651,1.0000000000,1.0000000000,0.9784495566
2026-07-05T13:12:27Z,20260705T131224Z,621,0.6186566985,1.0000000000,0.3954885354,0.3333333333,0.3333333333,0.5504285484
2026-07-05T13:12:27Z,20260705T131224Z,622,0.9291181088,1.0000000000,0.2912375335,1.0000000000,1.0000000000,0.8405270339
2026-07-05T13:12:27Z,20260705T131224Z,623,0.6186566985,1.0000000000,0.0334291054,0.3333333333,0.3333333333,0.4780166624
2026-07-05T13:12:27Z,20260705T131224Z,624,0.8048689313,1.0000000000,0.9646740990,0.6666666667,0.6666666667,0.8274853860
2026-07-05T13:12:27Z,20260705T131224Z,625,0.9694646303,1.0000000000,0.9607964412,1.0000000000,1.0000000000,0.9845254458
2026-07-05T13:12:27Z,20260705T131224Z,626,0.8308156933,1.0000000000,0.9446321591,0.6666666667,0.6666666667,0.8299636885
2026-07-05T13:12:27Z,20260705T131224Z,627,1.0000000000,1.0000000000,0.7190225749,1.0000000000,1.0000000000,0.9438045150
2026-07-05T13:12:27Z,20260705T131224Z,628,1.0000000000,1.0000000000,0.7190225749,1.0000000000,1.0000000000,0.9438045150
2026-07-05T13:12:27Z,20260705T131224Z,629,0.8308156933,1.0000000000,0.8324540231,0.6666666667,0.6666666667,0.8075280613
2026-07-05T13:12:27Z,20260705T131224Z,630,0.8308156933,1.0000000000,0.7850999929,0.6666666667,0.6666666667,0.7980572552
2026-07-05T13:12:27Z,20260705T131224Z,631,0.8308156933,1.0000000000,0.8383998770,0.6666666667,0.6666666667,0.8087172320
2026-07-05T13:12:27Z,20260705T131224Z,632,1.0000000000,1.0000000000,0.8563531705,1.0000000000,1.0000000000,0.9712706341
2026-07-05T13:12:27Z,20260705T131224Z,633,0.7221149473,1.0000000000,0.9167411894,0.3333333333,0.3333333333,0.6805436414
2026-07-05T13:12:27Z,20260705T131224Z,634,0.7233498105,1.0000000000,0.9500849642,0.3333333333,0.3333333333,0.6875211121
2026-07-05T13:12:27Z,20260705T131224Z,635,0.7877679844,1.0000000000,0.1909869467,0.6666666667,0.6666666667,0.6684727188
2026-07-05T13:12:27Z,20260705T131224Z,636,0.9291181088,1.0000000000,0.3607910255,1.0000000000,1.0000000000,0.8544377323
2026-07-05T13:12:27Z,20260705T131224Z,637,1.0000000000,1.0000000000,0.9511254961,1.0000000000,1.0000000000,0.9902250992
2026-07-05T13:12:27Z,20260705T131224Z,638,0.6257641301,1.0000000000,0.8364016295,0.2500000000,0.2500000000,0.6112213584
2026-07-05T13:12:27Z,20260705T131224Z,639,0.8048689313,1.0000000000,0.9646740990,0.6666666667,0.6666666667,0.8274853860
2026-07-05T13:12:27Z,20260705T131224Z,640,0.6666666667,1.0000000000,0.7925436939,0.3333333333,0.3333333333,0.6418420721
2026-07-05T13:12:27Z,20260705T131224Z,641,0.8048689313,1.0000000000,0.8269519658,0.6666666667,0.6666666667,0.7999409593
2026-07-05T13:12:27Z,20260705T131224Z,642,0.7309729266,1.0000000000,0.9020902036,0.5000000000,0.5000000000,0.7381612724
2026-07-05T13:12:27Z,20260705T131224Z,643,0.7778850527,1.0000000000,0.8820639668,0.6666666667,0.6666666667,0.8042173899
2026-07-05T13:12:27Z,20260705T131224Z,644,0.7677204728,1.0000000000,0.9665245833,0.5000000000,0.5000000000,0.7602350349
2026-07-05T13:12:27Z,20260705T131224Z,645,0.7677204728,1.0000000000,0.9665245833,0.5000000000,0.5000000000,0.7602350349
2026-07-05T13:12:27Z,20260705T131224Z,646,1.0000000000,1.0000000000,1.0000000000,1.0000000000,1.0000000000,1.0000000000
2026-07-05T13:12:27Z,20260705T131224Z,647,1.0000000000,1.0000000000,0.8775171560,1.0000000000,1.0000000000,0.9755034312
2026-07-05T13:12:27Z,20260705T131224Z,648,0.8308156933,1.0000000000,0.9578593300,0.6666666667,0.6666666667,0.8326091226
2026-07-05T13:12:27Z,20260705T131224Z,649,0.8274928135,1.0000000000,0.6636373187,0.6666666667,0.6666666667,0.7729340004
2026-07-05T13:12:27Z,20260705T131224Z,650,0.7322795272,1.0000000000,0.5000000000,0.5000000000,0.5000000000,0.6580698818
2026-07-05T13:12:27Z,20260705T131224Z,651,0.7221149473,1.0000000000,0.5315327466,0.3333333333,0.3333333333,0.6035019528
2026-07-05T13:12:27Z,20260705T131224Z,652,0.7160887327,1.0000000000,0.0695846244,0.6666666667,0.6666666667,0.6262724414
2026-07-05T13:12:27Z,20260705T131224Z,653,0.6186566985,1.0000000000,0.1110444994,0.3333333333,0.3333333333,0.4935397412
2026-07-05T13:12:27Z,20260705T131224Z,654,0.7677204728,1.0000000000,0.8888002244,0.5000000000,0.5000000000,0.7446901631
2026-07-05T13:12:27Z,20260705T131224Z,655,0.9999999953,1.0000000000,1.0000000000,1.0000000000,1.0000000000,0.9999999988
2026-07-05T13:12:27Z,20260705T131224Z,656,0.9999999953,1.0000000000,1.0000000000,1.0000000000,1.0000000000,0.9999999988
2026-07-05T13:12:27Z,20260705T131224Z,657,0.9999999953,1.0000000000,1.0000000000,1.0000000000,1.0000000000,0.9999999988
2026-07-05T13:12:27Z,20260705T131224Z,658,0.9999999953,1.0000000000,1.0000000000,1.0000000000,1.0000000000,0.9999999988
2026-07-05T13:12:27Z,20260705T131224Z,659,0.7677204728,1.0000000000,0.9665245833,0.5000000000,0.5000000000,0.7602350349
2026-07-05T13:12:27Z,20260705T131224Z,660,0.7677204728,1.0000000000,0.9665245833,0.5000000000,0.5000000000,0.7602350349
2026-07-05T13:12:27Z,20260705T131224Z,661,0.9999999953,1.0000000000,1.0000000000,1.0000000000,1.0000000000,0.9999999988
2026-07-05T13:12:27Z,20260705T131224Z,662,0.7677204728,1.0000000000,0.9295534250,0.5000000000,0.5000000000,0.7528408032
2026-07-05T13:12:27Z,20260705T131224Z,663,0.8308156933,1.0000000000,0.8961891502,0.6666666667,0.6666666667,0.8202750867
2026-07-05T13:12:27Z,20260705T131224Z,664,0.8308156933,1.0000000000,0.8614710364,0.6666666667,0.6666666667,0.8133314639
2026-07-05T13:12:27Z,20260705T131224Z,665,0.7677204728,1.0000000000,0.9665245833,0.5000000000,0.5000000000,0.7602350349
2026-07-05T13:12:27Z,20260705T131224Z,666,0.7221149473,1.0000000000,0.8031614184,0.3333333333,0.3333333333,0.6578276872
2026-07-05T13:12:27Z,20260705T131224Z,667,0.7193921541,1.0000000000,0.2101146999,0.5000000000,0.5000000000,0.5968709785
2026-07-05T13:12:27Z,20260705T131224Z,668,0.6416033262,1.0000000000,0.0352771592,0.3333333333,0.3333333333,0.4841229301
2026-07-05T13:12:27Z,20260705T131224Z,669,0.9999999953,1.0000000000,1.0000000000,1.0000000000,1.0000000000,0.9999999988
2026-07-05T13:12:27Z,20260705T131224Z,670,0.7677204728,1.0000000000,0.9665245833,0.5000000000,0.5000000000,0.7602350349
2026-07-05T13:12:27Z,20260705T131224Z,671,1.0000000000,1.0000000000,0.8286426520,1.0000000000,1.0000000000,0.9657285304
2026-07-05T13:12:27Z,20260705T131224Z,672,0.7677204728,1.0000000000,0.7951672353,0.5000000000,0.5000000000,0.7259635653
2026-07-05T13:12:27Z,20260705T131224Z,673,0.9999999953,1.0000000000,1.0000000000,1.0000000000,1.0000000000,0.9999999988
2026-07-05T13:12:27Z,20260705T131224Z,674,0.7677204728,1.0000000000,0.9665245833,0.5000000000,0.5000000000,0.7602350349
2026-07-05T13:12:27Z,20260705T131224Z,675,1.0000000000,1.0000000000,1.0000000000,1.0000000000,1.0000000000,1.0000000000
2026-07-05T13:12:27Z,20260705T131224Z,676,0.7677204728,1.0000000000,0.9665245833,0.5000000000,0.5000000000,0.7602350349
2026-07-05T13:12:27Z,20260705T131224Z,677,0.9999999953,1.0000000000,1.0000000000,1.0000000000,1.0000000000,0.9999999988
2026-07-05T13:12:27Z,20260705T131224Z,678,0.9999999953,1.0000000000,1.0000000000,1.0000000000,1.0000000000,0.9999999988
2026-07-05T13:12:27Z,20260705T131224Z,679,0.9999999953,1.0000000000,1.0000000000,1.0000000000,1.0000000000,0.9999999988
2026-07-05T13:12:27Z,20260705T131224Z,680,0.6968385816,1.0000000000,0.3743340836,0.5000000000,0.5000000000,0.6240764621
2026-07-05T13:12:27Z,20260705T131224Z,681,1.0000000000,1.0000000000,0.9999999866,1.0000000000,1.0000000000,0.9999999973
2026-07-05T13:12:27Z,20260705T131224Z,682,0.6968385816,1.0000000000,0.3743340836,0.5000000000,0.5000000000,0.6240764621
2026-07-05T13:12:27Z,20260705T131224Z,683,0.9999999953,1.0000000000,1.0000000000,1.0000000000,1.0000000000,0.9999999988
2026-07-05T13:12:27Z,20260705T131224Z,684,0.7677204728,1.0000000000,0.9295534250,0.5000000000,0.5000000000,0.7528408032
2026-07-05T13:12:27Z,20260705T131224Z,685,0.7677204728,1.0000000000,0.9295534250,0.5000000000,0.5000000000,0.7528408032
2026-07-05T13:12:27Z,20260705T131224Z,686,0.7677204728,1.0000000000,0.8888002244,0.5000000000,0.5000000000,0.7446901631
2026-07-05T13:12:27Z,20260705T131224Z,687,1.0000000000,1.0000000000,0.9552415148,1.0000000000,1.0000000000,0.9910483030
2026-07-05T13:12:27Z,20260705T131224Z,688,1.0000000000,1.0000000000,0.9511254961,1.0000000000,1.0000000000,0.9902250992
2026-07-05T13:12:27Z,20260705T131224Z,689,0.9291181088,1.0000000000,0.6413817298,1.0000000000,1.0000000000,0.9105558732
2026-07-05T13:12:27Z,20260705T131224Z,690,0.7575558929,1.0000000000,0.5803603025,0.6666666667,0.6666666667,0.7387943670
2026-07-05T13:12:27Z,20260705T131224Z,691,0.7248934060,1.0000000000,0.2681134949,0.6666666667,0.6666666667,0.6681793838
2026-07-05T13:12:27Z,20260705T131224Z,692,0.6186566985,1.0000000000,0.0334291054,0.3333333333,0.3333333333,0.4780166624
2026-07-05T13:12:27Z,20260705T131224Z,693,0.7677204728,1.0000000000,0.9665245833,0.5000000000,0.5000000000,0.7602350349
2026-07-05T13:12:27Z,20260705T131224Z,694,0.7677204728,1.0000000000,0.9665245833,0.5000000000,0.5000000000,0.7602350349
2026-07-05T13:12:27Z,20260705T131224Z,695,0.6968385816,1.0000000000,0.0334754167,0.5000000000,0.5000000000,0.5559047287
2026-07-05T13:12:27Z,20260705T131224Z,696,0.6968385816,1.0000000000,0.3743340836,0.5000000000,0.5000000000,0.6240764621
2026-07-05T13:12:27Z,20260705T131224Z,697,0.7677204728,1.0000000000,0.6256659164,0.5000000000,0.5000000000,0.6920633015
2026-07-05T13:12:27Z,20260705T131224Z,698,0.9999999953,1.0000000000,1.0000000000,1.0000000000,1.0000000000,0.9999999988
2026-07-05T13:12:27Z,20260705T131224Z,699,0.6968385816,1.0000000000,0.1111997756,0.5000000000,0.5000000000,0.5714496005
2026-07-05T13:12:27Z,20260705T131224Z,700,0.9291181088,1.0000000000,0.5477487407,1.0000000000,1.0000000000,0.8918292753
2026-07-05T13:12:27Z,20260705T131224Z,701,1.0000000000,1.0000000000,0.5969264516,1.0000000000,1.0000000000,0.9193852903
2026-07-05T13:12:27Z,20260705T131224Z,702,0.8308156933,1.0000000000,0.8763023934,0.6666666667,0.6666666667,0.8162977353
2026-07-05T13:12:27Z,20260705T131224Z,703,0.5857228750,1.0000000000,0.1244171792,0.2500000000,0.2500000000,0.4588141546
2026-07-05T13:12:27Z,20260705T131224Z,704,0.5857228750,1.0000000000,0.1752307917,0.2500000000,0.2500000000,0.4689768771
2026-07-05T13:12:27Z,20260705T131224Z,705,0.5476038968,1.0000000000,0.0855721830,0.2500000000,0.2500000000,0.4415154108
2026-07-05T13:12:27Z,20260705T131224Z,706,0.6617545721,1.0000000000,0.3886207079,0.4000000000,0.4000000000,0.5831627846
2026-07-05T13:12:27Z,20260705T131224Z,707,0.6756777789,1.0000000000,0.2650519007,0.6000000000,0.6000000000,0.6319298249
2026-07-05T13:12:27Z,20260705T131224Z,708,0.8349916978,1.0000000000,0.6325310258,0.7500000000,0.7500000000,0.7977541296
2026-07-05T13:12:27Z,20260705T131224Z,709,0.5997124834,1.0000000000,0.7347398888,0.2000000000,0.2000000000,0.5668760986
2026-07-05T13:12:27Z,20260705T131224Z,710,0.5814457004,1.0000000000,0.0058149368,0.3333333333,0.3333333333,0.4631910791
2026-07-05T13:12:27Z,20260705T131224Z,711,0.6251540513,1.0000000000,0.6595212582,0.2500000000,0.2500000000,0.5756927644
2026-07-05T13:12:27Z,20260705T131224Z,712,0.6775242385,1.0000000000,0.6923195857,0.4000000000,0.4000000000,0.6478449768
2026-07-05T13:12:27Z,20260705T131224Z,713,0.7002216302,1.0000000000,0.7842461013,0.2500000000,0.2500000000,0.6194046278
2026-07-05T13:12:27Z,20260705T131224Z,714,0.7677204728,1.0000000000,0.7951672353,0.5000000000,0.5000000000,0.7259635653
2026-07-05T13:12:27Z,20260705T131224Z,715,1.0000000000,1.0000000000,0.8286426520,1.0000000000,1.0000000000,0.9657285304
2026-07-05T13:12:27Z,20260705T131224Z,716,1.0000000000,1.0000000000,0.9630288418,1.0000000000,1.0000000000,0.9926057684
2026-07-05T13:12:27Z,20260705T131224Z,717,0.9291181088,1.0000000000,0.5069955401,1.0000000000,1.0000000000,0.8836786352
2026-07-05T13:12:27Z,20260705T131224Z,718,0.6666666667,1.0000000000,0.5623766880,0.3333333333,0.3333333333,0.5958086709
2026-07-05T13:12:27Z,20260705T131224Z,719,0.6666666667,1.0000000000,0.9220336936,0.3333333333,0.3333333333,0.6677400721
2026-07-05T13:12:27Z,20260705T131224Z,720,0.9291181088,1.0000000000,0.1039219917,1.0000000000,1.0000000000,0.8030639255
2026-07-05T13:12:27Z,20260705T131224Z,721,0.6968385816,1.0000000000,0.0334754167,0.5000000000,0.5000000000,0.5559047287
2026-07-05T13:12:27Z,20260705T131224Z,722,0.7233498105,1.0000000000,0.8886112460,0.3333333333,0.3333333333,0.6752263685
2026-07-05T13:12:27Z,20260705T131224Z,723,1.0000000000,1.0000000000,0.9385262818,1.0000000000,1.0000000000,0.9877052564
2026-07-05T13:12:27Z,20260705T131224Z,724,0.6257641301,1.0000000000,0.7377117931,0.2500000000,0.2500000000,0.5914833912
2026-07-05T13:12:27Z,20260705T131224Z,725,0.9291181088,1.0000000000,0.4625948815,1.0000000000,1.0000000000,0.8747985035
2026-07-05T13:12:27Z,20260705T131224Z,726,0.6186566985,1.0000000000,0.2045394815,0.3333333333,0.3333333333,0.5122387376
2026-07-05T13:12:27Z,20260705T131224Z,727,0.6251540513,1.0000000000,0.8260550879,0.2500000000,0.2500000000,0.6089995304
2026-07-05T13:12:27Z,20260705T131224Z,728,0.7160887327,1.0000000000,0.0588338461,0.6666666667,0.6666666667,0.6241222857
2026-07-05T13:12:27Z,20260705T131224Z,729,0.6186566985,1.0000000000,0.3123580670,0.3333333333,0.3333333333,0.5338024547
2026-07-05T13:12:27Z,20260705T131224Z,730,0.6666666667,1.0000000000,0.6783904899,0.3333333333,0.3333333333,0.6190114313
2026-07-05T13:12:27Z,20260705T131224Z,731,1.0000000000,1.0000000000,0.9999999905,1.0000000000,1.0000000000,0.9999999981
2026-07-05T13:12:27Z,20260705T131224Z,732,0.7778850527,1.0000000000,0.5734813988,0.6666666667,0.6666666667,0.7425008763
2026-07-05T13:12:27Z,20260705T131224Z,733,0.7415433010,1.0000000000,0.5835072333,0.5000000000,0.5000000000,0.6770872719
2026-07-05T13:12:27Z,20260705T131224Z,734,0.7544036109,1.0000000000,0.2058280666,0.7500000000,0.7500000000,0.6922665160
2026-07-05T13:12:27Z,20260705T131224Z,735,0.7743054762,1.0000000000,0.6296956386,0.7500000000,0.7500000000,0.7820154968
2026-07-05T13:12:27Z,20260705T131224Z,736,0.8178906433,1.0000000000,0.6685479869,0.6666666667,0.6666666667,0.7715155915
2026-07-05T13:12:27Z,20260705T131224Z,737,0.8308156933,1.0000000000,0.9023267692,0.6666666667,0.6666666667,0.8215026105
2026-07-05T13:12:27Z,20260705T131224Z,738,0.8308156933,1.0000000000,0.7991944448,0.6666666667,0.6666666667,0.8008761456
2026-07-05T13:12:27Z,20260705T131224Z,739,0.8308156933,1.0000000000,0.7861662857,0.6666666667,0.6666666667,0.7982705138
2026-07-05T13:12:27Z,20260705T131224Z,740,0.8308156933,1.0000000000,0.7728176233,0.6666666667,0.6666666667,0.7956007813
2026-07-05T13:12:27Z,20260705T131224Z,741,0.9291181088,1.0000000000,0.4855338592,1.0000000000,1.0000000000,0.8793862990
2026-07-05T13:12:27Z,20260705T131224Z,742,0.9291181088,1.0000000000,0.2223995511,1.0000000000,1.0000000000,0.8267594374
2026-07-05T13:12:27Z,20260705T131224Z,743,0.9291181088,1.0000000000,0.3160325403,1.0000000000,1.0000000000,0.8454860353
2026-07-05T13:12:27Z,20260705T131224Z,744,0.6666666667,1.0000000000,0.7925436939,0.3333333333,0.3333333333,0.6418420721
2026-07-05T13:12:27Z,20260705T131224Z,745,0.6666666667,1.0000000000,0.9526695251,0.3333333333,0.3333333333,0.6738672384
2026-07-05T13:12:27Z,20260705T131224Z,746,0.6968385816,1.0000000000,0.0334754167,0.5000000000,0.5000000000,0.5559047287
2026-07-05T13:12:27Z,20260705T131224Z,747,0.6968385816,1.0000000000,0.3743340836,0.5000000000,0.5000000000,0.6240764621
2026-07-05T13:12:27Z,20260705T131224Z,748,0.7677204728,1.0000000000,0.6256659164,0.5000000000,0.5000000000,0.6920633015
2026-07-05T13:12:27Z,20260705T131224Z,749,0.9999999953,1.0000000000,1.0000000000,1.0000000000,1.0000000000,0.9999999988
2026-07-05T13:12:27Z,20260705T131224Z,750,0.6665729829,1.0000000000,0.2178632370,0.3333333333,0.3333333333,0.5268825598
2026-07-05T13:12:27Z,20260705T131224Z,751,0.8274928135,1.0000000000,0.7153604996,0.6666666667,0.6666666667,0.7832786366
2026-07-05T13:12:27Z,20260705T131224Z,752,0.7697625972,1.0000000000,0.5325372328,0.6666666667,0.6666666667,0.7322814292
2026-07-05T13:12:27Z,20260705T131224Z,753,0.8308156933,1.0000000000,0.9626244068,0.6666666667,0.6666666667,0.8335621380
2026-07-05T13:12:27Z,20260705T131224Z,754,0.6186566985,1.0000000000,0.1549850125,0.3333333333,0.3333333333,0.5023278438
2026-07-05T13:12:27Z,20260705T131224Z,755,0.8308156933,1.0000000000,0.8274128923,0.6666666667,0.6666666667,0.8065198351
2026-07-05T13:12:27Z,20260705T131224Z,756,0.7248934060,1.0000000000,0.2601091636,0.6666666667,0.6666666667,0.6665785176
2026-07-05T13:12:27Z,20260705T131224Z,757,1.0000000000,1.0000000000,0.9999999905,1.0000000000,1.0000000000,0.9999999981
2026-07-05T13:12:27Z,20260705T131224Z,758,1.0000000000,1.0000000000,0.9999999905,1.0000000000,1.0000000000,0.9999999981
2026-07-05T13:12:27Z,20260705T131224Z,759,0.6186566985,1.0000000000,0.2035352927,0.3333333333,0.3333333333,0.5120378998
2026-07-05T13:12:27Z,20260705T131224Z,760,0.8308156933,1.0000000000,0.7012308146,0.6666666667,0.6666666667,0.7812834196
2026-07-05T13:12:27Z,20260705T131224Z,761,0.8427735791,1.0000000000,0.8777456371,0.7500000000,0.7500000000,0.8487425222
2026-07-05T13:12:27Z,20260705T131224Z,762,0.7876837595,1.0000000000,0.6495228039,0.5000000000,0.5000000000,0.7018255006
2026-07-05T13:12:27Z,20260705T131224Z,763,1.0000000000,1.0000000000,0.8981961439,1.0000000000,1.0000000000,0.9796392288
2026-07-05T13:12:27Z,20260705T131224Z,764,1.0000000000,1.0000000000,1.0000000000,1.0000000000,1.0000000000,1.0000000000
2026-07-05T13:12:27Z,20260705T131224Z,765,0.9291181088,1.0000000000,0.2912375335,1.0000000000,1.0000000000,0.8405270339
2026-07-05T13:12:27Z,20260705T131224Z,766,0.7677204728,1.0000000000,0.9665245833,0.5000000000,0.5000000000,0.7602350349
2026-07-05T13:12:27Z,20260705T131224Z,767,0.7677204728,1.0000000000,0.9665245833,0.5000000000,0.5000000000,0.7602350349
2026-07-05T13:12:27Z,20260705T131224Z,768,0.9291181088,1.0000000000,0.1039219917,1.0000000000,1.0000000000,0.8030639255
2026-07-05T13:12:27Z,20260705T131224Z,769,0.9645590544,1.0000000000,0.5704465750,1.0000000000,1.0000000000,0.9052290786
2026-07-05T13:12:27Z,20260705T131224Z,770,0.6431777520,1.0000000000,0.4991206898,0.3333333333,0.3333333333,0.5772852426
2026-07-05T13:12:27Z,20260705T131224Z,771,0.7677204728,1.0000000000,0.9665245833,0.5000000000,0.5000000000,0.7602350349
2026-07-05T13:12:27Z,20260705T131224Z,772,0.7677204728,1.0000000000,0.6256659164,0.5000000000,0.5000000000,0.6920633015
2026-07-05T13:12:27Z,20260705T131224Z,773,0.9291181088,1.0000000000,0.4855338592,1.0000000000,1.0000000000,0.8793862990
2026-07-05T13:12:27Z,20260705T131224Z,774,0.6968385816,1.0000000000,0.1111997756,0.5000000000,0.5000000000,0.5714496005
2026-07-05T13:12:27Z,20260705T131224Z,775,0.9999999953,1.0000000000,1.0000000000,1.0000000000,1.0000000000,0.9999999988
2026-07-05T13:12:27Z,20260705T131224Z,776,0.7221149473,1.0000000000,0.5315327466,0.3333333333,0.3333333333,0.6035019528
2026-07-05T13:12:27Z,20260705T131224Z,777,0.9389292606,1.0000000000,0.8032316967,1.0000000000,1.0000000000,0.9453786545
2026-07-05T13:12:27Z,20260705T131224Z,778,0.7248934060,1.0000000000,0.3388054116,0.6666666667,0.6666666667,0.6823177672
2026-07-05T13:12:27Z,20260705T131224Z,779,0.7248934060,1.0000000000,0.3013670254,0.6666666667,0.6666666667,0.6748300899
2026-07-05T13:12:27Z,20260705T131224Z,780,0.8308156933,1.0000000000,0.8323332013,0.6666666667,0.6666666667,0.8075038969
2026-07-05T13:12:27Z,20260705T131224Z,781,0.6186566985,1.0000000000,0.1549850125,0.3333333333,0.3333333333,0.5023278438
2026-07-05T13:12:27Z,20260705T131224Z,782,0.5857228750,1.0000000000,0.2164766880,0.2500000000,0.2500000000,0.4772260563
2026-07-05T13:12:27Z,20260705T131224Z,783,0.8274928135,1.0000000000,0.7153604996,0.6666666667,0.6666666667,0.7832786366
2026-07-05T13:12:27Z,20260705T131224Z,784,0.8274928135,1.0000000000,0.9421253433,0.6666666667,0.6666666667,0.8286316054
2026-07-05T13:12:27Z,20260705T131224Z,785,0.8178906433,1.0000000000,0.4982510358,0.6666666667,0.6666666667,0.7374562013
2026-07-05T13:12:27Z,20260705T131224Z,786,0.9291181088,1.0000000000,0.3479282586,1.0000000000,1.0000000000,0.8518651789
2026-07-05T13:12:27Z,20260705T131224Z,787,0.6968385816,1.0000000000,0.3144528418,0.5000000000,0.5000000000,0.6121002138
2026-07-05T13:12:27Z,20260705T131224Z,788,0.6968385816,1.0000000000,0.3743340836,0.5000000000,0.5000000000,0.6240764621
2026-07-05T13:12:27Z,20260705T131224Z,789,0.6666666667,1.0000000000,0.6198648780,0.3333333333,0.3333333333,0.6073063089
2026-07-05T13:12:27Z,20260705T131224Z,790,0.4470327476,1.0000000000,0.0000000000,0.0000000000,0.0000000000,0.3117581869
2026-07-05T13:12:27Z,20260705T131224Z,791,0.6665729829,1.0000000000,0.2445537927,0.3333333333,0.3333333333,0.5322206709
2026-07-05T13:12:27Z,20260705T131224Z,792,0.7221149473,1.0000000000,0.7120477379,0.3333333333,0.3333333333,0.6396049511
2026-07-05T13:12:27Z,20260705T131224Z,793,0.9999999953,1.0000000000,1.0000000000,1.0000000000,1.0000000000,0.9999999988
2026-07-05T13:12:27Z,20260705T131224Z,794,0.7677204728,1.0000000000,0.7422378832,0.5000000000,0.5000000000,0.7153776948
2026-07-05T13:12:27Z,20260705T131224Z,795,0.6968385816,1.0000000000,0.2577621168,0.5000000000,0.5000000000,0.6007620688
2026-07-05T13:12:27Z,20260705T131224Z,796,0.4470327476,1.0000000000,0.0000000000,0.0000000000,0.0000000000,0.3117581869
2026-07-05T13:12:27Z,20260705T131224Z,797,0.7677204728,1.0000000000,0.9665245833,0.5000000000,0.5000000000,0.7602350349
2026-07-05T13:12:27Z,20260705T131224Z,798,0.7677204728,1.0000000000,0.8440417392,0.5000000000,0.5000000000,0.7357384660
2026-07-05T13:12:27Z,20260705T131224Z,799,0.6968385816,1.0000000000,0.1559582608,0.5000000000,0.5000000000,0.5804012976
2026-07-05T13:12:27Z,20260705T131224Z,800,0.4645590544,1.0000000000,0.0000000000,0.0000000000,0.0000000000,0.3161397636
2026-07-05T13:12:27Z,20260705T131224Z,801,0.7677204728,1.0000000000,0.9665245833,0.5000000000,0.5000000000,0.7602350349
2026-07-05T13:12:27Z,20260705T131224Z,802,0.8308156933,1.0000000000,0.9069391514,0.6666666667,0.6666666667,0.8224250869
2026-07-05T13:12:27Z,20260705T131224Z,803,0.7107144013,1.0000000000,0.8182734182,0.5000000000,0.5000000000,0.7163332840
2026-07-05T13:12:27Z,20260705T131224Z,804,0.6665729829,1.0000000000,0.1754796561,0.3333333333,0.3333333333,0.5184058436
2026-07-05T13:12:27Z,20260705T131224Z,805,0.6059906351,1.0000000000,0.1597317695,0.2500000000,0.2500000000,0.4709440127
2026-07-05T13:12:27Z,20260705T131224Z,806,0.6906267354,1.0000000000,0.1278023023,0.6000000000,0.6000000000,0.6082171443
2026-07-05T13:12:27Z,20260705T131224Z,807,0.6753288465,1.0000000000,0.0434441817,0.5000000000,0.5000000000,0.5525210480
2026-07-05T13:12:27Z,20260705T131224Z,808,0.6864129653,1.0000000000,0.1784480551,0.5000000000,0.5000000000,0.5822928524
2026-07-05T13:12:27Z,20260705T131224Z,809,0.7911717252,1.0000000000,0.7937223129,0.5000000000,0.5000000000,0.7315373939
2026-07-05T13:12:27Z,20260705T131224Z,810,0.7877679844,1.0000000000,0.4089329749,0.6666666667,0.6666666667,0.7120619244
2026-07-05T13:12:27Z,20260705T131224Z,811,0.7937042906,1.0000000000,0.0744513902,0.7500000000,0.7500000000,0.6758163507
2026-07-05T13:12:27Z,20260705T131224Z,812,0.6648056532,1.0000000000,0.0411703476,0.5000000000,0.5000000000,0.5494354828
2026-07-05T13:12:27Z,20260705T131224Z,813,0.7248934060,1.0000000000,0.4026106852,0.6666666667,0.6666666667,0.6950788219
2026-07-05T13:12:27Z,20260705T131224Z,814,0.8308156933,1.0000000000,0.7514452095,0.6666666667,0.6666666667,0.7913262986
2026-07-05T13:12:27Z,20260705T131224Z,815,0.6968385816,1.0000000000,0.1559582608,0.5000000000,0.5000000000,0.5804012976
2026-07-05T13:12:27Z,20260705T131224Z,816,0.6968385816,1.0000000000,0.1111997756,0.5000000000,0.5000000000,0.5714496005
2026-07-05T13:12:27Z,20260705T131224Z,817,0.7677204728,1.0000000000,0.8888002244,0.5000000000,0.5000000000,0.7446901631
2026-07-05T13:12:27Z,20260705T131224Z,818,0.7677204728,1.0000000000,0.9665245833,0.5000000000,0.5000000000,0.7602350349
2026-07-05T13:12:27Z,20260705T131224Z,819,0.6666666667,1.0000000000,0.7401924071,0.3333333333,0.3333333333,0.6313718148
2026-07-05T13:12:27Z,20260705T131224Z,820,1.0000000000,1.0000000000,0.9433092750,1.0000000000,1.0000000000,0.9886618550
2026-07-05T13:12:27Z,20260705T131224Z,821,1.0000000000,1.0000000000,1.0000000000,1.0000000000,1.0000000000,1.0000000000
2026-07-05T13:12:27Z,20260705T131224Z,822,0.7677204728,1.0000000000,0.6855471582,0.5000000000,0.5000000000,0.7040395498
2026-07-05T13:12:27Z,20260705T131224Z,823,0.7677204728,1.0000000000,0.7422378832,0.5000000000,0.5000000000,0.7153776948
2026-07-05T13:12:27Z,20260705T131224Z,824,0.6968385816,1.0000000000,0.2577621168,0.5000000000,0.5000000000,0.6007620688
2026-07-05T13:12:27Z,20260705T131224Z,825,0.6968385816,1.0000000000,0.1559582608,0.5000000000,0.5000000000,0.5804012976
2026-07-05T13:12:27Z,20260705T131224Z,826,0.6666666667,1.0000000000,0.8291610675,0.3333333333,0.3333333333,0.6491655468
2026-07-05T13:12:27Z,20260705T131224Z,827,0.7248934060,1.0000000000,0.3663080433,0.6666666667,0.6666666667,0.6878182935
2026-07-05T13:12:27Z,20260705T131224Z,828,0.8308156933,1.0000000000,0.6949952299,0.6666666667,0.6666666667,0.7800363026
2026-07-05T13:12:27Z,20260705T131224Z,829,0.6186566985,1.0000000000,0.0700139540,0.3333333333,0.3333333333,0.4853336321
2026-07-05T13:12:27Z,20260705T131224Z,830,0.8308156933,1.0000000000,0.9626244068,0.6666666667,0.6666666667,0.8335621380
2026-07-05T13:12:27Z,20260705T131224Z,831,0.6161870225,1.0000000000,0.0371494992,0.3333333333,0.3333333333,0.4781433221
2026-07-05T13:12:27Z,20260705T131224Z,832,0.6968385816,1.0000000000,0.1111997756,0.5000000000,0.5000000000,0.5714496005
2026-07-05T13:12:27Z,20260705T131224Z,833,0.8178906433,1.0000000000,0.4459921744,0.6666666667,0.6666666667,0.7270044290
2026-07-05T13:12:27Z,20260705T131224Z,834,0.8308156933,1.0000000000,0.9493633843,0.6666666667,0.6666666667,0.8309099335
2026-07-05T13:12:27Z,20260705T131224Z,835,0.8308156933,1.0000000000,0.7998200406,0.6666666667,0.6666666667,0.8010012648
2026-07-05T13:12:27Z,20260705T131224Z,836,0.7107144013,1.0000000000,0.5364125443,0.5000000000,0.5000000000,0.6599611092
2026-07-05T13:12:27Z,20260705T131224Z,837,0.7575558929,1.0000000000,0.3612627157,0.6666666667,0.6666666667,0.6949748497
2026-07-05T13:12:27Z,20260705T131224Z,838,0.9291181088,1.0000000000,0.1446751923,1.0000000000,1.0000000000,0.8112145657
2026-07-05T13:12:27Z,20260705T131224Z,839,0.6968385816,1.0000000000,0.0334754167,0.5000000000,0.5000000000,0.5559047287
2026-07-05T13:12:27Z,20260705T131224Z,840,0.9999999953,1.0000000000,1.0000000000,1.0000000000,1.0000000000,0.9999999988
2026-07-05T13:12:27Z,20260705T131224Z,841,0.7677204728,1.0000000000,0.7951672353,0.5000000000,0.5000000000,0.7259635653
2026-07-05T13:12:27Z,20260705T131224Z,842,0.6968385816,1.0000000000,0.2048327647,0.5000000000,0.5000000000,0.5901761983
2026-07-05T13:12:27Z,20260705T131224Z,843,0.6161870225,1.0000000000,0.0827648092,0.3333333333,0.3333333333,0.4872663841
2026-07-05T13:12:27Z,20260705T131224Z,844,0.7221149473,1.0000000000,0.8498246549,0.3333333333,0.3333333333,0.6671603345
2026-07-05T13:12:27Z,20260705T131224Z,845,0.9999999953,1.0000000000,1.0000000000,1.0000000000,1.0000000000,0.9999999988
2026-07-05T13:12:27Z,20260705T131224Z,846,0.6968385816,1.0000000000,0.3144528418,0.5000000000,0.5000000000,0.6121002138
2026-07-05T13:12:27Z,20260705T131224Z,847,1.0000000000,1.0000000000,0.8779038767,1.0000000000,1.0000000000,0.9755807753
2026-07-05T13:12:27Z,20260705T131224Z,848,0.5826023359,1.0000000000,0.4349503845,0.2500000000,0.2500000000,0.5201406609
2026-07-05T13:12:27Z,20260705T131224Z,849,0.5800528066,1.0000000000,0.8418932657,0.2000000000,0.2000000000,0.5833918548
2026-07-05T13:12:27Z,20260705T131224Z,850,0.6665729829,1.0000000000,0.1245916142,0.3333333333,0.3333333333,0.5082282352
2026-07-05T13:12:27Z,20260705T131224Z,851,0.6512923670,1.0000000000,0.1874373480,0.2500000000,0.2500000000,0.4878105614
2026-07-05T13:12:27Z,20260705T131224Z,852,0.7769957847,1.0000000000,0.8109273687,0.7500000000,0.7500000000,0.8189344199
2026-07-05T13:12:27Z,20260705T131224Z,853,0.5953735072,1.0000000000,0.2911992379,0.4000000000,0.4000000000,0.5470832244
2026-07-05T13:12:27Z,20260705T131224Z,854,0.6792157784,1.0000000000,0.5957188849,0.4000000000,0.4000000000,0.6289477216
2026-07-05T13:12:27Z,20260705T131224Z,855,0.6982518595,1.0000000000,0.0704452438,0.5000000000,0.5000000000,0.5636520136
2026-07-05T13:12:27Z,20260705T131224Z,856,0.8048689313,1.0000000000,0.5974448548,0.6666666667,0.6666666667,0.7540395371
2026-07-05T13:12:27Z,20260705T131224Z,857,0.9291181088,1.0000000000,0.6413817298,1.0000000000,1.0000000000,0.9105558732
2026-07-05T13:12:27Z,20260705T131224Z,858,0.7305751109,1.0000000000,0.2776022751,0.5000000000,0.5000000000,0.6131642328
2026-07-05T13:12:27Z,20260705T131224Z,859,0.6059906351,1.0000000000,0.1004514560,0.2500000000,0.2500000000,0.4590879500
2026-07-05T13:12:27Z,20260705T131224Z,860,0.7677204728,1.0000000000,0.8888002244,0.5000000000,0.5000000000,0.7446901631
2026-07-05T13:12:27Z,20260705T131224Z,861,0.8048689313,1.0000000000,0.7843406589,0.6666666667,0.6666666667,0.7914186979
2026-07-05T13:12:27Z,20260705T131224Z,862,0.6416033262,1.0000000000,0.1949822290,0.3333333333,0.3333333333,0.5160639440
2026-07-05T13:12:27Z,20260705T131224Z,863,0.9999999953,1.0000000000,1.0000000000,1.0000000000,1.0000000000,0.9999999988
2026-07-05T13:12:27Z,20260705T131224Z,864,0.7677204728,1.0000000000,0.9295534250,0.5000000000,0.5000000000,0.7528408032
2026-07-05T13:12:27Z,20260705T131224Z,865,0.9291181088,1.0000000000,0.1039219917,1.0000000000,1.0000000000,0.8030639255
2026-07-05T13:12:27Z,20260705T131224Z,866,0.9291181088,1.0000000000,0.4078095003,1.0000000000,1.0000000000,0.8638414273
2026-07-05T13:12:27Z,20260705T131224Z,867,0.7677204728,1.0000000000,0.6256659164,0.5000000000,0.5000000000,0.6920633015
2026-07-05T13:12:27Z,20260705T131224Z,868,0.7677204728,1.0000000000,0.8888002244,0.5000000000,0.5000000000,0.7446901631
2026-07-05T13:12:27Z,20260705T131224Z,869,0.6968385816,1.0000000000,0.1111997756,0.5000000000,0.5000000000,0.5714496005
2026-07-05T13:12:27Z,20260705T131224Z,870,0.6968385816,1.0000000000,0.1559582608,0.5000000000,0.5000000000,0.5804012976
2026-07-05T13:12:27Z,20260705T131224Z,871,0.6666666667,1.0000000000,0.7009762378,0.3333333333,0.3333333333,0.6235285809
2026-07-05T13:12:27Z,20260705T131224Z,872,0.6666666667,1.0000000000,0.6002856333,0.3333333333,0.3333333333,0.6033904600
2026-07-05T13:12:27Z,20260705T131224Z,873,0.9291181088,1.0000000000,0.3479282586,1.0000000000,1.0000000000,0.8518651789
2026-07-05T13:12:27Z,20260705T131224Z,874,0.5822138547,1.0000000000,0.0322771733,0.2500000000,0.2500000000,0.4395088983
2026-07-05T13:12:27Z,20260705T131224Z,875,0.6251540513,1.0000000000,0.8155921466,0.2500000000,0.2500000000,0.6069069421
2026-07-05T13:12:27Z,20260705T131224Z,876,0.8308156933,1.0000000000,0.9384884944,0.6666666667,0.6666666667,0.8287349555
2026-07-05T13:12:27Z,20260705T131224Z,877,0.6683552816,1.0000000000,0.1228191418,0.5000000000,0.5000000000,0.5666526488
2026-07-05T13:12:27Z,20260705T131224Z,878,1.0000000000,1.0000000000,0.8429661232,1.0000000000,1.0000000000,0.9685932246
2026-07-05T13:12:27Z,20260705T131224Z,879,0.7248934060,1.0000000000,0.2767285304,0.6666666667,0.6666666667,0.6699023909
2026-07-05T13:12:27Z,20260705T131224Z,880,0.8048689313,1.0000000000,0.9646740990,0.6666666667,0.6666666667,0.8274853860
2026-07-05T13:12:27Z,20260705T131224Z,881,0.7877679844,1.0000000000,0.2397770802,0.6666666667,0.6666666667,0.6782307455
2026-07-05T13:12:27Z,20260705T131224Z,882,1.0000000000,1.0000000000,0.9470706479,1.0000000000,1.0000000000,0.9894141296
2026-07-05T13:12:27Z,20260705T131224Z,883,0.6549403806,1.0000000000,0.2506114727,0.5000000000,0.5000000000,0.5888573897
2026-07-05T13:12:27Z,20260705T131224Z,884,0.5628329582,1.0000000000,0.1168859432,0.2500000000,0.2500000000,0.4515854282
2026-07-05T13:12:27Z,20260705T131224Z,885,0.6968385816,1.0000000000,0.0334754167,0.5000000000,0.5000000000,0.5559047287
2026-07-05T13:12:27Z,20260705T131224Z,886,0.9645590544,1.0000000000,0.5334754167,1.0000000000,1.0000000000,0.8978348469
2026-07-05T13:12:27Z,20260705T131224Z,887,0.9645590544,1.0000000000,0.7577621168,1.0000000000,1.0000000000,0.9426921870
2026-07-05T13:12:27Z,20260705T131224Z,888,0.6968385816,1.0000000000,0.2577621168,0.5000000000,0.5000000000,0.6007620688
2026-07-05T13:12:27Z,20260705T131224Z,889,0.7677204728,1.0000000000,0.9295534250,0.5000000000,0.5000000000,0.7528408032
2026-07-05T13:12:27Z,20260705T131224Z,890,0.8308156933,1.0000000000,0.7570961860,0.6666666667,0.6666666667,0.7924564938
2026-07-05T13:12:27Z,20260705T131224Z,891,0.6161870225,1.0000000000,0.0942079239,0.3333333333,0.3333333333,0.4895550071
2026-07-05T13:12:27Z,20260705T131224Z,892,0.6665729829,1.0000000000,0.2745654903,0.3333333333,0.3333333333,0.5382230105
2026-07-05T13:12:27Z,20260705T131224Z,893,0.7221149473,1.0000000000,0.7213875578,0.3333333333,0.3333333333,0.6414729150
2026-07-05T13:12:27Z,20260705T131224Z,894,0.7677204728,1.0000000000,0.7422378832,0.5000000000,0.5000000000,0.7153776948
2026-07-05T13:12:27Z,20260705T131224Z,895,0.9291181088,1.0000000000,0.3282086918,1.0000000000,1.0000000000,0.8479212656
2026-07-05T13:12:27Z,20260705T131224Z,896,0.9291181088,1.0000000000,0.1816463505,1.0000000000,1.0000000000,0.8186087973
2026-07-05T13:12:27Z,20260705T131224Z,897,0.7677204728,1.0000000000,0.8888002244,0.5000000000,0.5000000000,0.7446901631
2026-07-05T13:12:27Z,20260705T131224Z,898,0.6968385816,1.0000000000,0.4365489651,0.5000000000,0.5000000000,0.6365194384
2026-07-05T13:12:27Z,20260705T131224Z,899,0.8308156933,1.0000000000,0.6791506065,0.6666666667,0.6666666667,0.7768673780
2026-07-05T13:12:27Z,20260705T131224Z,900,0.8938939633,1.0000000000,0.1704983707,1.0000000000,1.0000000000,0.8075731650
2026-07-05T13:12:27Z,20260705T131224Z,901,0.9389292606,1.0000000000,0.7437724160,1.0000000000,1.0000000000,0.9334867984
2026-07-05T13:12:27Z,20260705T131224Z,902,0.6665729829,1.0000000000,0.2916930569,0.3333333333,0.3333333333,0.5416485238
2026-07-05T13:12:27Z,20260705T131224Z,903,0.6512923670,1.0000000000,0.1327528233,0.2500000000,0.2500000000,0.4768736564
2026-07-05T13:12:27Z,20260705T131224Z,904,0.7769957847,1.0000000000,0.7227410417,0.7500000000,0.7500000000,0.8012971545
2026-07-05T13:12:27Z,20260705T131224Z,905,0.7496918975,1.0000000000,0.8426341336,0.5000000000,0.5000000000,0.7309498011
2026-07-05T13:12:27Z,20260705T131224Z,906,0.6161870225,1.0000000000,0.1496070685,0.3333333333,0.3333333333,0.5006348360
2026-07-05T13:12:27Z,20260705T131224Z,907,0.6519264212,1.0000000000,0.3584315568,0.2500000000,0.2500000000,0.5221679167
2026-07-05T13:12:27Z,20260705T131224Z,908,0.6519264212,1.0000000000,0.3584315568,0.2500000000,0.2500000000,0.5221679167
2026-07-05T13:12:27Z,20260705T131224Z,909,0.6945217305,1.0000000000,0.4645590544,0.3333333333,0.3333333333,0.5832089102
2026-07-05T13:12:27Z,20260705T131224Z,910,0.6945217305,1.0000000000,0.4645590544,0.3333333333,0.3333333333,0.5832089102
2026-07-05T13:12:27Z,20260705T131224Z,911,0.6968385816,1.0000000000,0.1111997756,0.5000000000,0.5000000000,0.5714496005
2026-07-05T13:12:27Z,20260705T131224Z,912,0.7677204728,1.0000000000,0.8888002244,0.5000000000,0.5000000000,0.7446901631
2026-07-05T13:12:27Z,20260705T131224Z,913,0.7677204728,1.0000000000,0.7951672353,0.5000000000,0.5000000000,0.7259635653
2026-07-05T13:12:27Z,20260705T131224Z,914,1.0000000000,1.0000000000,0.7682837996,1.0000000000,1.0000000000,0.9536567599
2026-07-05T13:12:27Z,20260705T131224Z,915,0.9291181088,1.0000000000,0.8730979303,1.0000000000,1.0000000000,0.9568991133
2026-07-05T13:12:27Z,20260705T131224Z,916,0.6186566985,1.0000000000,0.4358293655,0.3333333333,0.3333333333,0.5584967144
2026-07-05T13:12:27Z,20260705T131224Z,917,0.7677204728,1.0000000000,0.9665245833,0.5000000000,0.5000000000,0.7602350349
2026-07-05T13:12:27Z,20260705T131224Z,918,0.7221149473,1.0000000000,0.7776398117,0.3333333333,0.3333333333,0.6527233658
2026-07-05T13:12:27Z,20260705T131224Z,919,0.6665729829,1.0000000000,0.2178632370,0.3333333333,0.3333333333,0.5268825598
2026-07-05T13:12:27Z,20260705T131224Z,920,0.6968385816,1.0000000000,0.1559582608,0.5000000000,0.5000000000,0.5804012976
2026-07-05T13:12:27Z,20260705T131224Z,921,0.7778850527,1.0000000000,0.8602506629,0.6666666667,0.6666666667,0.7998547291
2026-07-05T13:12:27Z,20260705T131224Z,922,0.7778850527,1.0000000000,0.8953096701,0.6666666667,0.6666666667,0.8068665305
2026-07-05T13:12:27Z,20260705T131224Z,923,0.9291181088,1.0000000000,0.1446751923,1.0000000000,1.0000000000,0.8112145657
2026-07-05T13:12:27Z,20260705T131224Z,924,0.7876837595,1.0000000000,0.5127275107,0.5000000000,0.5000000000,0.6744664420
2026-07-05T13:12:27Z,20260705T131224Z,925,0.7533159679,1.0000000000,0.5096472310,0.7500000000,0.7500000000,0.7527584382
2026-07-05T13:12:27Z,20260705T131224Z,926,0.6972020364,1.0000000000,0.7556841818,0.5000000000,0.5000000000,0.7004373454
2026-07-05T13:12:27Z,20260705T131224Z,927,0.6665729829,1.0000000000,0.2312660908,0.3333333333,0.3333333333,0.5295631306
2026-07-05T13:12:27Z,20260705T131224Z,928,0.6512923670,1.0000000000,0.2622023199,0.2500000000,0.2500000000,0.5027635557
2026-07-05T13:12:27Z,20260705T131224Z,929,0.7745830086,1.0000000000,0.7067020869,0.7500000000,0.7500000000,0.7974861695
2026-07-05T13:12:27Z,20260705T131224Z,930,0.6371829527,1.0000000000,0.5286148116,0.4000000000,0.4000000000,0.6050187005
2026-07-05T13:12:27Z,20260705T131224Z,931,0.6059906351,1.0000000000,0.2379634893,0.2500000000,0.2500000000,0.4865903566
2026-07-05T13:12:27Z,20260705T131224Z,932,0.6416033262,1.0000000000,0.0352771592,0.3333333333,0.3333333333,0.4841229301
2026-07-05T13:12:27Z,20260705T131224Z,933,0.7877679844,1.0000000000,0.0687008372,0.6666666667,0.6666666667,0.6440154969
2026-07-05T13:12:27Z,20260705T131224Z,934,0.7677204728,1.0000000000,0.9665245833,0.5000000000,0.5000000000,0.7602350349
2026-07-05T13:12:27Z,20260705T131224Z,935,0.7221149473,1.0000000000,0.5315327466,0.3333333333,0.3333333333,0.6035019528
2026-07-05T13:12:27Z,20260705T131224Z,936,0.7248934060,1.0000000000,0.4674960702,0.6666666667,0.6666666667,0.7080558989
2026-07-05T13:12:27Z,20260705T131224Z,937,0.6186566985,1.0000000000,0.3737476522,0.3333333333,0.3333333333,0.5460803717
2026-07-05T13:12:27Z,20260705T131224Z,938,0.8308156933,1.0000000000,0.7877277524,0.6666666667,0.6666666667,0.7985828071
2026-07-05T13:12:27Z,20260705T131224Z,939,0.8892706552,1.0000000000,0.2019925849,1.0000000000,1.0000000000,0.8127161808
2026-07-05T13:12:27Z,20260705T131224Z,940,0.9694646303,1.0000000000,0.9505243842,1.0000000000,1.0000000000,0.9824710344
2026-07-05T13:12:27Z,20260705T131224Z,941,0.7160887327,1.0000000000,0.1106493021,0.6666666667,0.6666666667,0.6344853769
2026-07-05T13:12:27Z,20260705T131224Z,942,0.6968385816,1.0000000000,0.1559582608,0.5000000000,0.5000000000,0.5804012976
2026-07-05T13:12:27Z,20260705T131224Z,943,0.7233498105,1.0000000000,0.9500849642,0.3333333333,0.3333333333,0.6875211121
2026-07-05T13:12:27Z,20260705T131224Z,944,0.8048689313,1.0000000000,0.9646740990,0.6666666667,0.6666666667,0.8274853860
2026-07-05T13:12:27Z,20260705T131224Z,945,1.0000000000,1.0000000000,0.9630288418,1.0000000000,1.0000000000,0.9926057684
2026-07-05T13:12:27Z,20260705T131224Z,946,0.9291181088,1.0000000000,0.1408931499,1.0000000000,1.0000000000,0.8104581572
2026-07-05T13:12:27Z,20260705T131224Z,947,0.9291181088,1.0000000000,0.4447806586,1.0000000000,1.0000000000,0.8712356589
2026-07-05T13:12:27Z,20260705T131224Z,948,0.6251540513,1.0000000000,0.5029500875,0.2500000000,0.2500000000,0.5443785303
2026-07-05T13:12:27Z,20260705T131224Z,949,0.6251540513,1.0000000000,0.6499334366,0.2500000000,0.2500000000,0.5737752001
2026-07-05T13:12:27Z,20260705T131224Z,950,1.0000000000,1.0000000000,0.8286426520,1.0000000000,1.0000000000,0.9657285304
2026-07-05T13:12:27Z,20260705T131224Z,951,0.6968385816,1.0000000000,0.2048327647,0.5000000000,0.5000000000,0.5901761983
2026-07-05T13:12:27Z,20260705T131224Z,952,0.6161870225,1.0000000000,0.0869026167,0.3333333333,0.3333333333,0.4880939456
2026-07-05T13:12:27Z,20260705T131224Z,953,0.7496918975,1.0000000000,0.8608010507,0.5000000000,0.5000000000,0.7345831845
2026-07-05T13:12:27Z,20260705T131224Z,954,0.5203395434,1.0000000000,0.0041001763,0.2500000000,0.2500000000,0.4184049211
2026-07-05T13:12:27Z,20260705T131224Z,955,0.7254638286,1.0000000000,0.4711598994,0.5000000000,0.5000000000,0.6505979370
2026-07-05T13:12:27Z,20260705T131224Z,956,0.9253367304,1.0000000000,0.4880412257,1.0000000000,1.0000000000,0.8789424277
2026-07-05T13:12:27Z,20260705T131224Z,957,0.7350386804,1.0000000000,0.3505117275,0.5000000000,0.5000000000,0.6288620156
2026-07-05T13:12:27Z,20260705T131224Z,958,0.8308156933,1.0000000000,0.9493633843,0.6666666667,0.6666666667,0.8309099335
2026-07-05T13:12:27Z,20260705T131224Z,959,0.8556136734,1.0000000000,0.6489322435,0.7500000000,0.7500000000,0.8061898671
2026-07-05T13:12:27Z,20260705T131224Z,960,0.6512923670,1.0000000000,0.3125056189,0.2500000000,0.2500000000,0.5128242155
2026-07-05T13:12:27Z,20260705T131224Z,961,0.6005182395,1.0000000000,0.1073559898,0.2000000000,0.2000000000,0.4416007578
2026-07-05T13:12:27Z,20260705T131224Z,962,0.5510326027,1.0000000000,0.1127555184,0.3333333333,0.3333333333,0.4769759210
2026-07-05T13:12:27Z,20260705T131224Z,963,0.5822138547,1.0000000000,0.4321134056,0.2500000000,0.2500000000,0.5194761448
2026-07-05T13:12:27Z,20260705T131224Z,964,1.0000000000,1.0000000000,0.5969264516,1.0000000000,1.0000000000,0.9193852903
2026-07-05T13:12:27Z,20260705T131224Z,965,0.9291181088,1.0000000000,0.2912375335,1.0000000000,1.0000000000,0.8405270339
2026-07-05T13:12:27Z,20260705T131224Z,966,0.8308156933,1.0000000000,0.9418854513,0.6666666667,0.6666666667,0.8294143469
2026-07-05T13:12:27Z,20260705T131224Z,967,0.6665729829,1.0000000000,0.2178632370,0.3333333333,0.3333333333,0.5268825598
2026-07-05T13:12:27Z,20260705T131224Z,968,0.7677204728,1.0000000000,0.9665245833,0.5000000000,0.5000000000,0.7602350349
2026-07-05T13:12:27Z,20260705T131224Z,969,0.8048689313,1.0000000000,0.9091757782,0.6666666667,0.6666666667,0.8163857218
2026-07-05T13:12:27Z,20260705T131224Z,970,0.7877679844,1.0000000000,0.2332521270,0.6666666667,0.6666666667,0.6769257548
2026-07-05T13:12:27Z,20260705T131224Z,971,0.9645590544,1.0000000000,0.6559582608,1.0000000000,1.0000000000,0.9223314158
2026-07-05T13:12:27Z,20260705T131224Z,972,0.7322795272,1.0000000000,0.5000000000,0.5000000000,0.5000000000,0.6580698818
2026-07-05T13:12:27Z,20260705T131224Z,973,0.7677204728,1.0000000000,0.9295534250,0.5000000000,0.5000000000,0.7528408032
2026-07-05T13:12:27Z,20260705T131224Z,974,0.6186566985,1.0000000000,0.0332704850,0.3333333333,0.3333333333,0.4779849383
2026-07-05T13:12:27Z,20260705T131224Z,975,0.8178906433,1.0000000000,0.3247005314,0.6666666667,0.6666666667,0.7027461004
2026-07-05T13:12:27Z,20260705T131224Z,976,0.7221149473,1.0000000000,0.6912077151,0.3333333333,0.3333333333,0.6354369465
2026-07-05T13:12:27Z,20260705T131224Z,977,0.7002216302,1.0000000000,0.5254920319,0.2500000000,0.2500000000,0.5676538139
2026-07-05T13:12:27Z,20260705T131224Z,978,0.7796750095,1.0000000000,0.4855861298,0.5000000000,0.5000000000,0.6670359783
2026-07-05T13:12:27Z,20260705T131224Z,979,0.7094030901,1.0000000000,0.0725074419,0.5000000000,0.5000000000,0.5668522609
2026-07-05T13:12:27Z,20260705T131224Z,980,0.6091892485,1.0000000000,0.4145041760,0.5000000000,0.5000000000,0.6101981473
2026-07-05T13:12:27Z,20260705T131224Z,981,0.5488789496,1.0000000000,0.2706095537,0.5000000000,0.5000000000,0.5663416481
2026-07-05T13:12:27Z,20260705T131224Z,982,0.7895834242,1.0000000000,0.5929795059,0.5000000000,0.5000000000,0.6909917572
2026-07-05T13:12:27Z,20260705T131224Z,983,0.5826023359,1.0000000000,0.0702292651,0.2500000000,0.2500000000,0.4471964370
2026-07-05T13:12:27Z,20260705T131224Z,984,0.6512534889,1.0000000000,0.5675969348,0.4000000000,0.4000000000,0.6163327592
2026-07-05T13:12:27Z,20260705T131224Z,985,0.6519264212,1.0000000000,0.4264819962,0.2500000000,0.2500000000,0.5357780045
2026-07-05T13:12:27Z,20260705T131224Z,986,0.6220067236,1.0000000000,0.2246134762,0.2000000000,0.2000000000,0.4704243761
2026-07-05T13:12:27Z,20260705T131224Z,987,0.7392950361,1.0000000000,0.4571123117,0.4000000000,0.4000000000,0.6162462214
2026-07-05T13:12:27Z,20260705T131224Z,988,0.7778850527,1.0000000000,0.7589433464,0.6666666667,0.6666666667,0.7795932658
2026-07-05T13:12:27Z,20260705T131224Z,989,0.7778850527,1.0000000000,0.8157617785,0.6666666667,0.6666666667,0.7909569522
2026-07-05T13:12:27Z,20260705T131224Z,990,0.9291181088,1.0000000000,0.4700243819,1.0000000000,1.0000000000,0.8762844036
2026-07-05T13:12:27Z,20260705T131224Z,991,0.6257641301,1.0000000000,0.5610660359,0.2500000000,0.2500000000,0.5561542397
2026-07-05T13:12:27Z,20260705T131224Z,992,0.6257641301,1.0000000000,0.9399182504,0.2500000000,0.2500000000,0.6319246826
2026-07-05T13:12:27Z,20260705T131224Z,993,0.7677204728,1.0000000000,0.9665245833,0.5000000000,0.5000000000,0.7602350349
2026-07-05T13:12:27Z,20260705T131224Z,994,0.4645590544,1.0000000000,0.0000000000,0.0000000000,0.0000000000,0.3161397636
2026-07-05T13:12:27Z,20260705T131224Z,995,0.6968385816,1.0000000000,0.4365489651,0.5000000000,0.5000000000,0.6365194384
2026-07-05T13:12:27Z,20260705T131224Z,996,0.7677204728,1.0000000000,0.5634510349,0.5000000000,0.5000000000,0.6796203252
2026-07-05T13:12:27Z,20260705T131224Z,997,0.7677204728,1.0000000000,0.9665245833,0.5000000000,0.5000000000,0.7602350349
2026-07-05T13:12:27Z,20260705T131224Z,998,0.8048689313,1.0000000000,0.9646740990,0.6666666667,0.6666666667,0.8274853860
2026-07-05T13:12:27Z,20260705T131224Z,999,0.6257641301,1.0000000000,0.8782153545,0.2500000000,0.2500000000,0.6195841034
2026-07-05T13:12:27Z,20260705T131224Z,1000,0.6251540513,1.0000000000,0.8337506145,0.2500000000,0.2500000000,0.6105386357
2026-07-05T13:12:27Z,20260705T131224Z,1001,0.6665729829,1.0000000000,0.1177715933,0.3333333333,0.3333333333,0.5068642311
2026-07-05T13:12:27Z,20260705T131224Z,1002,0.6665729829,1.0000000000,0.2916930569,0.3333333333,0.3333333333,0.5416485238
2026-07-05T13:12:27Z,20260705T131224Z,1003,0.7869708545,1.0000000000,0.7366709678,0.7500000000,0.7500000000,0.8065769072
2026-07-05T13:12:27Z,20260705T131224Z,1004,0.6936122331,1.0000000000,0.7948333603,0.6000000000,0.6000000000,0.7423697303
2026-07-05T13:12:27Z,20260705T131224Z,1005,0.6549403806,1.0000000000,0.0559030054,0.5000000000,0.5000000000,0.5499156962
2026-07-05T13:12:27Z,20260705T131224Z,1006,0.7254638286,1.0000000000,0.4878523914,0.5000000000,0.5000000000,0.6539364354
2026-07-05T13:12:27Z,20260705T131224Z,1007,0.9253367304,1.0000000000,0.5277775573,1.0000000000,1.0000000000,0.8868896940
2026-07-05T13:12:27Z,20260705T131224Z,1008,0.6679349688,1.0000000000,0.2542459629,0.4000000000,0.4000000000,0.5578329348
2026-07-05T13:12:27Z,20260705T131224Z,1009,0.7496918975,1.0000000000,0.8076563524,0.5000000000,0.5000000000,0.7239542449
2026-07-05T13:12:27Z,20260705T131224Z,1010,0.8556136734,1.0000000000,0.6532439264,0.7500000000,0.7500000000,0.8070522036
2026-07-05T13:12:27Z,20260705T131224Z,1011,0.6512923670,1.0000000000,0.2756527562,0.2500000000,0.2500000000,0.5054536430
2026-07-05T13:12:27Z,20260705T131224Z,1012,0.7221149473,1.0000000000,0.6022693343,0.3333333333,0.3333333333,0.6176492703
2026-07-05T13:12:27Z,20260705T131224Z,1013,0.6549856270,1.0000000000,0.3981036210,0.5000000000,0.5000000000,0.6183671310
2026-07-05T13:12:27Z,20260705T131224Z,1014,0.6161870225,1.0000000000,0.2756527562,0.3333333333,0.3333333333,0.5258439735
2026-07-05T13:12:27Z,20260705T131224Z,1015,0.6161870225,1.0000000000,0.2103535909,0.3333333333,0.3333333333,0.5127841405
2026-07-05T13:12:27Z,20260705T131224Z,1016,0.7778850527,1.0000000000,0.6372139239,0.6666666667,0.6666666667,0.7552473813
2026-07-05T13:12:27Z,20260705T131224Z,1017,0.6186566985,1.0000000000,0.0703488072,0.3333333333,0.3333333333,0.4854006027
2026-07-05T13:12:27Z,20260705T131224Z,1018,0.7248934060,1.0000000000,0.3374942469,0.6666666667,0.6666666667,0.6820555342
2026-07-05T13:12:27Z,20260705T131224Z,1019,1.0000000000,1.0000000000,0.7387938333,1.0000000000,1.0000000000,0.9477587667
2026-07-05T13:12:27Z,20260705T131224Z,1020,0.7221149473,1.0000000000,0.9167411894,0.3333333333,0.3333333333,0.6805436414
2026-07-05T13:12:27Z,20260705T131224Z,1021,0.6968385816,1.0000000000,0.4365489651,0.5000000000,0.5000000000,0.6365194384
2026-07-05T13:12:27Z,20260705T131224Z,1022,1.0000000000,1.0000000000,0.7194092956,1.0000000000,1.0000000000,0.9438818591
2026-07-05T13:12:27Z,20260705T131224Z,1023,0.6186566985,1.0000000000,0.1557382910,0.3333333333,0.3333333333,0.5024784995
2026-07-05T13:12:27Z,20260705T131224Z,1024,0.7677204728,1.0000000000,0.9665245833,0.5000000000,0.5000000000,0.7602350349
2026-07-05T13:12:27Z,20260705T131224Z,1025,0.6665729829,1.0000000000,0.4649501060,0.3333333333,0.3333333333,0.5762999336
2026-07-05T13:12:27Z,20260705T131224Z,1026,0.8308156933,1.0000000000,0.6418799808,0.6666666667,0.6666666667,0.7694132528
2026-07-05T13:12:27Z,20260705T131224Z,1027,0.7094030901,1.0000000000,0.1501238388,0.5000000000,0.5000000000,0.5823755403
2026-07-05T13:12:27Z,20260705T131224Z,1028,0.9156767837,1.0000000000,0.8589656325,1.0000000000,1.0000000000,0.9507123224
2026-07-05T13:12:27Z,20260705T131224Z,1029,0.8461736740,1.0000000000,0.6773310482,0.7500000000,0.7500000000,0.8095096281
2026-07-05T13:12:27Z,20260705T131224Z,1030,0.7193921541,1.0000000000,0.4334456738,0.5000000000,0.5000000000,0.6415371733
2026-07-05T13:12:27Z,20260705T131224Z,1031,0.8023452586,1.0000000000,0.1354565869,0.7500000000,0.7500000000,0.6901776320
2026-07-05T13:12:27Z,20260705T131224Z,1032,0.9512680542,1.0000000000,0.8672372558,1.0000000000,1.0000000000,0.9612644647
2026-07-05T13:12:27Z,20260705T131224Z,1033,0.9022756110,1.0000000000,0.4277458052,1.0000000000,1.0000000000,0.8611180638
2026-07-05T13:12:27Z,20260705T131224Z,1034,0.9720464599,1.0000000000,0.7320289396,1.0000000000,1.0000000000,0.9394174029
2026-07-05T13:12:27Z,20260705T131224Z,1035,0.8911438637,1.0000000000,0.2217938484,1.0000000000,1.0000000000,0.8171447356
2026-07-05T13:12:27Z,20260705T131224Z,1036,0.8556136734,1.0000000000,0.8927308726,0.7500000000,0.7500000000,0.8549495929
2026-07-05T13:12:27Z,20260705T131224Z,1037,0.6665729829,1.0000000000,0.1177715933,0.3333333333,0.3333333333,0.5068642311
2026-07-05T13:12:27Z,20260705T131224Z,1038,0.7011185094,1.0000000000,0.6936105810,0.2500000000,0.2500000000,0.6015017436
2026-07-05T13:12:27Z,20260705T131224Z,1039,0.8724668823,1.0000000000,0.8360242746,0.8000000000,0.8000000000,0.8653215755
2026-07-05T13:12:27Z,20260705T131224Z,1040,0.7818691271,1.0000000000,0.7859988426,0.6000000000,0.6000000000,0.7626670503
2026-07-05T13:12:27Z,20260705T131224Z,1041,0.5869781132,1.0000000000,0.0616269746,0.4000000000,0.4000000000,0.4990699232
2026-07-05T13:12:27Z,20260705T131224Z,1042,0.6882849374,1.0000000000,0.1508790878,0.5000000000,0.5000000000,0.5772470519
2026-07-05T13:12:27Z,20260705T131224Z,1043,0.5857228750,1.0000000000,0.3920701639,0.2500000000,0.2500000000,0.5123447515
2026-07-05T13:12:27Z,20260705T131224Z,1044,0.7778850527,1.0000000000,0.6003045942,0.6666666667,0.6666666667,0.7478655154
2026-07-05T13:12:27Z,20260705T131224Z,1045,0.7295870522,1.0000000000,0.5687051759,0.5000000000,0.5000000000,0.6711377982
2026-07-05T13:12:27Z,20260705T131224Z,1046,0.8242764983,1.0000000000,0.4642446914,0.7500000000,0.7500000000,0.7614180629
2026-07-05T13:12:27Z,20260705T131224Z,1047,0.7216876901,1.0000000000,0.0370845214,0.6666666667,0.6666666667,0.6211721601
2026-07-05T13:12:27Z,20260705T131224Z,1048,1.0000000000,1.0000000000,1.0000000000,1.0000000000,1.0000000000,1.0000000000
2026-07-05T13:12:27Z,20260705T131224Z,1049,0.7475513658,1.0000000000,0.7378835236,0.5000000000,0.5000000000,0.7094645462
2026-07-05T13:12:27Z,20260705T131224Z,1050,0.6512923670,1.0000000000,0.2474976591,0.2500000000,0.2500000000,0.4998226236
2026-07-05T13:12:27Z,20260705T131224Z,1051,0.6968385816,1.0000000000,0.1559582608,0.5000000000,0.5000000000,0.5804012976
2026-07-05T13:12:27Z,20260705T131224Z,1052,0.6666666667,1.0000000000,0.8291610675,0.3333333333,0.3333333333,0.6491655468
2026-07-05T13:12:27Z,20260705T131224Z,1053,0.8308156933,1.0000000000,0.9384884944,0.6666666667,0.6666666667,0.8287349555
2026-07-05T13:12:27Z,20260705T131224Z,1054,0.6683552816,1.0000000000,0.4009123038,0.5000000000,0.5000000000,0.6222712812
2026-07-05T13:12:27Z,20260705T131224Z,1055,0.9389292606,1.0000000000,0.5849671212,1.0000000000,1.0000000000,0.9017257394
2026-07-05T13:12:27Z,20260705T131224Z,1056,0.6972020364,1.0000000000,0.7828873003,0.5000000000,0.5000000000,0.7058779691
2026-07-05T13:12:27Z,20260705T131224Z,1057,0.7617664788,1.0000000000,0.5574742673,0.5000000000,0.5000000000,0.6769364731
2026-07-05T13:12:27Z,20260705T131224Z,1058,0.5970909601,1.0000000000,0.2025148987,0.1666666667,0.1666666667,0.4481090531
2026-07-05T13:12:27Z,20260705T131224Z,1059,0.6519264212,1.0000000000,0.3333333333,0.2500000000,0.2500000000,0.5171482720
2026-07-05T13:12:27Z,20260705T131224Z,1060,0.9025361085,1.0000000000,0.7033993098,1.0000000000,1.0000000000,0.9163138891
2026-07-05T13:12:27Z,20260705T131224Z,1061,0.7622023982,1.0000000000,0.2614665900,0.7500000000,0.7500000000,0.7053439176
2026-07-05T13:12:27Z,20260705T131224Z,1062,0.7496918975,1.0000000000,0.8688446368,0.5000000000,0.5000000000,0.7361919017
2026-07-05T13:12:27Z,20260705T131224Z,1063,0.6683552816,1.0000000000,0.1333400747,0.5000000000,0.5000000000,0.5687568353
2026-07-05T13:12:27Z,20260705T131224Z,1064,0.7107144013,1.0000000000,0.6622889498,0.5000000000,0.5000000000,0.6851363903
2026-07-05T13:12:27Z,20260705T131224Z,1065,0.9189432581,1.0000000000,0.3728201478,1.0000000000,1.0000000000,0.8542998441
2026-07-05T13:12:27Z,20260705T131224Z,1066,0.8466277612,1.0000000000,0.4470862548,0.7500000000,0.7500000000,0.7635741913
2026-07-05T13:12:27Z,20260705T131224Z,1067,0.7034222654,1.0000000000,0.4719530713,0.4000000000,0.4000000000,0.6102461806
2026-07-05T13:12:27Z,20260705T131224Z,1068,0.7309729266,1.0000000000,0.6555253430,0.5000000000,0.5000000000,0.6888483002
2026-07-05T13:12:27Z,20260705T131224Z,1069,0.9694646303,1.0000000000,0.7412164078,1.0000000000,1.0000000000,0.9406094391
2026-07-05T13:12:27Z,20260705T131224Z,1070,0.8008776128,1.0000000000,0.2046765557,0.7500000000,0.7500000000,0.7036547143
2026-07-05T13:12:27Z,20260705T131224Z,1071,0.7525263750,1.0000000000,0.9377784458,0.5000000000,0.5000000000,0.7506872829
2026-07-05T13:12:27Z,20260705T131224Z,1072,0.6186566985,1.0000000000,0.0700139540,0.3333333333,0.3333333333,0.4853336321
2026-07-05T13:12:27Z,20260705T131224Z,1073,0.8178906433,1.0000000000,0.1880774960,0.6666666667,0.6666666667,0.6754214934
2026-07-05T13:12:27Z,20260705T131224Z,1074,0.8296522562,1.0000000000,0.9040550645,0.7500000000,0.7500000000,0.8507240770
2026-07-05T13:12:27Z,20260705T131224Z,1075,0.7911717252,1.0000000000,0.9052184800,0.5000000000,0.5000000000,0.7538366273
2026-07-05T13:12:27Z,20260705T131224Z,1076,0.6186566985,1.0000000000,0.0683349741,0.3333333333,0.3333333333,0.4849978361
2026-07-05T13:12:27Z,20260705T131224Z,1077,0.8178906433,1.0000000000,0.3447925082,0.6666666667,0.6666666667,0.7067644958
2026-07-05T13:12:27Z,20260705T131224Z,1078,0.6251540513,1.0000000000,0.7013547054,0.2500000000,0.2500000000,0.5840594539
2026-07-05T13:12:27Z,20260705T131224Z,1079,1.0000000000,1.0000000000,0.9552415148,1.0000000000,1.0000000000,0.9910483030
2026-07-05T13:12:27Z,20260705T131224Z,1080,0.8048689313,1.0000000000,0.7991727240,0.6666666667,0.6666666667,0.7943851110
2026-07-05T13:12:27Z,20260705T131224Z,1081,0.9189432581,1.0000000000,0.3192042969,1.0000000000,1.0000000000,0.8435766739
2026-07-05T13:12:27Z,20260705T131224Z,1082,0.6557645106,1.0000000000,0.1196054897,0.5000000000,0.5000000000,0.5628622256
2026-07-05T13:12:27Z,20260705T131224Z,1083,0.7149010414,1.0000000000,0.9501233359,0.5000000000,0.5000000000,0.7437499275
2026-07-05T13:12:27Z,20260705T131224Z,1084,0.7297943644,1.0000000000,0.2371495107,0.7500000000,0.7500000000,0.6923784932
2026-07-05T13:12:27Z,20260705T131224Z,1085,1.0000000000,1.0000000000,0.9999999905,1.0000000000,1.0000000000,0.9999999981
2026-07-05T13:12:27Z,20260705T131224Z,1086,0.7285080784,1.0000000000,0.2389498378,0.7500000000,0.7500000000,0.6924169872
2026-07-05T13:12:27Z,20260705T131224Z,1087,0.8258679853,1.0000000000,0.7555365147,0.6000000000,0.6000000000,0.7675742993
2026-07-05T13:12:27Z,20260705T131224Z,1088,0.7478908514,1.0000000000,0.3800154959,0.6000000000,0.6000000000,0.6729758120
2026-07-05T13:12:27Z,20260705T131224Z,1089,0.9389292606,1.0000000000,0.5702228028,1.0000000000,1.0000000000,0.8987768757
2026-07-05T13:12:27Z,20260705T131224Z,1090,0.6616313865,1.0000000000,0.0524184669,0.5000000000,0.5000000000,0.5508915400
2026-07-05T13:12:27Z,20260705T131224Z,1091,0.7496918975,1.0000000000,0.8608010507,0.5000000000,0.5000000000,0.7345831845
2026-07-05T13:12:27Z,20260705T131224Z,1092,0.6161870225,1.0000000000,0.0869026167,0.3333333333,0.3333333333,0.4880939456
2026-07-05T13:12:27Z,20260705T131224Z,1093,0.5603012573,1.0000000000,0.0441770857,0.2000000000,0.2000000000,0.4189107315
2026-07-05T13:12:27Z,20260705T131224Z,1094,0.7623666500,1.0000000000,0.3781596561,0.6000000000,0.6000000000,0.6762235937
2026-07-05T13:12:27Z,20260705T131224Z,1095,0.9389292606,1.0000000000,0.7262246880,1.0000000000,1.0000000000,0.9299772528
2026-07-05T13:12:27Z,20260705T131224Z,1096,0.9389292606,1.0000000000,0.9122925691,1.0000000000,1.0000000000,0.9671908290
2026-07-05T13:12:27Z,20260705T131224Z,1097,0.9389292606,1.0000000000,0.3512579902,1.0000000000,1.0000000000,0.8549839132
2026-07-05T13:12:27Z,20260705T131224Z,1098,0.7743054762,1.0000000000,0.7131060209,0.7500000000,0.7500000000,0.7986975732
2026-07-05T13:12:27Z,20260705T131224Z,1099,0.9720464599,1.0000000000,0.9384330301,1.0000000000,1.0000000000,0.9806982210
2026-07-05T13:12:27Z,20260705T131224Z,1100,0.7745830086,1.0000000000,0.8561779145,0.7500000000,0.7500000000,0.8273813351
2026-07-05T13:12:27Z,20260705T131224Z,1101,0.6416033262,1.0000000000,0.0352771592,0.3333333333,0.3333333333,0.4841229301
2026-07-05T13:12:27Z,20260705T131224Z,1102,0.6968385816,1.0000000000,0.3144528418,0.5000000000,0.5000000000,0.6121002138
2026-07-05T13:12:27Z,20260705T131224Z,1103,0.7295870522,1.0000000000,0.7123143259,0.5000000000,0.5000000000,0.6998596282
2026-07-05T13:12:27Z,20260705T131224Z,1104,0.7911717252,1.0000000000,0.9279996001,0.5000000000,0.5000000000,0.7583928513
2026-07-05T13:12:27Z,20260705T131224Z,1105,0.6186566985,1.0000000000,0.1557382910,0.3333333333,0.3333333333,0.5024784995
2026-07-05T13:12:27Z,20260705T131224Z,1106,0.8178906433,1.0000000000,0.4905400360,0.6666666667,0.6666666667,0.7359140013
2026-07-05T13:12:27Z,20260705T131224Z,1107,0.7778850527,1.0000000000,0.6643609787,0.6666666667,0.6666666667,0.7606767923
2026-07-05T13:12:27Z,20260705T131224Z,1108,0.7248934060,1.0000000000,0.2781703769,0.6666666667,0.6666666667,0.6701907602
2026-07-05T13:12:27Z,20260705T131224Z,1109,0.8308156933,1.0000000000,0.8727798123,0.6666666667,0.6666666667,0.8155932191
2026-07-05T13:12:27Z,20260705T131224Z,1110,0.6186566985,1.0000000000,0.1557382910,0.3333333333,0.3333333333,0.5024784995
2026-07-05T13:12:27Z,20260705T131224Z,1111,0.8048689313,1.0000000000,0.9091757782,0.6666666667,0.6666666667,0.8163857218
2026-07-05T13:12:27Z,20260705T131224Z,1112,0.6557645106,1.0000000000,0.3360822976,0.5000000000,0.5000000000,0.6061575872
2026-07-05T13:12:27Z,20260705T131224Z,1113,0.7496918975,1.0000000000,0.7699569668,0.5000000000,0.5000000000,0.7164143677
2026-07-05T13:12:27Z,20260705T131224Z,1114,0.6419070734,1.0000000000,0.1254867336,0.5000000000,0.5000000000,0.5605741151
2026-07-05T13:12:27Z,20260705T131224Z,1115,0.7443407763,1.0000000000,0.5837514139,0.6000000000,0.6000000000,0.7128354769
2026-07-05T13:12:27Z,20260705T131224Z,1116,0.9540159496,1.0000000000,0.9285710907,1.0000000000,1.0000000000,0.9742182055
2026-07-05T13:12:27Z,20260705T131224Z,1117,0.7102125990,1.0000000000,0.5276142249,0.6000000000,0.6000000000,0.6930759947
2026-07-05T13:12:27Z,20260705T131224Z,1118,0.6557645106,1.0000000000,0.3370173229,0.5000000000,0.5000000000,0.6063445922
2026-07-05T13:12:27Z,20260705T131224Z,1119,0.9389292606,1.0000000000,0.6975057167,1.0000000000,1.0000000000,0.9242334585
2026-07-05T13:12:27Z,20260705T131224Z,1120,0.8072167355,1.0000000000,0.4654580608,0.6000000000,0.6000000000,0.7048957960
2026-07-05T13:12:27Z,20260705T131224Z,1121,0.7611707559,1.0000000000,0.6537670253,0.4000000000,0.4000000000,0.6610460941
2026-07-05T13:12:27Z,20260705T131224Z,1122,0.7691695844,1.0000000000,0.7815574935,0.5000000000,0.5000000000,0.7236038948
2026-07-05T13:12:27Z,20260705T131224Z,1123,0.7017608007,1.0000000000,0.7416478473,0.5000000000,0.5000000000,0.6987697696
2026-07-05T13:12:27Z,20260705T131224Z,1124,0.8456513978,1.0000000000,0.3461659409,0.8000000000,0.8000000000,0.7606460376
2026-07-05T13:12:27Z,20260705T131224Z,1125,0.6864129653,1.0000000000,0.4303681414,0.5000000000,0.5000000000,0.6326768696
2026-07-05T13:12:27Z,20260705T131224Z,1126,0.6186566985,1.0000000000,0.0332704850,0.3333333333,0.3333333333,0.4779849383
2026-07-05T13:12:27Z,20260705T131224Z,1127,0.7796750095,1.0000000000,0.3452902857,0.5000000000,0.5000000000,0.6389768095
2026-07-05T13:12:27Z,20260705T131224Z,1128,0.7769957847,1.0000000000,0.5850545123,0.7500000000,0.7500000000,0.7737598486
2026-07-05T13:12:27Z,20260705T131224Z,1129,0.7778850527,1.0000000000,0.6003045942,0.6666666667,0.6666666667,0.7478655154
2026-07-05T13:12:27Z,20260705T131224Z,1130,0.6186566985,1.0000000000,0.4358293655,0.3333333333,0.3333333333,0.5584967144
2026-07-05T13:12:27Z,20260705T131224Z,1131,0.8308156933,1.0000000000,0.6791506065,0.6666666667,0.6666666667,0.7768673780
2026-07-05T13:12:27Z,20260705T131224Z,1132,0.6616313865,1.0000000000,0.1343167404,0.5000000000,0.5000000000,0.5672711947
2026-07-05T13:12:27Z,20260705T131224Z,1133,0.6557645106,1.0000000000,0.3370173229,0.5000000000,0.5000000000,0.6063445922
2026-07-05T13:12:27Z,20260705T131224Z,1134,0.8403704676,1.0000000000,0.9410205382,0.7500000000,0.7500000000,0.8607967245
2026-07-05T13:12:27Z,20260705T131224Z,1135,0.7295870522,1.0000000000,0.9115516734,0.5000000000,0.5000000000,0.7397070977
2026-07-05T13:12:27Z,20260705T131224Z,1136,0.7248934060,1.0000000000,0.1675459769,0.6666666667,0.6666666667,0.6480658802
2026-07-05T13:12:27Z,20260705T131224Z,1137,0.6900517948,1.0000000000,0.5195961798,0.5000000000,0.5000000000,0.6514321847
2026-07-05T13:12:27Z,20260705T131224Z,1138,0.6795256189,1.0000000000,0.4015614896,0.5000000000,0.5000000000,0.6251937026
2026-07-05T13:12:27Z,20260705T131224Z,1139,0.6251540513,1.0000000000,0.6895423208,0.2500000000,0.2500000000,0.5816969770
2026-07-05T13:12:27Z,20260705T131224Z,1140,0.5997124834,1.0000000000,0.8017216974,0.2000000000,0.2000000000,0.5802724603
2026-07-05T13:12:27Z,20260705T131224Z,1141,0.6519264212,1.0000000000,0.1411923384,0.2500000000,0.2500000000,0.4787200730
2026-07-05T13:12:27Z,20260705T131224Z,1142,0.6665729829,1.0000000000,0.2312660908,0.3333333333,0.3333333333,0.5295631306
2026-07-05T13:12:27Z,20260705T131224Z,1143,0.6419070734,1.0000000000,0.3147527102,0.5000000000,0.5000000000,0.5984273104
2026-07-05T13:12:27Z,20260705T131224Z,1144,0.7544036109,1.0000000000,0.3661348564,0.7500000000,0.7500000000,0.7243278740
2026-07-05T13:12:27Z,20260705T131224Z,1145,0.7811646086,1.0000000000,0.4733022392,0.5000000000,0.5000000000,0.6649516000
2026-07-05T13:12:27Z,20260705T131224Z,1146,0.6186566985,1.0000000000,0.0703488072,0.3333333333,0.3333333333,0.4854006027
2026-07-05T13:12:27Z,20260705T131224Z,1147,0.6666666667,1.0000000000,0.5623766880,0.3333333333,0.3333333333,0.5958086709
2026-07-05T13:12:27Z,20260705T131224Z,1148,0.8178906433,1.0000000000,0.7683668270,0.6666666667,0.6666666667,0.7914793595
2026-07-05T13:12:27Z,20260705T131224Z,1149,0.8308156933,1.0000000000,0.7706049291,0.6666666667,0.6666666667,0.7951582425
2026-07-05T13:12:27Z,20260705T131224Z,1150,0.8308156933,1.0000000000,0.8301504950,0.6666666667,0.6666666667,0.8070673556
2026-07-05T13:12:27Z,20260705T131224Z,1151,0.7221149473,1.0000000000,0.7213875578,0.3333333333,0.3333333333,0.6414729150
2026-07-05T13:12:27Z,20260705T131224Z,1152,0.6968385816,1.0000000000,0.0334754167,0.5000000000,0.5000000000,0.5559047287
2026-07-05T13:12:27Z,20260705T131224Z,1153,1.0000000000,1.0000000000,0.9630288418,1.0000000000,1.0000000000,0.9926057684
2026-07-05T13:12:27Z,20260705T131224Z,1154,0.9291181088,1.0000000000,0.1816463505,1.0000000000,1.0000000000,0.8186087973
2026-07-05T13:12:27Z,20260705T131224Z,1155,0.9291181088,1.0000000000,0.3689618924,1.0000000000,1.0000000000,0.8560719057
2026-07-05T13:12:27Z,20260705T131224Z,1156,0.6666666667,1.0000000000,0.7332986469,0.3333333333,0.3333333333,0.6299930627
2026-07-05T13:12:27Z,20260705T131224Z,1157,1.0000000000,1.0000000000,0.6338976098,1.0000000000,1.0000000000,0.9267795220
2026-07-05T13:12:27Z,20260705T131224Z,1158,0.6186566985,1.0000000000,0.1972305225,0.3333333333,0.3333333333,0.5107769458
2026-07-05T13:12:27Z,20260705T131224Z,1159,1.0000000000,1.0000000000,0.9433092750,1.0000000000,1.0000000000,0.9886618550
2026-07-05T13:12:27Z,20260705T131224Z,1160,0.6968385816,1.0000000000,0.3144528418,0.5000000000,0.5000000000,0.6121002138
2026-07-05T13:12:27Z,20260705T131224Z,1161,0.7677204728,1.0000000000,0.9665245833,0.5000000000,0.5000000000,0.7602350349
2026-07-05T13:12:27Z,20260705T131224Z,1162,0.7778850527,1.0000000000,0.9254705402,0.6666666667,0.6666666667,0.8128987046
2026-07-05T13:12:27Z,20260705T131224Z,1163,0.6161870225,1.0000000000,0.0371494992,0.3333333333,0.3333333333,0.4781433221
2026-07-05T13:12:27Z,20260705T131224Z,1164,0.6968385816,1.0000000000,0.2577621168,0.5000000000,0.5000000000,0.6007620688
2026-07-05T13:12:27Z,20260705T131224Z,1165,1.0000000000,1.0000000000,0.8126844581,1.0000000000,1.0000000000,0.9625368916
2026-07-05T13:12:27Z,20260705T131224Z,1166,0.6691512980,1.0000000000,0.3857455508,0.5000000000,0.5000000000,0.6194369347
2026-07-05T13:12:27Z,20260705T131224Z,1167,0.6874616597,1.0000000000,0.1764402056,0.5000000000,0.5000000000,0.5821534561
2026-07-05T13:12:27Z,20260705T131224Z,1168,0.6251540513,1.0000000000,0.5384331610,0.2500000000,0.2500000000,0.5514751450
2026-07-05T13:12:27Z,20260705T131224Z,1169,0.7248934060,1.0000000000,0.4342824494,0.6666666667,0.6666666667,0.7014131747
2026-07-05T13:12:27Z,20260705T131224Z,1170,0.7248934060,1.0000000000,0.4026106852,0.6666666667,0.6666666667,0.6950788219
2026-07-05T13:12:27Z,20260705T131224Z,1171,0.7415433010,1.0000000000,0.6695865711,0.5000000000,0.5000000000,0.6943031395
2026-07-05T13:12:27Z,20260705T131224Z,1172,0.7107144013,1.0000000000,0.6372720583,0.5000000000,0.5000000000,0.6801330120
2026-07-05T13:12:27Z,20260705T131224Z,1173,0.6683552816,1.0000000000,0.1333400747,0.5000000000,0.5000000000,0.5687568353
2026-07-05T13:12:27Z,20260705T131224Z,1174,0.7496918975,1.0000000000,0.8993750183,0.5000000000,0.5000000000,0.7422979780
2026-07-05T13:12:27Z,20260705T131224Z,1175,0.7496918975,1.0000000000,0.8192484236,0.5000000000,0.5000000000,0.7262726591
2026-07-05T13:12:27Z,20260705T131224Z,1176,0.8308156933,1.0000000000,0.7305833490,0.6666666667,0.6666666667,0.7871539264
2026-07-05T13:12:27Z,20260705T131224Z,1177,0.8308156933,1.0000000000,0.7905756498,0.6666666667,0.6666666667,0.7991523866
2026-07-05T13:12:27Z,20260705T131224Z,1178,1.0000000000,1.0000000000,0.8092324602,1.0000000000,1.0000000000,0.9618464920
2026-07-05T13:12:27Z,20260705T131224Z,1179,0.6665729829,1.0000000000,0.4649501060,0.3333333333,0.3333333333,0.5762999336
2026-07-05T13:12:27Z,20260705T131224Z,1180,0.7677204728,1.0000000000,0.9665245833,0.5000000000,0.5000000000,0.7602350349
2026-07-05T13:12:27Z,20260705T131224Z,1181,0.7677204728,1.0000000000,0.9665245833,0.5000000000,0.5000000000,0.7602350349
2026-07-05T13:12:27Z,20260705T131224Z,1182,0.6968385816,1.0000000000,0.2577621168,0.5000000000,0.5000000000,0.6007620688
2026-07-05T13:12:27Z,20260705T131224Z,1183,0.9291181088,1.0000000000,0.6320962004,1.0000000000,1.0000000000,0.9086987673
2026-07-05T13:12:27Z,20260705T131224Z,1184,0.6996782811,1.0000000000,0.1962553733,0.5000000000,0.5000000000,0.5891706449
2026-07-05T13:12:27Z,20260705T131224Z,1185,0.7691695844,1.0000000000,0.8347158590,0.5000000000,0.5000000000,0.7342355679
2026-07-05T13:12:27Z,20260705T131224Z,1186,0.7895834242,1.0000000000,0.7950150553,0.5000000000,0.5000000000,0.7313988671
2026-07-05T13:12:27Z,20260705T131224Z,1187,0.7104165758,1.0000000000,0.7488695527,0.5000000000,0.5000000000,0.7023780545
2026-07-05T13:12:27Z,20260705T131224Z,1188,0.7677204728,1.0000000000,0.9295534250,0.5000000000,0.5000000000,0.7528408032
2026-07-05T13:12:27Z,20260705T131224Z,1189,0.6665729829,1.0000000000,0.1177715933,0.3333333333,0.3333333333,0.5068642311
2026-07-05T13:12:27Z,20260705T131224Z,1190,0.7221149473,1.0000000000,0.8757779321,0.3333333333,0.3333333333,0.6723509899
2026-07-05T13:12:27Z,20260705T131224Z,1191,0.7677204728,1.0000000000,0.6256659164,0.5000000000,0.5000000000,0.6920633015
2026-07-05T13:12:27Z,20260705T131224Z,1192,0.9291181088,1.0000000000,0.5791668483,1.0000000000,1.0000000000,0.8981128969
2026-07-05T13:12:27Z,20260705T131224Z,1193,0.6968385816,1.0000000000,0.2048327647,0.5000000000,0.5000000000,0.5901761983
2026-07-05T13:12:27Z,20260705T131224Z,1194,0.7221149473,1.0000000000,0.8292275133,0.3333333333,0.3333333333,0.6630409061
2026-07-05T13:12:27Z,20260705T131224Z,1195,0.7575558929,1.0000000000,0.1483173305,0.6666666667,0.6666666667,0.6523857727
2026-07-05T13:12:27Z,20260705T131224Z,1196,0.8178906433,1.0000000000,0.3410664662,0.6666666667,0.6666666667,0.7060192874
2026-07-05T13:12:27Z,20260705T131224Z,1197,0.7778850527,1.0000000000,0.7672620833,0.6666666667,0.6666666667,0.7812570132
2026-07-05T13:12:27Z,20260705T131224Z,1198,0.7778850527,1.0000000000,0.5734813988,0.6666666667,0.6666666667,0.7425008763
2026-07-05T13:12:27Z,20260705T131224Z,1199,0.5857228750,1.0000000000,0.4159128578,0.2500000000,0.2500000000,0.5171132903
2026-07-05T13:12:27Z,20260705T131224Z,1200,0.5296253533,1.0000000000,0.0216093598,0.2000000000,0.2000000000,0.4067282103
2026-07-05T13:12:27Z,20260705T131224Z,1201,0.6385522430,1.0000000000,0.6970979453,0.4000000000,0.4000000000,0.6390576498
2026-07-05T13:12:27Z,20260705T131224Z,1202,0.8178906433,1.0000000000,0.3854051757,0.6666666667,0.6666666667,0.7148870293
2026-07-05T13:12:27Z,20260705T131224Z,1203,0.8178906433,1.0000000000,0.3854051757,0.6666666667,0.6666666667,0.7148870293
2026-07-05T13:12:27Z,20260705T131224Z,1204,0.6665729829,1.0000000000,0.2745654903,0.3333333333,0.3333333333,0.5382230105
2026-07-05T13:12:27Z,20260705T131224Z,1205,0.7322795272,1.0000000000,0.5000000000,0.5000000000,0.5000000000,0.6580698818
2026-07-05T13:12:27Z,20260705T131224Z,1206,0.9645590544,1.0000000000,0.7577621168,1.0000000000,1.0000000000,0.9426921870
2026-07-05T13:12:27Z,20260705T131224Z,1207,0.6968385816,1.0000000000,0.2577621168,0.5000000000,0.5000000000,0.6007620688
2026-07-05T13:12:27Z,20260705T131224Z,1208,0.6968385816,1.0000000000,0.0704465750,0.5000000000,0.5000000000,0.5632989604
2026-07-05T13:12:27Z,20260705T131224Z,1209,0.9291181088,1.0000000000,0.2752793397,1.0000000000,1.0000000000,0.8373353951
2026-07-05T13:12:27Z,20260705T131224Z,1210,1.0000000000,1.0000000000,0.8286426520,1.0000000000,1.0000000000,0.9657285304
2026-07-05T13:12:27Z,20260705T131224Z,1211,1.0000000000,1.0000000000,0.8286426520,1.0000000000,1.0000000000,0.9657285304
2026-07-05T13:12:27Z,20260705T131224Z,1212,0.6968385816,1.0000000000,0.2048327647,0.5000000000,0.5000000000,0.5901761983
2026-07-05T13:12:27Z,20260705T131224Z,1213,0.6968385816,1.0000000000,0.1111997756,0.5000000000,0.5000000000,0.5714496005
2026-07-05T13:12:27Z,20260705T131224Z,1214,0.7677204728,1.0000000000,0.8888002244,0.5000000000,0.5000000000,0.7446901631
2026-07-05T13:12:27Z,20260705T131224Z,1215,0.7233498105,1.0000000000,0.9500849642,0.3333333333,0.3333333333,0.6875211121
2026-07-05T13:12:27Z,20260705T131224Z,1216,0.7877679844,1.0000000000,0.1056141526,0.6666666667,0.6666666667,0.6513981600
2026-07-05T13:12:27Z,20260705T131224Z,1217,0.8308156933,1.0000000000,0.8461221871,0.6666666667,0.6666666667,0.8102616941
2026-07-05T13:12:27Z,20260705T131224Z,1218,0.9389292606,1.0000000000,0.2944643695,1.0000000000,1.0000000000,0.8436251890
2026-07-05T13:12:27Z,20260705T131224Z,1219,0.7778850527,1.0000000000,0.9254705402,0.6666666667,0.6666666667,0.8128987046
2026-07-05T13:12:27Z,20260705T131224Z,1220,0.6691512980,1.0000000000,0.4560000757,0.5000000000,0.5000000000,0.6334878396
2026-07-05T13:12:27Z,20260705T131224Z,1221,0.7895834242,1.0000000000,0.5576574525,0.5000000000,0.5000000000,0.6839273465
2026-07-05T13:12:27Z,20260705T131224Z,1222,0.6790719676,1.0000000000,0.0748621230,0.4000000000,0.4000000000,0.5247404165
2026-07-05T13:12:27Z,20260705T131224Z,1223,0.8321627679,1.0000000000,0.8480462853,0.8000000000,0.8000000000,0.8576499490
2026-07-05T13:12:27Z,20260705T131224Z,1224,0.6512923670,1.0000000000,0.1874373480,0.2500000000,0.2500000000,0.4878105614
2026-07-05T13:12:27Z,20260705T131224Z,1225,0.5845468885,1.0000000000,0.0393555634,0.2500000000,0.2500000000,0.4415078348
2026-07-05T13:12:27Z,20260705T131224Z,1226,0.7145061183,1.0000000000,0.8765518609,0.6000000000,0.6000000000,0.7639369017
2026-07-05T13:12:27Z,20260705T131224Z,1227,0.7811646086,1.0000000000,0.1584512291,0.5000000000,0.5000000000,0.6019813980
2026-07-05T13:12:27Z,20260705T131224Z,1228,0.7107884559,1.0000000000,0.2813991426,0.3333333333,0.3333333333,0.5506436092
2026-07-05T13:12:27Z,20260705T131224Z,1229,0.7107884559,1.0000000000,0.4680762099,0.3333333333,0.3333333333,0.5879790226
2026-07-05T13:12:27Z,20260705T131224Z,1230,1.0000000000,1.0000000000,1.0000000000,1.0000000000,1.0000000000,1.0000000000
2026-07-05T13:12:27Z,20260705T131224Z,1231,0.7575558929,1.0000000000,0.4356476573,0.6666666667,0.6666666667,0.7098518380
2026-07-05T13:12:27Z,20260705T131224Z,1232,0.7575558929,1.0000000000,0.2054456008,0.6666666667,0.6666666667,0.6638114267
2026-07-05T13:12:27Z,20260705T131224Z,1233,0.8308156933,1.0000000000,0.6671488507,0.6666666667,0.6666666667,0.7744670268
2026-07-05T13:12:27Z,20260705T131224Z,1234,0.6665729829,1.0000000000,0.3990587431,0.3333333333,0.3333333333,0.5631216610
2026-07-05T13:12:27Z,20260705T131224Z,1235,0.9999999953,1.0000000000,1.0000000000,1.0000000000,1.0000000000,0.9999999988
2026-07-05T13:12:27Z,20260705T131224Z,1236,0.7677204728,1.0000000000,0.8440417392,0.5000000000,0.5000000000,0.7357384660
2026-07-05T13:12:27Z,20260705T131224Z,1237,0.9291181088,1.0000000000,0.1894336775,1.0000000000,1.0000000000,0.8201662627
2026-07-05T13:12:27Z,20260705T131224Z,1238,0.6968385816,1.0000000000,0.0334754167,0.5000000000,0.5000000000,0.5559047287
2026-07-05T13:12:27Z,20260705T131224Z,1239,0.7677204728,1.0000000000,0.9665245833,0.5000000000,0.5000000000,0.7602350349
2026-07-05T13:12:27Z,20260705T131224Z,1240,0.6666666667,1.0000000000,0.9220336936,0.3333333333,0.3333333333,0.6677400721
2026-07-05T13:12:27Z,20260705T131224Z,1241,0.6968385816,1.0000000000,0.0704465750,0.5000000000,0.5000000000,0.5632989604
2026-07-05T13:12:27Z,20260705T131224Z,1242,0.4470327476,1.0000000000,0.0000000000,0.0000000000,0.0000000000,0.3117581869
2026-07-05T13:12:27Z,20260705T131224Z,1243,0.6666666667,1.0000000000,0.8839199776,0.3333333333,0.3333333333,0.6601173289
2026-07-05T13:12:27Z,20260705T131224Z,1244,0.9645590544,1.0000000000,0.5334754167,1.0000000000,1.0000000000,0.8978348469
2026-07-05T13:12:27Z,20260705T131224Z,1245,0.8274928135,1.0000000000,0.7195622020,0.6666666667,0.6666666667,0.7841189771
2026-07-05T13:12:27Z,20260705T131224Z,1246,0.6557645106,1.0000000000,0.2395072024,0.5000000000,0.5000000000,0.5868425681
2026-07-05T13:12:27Z,20260705T131224Z,1247,0.6972020364,1.0000000000,0.5682721928,0.5000000000,0.5000000000,0.6629549477
2026-07-05T13:12:27Z,20260705T131224Z,1248,0.8178906433,1.0000000000,0.4924204769,0.6666666667,0.6666666667,0.7362900895
2026-07-05T13:12:27Z,20260705T131224Z,1249,0.5822138547,1.0000000000,0.0698425348,0.2500000000,0.2500000000,0.4470219706
2026-07-05T13:12:27Z,20260705T131224Z,1250,0.5822138547,1.0000000000,0.3707164848,0.2500000000,0.2500000000,0.5071967606
2026-07-05T13:12:27Z,20260705T131224Z,1251,1.0000000000,1.0000000000,0.9999999866,1.0000000000,1.0000000000,0.9999999973
2026-07-05T13:12:27Z,20260705T131224Z,1252,0.7554158774,1.0000000000,0.5494878659,0.5000000000,0.5000000000,0.6737515425
2026-07-05T13:12:27Z,20260705T131224Z,1253,0.7554158774,1.0000000000,0.2402379825,0.5000000000,0.5000000000,0.6119015658
2026-07-05T13:12:27Z,20260705T131224Z,1254,0.7876837595,1.0000000000,0.5291652232,0.5000000000,0.5000000000,0.6777539845
2026-07-05T13:12:27Z,20260705T131224Z,1255,0.6767005557,1.0000000000,0.4961180759,0.2500000000,0.2500000000,0.5558987541
2026-07-05T13:12:27Z,20260705T131224Z,1256,0.6665729829,1.0000000000,0.0744262604,0.3333333333,0.3333333333,0.4981951645
2026-07-05T13:12:27Z,20260705T131224Z,1257,0.6665729829,1.0000000000,0.0744262604,0.3333333333,0.3333333333,0.4981951645
2026-07-05T13:12:27Z,20260705T131224Z,1258,0.6968385816,1.0000000000,0.1111997756,0.5000000000,0.5000000000,0.5714496005
2026-07-05T13:12:27Z,20260705T131224Z,1259,0.7677204728,1.0000000000,0.8888002244,0.5000000000,0.5000000000,0.7446901631
2026-07-05T13:12:27Z,20260705T131224Z,1260,0.7677204728,1.0000000000,0.9665245833,0.5000000000,0.5000000000,0.7602350349
2026-07-05T13:12:27Z,20260705T131224Z,1261,1.0000000000,1.0000000000,0.5969264516,1.0000000000,1.0000000000,0.9193852903
2026-07-05T13:12:27Z,20260705T131224Z,1262,0.8178906433,1.0000000000,0.6525485153,0.6666666667,0.6666666667,0.7683156972
2026-07-05T13:12:27Z,20260705T131224Z,1263,0.5857228750,1.0000000000,0.2175498070,0.2500000000,0.2500000000,0.4774406801
2026-07-05T13:12:27Z,20260705T131224Z,1264,0.6666666667,1.0000000000,0.9526695251,0.3333333333,0.3333333333,0.6738672384
2026-07-05T13:12:27Z,20260705T131224Z,1265,0.8308156933,1.0000000000,0.7921017335,0.6666666667,0.6666666667,0.7994576033
2026-07-05T13:12:27Z,20260705T131224Z,1266,0.7248934060,1.0000000000,0.1927103442,0.6666666667,0.6666666667,0.6530987537
2026-07-05T13:12:27Z,20260705T131224Z,1267,0.6186566985,1.0000000000,0.2045394815,0.3333333333,0.3333333333,0.5122387376
2026-07-05T13:12:27Z,20260705T131224Z,1268,0.7677204728,1.0000000000,0.7951672353,0.5000000000,0.5000000000,0.7259635653
2026-07-05T13:12:27Z,20260705T131224Z,1269,0.7677204728,1.0000000000,0.9665245833,0.5000000000,0.5000000000,0.7602350349
2026-07-05T13:12:27Z,20260705T131224Z,1270,0.7248934060,1.0000000000,0.1675459769,0.6666666667,0.6666666667,0.6480658802
2026-07-05T13:12:27Z,20260705T131224Z,1271,0.9389292606,1.0000000000,0.5264428368,1.0000000000,1.0000000000,0.8900208825
2026-07-05T13:12:27Z,20260705T131224Z,1272,0.9694646303,1.0000000000,0.7204975734,1.0000000000,1.0000000000,0.9364656723
2026-07-05T13:12:27Z,20260705T131224Z,1273,0.6416033262,1.0000000000,0.0785617235,0.3333333333,0.3333333333,0.4927798429
2026-07-05T13:12:27Z,20260705T131224Z,1274,0.6665729829,1.0000000000,0.3990587431,0.3333333333,0.3333333333,0.5631216610
2026-07-05T13:12:27Z,20260705T131224Z,1275,0.7778850527,1.0000000000,0.6003045942,0.6666666667,0.6666666667,0.7478655154
2026-07-05T13:12:27Z,20260705T131224Z,1276,0.4470327476,1.0000000000,0.0000000000,0.0000000000,0.0000000000,0.3117581869
2026-07-05T13:12:27Z,20260705T131224Z,1277,0.7221149473,1.0000000000,0.6022693343,0.3333333333,0.3333333333,0.6176492703
2026-07-05T13:12:27Z,20260705T131224Z,1278,0.7415433010,1.0000000000,0.4346408314,0.5000000000,0.5000000000,0.6473139915
2026-07-05T13:12:27Z,20260705T131224Z,1279,0.6665729829,1.0000000000,0.1245916142,0.3333333333,0.3333333333,0.5082282352
2026-07-05T13:12:27Z,20260705T131224Z,1280,0.6665729829,1.0000000000,0.3359157124,0.3333333333,0.3333333333,0.5504930549
2026-07-05T13:12:27Z,20260705T131224Z,1281,0.7309955515,1.0000000000,0.2581177402,0.7500000000,0.7500000000,0.6968724359
2026-07-05T13:12:27Z,20260705T131224Z,1282,0.6240961377,1.0000000000,0.0885405087,0.5000000000,0.5000000000,0.5487321362
2026-07-05T13:12:27Z,20260705T131224Z,1283,0.9291181088,1.0000000000,0.5192856065,1.0000000000,1.0000000000,0.8861366485
2026-07-05T13:12:27Z,20260705T131224Z,1284,0.9291181088,1.0000000000,0.2383081814,1.0000000000,1.0000000000,0.8299411635
2026-07-05T13:12:27Z,20260705T131224Z,1285,1.0000000000,1.0000000000,1.0000000000,1.0000000000,1.0000000000,1.0000000000
2026-07-05T13:12:27Z,20260705T131224Z,1286,0.7677204728,1.0000000000,0.9665245833,0.5000000000,0.5000000000,0.7602350349
2026-07-05T13:12:27Z,20260705T131224Z,1287,0.6968385816,1.0000000000,0.4365489651,0.5000000000,0.5000000000,0.6365194384
2026-07-05T13:12:27Z,20260705T131224Z,1288,1.0000000000,1.0000000000,0.6338976098,1.0000000000,1.0000000000,0.9267795220
2026-07-05T13:12:27Z,20260705T131224Z,1289,0.6968385816,1.0000000000,0.0704465750,0.5000000000,0.5000000000,0.5632989604
2026-07-05T13:12:27Z,20260705T131224Z,1290,0.7233498105,1.0000000000,0.9500849642,0.3333333333,0.3333333333,0.6875211121
2026-07-05T13:12:27Z,20260705T131224Z,1291,0.5826023359,1.0000000000,0.2041809339,0.2500000000,0.2500000000,0.4739867708
2026-07-05T13:12:27Z,20260705T131224Z,1292,1.0000000000,1.0000000000,0.9470706479,1.0000000000,1.0000000000,0.9894141296
2026-07-05T13:12:27Z,20260705T131224Z,1293,0.7094030901,1.0000000000,0.2932093147,0.5000000000,0.5000000000,0.6109926355
2026-07-05T13:12:27Z,20260705T131224Z,1294,0.7911717252,1.0000000000,0.8908243304,0.5000000000,0.5000000000,0.7509577974
2026-07-05T13:12:27Z,20260705T131224Z,1295,0.6251540513,1.0000000000,0.8462067276,0.2500000000,0.2500000000,0.6130298583
2026-07-05T13:12:27Z,20260705T131224Z,1296,0.6161870225,1.0000000000,0.0827648092,0.3333333333,0.3333333333,0.4872663841
2026-07-05T13:12:27Z,20260705T131224Z,1297,0.6665729829,1.0000000000,0.2916930569,0.3333333333,0.3333333333,0.5416485238
2026-07-05T13:12:27Z,20260705T131224Z,1298,0.7778850527,1.0000000000,0.7063968228,0.6666666667,0.6666666667,0.7690839611
2026-07-05T13:12:27Z,20260705T131224Z,1299,0.7248934060,1.0000000000,0.2405017649,0.6666666667,0.6666666667,0.6626570378
2026-07-05T13:12:27Z,20260705T131224Z,1300,0.7309729266,1.0000000000,0.7836531041,0.5000000000,0.5000000000,0.7144738525
2026-07-05T13:12:27Z,20260705T131224Z,1301,0.5668540905,1.0000000000,0.1937512973,0.2500000000,0.2500000000,0.4679637821
2026-07-05T13:12:27Z,20260705T131224Z,1302,0.5857228750,1.0000000000,0.4614716286,0.2500000000,0.2500000000,0.5262250445
2026-07-05T13:12:27Z,20260705T131224Z,1303,0.5800528066,1.0000000000,0.5020595320,0.2000000000,0.2000000000,0.5154251080
2026-07-05T13:12:27Z,20260705T131224Z,1304,0.5153206061,1.0000000000,0.1064889588,0.3333333333,0.3333333333,0.4667946100
2026-07-05T13:12:27Z,20260705T131224Z,1305,0.6964412201,1.0000000000,0.2951672353,0.4000000000,0.4000000000,0.5731437521
2026-07-05T13:12:27Z,20260705T131224Z,1306,0.6666666667,1.0000000000,0.7678549546,0.3333333333,0.3333333333,0.6369043242
2026-07-05T13:12:27Z,20260705T131224Z,1307,0.7778850527,1.0000000000,0.8624549925,0.6666666667,0.6666666667,0.8002955950
2026-07-05T13:12:27Z,20260705T131224Z,1308,0.5857228750,1.0000000000,0.1170430175,0.2500000000,0.2500000000,0.4573393223
2026-07-05T13:12:27Z,20260705T131224Z,1309,0.6666666667,1.0000000000,0.9220336936,0.3333333333,0.3333333333,0.6677400721
2026-07-05T13:12:27Z,20260705T131224Z,1310,0.6186566985,1.0000000000,0.0703488072,0.3333333333,0.3333333333,0.4854006027
2026-07-05T13:12:27Z,20260705T131224Z,1311,0.8178906433,1.0000000000,0.2881226567,0.6666666667,0.6666666667,0.6954305255
2026-07-05T13:12:27Z,20260705T131224Z,1312,0.7778850527,1.0000000000,0.7818237107,0.6666666667,0.6666666667,0.7841693387
2026-07-05T13:12:27Z,20260705T131224Z,1313,1.0000000000,1.0000000000,1.0000000000,1.0000000000,1.0000000000,1.0000000000
2026-07-05T13:12:27Z,20260705T131224Z,1314,0.7778850527,1.0000000000,0.8820639668,0.6666666667,0.6666666667,0.8042173899
2026-07-05T13:12:27Z,20260705T131224Z,1315,0.8178906433,1.0000000000,0.1880774960,0.6666666667,0.6666666667,0.6754214934
2026-07-05T13:12:27Z,20260705T131224Z,1316,0.8308156933,1.0000000000,0.6014864386,0.6666666667,0.6666666667,0.7613345444
2026-07-05T13:12:27Z,20260705T131224Z,1317,0.7248934060,1.0000000000,0.4674960702,0.6666666667,0.6666666667,0.7080558989
2026-07-05T13:12:27Z,20260705T131224Z,1318,0.7778850527,1.0000000000,0.9254705402,0.6666666667,0.6666666667,0.8128987046
2026-07-05T13:12:27Z,20260705T131224Z,1319,0.8178906433,1.0000000000,0.2788779695,0.6666666667,0.6666666667,0.6935815881
2026-07-05T13:12:27Z,20260705T131224Z,1320,0.8308156933,1.0000000000,0.7343189922,0.6666666667,0.6666666667,0.7879010551
2026-07-05T13:12:27Z,20260705T131224Z,1321,0.6961594867,1.0000000000,0.4977989161,0.5000000000,0.5000000000,0.6485996549
2026-07-05T13:12:27Z,20260705T131224Z,1322,0.7496918975,1.0000000000,0.8933266677,0.5000000000,0.5000000000,0.7410883079
2026-07-05T13:12:27Z,20260705T131224Z,1323,0.7107144013,1.0000000000,0.7558819654,0.5000000000,0.5000000000,0.7038549934
2026-07-05T13:12:27Z,20260705T131224Z,1324,0.5857228750,1.0000000000,0.2297865669,0.2500000000,0.2500000000,0.4798880321
2026-07-05T13:12:27Z,20260705T131224Z,1325,0.6949824946,1.0000000000,0.1335416047,0.5000000000,0.5000000000,0.5754539446
2026-07-05T13:12:27Z,20260705T131224Z,1326,0.7305751109,1.0000000000,0.2776022751,0.5000000000,0.5000000000,0.6131642328
2026-07-05T13:12:27Z,20260705T131224Z,1327,0.7475513658,1.0000000000,0.6636538732,0.5000000000,0.5000000000,0.6946186161
2026-07-05T13:12:27Z,20260705T131224Z,1328,0.6308331425,1.0000000000,0.1623663251,0.5000000000,0.5000000000,0.5651815506
2026-07-05T13:12:27Z,20260705T131224Z,1329,0.7248934060,1.0000000000,0.3374942469,0.6666666667,0.6666666667,0.6820555342
2026-07-05T13:12:27Z,20260705T131224Z,1330,0.8308156933,1.0000000000,0.9404540319,0.6666666667,0.6666666667,0.8291280630
2026-07-05T13:12:27Z,20260705T131224Z,1331,0.8048689313,1.0000000000,0.6593427970,0.6666666667,0.6666666667,0.7664191256
2026-07-05T13:12:27Z,20260705T131224Z,1332,0.9694646303,1.0000000000,0.7349857758,1.0000000000,1.0000000000,0.9393633127
2026-07-05T13:12:27Z,20260705T131224Z,1333,1.0000000000,1.0000000000,0.8609070358,1.0000000000,1.0000000000,0.9721814072
2026-07-05T13:12:27Z,20260705T131224Z,1334,0.9389292606,1.0000000000,0.5672413826,1.0000000000,1.0000000000,0.8981805917
2026-07-05T13:12:27Z,20260705T131224Z,1335,0.8308156933,1.0000000000,0.6305422954,0.6666666667,0.6666666667,0.7671457157
2026-07-05T13:12:27Z,20260705T131224Z,1336,0.7677204728,1.0000000000,0.9665245833,0.5000000000,0.5000000000,0.7602350349
2026-07-05T13:12:27Z,20260705T131224Z,1337,0.7677204728,1.0000000000,0.7951672353,0.5000000000,0.5000000000,0.7259635653
2026-07-05T13:12:27Z,20260705T131224Z,1338,0.9291181088,1.0000000000,0.2752793397,1.0000000000,1.0000000000,0.8373353951
2026-07-05T13:12:27Z,20260705T131224Z,1339,0.7575558929,1.0000000000,0.2112023433,0.6666666667,0.6666666667,0.6649627752
2026-07-05T13:12:27Z,20260705T131224Z,1340,0.7221149473,1.0000000000,0.6513736399,0.3333333333,0.3333333333,0.6274701315
2026-07-05T13:12:27Z,20260705T131224Z,1341,0.9999999953,1.0000000000,1.0000000000,1.0000000000,1.0000000000,0.9999999988
2026-07-05T13:12:27Z,20260705T131224Z,1342,0.6968385816,1.0000000000,0.3743340836,0.5000000000,0.5000000000,0.6240764621
2026-07-05T13:12:27Z,20260705T131224Z,1343,1.0000000000,1.0000000000,0.7368656919,1.0000000000,1.0000000000,0.9473731384
2026-07-05T13:12:27Z,20260705T131224Z,1344,0.6186566985,1.0000000000,0.1094906924,0.3333333333,0.3333333333,0.4932289798
2026-07-05T13:12:27Z,20260705T131224Z,1345,0.7677204728,1.0000000000,0.8888002244,0.5000000000,0.5000000000,0.7446901631
2026-07-05T13:12:27Z,20260705T131224Z,1346,0.7011185094,1.0000000000,0.9032887910,0.2500000000,0.2500000000,0.6434373856
2026-07-05T13:12:27Z,20260705T131224Z,1347,0.6751341254,1.0000000000,0.7617622712,0.4000000000,0.4000000000,0.6611359856
2026-07-05T13:12:27Z,20260705T131224Z,1348,0.7769957847,1.0000000000,0.7149085031,0.7500000000,0.7500000000,0.7997306468
2026-07-05T13:12:27Z,20260705T131224Z,1349,0.6512923670,1.0000000000,0.2798937449,0.2500000000,0.2500000000,0.5063018407
2026-07-05T13:12:27Z,20260705T131224Z,1350,0.6381233926,1.0000000000,0.3490950643,0.1666666667,0.1666666667,0.4876831944
2026-07-05T13:12:27Z,20260705T131224Z,1351,0.6525485808,1.0000000000,0.2476643472,0.3333333333,0.3333333333,0.5293366813
2026-07-05T13:12:27Z,20260705T131224Z,1352,0.8308156933,1.0000000000,0.8142116903,0.6666666667,0.6666666667,0.8038795947
2026-07-05T13:12:27Z,20260705T131224Z,1353,0.8308156933,1.0000000000,0.9092703219,0.6666666667,0.6666666667,0.8228913210
2026-07-05T13:12:27Z,20260705T131224Z,1354,0.7911717252,1.0000000000,0.8762884757,0.5000000000,0.5000000000,0.7480506264
2026-07-05T13:12:27Z,20260705T131224Z,1355,0.7957797440,1.0000000000,0.4745330712,0.7500000000,0.7500000000,0.7563515502
2026-07-05T13:12:27Z,20260705T131224Z,1356,0.7107144013,1.0000000000,0.6473583091,0.5000000000,0.5000000000,0.6821502621
2026-07-05T13:12:27Z,20260705T131224Z,1357,0.5964712940,1.0000000000,0.3789441172,0.3333333333,0.3333333333,0.5415733136
2026-07-05T13:12:27Z,20260705T131224Z,1358,0.6817443274,1.0000000000,0.5511777100,0.3333333333,0.3333333333,0.5973382905
2026-07-05T13:12:27Z,20260705T131224Z,1359,0.9389292606,1.0000000000,0.8772926053,1.0000000000,1.0000000000,0.9601908362
2026-07-05T13:12:27Z,20260705T131224Z,1360,0.7778850527,1.0000000000,0.6692908375,0.6666666667,0.6666666667,0.7616627640
2026-07-05T13:12:27Z,20260705T131224Z,1361,0.6186566985,1.0000000000,0.3737476522,0.3333333333,0.3333333333,0.5460803717
2026-07-05T13:12:27Z,20260705T131224Z,1362,0.6666666667,1.0000000000,0.6839169010,0.3333333333,0.3333333333,0.6201167135
2026-07-05T13:12:27Z,20260705T131224Z,1363,0.9291181088,1.0000000000,0.6289056837,1.0000000000,1.0000000000,0.9080606639
2026-07-05T13:12:27Z,20260705T131224Z,1364,0.9291181088,1.0000000000,0.3479282586,1.0000000000,1.0000000000,0.8518651789
2026-07-05T13:12:27Z,20260705T131224Z,1365,0.7677204728,1.0000000000,0.9665245833,0.5000000000,0.5000000000,0.7602350349
2026-07-05T13:12:27Z,20260705T131224Z,1366,0.6968385816,1.0000000000,0.2048327647,0.5000000000,0.5000000000,0.5901761983
2026-07-05T13:12:27Z,20260705T131224Z,1367,1.0000000000,1.0000000000,0.7682837996,1.0000000000,1.0000000000,0.9536567599
2026-07-05T13:12:27Z,20260705T131224Z,1368,0.9291181088,1.0000000000,0.4700243819,1.0000000000,1.0000000000,0.8762844036
2026-07-05T13:12:27Z,20260705T131224Z,1369,1.0000000000,1.0000000000,1.0000000000,1.0000000000,1.0000000000,1.0000000000
2026-07-05T13:12:27Z,20260705T131224Z,1370,1.0000000000,1.0000000000,0.6591413331,1.0000000000,1.0000000000,0.9318282666
2026-07-05T13:12:27Z,20260705T131224Z,1371,0.6968385816,1.0000000000,0.3743340836,0.5000000000,0.5000000000,0.6240764621
2026-07-05T13:12:27Z,20260705T131224Z,1372,0.6968385816,1.0000000000,0.0704465750,0.5000000000,0.5000000000,0.5632989604
2026-07-05T13:12:27Z,20260705T131224Z,1373,0.6251540513,1.0000000000,0.8910669939,0.2500000000,0.2500000000,0.6220019116
2026-07-05T13:12:27Z,20260705T131224Z,1374,0.6419070734,1.0000000000,0.3830610346,0.5000000000,0.5000000000,0.6120889753
2026-07-05T13:12:27Z,20260705T131224Z,1375,0.8308156933,1.0000000000,0.7230697624,0.6666666667,0.6666666667,0.7856512091
2026-07-05T13:12:27Z,20260705T131224Z,1376,0.7575558929,1.0000000000,0.1920017877,0.6666666667,0.6666666667,0.6611226641
2026-07-05T13:12:27Z,20260705T131224Z,1377,0.7854249275,1.0000000000,0.4936333778,0.7500000000,0.7500000000,0.7575829074
2026-07-05T13:12:27Z,20260705T131224Z,1378,0.7895834242,1.0000000000,0.6734838321,0.5000000000,0.5000000000,0.7070926225
2026-07-05T13:12:27Z,20260705T131224Z,1379,0.6186566985,1.0000000000,0.1557382910,0.3333333333,0.3333333333,0.5024784995
2026-07-05T13:12:27Z,20260705T131224Z,1380,0.6186566985,1.0000000000,0.3737476522,0.3333333333,0.3333333333,0.5460803717
2026-07-05T13:12:27Z,20260705T131224Z,1381,0.8308156933,1.0000000000,0.9465575149,0.6666666667,0.6666666667,0.8303487596
2026-07-05T13:12:27Z,20260705T131224Z,1382,0.8308156933,1.0000000000,0.9023267692,0.6666666667,0.6666666667,0.8215026105
2026-07-05T13:12:27Z,20260705T131224Z,1383,0.8308156933,1.0000000000,0.9023267692,0.6666666667,0.6666666667,0.8215026105
2026-07-05T13:12:27Z,20260705T131224Z,1384,0.6665729829,1.0000000000,0.3990587431,0.3333333333,0.3333333333,0.5631216610
2026-07-05T13:12:27Z,20260705T131224Z,1385,0.4645590544,1.0000000000,0.0000000000,0.0000000000,0.0000000000,0.3161397636
2026-07-05T13:12:27Z,20260705T131224Z,1386,0.6968385816,1.0000000000,0.1111997756,0.5000000000,0.5000000000,0.5714496005
2026-07-05T13:12:27Z,20260705T131224Z,1387,0.7677204728,1.0000000000,0.8888002244,0.5000000000,0.5000000000,0.7446901631
2026-07-05T13:12:27Z,20260705T131224Z,1388,0.9999999953,1.0000000000,1.0000000000,1.0000000000,1.0000000000,0.9999999988
2026-07-05T13:12:27Z,20260705T131224Z,1389,0.6968385816,1.0000000000,0.1559582608,0.5000000000,0.5000000000,0.5804012976
2026-07-05T13:12:27Z,20260705T131224Z,1390,1.0000000000,1.0000000000,0.7194092956,1.0000000000,1.0000000000,0.9438818591
2026-07-05T13:12:27Z,20260705T131224Z,1391,0.9291181088,1.0000000000,0.4700243819,1.0000000000,1.0000000000,0.8762844036
2026-07-05T13:12:27Z,20260705T131224Z,1392,0.6186566985,1.0000000000,0.2573850573,0.3333333333,0.3333333333,0.5228078527
2026-07-05T13:12:27Z,20260705T131224Z,1393,0.8178906433,1.0000000000,0.4226338772,0.6666666667,0.6666666667,0.7223327696
2026-07-05T13:12:27Z,20260705T131224Z,1394,0.6972020364,1.0000000000,0.4887786838,0.5000000000,0.5000000000,0.6470562459
2026-07-05T13:12:27Z,20260705T131224Z,1395,0.6416033262,1.0000000000,0.3440417392,0.3333333333,0.3333333333,0.5458758461
2026-07-05T13:12:27Z,20260705T131224Z,1396,0.4470327476,1.0000000000,0.0000000000,0.0000000000,0.0000000000,0.3117581869
2026-07-05T13:12:27Z,20260705T131224Z,1397,0.7677204728,1.0000000000,0.7422378832,0.5000000000,0.5000000000,0.7153776948
2026-07-05T13:12:27Z,20260705T131224Z,1398,0.6665729829,1.0000000000,0.2916930569,0.3333333333,0.3333333333,0.5416485238
2026-07-05T13:12:27Z,20260705T131224Z,1399,0.8308156933,1.0000000000,0.8323332013,0.6666666667,0.6666666667,0.8075038969
2026-07-05T13:12:27Z,20260705T131224Z,1400,0.6186566985,1.0000000000,0.1535376336,0.3333333333,0.3333333333,0.5020383680
2026-07-05T13:12:27Z,20260705T131224Z,1401,0.7475513658,1.0000000000,0.8584303991,0.5000000000,0.5000000000,0.7335739213
2026-07-05T13:12:27Z,20260705T131224Z,1402,0.5295108608,1.0000000000,0.0319778982,0.2000000000,0.2000000000,0.4087732948
2026-07-05T13:12:27Z,20260705T131224Z,1403,0.5857228750,1.0000000000,0.1605012843,0.2500000000,0.2500000000,0.4660309756
2026-07-05T13:12:27Z,20260705T131224Z,1404,0.7309729266,1.0000000000,0.8762451271,0.5000000000,0.5000000000,0.7329922571
2026-07-05T13:12:27Z,20260705T131224Z,1405,0.6416033262,1.0000000000,0.0785617235,0.3333333333,0.3333333333,0.4927798429
2026-07-05T13:12:27Z,20260705T131224Z,1406,0.7221149473,1.0000000000,0.7213875578,0.3333333333,0.3333333333,0.6414729150
2026-07-05T13:12:27Z,20260705T131224Z,1407,0.7415433010,1.0000000000,0.6870226483,0.5000000000,0.5000000000,0.6977903549
2026-07-05T13:12:27Z,20260705T131224Z,1408,0.6665729829,1.0000000000,0.4234769611,0.3333333333,0.3333333333,0.5680053046
2026-07-05T13:12:27Z,20260705T131224Z,1409,0.7221149473,1.0000000000,0.6610115682,0.3333333333,0.3333333333,0.6293977171
2026-07-05T13:12:27Z,20260705T131224Z,1410,0.8308156933,1.0000000000,0.8142116903,0.6666666667,0.6666666667,0.8038795947
2026-07-05T13:12:27Z,20260705T131224Z,1411,0.6968385816,1.0000000000,0.1559582608,0.5000000000,0.5000000000,0.5804012976
2026-07-05T13:12:27Z,20260705T131224Z,1412,0.9999999953,1.0000000000,1.0000000000,1.0000000000,1.0000000000,0.9999999988
2026-07-05T13:12:27Z,20260705T131224Z,1413,0.9999999953,1.0000000000,1.0000000000,1.0000000000,1.0000000000,0.9999999988
2026-07-05T13:12:27Z,20260705T131224Z,1414,0.7677204728,1.0000000000,0.6256659164,0.5000000000,0.5000000000,0.6920633015
2026-07-05T13:12:27Z,20260705T131224Z,1415,0.9291181088,1.0000000000,0.5791668483,1.0000000000,1.0000000000,0.8981128969
2026-07-05T13:12:27Z,20260705T131224Z,1416,0.6186566985,1.0000000000,0.2045394815,0.3333333333,0.3333333333,0.5122387376
2026-07-05T13:12:27Z,20260705T131224Z,1417,0.6666666667,1.0000000000,0.9526695251,0.3333333333,0.3333333333,0.6738672384
2026-07-05T13:12:27Z,20260705T131224Z,1418,1.0000000000,1.0000000000,0.8775171560,1.0000000000,1.0000000000,0.9755034312
2026-07-05T13:12:27Z,20260705T131224Z,1419,0.6968385816,1.0000000000,0.1559582608,0.5000000000,0.5000000000,0.5804012976
2026-07-05T13:12:27Z,20260705T131224Z,1420,0.6968385816,1.0000000000,0.0704465750,0.5000000000,0.5000000000,0.5632989604
2026-07-05T13:12:27Z,20260705T131224Z,1421,1.0000000000,1.0000000000,0.9630288418,1.0000000000,1.0000000000,0.9926057684
2026-07-05T13:12:27Z,20260705T131224Z,1422,0.9291181088,1.0000000000,0.2912375335,1.0000000000,1.0000000000,0.8405270339
2026-07-05T13:12:27Z,20260705T131224Z,1423,0.8308156933,1.0000000000,0.8588550841,0.6666666667,0.6666666667,0.8128082735
2026-07-05T13:12:27Z,20260705T131224Z,1424,0.6683552816,1.0000000000,0.3695921803,0.5000000000,0.5000000000,0.6160072565
2026-07-05T13:12:27Z,20260705T131224Z,1425,0.6956605018,1.0000000000,0.7754053325,0.6000000000,0.6000000000,0.7389961919
2026-07-05T13:12:27Z,20260705T131224Z,1426,0.7526038571,1.0000000000,0.2249972964,0.6000000000,0.6000000000,0.6431504236
2026-07-05T13:12:27Z,20260705T131224Z,1427,0.8178906433,1.0000000000,0.5099816487,0.6666666667,0.6666666667,0.7398023239
2026-07-05T13:12:27Z,20260705T131224Z,1428,0.6666666667,1.0000000000,0.5623766880,0.3333333333,0.3333333333,0.5958086709
2026-07-05T13:12:27Z,20260705T131224Z,1429,0.7006776931,1.0000000000,0.8518051072,0.4000000000,0.4000000000,0.6855304447
2026-07-05T13:12:27Z,20260705T131224Z,1430,0.7623763122,1.0000000000,0.8447190975,0.8000000000,0.8000000000,0.8395378976
2026-07-05T13:12:27Z,20260705T131224Z,1431,0.7295870522,1.0000000000,0.8677146913,0.5000000000,0.5000000000,0.7309397013
2026-07-05T13:12:27Z,20260705T131224Z,1432,0.6251540513,1.0000000000,0.8260550879,0.2500000000,0.2500000000,0.6089995304
2026-07-05T13:12:27Z,20260705T131224Z,1433,0.7221149473,1.0000000000,0.8292275133,0.3333333333,0.3333333333,0.6630409061
2026-07-05T13:12:27Z,20260705T131224Z,1434,0.9999999953,1.0000000000,1.0000000000,1.0000000000,1.0000000000,0.9999999988
2026-07-05T13:12:27Z,20260705T131224Z,1435,0.9999999953,1.0000000000,1.0000000000,1.0000000000,1.0000000000,0.9999999988
2026-07-05T13:12:27Z,20260705T131224Z,1436,0.9999999953,1.0000000000,1.0000000000,1.0000000000,1.0000000000,0.9999999988
2026-07-05T13:12:27Z,20260705T131224Z,1437,0.7677204728,1.0000000000,0.9665245833,0.5000000000,0.5000000000,0.7602350349
2026-07-05T13:12:27Z,20260705T131224Z,1438,0.6666666667,1.0000000000,0.9526695251,0.3333333333,0.3333333333,0.6738672384
2026-07-05T13:12:27Z,20260705T131224Z,1439,1.0000000000,1.0000000000,1.0000000000,1.0000000000,1.0000000000,1.0000000000
2026-07-05T13:12:27Z,20260705T131224Z,1440,0.7113754386,1.0000000000,0.7751116385,0.5000000000,0.5000000000,0.7078661874
2026-07-05T13:12:27Z,20260705T131224Z,1441,0.7691695844,1.0000000000,0.8141144369,0.5000000000,0.5000000000,0.7301152835
2026-07-05T13:12:27Z,20260705T131224Z,1442,0.7475513658,1.0000000000,0.8584303991,0.5000000000,0.5000000000,0.7335739213
2026-07-05T13:12:27Z,20260705T131224Z,1443,0.6643597294,1.0000000000,0.8456910583,0.4000000000,0.4000000000,0.6752281440
2026-07-05T13:12:27Z,20260705T131224Z,1444,0.7745830086,1.0000000000,0.8561779145,0.7500000000,0.7500000000,0.8273813351
2026-07-05T13:12:27Z,20260705T131224Z,1445,0.7895834242,1.0000000000,0.8987058241,0.5000000000,0.5000000000,0.7521370209
2026-07-05T13:12:27Z,20260705T131224Z,1446,0.7677204728,1.0000000000,0.8888002244,0.5000000000,0.5000000000,0.7446901631
2026-07-05T13:12:27Z,20260705T131224Z,1447,0.9999999953,1.0000000000,1.0000000000,1.0000000000,1.0000000000,0.9999999988
2026-07-05T13:12:27Z,20260705T131224Z,1448,0.7677204728,1.0000000000,0.9665245833,0.5000000000,0.5000000000,0.7602350349
2026-07-05T13:12:27Z,20260705T131224Z,1449,0.6666666667,1.0000000000,0.9220336936,0.3333333333,0.3333333333,0.6677400721
2026-07-05T13:12:27Z,20260705T131224Z,1450,1.0000000000,1.0000000000,0.9630288418,1.0000000000,1.0000000000,0.9926057684
2026-07-05T13:12:27Z,20260705T131224Z,1451,0.8308156933,1.0000000000,0.9446321591,0.6666666667,0.6666666667,0.8299636885
2026-07-05T13:12:27Z,20260705T131224Z,1452,0.7221149473,1.0000000000,0.9167411894,0.3333333333,0.3333333333,0.6805436414
2026-07-05T13:12:27Z,20260705T131224Z,1453,0.7221149473,1.0000000000,0.8757779321,0.3333333333,0.3333333333,0.6723509899
2026-07-05T13:12:27Z,20260705T131224Z,1454,0.7221149473,1.0000000000,0.8757779321,0.3333333333,0.3333333333,0.6723509899
2026-07-05T13:12:27Z,20260705T131224Z,1455,0.7677204728,1.0000000000,0.9295534250,0.5000000000,0.5000000000,0.7528408032
2026-07-05T13:12:27Z,20260705T131224Z,1456,1.0000000000,1.0000000000,0.9592467994,1.0000000000,1.0000000000,0.9918493599
2026-07-05T13:12:27Z,20260705T131224Z,1457,1.0000000000,1.0000000000,0.9592467994,1.0000000000,1.0000000000,0.9918493599
2026-07-05T13:12:27Z,20260705T131224Z,1458,0.8048689313,1.0000000000,0.9502376885,0.6666666667,0.6666666667,0.8245981039
2026-07-05T13:12:27Z,20260705T131224Z,1459,0.6046068389,1.0000000000,0.4980471664,0.2500000000,0.2500000000,0.5382611430
2026-07-05T13:12:27Z,20260705T131224Z,1460,0.7300534562,1.0000000000,0.6000247389,0.4000000000,0.4000000000,0.6425183118
2026-07-05T13:12:27Z,20260705T131224Z,1461,0.6471709429,1.0000000000,0.3938498665,0.4000000000,0.4000000000,0.5805627090
2026-07-05T13:12:27Z,20260705T131224Z,1462,1.0000000000,1.0000000000,0.9222756411,1.0000000000,1.0000000000,0.9844551282
2026-07-05T13:12:27Z,20260705T131224Z,1463,0.6666666667,1.0000000000,0.9526695251,0.3333333333,0.3333333333,0.6738672384
2026-07-05T13:12:27Z,20260705T131224Z,1464,0.6251540513,1.0000000000,0.8714019262,0.2500000000,0.2500000000,0.6180688980
2026-07-05T13:12:27Z,20260705T131224Z,1465,0.7221149473,1.0000000000,0.8757779321,0.3333333333,0.3333333333,0.6723509899
2026-07-05T13:12:27Z,20260705T131224Z,1466,0.7677204728,1.0000000000,0.9665245833,0.5000000000,0.5000000000,0.7602350349
2026-07-05T13:12:27Z,20260705T131224Z,1467,0.6666666667,1.0000000000,0.9526695251,0.3333333333,0.3333333333,0.6738672384
2026-07-05T13:12:27Z,20260705T131224Z,1468,0.6666666667,1.0000000000,0.9526695251,0.3333333333,0.3333333333,0.6738672384
2026-07-05T13:12:27Z,20260705T131224Z,1469,1.0000000000,1.0000000000,1.0000000000,1.0000000000,1.0000000000,1.0000000000
2026-07-05T13:12:27Z,20260705T131224Z,1470,0.6666666667,1.0000000000,0.9526695251,0.3333333333,0.3333333333,0.6738672384
2026-07-05T13:12:27Z,20260705T131224Z,1471,0.7295870522,1.0000000000,0.8177245854,0.5000000000,0.5000000000,0.7209416801
2026-07-05T13:12:27Z,20260705T131224Z,1472,0.8461736740,1.0000000000,0.8885978313,0.7500000000,0.7500000000,0.8517629848
2026-07-05T13:12:27Z,20260705T131224Z,1473,0.7869708545,1.0000000000,0.8990626916,0.7500000000,0.7500000000,0.8390552519
2026-07-05T13:12:27Z,20260705T131224Z,1474,0.8003084866,1.0000000000,0.9158158044,0.7500000000,0.7500000000,0.8457402825
2026-07-05T13:12:27Z,20260705T131224Z,1475,0.6385522430,1.0000000000,0.8847036206,0.4000000000,0.4000000000,0.6765787849
2026-07-05T13:12:27Z,20260705T131224Z,1476,0.6355981610,1.0000000000,0.2208582914,0.4000000000,0.4000000000,0.5430711985
2026-07-05T13:12:27Z,20260705T131224Z,1477,0.6683552816,1.0000000000,0.2212202608,0.5000000000,0.5000000000,0.5863328726
2026-07-05T13:12:27Z,20260705T131224Z,1478,0.9389292606,1.0000000000,0.9474775917,1.0000000000,1.0000000000,0.9742278335
2026-07-05T13:12:27Z,20260705T131224Z,1479,0.6820617591,1.0000000000,0.8948655417,0.5000000000,0.5000000000,0.7244885481
2026-07-05T13:12:27Z,20260705T131224Z,1480,0.7221149473,1.0000000000,0.9167411894,0.3333333333,0.3333333333,0.6805436414
2026-07-05T13:12:27Z,20260705T131224Z,1481,0.7677204728,1.0000000000,0.9665245833,0.5000000000,0.5000000000,0.7602350349
2026-07-05T13:12:27Z,20260705T131224Z,1482,0.7677204728,1.0000000000,0.9665245833,0.5000000000,0.5000000000,0.7602350349
2026-07-05T13:12:27Z,20260705T131224Z,1483,0.9999999953,1.0000000000,1.0000000000,1.0000000000,1.0000000000,0.9999999988
2026-07-05T13:12:27Z,20260705T131224Z,1484,0.7233498105,1.0000000000,0.9500849642,0.3333333333,0.3333333333,0.6875211121
2026-07-05T13:12:27Z,20260705T131224Z,1485,0.8048689313,1.0000000000,0.9646740990,0.6666666667,0.6666666667,0.8274853860
2026-07-05T13:12:27Z,20260705T131224Z,1486,0.8048689313,1.0000000000,0.9646740990,0.6666666667,0.6666666667,0.8274853860
2026-07-05T13:12:27Z,20260705T131224Z,1487,0.6257641301,1.0000000000,0.9137210992,0.2500000000,0.2500000000,0.6266852524
2026-07-05T13:12:27Z,20260705T131224Z,1488,0.7691695844,1.0000000000,0.8347158590,0.5000000000,0.5000000000,0.7342355679
2026-07-05T13:12:27Z,20260705T131224Z,1489,0.8645221980,1.0000000000,0.7782194862,0.7500000000,0.7500000000,0.8342744467
2026-07-05T13:12:27Z,20260705T131224Z,1490,0.7415433010,1.0000000000,0.5173497807,0.5000000000,0.5000000000,0.6638557814
2026-07-05T13:12:27Z,20260705T131224Z,1491,0.7496918975,1.0000000000,0.8192484236,0.5000000000,0.5000000000,0.7262726591
2026-07-05T13:12:27Z,20260705T131224Z,1492,0.9389292606,1.0000000000,0.6124641569,1.0000000000,1.0000000000,0.9072251465
2026-07-05T13:12:27Z,20260705T131224Z,1493,0.7496918975,1.0000000000,0.8908638641,0.5000000000,0.5000000000,0.7405957472
2026-07-05T13:12:27Z,20260705T131224Z,1494,0.9389292606,1.0000000000,0.5702265794,1.0000000000,1.0000000000,0.8987776310
2026-07-05T13:12:27Z,20260705T131224Z,1495,0.8308156933,1.0000000000,0.7305833490,0.6666666667,0.6666666667,0.7871539264
2026-07-05T13:12:27Z,20260705T131224Z,1496,0.8308156933,1.0000000000,0.6014864386,0.6666666667,0.6666666667,0.7613345444
2026-07-05T13:12:27Z,20260705T131224Z,1497,0.8178906433,1.0000000000,0.7761405268,0.6666666667,0.6666666667,0.7930340995
2026-07-05T13:12:27Z,20260705T131224Z,1498,1.0000000000,1.0000000000,0.7190225749,1.0000000000,1.0000000000,0.9438045150
2026-07-05T13:12:27Z,20260705T131224Z,1499,0.8308156933,1.0000000000,0.9069391514,0.6666666667,0.6666666667,0.8224250869
2026-07-05T13:12:27Z,20260705T131224Z,1500,0.8308156933,1.0000000000,0.9069391514,0.6666666667,0.6666666667,0.8224250869
2026-07-05T13:12:27Z,20260705T131224Z,1501,1.0000000000,1.0000000000,1.0000000000,1.0000000000,1.0000000000,1.0000000000
2026-07-05T13:12:27Z,20260705T131224Z,1502,0.8308156933,1.0000000000,0.9446321591,0.6666666667,0.6666666667,0.8299636885
2026-07-05T13:12:27Z,20260705T131224Z,1503,0.7778850527,1.0000000000,0.9185995894,0.6666666667,0.6666666667,0.8115245144
2026-07-05T13:12:27Z,20260705T131224Z,1504,1.0000000000,1.0000000000,0.9592467994,1.0000000000,1.0000000000,0.9918493599
2026-07-05T13:12:27Z,20260705T131224Z,1505,1.0000000000,1.0000000000,0.9063670109,1.0000000000,1.0000000000,0.9812734022
2026-07-05T13:12:27Z,20260705T131224Z,1506,1.0000000000,1.0000000000,0.9511254961,1.0000000000,1.0000000000,0.9902250992
2026-07-05T13:12:27Z,20260705T131224Z,1507,0.8048689313,1.0000000000,0.8743800403,0.6666666667,0.6666666667,0.8094265742
2026-07-05T13:12:27Z,20260705T131224Z,1508,0.7149010414,1.0000000000,0.7411238396,0.5000000000,0.5000000000,0.7019500283
2026-07-05T13:12:27Z,20260705T131224Z,1509,0.9694646303,1.0000000000,0.7969455369,1.0000000000,1.0000000000,0.9517552650
2026-07-05T13:12:27Z,20260705T131224Z,1510,0.8308156933,1.0000000000,0.9626244068,0.6666666667,0.6666666667,0.8335621380
2026-07-05T13:12:27Z,20260705T131224Z,1511,0.7677204728,1.0000000000,0.9295534250,0.5000000000,0.5000000000,0.7528408032
2026-07-05T13:12:27Z,20260705T131224Z,1512,0.7221149473,1.0000000000,0.9167411894,0.3333333333,0.3333333333,0.6805436414
2026-07-05T13:12:27Z,20260705T131224Z,1513,0.6775242385,1.0000000000,0.5561575011,0.4000000000,0.4000000000,0.6206125598
2026-07-05T13:12:27Z,20260705T131224Z,1514,0.7002216302,1.0000000000,0.5212364096,0.2500000000,0.2500000000,0.5668026895
2026-07-05T13:12:27Z,20260705T131224Z,1515,0.7002216302,1.0000000000,0.7442052596,0.2500000000,0.2500000000,0.6113964595
2026-07-05T13:12:27Z,20260705T131224Z,1516,0.8224757615,1.0000000000,0.8035303561,0.7500000000,0.7500000000,0.8288250116
2026-07-05T13:12:27Z,20260705T131224Z,1517,0.7221149473,1.0000000000,0.9167411894,0.3333333333,0.3333333333,0.6805436414
2026-07-05T13:12:27Z,20260705T131224Z,1518,0.7221149473,1.0000000000,0.8031614184,0.3333333333,0.3333333333,0.6578276872
2026-07-05T13:12:27Z,20260705T131224Z,1519,0.7778850527,1.0000000000,0.8157617785,0.6666666667,0.6666666667,0.7909569522
2026-07-05T13:12:27Z,20260705T131224Z,1520,0.6666666667,1.0000000000,0.9526695251,0.3333333333,0.3333333333,0.6738672384
2026-07-05T13:12:27Z,20260705T131224Z,1521,0.7677204728,1.0000000000,0.9665245833,0.5000000000,0.5000000000,0.7602350349
2026-07-05T13:12:27Z,20260705T131224Z,1522,0.7677204728,1.0000000000,0.9295534250,0.5000000000,0.5000000000,0.7528408032
2026-07-05T13:12:27Z,20260705T131224Z,1523,0.7677204728,1.0000000000,0.9295534250,0.5000000000,0.5000000000,0.7528408032
2026-07-05T13:12:27Z,20260705T131224Z,1524,0.7677204728,1.0000000000,0.8440417392,0.5000000000,0.5000000000,0.7357384660
2026-07-05T13:12:27Z,20260705T131224Z,1525,1.0000000000,1.0000000000,0.9144883142,1.0000000000,1.0000000000,0.9828976628
2026-07-05T13:12:27Z,20260705T131224Z,1526,0.8308156933,1.0000000000,0.9626244068,0.6666666667,0.6666666667,0.8335621380
2026-07-05T13:12:27Z,20260705T131224Z,1527,0.7778850527,1.0000000000,0.9254705402,0.6666666667,0.6666666667,0.8128987046
2026-07-05T13:12:27Z,20260705T131224Z,1528,0.7778850527,1.0000000000,0.9254705402,0.6666666667,0.6666666667,0.8128987046
2026-07-05T13:12:27Z,20260705T131224Z,1529,0.6251540513,1.0000000000,0.9102991883,0.2500000000,0.2500000000,0.6258483505
2026-07-05T13:12:27Z,20260705T131224Z,1530,0.7677204728,1.0000000000,0.9665245833,0.5000000000,0.5000000000,0.7602350349
2026-07-05T13:12:27Z,20260705T131224Z,1531,0.9999999953,1.0000000000,1.0000000000,1.0000000000,1.0000000000,0.9999999988
2026-07-05T13:12:27Z,20260705T131224Z,1532,0.9999999953,1.0000000000,1.0000000000,1.0000000000,1.0000000000,0.9999999988
2026-07-05T13:12:27Z,20260705T131224Z,1533,0.9999999953,1.0000000000,1.0000000000,1.0000000000,1.0000000000,0.9999999988
2026-07-05T13:12:27Z,20260705T131224Z,1534,0.7677204728,1.0000000000,0.9665245833,0.5000000000,0.5000000000,0.7602350349
2026-07-05T13:12:27Z,20260705T131224Z,1535,1.0000000000,1.0000000000,0.8286426520,1.0000000000,1.0000000000,0.9657285304
2026-07-05T13:12:27Z,20260705T131224Z,1536,1.0000000000,1.0000000000,0.8286426520,1.0000000000,1.0000000000,0.9657285304
2026-07-05T13:12:27Z,20260705T131224Z,1537,0.7677204728,1.0000000000,0.9665245833,0.5000000000,0.5000000000,0.7602350349
2026-07-05T13:12:27Z,20260705T131224Z,1538,0.7221149473,1.0000000000,0.9167411894,0.3333333333,0.3333333333,0.6805436414
2026-07-05T13:12:27Z,20260705T131224Z,1539,0.8308156933,1.0000000000,0.9478320785,0.6666666667,0.6666666667,0.8306036723
2026-07-05T13:12:27Z,20260705T131224Z,1540,0.7248934060,1.0000000000,0.4020641093,0.6666666667,0.6666666667,0.6949695067
2026-07-05T13:12:27Z,20260705T131224Z,1541,0.7944092125,1.0000000000,0.4833658430,0.6000000000,0.6000000000,0.7052754717
2026-07-05T13:12:27Z,20260705T131224Z,1542,0.7006776931,1.0000000000,0.8967929107,0.4000000000,0.4000000000,0.6945280054
2026-07-05T13:12:27Z,20260705T131224Z,1543,0.7295870522,1.0000000000,0.8677146913,0.5000000000,0.5000000000,0.7309397013
2026-07-05T13:12:27Z,20260705T131224Z,1544,0.6519264212,1.0000000000,0.1251253060,0.2500000000,0.2500000000,0.4755066665
2026-07-05T13:12:27Z,20260705T131224Z,1545,0.6968385816,1.0000000000,0.2048327647,0.5000000000,0.5000000000,0.5901761983
2026-07-05T13:12:27Z,20260705T131224Z,1546,0.7677204728,1.0000000000,0.7951672353,0.5000000000,0.5000000000,0.7259635653
2026-07-05T13:12:27Z,20260705T131224Z,1547,0.7677204728,1.0000000000,0.9295534250,0.5000000000,0.5000000000,0.7528408032
2026-07-05T13:12:27Z,20260705T131224Z,1548,0.7677204728,1.0000000000,0.9295534250,0.5000000000,0.5000000000,0.7528408032
2026-07-05T13:12:27Z,20260705T131224Z,1549,0.9999999953,1.0000000000,1.0000000000,1.0000000000,1.0000000000,0.9999999988
2026-07-05T13:12:27Z,20260705T131224Z,1550,0.9999999953,1.0000000000,1.0000000000,1.0000000000,1.0000000000,0.9999999988
2026-07-05T13:12:27Z,20260705T131224Z,1551,0.9999999953,1.0000000000,1.0000000000,1.0000000000,1.0000000000,0.9999999988
2026-07-05T13:12:27Z,20260705T131224Z,1552,0.9999999953,1.0000000000,1.0000000000,1.0000000000,1.0000000000,0.9999999988
2026-07-05T13:12:27Z,20260705T131224Z,1553,0.7677204728,1.0000000000,0.9665245833,0.5000000000,0.5000000000,0.7602350349
2026-07-05T13:12:27Z,20260705T131224Z,1554,0.6666666667,1.0000000000,0.9220336936,0.3333333333,0.3333333333,0.6677400721
2026-07-05T13:12:27Z,20260705T131224Z,1555,1.0000000000,1.0000000000,0.9999999905,1.0000000000,1.0000000000,0.9999999981
2026-07-05T13:12:27Z,20260705T131224Z,1556,0.7691695844,1.0000000000,0.8347158590,0.5000000000,0.5000000000,0.7342355679
2026-07-05T13:12:27Z,20260705T131224Z,1557,0.9156767837,1.0000000000,0.8795540775,1.0000000000,1.0000000000,0.9548300114
2026-07-05T13:12:27Z,20260705T131224Z,1558,0.7011185094,1.0000000000,0.8743340836,0.2500000000,0.2500000000,0.6376464441
2026-07-05T13:12:27Z,20260705T131224Z,1559,0.7233498105,1.0000000000,0.9500849642,0.3333333333,0.3333333333,0.6875211121
2026-07-05T13:12:27Z,20260705T131224Z,1560,0.5800528066,1.0000000000,0.9029983851,0.2000000000,0.2000000000,0.5956128787
2026-07-05T13:12:27Z,20260705T131224Z,1561,0.6251540513,1.0000000000,0.7298335551,0.2500000000,0.2500000000,0.5897552238
2026-07-05T13:12:27Z,20260705T131224Z,1562,0.6666666667,1.0000000000,0.5542996626,0.3333333333,0.3333333333,0.5941932659
2026-07-05T13:12:27Z,20260705T131224Z,1563,1.0000000000,1.0000000000,0.6961124913,1.0000000000,1.0000000000,0.9392224983
2026-07-05T13:12:27Z,20260705T131224Z,1564,0.6666666667,1.0000000000,0.9220336936,0.3333333333,0.3333333333,0.6677400721
2026-07-05T13:12:27Z,20260705T131224Z,1565,0.7677204728,1.0000000000,0.9665245833,0.5000000000,0.5000000000,0.7602350349
2026-07-05T13:12:27Z,20260705T131224Z,1566,0.9999999953,1.0000000000,1.0000000000,1.0000000000,1.0000000000,0.9999999988
2026-07-05T13:12:27Z,20260705T131224Z,1567,0.7677204728,1.0000000000,0.9665245833,0.5000000000,0.5000000000,0.7602350349
2026-07-05T13:12:27Z,20260705T131224Z,1568,1.0000000000,1.0000000000,1.0000000000,1.0000000000,1.0000000000,1.0000000000
2026-07-05T13:12:27Z,20260705T131224Z,1569,0.7677204728,1.0000000000,0.9665245833,0.5000000000,0.5000000000,0.7602350349
2026-07-05T13:12:27Z,20260705T131224Z,1570,0.7677204728,1.0000000000,0.8440417392,0.5000000000,0.5000000000,0.7357384660
2026-07-05T13:12:27Z,20260705T131224Z,1571,1.0000000000,1.0000000000,0.9552415148,1.0000000000,1.0000000000,0.9910483030
2026-07-05T13:12:27Z,20260705T131224Z,1572,0.7525263750,1.0000000000,0.9093608425,0.5000000000,0.5000000000,0.7450037623
2026-07-05T13:12:27Z,20260705T131224Z,1573,0.7525263750,1.0000000000,0.9471067961,0.5000000000,0.5000000000,0.7525529530
2026-07-05T13:12:27Z,20260705T131224Z,1574,0.6251540513,1.0000000000,0.9102991883,0.2500000000,0.2500000000,0.6258483505
2026-07-05T13:12:27Z,20260705T131224Z,1575,0.7221149473,1.0000000000,0.9167411894,0.3333333333,0.3333333333,0.6805436414
2026-07-05T13:12:27Z,20260705T131224Z,1576,0.7677204728,1.0000000000,0.9665245833,0.5000000000,0.5000000000,0.7602350349
2026-07-05T13:12:27Z,20260705T131224Z,1577,0.7677204728,1.0000000000,0.9665245833,0.5000000000,0.5000000000,0.7602350349
2026-07-05T13:12:27Z,20260705T131224Z,1578,0.9999999953,1.0000000000,1.0000000000,1.0000000000,1.0000000000,0.9999999988
2026-07-05T13:12:27Z,20260705T131224Z,1579,0.9999999953,1.0000000000,1.0000000000,1.0000000000,1.0000000000,0.9999999988
2026-07-05T13:12:27Z,20260705T131224Z,1580,0.9999999953,1.0000000000,1.0000000000,1.0000000000,1.0000000000,0.9999999988
2026-07-05T13:12:27Z,20260705T131224Z,1581,0.7677204728,1.0000000000,0.9295534250,0.5000000000,0.5000000000,0.7528408032
2026-07-05T13:12:27Z,20260705T131224Z,1582,0.6666666667,1.0000000000,0.9220336936,0.3333333333,0.3333333333,0.6677400721
2026-07-05T13:12:27Z,20260705T131224Z,1583,0.7677204728,1.0000000000,0.9665245833,0.5000000000,0.5000000000,0.7602350349
2026-07-05T13:12:27Z,20260705T131224Z,1584,0.7677204728,1.0000000000,0.8440417392,0.5000000000,0.5000000000,0.7357384660
2026-07-05T13:12:27Z,20260705T131224Z,1585,1.0000000000,1.0000000000,0.9552415148,1.0000000000,1.0000000000,0.9910483030
2026-07-05T13:12:27Z,20260705T131224Z,1586,1.0000000000,1.0000000000,0.9222756411,1.0000000000,1.0000000000,0.9844551282
2026-07-05T13:12:27Z,20260705T131224Z,1587,1.0000000000,1.0000000000,1.0000000000,1.0000000000,1.0000000000,1.0000000000
2026-07-05T13:12:27Z,20260705T131224Z,1588,0.7778850527,1.0000000000,0.9254705402,0.6666666667,0.6666666667,0.8128987046
2026-07-05T13:12:27Z,20260705T131224Z,1589,0.7221149473,1.0000000000,0.9167411894,0.3333333333,0.3333333333,0.6805436414
2026-07-05T13:12:27Z,20260705T131224Z,1590,0.7677204728,1.0000000000,0.7422378832,0.5000000000,0.5000000000,0.7153776948
2026-07-05T13:12:27Z,20260705T131224Z,1591,0.7677204728,1.0000000000,0.7422378832,0.5000000000,0.5000000000,0.7153776948
2026-07-05T13:12:27Z,20260705T131224Z,1592,0.7677204728,1.0000000000,0.9665245833,0.5000000000,0.5000000000,0.7602350349
2026-07-05T13:12:27Z,20260705T131224Z,1593,0.6666666667,1.0000000000,0.7925436939,0.3333333333,0.3333333333,0.6418420721
2026-07-05T13:12:27Z,20260705T131224Z,1594,0.9291181088,1.0000000000,0.4625948815,1.0000000000,1.0000000000,0.8747985035
2026-07-05T13:12:27Z,20260705T131224Z,1595,0.6968385816,1.0000000000,0.2577621168,0.5000000000,0.5000000000,0.6007620688
2026-07-05T13:12:27Z,20260705T131224Z,1596,0.9999999953,1.0000000000,1.0000000000,1.0000000000,1.0000000000,0.9999999988
2026-07-05T13:12:27Z,20260705T131224Z,1597,0.7677204728,1.0000000000,0.7951672353,0.5000000000,0.5000000000,0.7259635653
2026-07-05T13:12:27Z,20260705T131224Z,1598,1.0000000000,1.0000000000,0.8286426520,1.0000000000,1.0000000000,0.9657285304
2026-07-05T13:12:27Z,20260705T131224Z,1599,0.7677204728,1.0000000000,0.9665245833,0.5000000000,0.5000000000,0.7602350349
2026-07-05T13:12:27Z,20260705T131224Z,1600,0.7002216302,1.0000000000,0.5670062929,0.2500000000,0.2500000000,0.5759566661
2026-07-05T13:12:27Z,20260705T131224Z,1601,0.7475513658,1.0000000000,0.6020283291,0.5000000000,0.5000000000,0.6822935073
2026-07-05T13:12:27Z,20260705T131224Z,1602,1.0000000000,1.0000000000,0.9630288418,1.0000000000,1.0000000000,0.9926057684
2026-07-05T13:12:27Z,20260705T131224Z,1603,1.0000000000,1.0000000000,1.0000000000,1.0000000000,1.0000000000,1.0000000000
2026-07-05T13:12:27Z,20260705T131224Z,1604,1.0000000000,1.0000000000,1.0000000000,1.0000000000,1.0000000000,1.0000000000
2026-07-05T13:12:27Z,20260705T131224Z,1605,0.6666666667,1.0000000000,0.9526695251,0.3333333333,0.3333333333,0.6738672384
2026-07-05T13:12:27Z,20260705T131224Z,1606,0.7677204728,1.0000000000,0.9665245833,0.5000000000,0.5000000000,0.7602350349
2026-07-05T13:12:27Z,20260705T131224Z,1607,0.9999999953,1.0000000000,1.0000000000,1.0000000000,1.0000000000,0.9999999988
2026-07-05T13:12:27Z,20260705T131224Z,1608,0.9999999953,1.0000000000,1.0000000000,1.0000000000,1.0000000000,0.9999999988
2026-07-05T13:12:27Z,20260705T131224Z,1609,0.7677204728,1.0000000000,0.9665245833,0.5000000000,0.5000000000,0.7602350349
2026-07-05T13:12:27Z,20260705T131224Z,1610,0.7677204728,1.0000000000,0.9665245833,0.5000000000,0.5000000000,0.7602350349
2026-07-05T13:12:27Z,20260705T131224Z,1611,0.9999999953,1.0000000000,1.0000000000,1.0000000000,1.0000000000,0.9999999988
2026-07-05T13:12:27Z,20260705T131224Z,1612,0.9999999953,1.0000000000,1.0000000000,1.0000000000,1.0000000000,0.9999999988
2026-07-05T13:12:27Z,20260705T131224Z,1613,0.9999999953,1.0000000000,1.0000000000,1.0000000000,1.0000000000,0.9999999988
2026-07-05T13:12:27Z,20260705T131224Z,1614,0.7221149473,1.0000000000,0.9167411894,0.3333333333,0.3333333333,0.6805436414
2026-07-05T13:12:27Z,20260705T131224Z,1615,0.8308156933,1.0000000000,0.9105614780,0.6666666667,0.6666666667,0.8231495523
2026-07-05T13:12:27Z,20260705T131224Z,1616,0.8048689313,1.0000000000,0.8743800403,0.6666666667,0.6666666667,0.8094265742
2026-07-05T13:12:27Z,20260705T131224Z,1617,0.6972020364,1.0000000000,0.7230085668,0.5000000000,0.5000000000,0.6939022225
2026-07-05T13:12:27Z,20260705T131224Z,1618,0.6972020364,1.0000000000,0.7230085668,0.5000000000,0.5000000000,0.6939022225
2026-07-05T13:12:27Z,20260705T131224Z,1619,0.8403704676,1.0000000000,0.9410205382,0.7500000000,0.7500000000,0.8607967245
2026-07-05T13:12:27Z,20260705T131224Z,1620,0.7011185094,1.0000000000,0.9032887910,0.2500000000,0.2500000000,0.6434373856
2026-07-05T13:12:27Z,20260705T131224Z,1621,0.9999999953,1.0000000000,1.0000000000,1.0000000000,1.0000000000,0.9999999988
2026-07-05T13:12:27Z,20260705T131224Z,1622,0.7677204728,1.0000000000,0.9665245833,0.5000000000,0.5000000000,0.7602350349
2026-07-05T13:12:27Z,20260705T131224Z,1623,1.0000000000,1.0000000000,1.0000000000,1.0000000000,1.0000000000,1.0000000000
2026-07-05T13:12:27Z,20260705T131224Z,1624,1.0000000000,1.0000000000,1.0000000000,1.0000000000,1.0000000000,1.0000000000
2026-07-05T13:12:27Z,20260705T131224Z,1625,1.0000000000,1.0000000000,1.0000000000,1.0000000000,1.0000000000,1.0000000000
2026-07-05T13:12:27Z,20260705T131224Z,1626,0.7677204728,1.0000000000,0.9665245833,0.5000000000,0.5000000000,0.7602350349
2026-07-05T13:12:27Z,20260705T131224Z,1627,0.7677204728,1.0000000000,0.9665245833,0.5000000000,0.5000000000,0.7602350349
2026-07-05T13:12:27Z,20260705T131224Z,1628,0.6666666667,1.0000000000,0.9526695251,0.3333333333,0.3333333333,0.6738672384
2026-07-05T13:12:27Z,20260705T131224Z,1629,0.6257641301,1.0000000000,0.8837390990,0.2500000000,0.2500000000,0.6206888523
2026-07-05T13:12:27Z,20260705T131224Z,1630,0.7745830086,1.0000000000,0.6849945870,0.7500000000,0.7500000000,0.7931446695
2026-07-05T13:12:27Z,20260705T131224Z,1631,0.7182627872,1.0000000000,0.6829877583,0.6000000000,0.6000000000,0.7261632485
2026-07-05T13:12:27Z,20260705T131224Z,1632,0.8461736740,1.0000000000,0.9603107608,0.7500000000,0.7500000000,0.8661055706
2026-07-05T13:12:27Z,20260705T131224Z,1633,0.6251540513,1.0000000000,0.8910669939,0.2500000000,0.2500000000,0.6220019116
2026-07-05T13:12:27Z,20260705T131224Z,1634,0.8308156933,1.0000000000,0.9384884944,0.6666666667,0.6666666667,0.8287349555
2026-07-05T13:12:27Z,20260705T131224Z,1635,0.7221149473,1.0000000000,0.8757779321,0.3333333333,0.3333333333,0.6723509899
2026-07-05T13:12:27Z,20260705T131224Z,1636,0.7221149473,1.0000000000,0.8498246549,0.3333333333,0.3333333333,0.6671603345
2026-07-05T13:12:27Z,20260705T131224Z,1637,0.7221149473,1.0000000000,0.8498246549,0.3333333333,0.3333333333,0.6671603345
2026-07-05T13:12:27Z,20260705T131224Z,1638,0.9999999953,1.0000000000,1.0000000000,1.0000000000,1.0000000000,0.9999999988
2026-07-05T13:12:27Z,20260705T131224Z,1639,0.9999999953,1.0000000000,1.0000000000,1.0000000000,1.0000000000,0.9999999988
2026-07-05T13:12:27Z,20260705T131224Z,1640,0.9999999953,1.0000000000,1.0000000000,1.0000000000,1.0000000000,0.9999999988
2026-07-05T13:12:27Z,20260705T131224Z,1641,0.7677204728,1.0000000000,0.9295534250,0.5000000000,0.5000000000,0.7528408032
2026-07-05T13:12:27Z,20260705T131224Z,1642,0.7677204728,1.0000000000,0.9295534250,0.5000000000,0.5000000000,0.7528408032
2026-07-05T13:12:27Z,20260705T131224Z,1643,0.7677204728,1.0000000000,0.9665245833,0.5000000000,0.5000000000,0.7602350349
2026-07-05T13:12:27Z,20260705T131224Z,1644,0.6666666667,1.0000000000,0.9220336936,0.3333333333,0.3333333333,0.6677400721
2026-07-05T13:12:27Z,20260705T131224Z,1645,1.0000000000,1.0000000000,0.9999999905,1.0000000000,1.0000000000,0.9999999981
2026-07-05T13:12:27Z,20260705T131224Z,1646,1.0000000000,1.0000000000,0.9592467994,1.0000000000,1.0000000000,0.9918493599
2026-07-05T13:12:27Z,20260705T131224Z,1647,1.0000000000,1.0000000000,0.9222756411,1.0000000000,1.0000000000,0.9844551282
2026-07-05T13:12:27Z,20260705T131224Z,1648,0.8048689313,1.0000000000,0.9646740990,0.6666666667,0.6666666667,0.8274853860
2026-07-05T13:12:27Z,20260705T131224Z,1649,0.6257641301,1.0000000000,0.9399182504,0.2500000000,0.2500000000,0.6319246826
2026-07-05T13:12:27Z,20260705T131224Z,1650,0.7677204728,1.0000000000,0.9665245833,0.5000000000,0.5000000000,0.7602350349
2026-07-05T13:12:27Z,20260705T131224Z,1651,0.7677204728,1.0000000000,0.9665245833,0.5000000000,0.5000000000,0.7602350349
2026-07-05T13:12:27Z,20260705T131224Z,1652,0.7677204728,1.0000000000,0.9665245833,0.5000000000,0.5000000000,0.7602350349
2026-07-05T13:12:27Z,20260705T131224Z,1653,0.7677204728,1.0000000000,0.9665245833,0.5000000000,0.5000000000,0.7602350349
2026-07-05T13:12:27Z,20260705T131224Z,1654,0.7677204728,1.0000000000,0.9665245833,0.5000000000,0.5000000000,0.7602350349
2026-07-05T13:12:27Z,20260705T131224Z,1655,0.6968385816,1.0000000000,0.3743340836,0.5000000000,0.5000000000,0.6240764621
2026-07-05T13:12:27Z,20260705T131224Z,1656,0.6186566985,1.0000000000,0.3737476522,0.3333333333,0.3333333333,0.5460803717
2026-07-05T13:12:27Z,20260705T131224Z,1657,1.0000000000,1.0000000000,0.9630288418,1.0000000000,1.0000000000,0.9926057684
2026-07-05T13:12:27Z,20260705T131224Z,1658,0.7677204728,1.0000000000,0.9295534250,0.5000000000,0.5000000000,0.7528408032
2026-07-05T13:12:27Z,20260705T131224Z,1659,0.7677204728,1.0000000000,0.8440417392,0.5000000000,0.5000000000,0.7357384660
2026-07-05T13:12:27Z,20260705T131224Z,1660,1.0000000000,1.0000000000,0.9144883142,1.0000000000,1.0000000000,0.9828976628
2026-07-05T13:12:27Z,20260705T131224Z,1661,1.0000000000,1.0000000000,0.9630288418,1.0000000000,1.0000000000,0.9926057684
2026-07-05T13:12:27Z,20260705T131224Z,1662,0.8048689313,1.0000000000,0.9646740990,0.6666666667,0.6666666667,0.8274853860
2026-07-05T13:12:27Z,20260705T131224Z,1663,0.9694646303,1.0000000000,0.9607964412,1.0000000000,1.0000000000,0.9845254458
2026-07-05T13:12:27Z,20260705T131224Z,1664,0.8308156933,1.0000000000,0.9626244068,0.6666666667,0.6666666667,0.8335621380
2026-07-05T13:12:27Z,20260705T131224Z,1665,0.7677204728,1.0000000000,0.9295534250,0.5000000000,0.5000000000,0.7528408032
2026-07-05T13:12:27Z,20260705T131224Z,1666,0.7677204728,1.0000000000,0.9665245833,0.5000000000,0.5000000000,0.7602350349
2026-07-05T13:12:27Z,20260705T131224Z,1667,0.7677204728,1.0000000000,0.9665245833,0.5000000000,0.5000000000,0.7602350349
2026-07-05T13:12:27Z,20260705T131224Z,1668,0.7677204728,1.0000000000,0.9665245833,0.5000000000,0.5000000000,0.7602350349
2026-07-05T13:12:27Z,20260705T131224Z,1669,1.0000000000,1.0000000000,1.0000000000,1.0000000000,1.0000000000,1.0000000000
2026-07-05T13:12:27Z,20260705T131224Z,1670,0.6666666667,1.0000000000,0.9526695251,0.3333333333,0.3333333333,0.6738672384
2026-07-05T13:12:27Z,20260705T131224Z,1671,0.7778850527,1.0000000000,0.9254705402,0.6666666667,0.6666666667,0.8128987046
2026-07-05T13:12:27Z,20260705T131224Z,1672,0.7221149473,1.0000000000,0.9167411894,0.3333333333,0.3333333333,0.6805436414
2026-07-05T13:12:27Z,20260705T131224Z,1673,0.7677204728,1.0000000000,0.9295534250,0.5000000000,0.5000000000,0.7528408032
2026-07-05T13:12:27Z,20260705T131224Z,1674,0.6251540513,1.0000000000,0.8155921466,0.2500000000,0.2500000000,0.6069069421
2026-07-05T13:12:27Z,20260705T131224Z,1675,0.8308156933,1.0000000000,0.8961891502,0.6666666667,0.6666666667,0.8202750867
2026-07-05T13:12:27Z,20260705T131224Z,1676,1.0000000000,1.0000000000,0.9999999905,1.0000000000,1.0000000000,0.9999999981
2026-07-05T13:12:27Z,20260705T131224Z,1677,0.6666666667,1.0000000000,0.9220336936,0.3333333333,0.3333333333,0.6677400721
2026-07-05T13:12:27Z,20260705T131224Z,1678,0.7525263750,1.0000000000,0.9471067961,0.5000000000,0.5000000000,0.7525529530
2026-07-05T13:12:27Z,20260705T131224Z,1679,0.7525263750,1.0000000000,0.9471067961,0.5000000000,0.5000000000,0.7525529530
2026-07-05T13:12:27Z,20260705T131224Z,1680,0.7677204728,1.0000000000,0.9665245833,0.5000000000,0.5000000000,0.7602350349
2026-07-05T13:12:27Z,20260705T131224Z,1681,0.7677204728,1.0000000000,0.9665245833,0.5000000000,0.5000000000,0.7602350349
2026-07-05T13:12:27Z,20260705T131224Z,1682,0.7677204728,1.0000000000,0.9665245833,0.5000000000,0.5000000000,0.7602350349
2026-07-05T13:12:27Z,20260705T131224Z,1683,0.7677204728,1.0000000000,0.9665245833,0.5000000000,0.5000000000,0.7602350349
2026-07-05T13:12:27Z,20260705T131224Z,1684,0.7677204728,1.0000000000,0.9665245833,0.5000000000,0.5000000000,0.7602350349
2026-07-05T13:12:27Z,20260705T131224Z,1685,0.9999999953,1.0000000000,1.0000000000,1.0000000000,1.0000000000,0.9999999988
2026-07-05T13:12:27Z,20260705T131224Z,1686,0.7677204728,1.0000000000,0.9665245833,0.5000000000,0.5000000000,0.7602350349
2026-07-05T13:12:27Z,20260705T131224Z,1687,0.7677204728,1.0000000000,0.9665245833,0.5000000000,0.5000000000,0.7602350349
2026-07-05T13:12:27Z,20260705T131224Z,1688,0.7677204728,1.0000000000,0.8440417392,0.5000000000,0.5000000000,0.7357384660
2026-07-05T13:12:27Z,20260705T131224Z,1689,1.0000000000,1.0000000000,0.9144883142,1.0000000000,1.0000000000,0.9828976628
2026-07-05T13:12:27Z,20260705T131224Z,1690,1.0000000000,1.0000000000,0.9999999905,1.0000000000,1.0000000000,0.9999999981
2026-07-05T13:12:27Z,20260705T131224Z,1691,0.7677204728,1.0000000000,0.9295534250,0.5000000000,0.5000000000,0.7528408032
2026-07-05T13:12:27Z,20260705T131224Z,1692,0.7233498105,1.0000000000,0.9500849642,0.3333333333,0.3333333333,0.6875211121
2026-07-05T13:12:27Z,20260705T131224Z,1693,0.6257641301,1.0000000000,0.9399182504,0.2500000000,0.2500000000,0.6319246826
2026-07-05T13:12:27Z,20260705T131224Z,1694,0.7677204728,1.0000000000,0.9665245833,0.5000000000,0.5000000000,0.7602350349
2026-07-05T13:12:27Z,20260705T131224Z,1695,0.7677204728,1.0000000000,0.7951672353,0.5000000000,0.5000000000,0.7259635653
2026-07-05T13:12:27Z,20260705T131224Z,1696,0.7677204728,1.0000000000,0.7951672353,0.5000000000,0.5000000000,0.7259635653
2026-07-05T13:12:27Z,20260705T131224Z,1697,0.7233498105,1.0000000000,0.9500849642,0.3333333333,0.3333333333,0.6875211121
2026-07-05T13:12:27Z,20260705T131224Z,1698,0.8048689313,1.0000000000,0.8269519658,0.6666666667,0.6666666667,0.7999409593
2026-07-05T13:12:27Z,20260705T131224Z,1699,0.7677204728,1.0000000000,0.7951672353,0.5000000000,0.5000000000,0.7259635653
2026-07-05T13:12:27Z,20260705T131224Z,1700,0.9999999953,1.0000000000,1.0000000000,1.0000000000,1.0000000000,0.9999999988
2026-07-05T13:12:27Z,20260705T131224Z,1701,0.9999999953,1.0000000000,1.0000000000,1.0000000000,1.0000000000,0.9999999988
2026-07-05T13:12:27Z,20260705T131224Z,1702,0.9999999953,1.0000000000,1.0000000000,1.0000000000,1.0000000000,0.9999999988
2026-07-05T13:12:27Z,20260705T131224Z,1703,0.7221149473,1.0000000000,0.8292275133,0.3333333333,0.3333333333,0.6630409061
2026-07-05T13:12:27Z,20260705T131224Z,1704,1.0000000000,1.0000000000,0.9087421033,1.0000000000,1.0000000000,0.9817484207
2026-07-05T13:12:27Z,20260705T131224Z,1705,0.8308156933,1.0000000000,0.9626244068,0.6666666667,0.6666666667,0.8335621380
2026-07-05T13:12:27Z,20260705T131224Z,1706,0.7677204728,1.0000000000,0.9295534250,0.5000000000,0.5000000000,0.7528408032
2026-07-05T13:12:27Z,20260705T131224Z,1707,0.7002216302,1.0000000000,0.5791668483,0.2500000000,0.2500000000,0.5783887772
2026-07-05T13:12:27Z,20260705T131224Z,1708,0.6262925536,1.0000000000,0.5827983292,0.4000000000,0.4000000000,0.6131328042
2026-07-05T13:12:27Z,20260705T131224Z,1709,0.7221149473,1.0000000000,0.9167411894,0.3333333333,0.3333333333,0.6805436414
2026-07-05T13:12:27Z,20260705T131224Z,1710,0.7221149473,1.0000000000,0.8498246549,0.3333333333,0.3333333333,0.6671603345
2026-07-05T13:12:27Z,20260705T131224Z,1711,0.6251540513,1.0000000000,0.8462067276,0.2500000000,0.2500000000,0.6130298583
2026-07-05T13:12:27Z,20260705T131224Z,1712,0.7677204728,1.0000000000,0.9665245833,0.5000000000,0.5000000000,0.7602350349
2026-07-05T13:12:27Z,20260705T131224Z,1713,0.9999999953,1.0000000000,1.0000000000,1.0000000000,1.0000000000,0.9999999988
2026-07-05T13:12:27Z,20260705T131224Z,1714,0.9999999953,1.0000000000,1.0000000000,1.0000000000,1.0000000000,0.9999999988
2026-07-05T13:12:27Z,20260705T131224Z,1715,0.7677204728,1.0000000000,0.8440417392,0.5000000000,0.5000000000,0.7357384660
2026-07-05T13:12:27Z,20260705T131224Z,1716,0.8178906433,1.0000000000,0.5542194617,0.6666666667,0.6666666667,0.7486498865
2026-07-05T13:12:27Z,20260705T131224Z,1717,0.6683552816,1.0000000000,0.3905992572,0.5000000000,0.5000000000,0.6202086718
2026-07-05T13:12:27Z,20260705T131224Z,1718,0.7221149473,1.0000000000,0.7776398117,0.3333333333,0.3333333333,0.6527233658
2026-07-05T13:12:27Z,20260705T131224Z,1719,0.7677204728,1.0000000000,0.8440417392,0.5000000000,0.5000000000,0.7357384660
2026-07-05T13:12:27Z,20260705T131224Z,1720,1.0000000000,1.0000000000,0.9552415148,1.0000000000,1.0000000000,0.9910483030
2026-07-05T13:12:27Z,20260705T131224Z,1721,1.0000000000,1.0000000000,0.9222756411,1.0000000000,1.0000000000,0.9844551282
2026-07-05T13:12:27Z,20260705T131224Z,1722,1.0000000000,1.0000000000,1.0000000000,1.0000000000,1.0000000000,1.0000000000
2026-07-05T13:12:27Z,20260705T131224Z,1723,0.8048689313,1.0000000000,0.9646740990,0.6666666667,0.6666666667,0.8274853860
2026-07-05T13:12:27Z,20260705T131224Z,1724,1.0000000000,1.0000000000,1.0000000000,1.0000000000,1.0000000000,1.0000000000
2026-07-05T13:12:27Z,20260705T131224Z,1725,0.7233498105,1.0000000000,0.9500849642,0.3333333333,0.3333333333,0.6875211121
2026-07-05T13:12:27Z,20260705T131224Z,1726,0.7677204728,1.0000000000,0.9665245833,0.5000000000,0.5000000000,0.7602350349
2026-07-05T13:12:27Z,20260705T131224Z,1727,0.7677204728,1.0000000000,0.9665245833,0.5000000000,0.5000000000,0.7602350349
2026-07-05T13:12:27Z,20260705T131224Z,1728,0.9999999953,1.0000000000,1.0000000000,1.0000000000,1.0000000000,0.9999999988
2026-07-05T13:12:27Z,20260705T131224Z,1729,0.9999999953,1.0000000000,1.0000000000,1.0000000000,1.0000000000,0.9999999988
2026-07-05T13:12:27Z,20260705T131224Z,1730,0.7233498105,1.0000000000,0.9500849642,0.3333333333,0.3333333333,0.6875211121
2026-07-05T13:12:27Z,20260705T131224Z,1731,0.7233498105,1.0000000000,0.9500849642,0.3333333333,0.3333333333,0.6875211121
2026-07-05T13:12:27Z,20260705T131224Z,1732,0.9999999953,1.0000000000,1.0000000000,1.0000000000,1.0000000000,0.9999999988
2026-07-05T13:12:27Z,20260705T131224Z,1733,0.7221149473,1.0000000000,0.9167411894,0.3333333333,0.3333333333,0.6805436414
2026-07-05T13:12:27Z,20260705T131224Z,1734,0.8308156933,1.0000000000,0.9478320785,0.6666666667,0.6666666667,0.8306036723
2026-07-05T13:12:27Z,20260705T131224Z,1735,1.0000000000,1.0000000000,0.9592467994,1.0000000000,1.0000000000,0.9918493599
2026-07-05T13:12:27Z,20260705T131224Z,1736,1.0000000000,1.0000000000,0.9630288418,1.0000000000,1.0000000000,0.9926057684
2026-07-05T13:12:27Z,20260705T131224Z,1737,0.8048689313,1.0000000000,0.9646740990,0.6666666667,0.6666666667,0.8274853860
2026-07-05T13:12:27Z,20260705T131224Z,1738,0.7233498105,1.0000000000,0.9500849642,0.3333333333,0.3333333333,0.6875211121
2026-07-05T13:12:27Z,20260705T131224Z,1739,0.9999999953,1.0000000000,1.0000000000,1.0000000000,1.0000000000,0.9999999988
2026-07-05T13:12:27Z,20260705T131224Z,1740,0.7677204728,1.0000000000,0.9665245833,0.5000000000,0.5000000000,0.7602350349
2026-07-05T13:12:27Z,20260705T131224Z,1741,0.7677204728,1.0000000000,0.9665245833,0.5000000000,0.5000000000,0.7602350349
2026-07-05T13:12:27Z,20260705T131224Z,1742,0.7677204728,1.0000000000,0.9295534250,0.5000000000,0.5000000000,0.7528408032
2026-07-05T13:12:27Z,20260705T131224Z,1743,0.6666666667,1.0000000000,0.9220336936,0.3333333333,0.3333333333,0.6677400721
2026-07-05T13:12:27Z,20260705T131224Z,1744,1.0000000000,1.0000000000,1.0000000000,1.0000000000,1.0000000000,1.0000000000
2026-07-05T13:12:27Z,20260705T131224Z,1745,0.7677204728,1.0000000000,0.9665245833,0.5000000000,0.5000000000,0.7602350349
2026-07-05T13:12:27Z,20260705T131224Z,1746,0.9999999953,1.0000000000,1.0000000000,1.0000000000,1.0000000000,0.9999999988
2026-07-05T13:12:27Z,20260705T131224Z,1747,0.7677204728,1.0000000000,0.9665245833,0.5000000000,0.5000000000,0.7602350349
2026-07-05T13:12:27Z,20260705T131224Z,1748,0.7778850527,1.0000000000,0.8342126435,0.6666666667,0.6666666667,0.7946471252
2026-07-05T13:12:27Z,20260705T131224Z,1749,1.0000000000,1.0000000000,0.9087421033,1.0000000000,1.0000000000,0.9817484207
2026-07-05T13:12:27Z,20260705T131224Z,1750,0.8202606934,1.0000000000,0.9474327708,0.7500000000,0.7500000000,0.8570517275
2026-07-05T13:12:27Z,20260705T131224Z,1751,0.6672130795,1.0000000000,0.9365319137,0.4000000000,0.4000000000,0.6941096526
2026-07-05T13:12:27Z,20260705T131224Z,1752,0.8048689313,1.0000000000,0.9646740990,0.6666666667,0.6666666667,0.8274853860
2026-07-05T13:12:27Z,20260705T131224Z,1753,0.6666666667,1.0000000000,0.9220336936,0.3333333333,0.3333333333,0.6677400721
2026-07-05T13:12:27Z,20260705T131224Z,1754,0.7677204728,1.0000000000,0.9295534250,0.5000000000,0.5000000000,0.7528408032
2026-07-05T13:12:27Z,20260705T131224Z,1755,0.7011185094,1.0000000000,0.6978931265,0.2500000000,0.2500000000,0.6023582527
2026-07-05T13:12:27Z,20260705T131224Z,1756,0.6512534889,1.0000000000,0.6998112150,0.4000000000,0.4000000000,0.6427756152
2026-07-05T13:12:27Z,20260705T131224Z,1757,0.8403704676,1.0000000000,0.9006112042,0.7500000000,0.7500000000,0.8527148577
2026-07-05T13:12:27Z,20260705T131224Z,1758,0.7011185094,1.0000000000,0.8614669463,0.2500000000,0.2500000000,0.6350730166
2026-07-05T13:12:27Z,20260705T131224Z,1759,0.7677204728,1.0000000000,0.9665245833,0.5000000000,0.5000000000,0.7602350349
2026-07-05T13:12:27Z,20260705T131224Z,1760,0.7677204728,1.0000000000,0.9665245833,0.5000000000,0.5000000000,0.7602350349
2026-07-05T13:12:27Z,20260705T131224Z,1761,0.7233498105,1.0000000000,0.9500849642,0.3333333333,0.3333333333,0.6875211121
2026-07-05T13:12:27Z,20260705T131224Z,1762,0.7233498105,1.0000000000,0.9500849642,0.3333333333,0.3333333333,0.6875211121
2026-07-05T13:12:27Z,20260705T131224Z,1763,0.7221149473,1.0000000000,0.7662498775,0.3333333333,0.3333333333,0.6504453790
2026-07-05T13:12:27Z,20260705T131224Z,1764,1.0000000000,1.0000000000,0.8876629929,1.0000000000,1.0000000000,0.9775325986
2026-07-05T13:12:27Z,20260705T131224Z,1765,0.7778850527,1.0000000000,0.7082484128,0.6666666667,0.6666666667,0.7694542791
2026-07-05T13:12:27Z,20260705T131224Z,1766,0.7295870522,1.0000000000,0.6969843481,0.5000000000,0.5000000000,0.6967936327
2026-07-05T13:12:27Z,20260705T131224Z,1767,0.7011185094,1.0000000000,0.6978931265,0.2500000000,0.2500000000,0.6023582527
2026-07-05T13:12:27Z,20260705T131224Z,1768,0.7221149473,1.0000000000,0.9167411894,0.3333333333,0.3333333333,0.6805436414
2026-07-05T13:12:27Z,20260705T131224Z,1769,0.7221149473,1.0000000000,0.9167411894,0.3333333333,0.3333333333,0.6805436414
2026-07-05T13:12:27Z,20260705T131224Z,1770,0.7233498105,1.0000000000,0.9500849642,0.3333333333,0.3333333333,0.6875211121
2026-07-05T13:12:27Z,20260705T131224Z,1771,0.7233498105,1.0000000000,0.9500849642,0.3333333333,0.3333333333,0.6875211121
2026-07-05T13:12:27Z,20260705T131224Z,1772,0.9999999953,1.0000000000,1.0000000000,1.0000000000,1.0000000000,0.9999999988
2026-07-05T13:12:27Z,20260705T131224Z,1773,0.7677204728,1.0000000000,0.9665245833,0.5000000000,0.5000000000,0.7602350349
2026-07-05T13:12:27Z,20260705T131224Z,1774,0.6666666667,1.0000000000,0.9526695251,0.3333333333,0.3333333333,0.6738672384
2026-07-05T13:12:27Z,20260705T131224Z,1775,1.0000000000,1.0000000000,0.8775171560,1.0000000000,1.0000000000,0.9755034312
2026-07-05T13:12:27Z,20260705T131224Z,1776,0.9645590544,1.0000000000,0.6559582608,1.0000000000,1.0000000000,0.9223314158
2026-07-05T13:12:27Z,20260705T131224Z,1777,0.9645590544,1.0000000000,0.7048327647,1.0000000000,1.0000000000,0.9321063165
2026-07-05T13:12:27Z,20260705T131224Z,1778,1.0000000000,1.0000000000,0.8286426520,1.0000000000,1.0000000000,0.9657285304
2026-07-05T13:12:27Z,20260705T131224Z,1779,0.6666666667,1.0000000000,0.9220336936,0.3333333333,0.3333333333,0.6677400721
2026-07-05T13:12:27Z,20260705T131224Z,1780,1.0000000000,1.0000000000,0.9592467994,1.0000000000,1.0000000000,0.9918493599
2026-07-05T13:12:27Z,20260705T131224Z,1781,0.7778850527,1.0000000000,0.8233155708,0.6666666667,0.6666666667,0.7924677107
2026-07-05T13:12:27Z,20260705T131224Z,1782,0.6972020364,1.0000000000,0.8130477723,0.5000000000,0.5000000000,0.7119100636
2026-07-05T13:12:27Z,20260705T131224Z,1783,0.6257641301,1.0000000000,0.6227422377,0.2500000000,0.2500000000,0.5684894801
2026-07-05T13:12:27Z,20260705T131224Z,1784,0.6251540513,1.0000000000,0.6175876087,0.2500000000,0.2500000000,0.5673060346
2026-07-05T13:12:27Z,20260705T131224Z,1785,0.5264342392,1.0000000000,0.0349755922,0.2000000000,0.2000000000,0.4086036782
2026-07-05T13:12:27Z,20260705T131224Z,1786,0.7216876901,1.0000000000,0.0496668119,0.6666666667,0.6666666667,0.6236886182
2026-07-05T13:12:27Z,20260705T131224Z,1787,0.6968385816,1.0000000000,0.4365489651,0.5000000000,0.5000000000,0.6365194384
2026-07-05T13:12:27Z,20260705T131224Z,1788,0.9999999953,1.0000000000,1.0000000000,1.0000000000,1.0000000000,0.9999999988
2026-07-05T13:12:27Z,20260705T131224Z,1789,0.9999999953,1.0000000000,1.0000000000,1.0000000000,1.0000000000,0.9999999988
2026-07-05T13:12:27Z,20260705T131224Z,1790,0.9999999953,1.0000000000,1.0000000000,1.0000000000,1.0000000000,0.9999999988
2026-07-05T13:12:27Z,20260705T131224Z,1791,0.9999999953,1.0000000000,1.0000000000,1.0000000000,1.0000000000,0.9999999988
2026-07-05T13:12:27Z,20260705T131224Z,1792,0.9999999953,1.0000000000,1.0000000000,1.0000000000,1.0000000000,0.9999999988
2026-07-05T13:12:27Z,20260705T131224Z,1793,0.9999999953,1.0000000000,1.0000000000,1.0000000000,1.0000000000,0.9999999988
2026-07-05T13:12:27Z,20260705T131224Z,1794,0.9999999953,1.0000000000,1.0000000000,1.0000000000,1.0000000000,0.9999999988
2026-07-05T13:12:27Z,20260705T131224Z,1795,0.9999999953,1.0000000000,1.0000000000,1.0000000000,1.0000000000,0.9999999988
2026-07-05T13:12:27Z,20260705T131224Z,1796,0.7677204728,1.0000000000,0.8440417392,0.5000000000,0.5000000000,0.7357384660
2026-07-05T13:12:27Z,20260705T131224Z,1797,1.0000000000,1.0000000000,0.9552415148,1.0000000000,1.0000000000,0.9910483030
2026-07-05T13:12:27Z,20260705T131224Z,1798,1.0000000000,1.0000000000,0.9222756411,1.0000000000,1.0000000000,0.9844551282
2026-07-05T13:12:27Z,20260705T131224Z,1799,0.7677204728,1.0000000000,0.9665245833,0.5000000000,0.5000000000,0.7602350349
2026-07-05T13:12:27Z,20260705T131224Z,1800,0.7221149473,1.0000000000,0.8498246549,0.3333333333,0.3333333333,0.6671603345
2026-07-05T13:12:27Z,20260705T131224Z,1801,0.7496918975,1.0000000000,0.8959948606,0.5000000000,0.5000000000,0.7416219465
2026-07-05T13:12:27Z,20260705T131224Z,1802,0.7221149473,1.0000000000,0.9167411894,0.3333333333,0.3333333333,0.6805436414
2026-07-05T13:12:27Z,20260705T131224Z,1803,0.7677204728,1.0000000000,0.9295534250,0.5000000000,0.5000000000,0.7528408032
2026-07-05T13:12:27Z,20260705T131224Z,1804,0.7677204728,1.0000000000,0.9295534250,0.5000000000,0.5000000000,0.7528408032
2026-07-05T13:12:27Z,20260705T131224Z,1805,0.9999999953,1.0000000000,1.0000000000,1.0000000000,1.0000000000,0.9999999988
2026-07-05T13:12:27Z,20260705T131224Z,1806,0.9999999953,1.0000000000,1.0000000000,1.0000000000,1.0000000000,0.9999999988
2026-07-05T13:12:27Z,20260705T131224Z,1807,0.9999999953,1.0000000000,1.0000000000,1.0000000000,1.0000000000,0.9999999988
2026-07-05T13:12:27Z,20260705T131224Z,1808,0.7233498105,1.0000000000,0.9500849642,0.3333333333,0.3333333333,0.6875211121
2026-07-05T13:12:27Z,20260705T131224Z,1809,0.7233498105,1.0000000000,0.9500849642,0.3333333333,0.3333333333,0.6875211121
2026-07-05T13:12:27Z,20260705T131224Z,1810,0.9999999953,1.0000000000,1.0000000000,1.0000000000,1.0000000000,0.9999999988
2026-07-05T13:12:27Z,20260705T131224Z,1811,0.7677204728,1.0000000000,0.8440417392,0.5000000000,0.5000000000,0.7357384660
2026-07-05T13:12:27Z,20260705T131224Z,1812,1.0000000000,1.0000000000,0.9144883142,1.0000000000,1.0000000000,0.9828976628
2026-07-05T13:12:27Z,20260705T131224Z,1813,0.7778850527,1.0000000000,0.8746410707,0.6666666667,0.6666666667,0.8027328107
2026-07-05T13:12:27Z,20260705T131224Z,1814,0.7221149473,1.0000000000,0.8498246549,0.3333333333,0.3333333333,0.6671603345
2026-07-05T13:12:27Z,20260705T131224Z,1815,0.7233498105,1.0000000000,0.9500849642,0.3333333333,0.3333333333,0.6875211121
2026-07-05T13:12:27Z,20260705T131224Z,1816,0.8048689313,1.0000000000,0.9646740990,0.6666666667,0.6666666667,0.8274853860
2026-07-05T13:12:27Z,20260705T131224Z,1817,0.6666666667,1.0000000000,0.9526695251,0.3333333333,0.3333333333,0.6738672384
2026-07-05T13:12:27Z,20260705T131224Z,1818,0.7677204728,1.0000000000,0.9665245833,0.5000000000,0.5000000000,0.7602350349
2026-07-05T13:12:27Z,20260705T131224Z,1819,0.7677204728,1.0000000000,0.9665245833,0.5000000000,0.5000000000,0.7602350349
2026-07-05T13:12:27Z,20260705T131224Z,1820,0.7677204728,1.0000000000,0.9665245833,0.5000000000,0.5000000000,0.7602350349
2026-07-05T13:12:27Z,20260705T131224Z,1821,0.7221149473,1.0000000000,0.8292275133,0.3333333333,0.3333333333,0.6630409061
2026-07-05T13:12:27Z,20260705T131224Z,1822,0.7221149473,1.0000000000,0.8292275133,0.3333333333,0.3333333333,0.6630409061
2026-07-05T13:12:27Z,20260705T131224Z,1823,0.9999999953,1.0000000000,1.0000000000,1.0000000000,1.0000000000,0.9999999988
2026-07-05T13:12:27Z,20260705T131224Z,1824,0.7677204728,1.0000000000,0.9665245833,0.5000000000,0.5000000000,0.7602350349
2026-07-05T13:12:27Z,20260705T131224Z,1825,0.6666666667,1.0000000000,0.9220336936,0.3333333333,0.3333333333,0.6677400721
2026-07-05T13:12:27Z,20260705T131224Z,1826,1.0000000000,1.0000000000,0.9592467994,1.0000000000,1.0000000000,0.9918493599
2026-07-05T13:12:27Z,20260705T131224Z,1827,0.7691695844,1.0000000000,0.9028599298,0.5000000000,0.5000000000,0.7478643821
2026-07-05T13:12:27Z,20260705T131224Z,1828,0.7691695844,1.0000000000,0.8937198328,0.5000000000,0.5000000000,0.7460363627
2026-07-05T13:12:27Z,20260705T131224Z,1829,0.6666666667,1.0000000000,0.7401924071,0.3333333333,0.3333333333,0.6313718148
2026-07-05T13:12:27Z,20260705T131224Z,1830,0.6996782811,1.0000000000,0.5055783559,0.5000000000,0.5000000000,0.6510352415
2026-07-05T13:12:27Z,20260705T131224Z,1831,0.6659589239,1.0000000000,0.5509732214,0.6000000000,0.6000000000,0.6866843753
2026-07-05T13:12:27Z,20260705T131224Z,1832,0.9720464599,1.0000000000,0.6603481581,1.0000000000,1.0000000000,0.9250812466
2026-07-05T13:12:27Z,20260705T131224Z,1833,0.7110955233,1.0000000000,0.9138453752,0.4000000000,0.4000000000,0.7005429559
2026-07-05T13:12:27Z,20260705T131224Z,1834,0.6251540513,1.0000000000,0.8613396374,0.2500000000,0.2500000000,0.6160564403
2026-07-05T13:12:27Z,20260705T131224Z,1835,0.6666666667,1.0000000000,0.8431417486,0.3333333333,0.3333333333,0.6519616831
2026-07-05T13:12:27Z,20260705T131224Z,1836,0.8308156933,1.0000000000,0.8846841354,0.6666666667,0.6666666667,0.8179740837
2026-07-05T13:12:27Z,20260705T131224Z,1837,0.7221149473,1.0000000000,0.7776398117,0.3333333333,0.3333333333,0.6527233658
2026-07-05T13:12:27Z,20260705T131224Z,1838,0.9999999953,1.0000000000,1.0000000000,1.0000000000,1.0000000000,0.9999999988
2026-07-05T13:12:27Z,20260705T131224Z,1839,0.7221149473,1.0000000000,0.8757779321,0.3333333333,0.3333333333,0.6723509899
2026-07-05T13:12:27Z,20260705T131224Z,1840,0.6251540513,1.0000000000,0.8714019262,0.2500000000,0.2500000000,0.6180688980
2026-07-05T13:12:27Z,20260705T131224Z,1841,0.7677204728,1.0000000000,0.9665245833,0.5000000000,0.5000000000,0.7602350349
2026-07-05T13:12:27Z,20260705T131224Z,1842,0.7677204728,1.0000000000,0.8888002244,0.5000000000,0.5000000000,0.7446901631
2026-07-05T13:12:27Z,20260705T131224Z,1843,0.7911717252,1.0000000000,0.9395596258,0.5000000000,0.5000000000,0.7607048565
2026-07-05T13:12:27Z,20260705T131224Z,1844,1.0000000000,1.0000000000,0.9999999866,1.0000000000,1.0000000000,0.9999999973
2026-07-05T13:12:27Z,20260705T131224Z,1845,0.8296522562,1.0000000000,0.8974757088,0.7500000000,0.7500000000,0.8494082058
2026-07-05T13:12:27Z,20260705T131224Z,1846,0.9694646303,1.0000000000,0.9607964412,1.0000000000,1.0000000000,0.9845254458
2026-07-05T13:12:27Z,20260705T131224Z,1847,0.9694646303,1.0000000000,0.9607964412,1.0000000000,1.0000000000,0.9845254458
2026-07-05T13:12:27Z,20260705T131224Z,1848,0.7662723608,1.0000000000,0.6176024936,0.6000000000,0.6000000000,0.7250885889
2026-07-05T13:12:27Z,20260705T131224Z,1849,0.8163323041,1.0000000000,0.6841993515,0.6000000000,0.6000000000,0.7509229463
2026-07-05T13:12:27Z,20260705T131224Z,1850,0.7221149473,1.0000000000,0.8498246549,0.3333333333,0.3333333333,0.6671603345
2026-07-05T13:12:27Z,20260705T131224Z,1851,0.7233498105,1.0000000000,0.9500849642,0.3333333333,0.3333333333,0.6875211121
2026-07-05T13:12:27Z,20260705T131224Z,1852,0.7233498105,1.0000000000,0.9500849642,0.3333333333,0.3333333333,0.6875211121
2026-07-05T13:12:27Z,20260705T131224Z,1853,0.9999999953,1.0000000000,1.0000000000,1.0000000000,1.0000000000,0.9999999988
2026-07-05T13:12:27Z,20260705T131224Z,1854,0.9999999953,1.0000000000,1.0000000000,1.0000000000,1.0000000000,0.9999999988
2026-07-05T13:12:27Z,20260705T131224Z,1855,0.9999999953,1.0000000000,1.0000000000,1.0000000000,1.0000000000,0.9999999988
2026-07-05T13:12:27Z,20260705T131224Z,1856,0.7677204728,1.0000000000,0.9665245833,0.5000000000,0.5000000000,0.7602350349
2026-07-05T13:12:27Z,20260705T131224Z,1857,0.7248934060,1.0000000000,0.4014540261,0.6666666667,0.6666666667,0.6948474901
2026-07-05T13:12:27Z,20260705T131224Z,1858,0.6961594867,1.0000000000,0.5279578528,0.5000000000,0.5000000000,0.6546314422
2026-07-05T13:12:27Z,20260705T131224Z,1859,0.5796768414,1.0000000000,0.5947908024,0.2000000000,0.2000000000,0.5338773708
2026-07-05T13:12:27Z,20260705T131224Z,1860,0.5161130875,1.0000000000,0.4023683189,0.1666666667,0.1666666667,0.4678352690
2026-07-05T13:12:27Z,20260705T131224Z,1861,0.6268086504,1.0000000000,0.4224051374,0.4000000000,0.4000000000,0.5811831901
2026-07-05T13:12:27Z,20260705T131224Z,1862,0.8030992629,1.0000000000,0.9319229083,0.6000000000,0.6000000000,0.7971593974
2026-07-05T13:12:27Z,20260705T131224Z,1863,0.7963678734,1.0000000000,0.9229315923,0.6000000000,0.6000000000,0.7936782868
2026-07-05T13:12:27Z,20260705T131224Z,1864,0.6972020364,1.0000000000,0.8306696859,0.5000000000,0.5000000000,0.7154344463
2026-07-05T13:12:27Z,20260705T131224Z,1865,0.8327150314,1.0000000000,0.8908174465,0.6000000000,0.6000000000,0.7963422472
2026-07-05T13:12:27Z,20260705T131224Z,1866,0.6882044140,1.0000000000,0.8602625915,0.5000000000,0.5000000000,0.7191036218
2026-07-05T13:12:27Z,20260705T131224Z,1867,0.7895834242,1.0000000000,0.8826002508,0.5000000000,0.5000000000,0.7489159062
2026-07-05T13:12:27Z,20260705T131224Z,1868,0.7677204728,1.0000000000,0.9295534250,0.5000000000,0.5000000000,0.7528408032
2026-07-05T13:12:27Z,20260705T131224Z,1869,0.7233498105,1.0000000000,0.9500849642,0.3333333333,0.3333333333,0.6875211121
2026-07-05T13:12:27Z,20260705T131224Z,1870,0.8048689313,1.0000000000,0.9646740990,0.6666666667,0.6666666667,0.8274853860
2026-07-05T13:12:27Z,20260705T131224Z,1871,0.7677204728,1.0000000000,0.9665245833,0.5000000000,0.5000000000,0.7602350349
2026-07-05T13:12:27Z,20260705T131224Z,1872,0.9999999953,1.0000000000,1.0000000000,1.0000000000,1.0000000000,0.9999999988
2026-07-05T13:12:27Z,20260705T131224Z,1873,0.7677204728,1.0000000000,0.9665245833,0.5000000000,0.5000000000,0.7602350349
2026-07-05T13:12:27Z,20260705T131224Z,1874,0.7677204728,1.0000000000,0.9665245833,0.5000000000,0.5000000000,0.7602350349
2026-07-05T13:12:27Z,20260705T131224Z,1875,0.9999999953,1.0000000000,1.0000000000,1.0000000000,1.0000000000,0.9999999988
2026-07-05T13:12:27Z,20260705T131224Z,1876,0.7221149473,1.0000000000,0.8292275133,0.3333333333,0.3333333333,0.6630409061
2026-07-05T13:12:27Z,20260705T131224Z,1877,0.7496918975,1.0000000000,0.8933266677,0.5000000000,0.5000000000,0.7410883079
2026-07-05T13:12:27Z,20260705T131224Z,1878,0.8308156933,1.0000000000,0.9626244068,0.6666666667,0.6666666667,0.8335621380
2026-07-05T13:12:27Z,20260705T131224Z,1879,0.7677204728,1.0000000000,0.9295534250,0.5000000000,0.5000000000,0.7528408032
2026-07-05T13:12:27Z,20260705T131224Z,1880,0.6895710071,1.0000000000,0.8585755519,0.2000000000,0.2000000000,0.6141078622
2026-07-05T13:12:27Z,20260705T131224Z,1881,0.6895710071,1.0000000000,0.8585755519,0.2000000000,0.2000000000,0.6141078622
2026-07-05T13:12:27Z,20260705T131224Z,1882,0.9999999953,1.0000000000,1.0000000000,1.0000000000,1.0000000000,0.9999999988
2026-07-05T13:12:27Z,20260705T131224Z,1883,0.7233498105,1.0000000000,0.9500849642,0.3333333333,0.3333333333,0.6875211121
2026-07-05T13:12:27Z,20260705T131224Z,1884,0.6257641301,1.0000000000,0.9399182504,0.2500000000,0.2500000000,0.6319246826
2026-07-05T13:12:27Z,20260705T131224Z,1885,0.7677204728,1.0000000000,0.9665245833,0.5000000000,0.5000000000,0.7602350349
2026-07-05T13:12:27Z,20260705T131224Z,1886,0.9999999953,1.0000000000,1.0000000000,1.0000000000,1.0000000000,0.9999999988
2026-07-05T13:12:27Z,20260705T131224Z,1887,0.9999999953,1.0000000000,1.0000000000,1.0000000000,1.0000000000,0.9999999988
2026-07-05T13:12:27Z,20260705T131224Z,1888,0.7677204728,1.0000000000,0.9665245833,0.5000000000,0.5000000000,0.7602350349
2026-07-05T13:12:27Z,20260705T131224Z,1889,1.0000000000,1.0000000000,1.0000000000,1.0000000000,1.0000000000,1.0000000000
2026-07-05T13:12:27Z,20260705T131224Z,1890,0.6666666667,1.0000000000,0.9526695251,0.3333333333,0.3333333333,0.6738672384
2026-07-05T13:12:27Z,20260705T131224Z,1891,0.7475513658,1.0000000000,0.7624374682,0.5000000000,0.5000000000,0.7143753351
2026-07-05T13:12:27Z,20260705T131224Z,1892,0.7475513658,1.0000000000,0.7905002409,0.5000000000,0.5000000000,0.7199878896
2026-07-05T13:12:27Z,20260705T131224Z,1893,0.8048689313,1.0000000000,0.9163663756,0.6666666667,0.6666666667,0.8178238413
2026-07-05T13:12:27Z,20260705T131224Z,1894,0.8048689313,1.0000000000,0.9646740990,0.6666666667,0.6666666667,0.8274853860
2026-07-05T13:12:27Z,20260705T131224Z,1895,0.7911717252,1.0000000000,0.9279996001,0.5000000000,0.5000000000,0.7583928513
2026-07-05T13:12:27Z,20260705T131224Z,1896,0.6386306057,1.0000000000,0.5351393672,0.5000000000,0.5000000000,0.6416855249
2026-07-05T13:12:27Z,20260705T131224Z,1897,0.6142272882,1.0000000000,0.5297975858,0.3333333333,0.3333333333,0.5761830059
2026-07-05T13:12:27Z,20260705T131224Z,1898,0.8308156933,1.0000000000,0.9069391514,0.6666666667,0.6666666667,0.8224250869
2026-07-05T13:12:27Z,20260705T131224Z,1899,0.7677204728,1.0000000000,0.9665245833,0.5000000000,0.5000000000,0.7602350349
2026-07-05T13:12:27Z,20260705T131224Z,1900,0.9999999953,1.0000000000,1.0000000000,1.0000000000,1.0000000000,0.9999999988
2026-07-05T13:12:27Z,20260705T131224Z,1901,0.9999999953,1.0000000000,1.0000000000,1.0000000000,1.0000000000,0.9999999988
2026-07-05T13:12:27Z,20260705T131224Z,1902,0.9999999953,1.0000000000,1.0000000000,1.0000000000,1.0000000000,0.9999999988
2026-07-05T13:12:27Z,20260705T131224Z,1903,0.7233498105,1.0000000000,0.4812650740,0.3333333333,0.3333333333,0.5937571341
2026-07-05T13:12:27Z,20260705T131224Z,1904,1.0000000000,1.0000000000,0.6685896304,1.0000000000,1.0000000000,0.9337179261
2026-07-05T13:12:27Z,20260705T131224Z,1905,0.7233498105,1.0000000000,0.8126754436,0.3333333333,0.3333333333,0.6600392080
2026-07-05T13:12:27Z,20260705T131224Z,1906,0.6888213532,1.0000000000,0.7284005024,0.2000000000,0.2000000000,0.5878854388
2026-07-05T13:12:27Z,20260705T131224Z,1907,0.6888213532,1.0000000000,0.7284005024,0.2000000000,0.2000000000,0.5878854388
2026-07-05T13:12:27Z,20260705T131224Z,1908,0.7677204728,1.0000000000,0.9665245833,0.5000000000,0.5000000000,0.7602350349
2026-07-05T13:12:27Z,20260705T131224Z,1909,0.6251540513,1.0000000000,0.8260550879,0.2500000000,0.2500000000,0.6089995304
2026-07-05T13:12:27Z,20260705T131224Z,1910,0.6251540513,1.0000000000,0.6934290205,0.2500000000,0.2500000000,0.5824743169
2026-07-05T13:12:27Z,20260705T131224Z,1911,0.6251540513,1.0000000000,0.7153638370,0.2500000000,0.2500000000,0.5868612802
2026-07-05T13:12:27Z,20260705T131224Z,1912,0.6468804614,1.0000000000,0.8203602212,0.4000000000,0.4000000000,0.6657921596
2026-07-05T13:12:27Z,20260705T131224Z,1913,0.5993152312,1.0000000000,0.8304809181,0.2000000000,0.2000000000,0.5859249914
2026-07-05T13:12:27Z,20260705T131224Z,1914,0.6251540513,1.0000000000,0.7478680893,0.2500000000,0.2500000000,0.5933621307
2026-07-05T13:12:27Z,20260705T131224Z,1915,0.7496918975,1.0000000000,0.8135705013,0.5000000000,0.5000000000,0.7251370746
2026-07-05T13:12:27Z,20260705T131224Z,1916,0.8461736740,1.0000000000,0.8885978313,0.7500000000,0.7500000000,0.8517629848
2026-07-05T13:12:27Z,20260705T131224Z,1917,0.7224812832,1.0000000000,0.7826285467,0.6000000000,0.6000000000,0.7471460301
2026-07-05T13:12:27Z,20260705T131224Z,1918,0.7011185094,1.0000000000,0.7940411304,0.2500000000,0.2500000000,0.6215878534
2026-07-05T13:12:27Z,20260705T131224Z,1919,0.9999999953,1.0000000000,1.0000000000,1.0000000000,1.0000000000,0.9999999988
2026-07-05T13:12:27Z,20260705T131224Z,1920,0.7677204728,1.0000000000,0.9295534250,0.5000000000,0.5000000000,0.7528408032
2026-07-05T13:12:27Z,20260705T131224Z,1921,0.7677204728,1.0000000000,0.9295534250,0.5000000000,0.5000000000,0.7528408032
2026-07-05T13:12:27Z,20260705T131224Z,1922,0.9999999953,1.0000000000,1.0000000000,1.0000000000,1.0000000000,0.9999999988
2026-07-05T13:12:27Z,20260705T131224Z,1923,0.7677204728,1.0000000000,0.9295534250,0.5000000000,0.5000000000,0.7528408032
2026-07-05T13:12:27Z,20260705T131224Z,1924,0.7677204728,1.0000000000,0.9295534250,0.5000000000,0.5000000000,0.7528408032
2026-07-05T13:12:27Z,20260705T131224Z,1925,0.7677204728,1.0000000000,0.6855471582,0.5000000000,0.5000000000,0.7040395498
2026-07-05T13:12:27Z,20260705T131224Z,1926,0.7133573986,1.0000000000,0.4971072358,0.5000000000,0.5000000000,0.6527607968
2026-07-05T13:12:27Z,20260705T131224Z,1927,0.5786443404,1.0000000000,0.3447753370,0.4000000000,0.4000000000,0.5536161525
2026-07-05T13:12:27Z,20260705T131224Z,1928,0.8683435189,1.0000000000,0.8643232560,0.7500000000,0.7500000000,0.8524505309
2026-07-05T13:12:27Z,20260705T131224Z,1929,0.6929273934,1.0000000000,0.8110873356,0.4000000000,0.4000000000,0.6754493155
2026-07-05T13:12:27Z,20260705T131224Z,1930,0.6257641301,1.0000000000,0.9399182504,0.2500000000,0.2500000000,0.6319246826
2026-07-05T13:12:27Z,20260705T131224Z,1931,0.8308156933,1.0000000000,0.9446321591,0.6666666667,0.6666666667,0.8299636885
2026-07-05T13:12:27Z,20260705T131224Z,1932,0.7221149473,1.0000000000,0.9167411894,0.3333333333,0.3333333333,0.6805436414
2026-07-05T13:12:27Z,20260705T131224Z,1933,0.9999999953,1.0000000000,1.0000000000,1.0000000000,1.0000000000,0.9999999988
2026-07-05T13:12:27Z,20260705T131224Z,1934,0.7677204728,1.0000000000,0.9665245833,0.5000000000,0.5000000000,0.7602350349
2026-07-05T13:12:27Z,20260705T131224Z,1935,1.0000000000,1.0000000000,1.0000000000,1.0000000000,1.0000000000,1.0000000000
2026-07-05T13:12:27Z,20260705T131224Z,1936,0.8048689313,1.0000000000,0.9646740990,0.6666666667,0.6666666667,0.8274853860
2026-07-05T13:12:27Z,20260705T131224Z,1937,0.7233498105,1.0000000000,0.9500849642,0.3333333333,0.3333333333,0.6875211121
2026-07-05T13:12:27Z,20260705T131224Z,1938,0.7002216302,1.0000000000,0.8337420285,0.2500000000,0.2500000000,0.6293038132
2026-07-05T13:12:27Z,20260705T131224Z,1939,0.8224757615,1.0000000000,0.9102043664,0.7500000000,0.7500000000,0.8501598137
2026-07-05T13:12:27Z,20260705T131224Z,1940,0.6972020364,1.0000000000,0.8770383728,0.5000000000,0.5000000000,0.7247081836
2026-07-05T13:12:27Z,20260705T131224Z,1941,0.7149010414,1.0000000000,0.9501233359,0.5000000000,0.5000000000,0.7437499275
2026-07-05T13:12:27Z,20260705T131224Z,1942,0.6643597294,1.0000000000,0.6335014552,0.4000000000,0.4000000000,0.6327902234
2026-07-05T13:12:27Z,20260705T131224Z,1943,0.6643597294,1.0000000000,0.6414322960,0.4000000000,0.4000000000,0.6343763915
2026-07-05T13:12:27Z,20260705T131224Z,1944,0.9694646303,1.0000000000,0.9447286544,1.0000000000,1.0000000000,0.9813118885
2026-07-05T13:12:27Z,20260705T131224Z,1945,0.9389292606,1.0000000000,0.9122925691,1.0000000000,1.0000000000,0.9671908290
2026-07-05T13:12:27Z,20260705T131224Z,1946,0.8202606934,1.0000000000,0.9474327708,0.7500000000,0.7500000000,0.8570517275
2026-07-05T13:12:27Z,20260705T131224Z,1947,0.7039302083,1.0000000000,0.7409426484,0.6000000000,0.6000000000,0.7341710818
2026-07-05T13:12:27Z,20260705T131224Z,1948,0.7002216302,1.0000000000,0.7274040254,0.2500000000,0.2500000000,0.6080362126
2026-07-05T13:12:27Z,20260705T131224Z,1949,0.7677204728,1.0000000000,0.8888002244,0.5000000000,0.5000000000,0.7446901631
2026-07-05T13:12:27Z,20260705T131224Z,1950,0.7677204728,1.0000000000,0.8888002244,0.5000000000,0.5000000000,0.7446901631
2026-07-05T13:12:27Z,20260705T131224Z,1951,0.7233498105,1.0000000000,0.9500849642,0.3333333333,0.3333333333,0.6875211121
2026-07-05T13:12:27Z,20260705T131224Z,1952,0.7233498105,1.0000000000,0.9500849642,0.3333333333,0.3333333333,0.6875211121
2026-07-05T13:12:27Z,20260705T131224Z,1953,0.9999999953,1.0000000000,1.0000000000,1.0000000000,1.0000000000,0.9999999988
2026-07-05T13:12:27Z,20260705T131224Z,1954,0.9999999953,1.0000000000,1.0000000000,1.0000000000,1.0000000000,0.9999999988
2026-07-05T13:12:27Z,20260705T131224Z,1955,0.7677204728,1.0000000000,0.9665245833,0.5000000000,0.5000000000,0.7602350349
2026-07-05T13:12:27Z,20260705T131224Z,1956,0.7677204728,1.0000000000,0.9665245833,0.5000000000,0.5000000000,0.7602350349
2026-07-05T13:12:27Z,20260705T131224Z,1957,0.7221149473,1.0000000000,0.8292275133,0.3333333333,0.3333333333,0.6630409061
2026-07-05T13:12:27Z,20260705T131224Z,1958,1.0000000000,1.0000000000,0.9087421033,1.0000000000,1.0000000000,0.9817484207
2026-07-05T13:12:27Z,20260705T131224Z,1959,1.0000000000,1.0000000000,1.0000000000,1.0000000000,1.0000000000,1.0000000000
2026-07-05T13:12:27Z,20260705T131224Z,1960,0.8308156933,1.0000000000,0.9446321591,0.6666666667,0.6666666667,0.8299636885
2026-07-05T13:12:27Z,20260705T131224Z,1961,0.7248934060,1.0000000000,0.2767285304,0.6666666667,0.6666666667,0.6699023909
2026-07-05T13:12:27Z,20260705T131224Z,1962,0.8274928135,1.0000000000,0.7711170433,0.6666666667,0.6666666667,0.7944299454
2026-07-05T13:12:27Z,20260705T131224Z,1963,0.7408128828,1.0000000000,0.5702950069,0.5000000000,0.5000000000,0.6742622221
2026-07-05T13:12:27Z,20260705T131224Z,1964,0.5993152312,1.0000000000,0.8304809181,0.2000000000,0.2000000000,0.5859249914
2026-07-05T13:12:27Z,20260705T131224Z,1965,0.7677204728,1.0000000000,0.9665245833,0.5000000000,0.5000000000,0.7602350349
2026-07-05T13:12:27Z,20260705T131224Z,1966,0.9999999953,1.0000000000,1.0000000000,1.0000000000,1.0000000000,0.9999999988
2026-07-05T13:12:27Z,20260705T131224Z,1967,0.7677204728,1.0000000000,0.9665245833,0.5000000000,0.5000000000,0.7602350349
2026-07-05T13:12:27Z,20260705T131224Z,1968,0.6666666667,1.0000000000,0.9526695251,0.3333333333,0.3333333333,0.6738672384
2026-07-05T13:12:27Z,20260705T131224Z,1969,1.0000000000,1.0000000000,1.0000000000,1.0000000000,1.0000000000,1.0000000000
2026-07-05T13:12:27Z,20260705T131224Z,1970,0.6666666667,1.0000000000,0.8405601341,0.3333333333,0.3333333333,0.6514453602
2026-07-05T13:12:27Z,20260705T131224Z,1971,0.6691512980,1.0000000000,0.1396294256,0.5000000000,0.5000000000,0.5702137096
2026-07-05T13:12:27Z,20260705T131224Z,1972,0.7475513658,1.0000000000,0.8490223852,0.5000000000,0.5000000000,0.7316923185
2026-07-05T13:12:27Z,20260705T131224Z,1973,0.6251540513,1.0000000000,0.7195129066,0.2500000000,0.2500000000,0.5876910941
2026-07-05T13:12:27Z,20260705T131224Z,1974,0.6820617591,1.0000000000,0.6981745978,0.5000000000,0.5000000000,0.6851503593
2026-07-05T13:12:27Z,20260705T131224Z,1975,0.7221149473,1.0000000000,0.8498246549,0.3333333333,0.3333333333,0.6671603345
2026-07-05T13:12:27Z,20260705T131224Z,1976,0.6968385816,1.0000000000,0.1111997756,0.5000000000,0.5000000000,0.5714496005
2026-07-05T13:12:27Z,20260705T131224Z,1977,0.6666666667,1.0000000000,0.8839199776,0.3333333333,0.3333333333,0.6601173289
2026-07-05T13:12:27Z,20260705T131224Z,1978,0.6666666667,1.0000000000,0.8405601341,0.3333333333,0.3333333333,0.6514453602
2026-07-05T13:12:27Z,20260705T131224Z,1979,1.0000000000,1.0000000000,0.9144883142,1.0000000000,1.0000000000,0.9828976628
2026-07-05T13:12:27Z,20260705T131224Z,1980,0.7525263750,1.0000000000,0.9377784458,0.5000000000,0.5000000000,0.7506872829
2026-07-05T13:12:27Z,20260705T131224Z,1981,0.8225951886,1.0000000000,0.9626090465,0.7500000000,0.7500000000,0.8606706065
2026-07-05T13:12:27Z,20260705T131224Z,1982,0.8048689313,1.0000000000,0.9646740990,0.6666666667,0.6666666667,0.8274853860
2026-07-05T13:12:27Z,20260705T131224Z,1983,0.6623729938,1.0000000000,0.5494557454,0.3333333333,0.3333333333,0.5921510642
2026-07-05T13:12:27Z,20260705T131224Z,1984,0.7256631247,1.0000000000,0.5592713342,0.3333333333,0.3333333333,0.6099367147
2026-07-05T13:12:27Z,20260705T131224Z,1985,0.6257641301,1.0000000000,0.9399182504,0.2500000000,0.2500000000,0.6319246826
2026-07-05T13:12:27Z,20260705T131224Z,1986,0.7233498105,1.0000000000,0.9500849642,0.3333333333,0.3333333333,0.6875211121
2026-07-05T13:12:27Z,20260705T131224Z,1987,0.7677204728,1.0000000000,0.9665245833,0.5000000000,0.5000000000,0.7602350349
2026-07-05T13:12:27Z,20260705T131224Z,1988,0.9291181088,1.0000000000,0.4078095003,1.0000000000,1.0000000000,0.8638414273
2026-07-05T13:12:27Z,20260705T131224Z,1989,0.9291181088,1.0000000000,0.6320962004,1.0000000000,1.0000000000,0.9086987673
2026-07-05T13:12:27Z,20260705T131224Z,1990,0.6666666667,1.0000000000,0.6405940875,0.3333333333,0.3333333333,0.6114521508
2026-07-05T13:12:27Z,20260705T131224Z,1991,0.6666666667,1.0000000000,0.7401924071,0.3333333333,0.3333333333,0.6313718148
2026-07-05T13:12:27Z,20260705T131224Z,1992,0.7677204728,1.0000000000,0.9665245833,0.5000000000,0.5000000000,0.7602350349
2026-07-05T13:12:27Z,20260705T131224Z,1993,0.9999999953,1.0000000000,1.0000000000,1.0000000000,1.0000000000,0.9999999988
2026-07-05T13:12:27Z,20260705T131224Z,1994,0.9999999953,1.0000000000,1.0000000000,1.0000000000,1.0000000000,0.9999999988
2026-07-05T13:12:27Z,20260705T131224Z,1995,0.7221149473,1.0000000000,0.8292275133,0.3333333333,0.3333333333,0.6630409061
2026-07-05T13:12:27Z,20260705T131224Z,1996,0.8308156933,1.0000000000,0.8961891502,0.6666666667,0.6666666667,0.8202750867
2026-07-05T13:12:27Z,20260705T131224Z,1997,0.8308156933,1.0000000000,0.9384884944,0.6666666667,0.6666666667,0.8287349555
2026-07-05T13:12:27Z,20260705T131224Z,1998,0.7221149473,1.0000000000,0.8757779321,0.3333333333,0.3333333333,0.6723509899
2026-07-05T13:12:27Z,20260705T131224Z,1999,0.6910978712,1.0000000000,0.5456289483,0.2000000000,0.2000000000,0.5519002575
2026-07-05T13:12:27Z,20260705T131224Z,2000,0.7737924475,1.0000000000,0.7680607073,0.4000000000,0.4000000000,0.6870602533
2026-07-05T13:12:27Z,20260705T131224Z,2001,0.7811646086,1.0000000000,0.6686700191,0.5000000000,0.5000000000,0.7040251560
2026-07-05T13:12:27Z,20260705T131224Z,2002,0.6864129653,1.0000000000,0.3608961839,0.5000000000,0.5000000000,0.6187824781
2026-07-05T13:12:27Z,20260705T131224Z,2003,0.7677204728,1.0000000000,0.9665245833,0.5000000000,0.5000000000,0.7602350349
2026-07-05T13:12:27Z,20260705T131224Z,2004,0.9999999953,1.0000000000,1.0000000000,1.0000000000,1.0000000000,0.9999999988
2026-07-05T13:12:27Z,20260705T131224Z,2005,0.9999999953,1.0000000000,1.0000000000,1.0000000000,1.0000000000,0.9999999988
2026-07-05T13:12:27Z,20260705T131224Z,2006,0.9999999953,1.0000000000,1.0000000000,1.0000000000,1.0000000000,0.9999999988
2026-07-05T13:12:27Z,20260705T131224Z,2007,0.7233498105,1.0000000000,0.9500849642,0.3333333333,0.3333333333,0.6875211121
2026-07-05T13:12:27Z,20260705T131224Z,2008,0.7233498105,1.0000000000,0.9500849642,0.3333333333,0.3333333333,0.6875211121
2026-07-05T13:12:27Z,20260705T131224Z,2009,0.9999999953,1.0000000000,1.0000000000,1.0000000000,1.0000000000,0.9999999988
2026-07-05T13:12:27Z,20260705T131224Z,2010,0.9999999953,1.0000000000,1.0000000000,1.0000000000,1.0000000000,0.9999999988
2026-07-05T13:12:27Z,20260705T131224Z,2011,0.7677204728,1.0000000000,0.8888002244,0.5000000000,0.5000000000,0.7446901631
2026-07-05T13:12:27Z,20260705T131224Z,2012,1.0000000000,1.0000000000,0.9999999905,1.0000000000,1.0000000000,0.9999999981
2026-07-05T13:12:27Z,20260705T131224Z,2013,1.0000000000,1.0000000000,0.9222756411,1.0000000000,1.0000000000,0.9844551282
2026-07-05T13:12:27Z,20260705T131224Z,2014,0.8048689313,1.0000000000,0.9646740990,0.6666666667,0.6666666667,0.8274853860
2026-07-05T13:12:27Z,20260705T131224Z,2015,0.8048689313,1.0000000000,0.9646740990,0.6666666667,0.6666666667,0.8274853860
2026-07-05T13:12:27Z,20260705T131224Z,2016,0.7295870522,1.0000000000,0.7621984439,0.5000000000,0.5000000000,0.7098364518
2026-07-05T13:12:27Z,20260705T131224Z,2017,0.7886245614,1.0000000000,0.7265155816,0.5000000000,0.5000000000,0.7174592567
2026-07-05T13:12:27Z,20260705T131224Z,2018,0.7210006818,1.0000000000,0.5270078078,0.5000000000,0.5000000000,0.6606517320
2026-07-05T13:12:27Z,20260705T131224Z,2019,0.8461736740,1.0000000000,0.9577568210,0.7500000000,0.7500000000,0.8655947827
2026-07-05T13:12:27Z,20260705T131224Z,2020,0.7778850527,1.0000000000,0.8350068611,0.6666666667,0.6666666667,0.7948059687
2026-07-05T13:12:27Z,20260705T131224Z,2021,0.9291181088,1.0000000000,0.1894336775,1.0000000000,1.0000000000,0.8201662627
2026-07-05T13:12:27Z,20260705T131224Z,2022,1.0000000000,1.0000000000,1.0000000000,1.0000000000,1.0000000000,1.0000000000
2026-07-05T13:12:27Z,20260705T131224Z,2023,0.7677204728,1.0000000000,0.9665245833,0.5000000000,0.5000000000,0.7602350349
2026-07-05T13:12:27Z,20260705T131224Z,2024,0.7677204728,1.0000000000,0.9665245833,0.5000000000,0.5000000000,0.7602350349
2026-07-05T13:12:27Z,20260705T131224Z,2025,0.7677204728,1.0000000000,0.9665245833,0.5000000000,0.5000000000,0.7602350349
2026-07-05T13:12:27Z,20260705T131224Z,2026,0.9999999953,1.0000000000,1.0000000000,1.0000000000,1.0000000000,0.9999999988
2026-07-05T13:12:27Z,20260705T131224Z,2027,0.9999999953,1.0000000000,1.0000000000,1.0000000000,1.0000000000,0.9999999988
2026-07-05T13:12:27Z,20260705T131224Z,2028,0.6968385816,1.0000000000,0.2577621168,0.5000000000,0.5000000000,0.6007620688
2026-07-05T13:12:27Z,20260705T131224Z,2029,1.0000000000,1.0000000000,0.8981961439,1.0000000000,1.0000000000,0.9796392288
2026-07-05T13:12:27Z,20260705T131224Z,2030,1.0000000000,1.0000000000,0.8775171560,1.0000000000,1.0000000000,0.9755034312
2026-07-05T13:12:27Z,20260705T131224Z,2031,1.0000000000,1.0000000000,0.8286426520,1.0000000000,1.0000000000,0.9657285304
2026-07-05T13:12:27Z,20260705T131224Z,2032,0.7677204728,1.0000000000,0.7951672353,0.5000000000,0.5000000000,0.7259635653
2026-07-05T13:12:27Z,20260705T131224Z,2033,0.7677204728,1.0000000000,0.6256659164,0.5000000000,0.5000000000,0.6920633015
2026-07-05T13:12:27Z,20260705T131224Z,2034,1.0000000000,1.0000000000,0.7816241771,1.0000000000,1.0000000000,0.9563248354
2026-07-05T13:12:27Z,20260705T131224Z,2035,0.8308156933,1.0000000000,0.9455495523,0.6666666667,0.6666666667,0.8301471671
2026-07-05T13:12:27Z,20260705T131224Z,2036,0.8308156933,1.0000000000,0.7998200406,0.6666666667,0.6666666667,0.8010012648
2026-07-05T13:12:27Z,20260705T131224Z,2037,1.0000000000,1.0000000000,0.8415054189,1.0000000000,1.0000000000,0.9683010838
2026-07-05T13:12:27Z,20260705T131224Z,2038,1.0000000000,1.0000000000,0.7816241771,1.0000000000,1.0000000000,0.9563248354
2026-07-05T13:12:27Z,20260705T131224Z,2039,0.8308156933,1.0000000000,0.6980980813,0.6666666667,0.6666666667,0.7806568729
2026-07-05T13:12:27Z,20260705T131224Z,2040,0.8308156933,1.0000000000,0.9626244068,0.6666666667,0.6666666667,0.8335621380
2026-07-05T13:12:27Z,20260705T131224Z,2041,0.8308156933,1.0000000000,0.9626244068,0.6666666667,0.6666666667,0.8335621380
2026-07-05T13:12:27Z,20260705T131224Z,2042,1.0000000000,1.0000000000,0.8328192750,1.0000000000,1.0000000000,0.9665638550
2026-07-05T13:12:27Z,20260705T131224Z,2043,0.8308156933,1.0000000000,0.8136414475,0.6666666667,0.6666666667,0.8037655461
2026-07-05T13:12:27Z,20260705T131224Z,2044,1.0000000000,1.0000000000,0.6961124913,1.0000000000,1.0000000000,0.9392224983
2026-07-05T13:12:27Z,20260705T131224Z,2045,0.8308156933,1.0000000000,0.8771315338,0.6666666667,0.6666666667,0.8164635634
2026-07-05T13:12:27Z,20260705T131224Z,2046,0.8308156933,1.0000000000,0.7939165881,0.6666666667,0.6666666667,0.7998205743
2026-07-05T13:12:27Z,20260705T131224Z,2047,1.0000000000,1.0000000000,0.9222756411,1.0000000000,1.0000000000,0.9844551282
2026-07-05T13:12:27Z,20260705T131224Z,2048,1.0000000000,1.0000000000,1.0000000000,1.0000000000,1.0000000000,1.0000000000
2026-07-05T13:12:27Z,20260705T131224Z,2049,0.8308156933,1.0000000000,0.9446321591,0.6666666667,0.6666666667,0.8299636885
2026-07-05T13:12:27Z,20260705T131224Z,2050,0.8308156933,1.0000000000,0.9626244068,0.6666666667,0.6666666667,0.8335621380
2026-07-05T13:12:27Z,20260705T131224Z,2051,0.5826023359,1.0000000000,0.0702292651,0.2500000000,0.2500000000,0.4471964370
2026-07-05T13:12:27Z,20260705T131224Z,2052,0.6257641301,1.0000000000,0.6227422377,0.2500000000,0.2500000000,0.5684894801
2026-07-05T13:12:27Z,20260705T131224Z,2053,0.9291181088,1.0000000000,0.7486681672,1.0000000000,1.0000000000,0.9320131606
2026-07-05T13:12:27Z,20260705T131224Z,2054,0.8178906433,1.0000000000,0.5387460808,0.6666666667,0.6666666667,0.7455552103
2026-07-05T13:12:27Z,20260705T131224Z,2055,0.7107144013,1.0000000000,0.8463038518,0.5000000000,0.5000000000,0.7219393707
2026-07-05T13:12:27Z,20260705T131224Z,2056,0.7778850527,1.0000000000,0.9254705402,0.6666666667,0.6666666667,0.8128987046
2026-07-05T13:12:27Z,20260705T131224Z,2057,0.7677204728,1.0000000000,0.9665245833,0.5000000000,0.5000000000,0.7602350349
2026-07-05T13:12:27Z,20260705T131224Z,2058,0.7677204728,1.0000000000,0.8888002244,0.5000000000,0.5000000000,0.7446901631
2026-07-05T13:12:27Z,20260705T131224Z,2059,0.8308156933,1.0000000000,0.6418799808,0.6666666667,0.6666666667,0.7694132528
2026-07-05T13:12:27Z,20260705T131224Z,2060,0.8308156933,1.0000000000,0.6861489844,0.6666666667,0.6666666667,0.7782670535
2026-07-05T13:12:27Z,20260705T131224Z,2061,1.0000000000,1.0000000000,0.8775171560,1.0000000000,1.0000000000,0.9755034312
2026-07-05T13:12:27Z,20260705T131224Z,2062,0.7677204728,1.0000000000,0.9665245833,0.5000000000,0.5000000000,0.7602350349
2026-07-05T13:12:27Z,20260705T131224Z,2063,0.7677204728,1.0000000000,0.5634510349,0.5000000000,0.5000000000,0.6796203252
2026-07-05T13:12:27Z,20260705T131224Z,2064,0.8308156933,1.0000000000,0.7264618900,0.6666666667,0.6666666667,0.7863296347
2026-07-05T13:12:27Z,20260705T131224Z,2065,0.8308156933,1.0000000000,0.8614710364,0.6666666667,0.6666666667,0.8133314639
2026-07-05T13:12:27Z,20260705T131224Z,2066,0.6666666667,1.0000000000,0.9220336936,0.3333333333,0.3333333333,0.6677400721
2026-07-05T13:12:27Z,20260705T131224Z,2067,0.8308156933,1.0000000000,0.9384884944,0.6666666667,0.6666666667,0.8287349555
2026-07-05T13:12:27Z,20260705T131224Z,2068,1.0000000000,1.0000000000,0.9565934266,1.0000000000,1.0000000000,0.9913186853
2026-07-05T13:12:27Z,20260705T131224Z,2069,0.8308156933,1.0000000000,0.9446321591,0.6666666667,0.6666666667,0.8299636885
2026-07-05T13:12:27Z,20260705T131224Z,2070,0.6251540513,1.0000000000,0.7478680893,0.2500000000,0.2500000000,0.5933621307
2026-07-05T13:12:27Z,20260705T131224Z,2071,0.8327150314,1.0000000000,0.8449494320,0.6000000000,0.6000000000,0.7871686443
2026-07-05T13:12:27Z,20260705T131224Z,2072,0.7577939162,1.0000000000,0.8859872335,0.6000000000,0.6000000000,0.7766459257
2026-07-05T13:12:27Z,20260705T131224Z,2073,0.6257641301,1.0000000000,0.8364016295,0.2500000000,0.2500000000,0.6112213584
2026-07-05T13:12:27Z,20260705T131224Z,2074,0.8308156933,1.0000000000,0.8142116903,0.6666666667,0.6666666667,0.8038795947
2026-07-05T13:12:27Z,20260705T131224Z,2075,0.7221149473,1.0000000000,0.6610115682,0.3333333333,0.3333333333,0.6293977171
2026-07-05T13:12:27Z,20260705T131224Z,2076,0.7677204728,1.0000000000,0.9665245833,0.5000000000,0.5000000000,0.7602350349
2026-07-05T13:12:27Z,20260705T131224Z,2077,0.7677204728,1.0000000000,0.9665245833,0.5000000000,0.5000000000,0.7602350349
2026-07-05T13:12:27Z,20260705T131224Z,2078,0.9999999953,1.0000000000,1.0000000000,1.0000000000,1.0000000000,0.9999999988
2026-07-05T13:12:27Z,20260705T131224Z,2079,0.7677204728,1.0000000000,0.9665245833,0.5000000000,0.5000000000,0.7602350349
2026-07-05T13:12:27Z,20260705T131224Z,2080,0.6666666667,1.0000000000,0.9526695251,0.3333333333,0.3333333333,0.6738672384
2026-07-05T13:12:27Z,20260705T131224Z,2081,0.7677204728,1.0000000000,0.9665245833,0.5000000000,0.5000000000,0.7602350349
2026-07-05T13:12:27Z,20260705T131224Z,2082,0.7011185094,1.0000000000,0.8126754436,0.2500000000,0.2500000000,0.6253147161
2026-07-05T13:12:27Z,20260705T131224Z,2083,0.7911717252,1.0000000000,0.8768984150,0.5000000000,0.5000000000,0.7481726143
2026-07-05T13:12:27Z,20260705T131224Z,2084,1.0000000000,1.0000000000,0.9999999905,1.0000000000,1.0000000000,0.9999999981
2026-07-05T13:12:27Z,20260705T131224Z,2085,1.0000000000,1.0000000000,0.9630288418,1.0000000000,1.0000000000,0.9926057684
2026-07-05T13:12:27Z,20260705T131224Z,2086,1.0000000000,1.0000000000,1.0000000000,1.0000000000,1.0000000000,1.0000000000
2026-07-05T13:12:27Z,20260705T131224Z,2087,0.6666666667,1.0000000000,0.9526695251,0.3333333333,0.3333333333,0.6738672384
2026-07-05T13:12:27Z,20260705T131224Z,2088,0.7677204728,1.0000000000,0.9665245833,0.5000000000,0.5000000000,0.7602350349
2026-07-05T13:12:27Z,20260705T131224Z,2089,0.7677204728,1.0000000000,0.9665245833,0.5000000000,0.5000000000,0.7602350349
2026-07-05T13:12:27Z,20260705T131224Z,2090,0.7677204728,1.0000000000,0.9665245833,0.5000000000,0.5000000000,0.7602350349
2026-07-05T13:12:27Z,20260705T131224Z,2091,0.9999999953,1.0000000000,1.0000000000,1.0000000000,1.0000000000,0.9999999988
2026-07-05T13:12:27Z,20260705T131224Z,2092,0.7677204728,1.0000000000,0.9665245833,0.5000000000,0.5000000000,0.7602350349
2026-07-05T13:12:27Z,20260705T131224Z,2093,0.8266479091,1.0000000000,0.5249640603,0.6666666667,0.6666666667,0.7449881227
2026-07-05T13:12:27Z,20260705T131224Z,2094,0.9694646303,1.0000000000,0.7867705578,1.0000000000,1.0000000000,0.9497202691
2026-07-05T13:12:27Z,20260705T131224Z,2095,0.9389292606,1.0000000000,0.6907177448,1.0000000000,1.0000000000,0.9228758641
2026-07-05T13:12:27Z,20260705T131224Z,2096,0.8308156933,1.0000000000,0.8926697294,0.6666666667,0.6666666667,0.8195712025
2026-07-05T13:12:27Z,20260705T131224Z,2097,0.8178906433,1.0000000000,0.7761405268,0.6666666667,0.6666666667,0.7930340995
2026-07-05T13:12:27Z,20260705T131224Z,2098,0.7496918975,1.0000000000,0.9063036486,0.5000000000,0.5000000000,0.7436837041
2026-07-05T13:12:27Z,20260705T131224Z,2099,0.8308156933,1.0000000000,0.9408882989,0.6666666667,0.6666666667,0.8292149164
2026-07-05T13:12:27Z,20260705T131224Z,2100,0.8308156933,1.0000000000,0.9440731031,0.6666666667,0.6666666667,0.8298518773
2026-07-05T13:12:27Z,20260705T131224Z,2101,0.7739595825,1.0000000000,0.7155796538,0.6000000000,0.6000000000,0.7466058264
2026-07-05T13:12:27Z,20260705T131224Z,2102,0.8333333333,1.0000000000,0.7633854915,0.6000000000,0.6000000000,0.7710104316
2026-07-05T13:12:27Z,20260705T131224Z,2103,0.9694646303,1.0000000000,0.7366198408,1.0000000000,1.0000000000,0.9396901257
2026-07-05T13:12:27Z,20260705T131224Z,2104,0.8296522562,1.0000000000,0.8035074384,0.7500000000,0.7500000000,0.8306145517
2026-07-05T13:12:27Z,20260705T131224Z,2105,0.6937816918,1.0000000000,0.9208946666,0.4000000000,0.4000000000,0.6976243563
2026-07-05T13:12:27Z,20260705T131224Z,2106,0.5485426810,1.0000000000,0.6177212331,0.1666666667,0.1666666667,0.5190132502
2026-07-05T13:12:27Z,20260705T131224Z,2107,0.8755716738,1.0000000000,0.9353608262,0.8000000000,0.8000000000,0.8859650837
2026-07-05T13:12:27Z,20260705T131224Z,2108,0.8464779450,1.0000000000,0.7186046256,0.8333333333,0.8333333333,0.8470070780
2026-07-05T13:12:27Z,20260705T131224Z,2109,0.6824562801,1.0000000000,0.7598153622,0.1666666667,0.1666666667,0.5809104758
2026-07-05T13:12:27Z,20260705T131224Z,2110,0.9999999953,1.0000000000,1.0000000000,1.0000000000,1.0000000000,0.9999999988
2026-07-05T13:12:27Z,20260705T131224Z,2111,0.9999999953,1.0000000000,1.0000000000,1.0000000000,1.0000000000,0.9999999988
2026-07-05T13:12:27Z,20260705T131224Z,2112,0.7677204728,1.0000000000,0.9665245833,0.5000000000,0.5000000000,0.7602350349
2026-07-05T13:12:27Z,20260705T131224Z,2113,0.7677204728,1.0000000000,0.9665245833,0.5000000000,0.5000000000,0.7602350349
2026-07-05T13:12:27Z,20260705T131224Z,2114,0.9999999953,1.0000000000,1.0000000000,1.0000000000,1.0000000000,0.9999999988
2026-07-05T13:12:27Z,20260705T131224Z,2115,0.7677204728,1.0000000000,0.9665245833,0.5000000000,0.5000000000,0.7602350349
2026-07-05T13:12:27Z,20260705T131224Z,2116,0.6666666667,1.0000000000,0.9526695251,0.3333333333,0.3333333333,0.6738672384
2026-07-05T13:12:27Z,20260705T131224Z,2117,0.7677204728,1.0000000000,0.9665245833,0.5000000000,0.5000000000,0.7602350349
2026-07-05T13:12:27Z,20260705T131224Z,2118,0.7221149473,1.0000000000,0.8757779321,0.3333333333,0.3333333333,0.6723509899
2026-07-05T13:12:27Z,20260705T131224Z,2119,0.7496918975,1.0000000000,0.9447807564,0.5000000000,0.5000000000,0.7513791256
2026-07-05T13:12:27Z,20260705T131224Z,2120,1.0000000000,1.0000000000,0.9565934266,1.0000000000,1.0000000000,0.9913186853
2026-07-05T13:12:27Z,20260705T131224Z,2121,0.9694646303,1.0000000000,0.9607964412,1.0000000000,1.0000000000,0.9845254458
2026-07-05T13:12:27Z,20260705T131224Z,2122,0.6972020364,1.0000000000,0.8770383728,0.5000000000,0.5000000000,0.7247081836
2026-07-05T13:12:27Z,20260705T131224Z,2123,0.9389292606,1.0000000000,0.9122925691,1.0000000000,1.0000000000,0.9671908290
2026-07-05T13:12:27Z,20260705T131224Z,2124,0.7778850527,1.0000000000,0.9254705402,0.6666666667,0.6666666667,0.8128987046
2026-07-05T13:12:27Z,20260705T131224Z,2125,0.7677204728,1.0000000000,0.9665245833,0.5000000000,0.5000000000,0.7602350349
2026-07-05T13:12:27Z,20260705T131224Z,2126,0.7221149473,1.0000000000,0.8498246549,0.3333333333,0.3333333333,0.6671603345
2026-07-05T13:12:27Z,20260705T131224Z,2127,0.5800528066,1.0000000000,0.8418932657,0.2000000000,0.2000000000,0.5833918548
2026-07-05T13:12:27Z,20260705T131224Z,2128,0.6257641301,1.0000000000,0.9399182504,0.2500000000,0.2500000000,0.6319246826
2026-07-05T13:12:27Z,20260705T131224Z,2129,0.7677204728,1.0000000000,0.9665245833,0.5000000000,0.5000000000,0.7602350349
2026-07-05T13:12:27Z,20260705T131224Z,2130,0.7677204728,1.0000000000,0.9665245833,0.5000000000,0.5000000000,0.7602350349
2026-07-05T13:12:27Z,20260705T131224Z,2131,1.0000000000,1.0000000000,0.9630288418,1.0000000000,1.0000000000,0.9926057684
2026-07-05T13:12:27Z,20260705T131224Z,2132,0.7677204728,1.0000000000,0.9295534250,0.5000000000,0.5000000000,0.7528408032
2026-07-05T13:12:27Z,20260705T131224Z,2133,0.7677204728,1.0000000000,0.9295534250,0.5000000000,0.5000000000,0.7528408032
2026-07-05T13:12:27Z,20260705T131224Z,2134,1.0000000000,1.0000000000,0.9592467994,1.0000000000,1.0000000000,0.9918493599
2026-07-05T13:12:27Z,20260705T131224Z,2135,0.7295870522,1.0000000000,0.7142218975,0.5000000000,0.5000000000,0.7002411426
2026-07-05T13:12:27Z,20260705T131224Z,2136,0.9720464599,1.0000000000,0.8062193155,1.0000000000,1.0000000000,0.9542554781
2026-07-05T13:12:27Z,20260705T131224Z,2137,0.6371829527,1.0000000000,0.5276215087,0.4000000000,0.4000000000,0.6048200399
2026-07-05T13:12:27Z,20260705T131224Z,2138,0.6052833701,1.0000000000,0.8182235189,0.3333333333,0.3333333333,0.6316322130
2026-07-05T13:12:27Z,20260705T131224Z,2139,0.7123478221,1.0000000000,0.6287329276,0.5000000000,0.5000000000,0.6788335410
2026-07-05T13:12:27Z,20260705T131224Z,2140,0.8450801842,1.0000000000,0.6160701047,0.8000000000,0.8000000000,0.8144840670
2026-07-05T13:12:27Z,20260705T131224Z,2141,0.7772386593,1.0000000000,0.7253851479,0.6666666667,0.6666666667,0.7727200278
2026-07-05T13:12:27Z,20260705T131224Z,2142,0.7963678734,1.0000000000,0.7093885271,0.6000000000,0.6000000000,0.7509696738
2026-07-05T13:12:27Z,20260705T131224Z,2143,0.6972020364,1.0000000000,0.9176449982,0.5000000000,0.5000000000,0.7328295087
2026-07-05T13:12:27Z,20260705T131224Z,2144,0.7221149473,1.0000000000,0.9167411894,0.3333333333,0.3333333333,0.6805436414
2026-07-05T13:12:27Z,20260705T131224Z,2145,0.9999999953,1.0000000000,1.0000000000,1.0000000000,1.0000000000,0.9999999988
2026-07-05T13:12:27Z,20260705T131224Z,2146,0.7677204728,1.0000000000,0.9665245833,0.5000000000,0.5000000000,0.7602350349
2026-07-05T13:12:27Z,20260705T131224Z,2147,0.8048689313,1.0000000000,0.9646740990,0.6666666667,0.6666666667,0.8274853860
2026-07-05T13:12:27Z,20260705T131224Z,2148,0.5800528066,1.0000000000,0.6481796349,0.2000000000,0.2000000000,0.5446491286
2026-07-05T13:12:27Z,20260705T131224Z,2149,0.6251540513,1.0000000000,0.6499334366,0.2500000000,0.2500000000,0.5737752001
2026-07-05T13:12:27Z,20260705T131224Z,2150,1.0000000000,1.0000000000,1.0000000000,1.0000000000,1.0000000000,1.0000000000
2026-07-05T13:12:27Z,20260705T131224Z,2151,0.6186566985,1.0000000000,0.4358293655,0.3333333333,0.3333333333,0.5584967144
2026-07-05T13:12:27Z,20260705T131224Z,2152,0.6287422769,1.0000000000,0.1652479829,0.4000000000,0.4000000000,0.5302351658
2026-07-05T13:12:27Z,20260705T131224Z,2153,0.6477078140,1.0000000000,0.2146776508,0.5000000000,0.5000000000,0.5798624837
2026-07-05T13:12:27Z,20260705T131224Z,2154,0.7911717252,1.0000000000,0.9052184800,0.5000000000,0.5000000000,0.7538366273
2026-07-05T13:12:27Z,20260705T131224Z,2155,0.8048689313,1.0000000000,0.8743800403,0.6666666667,0.6666666667,0.8094265742
2026-07-05T13:12:27Z,20260705T131224Z,2156,0.6257641301,1.0000000000,0.7377117931,0.2500000000,0.2500000000,0.5914833912
2026-07-05T13:12:27Z,20260705T131224Z,2157,0.7699465438,1.0000000000,0.8719295391,0.4000000000,0.4000000000,0.7068725438
2026-07-05T13:12:27Z,20260705T131224Z,2158,0.7871944139,1.0000000000,0.6683762260,0.6666666667,0.6666666667,0.7638071820
2026-07-05T13:12:27Z,20260705T131224Z,2159,0.7163546253,1.0000000000,0.4670700762,0.8000000000,0.8000000000,0.7525026716
2026-07-05T13:12:27Z,20260705T131224Z,2160,0.7769957847,1.0000000000,0.8643232560,0.7500000000,0.7500000000,0.8296135974
2026-07-05T13:12:27Z,20260705T131224Z,2161,0.9694646303,1.0000000000,0.9173898678,1.0000000000,1.0000000000,0.9758441311
2026-07-05T13:12:27Z,20260705T131224Z,2162,0.8048689313,1.0000000000,0.9502376885,0.6666666667,0.6666666667,0.8245981039
2026-07-05T13:12:27Z,20260705T131224Z,2163,0.5993152312,1.0000000000,0.6148919770,0.2000000000,0.2000000000,0.5428072032
2026-07-05T13:12:27Z,20260705T131224Z,2164,0.7104165758,1.0000000000,0.6242468845,0.5000000000,0.5000000000,0.6774535209
2026-07-05T13:12:27Z,20260705T131224Z,2165,0.7677204728,1.0000000000,0.9665245833,0.5000000000,0.5000000000,0.7602350349
2026-07-05T13:12:27Z,20260705T131224Z,2166,0.7677204728,1.0000000000,0.8888002244,0.5000000000,0.5000000000,0.7446901631
2026-07-05T13:12:27Z,20260705T131224Z,2167,0.8048689313,1.0000000000,0.9163663756,0.6666666667,0.6666666667,0.8178238413
2026-07-05T13:12:27Z,20260705T131224Z,2168,0.7149010414,1.0000000000,0.9501233359,0.5000000000,0.5000000000,0.7437499275
2026-07-05T13:12:27Z,20260705T131224Z,2169,0.6972020364,1.0000000000,0.9176449982,0.5000000000,0.5000000000,0.7328295087
2026-07-05T13:12:27Z,20260705T131224Z,2170,0.8308156933,1.0000000000,0.9478320785,0.6666666667,0.6666666667,0.8306036723
2026-07-05T13:12:27Z,20260705T131224Z,2171,0.7525263750,1.0000000000,0.8726359009,0.5000000000,0.5000000000,0.7376587739
2026-07-05T13:12:27Z,20260705T131224Z,2172,0.8409833805,1.0000000000,0.9213924722,0.8000000000,0.8000000000,0.8745243396
2026-07-05T13:12:27Z,20260705T131224Z,2173,0.7963678734,1.0000000000,0.9229315923,0.6000000000,0.6000000000,0.7936782868
2026-07-05T13:12:27Z,20260705T131224Z,2174,0.6643597294,1.0000000000,0.5919285679,0.4000000000,0.4000000000,0.6244756459
2026-07-05T13:12:27Z,20260705T131224Z,2175,0.6363529993,1.0000000000,0.6096373588,0.3333333333,0.3333333333,0.5976823883
2026-07-05T13:12:27Z,20260705T131224Z,2176,0.6929273934,1.0000000000,0.7568034939,0.4000000000,0.4000000000,0.6645925471
2026-07-05T13:12:27Z,20260705T131224Z,2177,0.7309729266,1.0000000000,0.9355157590,0.5000000000,0.5000000000,0.7448463834
2026-07-05T13:12:27Z,20260705T131224Z,2178,0.7221149473,1.0000000000,0.9167411894,0.3333333333,0.3333333333,0.6805436414
2026-07-05T13:12:27Z,20260705T131224Z,2179,0.7233498105,1.0000000000,0.9500849642,0.3333333333,0.3333333333,0.6875211121
2026-07-05T13:12:27Z,20260705T131224Z,2180,0.6959132760,1.0000000000,0.8276920391,0.6000000000,0.6000000000,0.7495167268
2026-07-05T13:12:27Z,20260705T131224Z,2181,0.6822064905,1.0000000000,0.8214410979,0.4000000000,0.4000000000,0.6748398422
2026-07-05T13:12:27Z,20260705T131224Z,2182,0.6666666667,1.0000000000,0.9526695251,0.3333333333,0.3333333333,0.6738672384
2026-07-05T13:12:27Z,20260705T131224Z,2183,0.6251540513,1.0000000000,0.8260550879,0.2500000000,0.2500000000,0.6089995304
2026-07-05T13:12:27Z,20260705T131224Z,2184,0.7496918975,1.0000000000,0.8933266677,0.5000000000,0.5000000000,0.7410883079
2026-07-05T13:12:27Z,20260705T131224Z,2185,0.7221149473,1.0000000000,0.9167411894,0.3333333333,0.3333333333,0.6805436414
2026-07-05T13:12:27Z,20260705T131224Z,2186,0.7221149473,1.0000000000,0.8292275133,0.3333333333,0.3333333333,0.6630409061
2026-07-05T13:12:27Z,20260705T131224Z,2187,0.8308156933,1.0000000000,0.9316952934,0.6666666667,0.6666666667,0.8273763153
2026-07-05T13:12:27Z,20260705T131224Z,2188,0.7778850527,1.0000000000,0.8210111893,0.6666666667,0.6666666667,0.7920068344
2026-07-05T13:12:27Z,20260705T131224Z,2189,0.8461736740,1.0000000000,0.7996551797,0.7500000000,0.7500000000,0.8339744544
2026-07-05T13:12:27Z,20260705T131224Z,2190,0.7911717252,1.0000000000,0.8977850879,0.5000000000,0.5000000000,0.7523499489
2026-07-05T13:12:27Z,20260705T131224Z,2191,0.8308156933,1.0000000000,0.9011275871,0.6666666667,0.6666666667,0.8212627741
2026-07-05T13:12:27Z,20260705T131224Z,2192,0.7778850527,1.0000000000,0.5702950069,0.6666666667,0.6666666667,0.7418635979
2026-07-05T13:12:27Z,20260705T131224Z,2193,0.6666666667,1.0000000000,0.7925436939,0.3333333333,0.3333333333,0.6418420721
2026-07-05T13:12:27Z,20260705T131224Z,2194,0.7677204728,1.0000000000,0.9665245833,0.5000000000,0.5000000000,0.7602350349
2026-07-05T13:12:27Z,20260705T131224Z,2195,0.7677204728,1.0000000000,0.9665245833,0.5000000000,0.5000000000,0.7602350349
2026-07-05T13:12:27Z,20260705T131224Z,2196,0.8048689313,1.0000000000,0.9646740990,0.6666666667,0.6666666667,0.8274853860
2026-07-05T13:12:27Z,20260705T131224Z,2197,0.8048689313,1.0000000000,0.9502376885,0.6666666667,0.6666666667,0.8245981039
2026-07-05T13:12:27Z,20260705T131224Z,2198,0.6666666667,1.0000000000,0.9220336936,0.3333333333,0.3333333333,0.6677400721
2026-07-05T13:12:27Z,20260705T131224Z,2199,0.6666666667,1.0000000000,0.9526695251,0.3333333333,0.3333333333,0.6738672384
2026-07-05T13:12:27Z,20260705T131224Z,2200,0.6666666667,1.0000000000,0.9526695251,0.3333333333,0.3333333333,0.6738672384
2026-07-05T13:12:27Z,20260705T131224Z,2201,0.7778850527,1.0000000000,0.8157617785,0.6666666667,0.6666666667,0.7909569522
2026-07-05T13:12:27Z,20260705T131224Z,2202,0.8202606934,1.0000000000,0.8767132969,0.7500000000,0.7500000000,0.8429078327
2026-07-05T13:12:27Z,20260705T131224Z,2203,0.7525263750,1.0000000000,0.8584292222,0.5000000000,0.5000000000,0.7348174382
2026-07-05T13:12:27Z,20260705T131224Z,2204,0.8048689313,1.0000000000,0.8902782067,0.6666666667,0.6666666667,0.8126062075
2026-07-05T13:12:27Z,20260705T131224Z,2205,0.8048689313,1.0000000000,0.9151893998,0.6666666667,0.6666666667,0.8175884461
2026-07-05T13:12:27Z,20260705T131224Z,2206,0.7677204728,1.0000000000,0.8888002244,0.5000000000,0.5000000000,0.7446901631
2026-07-05T13:12:27Z,20260705T131224Z,2207,0.7011185094,1.0000000000,0.8614669463,0.2500000000,0.2500000000,0.6350730166
2026-07-05T13:12:27Z,20260705T131224Z,2208,0.7088479087,1.0000000000,0.6710294766,0.6000000000,0.6000000000,0.7214178725
2026-07-05T13:12:27Z,20260705T131224Z,2209,0.5907604056,1.0000000000,0.6645882068,0.3333333333,0.3333333333,0.5972744094
2026-07-05T13:12:27Z,20260705T131224Z,2210,0.6806608889,1.0000000000,0.9256057529,0.4000000000,0.4000000000,0.6952863728
2026-07-05T13:12:27Z,20260705T131224Z,2211,0.7221149473,1.0000000000,0.9167411894,0.3333333333,0.3333333333,0.6805436414
2026-07-05T13:12:27Z,20260705T131224Z,2212,0.7677204728,1.0000000000,0.9665245833,0.5000000000,0.5000000000,0.7602350349
2026-07-05T13:12:27Z,20260705T131224Z,2213,0.7677204728,1.0000000000,0.9665245833,0.5000000000,0.5000000000,0.7602350349
2026-07-05T13:12:27Z,20260705T131224Z,2214,0.9999999953,1.0000000000,1.0000000000,1.0000000000,1.0000000000,0.9999999988
2026-07-05T13:12:27Z,20260705T131224Z,2215,0.7677204728,1.0000000000,0.9665245833,0.5000000000,0.5000000000,0.7602350349
2026-07-05T13:12:27Z,20260705T131224Z,2216,1.0000000000,1.0000000000,1.0000000000,1.0000000000,1.0000000000,1.0000000000
2026-07-05T13:12:27Z,20260705T131224Z,2217,0.7677204728,1.0000000000,0.9665245833,0.5000000000,0.5000000000,0.7602350349
2026-07-05T13:12:27Z,20260705T131224Z,2218,0.7677204728,1.0000000000,0.9295534250,0.5000000000,0.5000000000,0.7528408032
2026-07-05T13:12:27Z,20260705T131224Z,2219,0.7911717252,1.0000000000,0.8066605329,0.5000000000,0.5000000000,0.7341250379
2026-07-05T13:12:27Z,20260705T131224Z,2220,0.6680931393,1.0000000000,0.8046521721,0.3333333333,0.3333333333,0.6446203859
2026-07-05T13:12:27Z,20260705T131224Z,2221,0.8403704676,1.0000000000,0.9410205382,0.7500000000,0.7500000000,0.8607967245
2026-07-05T13:12:27Z,20260705T131224Z,2222,0.8225951886,1.0000000000,0.9626090465,0.7500000000,0.7500000000,0.8606706065
2026-07-05T13:12:27Z,20260705T131224Z,2223,0.8202606934,1.0000000000,0.9474327708,0.7500000000,0.7500000000,0.8570517275
2026-07-05T13:12:27Z,20260705T131224Z,2224,0.6972020364,1.0000000000,0.8841972083,0.5000000000,0.5000000000,0.7261399507
2026-07-05T13:12:27Z,20260705T131224Z,2225,0.7233498105,1.0000000000,0.8886112460,0.3333333333,0.3333333333,0.6752263685
2026-07-05T13:12:27Z,20260705T131224Z,2226,0.9999999953,1.0000000000,1.0000000000,1.0000000000,1.0000000000,0.9999999988
2026-07-05T13:12:27Z,20260705T131224Z,2227,0.9999999953,1.0000000000,1.0000000000,1.0000000000,1.0000000000,0.9999999988
2026-07-05T13:12:27Z,20260705T131224Z,2228,0.9999999953,1.0000000000,1.0000000000,1.0000000000,1.0000000000,0.9999999988
2026-07-05T13:12:27Z,20260705T131224Z,2229,0.7677204728,1.0000000000,0.9665245833,0.5000000000,0.5000000000,0.7602350349
2026-07-05T13:12:27Z,20260705T131224Z,2230,0.7778850527,1.0000000000,0.8655319373,0.6666666667,0.6666666667,0.8009109840
2026-07-05T13:12:27Z,20260705T131224Z,2231,0.5800528066,1.0000000000,0.8418932657,0.2000000000,0.2000000000,0.5833918548
2026-07-05T13:12:27Z,20260705T131224Z,2232,0.7233498105,1.0000000000,0.9500849642,0.3333333333,0.3333333333,0.6875211121
2026-07-05T13:12:27Z,20260705T131224Z,2233,0.7677204728,1.0000000000,0.9665245833,0.5000000000,0.5000000000,0.7602350349
2026-07-05T13:12:27Z,20260705T131224Z,2234,0.6251540513,1.0000000000,0.6895423208,0.2500000000,0.2500000000,0.5816969770
2026-07-05T13:12:27Z,20260705T131224Z,2235,0.7778850527,1.0000000000,0.7082484128,0.6666666667,0.6666666667,0.7694542791
2026-07-05T13:12:27Z,20260705T131224Z,2236,0.7149010414,1.0000000000,0.8099514198,0.4000000000,0.4000000000,0.6807155443
2026-07-05T13:12:27Z,20260705T131224Z,2237,0.7149010414,1.0000000000,0.8069966658,0.4000000000,0.4000000000,0.6801245935
2026-07-05T13:12:27Z,20260705T131224Z,2238,0.6666666667,1.0000000000,0.9004753771,0.3333333333,0.3333333333,0.6634284087
2026-07-05T13:12:27Z,20260705T131224Z,2239,0.6666666667,1.0000000000,0.9220336936,0.3333333333,0.3333333333,0.6677400721
2026-07-05T13:12:27Z,20260705T131224Z,2240,0.6666666667,1.0000000000,0.9526695251,0.3333333333,0.3333333333,0.6738672384
2026-07-05T13:12:27Z,20260705T131224Z,2241,0.6666666667,1.0000000000,0.9526695251,0.3333333333,0.3333333333,0.6738672384
2026-07-05T13:12:27Z,20260705T131224Z,2242,0.7677204728,1.0000000000,0.9665245833,0.5000000000,0.5000000000,0.7602350349
2026-07-05T13:12:27Z,20260705T131224Z,2243,0.7677204728,1.0000000000,0.9665245833,0.5000000000,0.5000000000,0.7602350349
2026-07-05T13:12:27Z,20260705T131224Z,2244,0.7677204728,1.0000000000,0.9665245833,0.5000000000,0.5000000000,0.7602350349
2026-07-05T13:12:27Z,20260705T131224Z,2245,0.7677204728,1.0000000000,0.7422378832,0.5000000000,0.5000000000,0.7153776948
2026-07-05T13:12:27Z,20260705T131224Z,2246,0.7677204728,1.0000000000,0.7422378832,0.5000000000,0.5000000000,0.7153776948
2026-07-05T13:12:27Z,20260705T131224Z,2247,0.7677204728,1.0000000000,0.9665245833,0.5000000000,0.5000000000,0.7602350349
2026-07-05T13:12:27Z,20260705T131224Z,2248,0.6666666667,1.0000000000,0.9220336936,0.3333333333,0.3333333333,0.6677400721
2026-07-05T13:12:27Z,20260705T131224Z,2249,0.8178906433,1.0000000000,0.4054101065,0.6666666667,0.6666666667,0.7188880154
2026-07-05T13:12:27Z,20260705T131224Z,2250,0.5857228750,1.0000000000,0.3329635310,0.2500000000,0.2500000000,0.5005234249
2026-07-05T13:12:27Z,20260705T131224Z,2251,1.0000000000,1.0000000000,0.9592467994,1.0000000000,1.0000000000,0.9918493599
2026-07-05T13:12:27Z,20260705T131224Z,2252,1.0000000000,1.0000000000,0.9999999905,1.0000000000,1.0000000000,0.9999999981
2026-07-05T13:12:27Z,20260705T131224Z,2253,1.0000000000,1.0000000000,0.9222756411,1.0000000000,1.0000000000,0.9844551282
2026-07-05T13:12:27Z,20260705T131224Z,2254,0.8308156933,1.0000000000,0.9446321591,0.6666666667,0.6666666667,0.8299636885
2026-07-05T13:12:27Z,20260705T131224Z,2255,0.6910298409,1.0000000000,0.5542445503,0.6000000000,0.6000000000,0.6936063703
2026-07-05T13:12:27Z,20260705T131224Z,2256,0.5146908800,1.0000000000,0.1810584991,0.1666666667,0.1666666667,0.4232177532
2026-07-05T13:12:27Z,20260705T131224Z,2257,0.7104165758,1.0000000000,0.7316157076,0.5000000000,0.5000000000,0.6989272855
2026-07-05T13:12:27Z,20260705T131224Z,2258,0.6512923670,1.0000000000,0.2474976591,0.2500000000,0.2500000000,0.4998226236
2026-07-05T13:12:27Z,20260705T131224Z,2259,0.7677204728,1.0000000000,0.9665245833,0.5000000000,0.5000000000,0.7602350349
2026-07-05T13:12:27Z,20260705T131224Z,2260,0.7677204728,1.0000000000,0.9665245833,0.5000000000,0.5000000000,0.7602350349
2026-07-05T13:12:27Z,20260705T131224Z,2261,0.9999999953,1.0000000000,1.0000000000,1.0000000000,1.0000000000,0.9999999988
2026-07-05T13:12:27Z,20260705T131224Z,2262,0.7677204728,1.0000000000,0.9295534250,0.5000000000,0.5000000000,0.7528408032
2026-07-05T13:12:27Z,20260705T131224Z,2263,0.9645590544,1.0000000000,0.5704465750,1.0000000000,1.0000000000,0.9052290786
2026-07-05T13:12:27Z,20260705T131224Z,2264,0.6431777520,1.0000000000,0.4991206898,0.3333333333,0.3333333333,0.5772852426
2026-07-05T13:12:27Z,20260705T131224Z,2265,0.7677204728,1.0000000000,0.9665245833,0.5000000000,0.5000000000,0.7602350349
2026-07-05T13:12:27Z,20260705T131224Z,2266,0.7677204728,1.0000000000,0.9665245833,0.5000000000,0.5000000000,0.7602350349
2026-07-05T13:12:27Z,20260705T131224Z,2267,0.6251540513,1.0000000000,0.8260550879,0.2500000000,0.2500000000,0.6089995304
2026-07-05T13:12:27Z,20260705T131224Z,2268,0.7107144013,1.0000000000,0.8459550638,0.5000000000,0.5000000000,0.7218696131
2026-07-05T13:12:27Z,20260705T131224Z,2269,0.8308156933,1.0000000000,0.9005918386,0.6666666667,0.6666666667,0.8211556244
2026-07-05T13:12:27Z,20260705T131224Z,2270,1.0000000000,1.0000000000,0.9999999905,1.0000000000,1.0000000000,0.9999999981
2026-07-05T13:12:27Z,20260705T131224Z,2271,1.0000000000,1.0000000000,0.9630288418,1.0000000000,1.0000000000,0.9926057684
2026-07-05T13:12:27Z,20260705T131224Z,2272,0.8048689313,1.0000000000,0.9646740990,0.6666666667,0.6666666667,0.8274853860
2026-07-05T13:12:27Z,20260705T131224Z,2273,0.6972020364,1.0000000000,0.7230085668,0.5000000000,0.5000000000,0.6939022225
2026-07-05T13:12:27Z,20260705T131224Z,2274,0.7221149473,1.0000000000,0.7213875578,0.3333333333,0.3333333333,0.6414729150
2026-07-05T13:12:27Z,20260705T131224Z,2275,0.7677204728,1.0000000000,0.9665245833,0.5000000000,0.5000000000,0.7602350349
2026-07-05T13:12:27Z,20260705T131224Z,2276,0.7677204728,1.0000000000,0.9665245833,0.5000000000,0.5000000000,0.7602350349
2026-07-05T13:12:27Z,20260705T131224Z,2277,0.7677204728,1.0000000000,0.9665245833,0.5000000000,0.5000000000,0.7602350349
2026-07-05T13:12:27Z,20260705T131224Z,2278,0.7677204728,1.0000000000,0.9665245833,0.5000000000,0.5000000000,0.7602350349
2026-07-05T13:12:27Z,20260705T131224Z,2279,0.9999999953,1.0000000000,1.0000000000,1.0000000000,1.0000000000,0.9999999988
2026-07-05T13:12:27Z,20260705T131224Z,2280,0.9999999953,1.0000000000,1.0000000000,1.0000000000,1.0000000000,0.9999999988
2026-07-05T13:12:27Z,20260705T131224Z,2281,0.9999999953,1.0000000000,1.0000000000,1.0000000000,1.0000000000,0.9999999988
2026-07-05T13:12:27Z,20260705T131224Z,2282,0.9999999953,1.0000000000,1.0000000000,1.0000000000,1.0000000000,0.9999999988
2026-07-05T13:12:27Z,20260705T131224Z,2283,0.7677204728,1.0000000000,0.8888002244,0.5000000000,0.5000000000,0.7446901631
2026-07-05T13:12:27Z,20260705T131224Z,2284,0.8308156933,1.0000000000,0.9478320785,0.6666666667,0.6666666667,0.8306036723
2026-07-05T13:12:27Z,20260705T131224Z,2285,0.7637095623,1.0000000000,0.8988870829,0.6000000000,0.6000000000,0.7807048071
2026-07-05T13:12:27Z,20260705T131224Z,2286,0.7577939162,1.0000000000,0.8859872335,0.6000000000,0.6000000000,0.7766459257
2026-07-05T13:12:27Z,20260705T131224Z,2287,0.8225951886,1.0000000000,0.9626090465,0.7500000000,0.7500000000,0.8606706065
2026-07-05T13:12:27Z,20260705T131224Z,2288,0.7191392460,1.0000000000,0.8200408464,0.6000000000,0.6000000000,0.7537929808
2026-07-05T13:12:27Z,20260705T131224Z,2289,0.7011185094,1.0000000000,0.7940411304,0.2500000000,0.2500000000,0.6215878534
2026-07-05T13:12:27Z,20260705T131224Z,2290,0.7677204728,1.0000000000,0.7422378832,0.5000000000,0.5000000000,0.7153776948
2026-07-05T13:12:27Z,20260705T131224Z,2291,0.7778850527,1.0000000000,0.6584265939,0.6666666667,0.6666666667,0.7594899153
2026-07-05T13:12:27Z,20260705T131224Z,2292,0.7778850527,1.0000000000,0.5657838462,0.6666666667,0.6666666667,0.7409613658
2026-07-05T13:12:27Z,20260705T131224Z,2293,0.7677204728,1.0000000000,0.9665245833,0.5000000000,0.5000000000,0.7602350349
2026-07-05T13:12:27Z,20260705T131224Z,2294,0.9999999953,1.0000000000,1.0000000000,1.0000000000,1.0000000000,0.9999999988
2026-07-05T13:12:27Z,20260705T131224Z,2295,0.9999999953,1.0000000000,1.0000000000,1.0000000000,1.0000000000,0.9999999988
2026-07-05T13:12:27Z,20260705T131224Z,2296,0.9999999953,1.0000000000,1.0000000000,1.0000000000,1.0000000000,0.9999999988
2026-07-05T13:12:27Z,20260705T131224Z,2297,0.9999999953,1.0000000000,1.0000000000,1.0000000000,1.0000000000,0.9999999988
2026-07-05T13:12:27Z,20260705T131224Z,2298,0.7677204728,1.0000000000,0.7951672353,0.5000000000,0.5000000000,0.7259635653
2026-07-05T13:12:27Z,20260705T131224Z,2299,0.6251540513,1.0000000000,0.7794385644,0.2500000000,0.2500000000,0.5996762257
2026-07-05T13:12:27Z,20260705T131224Z,2300,0.8308156933,1.0000000000,0.9626244068,0.6666666667,0.6666666667,0.8335621380
2026-07-05T13:12:27Z,20260705T131224Z,2301,0.8308156933,1.0000000000,0.9384884944,0.6666666667,0.6666666667,0.8287349555
2026-07-05T13:12:27Z,20260705T131224Z,2302,0.8308156933,1.0000000000,0.9069391514,0.6666666667,0.6666666667,0.8224250869
2026-07-05T13:12:27Z,20260705T131224Z,2303,0.7677204728,1.0000000000,0.9665245833,0.5000000000,0.5000000000,0.7602350349
2026-07-05T13:12:27Z,20260705T131224Z,2304,0.7677204728,1.0000000000,0.9665245833,0.5000000000,0.5000000000,0.7602350349
2026-07-05T13:12:27Z,20260705T131224Z,2305,0.4205836188,1.0000000000,0.0000000000,0.0000000000,0.0000000000,0.3051459047
2026-07-05T13:12:27Z,20260705T131224Z,2306,0.7677204728,1.0000000000,0.9665245833,0.5000000000,0.5000000000,0.7602350349
2026-07-05T13:12:27Z,20260705T131224Z,2307,0.7677204728,1.0000000000,0.7951672353,0.5000000000,0.5000000000,0.7259635653
2026-07-05T13:12:27Z,20260705T131224Z,2308,0.6186566985,1.0000000000,0.2045394815,0.3333333333,0.3333333333,0.5122387376
2026-07-05T13:12:27Z,20260705T131224Z,2309,0.6666666667,1.0000000000,0.9526695251,0.3333333333,0.3333333333,0.6738672384
2026-07-05T13:12:27Z,20260705T131224Z,2310,0.7677204728,1.0000000000,0.9665245833,0.5000000000,0.5000000000,0.7602350349
2026-07-05T13:12:27Z,20260705T131224Z,2311,0.7677204728,1.0000000000,0.9295534250,0.5000000000,0.5000000000,0.7528408032
2026-07-05T13:12:27Z,20260705T131224Z,2312,0.7677204728,1.0000000000,0.9295534250,0.5000000000,0.5000000000,0.7528408032
2026-07-05T13:12:27Z,20260705T131224Z,2313,0.9999999953,1.0000000000,1.0000000000,1.0000000000,1.0000000000,0.9999999988
2026-07-05T13:12:27Z,20260705T131224Z,2314,0.7677204728,1.0000000000,0.9665245833,0.5000000000,0.5000000000,0.7602350349
2026-07-05T13:12:27Z,20260705T131224Z,2315,0.7677204728,1.0000000000,0.9665245833,0.5000000000,0.5000000000,0.7602350349
2026-07-05T13:12:27Z,20260705T131224Z,2316,0.9999999953,1.0000000000,1.0000000000,1.0000000000,1.0000000000,0.9999999988
2026-07-05T13:12:27Z,20260705T131224Z,2317,0.7677204728,1.0000000000,0.9295534250,0.5000000000,0.5000000000,0.7528408032
2026-07-05T13:12:27Z,20260705T131224Z,2318,0.8308156933,1.0000000000,0.9384884944,0.6666666667,0.6666666667,0.8287349555
2026-07-05T13:12:27Z,20260705T131224Z,2319,0.7562608037,1.0000000000,0.5268045621,0.6000000000,0.6000000000,0.7044261133
2026-07-05T13:12:27Z,20260705T131224Z,2320,0.8423521852,1.0000000000,0.5423204867,0.8000000000,0.8000000000,0.7990521436
2026-07-05T13:12:27Z,20260705T131224Z,2321,0.7545100415,1.0000000000,0.6067048884,0.6000000000,0.6000000000,0.7199684880
2026-07-05T13:12:27Z,20260705T131224Z,2322,0.7297943644,1.0000000000,0.4319336517,0.7500000000,0.7500000000,0.7313353214
2026-07-05T13:12:27Z,20260705T131224Z,2323,1.0000000000,1.0000000000,1.0000000000,1.0000000000,1.0000000000,1.0000000000
2026-07-05T13:12:27Z,20260705T131224Z,2324,0.9694646303,1.0000000000,0.9607964412,1.0000000000,1.0000000000,0.9845254458
2026-07-05T13:12:27Z,20260705T131224Z,2325,0.7221149473,1.0000000000,0.9167411894,0.3333333333,0.3333333333,0.6805436414
2026-07-05T13:12:27Z,20260705T131224Z,2326,0.7221149473,1.0000000000,0.7213875578,0.3333333333,0.3333333333,0.6414729150
2026-07-05T13:12:27Z,20260705T131224Z,2327,0.8308156933,1.0000000000,0.9522826136,0.6666666667,0.6666666667,0.8314937794
2026-07-05T13:12:27Z,20260705T131224Z,2328,0.7677204728,1.0000000000,0.7422378832,0.5000000000,0.5000000000,0.7153776948
2026-07-05T13:12:27Z,20260705T131224Z,2329,0.9999999953,1.0000000000,1.0000000000,1.0000000000,1.0000000000,0.9999999988
2026-07-05T13:12:27Z,20260705T131224Z,2330,0.9999999953,1.0000000000,1.0000000000,1.0000000000,1.0000000000,0.9999999988
2026-07-05T13:12:27Z,20260705T131224Z,2331,0.9999999953,1.0000000000,1.0000000000,1.0000000000,1.0000000000,0.9999999988
2026-07-05T13:12:27Z,20260705T131224Z,2332,0.7677204728,1.0000000000,0.9665245833,0.5000000000,0.5000000000,0.7602350349
2026-07-05T13:12:27Z,20260705T131224Z,2333,0.7677204728,1.0000000000,0.9665245833,0.5000000000,0.5000000000,0.7602350349
2026-07-05T13:12:27Z,20260705T131224Z,2334,0.7677204728,1.0000000000,0.9665245833,0.5000000000,0.5000000000,0.7602350349
2026-07-05T13:12:27Z,20260705T131224Z,2335,1.0000000000,1.0000000000,0.9222756411,1.0000000000,1.0000000000,0.9844551282
2026-07-05T13:12:27Z,20260705T131224Z,2336,0.8308156933,1.0000000000,0.9478320785,0.6666666667,0.6666666667,0.8306036723
2026-07-05T13:12:27Z,20260705T131224Z,2337,0.7309729266,1.0000000000,0.9355157590,0.5000000000,0.5000000000,0.7448463834
2026-07-05T13:12:27Z,20260705T131224Z,2338,0.8048689313,1.0000000000,0.9646740990,0.6666666667,0.6666666667,0.8274853860
2026-07-05T13:12:27Z,20260705T131224Z,2339,0.7295870522,1.0000000000,0.9115516734,0.5000000000,0.5000000000,0.7397070977
2026-07-05T13:12:27Z,20260705T131224Z,2340,0.7295870522,1.0000000000,0.9066127506,0.5000000000,0.5000000000,0.7387193132
2026-07-05T13:12:27Z,20260705T131224Z,2341,0.7677204728,1.0000000000,0.9295534250,0.5000000000,0.5000000000,0.7528408032
2026-07-05T13:12:27Z,20260705T131224Z,2342,0.7677204728,1.0000000000,0.6855471582,0.5000000000,0.5000000000,0.7040395498
2026-07-05T13:12:27Z,20260705T131224Z,2343,0.9291181088,1.0000000000,0.7510018070,1.0000000000,1.0000000000,0.9324798886
2026-07-05T13:12:27Z,20260705T131224Z,2344,0.6968385816,1.0000000000,0.4365489651,0.5000000000,0.5000000000,0.6365194384
2026-07-05T13:12:27Z,20260705T131224Z,2345,0.9999999953,1.0000000000,1.0000000000,1.0000000000,1.0000000000,0.9999999988
2026-07-05T13:12:27Z,20260705T131224Z,2346,0.9999999953,1.0000000000,1.0000000000,1.0000000000,1.0000000000,0.9999999988
2026-07-05T13:12:27Z,20260705T131224Z,2347,0.7677204728,1.0000000000,0.9295534250,0.5000000000,0.5000000000,0.7528408032
2026-07-05T13:12:27Z,20260705T131224Z,2348,0.7677204728,1.0000000000,0.9295534250,0.5000000000,0.5000000000,0.7528408032
2026-07-05T13:12:27Z,20260705T131224Z,2349,0.9999999953,1.0000000000,1.0000000000,1.0000000000,1.0000000000,0.9999999988
2026-07-05T13:12:27Z,20260705T131224Z,2350,0.9999999953,1.0000000000,1.0000000000,1.0000000000,1.0000000000,0.9999999988
2026-07-05T13:12:27Z,20260705T131224Z,2351,0.7677204728,1.0000000000,0.9295534250,0.5000000000,0.5000000000,0.7528408032
2026-07-05T13:12:27Z,20260705T131224Z,2352,0.7517556886,1.0000000000,0.5038819241,0.6666666667,0.6666666667,0.7220486403
2026-07-05T13:12:27Z,20260705T131224Z,2353,0.8266479091,1.0000000000,0.8823619077,0.6666666667,0.6666666667,0.8164676922
2026-07-05T13:12:27Z,20260705T131224Z,2354,0.6251540513,1.0000000000,0.5488874804,0.2500000000,0.2500000000,0.5535660089
2026-07-05T13:12:27Z,20260705T131224Z,2355,0.8308156933,1.0000000000,0.9069391514,0.6666666667,0.6666666667,0.8224250869
2026-07-05T13:12:27Z,20260705T131224Z,2356,0.8048689313,1.0000000000,0.9646740990,0.6666666667,0.6666666667,0.8274853860
2026-07-05T13:12:27Z,20260705T131224Z,2357,0.8048689313,1.0000000000,0.9646740990,0.6666666667,0.6666666667,0.8274853860
2026-07-05T13:12:27Z,20260705T131224Z,2358,1.0000000000,1.0000000000,0.9630288418,1.0000000000,1.0000000000,0.9926057684
2026-07-05T13:12:27Z,20260705T131224Z,2359,0.8048689313,1.0000000000,0.9502376885,0.6666666667,0.6666666667,0.8245981039
2026-07-05T13:12:27Z,20260705T131224Z,2360,0.7233498105,1.0000000000,0.9500849642,0.3333333333,0.3333333333,0.6875211121
2026-07-05T13:12:27Z,20260705T131224Z,2361,0.9999999953,1.0000000000,1.0000000000,1.0000000000,1.0000000000,0.9999999988
2026-07-05T13:12:27Z,20260705T131224Z,2362,0.9999999953,1.0000000000,1.0000000000,1.0000000000,1.0000000000,0.9999999988
2026-07-05T13:12:27Z,20260705T131224Z,2363,0.7677204728,1.0000000000,0.9665245833,0.5000000000,0.5000000000,0.7602350349
2026-07-05T13:12:27Z,20260705T131224Z,2364,0.7677204728,1.0000000000,0.9665245833,0.5000000000,0.5000000000,0.7602350349
2026-07-05T13:12:27Z,20260705T131224Z,2365,0.9999999953,1.0000000000,1.0000000000,1.0000000000,1.0000000000,0.9999999988
2026-07-05T13:12:27Z,20260705T131224Z,2366,0.7677204728,1.0000000000,0.9665245833,0.5000000000,0.5000000000,0.7602350349
2026-07-05T13:12:27Z,20260705T131224Z,2367,0.7677204728,1.0000000000,0.9665245833,0.5000000000,0.5000000000,0.7602350349
2026-07-05T13:12:27Z,20260705T131224Z,2368,0.7221149473,1.0000000000,0.9167411894,0.3333333333,0.3333333333,0.6805436414
2026-07-05T13:12:27Z,20260705T131224Z,2369,1.0000000000,1.0000000000,0.9565934266,1.0000000000,1.0000000000,0.9913186853
2026-07-05T13:12:27Z,20260705T131224Z,2370,0.9694646303,1.0000000000,0.9447286544,1.0000000000,1.0000000000,0.9813118885
2026-07-05T13:12:27Z,20260705T131224Z,2371,1.0000000000,1.0000000000,0.9385262818,1.0000000000,1.0000000000,0.9877052564
2026-07-05T13:12:27Z,20260705T131224Z,2372,0.8048689313,1.0000000000,0.9646740990,0.6666666667,0.6666666667,0.8274853860
2026-07-05T13:12:27Z,20260705T131224Z,2373,0.6666666667,1.0000000000,0.9220336936,0.3333333333,0.3333333333,0.6677400721
2026-07-05T13:12:27Z,20260705T131224Z,2374,0.6251540513,1.0000000000,0.8910669939,0.2500000000,0.2500000000,0.6220019116
2026-07-05T13:12:27Z,20260705T131224Z,2375,0.7221149473,1.0000000000,0.9167411894,0.3333333333,0.3333333333,0.6805436414
2026-07-05T13:12:27Z,20260705T131224Z,2376,0.9999999953,1.0000000000,1.0000000000,1.0000000000,1.0000000000,0.9999999988
2026-07-05T13:12:27Z,20260705T131224Z,2377,0.9999999953,1.0000000000,1.0000000000,1.0000000000,1.0000000000,0.9999999988
2026-07-05T13:12:27Z,20260705T131224Z,2378,0.9999999953,1.0000000000,1.0000000000,1.0000000000,1.0000000000,0.9999999988
2026-07-05T13:12:27Z,20260705T131224Z,2379,0.7677204728,1.0000000000,0.9665245833,0.5000000000,0.5000000000,0.7602350349
2026-07-05T13:12:27Z,20260705T131224Z,2380,0.7677204728,1.0000000000,0.9665245833,0.5000000000,0.5000000000,0.7602350349
2026-07-05T13:12:27Z,20260705T131224Z,2381,0.7233498105,1.0000000000,0.9500849642,0.3333333333,0.3333333333,0.6875211121
2026-07-05T13:12:27Z,20260705T131224Z,2382,0.7233498105,1.0000000000,0.9500849642,0.3333333333,0.3333333333,0.6875211121
2026-07-05T13:12:27Z,20260705T131224Z,2383,0.6888213532,1.0000000000,0.7017030379,0.2000000000,0.2000000000,0.5825459459
2026-07-05T13:12:27Z,20260705T131224Z,2384,0.8308562200,1.0000000000,0.7501589798,0.8000000000,0.8000000000,0.8377458510
2026-07-05T13:12:27Z,20260705T131224Z,2385,0.7911717252,1.0000000000,0.9194711772,0.5000000000,0.5000000000,0.7566871667
2026-07-05T13:12:27Z,20260705T131224Z,2386,0.7104165758,1.0000000000,0.6687179897,0.5000000000,0.5000000000,0.6863477419
2026-07-05T13:12:27Z,20260705T131224Z,2387,0.7104165758,1.0000000000,0.6681352281,0.5000000000,0.5000000000,0.6862311896
2026-07-05T13:12:27Z,20260705T131224Z,2388,0.7778850527,1.0000000000,0.9254705402,0.6666666667,0.6666666667,0.8128987046
2026-07-05T13:12:27Z,20260705T131224Z,2389,0.6418468079,1.0000000000,0.5070172109,0.3333333333,0.3333333333,0.5785318108
2026-07-05T13:12:27Z,20260705T131224Z,2390,0.7149010414,1.0000000000,0.4944533082,0.4000000000,0.4000000000,0.6176159220
2026-07-05T13:12:27Z,20260705T131224Z,2391,0.6666666667,1.0000000000,0.8405601341,0.3333333333,0.3333333333,0.6514453602
2026-07-05T13:12:27Z,20260705T131224Z,2392,0.7677204728,1.0000000000,0.8440417392,0.5000000000,0.5000000000,0.7357384660
2026-07-05T13:12:27Z,20260705T131224Z,2393,0.9999999953,1.0000000000,1.0000000000,1.0000000000,1.0000000000,0.9999999988
2026-07-05T13:12:27Z,20260705T131224Z,2394,0.7677204728,1.0000000000,0.9665245833,0.5000000000,0.5000000000,0.7602350349
2026-07-05T13:12:27Z,20260705T131224Z,2395,0.7677204728,1.0000000000,0.9665245833,0.5000000000,0.5000000000,0.7602350349
2026-07-05T13:12:27Z,20260705T131224Z,2396,0.9999999953,1.0000000000,1.0000000000,1.0000000000,1.0000000000,0.9999999988
2026-07-05T13:12:27Z,20260705T131224Z,2397,0.7221149473,1.0000000000,0.8757779321,0.3333333333,0.3333333333,0.6723509899
2026-07-05T13:12:27Z,20260705T131224Z,2398,0.7221149473,1.0000000000,0.8757779321,0.3333333333,0.3333333333,0.6723509899
2026-07-05T13:12:27Z,20260705T131224Z,2399,0.7233498105,1.0000000000,0.9500849642,0.3333333333,0.3333333333,0.6875211121
2026-07-05T13:12:27Z,20260705T131224Z,2400,0.9694646303,1.0000000000,0.8155342113,1.0000000000,1.0000000000,0.9554729998
2026-07-05T13:12:27Z,20260705T131224Z,2401,0.6498738620,1.0000000000,0.5507136094,0.4000000000,0.4000000000,0.6126111874
2026-07-05T13:12:27Z,20260705T131224Z,2402,0.6643597294,1.0000000000,0.5629042839,0.4000000000,0.4000000000,0.6186707891
2026-07-05T13:12:27Z,20260705T131224Z,2403,1.0000000000,1.0000000000,0.8625904794,1.0000000000,1.0000000000,0.9725180959
2026-07-05T13:12:27Z,20260705T131224Z,2404,0.8048689313,1.0000000000,0.9646740990,0.6666666667,0.6666666667,0.8274853860
2026-07-05T13:12:27Z,20260705T131224Z,2405,0.5997124834,1.0000000000,0.8575420650,0.2000000000,0.2000000000,0.5914365339
2026-07-05T13:12:27Z,20260705T131224Z,2406,0.6937816918,1.0000000000,0.8868005442,0.4000000000,0.4000000000,0.6908055318
2026-07-05T13:12:27Z,20260705T131224Z,2407,0.7233498105,1.0000000000,0.9500849642,0.3333333333,0.3333333333,0.6875211121
2026-07-05T13:12:27Z,20260705T131224Z,2408,0.7011185094,1.0000000000,0.7940411304,0.2500000000,0.2500000000,0.6215878534
2026-07-05T13:12:27Z,20260705T131224Z,2409,0.7011185094,1.0000000000,0.7940411304,0.2500000000,0.2500000000,0.6215878534
2026-07-05T13:12:27Z,20260705T131224Z,2410,0.7677204728,1.0000000000,0.9665245833,0.5000000000,0.5000000000,0.7602350349
2026-07-05T13:12:27Z,20260705T131224Z,2411,0.7677204728,1.0000000000,0.9665245833,0.5000000000,0.5000000000,0.7602350349
2026-07-05T13:12:27Z,20260705T131224Z,2412,0.9999999953,1.0000000000,1.0000000000,1.0000000000,1.0000000000,0.9999999988
2026-07-05T13:12:27Z,20260705T131224Z,2413,0.9999999953,1.0000000000,1.0000000000,1.0000000000,1.0000000000,0.9999999988
2026-07-05T13:12:27Z,20260705T131224Z,2414,0.9999999953,1.0000000000,1.0000000000,1.0000000000,1.0000000000,0.9999999988
2026-07-05T13:12:27Z,20260705T131224Z,2415,0.7677204728,1.0000000000,0.9665245833,0.5000000000,0.5000000000,0.7602350349
2026-07-05T13:12:27Z,20260705T131224Z,2416,0.6257641301,1.0000000000,0.9399182504,0.2500000000,0.2500000000,0.6319246826
2026-07-05T13:12:27Z,20260705T131224Z,2417,0.9694646303,1.0000000000,0.8695385445,1.0000000000,1.0000000000,0.9662738665
2026-07-05T13:12:27Z,20260705T131224Z,2418,0.9694646303,1.0000000000,0.9058217895,1.0000000000,1.0000000000,0.9735305155
2026-07-05T13:12:27Z,20260705T131224Z,2419,0.6188156253,1.0000000000,0.8657390897,0.3333333333,0.3333333333,0.6445183909
2026-07-05T13:12:27Z,20260705T131224Z,2420,0.7006776931,1.0000000000,0.8967929107,0.4000000000,0.4000000000,0.6945280054
2026-07-05T13:12:27Z,20260705T131224Z,2421,0.6829229447,1.0000000000,0.8654241914,0.4000000000,0.4000000000,0.6838155744
2026-07-05T13:12:27Z,20260705T131224Z,2422,0.7906944453,1.0000000000,0.9099794801,0.8000000000,0.8000000000,0.8596695074
2026-07-05T13:12:27Z,20260705T131224Z,2423,0.7145061183,1.0000000000,0.7027982916,0.6000000000,0.6000000000,0.7291861879
2026-07-05T13:12:27Z,20260705T131224Z,2424,0.7011185094,1.0000000000,0.6978931265,0.2500000000,0.2500000000,0.6023582527
2026-07-05T13:12:27Z,20260705T131224Z,2425,0.7677204728,1.0000000000,0.9665245833,0.5000000000,0.5000000000,0.7602350349
2026-07-05T13:12:27Z,20260705T131224Z,2426,0.7677204728,1.0000000000,0.9665245833,0.5000000000,0.5000000000,0.7602350349
2026-07-05T13:12:27Z,20260705T131224Z,2427,0.9999999953,1.0000000000,1.0000000000,1.0000000000,1.0000000000,0.9999999988
2026-07-05T13:12:27Z,20260705T131224Z,2428,0.7677204728,1.0000000000,0.9665245833,0.5000000000,0.5000000000,0.7602350349
2026-07-05T13:12:27Z,20260705T131224Z,2429,0.6666666667,1.0000000000,0.9526695251,0.3333333333,0.3333333333,0.6738672384
2026-07-05T13:12:27Z,20260705T131224Z,2430,0.7677204728,1.0000000000,0.9665245833,0.5000000000,0.5000000000,0.7602350349
2026-07-05T13:12:27Z,20260705T131224Z,2431,0.9999999953,1.0000000000,1.0000000000,1.0000000000,1.0000000000,0.9999999988
2026-07-05T13:12:27Z,20260705T131224Z,2432,0.7677204728,1.0000000000,0.9665245833,0.5000000000,0.5000000000,0.7602350349
2026-07-05T13:12:27Z,20260705T131224Z,2433,0.6666666667,1.0000000000,0.8405601341,0.3333333333,0.3333333333,0.6514453602
2026-07-05T13:12:27Z,20260705T131224Z,2434,0.7295870522,1.0000000000,0.7406675758,0.5000000000,0.5000000000,0.7055302782
2026-07-05T13:12:27Z,20260705T131224Z,2435,0.7811646086,1.0000000000,0.4359057832,0.5000000000,0.5000000000,0.6574723088
2026-07-05T13:12:27Z,20260705T131224Z,2436,0.5822138547,1.0000000000,0.2008099182,0.2500000000,0.2500000000,0.4732154473
2026-07-05T13:12:27Z,20260705T131224Z,2437,0.8308156933,1.0000000000,0.9069391514,0.6666666667,0.6666666667,0.8224250869
2026-07-05T13:12:27Z,20260705T131224Z,2438,0.6251540513,1.0000000000,0.8260550879,0.2500000000,0.2500000000,0.6089995304
2026-07-05T13:12:27Z,20260705T131224Z,2439,0.5796768414,1.0000000000,0.8104531428,0.2000000000,0.2000000000,0.5770098389
2026-07-05T13:12:27Z,20260705T131224Z,2440,0.7309729266,1.0000000000,0.9355157590,0.5000000000,0.5000000000,0.7448463834
2026-07-05T13:12:27Z,20260705T131224Z,2441,0.7149010414,1.0000000000,0.7411238396,0.5000000000,0.5000000000,0.7019500283
2026-07-05T13:12:27Z,20260705T131224Z,2442,0.8023452586,1.0000000000,0.2558633250,0.7500000000,0.7500000000,0.7142589797
2026-07-05T13:12:27Z,20260705T131224Z,2443,0.7743054762,1.0000000000,0.8516966192,0.7500000000,0.7500000000,0.8264156929
2026-07-05T13:12:27Z,20260705T131224Z,2444,0.6665729829,1.0000000000,0.1655535433,0.3333333333,0.3333333333,0.5164206211
2026-07-05T13:12:27Z,20260705T131224Z,2445,0.9999999953,1.0000000000,1.0000000000,1.0000000000,1.0000000000,0.9999999988
2026-07-05T13:12:27Z,20260705T131224Z,2446,0.7677204728,1.0000000000,0.9665245833,0.5000000000,0.5000000000,0.7602350349
2026-07-05T13:12:27Z,20260705T131224Z,2447,0.7677204728,1.0000000000,0.9665245833,0.5000000000,0.5000000000,0.7602350349
2026-07-05T13:12:27Z,20260705T131224Z,2448,0.9999999953,1.0000000000,1.0000000000,1.0000000000,1.0000000000,0.9999999988
2026-07-05T13:12:27Z,20260705T131224Z,2449,0.9999999953,1.0000000000,1.0000000000,1.0000000000,1.0000000000,0.9999999988
2026-07-05T13:12:27Z,20260705T131224Z,2450,0.9999999953,1.0000000000,1.0000000000,1.0000000000,1.0000000000,0.9999999988
2026-07-05T13:12:27Z,20260705T131224Z,2451,0.7677204728,1.0000000000,0.9295534250,0.5000000000,0.5000000000,0.7528408032
2026-07-05T13:12:27Z,20260705T131224Z,2452,1.0000000000,1.0000000000,0.9999999905,1.0000000000,1.0000000000,0.9999999981
2026-07-05T13:12:27Z,20260705T131224Z,2453,0.7911717252,1.0000000000,0.9194711772,0.5000000000,0.5000000000,0.7566871667
2026-07-05T13:12:27Z,20260705T131224Z,2454,0.7911717252,1.0000000000,0.8908243304,0.5000000000,0.5000000000,0.7509577974
2026-07-05T13:12:27Z,20260705T131224Z,2455,0.8048689313,1.0000000000,0.9646740990,0.6666666667,0.6666666667,0.8274853860
2026-07-05T13:12:27Z,20260705T131224Z,2456,0.5804306233,1.0000000000,0.9294456816,0.2000000000,0.2000000000,0.6009967921
2026-07-05T13:12:27Z,20260705T131224Z,2457,0.8048689313,1.0000000000,0.9646740990,0.6666666667,0.6666666667,0.8274853860
2026-07-05T13:12:27Z,20260705T131224Z,2458,0.7677204728,1.0000000000,0.9665245833,0.5000000000,0.5000000000,0.7602350349
2026-07-05T13:12:27Z,20260705T131224Z,2459,0.9999999953,1.0000000000,1.0000000000,1.0000000000,1.0000000000,0.9999999988
2026-07-05T13:12:27Z,20260705T131224Z,2460,0.9999999953,1.0000000000,1.0000000000,1.0000000000,1.0000000000,0.9999999988
2026-07-05T13:12:27Z,20260705T131224Z,2461,0.9999999953,1.0000000000,1.0000000000,1.0000000000,1.0000000000,0.9999999988
2026-07-05T13:12:27Z,20260705T131224Z,2462,0.9999999953,1.0000000000,1.0000000000,1.0000000000,1.0000000000,0.9999999988
2026-07-05T13:12:27Z,20260705T131224Z,2463,0.9999999953,1.0000000000,1.0000000000,1.0000000000,1.0000000000,0.9999999988
2026-07-05T13:12:27Z,20260705T131224Z,2464,0.7677204728,1.0000000000,0.9665245833,0.5000000000,0.5000000000,0.7602350349
2026-07-05T13:12:27Z,20260705T131224Z,2465,0.6251540513,1.0000000000,0.8462067276,0.2500000000,0.2500000000,0.6130298583
2026-07-05T13:12:27Z,20260705T131224Z,2466,0.8224757615,1.0000000000,0.9035266522,0.7500000000,0.7500000000,0.8488242708
2026-07-05T13:12:27Z,20260705T131224Z,2467,1.0000000000,1.0000000000,0.8841863988,1.0000000000,1.0000000000,0.9768372798
2026-07-05T13:12:27Z,20260705T131224Z,2468,0.7182627872,1.0000000000,0.7482221166,0.6000000000,0.6000000000,0.7392101201
2026-07-05T13:12:27Z,20260705T131224Z,2469,0.8296522562,1.0000000000,0.8974757088,0.7500000000,0.7500000000,0.8494082058
2026-07-05T13:12:27Z,20260705T131224Z,2470,0.6820617591,1.0000000000,0.8948655417,0.5000000000,0.5000000000,0.7244885481
2026-07-05T13:12:27Z,20260705T131224Z,2471,0.7107144013,1.0000000000,0.8274675792,0.5000000000,0.5000000000,0.7181721162
2026-07-05T13:12:27Z,20260705T131224Z,2472,0.7221149473,1.0000000000,0.8292275133,0.3333333333,0.3333333333,0.6630409061
2026-07-05T13:12:27Z,20260705T131224Z,2473,0.7233498105,1.0000000000,0.9500849642,0.3333333333,0.3333333333,0.6875211121
2026-07-05T13:12:27Z,20260705T131224Z,2474,0.7233498105,1.0000000000,0.9500849642,0.3333333333,0.3333333333,0.6875211121
2026-07-05T13:12:27Z,20260705T131224Z,2475,0.9999999953,1.0000000000,1.0000000000,1.0000000000,1.0000000000,0.9999999988
2026-07-05T13:12:27Z,20260705T131224Z,2476,0.9999999953,1.0000000000,1.0000000000,1.0000000000,1.0000000000,0.9999999988
2026-07-05T13:12:27Z,20260705T131224Z,2477,0.7677204728,1.0000000000,0.9665245833,0.5000000000,0.5000000000,0.7602350349
2026-07-05T13:12:27Z,20260705T131224Z,2478,0.6666666667,1.0000000000,0.9220336936,0.3333333333,0.3333333333,0.6677400721
2026-07-05T13:12:27Z,20260705T131224Z,2479,0.7677204728,1.0000000000,0.9295534250,0.5000000000,0.5000000000,0.7528408032
2026-07-05T13:12:27Z,20260705T131224Z,2480,0.7221149473,1.0000000000,0.5973455428,0.3333333333,0.3333333333,0.6166645120
2026-07-05T13:12:27Z,20260705T131224Z,2481,0.7415433010,1.0000000000,0.8514072073,0.5000000000,0.5000000000,0.7306672667
2026-07-05T13:12:27Z,20260705T131224Z,2482,0.6683552816,1.0000000000,0.4657834868,0.5000000000,0.5000000000,0.6352455178
2026-07-05T13:12:27Z,20260705T131224Z,2483,1.0000000000,1.0000000000,1.0000000000,1.0000000000,1.0000000000,1.0000000000
2026-07-05T13:12:27Z,20260705T131224Z,2484,0.8308156933,1.0000000000,0.9069391514,0.6666666667,0.6666666667,0.8224250869
2026-07-05T13:12:27Z,20260705T131224Z,2485,0.7295870522,1.0000000000,0.9115516734,0.5000000000,0.5000000000,0.7397070977
2026-07-05T13:12:27Z,20260705T131224Z,2486,0.8403704676,1.0000000000,0.9410205382,0.7500000000,0.7500000000,0.8607967245
2026-07-05T13:12:27Z,20260705T131224Z,2487,0.7233498105,1.0000000000,0.9500849642,0.3333333333,0.3333333333,0.6875211121
2026-07-05T13:12:27Z,20260705T131224Z,2488,0.6968385816,1.0000000000,0.2048327647,0.5000000000,0.5000000000,0.5901761983
2026-07-05T13:12:27Z,20260705T131224Z,2489,0.8178906433,1.0000000000,0.4332782980,0.6666666667,0.6666666667,0.7244616537
2026-07-05T13:12:27Z,20260705T131224Z,2490,0.7221149473,1.0000000000,0.7499837614,0.3333333333,0.3333333333,0.6471921558
2026-07-05T13:12:27Z,20260705T131224Z,2491,0.9999999953,1.0000000000,1.0000000000,1.0000000000,1.0000000000,0.9999999988
2026-07-05T13:12:27Z,20260705T131224Z,2492,0.7677204728,1.0000000000,0.9665245833,0.5000000000,0.5000000000,0.7602350349
2026-07-05T13:12:27Z,20260705T131224Z,2493,0.7677204728,1.0000000000,0.9665245833,0.5000000000,0.5000000000,0.7602350349
2026-07-05T13:12:27Z,20260705T131224Z,2494,0.9999999953,1.0000000000,1.0000000000,1.0000000000,1.0000000000,0.9999999988
2026-07-05T13:12:27Z,20260705T131224Z,2495,0.9999999953,1.0000000000,1.0000000000,1.0000000000,1.0000000000,0.9999999988
2026-07-05T13:12:27Z,20260705T131224Z,2496,0.7677204728,1.0000000000,0.9295534250,0.5000000000,0.5000000000,0.7528408032
2026-07-05T13:12:27Z,20260705T131224Z,2497,1.0000000000,1.0000000000,0.9592467994,1.0000000000,1.0000000000,0.9918493599
2026-07-05T13:12:27Z,20260705T131224Z,2498,0.7149010414,1.0000000000,0.6126626323,0.4000000000,0.4000000000,0.6412577868
2026-07-05T13:12:27Z,20260705T131224Z,2499,0.7892647974,1.0000000000,0.4139896793,0.8000000000,0.8000000000,0.7601141352
2026-07-05T13:12:27Z,20260705T131224Z,2500,0.7295870522,1.0000000000,0.6550244336,0.5000000000,0.5000000000,0.6884016498
2026-07-05T13:12:27Z,20260705T131224Z,2501,0.6186566985,1.0000000000,0.3737476522,0.3333333333,0.3333333333,0.5460803717
2026-07-05T13:12:27Z,20260705T131224Z,2502,0.8048689313,1.0000000000,0.9646740990,0.6666666667,0.6666666667,0.8274853860
2026-07-05T13:12:27Z,20260705T131224Z,2503,0.6257641301,1.0000000000,0.8782153545,0.2500000000,0.2500000000,0.6195841034
2026-07-05T13:12:27Z,20260705T131224Z,2504,0.7677204728,1.0000000000,0.8888002244,0.5000000000,0.5000000000,0.7446901631
2026-07-05T13:12:27Z,20260705T131224Z,2505,0.9999999953,1.0000000000,1.0000000000,1.0000000000,1.0000000000,0.9999999988
2026-07-05T13:12:27Z,20260705T131224Z,2506,0.9999999953,1.0000000000,1.0000000000,1.0000000000,1.0000000000,0.9999999988
2026-07-05T13:12:27Z,20260705T131224Z,2507,0.7221149473,1.0000000000,0.9167411894,0.3333333333,0.3333333333,0.6805436414
2026-07-05T13:12:27Z,20260705T131224Z,2508,0.7415433010,1.0000000000,0.1918388099,0.5000000000,0.5000000000,0.5987535872
2026-07-05T13:12:27Z,20260705T131224Z,2509,0.6665729829,1.0000000000,0.1177715933,0.3333333333,0.3333333333,0.5068642311
2026-07-05T13:12:27Z,20260705T131224Z,2510,0.9999999953,1.0000000000,1.0000000000,1.0000000000,1.0000000000,0.9999999988
2026-07-05T13:12:27Z,20260705T131224Z,2511,0.7677204728,1.0000000000,0.9665245833,0.5000000000,0.5000000000,0.7602350349
2026-07-05T13:12:27Z,20260705T131224Z,2512,0.7677204728,1.0000000000,0.9665245833,0.5000000000,0.5000000000,0.7602350349
2026-07-05T13:12:27Z,20260705T131224Z,2513,0.7677204728,1.0000000000,0.8440417392,0.5000000000,0.5000000000,0.7357384660
2026-07-05T13:12:27Z,20260705T131224Z,2514,1.0000000000,1.0000000000,0.9144883142,1.0000000000,1.0000000000,0.9828976628
2026-07-05T13:12:27Z,20260705T131224Z,2515,1.0000000000,1.0000000000,0.9999999905,1.0000000000,1.0000000000,0.9999999981
2026-07-05T13:12:27Z,20260705T131224Z,2516,0.8048689313,1.0000000000,0.9502376885,0.6666666667,0.6666666667,0.8245981039
2026-07-05T13:12:27Z,20260705T131224Z,2517,0.7233498105,1.0000000000,0.9500849642,0.3333333333,0.3333333333,0.6875211121
2026-07-05T13:12:27Z,20260705T131224Z,2518,0.9999999953,1.0000000000,1.0000000000,1.0000000000,1.0000000000,0.9999999988
2026-07-05T13:12:27Z,20260705T131224Z,2519,0.7002216302,1.0000000000,0.6205953846,0.2500000000,0.2500000000,0.5866744845
2026-07-05T13:12:27Z,20260705T131224Z,2520,0.7104165758,1.0000000000,0.6242468845,0.5000000000,0.5000000000,0.6774535209
2026-07-05T13:12:27Z,20260705T131224Z,2521,1.0000000000,1.0000000000,1.0000000000,1.0000000000,1.0000000000,1.0000000000
2026-07-05T13:12:27Z,20260705T131224Z,2522,0.7677204728,1.0000000000,0.9665245833,0.5000000000,0.5000000000,0.7602350349
2026-07-05T13:12:27Z,20260705T131224Z,2523,0.9999999953,1.0000000000,1.0000000000,1.0000000000,1.0000000000,0.9999999988
2026-07-05T13:12:27Z,20260705T131224Z,2524,0.9999999953,1.0000000000,1.0000000000,1.0000000000,1.0000000000,0.9999999988
2026-07-05T13:12:27Z,20260705T131224Z,2525,0.9999999953,1.0000000000,1.0000000000,1.0000000000,1.0000000000,0.9999999988
2026-07-05T13:12:27Z,20260705T131224Z,2526,0.9999999953,1.0000000000,1.0000000000,1.0000000000,1.0000000000,0.9999999988
2026-07-05T13:12:27Z,20260705T131224Z,2527,0.7221149473,1.0000000000,0.7776398117,0.3333333333,0.3333333333,0.6527233658
2026-07-05T13:12:27Z,20260705T131224Z,2528,0.7743054762,1.0000000000,0.8076563524,0.7500000000,0.7500000000,0.8176076395
2026-07-05T13:12:27Z,20260705T131224Z,2529,0.6899738788,1.0000000000,0.8273614726,0.6000000000,0.6000000000,0.7479657642
2026-07-05T13:12:27Z,20260705T131224Z,2530,0.7011185094,1.0000000000,0.8743340836,0.2500000000,0.2500000000,0.6376464441
2026-07-05T13:12:27Z,20260705T131224Z,2531,0.6824562801,1.0000000000,0.7598153622,0.1666666667,0.1666666667,0.5809104758
2026-07-05T13:12:27Z,20260705T131224Z,2532,0.7511429768,1.0000000000,0.1953473839,0.3333333333,0.3333333333,0.5435218877
2026-07-05T13:12:27Z,20260705T131224Z,2533,0.6968385816,1.0000000000,0.0334754167,0.5000000000,0.5000000000,0.5559047287
2026-07-05T13:12:27Z,20260705T131224Z,2534,0.9999999953,1.0000000000,1.0000000000,1.0000000000,1.0000000000,0.9999999988
2026-07-05T13:12:27Z,20260705T131224Z,2535,0.9999999953,1.0000000000,1.0000000000,1.0000000000,1.0000000000,0.9999999988
2026-07-05T13:12:27Z,20260705T131224Z,2536,0.7233498105,1.0000000000,0.9500849642,0.3333333333,0.3333333333,0.6875211121
2026-07-05T13:12:27Z,20260705T131224Z,2537,0.9694646303,1.0000000000,0.9607964412,1.0000000000,1.0000000000,0.9845254458
2026-07-05T13:12:27Z,20260705T131224Z,2538,0.7221149473,1.0000000000,0.9167411894,0.3333333333,0.3333333333,0.6805436414
2026-07-05T13:12:27Z,20260705T131224Z,2539,0.7677204728,1.0000000000,0.7422378832,0.5000000000,0.5000000000,0.7153776948
2026-07-05T13:12:27Z,20260705T131224Z,2540,0.6009334931,1.0000000000,0.7346916464,0.2000000000,0.2000000000,0.5671717026
2026-07-05T13:12:27Z,20260705T131224Z,2541,0.6806608889,1.0000000000,0.9256057529,0.4000000000,0.4000000000,0.6952863728
2026-07-05T13:12:27Z,20260705T131224Z,2542,0.6498738620,1.0000000000,0.6290860787,0.4000000000,0.4000000000,0.6282856812
2026-07-05T13:12:27Z,20260705T131224Z,2543,0.5639078629,1.0000000000,0.5656940561,0.2857142857,0.2857142857,0.5541157769
2026-07-05T13:12:27Z,20260705T131224Z,2544,0.7294061770,1.0000000000,0.8110385021,0.5000000000,0.5000000000,0.7195592447
2026-07-05T13:12:27Z,20260705T131224Z,2545,0.5386299864,1.0000000000,0.3392884268,0.2857142857,0.2857142857,0.5025151819
2026-07-05T13:12:27Z,20260705T131224Z,2546,0.7084204534,1.0000000000,0.5090305362,0.5000000000,0.5000000000,0.6539112206
2026-07-05T13:12:27Z,20260705T131224Z,2547,0.6385522430,1.0000000000,0.8036953706,0.4000000000,0.4000000000,0.6603771349
2026-07-05T13:12:27Z,20260705T131224Z,2548,0.6948796091,1.0000000000,0.3162642297,0.6000000000,0.6000000000,0.6469727482
2026-07-05T13:12:27Z,20260705T131224Z,2549,0.6135432051,1.0000000000,0.5186799216,0.3750000000,0.3750000000,0.5883717856
2026-07-05T13:12:27Z,20260705T131224Z,2550,0.6852528384,1.0000000000,0.5855536148,0.5714285714,0.5714285714,0.6884239326
2026-07-05T13:12:27Z,20260705T131224Z,2551,0.7006776931,1.0000000000,0.6057020253,0.4000000000,0.4000000000,0.6363098283
2026-07-05T13:12:27Z,20260705T131224Z,2552,0.6666666667,1.0000000000,0.9220336936,0.3333333333,0.3333333333,0.6677400721
2026-07-05T13:12:27Z,20260705T131224Z,2553,1.0000000000,1.0000000000,0.9630288418,1.0000000000,1.0000000000,0.9926057684
2026-07-05T13:12:27Z,20260705T131224Z,2554,0.6666666667,1.0000000000,0.9526695251,0.3333333333,0.3333333333,0.6738672384
2026-07-05T13:12:27Z,20260705T131224Z,2555,1.0000000000,1.0000000000,1.0000000000,1.0000000000,1.0000000000,1.0000000000
2026-07-05T13:12:27Z,20260705T131224Z,2556,0.7677204728,1.0000000000,0.9665245833,0.5000000000,0.5000000000,0.7602350349
2026-07-05T13:12:27Z,20260705T131224Z,2557,0.7221149473,1.0000000000,0.6610115682,0.3333333333,0.3333333333,0.6293977171
2026-07-05T13:12:27Z,20260705T131224Z,2558,0.6468804614,1.0000000000,0.6109015659,0.4000000000,0.4000000000,0.6239004285
2026-07-05T13:12:27Z,20260705T131224Z,2559,0.9373647380,1.0000000000,0.6393734028,1.0000000000,1.0000000000,0.9122158651
2026-07-05T13:12:27Z,20260705T131224Z,2560,0.7811646086,1.0000000000,0.7268456502,0.5000000000,0.5000000000,0.7156602822
2026-07-05T13:12:27Z,20260705T131224Z,2561,1.0000000000,1.0000000000,0.9999999866,1.0000000000,1.0000000000,0.9999999973
2026-07-05T13:12:27Z,20260705T131224Z,2562,0.7000699263,1.0000000000,0.5317395265,0.4000000000,0.4000000000,0.6213653869
2026-07-05T13:12:27Z,20260705T131224Z,2563,0.7373524509,1.0000000000,0.5779325021,0.6000000000,0.6000000000,0.7099246131
2026-07-05T13:12:27Z,20260705T131224Z,2564,0.8461736740,1.0000000000,0.9033968258,0.7500000000,0.7500000000,0.8547227837
2026-07-05T13:12:27Z,20260705T131224Z,2565,0.8543900003,1.0000000000,0.9342730471,0.8000000000,0.8000000000,0.8804521095
2026-07-05T13:12:27Z,20260705T131224Z,2566,0.6756777789,1.0000000000,0.1473630668,0.6000000000,0.6000000000,0.6083920581
2026-07-05T13:12:27Z,20260705T131224Z,2567,0.8308156933,1.0000000000,0.9435168154,0.6666666667,0.6666666667,0.8297406197
2026-07-05T13:12:27Z,20260705T131224Z,2568,0.8178906433,1.0000000000,0.4786603467,0.6666666667,0.6666666667,0.7335380635
2026-07-05T13:12:27Z,20260705T131224Z,2569,0.7496918975,1.0000000000,0.8595450376,0.5000000000,0.5000000000,0.7343319819
2026-07-05T13:12:27Z,20260705T131224Z,2570,0.7415433010,1.0000000000,0.5152277576,0.5000000000,0.5000000000,0.6634313768
2026-07-05T13:12:27Z,20260705T131224Z,2571,0.7110955233,1.0000000000,0.8621365639,0.4000000000,0.4000000000,0.6902011936
2026-07-05T13:12:27Z,20260705T131224Z,2572,0.8461736740,1.0000000000,0.8346655857,0.7500000000,0.7500000000,0.8409765356
2026-07-05T13:12:27Z,20260705T131224Z,2573,0.7160887327,1.0000000000,0.0634827610,0.6666666667,0.6666666667,0.6250520687
2026-07-05T13:12:27Z,20260705T131224Z,2574,0.7677204728,1.0000000000,0.7422378832,0.5000000000,0.5000000000,0.7153776948
2026-07-05T13:12:27Z,20260705T131224Z,2575,0.7011185094,1.0000000000,0.6271410026,0.2500000000,0.2500000000,0.5882078279
2026-07-05T13:12:27Z,20260705T131224Z,2576,0.7094030901,1.0000000000,0.3645354534,0.5000000000,0.5000000000,0.6252578632
2026-07-05T13:12:27Z,20260705T131224Z,2577,1.0000000000,1.0000000000,0.7559937331,1.0000000000,1.0000000000,0.9511987466
2026-07-05T13:12:27Z,20260705T131224Z,2578,0.7677204728,1.0000000000,0.9295534250,0.5000000000,0.5000000000,0.7528408032
2026-07-05T13:12:27Z,20260705T131224Z,2579,0.9999999953,1.0000000000,1.0000000000,1.0000000000,1.0000000000,0.9999999988
2026-07-05T13:12:27Z,20260705T131224Z,2580,0.9999999953,1.0000000000,1.0000000000,1.0000000000,1.0000000000,0.9999999988
2026-07-05T13:12:27Z,20260705T131224Z,2581,0.9999999953,1.0000000000,1.0000000000,1.0000000000,1.0000000000,0.9999999988
2026-07-05T13:12:27Z,20260705T131224Z,2582,0.9999999953,1.0000000000,1.0000000000,1.0000000000,1.0000000000,0.9999999988
2026-07-05T13:12:27Z,20260705T131224Z,2583,0.9999999953,1.0000000000,1.0000000000,1.0000000000,1.0000000000,0.9999999988
2026-07-05T13:12:27Z,20260705T131224Z,2584,0.9999999953,1.0000000000,1.0000000000,1.0000000000,1.0000000000,0.9999999988
2026-07-05T13:12:27Z,20260705T131224Z,2585,0.7221149473,1.0000000000,0.8292275133,0.3333333333,0.3333333333,0.6630409061
2026-07-05T13:12:27Z,20260705T131224Z,2586,0.8308156933,1.0000000000,0.8961891502,0.6666666667,0.6666666667,0.8202750867
2026-07-05T13:12:27Z,20260705T131224Z,2587,0.8048689313,1.0000000000,0.9209582315,0.6666666667,0.6666666667,0.8187422125
2026-07-05T13:12:27Z,20260705T131224Z,2588,0.7233498105,1.0000000000,0.8886112460,0.3333333333,0.3333333333,0.6752263685
2026-07-05T13:12:27Z,20260705T131224Z,2589,0.7233498105,1.0000000000,0.9500849642,0.3333333333,0.3333333333,0.6875211121
2026-07-05T13:12:27Z,20260705T131224Z,2590,0.7233498105,1.0000000000,0.9500849642,0.3333333333,0.3333333333,0.6875211121
2026-07-05T13:12:27Z,20260705T131224Z,2591,0.7677204728,1.0000000000,0.9665245833,0.5000000000,0.5000000000,0.7602350349
2026-07-05T13:12:27Z,20260705T131224Z,2592,0.7677204728,1.0000000000,0.9665245833,0.5000000000,0.5000000000,0.7602350349
2026-07-05T13:12:27Z,20260705T131224Z,2593,0.7677204728,1.0000000000,0.9665245833,0.5000000000,0.5000000000,0.7602350349
2026-07-05T13:12:27Z,20260705T131224Z,2594,0.7677204728,1.0000000000,0.9665245833,0.5000000000,0.5000000000,0.7602350349
2026-07-05T13:12:27Z,20260705T131224Z,2595,0.9999999953,1.0000000000,1.0000000000,1.0000000000,1.0000000000,0.9999999988
2026-07-05T13:12:27Z,20260705T131224Z,2596,0.7677204728,1.0000000000,0.9295534250,0.5000000000,0.5000000000,0.7528408032
2026-07-05T13:12:27Z,20260705T131224Z,2597,0.8308156933,1.0000000000,0.8626274645,0.6666666667,0.6666666667,0.8135627495
2026-07-05T13:12:27Z,20260705T131224Z,2598,0.7221149473,1.0000000000,0.8031614184,0.3333333333,0.3333333333,0.6578276872
2026-07-05T13:12:27Z,20260705T131224Z,2599,0.7677204728,1.0000000000,0.7951672353,0.5000000000,0.5000000000,0.7259635653
2026-07-05T13:12:27Z,20260705T131224Z,2600,0.8308156933,1.0000000000,0.9048335204,0.6666666667,0.6666666667,0.8220039607
2026-07-05T13:12:27Z,20260705T131224Z,2601,0.8308156933,1.0000000000,0.9069391514,0.6666666667,0.6666666667,0.8224250869
2026-07-05T13:12:27Z,20260705T131224Z,2602,0.6257641301,1.0000000000,0.8097933824,0.2500000000,0.2500000000,0.6058997090
2026-07-05T13:12:27Z,20260705T131224Z,2603,0.8159462650,1.0000000000,0.6744876150,0.5000000000,0.5000000000,0.7138840893
2026-07-05T13:12:27Z,20260705T131224Z,2604,0.6817885408,1.0000000000,0.5066319358,0.1666666667,0.1666666667,0.5301068557
2026-07-05T13:12:27Z,20260705T131224Z,2605,0.7677204728,1.0000000000,0.9665245833,0.5000000000,0.5000000000,0.7602350349
2026-07-05T13:12:27Z,20260705T131224Z,2606,0.7677204728,1.0000000000,0.9665245833,0.5000000000,0.5000000000,0.7602350349
2026-07-05T13:12:27Z,20260705T131224Z,2607,0.9999999953,1.0000000000,1.0000000000,1.0000000000,1.0000000000,0.9999999988
2026-07-05T13:12:27Z,20260705T131224Z,2608,0.9999999953,1.0000000000,1.0000000000,1.0000000000,1.0000000000,0.9999999988
2026-07-05T13:12:27Z,20260705T131224Z,2609,0.9999999953,1.0000000000,1.0000000000,1.0000000000,1.0000000000,0.9999999988
2026-07-05T13:12:27Z,20260705T131224Z,2610,0.9999999953,1.0000000000,1.0000000000,1.0000000000,1.0000000000,0.9999999988
2026-07-05T13:12:27Z,20260705T131224Z,2611,0.9999999953,1.0000000000,1.0000000000,1.0000000000,1.0000000000,0.9999999988
2026-07-05T13:12:27Z,20260705T131224Z,2612,0.7677204728,1.0000000000,0.9665245833,0.5000000000,0.5000000000,0.7602350349
2026-07-05T13:12:27Z,20260705T131224Z,2613,0.6666666667,1.0000000000,0.7925436939,0.3333333333,0.3333333333,0.6418420721
2026-07-05T13:12:27Z,20260705T131224Z,2614,1.0000000000,1.0000000000,0.9063670109,1.0000000000,1.0000000000,0.9812734022
2026-07-05T13:12:27Z,20260705T131224Z,2615,0.8048689313,1.0000000000,0.9163663756,0.6666666667,0.6666666667,0.8178238413
2026-07-05T13:12:27Z,20260705T131224Z,2616,0.8048689313,1.0000000000,0.9646740990,0.6666666667,0.6666666667,0.8274853860
2026-07-05T13:12:27Z,20260705T131224Z,2617,0.6666666667,1.0000000000,0.9526695251,0.3333333333,0.3333333333,0.6738672384
2026-07-05T13:12:27Z,20260705T131224Z,2618,0.7677204728,1.0000000000,0.9665245833,0.5000000000,0.5000000000,0.7602350349
2026-07-05T13:12:27Z,20260705T131224Z,2619,0.7677204728,1.0000000000,0.9665245833,0.5000000000,0.5000000000,0.7602350349
2026-07-05T13:12:27Z,20260705T131224Z,2620,0.7677204728,1.0000000000,0.9665245833,0.5000000000,0.5000000000,0.7602350349
2026-07-05T13:12:27Z,20260705T131224Z,2621,0.7677204728,1.0000000000,0.9665245833,0.5000000000,0.5000000000,0.7602350349
2026-07-05T13:12:27Z,20260705T131224Z,2622,0.7677204728,1.0000000000,0.9665245833,0.5000000000,0.5000000000,0.7602350349
2026-07-05T13:12:27Z,20260705T131224Z,2623,0.7677204728,1.0000000000,0.9665245833,0.5000000000,0.5000000000,0.7602350349
2026-07-05T13:12:27Z,20260705T131224Z,2624,0.8308156933,1.0000000000,0.9069391514,0.6666666667,0.6666666667,0.8224250869
2026-07-05T13:12:27Z,20260705T131224Z,2625,0.6498738620,1.0000000000,0.8109273687,0.4000000000,0.4000000000,0.6646539392
2026-07-05T13:12:27Z,20260705T131224Z,2626,0.5485426810,1.0000000000,0.8265748036,0.1666666667,0.1666666667,0.5607839643
2026-07-05T13:12:27Z,20260705T131224Z,2627,0.6937816918,1.0000000000,0.8868005442,0.4000000000,0.4000000000,0.6908055318
2026-07-05T13:12:27Z,20260705T131224Z,2628,0.7520734596,1.0000000000,0.9036050085,0.5000000000,0.5000000000,0.7437393666
2026-07-05T13:12:27Z,20260705T131224Z,2629,0.8333333333,1.0000000000,0.8597864589,0.6000000000,0.6000000000,0.7902906251
2026-07-05T13:12:27Z,20260705T131224Z,2630,0.6557645106,1.0000000000,0.4667091896,0.5000000000,0.5000000000,0.6322829656
2026-07-05T13:12:27Z,20260705T131224Z,2631,0.6137683947,1.0000000000,0.4657213402,0.4000000000,0.4000000000,0.5865863667
2026-07-05T13:12:27Z,20260705T131224Z,2632,0.8202606934,1.0000000000,0.9474327708,0.7500000000,0.7500000000,0.8570517275
2026-07-05T13:12:27Z,20260705T131224Z,2633,0.7778850527,1.0000000000,0.9254705402,0.6666666667,0.6666666667,0.8128987046
2026-07-05T13:12:27Z,20260705T131224Z,2634,0.8048689313,1.0000000000,0.9646740990,0.6666666667,0.6666666667,0.8274853860
2026-07-05T13:12:27Z,20260705T131224Z,2635,0.7233498105,1.0000000000,0.9500849642,0.3333333333,0.3333333333,0.6875211121
2026-07-05T13:12:27Z,20260705T131224Z,2636,0.9999999953,1.0000000000,1.0000000000,1.0000000000,1.0000000000,0.9999999988
2026-07-05T13:12:27Z,20260705T131224Z,2637,0.7677204728,1.0000000000,0.9665245833,0.5000000000,0.5000000000,0.7602350349
2026-07-05T13:12:27Z,20260705T131224Z,2638,0.7677204728,1.0000000000,0.9665245833,0.5000000000,0.5000000000,0.7602350349
2026-07-05T13:12:27Z,20260705T131224Z,2639,0.7677204728,1.0000000000,0.9665245833,0.5000000000,0.5000000000,0.7602350349
2026-07-05T13:12:27Z,20260705T131224Z,2640,0.7677204728,1.0000000000,0.9665245833,0.5000000000,0.5000000000,0.7602350349
2026-07-05T13:12:27Z,20260705T131224Z,2641,0.7677204728,1.0000000000,0.8440417392,0.5000000000,0.5000000000,0.7357384660
2026-07-05T13:12:27Z,20260705T131224Z,2642,0.8308156933,1.0000000000,0.9455495523,0.6666666667,0.6666666667,0.8301471671
2026-07-05T13:12:27Z,20260705T131224Z,2643,0.8308156933,1.0000000000,0.9069391514,0.6666666667,0.6666666667,0.8224250869
2026-07-05T13:12:27Z,20260705T131224Z,2644,0.7525263750,1.0000000000,0.9471067961,0.5000000000,0.5000000000,0.7525529530
2026-07-05T13:12:27Z,20260705T131224Z,2645,0.7038845844,1.0000000000,0.9353608262,0.2500000000,0.2500000000,0.6505433113
2026-07-05T13:12:27Z,20260705T131224Z,2646,0.7002216302,1.0000000000,0.8337420285,0.2500000000,0.2500000000,0.6293038132
2026-07-05T13:12:27Z,20260705T131224Z,2647,0.8650480845,1.0000000000,0.9291412217,0.7500000000,0.7500000000,0.8645902655
2026-07-05T13:12:27Z,20260705T131224Z,2648,0.8048689313,1.0000000000,0.9091757782,0.6666666667,0.6666666667,0.8163857218
2026-07-05T13:12:27Z,20260705T131224Z,2649,0.7677204728,1.0000000000,0.9665245833,0.5000000000,0.5000000000,0.7602350349
2026-07-05T13:12:27Z,20260705T131224Z,2650,0.6968385816,1.0000000000,0.0334754167,0.5000000000,0.5000000000,0.5559047287
2026-07-05T13:12:27Z,20260705T131224Z,2651,1.0000000000,1.0000000000,0.5969264516,1.0000000000,1.0000000000,0.9193852903
2026-07-05T13:12:27Z,20260705T131224Z,2652,0.8178906433,1.0000000000,0.6591267959,0.6666666667,0.6666666667,0.7696313533
2026-07-05T13:12:27Z,20260705T131224Z,2653,0.8178906433,1.0000000000,0.5407294088,0.6666666667,0.6666666667,0.7459518759
2026-07-05T13:12:27Z,20260705T131224Z,2654,0.6968385816,1.0000000000,0.3144528418,0.5000000000,0.5000000000,0.6121002138
2026-07-05T13:12:27Z,20260705T131224Z,2655,0.7221149473,1.0000000000,0.8031614184,0.3333333333,0.3333333333,0.6578276872
2026-07-05T13:12:27Z,20260705T131224Z,2656,0.7688234628,1.0000000000,0.6666666667,0.7500000000,0.7500000000,0.7880391990
2026-07-05T13:12:27Z,20260705T131224Z,2657,0.8224757615,1.0000000000,0.8908174465,0.7500000000,0.7500000000,0.8462824297
2026-07-05T13:12:27Z,20260705T131224Z,2658,0.8349916978,1.0000000000,0.5694031032,0.7500000000,0.7500000000,0.7851285451
2026-07-05T13:12:27Z,20260705T131224Z,2659,0.5642719819,1.0000000000,0.2840101855,0.2000000000,0.2000000000,0.4678700326
2026-07-05T13:12:27Z,20260705T131224Z,2660,0.8308156933,1.0000000000,0.9455495523,0.6666666667,0.6666666667,0.8301471671
2026-07-05T13:12:27Z,20260705T131224Z,2661,0.7309729266,1.0000000000,0.9020902036,0.5000000000,0.5000000000,0.7381612724
2026-07-05T13:12:27Z,20260705T131224Z,2662,0.5800528066,1.0000000000,0.5293769252,0.2000000000,0.2000000000,0.5208885867
2026-07-05T13:12:27Z,20260705T131224Z,2663,0.8556136734,1.0000000000,0.8304986811,0.7500000000,0.7500000000,0.8425031546
2026-07-05T13:12:27Z,20260705T131224Z,2664,0.6652549795,1.0000000000,0.4163322649,0.6000000000,0.6000000000,0.6595801978
2026-07-05T13:12:27Z,20260705T131224Z,2665,0.6009334931,1.0000000000,0.9272334413,0.2000000000,0.2000000000,0.6056800615
2026-07-05T13:12:27Z,20260705T131224Z,2666,0.7677204728,1.0000000000,0.9665245833,0.5000000000,0.5000000000,0.7602350349
2026-07-05T13:12:27Z,20260705T131224Z,2667,0.9999999953,1.0000000000,1.0000000000,1.0000000000,1.0000000000,0.9999999988
2026-07-05T13:12:27Z,20260705T131224Z,2668,0.7677204728,1.0000000000,0.7951672353,0.5000000000,0.5000000000,0.7259635653
2026-07-05T13:12:27Z,20260705T131224Z,2669,0.6666666667,1.0000000000,0.7925436939,0.3333333333,0.3333333333,0.6418420721
2026-07-05T13:12:27Z,20260705T131224Z,2670,1.0000000000,1.0000000000,1.0000000000,1.0000000000,1.0000000000,1.0000000000
2026-07-05T13:12:27Z,20260705T131224Z,2671,1.0000000000,1.0000000000,1.0000000000,1.0000000000,1.0000000000,1.0000000000
2026-07-05T13:12:27Z,20260705T131224Z,2672,1.0000000000,1.0000000000,1.0000000000,1.0000000000,1.0000000000,1.0000000000
2026-07-05T13:12:27Z,20260705T131224Z,2673,0.8308156933,1.0000000000,0.9446321591,0.6666666667,0.6666666667,0.8299636885
2026-07-05T13:12:27Z,20260705T131224Z,2674,0.7778850527,1.0000000000,0.8602506629,0.6666666667,0.6666666667,0.7998547291
2026-07-05T13:12:27Z,20260705T131224Z,2675,0.7778850527,1.0000000000,0.8565420375,0.6666666667,0.6666666667,0.7991130040
2026-07-05T13:12:27Z,20260705T131224Z,2676,0.7778850527,1.0000000000,0.8655319373,0.6666666667,0.6666666667,0.8009109840
2026-07-05T13:12:27Z,20260705T131224Z,2677,0.7295870522,1.0000000000,0.9115516734,0.5000000000,0.5000000000,0.7397070977
2026-07-05T13:12:27Z,20260705T131224Z,2678,0.6355981610,1.0000000000,0.4662124549,0.4000000000,0.4000000000,0.5921420312
2026-07-05T13:12:27Z,20260705T131224Z,2679,0.8178906433,1.0000000000,0.6198918618,0.6666666667,0.6666666667,0.7617843665
2026-07-05T13:12:27Z,20260705T131224Z,2680,0.7677204728,1.0000000000,0.8440417392,0.5000000000,0.5000000000,0.7357384660
2026-07-05T13:12:27Z,20260705T131224Z,2681,0.7677204728,1.0000000000,0.9665245833,0.5000000000,0.5000000000,0.7602350349
2026-07-05T13:12:27Z,20260705T131224Z,2682,0.6666666667,1.0000000000,0.7401924071,0.3333333333,0.3333333333,0.6313718148
2026-07-05T13:12:27Z,20260705T131224Z,2683,0.6666666667,1.0000000000,0.7401924071,0.3333333333,0.3333333333,0.6313718148
2026-07-05T13:12:27Z,20260705T131224Z,2684,0.7677204728,1.0000000000,0.9665245833,0.5000000000,0.5000000000,0.7602350349
2026-07-05T13:12:27Z,20260705T131224Z,2685,0.9999999953,1.0000000000,1.0000000000,1.0000000000,1.0000000000,0.9999999988
2026-07-05T13:12:27Z,20260705T131224Z,2686,0.9999999953,1.0000000000,1.0000000000,1.0000000000,1.0000000000,0.9999999988
2026-07-05T13:12:27Z,20260705T131224Z,2687,0.7677204728,1.0000000000,0.9295534250,0.5000000000,0.5000000000,0.7528408032
2026-07-05T13:12:27Z,20260705T131224Z,2688,0.7006776931,1.0000000000,0.8934445028,0.4000000000,0.4000000000,0.6938583238
2026-07-05T13:12:27Z,20260705T131224Z,2689,0.8440420309,1.0000000000,0.8776599474,0.8000000000,0.8000000000,0.8665424972
2026-07-05T13:12:27Z,20260705T131224Z,2690,0.9514110373,1.0000000000,0.8799110182,1.0000000000,1.0000000000,0.9638349630
2026-07-05T13:12:27Z,20260705T131224Z,2691,0.7911717252,1.0000000000,0.9279996001,0.5000000000,0.5000000000,0.7583928513
2026-07-05T13:12:27Z,20260705T131224Z,2692,0.6251540513,1.0000000000,0.7195129066,0.2500000000,0.2500000000,0.5876910941
2026-07-05T13:12:27Z,20260705T131224Z,2693,0.6279096327,1.0000000000,0.6114212717,0.3333333333,0.3333333333,0.5959283292
2026-07-05T13:12:27Z,20260705T131224Z,2694,0.6888213532,1.0000000000,0.7017030379,0.2000000000,0.2000000000,0.5825459459
2026-07-05T13:12:27Z,20260705T131224Z,2695,0.7677204728,1.0000000000,0.9665245833,0.5000000000,0.5000000000,0.7602350349
2026-07-05T13:12:27Z,20260705T131224Z,2696,0.7677204728,1.0000000000,0.9665245833,0.5000000000,0.5000000000,0.7602350349
2026-07-05T13:12:27Z,20260705T131224Z,2697,0.7233498105,1.0000000000,0.9500849642,0.3333333333,0.3333333333,0.6875211121
2026-07-05T13:12:27Z,20260705T131224Z,2698,0.8048689313,1.0000000000,0.9646740990,0.6666666667,0.6666666667,0.8274853860
2026-07-05T13:12:27Z,20260705T131224Z,2699,0.7677204728,1.0000000000,0.9665245833,0.5000000000,0.5000000000,0.7602350349
2026-07-05T13:12:27Z,20260705T131224Z,2700,0.9999999953,1.0000000000,1.0000000000,1.0000000000,1.0000000000,0.9999999988
2026-07-05T13:12:27Z,20260705T131224Z,2701,0.7677204728,1.0000000000,0.9665245833,0.5000000000,0.5000000000,0.7602350349
2026-07-05T13:12:27Z,20260705T131224Z,2702,1.0000000000,1.0000000000,1.0000000000,1.0000000000,1.0000000000,1.0000000000
2026-07-05T13:12:27Z,20260705T131224Z,2703,0.7778850527,1.0000000000,0.7818237107,0.6666666667,0.6666666667,0.7841693387
2026-07-05T13:12:27Z,20260705T131224Z,2704,0.9694646303,1.0000000000,0.8568929172,1.0000000000,1.0000000000,0.9637447410
2026-07-05T13:12:27Z,20260705T131224Z,2705,1.0000000000,1.0000000000,0.9385262818,1.0000000000,1.0000000000,0.9877052564
2026-07-05T13:12:27Z,20260705T131224Z,2706,0.9694646303,1.0000000000,0.9607964412,1.0000000000,1.0000000000,0.9845254458
2026-07-05T13:12:27Z,20260705T131224Z,2707,0.6820617591,1.0000000000,0.6591409414,0.5000000000,0.5000000000,0.6773436281
2026-07-05T13:12:27Z,20260705T131224Z,2708,0.8308156933,1.0000000000,0.7128244978,0.6666666667,0.6666666667,0.7836021562
2026-07-05T13:12:27Z,20260705T131224Z,2709,1.0000000000,1.0000000000,0.9999999905,1.0000000000,1.0000000000,0.9999999981
2026-07-05T13:12:27Z,20260705T131224Z,2710,1.0000000000,1.0000000000,0.9999999905,1.0000000000,1.0000000000,0.9999999981
2026-07-05T13:12:27Z,20260705T131224Z,2711,0.6666666667,1.0000000000,0.9004753771,0.3333333333,0.3333333333,0.6634284087
2026-07-05T13:12:27Z,20260705T131224Z,2712,0.8308156933,1.0000000000,0.7697817391,0.6666666667,0.6666666667,0.7949936045
2026-07-05T13:12:27Z,20260705T131224Z,2713,0.7778850527,1.0000000000,0.7416298882,0.6666666667,0.6666666667,0.7761305741
2026-07-05T13:12:27Z,20260705T131224Z,2714,0.7895834242,1.0000000000,0.6630691632,0.5000000000,0.5000000000,0.7050096887
2026-07-05T13:12:27Z,20260705T131224Z,2715,0.7895834242,1.0000000000,0.8752664653,0.5000000000,0.5000000000,0.7474491491
2026-07-05T13:12:27Z,20260705T131224Z,2716,0.8308156933,1.0000000000,0.6363125708,0.6666666667,0.6666666667,0.7682997708
2026-07-05T13:12:27Z,20260705T131224Z,2717,1.0000000000,1.0000000000,1.0000000000,1.0000000000,1.0000000000,1.0000000000
2026-07-05T13:12:27Z,20260705T131224Z,2718,0.8308156933,1.0000000000,0.9105614780,0.6666666667,0.6666666667,0.8231495523
2026-07-05T13:12:27Z,20260705T131224Z,2719,0.6666666667,1.0000000000,0.7805564134,0.3333333333,0.3333333333,0.6394446160
2026-07-05T13:12:27Z,20260705T131224Z,2720,0.8308156933,1.0000000000,0.9455495523,0.6666666667,0.6666666667,0.8301471671
2026-07-05T13:12:27Z,20260705T131224Z,2721,0.8308156933,1.0000000000,0.9069391514,0.6666666667,0.6666666667,0.8224250869
2026-07-05T13:12:27Z,20260705T131224Z,2722,0.8048689313,1.0000000000,0.9646740990,0.6666666667,0.6666666667,0.8274853860
2026-07-05T13:12:27Z,20260705T131224Z,2723,0.7309729266,1.0000000000,0.8304088421,0.5000000000,0.5000000000,0.7238250001
2026-07-05T13:12:27Z,20260705T131224Z,2724,0.7221149473,1.0000000000,0.8031614184,0.3333333333,0.3333333333,0.6578276872
2026-07-05T13:12:27Z,20260705T131224Z,2725,0.9999999953,1.0000000000,1.0000000000,1.0000000000,1.0000000000,0.9999999988
2026-07-05T13:12:27Z,20260705T131224Z,2726,0.9999999953,1.0000000000,1.0000000000,1.0000000000,1.0000000000,0.9999999988
2026-07-05T13:12:27Z,20260705T131224Z,2727,0.7677204728,1.0000000000,0.9665245833,0.5000000000,0.5000000000,0.7602350349
2026-07-05T13:12:27Z,20260705T131224Z,2728,0.7677204728,1.0000000000,0.9665245833,0.5000000000,0.5000000000,0.7602350349
2026-07-05T13:12:27Z,20260705T131224Z,2729,0.9999999953,1.0000000000,1.0000000000,1.0000000000,1.0000000000,0.9999999988
2026-07-05T13:12:27Z,20260705T131224Z,2730,0.7038845844,1.0000000000,0.9353608262,0.2500000000,0.2500000000,0.6505433113
2026-07-05T13:12:27Z,20260705T131224Z,2731,0.7525263750,1.0000000000,0.9471067961,0.5000000000,0.5000000000,0.7525529530
2026-07-05T13:12:27Z,20260705T131224Z,2732,0.7525263750,1.0000000000,0.9471067961,0.5000000000,0.5000000000,0.7525529530
2026-07-05T13:12:27Z,20260705T131224Z,2733,0.7525263750,1.0000000000,0.8703663628,0.5000000000,0.5000000000,0.7372048663
2026-07-05T13:12:27Z,20260705T131224Z,2734,0.7911717252,1.0000000000,0.9052184800,0.5000000000,0.5000000000,0.7538366273
2026-07-05T13:12:27Z,20260705T131224Z,2735,0.7911717252,1.0000000000,0.9279996001,0.5000000000,0.5000000000,0.7583928513
2026-07-05T13:12:27Z,20260705T131224Z,2736,0.7778850527,1.0000000000,0.7250300900,0.6666666667,0.6666666667,0.7728106145
2026-07-05T13:12:27Z,20260705T131224Z,2737,0.5796768414,1.0000000000,0.7099860134,0.2000000000,0.2000000000,0.5569164130
2026-07-05T13:12:27Z,20260705T131224Z,2738,0.7221149473,1.0000000000,0.9167411894,0.3333333333,0.3333333333,0.6805436414
2026-07-05T13:12:27Z,20260705T131224Z,2739,0.9999999953,1.0000000000,1.0000000000,1.0000000000,1.0000000000,0.9999999988
2026-07-05T13:12:27Z,20260705T131224Z,2740,0.9999999953,1.0000000000,1.0000000000,1.0000000000,1.0000000000,0.9999999988
2026-07-05T13:12:27Z,20260705T131224Z,2741,0.9999999953,1.0000000000,1.0000000000,1.0000000000,1.0000000000,0.9999999988
2026-07-05T13:12:27Z,20260705T131224Z,2742,0.9999999953,1.0000000000,1.0000000000,1.0000000000,1.0000000000,0.9999999988
2026-07-05T13:12:27Z,20260705T131224Z,2743,0.7677204728,1.0000000000,0.9665245833,0.5000000000,0.5000000000,0.7602350349
2026-07-05T13:12:27Z,20260705T131224Z,2744,0.7677204728,1.0000000000,0.9665245833,0.5000000000,0.5000000000,0.7602350349
2026-07-05T13:12:27Z,20260705T131224Z,2745,0.9999999953,1.0000000000,1.0000000000,1.0000000000,1.0000000000,0.9999999988
2026-07-05T13:12:27Z,20260705T131224Z,2746,0.7677204728,1.0000000000,0.8440417392,0.5000000000,0.5000000000,0.7357384660
2026-07-05T13:12:27Z,20260705T131224Z,2747,1.0000000000,1.0000000000,0.9144883142,1.0000000000,1.0000000000,0.9828976628
2026-07-05T13:12:27Z,20260705T131224Z,2748,0.8308156933,1.0000000000,0.9626244068,0.6666666667,0.6666666667,0.8335621380
2026-07-05T13:12:27Z,20260705T131224Z,2749,0.7221149473,1.0000000000,0.9167411894,0.3333333333,0.3333333333,0.6805436414
2026-07-05T13:12:27Z,20260705T131224Z,2750,0.7221149473,1.0000000000,0.9167411894,0.3333333333,0.3333333333,0.6805436414
2026-07-05T13:12:27Z,20260705T131224Z,2751,0.7221149473,1.0000000000,0.9167411894,0.3333333333,0.3333333333,0.6805436414
2026-07-05T13:12:27Z,20260705T131224Z,2752,0.7677204728,1.0000000000,0.9665245833,0.5000000000,0.5000000000,0.7602350349
2026-07-05T13:12:27Z,20260705T131224Z,2753,0.7677204728,1.0000000000,0.9665245833,0.5000000000,0.5000000000,0.7602350349
2026-07-05T13:12:27Z,20260705T131224Z,2754,0.7677204728,1.0000000000,0.7422378832,0.5000000000,0.5000000000,0.7153776948
2026-07-05T13:12:27Z,20260705T131224Z,2755,0.7677204728,1.0000000000,0.7422378832,0.5000000000,0.5000000000,0.7153776948
2026-07-05T13:12:27Z,20260705T131224Z,2756,0.7677204728,1.0000000000,0.7422378832,0.5000000000,0.5000000000,0.7153776948
2026-07-05T13:12:27Z,20260705T131224Z,2757,0.7677204728,1.0000000000,0.7422378832,0.5000000000,0.5000000000,0.7153776948
2026-07-05T13:12:27Z,20260705T131224Z,2758,0.7677204728,1.0000000000,0.9295534250,0.5000000000,0.5000000000,0.7528408032
2026-07-05T13:12:27Z,20260705T131224Z,2759,0.7677204728,1.0000000000,0.9295534250,0.5000000000,0.5000000000,0.7528408032
2026-07-05T13:12:27Z,20260705T131224Z,2760,0.7677204728,1.0000000000,0.8440417392,0.5000000000,0.5000000000,0.7357384660
2026-07-05T13:12:27Z,20260705T131224Z,2761,1.0000000000,1.0000000000,0.9552415148,1.0000000000,1.0000000000,0.9910483030
2026-07-05T13:12:27Z,20260705T131224Z,2762,0.7778850527,1.0000000000,0.8953096701,0.6666666667,0.6666666667,0.8068665305
2026-07-05T13:12:27Z,20260705T131224Z,2763,0.6972020364,1.0000000000,0.9176449982,0.5000000000,0.5000000000,0.7328295087
2026-07-05T13:12:27Z,20260705T131224Z,2764,0.6377493710,1.0000000000,0.6645484389,0.4000000000,0.4000000000,0.6323470305
2026-07-05T13:12:27Z,20260705T131224Z,2765,0.7988864688,1.0000000000,0.7913342079,0.6000000000,0.6000000000,0.7679884588
2026-07-05T13:12:27Z,20260705T131224Z,2766,0.7002216302,1.0000000000,0.8337420285,0.2500000000,0.2500000000,0.6293038132
2026-07-05T13:12:27Z,20260705T131224Z,2767,0.7677204728,1.0000000000,0.7422378832,0.5000000000,0.5000000000,0.7153776948
2026-07-05T13:12:27Z,20260705T131224Z,2768,0.7677204728,1.0000000000,0.7422378832,0.5000000000,0.5000000000,0.7153776948
2026-07-05T13:12:27Z,20260705T131224Z,2769,0.7677204728,1.0000000000,0.9665245833,0.5000000000,0.5000000000,0.7602350349
2026-07-05T13:12:27Z,20260705T131224Z,2770,0.7677204728,1.0000000000,0.9665245833,0.5000000000,0.5000000000,0.7602350349
2026-07-05T13:12:27Z,20260705T131224Z,2771,0.7677204728,1.0000000000,0.7951672353,0.5000000000,0.5000000000,0.7259635653
2026-07-05T13:12:27Z,20260705T131224Z,2772,0.6251540513,1.0000000000,0.7615675170,0.2500000000,0.2500000000,0.5961020162
2026-07-05T13:12:27Z,20260705T131224Z,2773,0.8202606934,1.0000000000,0.9113624492,0.7500000000,0.7500000000,0.8498376632
2026-07-05T13:12:27Z,20260705T131224Z,2774,0.7525263750,1.0000000000,0.9471067961,0.5000000000,0.5000000000,0.7525529530
2026-07-05T13:12:27Z,20260705T131224Z,2775,0.7778850527,1.0000000000,0.8342126435,0.6666666667,0.6666666667,0.7946471252
2026-07-05T13:12:27Z,20260705T131224Z,2776,0.6943980101,1.0000000000,0.8697086176,0.4000000000,0.4000000000,0.6875412261
2026-07-05T13:12:27Z,20260705T131224Z,2777,0.7831406584,1.0000000000,0.8305575059,0.8000000000,0.8000000000,0.8418966658
2026-07-05T13:12:27Z,20260705T131224Z,2778,0.6829229447,1.0000000000,0.7780738346,0.4000000000,0.4000000000,0.6663455031
2026-07-05T13:12:27Z,20260705T131224Z,2779,0.8048689313,1.0000000000,0.9646740990,0.6666666667,0.6666666667,0.8274853860
2026-07-05T13:12:27Z,20260705T131224Z,2780,0.7233498105,1.0000000000,0.9500849642,0.3333333333,0.3333333333,0.6875211121
2026-07-05T13:12:27Z,20260705T131224Z,2781,0.7677204728,1.0000000000,0.9295534250,0.5000000000,0.5000000000,0.7528408032
2026-07-05T13:12:27Z,20260705T131224Z,2782,0.7778850527,1.0000000000,0.8783347274,0.6666666667,0.6666666667,0.8034715420
2026-07-05T13:12:27Z,20260705T131224Z,2783,0.9389292606,1.0000000000,0.4554302801,1.0000000000,1.0000000000,0.8758183712
2026-07-05T13:12:27Z,20260705T131224Z,2784,0.9389292606,1.0000000000,0.5032816033,1.0000000000,1.0000000000,0.8853886358
2026-07-05T13:12:27Z,20260705T131224Z,2785,0.7221149473,1.0000000000,0.8292275133,0.3333333333,0.3333333333,0.6630409061
2026-07-05T13:12:27Z,20260705T131224Z,2786,0.9999999953,1.0000000000,1.0000000000,1.0000000000,1.0000000000,0.9999999988
2026-07-05T13:12:27Z,20260705T131224Z,2787,0.7221149473,1.0000000000,0.8292275133,0.3333333333,0.3333333333,0.6630409061
2026-07-05T13:12:27Z,20260705T131224Z,2788,1.0000000000,1.0000000000,1.0000000000,1.0000000000,1.0000000000,1.0000000000
2026-07-05T13:12:27Z,20260705T131224Z,2789,0.8308156933,1.0000000000,0.8994854171,0.6666666667,0.6666666667,0.8209343401
2026-07-05T13:12:27Z,20260705T131224Z,2790,0.8308156933,1.0000000000,0.8986883744,0.6666666667,0.6666666667,0.8207749315
2026-07-05T13:12:27Z,20260705T131224Z,2791,0.6251540513,1.0000000000,0.6568816137,0.2500000000,0.2500000000,0.5751648355
2026-07-05T13:12:27Z,20260705T131224Z,2792,0.7778850527,1.0000000000,0.8129441486,0.6666666667,0.6666666667,0.7903934262
2026-07-05T13:12:27Z,20260705T131224Z,2793,0.9389292606,1.0000000000,0.2975538547,1.0000000000,1.0000000000,0.8442430861
2026-07-05T13:12:27Z,20260705T131224Z,2794,0.8308156933,1.0000000000,0.9069391514,0.6666666667,0.6666666667,0.8224250869
2026-07-05T13:12:27Z,20260705T131224Z,2795,0.8308156933,1.0000000000,0.5647906294,0.6666666667,0.6666666667,0.7539953825
2026-07-05T13:12:27Z,20260705T131224Z,2796,0.7415433010,1.0000000000,0.7923827061,0.5000000000,0.5000000000,0.7188623665
2026-07-05T13:12:27Z,20260705T131224Z,2797,0.8308156933,1.0000000000,0.9404540319,0.6666666667,0.6666666667,0.8291280630
2026-07-05T13:12:27Z,20260705T131224Z,2798,0.9291181088,1.0000000000,0.4447806586,1.0000000000,1.0000000000,0.8712356589
2026-07-05T13:12:27Z,20260705T131224Z,2799,0.8308156933,1.0000000000,0.8961891502,0.6666666667,0.6666666667,0.8202750867
2026-07-05T13:12:27Z,20260705T131224Z,2800,0.6616313865,1.0000000000,0.2027894319,0.5000000000,0.5000000000,0.5809657330
2026-07-05T13:12:27Z,20260705T131224Z,2801,0.8938939633,1.0000000000,0.2973301552,1.0000000000,1.0000000000,0.8329395219
2026-07-05T13:12:27Z,20260705T131224Z,2802,0.7221149473,1.0000000000,0.9167411894,0.3333333333,0.3333333333,0.6805436414
2026-07-05T13:12:27Z,20260705T131224Z,2803,0.9999999953,1.0000000000,1.0000000000,1.0000000000,1.0000000000,0.9999999988
2026-07-05T13:12:27Z,20260705T131224Z,2804,0.7677204728,1.0000000000,0.9665245833,0.5000000000,0.5000000000,0.7602350349
2026-07-05T13:12:27Z,20260705T131224Z,2805,0.7677204728,1.0000000000,0.9665245833,0.5000000000,0.5000000000,0.7602350349
2026-07-05T13:12:27Z,20260705T131224Z,2806,0.9999999953,1.0000000000,1.0000000000,1.0000000000,1.0000000000,0.9999999988
2026-07-05T13:12:27Z,20260705T131224Z,2807,0.7677204728,1.0000000000,0.9665245833,0.5000000000,0.5000000000,0.7602350349
2026-07-05T13:12:27Z,20260705T131224Z,2808,1.0000000000,1.0000000000,1.0000000000,1.0000000000,1.0000000000,1.0000000000
2026-07-05T13:12:27Z,20260705T131224Z,2809,0.7677204728,1.0000000000,0.9665245833,0.5000000000,0.5000000000,0.7602350349
2026-07-05T13:12:27Z,20260705T131224Z,2810,0.7002216302,1.0000000000,0.4652060382,0.2500000000,0.2500000000,0.5555966152
2026-07-05T13:12:27Z,20260705T131224Z,2811,0.7063658756,1.0000000000,0.5315804423,0.6000000000,0.6000000000,0.6929075574
2026-07-05T13:12:27Z,20260705T131224Z,2812,0.7769957847,1.0000000000,0.6078307183,0.7500000000,0.7500000000,0.7783150898
2026-07-05T13:12:27Z,20260705T131224Z,2813,1.0000000000,1.0000000000,1.0000000000,1.0000000000,1.0000000000,1.0000000000
2026-07-05T13:12:27Z,20260705T131224Z,2814,0.7778850527,1.0000000000,0.9254705402,0.6666666667,0.6666666667,0.8128987046
2026-07-05T13:12:27Z,20260705T131224Z,2815,0.5857228750,1.0000000000,0.3347133086,0.2500000000,0.2500000000,0.5008733805
2026-07-05T13:12:27Z,20260705T131224Z,2816,0.6683552816,1.0000000000,0.4171057109,0.5000000000,0.5000000000,0.6255099626
2026-07-05T13:12:27Z,20260705T131224Z,2817,0.9389292606,1.0000000000,0.5034543539,1.0000000000,1.0000000000,0.8854231859
2026-07-05T13:12:27Z,20260705T131224Z,2818,0.7778850527,1.0000000000,0.8171260896,0.6666666667,0.6666666667,0.7912298144
2026-07-05T13:12:27Z,20260705T131224Z,2819,0.7475513658,1.0000000000,0.8196922759,0.5000000000,0.5000000000,0.7258262966
2026-07-05T13:12:27Z,20260705T131224Z,2820,0.7104165758,1.0000000000,0.8380159544,0.5000000000,0.5000000000,0.7202073348
2026-07-05T13:12:27Z,20260705T131224Z,2821,0.6666666667,1.0000000000,0.9220336936,0.3333333333,0.3333333333,0.6677400721
2026-07-05T13:12:27Z,20260705T131224Z,2822,0.7895834242,1.0000000000,0.7136394309,0.5000000000,0.5000000000,0.7151237422
2026-07-05T13:12:27Z,20260705T131224Z,2823,0.7104165758,1.0000000000,0.6905367233,0.5000000000,0.5000000000,0.6907114886
2026-07-05T13:12:27Z,20260705T131224Z,2824,0.7677204728,1.0000000000,0.9295534250,0.5000000000,0.5000000000,0.7528408032
2026-07-05T13:12:27Z,20260705T131224Z,2825,0.6945217305,1.0000000000,0.4134202818,0.3333333333,0.3333333333,0.5729811556
2026-07-05T13:12:27Z,20260705T131224Z,2826,0.6900517948,1.0000000000,0.5537543304,0.5000000000,0.5000000000,0.6582638148
2026-07-05T13:12:27Z,20260705T131224Z,2827,0.7778850527,1.0000000000,0.7082484128,0.6666666667,0.6666666667,0.7694542791
2026-07-05T13:12:27Z,20260705T131224Z,2828,0.7677204728,1.0000000000,0.8888002244,0.5000000000,0.5000000000,0.7446901631
2026-07-05T13:12:27Z,20260705T131224Z,2829,0.9999999953,1.0000000000,1.0000000000,1.0000000000,1.0000000000,0.9999999988
2026-07-05T13:12:27Z,20260705T131224Z,2830,0.7677204728,1.0000000000,0.9665245833,0.5000000000,0.5000000000,0.7602350349
2026-07-05T13:12:27Z,20260705T131224Z,2831,0.6251540513,1.0000000000,0.9102991883,0.2500000000,0.2500000000,0.6258483505
2026-07-05T13:12:27Z,20260705T131224Z,2832,0.7221149473,1.0000000000,0.9167411894,0.3333333333,0.3333333333,0.6805436414
2026-07-05T13:12:27Z,20260705T131224Z,2833,0.9999999953,1.0000000000,1.0000000000,1.0000000000,1.0000000000,0.9999999988
2026-07-05T13:12:27Z,20260705T131224Z,2834,0.9999999953,1.0000000000,1.0000000000,1.0000000000,1.0000000000,0.9999999988
2026-07-05T13:12:27Z,20260705T131224Z,2835,0.7677204728,1.0000000000,0.8440417392,0.5000000000,0.5000000000,0.7357384660
2026-07-05T13:12:27Z,20260705T131224Z,2836,0.7778850527,1.0000000000,0.7042226340,0.6666666667,0.6666666667,0.7686491233
2026-07-05T13:12:27Z,20260705T131224Z,2837,0.6274425223,1.0000000000,0.2870684395,0.6000000000,0.6000000000,0.6242743185
2026-07-05T13:12:27Z,20260705T131224Z,2838,0.7312974408,1.0000000000,0.6497215909,0.4000000000,0.4000000000,0.6527686784
2026-07-05T13:12:27Z,20260705T131224Z,2839,0.8178906433,1.0000000000,0.5312391776,0.6666666667,0.6666666667,0.7440538297
2026-07-05T13:12:27Z,20260705T131224Z,2840,0.7496918975,1.0000000000,0.8076563524,0.5000000000,0.5000000000,0.7239542449
2026-07-05T13:12:27Z,20260705T131224Z,2841,0.6095230051,1.0000000000,0.1249304436,0.4000000000,0.4000000000,0.5173668400
2026-07-05T13:12:27Z,20260705T131224Z,2842,0.7781154987,1.0000000000,0.2529448690,0.8000000000,0.8000000000,0.7251178485
2026-07-05T13:12:27Z,20260705T131224Z,2843,0.8695053551,1.0000000000,0.8458534422,0.8000000000,0.8000000000,0.8665470272
2026-07-05T13:12:27Z,20260705T131224Z,2844,0.8296522562,1.0000000000,0.6129580503,0.7500000000,0.7500000000,0.7925046741
2026-07-05T13:12:27Z,20260705T131224Z,2845,0.7778850527,1.0000000000,0.6324928147,0.6666666667,0.6666666667,0.7543031595
2026-07-05T13:12:27Z,20260705T131224Z,2846,0.8178906433,1.0000000000,0.4911620371,0.6666666667,0.6666666667,0.7360384016
2026-07-05T13:12:27Z,20260705T131224Z,2847,0.7221149473,1.0000000000,0.8757779321,0.3333333333,0.3333333333,0.6723509899
2026-07-05T13:12:27Z,20260705T131224Z,2848,0.9999999953,1.0000000000,1.0000000000,1.0000000000,1.0000000000,0.9999999988
2026-07-05T13:12:27Z,20260705T131224Z,2849,0.9999999953,1.0000000000,1.0000000000,1.0000000000,1.0000000000,0.9999999988
2026-07-05T13:12:27Z,20260705T131224Z,2850,0.9999999953,1.0000000000,1.0000000000,1.0000000000,1.0000000000,0.9999999988
2026-07-05T13:12:27Z,20260705T131224Z,2851,0.9999999953,1.0000000000,1.0000000000,1.0000000000,1.0000000000,0.9999999988
2026-07-05T13:12:27Z,20260705T131224Z,2852,0.7221149473,1.0000000000,0.6610115682,0.3333333333,0.3333333333,0.6293977171
2026-07-05T13:12:27Z,20260705T131224Z,2853,0.7107144013,1.0000000000,0.6387313271,0.5000000000,0.5000000000,0.6804248657
2026-07-05T13:12:27Z,20260705T131224Z,2854,0.8274928135,1.0000000000,0.7153604996,0.6666666667,0.6666666667,0.7832786366
2026-07-05T13:12:27Z,20260705T131224Z,2855,0.8274928135,1.0000000000,0.8300517300,0.6666666667,0.6666666667,0.8062168827
2026-07-05T13:12:27Z,20260705T131224Z,2856,0.8308156933,1.0000000000,0.8610190853,0.6666666667,0.6666666667,0.8132410737
2026-07-05T13:12:27Z,20260705T131224Z,2857,0.8308156933,1.0000000000,0.8610190853,0.6666666667,0.6666666667,0.8132410737
2026-07-05T13:12:27Z,20260705T131224Z,2858,0.9389292606,1.0000000000,0.7732683752,1.0000000000,1.0000000000,0.9393859902
2026-07-05T13:12:27Z,20260705T131224Z,2859,1.0000000000,1.0000000000,0.8751276772,1.0000000000,1.0000000000,0.9750255354
2026-07-05T13:12:27Z,20260705T131224Z,2860,1.0000000000,1.0000000000,0.9360402207,1.0000000000,1.0000000000,0.9872080441
2026-07-05T13:12:27Z,20260705T131224Z,2861,1.0000000000,1.0000000000,0.8300517300,1.0000000000,1.0000000000,0.9660103460
2026-07-05T13:12:27Z,20260705T131224Z,2862,0.7496918975,1.0000000000,0.8192484236,0.5000000000,0.5000000000,0.7262726591
2026-07-05T13:12:27Z,20260705T131224Z,2863,0.7415433010,1.0000000000,0.5509182284,0.5000000000,0.5000000000,0.6705694709
2026-07-05T13:12:27Z,20260705T131224Z,2864,0.8308156933,1.0000000000,0.8383998770,0.6666666667,0.6666666667,0.8087172320
2026-07-05T13:12:27Z,20260705T131224Z,2865,0.7312974408,1.0000000000,0.6792093097,0.4000000000,0.4000000000,0.6586662221
2026-07-05T13:12:27Z,20260705T131224Z,2866,0.7576258402,1.0000000000,0.7285889235,0.6000000000,0.6000000000,0.7451242447
2026-07-05T13:12:27Z,20260705T131224Z,2867,0.7221149473,1.0000000000,0.9167411894,0.3333333333,0.3333333333,0.6805436414
2026-07-05T13:12:27Z,20260705T131224Z,2868,0.9999999953,1.0000000000,1.0000000000,1.0000000000,1.0000000000,0.9999999988
2026-07-05T13:12:27Z,20260705T131224Z,2869,0.9999999953,1.0000000000,1.0000000000,1.0000000000,1.0000000000,0.9999999988
2026-07-05T13:12:27Z,20260705T131224Z,2870,0.7677204728,1.0000000000,0.9295534250,0.5000000000,0.5000000000,0.7528408032
2026-07-05T13:12:27Z,20260705T131224Z,2871,0.7677204728,1.0000000000,0.9295534250,0.5000000000,0.5000000000,0.7528408032
2026-07-05T13:12:27Z,20260705T131224Z,2872,0.9999999953,1.0000000000,1.0000000000,1.0000000000,1.0000000000,0.9999999988
2026-07-05T13:12:27Z,20260705T131224Z,2873,0.7233498105,1.0000000000,0.9500849642,0.3333333333,0.3333333333,0.6875211121
2026-07-05T13:12:27Z,20260705T131224Z,2874,0.8048689313,1.0000000000,0.9646740990,0.6666666667,0.6666666667,0.8274853860
2026-07-05T13:12:27Z,20260705T131224Z,2875,0.6666666667,1.0000000000,0.8405601341,0.3333333333,0.3333333333,0.6514453602
2026-07-05T13:12:27Z,20260705T131224Z,2876,1.0000000000,1.0000000000,0.9552415148,1.0000000000,1.0000000000,0.9910483030
2026-07-05T13:12:27Z,20260705T131224Z,2877,0.5468786502,1.0000000000,0.0821959233,0.2000000000,0.2000000000,0.4231588472
2026-07-05T13:12:27Z,20260705T131224Z,2878,0.9514110373,1.0000000000,0.9555050436,1.0000000000,1.0000000000,0.9789537680
2026-07-05T13:12:27Z,20260705T131224Z,2879,0.6474930472,1.0000000000,0.2031635140,0.4000000000,0.4000000000,0.5425059646
2026-07-05T13:12:27Z,20260705T131224Z,2880,0.7107144013,1.0000000000,0.8463038518,0.5000000000,0.5000000000,0.7219393707
2026-07-05T13:12:27Z,20260705T131224Z,2881,0.7415433010,1.0000000000,0.1918388099,0.5000000000,0.5000000000,0.5987535872
2026-07-05T13:12:27Z,20260705T131224Z,2882,0.6961594867,1.0000000000,0.1546893812,0.5000000000,0.5000000000,0.5799777479
2026-07-05T13:12:27Z,20260705T131224Z,2883,0.7221149473,1.0000000000,0.8757779321,0.3333333333,0.3333333333,0.6723509899
2026-07-05T13:12:27Z,20260705T131224Z,2884,0.9999999953,1.0000000000,1.0000000000,1.0000000000,1.0000000000,0.9999999988
2026-07-05T13:12:27Z,20260705T131224Z,2885,0.9999999953,1.0000000000,1.0000000000,1.0000000000,1.0000000000,0.9999999988
2026-07-05T13:12:27Z,20260705T131224Z,2886,0.7677204728,1.0000000000,0.9665245833,0.5000000000,0.5000000000,0.7602350349
2026-07-05T13:12:27Z,20260705T131224Z,2887,1.0000000000,1.0000000000,1.0000000000,1.0000000000,1.0000000000,1.0000000000
2026-07-05T13:12:27Z,20260705T131224Z,2888,0.7677204728,1.0000000000,0.9665245833,0.5000000000,0.5000000000,0.7602350349
2026-07-05T13:12:27Z,20260705T131224Z,2889,0.7677204728,1.0000000000,0.9665245833,0.5000000000,0.5000000000,0.7602350349
2026-07-05T13:12:27Z,20260705T131224Z,2890,0.6666666667,1.0000000000,0.9526695251,0.3333333333,0.3333333333,0.6738672384
2026-07-05T13:12:27Z,20260705T131224Z,2891,0.6666666667,1.0000000000,0.9220336936,0.3333333333,0.3333333333,0.6677400721
2026-07-05T13:12:27Z,20260705T131224Z,2892,1.0000000000,1.0000000000,0.9144883142,1.0000000000,1.0000000000,0.9828976628
2026-07-05T13:12:27Z,20260705T131224Z,2893,0.7295870522,1.0000000000,0.8543815259,0.5000000000,0.5000000000,0.7282730682
2026-07-05T13:12:27Z,20260705T131224Z,2894,0.7295870522,1.0000000000,0.9115516734,0.5000000000,0.5000000000,0.7397070977
2026-07-05T13:12:27Z,20260705T131224Z,2895,0.6814984824,1.0000000000,0.8339797705,0.3333333333,0.3333333333,0.6538372414
2026-07-05T13:12:27Z,20260705T131224Z,2896,0.7881737651,1.0000000000,0.6728812130,0.6666666667,0.6666666667,0.7649530172
2026-07-05T13:12:27Z,20260705T131224Z,2897,0.7475513658,1.0000000000,0.5846057988,0.5000000000,0.5000000000,0.6788090012
2026-07-05T13:12:27Z,20260705T131224Z,2898,0.7677204728,1.0000000000,0.9665245833,0.5000000000,0.5000000000,0.7602350349
2026-07-05T13:12:27Z,20260705T131224Z,2899,0.7677204728,1.0000000000,0.9665245833,0.5000000000,0.5000000000,0.7602350349
2026-07-05T13:12:27Z,20260705T131224Z,2900,0.7677204728,1.0000000000,0.9665245833,0.5000000000,0.5000000000,0.7602350349
2026-07-05T13:12:27Z,20260705T131224Z,2901,0.9999999953,1.0000000000,1.0000000000,1.0000000000,1.0000000000,0.9999999988
2026-07-05T13:12:27Z,20260705T131224Z,2902,0.7233498105,1.0000000000,0.9500849642,0.3333333333,0.3333333333,0.6875211121
2026-07-05T13:12:27Z,20260705T131224Z,2903,0.8048689313,1.0000000000,0.9646740990,0.6666666667,0.6666666667,0.8274853860
2026-07-05T13:12:27Z,20260705T131224Z,2904,0.7677204728,1.0000000000,0.9665245833,0.5000000000,0.5000000000,0.7602350349
2026-07-05T13:12:27Z,20260705T131224Z,2905,0.7221149473,1.0000000000,0.9167411894,0.3333333333,0.3333333333,0.6805436414
2026-07-05T13:12:27Z,20260705T131224Z,2906,0.7778850527,1.0000000000,0.8171260896,0.6666666667,0.6666666667,0.7912298144
2026-07-05T13:12:27Z,20260705T131224Z,2907,0.8308156933,1.0000000000,0.8645991675,0.6666666667,0.6666666667,0.8139570902
2026-07-05T13:12:27Z,20260705T131224Z,2908,0.7107144013,1.0000000000,0.7219767580,0.5000000000,0.5000000000,0.6970739519
2026-07-05T13:12:27Z,20260705T131224Z,2909,0.5796768414,1.0000000000,0.6761275261,0.2000000000,0.2000000000,0.5501447156
2026-07-05T13:12:27Z,20260705T131224Z,2910,0.7544036109,1.0000000000,0.3139572254,0.7500000000,0.7500000000,0.7138923478
2026-07-05T13:12:27Z,20260705T131224Z,2911,0.6288932976,1.0000000000,0.2047555220,0.4000000000,0.4000000000,0.5381744288
2026-07-05T13:12:27Z,20260705T131224Z,2912,0.8048689313,1.0000000000,0.9646740990,0.6666666667,0.6666666667,0.8274853860
2026-07-05T13:12:27Z,20260705T131224Z,2913,0.6666666667,1.0000000000,0.9526695251,0.3333333333,0.3333333333,0.6738672384
2026-07-05T13:12:27Z,20260705T131224Z,2914,0.6666666667,1.0000000000,0.9526695251,0.3333333333,0.3333333333,0.6738672384
2026-07-05T13:12:27Z,20260705T131224Z,2915,0.6666666667,1.0000000000,0.9526695251,0.3333333333,0.3333333333,0.6738672384
2026-07-05T13:12:27Z,20260705T131224Z,2916,0.6666666667,1.0000000000,0.9526695251,0.3333333333,0.3333333333,0.6738672384
2026-07-05T13:12:27Z,20260705T131224Z,2917,0.7677204728,1.0000000000,0.9665245833,0.5000000000,0.5000000000,0.7602350349
2026-07-05T13:12:27Z,20260705T131224Z,2918,0.9999999953,1.0000000000,1.0000000000,1.0000000000,1.0000000000,0.9999999988
2026-07-05T13:12:27Z,20260705T131224Z,2919,0.7677204728,1.0000000000,0.9665245833,0.5000000000,0.5000000000,0.7602350349
2026-07-05T13:12:27Z,20260705T131224Z,2920,0.6251540513,1.0000000000,0.9102991883,0.2500000000,0.2500000000,0.6258483505
2026-07-05T13:12:27Z,20260705T131224Z,2921,0.7496918975,1.0000000000,0.8933266677,0.5000000000,0.5000000000,0.7410883079
2026-07-05T13:12:27Z,20260705T131224Z,2922,0.9389292606,1.0000000000,0.8837272455,1.0000000000,1.0000000000,0.9614777643
2026-07-05T13:12:27Z,20260705T131224Z,2923,0.7778850527,1.0000000000,0.8655319373,0.6666666667,0.6666666667,0.8009109840
2026-07-05T13:12:27Z,20260705T131224Z,2924,1.0000000000,1.0000000000,1.0000000000,1.0000000000,1.0000000000,1.0000000000
2026-07-05T13:12:27Z,20260705T131224Z,2925,0.6666666667,1.0000000000,0.9526695251,0.3333333333,0.3333333333,0.6738672384
2026-07-05T13:12:27Z,20260705T131224Z,2926,0.6251540513,1.0000000000,0.9102991883,0.2500000000,0.2500000000,0.6258483505
2026-07-05T13:12:27Z,20260705T131224Z,2927,0.6251540513,1.0000000000,0.9102991883,0.2500000000,0.2500000000,0.6258483505
2026-07-05T13:12:27Z,20260705T131224Z,2928,0.7677204728,1.0000000000,0.9665245833,0.5000000000,0.5000000000,0.7602350349
2026-07-05T13:12:27Z,20260705T131224Z,2929,0.9999999953,1.0000000000,1.0000000000,1.0000000000,1.0000000000,0.9999999988
2026-07-05T13:12:27Z,20260705T131224Z,2930,0.7677204728,1.0000000000,0.9665245833,0.5000000000,0.5000000000,0.7602350349
2026-07-05T13:12:27Z,20260705T131224Z,2931,1.0000000000,1.0000000000,1.0000000000,1.0000000000,1.0000000000,1.0000000000
2026-07-05T13:12:27Z,20260705T131224Z,2932,0.6666666667,1.0000000000,0.9526695251,0.3333333333,0.3333333333,0.6738672384
2026-07-05T13:12:27Z,20260705T131224Z,2933,0.6251540513,1.0000000000,0.7478680893,0.2500000000,0.2500000000,0.5933621307
2026-07-05T13:12:27Z,20260705T131224Z,2934,0.8308156933,1.0000000000,0.8136414475,0.6666666667,0.6666666667,0.8037655461
2026-07-05T13:12:27Z,20260705T131224Z,2935,0.6666666667,1.0000000000,0.8291610675,0.3333333333,0.3333333333,0.6491655468
2026-07-05T13:12:27Z,20260705T131224Z,2936,1.0000000000,1.0000000000,0.9144883142,1.0000000000,1.0000000000,0.9828976628
2026-07-05T13:12:27Z,20260705T131224Z,2937,0.7778850527,1.0000000000,0.9185995894,0.6666666667,0.6666666667,0.8115245144
2026-07-05T13:12:27Z,20260705T131224Z,2938,0.7778850527,1.0000000000,0.9254705402,0.6666666667,0.6666666667,0.8128987046
2026-07-05T13:12:27Z,20260705T131224Z,2939,0.8048689313,1.0000000000,0.9646740990,0.6666666667,0.6666666667,0.8274853860
2026-07-05T13:12:27Z,20260705T131224Z,2940,0.6557645106,1.0000000000,0.2196795358,0.5000000000,0.5000000000,0.5828770348
2026-07-05T13:12:27Z,20260705T131224Z,2941,0.6665729829,1.0000000000,0.2178632370,0.3333333333,0.3333333333,0.5268825598
2026-07-05T13:12:27Z,20260705T131224Z,2942,0.6167490524,1.0000000000,0.3468855383,0.3333333333,0.3333333333,0.5402310374
2026-07-05T13:12:27Z,20260705T131224Z,2943,0.8933992419,1.0000000000,0.4582742923,1.0000000000,1.0000000000,0.8650046689
2026-07-05T13:12:27Z,20260705T131224Z,2944,0.8048689313,1.0000000000,0.9209582315,0.6666666667,0.6666666667,0.8187422125
2026-07-05T13:12:27Z,20260705T131224Z,2945,1.0000000000,1.0000000000,0.9630288418,1.0000000000,1.0000000000,0.9926057684
2026-07-05T13:12:27Z,20260705T131224Z,2946,0.7677204728,1.0000000000,0.9665245833,0.5000000000,0.5000000000,0.7602350349
2026-07-05T13:12:27Z,20260705T131224Z,2947,0.7677204728,1.0000000000,0.9665245833,0.5000000000,0.5000000000,0.7602350349
2026-07-05T13:12:27Z,20260705T131224Z,2948,0.8048689313,1.0000000000,0.5045001434,0.6666666667,0.6666666667,0.7354505948
2026-07-05T13:12:27Z,20260705T131224Z,2949,0.9694646303,1.0000000000,0.6276155666,1.0000000000,1.0000000000,0.9178892709
2026-07-05T13:12:27Z,20260705T131224Z,2950,0.7221149473,1.0000000000,0.8498246549,0.3333333333,0.3333333333,0.6671603345
2026-07-05T13:12:27Z,20260705T131224Z,2951,0.9999999953,1.0000000000,1.0000000000,1.0000000000,1.0000000000,0.9999999988
2026-07-05T13:12:27Z,20260705T131224Z,2952,0.7677204728,1.0000000000,0.9665245833,0.5000000000,0.5000000000,0.7602350349
2026-07-05T13:12:27Z,20260705T131224Z,2953,0.6666666667,1.0000000000,0.7401924071,0.3333333333,0.3333333333,0.6313718148
2026-07-05T13:12:27Z,20260705T131224Z,2954,0.6666666667,1.0000000000,0.7401924071,0.3333333333,0.3333333333,0.6313718148
2026-07-05T13:12:27Z,20260705T131224Z,2955,0.6666666667,1.0000000000,0.9220336936,0.3333333333,0.3333333333,0.6677400721
2026-07-05T13:12:27Z,20260705T131224Z,2956,1.0000000000,1.0000000000,0.9592467994,1.0000000000,1.0000000000,0.9918493599
2026-07-05T13:12:27Z,20260705T131224Z,2957,0.7295870522,1.0000000000,0.8291085106,0.5000000000,0.5000000000,0.7232184652
2026-07-05T13:12:27Z,20260705T131224Z,2958,0.7760247655,1.0000000000,0.8348057812,0.7500000000,0.7500000000,0.8234673476
2026-07-05T13:12:27Z,20260705T131224Z,2959,0.6257641301,1.0000000000,0.9399182504,0.2500000000,0.2500000000,0.6319246826
2026-07-05T13:12:27Z,20260705T131224Z,2960,0.7691695844,1.0000000000,0.8937198328,0.5000000000,0.5000000000,0.7460363627
2026-07-05T13:12:27Z,20260705T131224Z,2961,0.7804020929,1.0000000000,0.8828734957,0.6000000000,0.6000000000,0.7816752224
2026-07-05T13:12:27Z,20260705T131224Z,2962,0.7295870522,1.0000000000,0.8177245854,0.5000000000,0.5000000000,0.7209416801
2026-07-05T13:12:27Z,20260705T131224Z,2963,0.7677204728,1.0000000000,0.9665245833,0.5000000000,0.5000000000,0.7602350349
2026-07-05T13:12:27Z,20260705T131224Z,2964,0.7221149473,1.0000000000,0.9167411894,0.3333333333,0.3333333333,0.6805436414
2026-07-05T13:12:27Z,20260705T131224Z,2965,0.7221149473,1.0000000000,0.9167411894,0.3333333333,0.3333333333,0.6805436414
2026-07-05T13:12:27Z,20260705T131224Z,2966,0.7233498105,1.0000000000,0.9500849642,0.3333333333,0.3333333333,0.6875211121
2026-07-05T13:12:27Z,20260705T131224Z,2967,0.7233498105,1.0000000000,0.9500849642,0.3333333333,0.3333333333,0.6875211121
2026-07-05T13:12:27Z,20260705T131224Z,2968,0.7233498105,1.0000000000,0.9500849642,0.3333333333,0.3333333333,0.6875211121
2026-07-05T13:12:27Z,20260705T131224Z,2969,0.6257641301,1.0000000000,0.9399182504,0.2500000000,0.2500000000,0.6319246826
2026-07-05T13:12:27Z,20260705T131224Z,2970,0.6666666667,1.0000000000,0.8839199776,0.3333333333,0.3333333333,0.6601173289
2026-07-05T13:12:27Z,20260705T131224Z,2971,0.6666666667,1.0000000000,0.8685561163,0.3333333333,0.3333333333,0.6570445566
2026-07-05T13:12:27Z,20260705T131224Z,2972,1.0000000000,1.0000000000,0.9592467994,1.0000000000,1.0000000000,0.9918493599
2026-07-05T13:12:27Z,20260705T131224Z,2973,1.0000000000,1.0000000000,0.9222756411,1.0000000000,1.0000000000,0.9844551282
2026-07-05T13:12:27Z,20260705T131224Z,2974,0.7375521961,1.0000000000,0.2398543562,0.6666666667,0.6666666667,0.6656922536
2026-07-05T13:12:27Z,20260705T131224Z,2975,0.8892706552,1.0000000000,0.3632799616,1.0000000000,1.0000000000,0.8449736561
2026-07-05T13:12:27Z,20260705T131224Z,2976,0.9389292606,1.0000000000,0.9416207080,1.0000000000,1.0000000000,0.9730564568
2026-07-05T13:12:27Z,20260705T131224Z,2977,0.8892706552,1.0000000000,0.4841014981,1.0000000000,1.0000000000,0.8691379634
2026-07-05T13:12:27Z,20260705T131224Z,2978,0.7216876901,1.0000000000,0.3637764585,0.6666666667,0.6666666667,0.6865105476
2026-07-05T13:12:27Z,20260705T131224Z,2979,0.5997124834,1.0000000000,0.6961846900,0.2000000000,0.2000000000,0.5591650589
2026-07-05T13:12:27Z,20260705T131224Z,2980,0.6029000941,1.0000000000,0.6975543163,0.3333333333,0.3333333333,0.6069025535
2026-07-05T13:12:27Z,20260705T131224Z,2981,0.7525263750,1.0000000000,0.9471067961,0.5000000000,0.5000000000,0.7525529530
2026-07-05T13:12:27Z,20260705T131224Z,2982,0.8048689313,1.0000000000,0.5045001434,0.6666666667,0.6666666667,0.7354505948
2026-07-05T13:12:27Z,20260705T131224Z,2983,1.0000000000,1.0000000000,0.6685896304,1.0000000000,1.0000000000,0.9337179261
2026-07-05T13:12:27Z,20260705T131224Z,2984,0.7309729266,1.0000000000,0.8588612621,0.5000000000,0.5000000000,0.7295154841
2026-07-05T13:12:27Z,20260705T131224Z,2985,0.7221149473,1.0000000000,0.8292275133,0.3333333333,0.3333333333,0.6630409061
2026-07-05T13:12:27Z,20260705T131224Z,2986,0.7221149473,1.0000000000,0.5449819432,0.3333333333,0.3333333333,0.6061917921
2026-07-05T13:12:27Z,20260705T131224Z,2987,0.9389292606,1.0000000000,0.7671825263,1.0000000000,1.0000000000,0.9381688204
2026-07-05T13:12:27Z,20260705T131224Z,2988,0.7221149473,1.0000000000,0.7662498775,0.3333333333,0.3333333333,0.6504453790
2026-07-05T13:12:27Z,20260705T131224Z,2989,0.7677204728,1.0000000000,0.9665245833,0.5000000000,0.5000000000,0.7602350349
2026-07-05T13:12:27Z,20260705T131224Z,2990,0.6666666667,1.0000000000,0.9526695251,0.3333333333,0.3333333333,0.6738672384
2026-07-05T13:12:27Z,20260705T131224Z,2991,0.7677204728,1.0000000000,0.9665245833,0.5000000000,0.5000000000,0.7602350349
2026-07-05T13:12:27Z,20260705T131224Z,2992,0.7677204728,1.0000000000,0.9665245833,0.5000000000,0.5000000000,0.7602350349
2026-07-05T13:12:27Z,20260705T131224Z,2993,0.7677204728,1.0000000000,0.9665245833,0.5000000000,0.5000000000,0.7602350349
2026-07-05T13:12:27Z,20260705T131224Z,2994,0.9999999953,1.0000000000,1.0000000000,1.0000000000,1.0000000000,0.9999999988
2026-07-05T13:12:27Z,20260705T131224Z,2995,0.7677204728,1.0000000000,0.9665245833,0.5000000000,0.5000000000,0.7602350349
2026-07-05T13:12:27Z,20260705T131224Z,2996,0.6666666667,1.0000000000,0.9220336936,0.3333333333,0.3333333333,0.6677400721
2026-07-05T13:12:27Z,20260705T131224Z,2997,0.8048689313,1.0000000000,0.8539894749,0.6666666667,0.6666666667,0.8053484611
2026-07-05T13:12:27Z,20260705T131224Z,2998,0.8650480845,1.0000000000,0.9384330301,0.7500000000,0.7500000000,0.8664486271
2026-07-05T13:12:27Z,20260705T131224Z,2999,0.7039302083,1.0000000000,0.8523667646,0.6000000000,0.6000000000,0.7564559050
2026-07-05T13:12:27Z,20260705T131224Z,3000,0.7038845844,1.0000000000,0.9353608262,0.2500000000,0.2500000000,0.6505433113
2026-07-05T13:12:27Z,20260705T131224Z,3001,0.7677204728,1.0000000000,0.9665245833,0.5000000000,0.5000000000,0.7602350349
2026-07-05T13:12:27Z,20260705T131224Z,3002,0.6666666667,1.0000000000,0.9526695251,0.3333333333,0.3333333333,0.6738672384
2026-07-05T13:12:27Z,20260705T131224Z,3003,0.6666666667,1.0000000000,0.9526695251,0.3333333333,0.3333333333,0.6738672384
2026-07-05T13:12:27Z,20260705T131224Z,3004,1.0000000000,1.0000000000,1.0000000000,1.0000000000,1.0000000000,1.0000000000
2026-07-05T13:12:27Z,20260705T131224Z,3005,0.7677204728,1.0000000000,0.9665245833,0.5000000000,0.5000000000,0.7602350349
2026-07-05T13:12:27Z,20260705T131224Z,3006,0.9999999953,1.0000000000,1.0000000000,1.0000000000,1.0000000000,0.9999999988
2026-07-05T13:12:27Z,20260705T131224Z,3007,0.7677204728,1.0000000000,0.9665245833,0.5000000000,0.5000000000,0.7602350349
2026-07-05T13:12:27Z,20260705T131224Z,3008,0.7677204728,1.0000000000,0.9665245833,0.5000000000,0.5000000000,0.7602350349
2026-07-05T13:12:27Z,20260705T131224Z,3009,0.9999999953,1.0000000000,1.0000000000,1.0000000000,1.0000000000,0.9999999988
2026-07-05T13:12:27Z,20260705T131224Z,3010,0.9999999953,1.0000000000,1.0000000000,1.0000000000,1.0000000000,0.9999999988
2026-07-05T13:12:27Z,20260705T131224Z,3011,0.7677204728,1.0000000000,0.9295534250,0.5000000000,0.5000000000,0.7528408032
2026-07-05T13:12:27Z,20260705T131224Z,3012,0.8308156933,1.0000000000,0.9384884944,0.6666666667,0.6666666667,0.8287349555
2026-07-05T13:12:27Z,20260705T131224Z,3013,0.9694646303,1.0000000000,0.9447286544,1.0000000000,1.0000000000,0.9813118885
2026-07-05T13:12:27Z,20260705T131224Z,3014,0.9694646303,1.0000000000,0.9583338247,1.0000000000,1.0000000000,0.9840329225
2026-07-05T13:12:27Z,20260705T131224Z,3015,0.7496918975,1.0000000000,0.9474775917,0.5000000000,0.5000000000,0.7519184927
2026-07-05T13:12:27Z,20260705T131224Z,3016,0.6943980101,1.0000000000,0.8990626916,0.4000000000,0.4000000000,0.6934120408
2026-07-05T13:12:27Z,20260705T131224Z,3017,0.7954950513,1.0000000000,0.9030648197,0.7500000000,0.7500000000,0.8419867268
2026-07-05T13:12:27Z,20260705T131224Z,3018,0.5441478455,1.0000000000,0.1174056098,0.2000000000,0.2000000000,0.4295180833
2026-07-05T13:12:27Z,20260705T131224Z,3019,0.8178906433,1.0000000000,0.1880774960,0.6666666667,0.6666666667,0.6754214934
2026-07-05T13:12:27Z,20260705T131224Z,3020,0.6666666667,1.0000000000,0.9220336936,0.3333333333,0.3333333333,0.6677400721
2026-07-05T13:12:27Z,20260705T131224Z,3021,0.7677204728,1.0000000000,0.9665245833,0.5000000000,0.5000000000,0.7602350349
2026-07-05T13:12:27Z,20260705T131224Z,3022,0.7677204728,1.0000000000,0.9665245833,0.5000000000,0.5000000000,0.7602350349
2026-07-05T13:12:27Z,20260705T131224Z,3023,0.7677204728,1.0000000000,0.9665245833,0.5000000000,0.5000000000,0.7602350349
2026-07-05T13:12:27Z,20260705T131224Z,3024,0.9999999953,1.0000000000,1.0000000000,1.0000000000,1.0000000000,0.9999999988
2026-07-05T13:12:27Z,20260705T131224Z,3025,0.7221149473,1.0000000000,0.8757779321,0.3333333333,0.3333333333,0.6723509899
2026-07-05T13:12:27Z,20260705T131224Z,3026,0.7221149473,1.0000000000,0.8757779321,0.3333333333,0.3333333333,0.6723509899
2026-07-05T13:12:27Z,20260705T131224Z,3027,0.7221149473,1.0000000000,0.8498246549,0.3333333333,0.3333333333,0.6671603345
2026-07-05T13:12:27Z,20260705T131224Z,3028,0.5485061349,1.0000000000,0.7612824621,0.1666666667,0.1666666667,0.5477163595
2026-07-05T13:12:27Z,20260705T131224Z,3029,0.7911717252,1.0000000000,0.9097882557,0.5000000000,0.5000000000,0.7547505824
2026-07-05T13:12:27Z,20260705T131224Z,3030,0.7525263750,1.0000000000,0.9093608425,0.5000000000,0.5000000000,0.7450037623
2026-07-05T13:12:27Z,20260705T131224Z,3031,0.6009334931,1.0000000000,0.9272334413,0.2000000000,0.2000000000,0.6056800615
2026-07-05T13:12:27Z,20260705T131224Z,3032,0.7911717252,1.0000000000,0.9279996001,0.5000000000,0.5000000000,0.7583928513
2026-07-05T13:12:27Z,20260705T131224Z,3033,0.7708807339,1.0000000000,0.9263891964,0.6000000000,0.6000000000,0.7879980228
2026-07-05T13:12:27Z,20260705T131224Z,3034,0.8403704676,1.0000000000,0.9006112042,0.7500000000,0.7500000000,0.8527148577
2026-07-05T13:12:27Z,20260705T131224Z,3035,0.7233498105,1.0000000000,0.9500849642,0.3333333333,0.3333333333,0.6875211121
2026-07-05T13:12:27Z,20260705T131224Z,3036,0.9999999953,1.0000000000,1.0000000000,1.0000000000,1.0000000000,0.9999999988
2026-07-05T13:12:27Z,20260705T131224Z,3037,0.7233498105,1.0000000000,0.9500849642,0.3333333333,0.3333333333,0.6875211121
2026-07-05T13:12:27Z,20260705T131224Z,3038,0.7233498105,1.0000000000,0.9500849642,0.3333333333,0.3333333333,0.6875211121
2026-07-05T13:12:27Z,20260705T131224Z,3039,0.7233498105,1.0000000000,0.9500849642,0.3333333333,0.3333333333,0.6875211121
2026-07-05T13:12:27Z,20260705T131224Z,3040,0.6257641301,1.0000000000,0.9399182504,0.2500000000,0.2500000000,0.6319246826
2026-07-05T13:12:27Z,20260705T131224Z,3041,0.6666666667,1.0000000000,0.9526695251,0.3333333333,0.3333333333,0.6738672384
2026-07-05T13:12:27Z,20260705T131224Z,3042,0.7677204728,1.0000000000,0.9665245833,0.5000000000,0.5000000000,0.7602350349
2026-07-05T13:12:27Z,20260705T131224Z,3043,0.7221149473,1.0000000000,0.7776398117,0.3333333333,0.3333333333,0.6527233658
2026-07-05T13:12:27Z,20260705T131224Z,3044,1.0000000000,1.0000000000,0.8563531705,1.0000000000,1.0000000000,0.9712706341
2026-07-05T13:12:27Z,20260705T131224Z,3045,0.8031901549,1.0000000000,0.8203602212,0.7500000000,0.7500000000,0.8273695830
2026-07-05T13:12:27Z,20260705T131224Z,3046,0.7104165758,1.0000000000,0.7891041220,0.5000000000,0.5000000000,0.7104249684
2026-07-05T13:12:27Z,20260705T131224Z,3047,0.7525263750,1.0000000000,0.9471067961,0.5000000000,0.5000000000,0.7525529530
2026-07-05T13:12:27Z,20260705T131224Z,3048,0.7525263750,1.0000000000,0.9093608425,0.5000000000,0.5000000000,0.7450037623
2026-07-05T13:12:27Z,20260705T131224Z,3049,0.8308156933,1.0000000000,0.9478320785,0.6666666667,0.6666666667,0.8306036723
2026-07-05T13:12:27Z,20260705T131224Z,3050,0.7221149473,1.0000000000,0.9167411894,0.3333333333,0.3333333333,0.6805436414
2026-07-05T13:12:27Z,20260705T131224Z,3051,0.9999999953,1.0000000000,1.0000000000,1.0000000000,1.0000000000,0.9999999988
2026-07-05T13:12:27Z,20260705T131224Z,3052,0.7233498105,1.0000000000,0.9500849642,0.3333333333,0.3333333333,0.6875211121
2026-07-05T13:12:27Z,20260705T131224Z,3053,0.7233498105,1.0000000000,0.9500849642,0.3333333333,0.3333333333,0.6875211121
2026-07-05T13:12:27Z,20260705T131224Z,3054,0.7677204728,1.0000000000,0.9665245833,0.5000000000,0.5000000000,0.7602350349
2026-07-05T13:12:27Z,20260705T131224Z,3055,1.0000000000,1.0000000000,1.0000000000,1.0000000000,1.0000000000,1.0000000000
2026-07-05T13:12:27Z,20260705T131224Z,3056,0.7687025592,1.0000000000,0.5764987398,0.4000000000,0.4000000000,0.6474753878
2026-07-05T13:12:27Z,20260705T131224Z,3057,0.6660322235,1.0000000000,0.5526674945,0.4000000000,0.4000000000,0.6170415548
2026-07-05T13:12:27Z,20260705T131224Z,3058,0.8308156933,1.0000000000,0.9578593300,0.6666666667,0.6666666667,0.8326091226
2026-07-05T13:12:27Z,20260705T131224Z,3059,0.7266473016,1.0000000000,0.7229277497,0.6000000000,0.6000000000,0.7362473753
2026-07-05T13:12:27Z,20260705T131224Z,3060,0.8922603244,1.0000000000,0.7900996408,1.0000000000,1.0000000000,0.9310850092
2026-07-05T13:12:27Z,20260705T131224Z,3061,0.9239992904,1.0000000000,0.9234227024,1.0000000000,1.0000000000,0.9656843631
2026-07-05T13:12:27Z,20260705T131224Z,3062,0.6910978712,1.0000000000,0.8277626715,0.2000000000,0.2000000000,0.6083270021
2026-07-05T13:12:27Z,20260705T131224Z,3063,0.7038845844,1.0000000000,0.9353608262,0.2500000000,0.2500000000,0.6505433113
2026-07-05T13:12:27Z,20260705T131224Z,3064,0.7038845844,1.0000000000,0.9353608262,0.2500000000,0.2500000000,0.6505433113
2026-07-05T13:12:27Z,20260705T131224Z,3065,0.7221149473,1.0000000000,0.5973455428,0.3333333333,0.3333333333,0.6166645120
2026-07-05T13:12:27Z,20260705T131224Z,3066,0.8296522562,1.0000000000,0.5090321571,0.7500000000,0.7500000000,0.7717194955
2026-07-05T13:12:27Z,20260705T131224Z,3067,0.7811646086,1.0000000000,0.6284835257,0.5000000000,0.5000000000,0.6959878573
2026-07-05T13:12:27Z,20260705T131224Z,3068,0.9291181088,1.0000000000,0.3607910255,1.0000000000,1.0000000000,0.8544377323
2026-07-05T13:12:27Z,20260705T131224Z,3069,1.0000000000,1.0000000000,0.9511254961,1.0000000000,1.0000000000,0.9902250992
2026-07-05T13:12:27Z,20260705T131224Z,3070,0.8308156933,1.0000000000,0.9435168154,0.6666666667,0.6666666667,0.8297406197
2026-07-05T13:12:27Z,20260705T131224Z,3071,1.0000000000,1.0000000000,0.9087421033,1.0000000000,1.0000000000,0.9817484207
2026-07-05T13:12:27Z,20260705T131224Z,3072,0.8308156933,1.0000000000,0.9626244068,0.6666666667,0.6666666667,0.8335621380
2026-07-05T13:12:27Z,20260705T131224Z,3073,1.0000000000,1.0000000000,0.9592467994,1.0000000000,1.0000000000,0.9918493599
2026-07-05T13:12:27Z,20260705T131224Z,3074,1.0000000000,1.0000000000,0.9552415148,1.0000000000,1.0000000000,0.9910483030
2026-07-05T13:12:27Z,20260705T131224Z,3075,1.0000000000,1.0000000000,0.9144883142,1.0000000000,1.0000000000,0.9828976628
2026-07-05T13:12:27Z,20260705T131224Z,3076,1.0000000000,1.0000000000,0.8656138103,1.0000000000,1.0000000000,0.9731227621
2026-07-05T13:12:27Z,20260705T131224Z,3077,1.0000000000,1.0000000000,0.9999999866,1.0000000000,1.0000000000,0.9999999973
2026-07-05T13:12:27Z,20260705T131224Z,3078,1.0000000000,1.0000000000,0.9999999866,1.0000000000,1.0000000000,0.9999999973
2026-07-05T13:12:27Z,20260705T131224Z,3079,0.8308156933,1.0000000000,0.9167818480,0.6666666667,0.6666666667,0.8243936263
2026-07-05T13:12:27Z,20260705T131224Z,3080,0.9389292606,1.0000000000,0.5703054991,1.0000000000,1.0000000000,0.8987934150
2026-07-05T13:12:27Z,20260705T131224Z,3081,0.8461736740,1.0000000000,0.3850886120,0.7500000000,0.7500000000,0.7510611409
2026-07-05T13:12:27Z,20260705T131224Z,3082,0.8645221980,1.0000000000,0.7870632511,0.7500000000,0.7500000000,0.8360431997
2026-07-05T13:12:27Z,20260705T131224Z,3083,1.0000000000,1.0000000000,0.9366775019,1.0000000000,1.0000000000,0.9873355004
2026-07-05T13:12:27Z,20260705T131224Z,3084,0.8308156933,1.0000000000,0.7305833490,0.6666666667,0.6666666667,0.7871539264
2026-07-05T13:12:27Z,20260705T131224Z,3085,0.7691695844,1.0000000000,0.4846576582,0.5000000000,0.5000000000,0.6642239277
2026-07-05T13:12:27Z,20260705T131224Z,3086,0.7690154523,1.0000000000,0.5719258422,0.6000000000,0.6000000000,0.7166390315
2026-07-05T13:12:27Z,20260705T131224Z,3087,0.8770767457,1.0000000000,0.4095382659,1.0000000000,1.0000000000,0.8511768396
2026-07-05T13:12:27Z,20260705T131224Z,3088,0.7011185094,1.0000000000,0.6639304927,0.2500000000,0.2500000000,0.5955657259
2026-07-05T13:12:27Z,20260705T131224Z,3089,0.7677204728,1.0000000000,0.9665245833,0.5000000000,0.5000000000,0.7602350349
2026-07-05T13:12:27Z,20260705T131224Z,3090,0.7677204728,1.0000000000,0.9665245833,0.5000000000,0.5000000000,0.7602350349
2026-07-05T13:12:27Z,20260705T131224Z,3091,0.7221149473,1.0000000000,0.6513736399,0.3333333333,0.3333333333,0.6274701315
2026-07-05T13:12:27Z,20260705T131224Z,3092,0.6972020364,1.0000000000,0.6641458019,0.5000000000,0.5000000000,0.6821296695
2026-07-05T13:12:27Z,20260705T131224Z,3093,0.7233498105,1.0000000000,0.9500849642,0.3333333333,0.3333333333,0.6875211121
2026-07-05T13:12:27Z,20260705T131224Z,3094,0.7677204728,1.0000000000,0.9295534250,0.5000000000,0.5000000000,0.7528408032
2026-07-05T13:12:27Z,20260705T131224Z,3095,0.6666666667,1.0000000000,0.8685561163,0.3333333333,0.3333333333,0.6570445566
2026-07-05T13:12:27Z,20260705T131224Z,3096,0.7677204728,1.0000000000,0.8888002244,0.5000000000,0.5000000000,0.7446901631
2026-07-05T13:12:27Z,20260705T131224Z,3097,0.9999999953,1.0000000000,1.0000000000,1.0000000000,1.0000000000,0.9999999988
2026-07-05T13:12:27Z,20260705T131224Z,3098,0.7677204728,1.0000000000,0.7951672353,0.5000000000,0.5000000000,0.7259635653
2026-07-05T13:12:27Z,20260705T131224Z,3099,1.0000000000,1.0000000000,0.8656138103,1.0000000000,1.0000000000,0.9731227621
2026-07-05T13:12:27Z,20260705T131224Z,3100,0.7778850527,1.0000000000,0.8783347274,0.6666666667,0.6666666667,0.8034715420
2026-07-05T13:12:27Z,20260705T131224Z,3101,0.9694646303,1.0000000000,0.9173898678,1.0000000000,1.0000000000,0.9758441311
2026-07-05T13:12:27Z,20260705T131224Z,3102,0.8225951886,1.0000000000,0.9626090465,0.7500000000,0.7500000000,0.8606706065
2026-07-05T13:12:27Z,20260705T131224Z,3103,0.8225951886,1.0000000000,0.9626090465,0.7500000000,0.7500000000,0.8606706065
2026-07-05T13:12:27Z,20260705T131224Z,3104,0.7233498105,1.0000000000,0.9500849642,0.3333333333,0.3333333333,0.6875211121
2026-07-05T13:12:27Z,20260705T131224Z,3105,0.7677204728,1.0000000000,0.9665245833,0.5000000000,0.5000000000,0.7602350349
2026-07-05T13:12:27Z,20260705T131224Z,3106,1.0000000000,1.0000000000,1.0000000000,1.0000000000,1.0000000000,1.0000000000
2026-07-05T13:12:27Z,20260705T131224Z,3107,0.6251540513,1.0000000000,0.8004252408,0.2500000000,0.2500000000,0.6038735610
2026-07-05T13:12:27Z,20260705T131224Z,3108,0.8274928135,1.0000000000,0.6666666667,0.6666666667,0.6666666667,0.7735398700
2026-07-05T13:12:27Z,20260705T131224Z,3109,0.7322795272,1.0000000000,0.5000000000,0.5000000000,0.5000000000,0.6580698818
2026-07-05T13:12:27Z,20260705T131224Z,3110,0.9999999953,1.0000000000,1.0000000000,1.0000000000,1.0000000000,0.9999999988
2026-07-05T13:12:27Z,20260705T131224Z,3111,0.7233498105,1.0000000000,0.9500849642,0.3333333333,0.3333333333,0.6875211121
2026-07-05T13:12:27Z,20260705T131224Z,3112,0.6557645106,1.0000000000,0.4288755866,0.5000000000,0.5000000000,0.6247162450
2026-07-05T13:12:27Z,20260705T131224Z,3113,0.6683552816,1.0000000000,0.4339935777,0.5000000000,0.5000000000,0.6288875359
2026-07-05T13:12:27Z,20260705T131224Z,3114,1.0000000000,1.0000000000,0.9556318169,1.0000000000,1.0000000000,0.9911263634
2026-07-05T13:12:27Z,20260705T131224Z,3115,0.7496918975,1.0000000000,0.6273869998,0.5000000000,0.5000000000,0.6879003743
2026-07-05T13:12:27Z,20260705T131224Z,3116,0.8461736740,1.0000000000,0.6974229673,0.7500000000,0.7500000000,0.8135280119
2026-07-05T13:12:27Z,20260705T131224Z,3117,0.7760247655,1.0000000000,0.8176046687,0.7500000000,0.7500000000,0.8200271251
2026-07-05T13:12:27Z,20260705T131224Z,3118,0.6972020364,1.0000000000,0.8841972083,0.5000000000,0.5000000000,0.7261399507
2026-07-05T13:12:27Z,20260705T131224Z,3119,0.6972020364,1.0000000000,0.9176449982,0.5000000000,0.5000000000,0.7328295087
2026-07-05T13:12:27Z,20260705T131224Z,3120,0.9694646303,1.0000000000,0.9607964412,1.0000000000,1.0000000000,0.9845254458
2026-07-05T13:12:27Z,20260705T131224Z,3121,0.7221149473,1.0000000000,0.9167411894,0.3333333333,0.3333333333,0.6805436414
2026-07-05T13:12:27Z,20260705T131224Z,3122,0.9999999953,1.0000000000,1.0000000000,1.0000000000,1.0000000000,0.9999999988
2026-07-05T13:12:27Z,20260705T131224Z,3123,0.9999999953,1.0000000000,1.0000000000,1.0000000000,1.0000000000,0.9999999988
2026-07-05T13:12:27Z,20260705T131224Z,3124,0.7677204728,1.0000000000,0.9665245833,0.5000000000,0.5000000000,0.7602350349
2026-07-05T13:12:27Z,20260705T131224Z,3125,0.7677204728,1.0000000000,0.9665245833,0.5000000000,0.5000000000,0.7602350349
2026-07-05T13:12:27Z,20260705T131224Z,3126,0.9999999953,1.0000000000,1.0000000000,1.0000000000,1.0000000000,0.9999999988
2026-07-05T13:12:27Z,20260705T131224Z,3127,0.9999999953,1.0000000000,1.0000000000,1.0000000000,1.0000000000,0.9999999988
2026-07-05T13:12:27Z,20260705T131224Z,3128,0.7677204728,1.0000000000,0.8888002244,0.5000000000,0.5000000000,0.7446901631
2026-07-05T13:12:27Z,20260705T131224Z,3129,0.7677204728,1.0000000000,0.8888002244,0.5000000000,0.5000000000,0.7446901631
2026-07-05T13:12:27Z,20260705T131224Z,3130,0.7221149473,1.0000000000,0.7776398117,0.3333333333,0.3333333333,0.6527233658
2026-07-05T13:12:27Z,20260705T131224Z,3131,0.8308156933,1.0000000000,0.8461221871,0.6666666667,0.6666666667,0.8102616941
2026-07-05T13:12:27Z,20260705T131224Z,3132,0.7778850527,1.0000000000,0.9185995894,0.6666666667,0.6666666667,0.8115245144
2026-07-05T13:12:27Z,20260705T131224Z,3133,0.7778850527,1.0000000000,0.9254705402,0.6666666667,0.6666666667,0.8128987046
2026-07-05T13:12:27Z,20260705T131224Z,3134,0.8048689313,1.0000000000,0.9646740990,0.6666666667,0.6666666667,0.8274853860
2026-07-05T13:12:27Z,20260705T131224Z,3135,0.8048689313,1.0000000000,0.8269519658,0.6666666667,0.6666666667,0.7999409593
2026-07-05T13:12:27Z,20260705T131224Z,3136,0.6666666667,1.0000000000,0.7925436939,0.3333333333,0.3333333333,0.6418420721
2026-07-05T13:12:27Z,20260705T131224Z,3137,0.7677204728,1.0000000000,0.9665245833,0.5000000000,0.5000000000,0.7602350349
2026-07-05T13:12:27Z,20260705T131224Z,3138,0.9999999953,1.0000000000,1.0000000000,1.0000000000,1.0000000000,0.9999999988
2026-07-05T13:12:27Z,20260705T131224Z,3139,0.9999999953,1.0000000000,1.0000000000,1.0000000000,1.0000000000,0.9999999988
2026-07-05T13:12:27Z,20260705T131224Z,3140,0.7233498105,1.0000000000,0.9500849642,0.3333333333,0.3333333333,0.6875211121
2026-07-05T13:12:27Z,20260705T131224Z,3141,0.7233498105,1.0000000000,0.9500849642,0.3333333333,0.3333333333,0.6875211121
2026-07-05T13:12:27Z,20260705T131224Z,3142,0.9999999953,1.0000000000,1.0000000000,1.0000000000,1.0000000000,0.9999999988
2026-07-05T13:12:27Z,20260705T131224Z,3143,0.7011185094,1.0000000000,0.9032887910,0.2500000000,0.2500000000,0.6434373856
2026-07-05T13:12:27Z,20260705T131224Z,3144,0.7011185094,1.0000000000,0.9032887910,0.2500000000,0.2500000000,0.6434373856
2026-07-05T13:12:27Z,20260705T131224Z,3145,0.7221149473,1.0000000000,0.8031614184,0.3333333333,0.3333333333,0.6578276872
2026-07-05T13:12:27Z,20260705T131224Z,3146,0.8308156933,1.0000000000,0.8626274645,0.6666666667,0.6666666667,0.8135627495
2026-07-05T13:12:27Z,20260705T131224Z,3147,1.0000000000,1.0000000000,0.9999999905,1.0000000000,1.0000000000,0.9999999981
2026-07-05T13:12:27Z,20260705T131224Z,3148,0.7677204728,1.0000000000,0.9295534250,0.5000000000,0.5000000000,0.7528408032
2026-07-05T13:12:27Z,20260705T131224Z,3149,0.7233498105,1.0000000000,0.9500849642,0.3333333333,0.3333333333,0.6875211121
2026-07-05T13:12:27Z,20260705T131224Z,3150,0.6257641301,1.0000000000,0.8782153545,0.2500000000,0.2500000000,0.6195841034
2026-07-05T13:12:27Z,20260705T131224Z,3151,0.6009334931,1.0000000000,0.8715437659,0.2000000000,0.2000000000,0.5945421265
2026-07-05T13:12:27Z,20260705T131224Z,3152,0.8202606934,1.0000000000,0.8156056922,0.7500000000,0.7500000000,0.8306863118
2026-07-05T13:12:27Z,20260705T131224Z,3153,0.6251540513,1.0000000000,0.7752363395,0.2500000000,0.2500000000,0.5988357807
2026-07-05T13:12:27Z,20260705T131224Z,3154,0.6666666667,1.0000000000,0.9526695251,0.3333333333,0.3333333333,0.6738672384
2026-07-05T13:12:27Z,20260705T131224Z,3155,0.7677204728,1.0000000000,0.9665245833,0.5000000000,0.5000000000,0.7602350349
2026-07-05T13:12:27Z,20260705T131224Z,3156,0.9999999953,1.0000000000,1.0000000000,1.0000000000,1.0000000000,0.9999999988
2026-07-05T13:12:27Z,20260705T131224Z,3157,0.7677204728,1.0000000000,0.9665245833,0.5000000000,0.5000000000,0.7602350349
2026-07-05T13:12:27Z,20260705T131224Z,3158,0.7677204728,1.0000000000,0.9665245833,0.5000000000,0.5000000000,0.7602350349
2026-07-05T13:12:27Z,20260705T131224Z,3159,0.7677204728,1.0000000000,0.9665245833,0.5000000000,0.5000000000,0.7602350349
2026-07-05T13:12:27Z,20260705T131224Z,3160,1.0000000000,1.0000000000,0.8775171560,1.0000000000,1.0000000000,0.9755034312
2026-07-05T13:12:27Z,20260705T131224Z,3161,1.0000000000,1.0000000000,0.9144883142,1.0000000000,1.0000000000,0.9828976628
2026-07-05T13:12:27Z,20260705T131224Z,3162,1.0000000000,1.0000000000,0.9630288418,1.0000000000,1.0000000000,0.9926057684
2026-07-05T13:12:27Z,20260705T131224Z,3163,0.7525263750,1.0000000000,0.9471067961,0.5000000000,0.5000000000,0.7525529530
2026-07-05T13:12:27Z,20260705T131224Z,3164,0.6524308986,1.0000000000,0.7759501210,0.4000000000,0.4000000000,0.6582977488
2026-07-05T13:12:27Z,20260705T131224Z,3165,0.8556136734,1.0000000000,0.6734641059,0.7500000000,0.7500000000,0.8110962395
2026-07-05T13:12:27Z,20260705T131224Z,3166,0.6512923670,1.0000000000,0.4531455328,0.2500000000,0.2500000000,0.5409521983
2026-07-05T13:12:27Z,20260705T131224Z,3167,0.7677204728,1.0000000000,0.9665245833,0.5000000000,0.5000000000,0.7602350349
2026-07-05T13:12:27Z,20260705T131224Z,3168,0.7677204728,1.0000000000,0.9665245833,0.5000000000,0.5000000000,0.7602350349
2026-07-05T13:12:27Z,20260705T131224Z,3169,0.9999999953,1.0000000000,1.0000000000,1.0000000000,1.0000000000,0.9999999988
2026-07-05T13:12:27Z,20260705T131224Z,3170,0.7677204728,1.0000000000,0.9665245833,0.5000000000,0.5000000000,0.7602350349
2026-07-05T13:12:27Z,20260705T131224Z,3171,1.0000000000,1.0000000000,1.0000000000,1.0000000000,1.0000000000,1.0000000000
2026-07-05T13:12:27Z,20260705T131224Z,3172,0.7778850527,1.0000000000,0.9254705402,0.6666666667,0.6666666667,0.8128987046
2026-07-05T13:12:27Z,20260705T131224Z,3173,0.6626838260,1.0000000000,0.8122384215,0.4000000000,0.4000000000,0.6681186408
2026-07-05T13:12:27Z,20260705T131224Z,3174,0.7295870522,1.0000000000,0.8164339559,0.5000000000,0.5000000000,0.7206835542
2026-07-05T13:12:27Z,20260705T131224Z,3175,0.7778850527,1.0000000000,0.8321371256,0.6666666667,0.6666666667,0.7942320216
2026-07-05T13:12:27Z,20260705T131224Z,3176,0.7496918975,1.0000000000,0.8993750183,0.5000000000,0.5000000000,0.7422979780
2026-07-05T13:12:27Z,20260705T131224Z,3177,0.7688234628,1.0000000000,0.7976675165,0.7500000000,0.7500000000,0.8142393690
2026-07-05T13:12:27Z,20260705T131224Z,3178,0.7039302083,1.0000000000,0.7998803331,0.6000000000,0.6000000000,0.7459586187
2026-07-05T13:12:27Z,20260705T131224Z,3179,0.6009334931,1.0000000000,0.7346916464,0.2000000000,0.2000000000,0.5671717026
2026-07-05T13:12:27Z,20260705T131224Z,3180,0.5831289857,1.0000000000,0.7309980153,0.1666666667,0.1666666667,0.5503151828
2026-07-05T13:12:27Z,20260705T131224Z,3181,0.6323592548,1.0000000000,0.3444477242,0.3333333333,0.3333333333,0.5436460252
2026-07-05T13:12:27Z,20260705T131224Z,3182,0.7415433010,1.0000000000,0.5682496204,0.5000000000,0.5000000000,0.6740357493
2026-07-05T13:12:27Z,20260705T131224Z,3183,0.6972020364,1.0000000000,0.7230085668,0.5000000000,0.5000000000,0.6939022225
2026-07-05T13:12:27Z,20260705T131224Z,3184,0.7233498105,1.0000000000,0.9500849642,0.3333333333,0.3333333333,0.6875211121
2026-07-05T13:12:27Z,20260705T131224Z,3185,0.7677204728,1.0000000000,0.7422378832,0.5000000000,0.5000000000,0.7153776948
2026-07-05T13:12:27Z,20260705T131224Z,3186,0.7677204728,1.0000000000,0.7422378832,0.5000000000,0.5000000000,0.7153776948
2026-07-05T13:12:27Z,20260705T131224Z,3187,0.9999999953,1.0000000000,1.0000000000,1.0000000000,1.0000000000,0.9999999988
2026-07-05T13:12:27Z,20260705T131224Z,3188,0.7677204728,1.0000000000,0.9665245833,0.5000000000,0.5000000000,0.7602350349
2026-07-05T13:12:27Z,20260705T131224Z,3189,1.0000000000,1.0000000000,0.9630288418,1.0000000000,1.0000000000,0.9926057684
2026-07-05T13:12:27Z,20260705T131224Z,3190,0.7677204728,1.0000000000,0.9295534250,0.5000000000,0.5000000000,0.7528408032
2026-07-05T13:12:27Z,20260705T131224Z,3191,0.7677204728,1.0000000000,0.9665245833,0.5000000000,0.5000000000,0.7602350349
2026-07-05T13:12:27Z,20260705T131224Z,3192,1.0000000000,1.0000000000,0.8775171560,1.0000000000,1.0000000000,0.9755034312
2026-07-05T13:12:27Z,20260705T131224Z,3193,1.0000000000,1.0000000000,0.9144883142,1.0000000000,1.0000000000,0.9828976628
2026-07-05T13:12:27Z,20260705T131224Z,3194,0.7525263750,1.0000000000,0.9377784458,0.5000000000,0.5000000000,0.7506872829
2026-07-05T13:12:27Z,20260705T131224Z,3195,0.7525263750,1.0000000000,0.8703663628,0.5000000000,0.5000000000,0.7372048663
2026-07-05T13:12:27Z,20260705T131224Z,3196,0.8308156933,1.0000000000,0.9455495523,0.6666666667,0.6666666667,0.8301471671
2026-07-05T13:12:27Z,20260705T131224Z,3197,0.6806608889,1.0000000000,0.8961914554,0.4000000000,0.4000000000,0.6894035133
2026-07-05T13:12:27Z,20260705T131224Z,3198,0.6524308986,1.0000000000,0.9088470572,0.4000000000,0.4000000000,0.6848771361
2026-07-05T13:12:27Z,20260705T131224Z,3199,0.7221149473,1.0000000000,0.9167411894,0.3333333333,0.3333333333,0.6805436414
2026-07-05T13:12:27Z,20260705T131224Z,3200,0.7677204728,1.0000000000,0.9665245833,0.5000000000,0.5000000000,0.7602350349
2026-07-05T13:12:27Z,20260705T131224Z,3201,0.6666666667,1.0000000000,0.6839169010,0.3333333333,0.3333333333,0.6201167135
2026-07-05T13:12:27Z,20260705T131224Z,3202,0.7677204728,1.0000000000,0.6855471582,0.5000000000,0.5000000000,0.7040395498
2026-07-05T13:12:27Z,20260705T131224Z,3203,0.7677204728,1.0000000000,0.8440417392,0.5000000000,0.5000000000,0.7357384660
2026-07-05T13:12:27Z,20260705T131224Z,3204,1.0000000000,1.0000000000,0.8775171560,1.0000000000,1.0000000000,0.9755034312
2026-07-05T13:12:27Z,20260705T131224Z,3205,0.8048689313,1.0000000000,0.9646740990,0.6666666667,0.6666666667,0.8274853860
2026-07-05T13:12:27Z,20260705T131224Z,3206,0.6972020364,1.0000000000,0.8770383728,0.5000000000,0.5000000000,0.7247081836
2026-07-05T13:12:27Z,20260705T131224Z,3207,1.0000000000,1.0000000000,0.8429661232,1.0000000000,1.0000000000,0.9685932246
2026-07-05T13:12:27Z,20260705T131224Z,3208,0.6468804614,1.0000000000,0.6662260314,0.4000000000,0.4000000000,0.6349653216
2026-07-05T13:12:27Z,20260705T131224Z,3209,0.7895834242,1.0000000000,0.7950150553,0.5000000000,0.5000000000,0.7313988671
2026-07-05T13:12:27Z,20260705T131224Z,3210,0.7778850527,1.0000000000,0.8783347274,0.6666666667,0.6666666667,0.8034715420
2026-07-05T13:12:27Z,20260705T131224Z,3211,0.6385522430,1.0000000000,0.7841141617,0.4000000000,0.4000000000,0.6564608931
2026-07-05T13:12:27Z,20260705T131224Z,3212,0.7294061770,1.0000000000,0.9200624515,0.5000000000,0.5000000000,0.7413640346
2026-07-05T13:12:27Z,20260705T131224Z,3213,0.8321627679,1.0000000000,0.6481909303,0.8000000000,0.8000000000,0.8176788780
2026-07-05T13:12:27Z,20260705T131224Z,3214,0.6721372281,1.0000000000,0.5999776067,0.4000000000,0.4000000000,0.6280298283
2026-07-05T13:12:27Z,20260705T131224Z,3215,0.8266479091,1.0000000000,0.5608897692,0.6666666667,0.6666666667,0.7521732645
2026-07-05T13:12:27Z,20260705T131224Z,3216,0.7677204728,1.0000000000,0.9295534250,0.5000000000,0.5000000000,0.7528408032
2026-07-05T13:12:27Z,20260705T131224Z,3217,0.7677204728,1.0000000000,0.9665245833,0.5000000000,0.5000000000,0.7602350349
2026-07-05T13:12:27Z,20260705T131224Z,3218,0.7677204728,1.0000000000,0.9665245833,0.5000000000,0.5000000000,0.7602350349
2026-07-05T13:12:27Z,20260705T131224Z,3219,0.9999999953,1.0000000000,1.0000000000,1.0000000000,1.0000000000,0.9999999988
2026-07-05T13:12:27Z,20260705T131224Z,3220,0.9999999953,1.0000000000,1.0000000000,1.0000000000,1.0000000000,0.9999999988
2026-07-05T13:12:27Z,20260705T131224Z,3221,0.7677204728,1.0000000000,0.9665245833,0.5000000000,0.5000000000,0.7602350349
2026-07-05T13:12:27Z,20260705T131224Z,3222,0.6666666667,1.0000000000,0.9220336936,0.3333333333,0.3333333333,0.6677400721
2026-07-05T13:12:27Z,20260705T131224Z,3223,0.7778850527,1.0000000000,0.9185995894,0.6666666667,0.6666666667,0.8115245144
2026-07-05T13:12:27Z,20260705T131224Z,3224,0.8683435189,1.0000000000,0.9100641067,0.7500000000,0.7500000000,0.8615987011
2026-07-05T13:12:27Z,20260705T131224Z,3225,0.8224757615,1.0000000000,0.8240296145,0.7500000000,0.7500000000,0.8329248633
2026-07-05T13:12:27Z,20260705T131224Z,3226,0.7778850527,1.0000000000,0.7515843736,0.6666666667,0.6666666667,0.7781214712
2026-07-05T13:12:27Z,20260705T131224Z,3227,0.7517556886,1.0000000000,0.5070400948,0.6666666667,0.6666666667,0.7226802744
2026-07-05T13:12:27Z,20260705T131224Z,3228,0.6624500968,1.0000000000,0.4890116716,0.5000000000,0.5000000000,0.6384148585
2026-07-05T13:12:27Z,20260705T131224Z,3229,0.7221149473,1.0000000000,0.8757779321,0.3333333333,0.3333333333,0.6723509899
2026-07-05T13:12:27Z,20260705T131224Z,3230,0.7002216302,1.0000000000,0.7274040254,0.2500000000,0.2500000000,0.6080362126
2026-07-05T13:12:27Z,20260705T131224Z,3231,0.8683435189,1.0000000000,0.8873829764,0.7500000000,0.7500000000,0.8570624750
2026-07-05T13:12:27Z,20260705T131224Z,3232,0.6251540513,1.0000000000,0.8260550879,0.2500000000,0.2500000000,0.6089995304
2026-07-05T13:12:27Z,20260705T131224Z,3233,0.6666666667,1.0000000000,0.8405601341,0.3333333333,0.3333333333,0.6514453602
2026-07-05T13:12:27Z,20260705T131224Z,3234,0.7677204728,1.0000000000,0.8440417392,0.5000000000,0.5000000000,0.7357384660
2026-07-05T13:12:27Z,20260705T131224Z,3235,0.9999999953,1.0000000000,1.0000000000,1.0000000000,1.0000000000,0.9999999988
2026-07-05T13:12:27Z,20260705T131224Z,3236,0.9999999953,1.0000000000,1.0000000000,1.0000000000,1.0000000000,0.9999999988
2026-07-05T13:12:27Z,20260705T131224Z,3237,0.7677204728,1.0000000000,0.9295534250,0.5000000000,0.5000000000,0.7528408032
2026-07-05T13:12:27Z,20260705T131224Z,3238,1.0000000000,1.0000000000,0.9999999905,1.0000000000,1.0000000000,0.9999999981
2026-07-05T13:12:27Z,20260705T131224Z,3239,0.7778850527,1.0000000000,0.6643609787,0.6666666667,0.6666666667,0.7606767923
2026-07-05T13:12:27Z,20260705T131224Z,3240,0.6616313865,1.0000000000,0.2036287478,0.5000000000,0.5000000000,0.5811335962
2026-07-05T13:12:27Z,20260705T131224Z,3241,0.6102407817,1.0000000000,0.1827745449,0.5000000000,0.5000000000,0.5641151044
2026-07-05T13:12:27Z,20260705T131224Z,3242,0.5476038968,1.0000000000,0.2752460743,0.2500000000,0.2500000000,0.4794501891
2026-07-05T13:12:27Z,20260705T131224Z,3243,0.7295870522,1.0000000000,0.8677146913,0.5000000000,0.5000000000,0.7309397013
2026-07-05T13:12:27Z,20260705T131224Z,3244,0.6673780623,1.0000000000,0.8850253289,0.3333333333,0.3333333333,0.6605162480
2026-07-05T13:12:27Z,20260705T131224Z,3245,0.7895834242,1.0000000000,0.8826002508,0.5000000000,0.5000000000,0.7489159062
2026-07-05T13:12:27Z,20260705T131224Z,3246,0.7778850527,1.0000000000,0.8783347274,0.6666666667,0.6666666667,0.8034715420
2026-07-05T13:12:27Z,20260705T131224Z,3247,0.7221149473,1.0000000000,0.8757779321,0.3333333333,0.3333333333,0.6723509899
2026-07-05T13:12:27Z,20260705T131224Z,3248,0.6895710071,1.0000000000,0.5329876247,0.2000000000,0.2000000000,0.5489902767
2026-07-05T13:12:27Z,20260705T131224Z,3249,0.6990368723,1.0000000000,0.6142455118,0.5000000000,0.5000000000,0.6726083205
2026-07-05T13:12:27Z,20260705T131224Z,3250,0.7295870522,1.0000000000,0.8677146913,0.5000000000,0.5000000000,0.7309397013
2026-07-05T13:12:27Z,20260705T131224Z,3251,0.6666666667,1.0000000000,0.9526695251,0.3333333333,0.3333333333,0.6738672384
2026-07-05T13:12:27Z,20260705T131224Z,3252,0.7677204728,1.0000000000,0.9665245833,0.5000000000,0.5000000000,0.7602350349
2026-07-05T13:12:27Z,20260705T131224Z,3253,0.7677204728,1.0000000000,0.9665245833,0.5000000000,0.5000000000,0.7602350349
2026-07-05T13:12:27Z,20260705T131224Z,3254,0.7677204728,1.0000000000,0.9665245833,0.5000000000,0.5000000000,0.7602350349
2026-07-05T13:12:27Z,20260705T131224Z,3255,0.9999999953,1.0000000000,1.0000000000,1.0000000000,1.0000000000,0.9999999988
2026-07-05T13:12:27Z,20260705T131224Z,3256,0.9999999953,1.0000000000,1.0000000000,1.0000000000,1.0000000000,0.9999999988
2026-07-05T13:12:27Z,20260705T131224Z,3257,0.7677204728,1.0000000000,0.9295534250,0.5000000000,0.5000000000,0.7528408032
2026-07-05T13:12:27Z,20260705T131224Z,3258,1.0000000000,1.0000000000,0.9630288418,1.0000000000,1.0000000000,0.9926057684
2026-07-05T13:12:27Z,20260705T131224Z,3259,0.7778850527,1.0000000000,0.7604963421,0.6666666667,0.6666666667,0.7799038649
2026-07-05T13:12:27Z,20260705T131224Z,3260,0.8308156933,1.0000000000,0.8136414475,0.6666666667,0.6666666667,0.8037655461
2026-07-05T13:12:27Z,20260705T131224Z,3261,0.6822064905,1.0000000000,0.7243899233,0.4000000000,0.4000000000,0.6554296073
2026-07-05T13:12:27Z,20260705T131224Z,3262,0.6822064905,1.0000000000,0.7236676428,0.4000000000,0.4000000000,0.6552851512
2026-07-05T13:12:27Z,20260705T131224Z,3263,0.7778850527,1.0000000000,0.9254705402,0.6666666667,0.6666666667,0.8128987046
2026-07-05T13:12:27Z,20260705T131224Z,3264,0.6626838260,1.0000000000,0.8122384215,0.4000000000,0.4000000000,0.6681186408
2026-07-05T13:12:27Z,20260705T131224Z,3265,0.7743054762,1.0000000000,0.8096348569,0.7500000000,0.7500000000,0.8180033404
2026-07-05T13:12:27Z,20260705T131224Z,3266,0.8308156933,1.0000000000,0.9384884944,0.6666666667,0.6666666667,0.8287349555
2026-07-05T13:12:27Z,20260705T131224Z,3267,1.0000000000,1.0000000000,0.9592467994,1.0000000000,1.0000000000,0.9918493599
2026-07-05T13:12:27Z,20260705T131224Z,3268,1.0000000000,1.0000000000,0.9592467994,1.0000000000,1.0000000000,0.9918493599
2026-07-05T13:12:27Z,20260705T131224Z,3269,0.6666666667,1.0000000000,0.9004753771,0.3333333333,0.3333333333,0.6634284087
2026-07-05T13:12:27Z,20260705T131224Z,3270,0.5993152312,1.0000000000,0.8197473961,0.2000000000,0.2000000000,0.5837782870
2026-07-05T13:12:27Z,20260705T131224Z,3271,0.7796750095,1.0000000000,0.2022929587,0.5000000000,0.5000000000,0.6103773441
2026-07-05T13:12:27Z,20260705T131224Z,3272,0.5295108608,1.0000000000,0.0145553496,0.2000000000,0.2000000000,0.4052887851
2026-07-05T13:12:27Z,20260705T131224Z,3273,0.9720464599,1.0000000000,0.9502904823,1.0000000000,1.0000000000,0.9830697114
2026-07-05T13:12:27Z,20260705T131224Z,3274,0.6846705113,1.0000000000,0.3702867148,0.4000000000,0.4000000000,0.5852249708
2026-07-05T13:12:27Z,20260705T131224Z,3275,0.9389292606,1.0000000000,0.7551430507,1.0000000000,1.0000000000,0.9357609253
2026-07-05T13:12:27Z,20260705T131224Z,3276,1.0000000000,1.0000000000,0.8147107840,1.0000000000,1.0000000000,0.9629421568
2026-07-05T13:12:27Z,20260705T131224Z,3277,0.6251540513,1.0000000000,0.8260550879,0.2500000000,0.2500000000,0.6089995304
2026-07-05T13:12:27Z,20260705T131224Z,3278,0.6251540513,1.0000000000,0.9102991883,0.2500000000,0.2500000000,0.6258483505
2026-07-05T13:12:27Z,20260705T131224Z,3279,0.7778850527,1.0000000000,0.8602506629,0.6666666667,0.6666666667,0.7998547291
2026-07-05T13:12:27Z,20260705T131224Z,3280,0.8308156933,1.0000000000,0.9105614780,0.6666666667,0.6666666667,0.8231495523
2026-07-05T13:12:27Z,20260705T131224Z,3281,0.7625051470,1.0000000000,0.8481456471,0.6000000000,0.6000000000,0.7702554162
2026-07-05T13:12:27Z,20260705T131224Z,3282,0.5804306233,1.0000000000,0.8127364382,0.1666666667,0.1666666667,0.5659882768
2026-07-05T13:12:27Z,20260705T131224Z,3283,0.7516694881,1.0000000000,0.8770284364,0.4000000000,0.4000000000,0.7033230593
2026-07-05T13:12:27Z,20260705T131224Z,3284,0.7294816543,1.0000000000,0.8002510337,0.5000000000,0.5000000000,0.7174206203
2026-07-05T13:12:27Z,20260705T131224Z,3285,0.7002216302,1.0000000000,0.7442052596,0.2500000000,0.2500000000,0.6113964595
2026-07-05T13:12:27Z,20260705T131224Z,3286,0.7038845844,1.0000000000,0.9353608262,0.2500000000,0.2500000000,0.6505433113
2026-07-05T13:12:27Z,20260705T131224Z,3287,0.6009334931,1.0000000000,0.7346916464,0.2000000000,0.2000000000,0.5671717026
2026-07-05T13:12:27Z,20260705T131224Z,3288,0.6666666667,1.0000000000,0.7401924071,0.3333333333,0.3333333333,0.6313718148
2026-07-05T13:12:27Z,20260705T131224Z,3289,0.7677204728,1.0000000000,0.9665245833,0.5000000000,0.5000000000,0.7602350349
2026-07-05T13:12:27Z,20260705T131224Z,3290,0.9999999953,1.0000000000,1.0000000000,1.0000000000,1.0000000000,0.9999999988
2026-07-05T13:12:27Z,20260705T131224Z,3291,0.7677204728,1.0000000000,0.9665245833,0.5000000000,0.5000000000,0.7602350349
2026-07-05T13:12:27Z,20260705T131224Z,3292,0.6666666667,1.0000000000,0.9526695251,0.3333333333,0.3333333333,0.6738672384
2026-07-05T13:12:27Z,20260705T131224Z,3293,0.7911717252,1.0000000000,0.8438487297,0.5000000000,0.5000000000,0.7415626772
2026-07-05T13:12:27Z,20260705T131224Z,3294,0.5913116357,1.0000000000,0.7982874328,0.3333333333,0.3333333333,0.6241520621
2026-07-05T13:12:27Z,20260705T131224Z,3295,0.8461736740,1.0000000000,0.9049470807,0.7500000000,0.7500000000,0.8550328346
2026-07-05T13:12:27Z,20260705T131224Z,3296,0.7496918975,1.0000000000,0.8933266677,0.5000000000,0.5000000000,0.7410883079
2026-07-05T13:12:27Z,20260705T131224Z,3297,0.5439435634,1.0000000000,0.3320688125,0.2000000000,0.2000000000,0.4723996534
2026-07-05T13:12:27Z,20260705T131224Z,3298,0.7415433010,1.0000000000,0.6069296219,0.5000000000,0.5000000000,0.6817717496
2026-07-05T13:12:27Z,20260705T131224Z,3299,0.8308156933,1.0000000000,0.9522826136,0.6666666667,0.6666666667,0.8314937794
2026-07-05T13:12:27Z,20260705T131224Z,3300,0.9291181088,1.0000000000,0.3689618924,1.0000000000,1.0000000000,0.8560719057
2026-07-05T13:12:27Z,20260705T131224Z,3301,0.7611707559,1.0000000000,0.2511479492,0.4000000000,0.4000000000,0.5805222788
2026-07-05T13:12:27Z,20260705T131224Z,3302,0.8258679853,1.0000000000,0.6997944512,0.6000000000,0.6000000000,0.7564258866
2026-07-05T13:12:27Z,20260705T131224Z,3303,0.6251540513,1.0000000000,0.5439689149,0.2500000000,0.2500000000,0.5525822958
2026-07-05T13:12:27Z,20260705T131224Z,3304,0.7677204728,1.0000000000,0.9665245833,0.5000000000,0.5000000000,0.7602350349
2026-07-05T13:12:27Z,20260705T131224Z,3305,0.9999999953,1.0000000000,1.0000000000,1.0000000000,1.0000000000,0.9999999988
2026-07-05T13:12:27Z,20260705T131224Z,3306,0.9999999953,1.0000000000,1.0000000000,1.0000000000,1.0000000000,0.9999999988
2026-07-05T13:12:27Z,20260705T131224Z,3307,0.7677204728,1.0000000000,0.9295534250,0.5000000000,0.5000000000,0.7528408032
2026-07-05T13:12:27Z,20260705T131224Z,3308,0.7677204728,1.0000000000,0.9295534250,0.5000000000,0.5000000000,0.7528408032
2026-07-05T13:12:27Z,20260705T131224Z,3309,0.9999999953,1.0000000000,1.0000000000,1.0000000000,1.0000000000,0.9999999988
2026-07-05T13:12:27Z,20260705T131224Z,3310,0.7677204728,1.0000000000,0.8888002244,0.5000000000,0.5000000000,0.7446901631
2026-07-05T13:12:27Z,20260705T131224Z,3311,0.7677204728,1.0000000000,0.8888002244,0.5000000000,0.5000000000,0.7446901631
2026-07-05T13:12:27Z,20260705T131224Z,3312,0.7221149473,1.0000000000,0.9167411894,0.3333333333,0.3333333333,0.6805436414
2026-07-05T13:12:27Z,20260705T131224Z,3313,0.7496918975,1.0000000000,0.9308145509,0.5000000000,0.5000000000,0.7485858846
2026-07-05T13:12:27Z,20260705T131224Z,3314,1.0000000000,1.0000000000,0.9565934266,1.0000000000,1.0000000000,0.9913186853
2026-07-05T13:12:27Z,20260705T131224Z,3315,0.8308156933,1.0000000000,0.9446321591,0.6666666667,0.6666666667,0.8299636885
2026-07-05T13:12:27Z,20260705T131224Z,3316,0.7778850527,1.0000000000,0.9254705402,0.6666666667,0.6666666667,0.8128987046
2026-07-05T13:12:27Z,20260705T131224Z,3317,0.7266473016,1.0000000000,0.8035945151,0.6000000000,0.6000000000,0.7523807284
2026-07-05T13:12:27Z,20260705T131224Z,3318,0.6757168504,1.0000000000,0.5724368200,0.5000000000,0.5000000000,0.6584165766
2026-07-05T13:12:27Z,20260705T131224Z,3319,0.7002216302,1.0000000000,0.5502283119,0.2500000000,0.2500000000,0.5726010699
2026-07-05T13:12:27Z,20260705T131224Z,3320,0.7677204728,1.0000000000,0.7951672353,0.5000000000,0.5000000000,0.7259635653
2026-07-05T13:12:27Z,20260705T131224Z,3321,0.7677204728,1.0000000000,0.7951672353,0.5000000000,0.5000000000,0.7259635653
2026-07-05T13:12:27Z,20260705T131224Z,3322,0.9999999953,1.0000000000,1.0000000000,1.0000000000,1.0000000000,0.9999999988
2026-07-05T13:12:27Z,20260705T131224Z,3323,0.9999999953,1.0000000000,1.0000000000,1.0000000000,1.0000000000,0.9999999988
2026-07-05T13:12:27Z,20260705T131224Z,3324,0.7233498105,1.0000000000,0.9500849642,0.3333333333,0.3333333333,0.6875211121
2026-07-05T13:12:27Z,20260705T131224Z,3325,0.7233498105,1.0000000000,0.9500849642,0.3333333333,0.3333333333,0.6875211121
2026-07-05T13:12:27Z,20260705T131224Z,3326,0.7677204728,1.0000000000,0.9665245833,0.5000000000,0.5000000000,0.7602350349
2026-07-05T13:12:27Z,20260705T131224Z,3327,0.7677204728,1.0000000000,0.9665245833,0.5000000000,0.5000000000,0.7602350349
2026-07-05T13:12:27Z,20260705T131224Z,3328,0.7221149473,1.0000000000,0.7776398117,0.3333333333,0.3333333333,0.6527233658
2026-07-05T13:12:27Z,20260705T131224Z,3329,0.8308156933,1.0000000000,0.8461221871,0.6666666667,0.6666666667,0.8102616941
2026-07-05T13:12:27Z,20260705T131224Z,3330,1.0000000000,1.0000000000,0.9630288418,1.0000000000,1.0000000000,0.9926057684
2026-07-05T13:12:27Z,20260705T131224Z,3331,1.0000000000,1.0000000000,1.0000000000,1.0000000000,1.0000000000,1.0000000000
2026-07-05T13:12:27Z,20260705T131224Z,3332,0.8048689313,1.0000000000,0.9646740990,0.6666666667,0.6666666667,0.8274853860
2026-07-05T13:12:27Z,20260705T131224Z,3333,0.6458731984,1.0000000000,0.1575267181,0.5000000000,0.5000000000,0.5679736432
2026-07-05T13:12:27Z,20260705T131224Z,3334,0.7160887327,1.0000000000,0.1570808574,0.6666666667,0.6666666667,0.6437716880
2026-07-05T13:12:27Z,20260705T131224Z,3335,1.0000000000,1.0000000000,0.9630288418,1.0000000000,1.0000000000,0.9926057684
2026-07-05T13:12:27Z,20260705T131224Z,3336,0.6186566985,1.0000000000,0.3717417715,0.3333333333,0.3333333333,0.5456791956
2026-07-05T13:12:27Z,20260705T131224Z,3337,0.6968385816,1.0000000000,0.3743340836,0.5000000000,0.5000000000,0.6240764621
2026-07-05T13:12:27Z,20260705T131224Z,3338,0.9999999953,1.0000000000,1.0000000000,1.0000000000,1.0000000000,0.9999999988
2026-07-05T13:12:27Z,20260705T131224Z,3339,0.7677204728,1.0000000000,0.9665245833,0.5000000000,0.5000000000,0.7602350349
2026-07-05T13:12:27Z,20260705T131224Z,3340,0.7677204728,1.0000000000,0.9665245833,0.5000000000,0.5000000000,0.7602350349
2026-07-05T13:12:27Z,20260705T131224Z,3341,0.7677204728,1.0000000000,0.9665245833,0.5000000000,0.5000000000,0.7602350349
2026-07-05T13:12:27Z,20260705T131224Z,3342,0.8048689313,1.0000000000,0.9646740990,0.6666666667,0.6666666667,0.8274853860
2026-07-05T13:12:27Z,20260705T131224Z,3343,0.7309729266,1.0000000000,0.8727468559,0.5000000000,0.5000000000,0.7322926028
2026-07-05T13:12:27Z,20260705T131224Z,3344,0.8003084866,1.0000000000,0.8462822462,0.7500000000,0.7500000000,0.8318335709
2026-07-05T13:12:27Z,20260705T131224Z,3345,0.9258367513,1.0000000000,0.7772450351,1.0000000000,1.0000000000,0.9369081949
2026-07-05T13:12:27Z,20260705T131224Z,3346,0.7104165758,1.0000000000,0.5944855876,0.5000000000,0.5000000000,0.6715012615
2026-07-05T13:12:27Z,20260705T131224Z,3347,0.7525263750,1.0000000000,0.9377784458,0.5000000000,0.5000000000,0.7506872829
2026-07-05T13:12:27Z,20260705T131224Z,3348,0.7038845844,1.0000000000,0.9353608262,0.2500000000,0.2500000000,0.6505433113
2026-07-05T13:12:27Z,20260705T131224Z,3349,0.7233498105,1.0000000000,0.9500849642,0.3333333333,0.3333333333,0.6875211121
2026-07-05T13:12:27Z,20260705T131224Z,3350,0.8048689313,1.0000000000,0.9646740990,0.6666666667,0.6666666667,0.8274853860
2026-07-05T13:12:27Z,20260705T131224Z,3351,1.0000000000,1.0000000000,1.0000000000,1.0000000000,1.0000000000,1.0000000000
2026-07-05T13:12:27Z,20260705T131224Z,3352,0.7677204728,1.0000000000,0.9665245833,0.5000000000,0.5000000000,0.7602350349
2026-07-05T13:12:27Z,20260705T131224Z,3353,0.7677204728,1.0000000000,0.9665245833,0.5000000000,0.5000000000,0.7602350349
2026-07-05T13:12:27Z,20260705T131224Z,3354,0.7677204728,1.0000000000,0.9665245833,0.5000000000,0.5000000000,0.7602350349
2026-07-05T13:12:27Z,20260705T131224Z,3355,0.9999999953,1.0000000000,1.0000000000,1.0000000000,1.0000000000,0.9999999988
2026-07-05T13:12:27Z,20260705T131224Z,3356,0.7677204728,1.0000000000,0.9665245833,0.5000000000,0.5000000000,0.7602350349
2026-07-05T13:12:27Z,20260705T131224Z,3357,0.8048689313,1.0000000000,0.9646740990,0.6666666667,0.6666666667,0.8274853860
2026-07-05T13:12:27Z,20260705T131224Z,3358,0.7233498105,1.0000000000,0.9500849642,0.3333333333,0.3333333333,0.6875211121
2026-07-05T13:12:27Z,20260705T131224Z,3359,0.7011185094,1.0000000000,0.8126754436,0.2500000000,0.2500000000,0.6253147161
2026-07-05T13:12:27Z,20260705T131224Z,3360,0.7911717252,1.0000000000,0.8768984150,0.5000000000,0.5000000000,0.7481726143
2026-07-05T13:12:27Z,20260705T131224Z,3361,0.7525263750,1.0000000000,0.9377784458,0.5000000000,0.5000000000,0.7506872829
2026-07-05T13:12:27Z,20260705T131224Z,3362,0.7525263750,1.0000000000,0.9471067961,0.5000000000,0.5000000000,0.7525529530
2026-07-05T13:12:27Z,20260705T131224Z,3363,0.7295870522,1.0000000000,0.8677146913,0.5000000000,0.5000000000,0.7309397013
2026-07-05T13:12:27Z,20260705T131224Z,3364,0.7110955233,1.0000000000,0.9138453752,0.4000000000,0.4000000000,0.7005429559
2026-07-05T13:12:27Z,20260705T131224Z,3365,0.7221149473,1.0000000000,0.9167411894,0.3333333333,0.3333333333,0.6805436414
2026-07-05T13:12:27Z,20260705T131224Z,3366,0.9999999953,1.0000000000,1.0000000000,1.0000000000,1.0000000000,0.9999999988
2026-07-05T13:12:27Z,20260705T131224Z,3367,0.7677204728,1.0000000000,0.9665245833,0.5000000000,0.5000000000,0.7602350349
2026-07-05T13:12:27Z,20260705T131224Z,3368,0.6666666667,1.0000000000,0.9220336936,0.3333333333,0.3333333333,0.6677400721
2026-07-05T13:12:27Z,20260705T131224Z,3369,0.7677204728,1.0000000000,0.9295534250,0.5000000000,0.5000000000,0.7528408032
2026-07-05T13:12:27Z,20260705T131224Z,3370,0.7233498105,1.0000000000,0.9500849642,0.3333333333,0.3333333333,0.6875211121
2026-07-05T13:12:27Z,20260705T131224Z,3371,0.8048689313,1.0000000000,0.9502376885,0.6666666667,0.6666666667,0.8245981039
2026-07-05T13:12:27Z,20260705T131224Z,3372,0.7699465438,1.0000000000,0.8630015368,0.4000000000,0.4000000000,0.7050869433
2026-07-05T13:12:27Z,20260705T131224Z,3373,0.8358978213,1.0000000000,0.8094750285,0.6000000000,0.6000000000,0.7808694610
2026-07-05T13:12:27Z,20260705T131224Z,3374,0.7221149473,1.0000000000,0.6513736399,0.3333333333,0.3333333333,0.6274701315
2026-07-05T13:12:27Z,20260705T131224Z,3375,0.7221149473,1.0000000000,0.7776398117,0.3333333333,0.3333333333,0.6527233658
2026-07-05T13:12:27Z,20260705T131224Z,3376,0.8308156933,1.0000000000,0.8461221871,0.6666666667,0.6666666667,0.8102616941
2026-07-05T13:12:27Z,20260705T131224Z,3377,0.8048689313,1.0000000000,0.9209582315,0.6666666667,0.6666666667,0.8187422125
2026-07-05T13:12:27Z,20260705T131224Z,3378,0.7233498105,1.0000000000,0.8886112460,0.3333333333,0.3333333333,0.6752263685
2026-07-05T13:12:27Z,20260705T131224Z,3379,0.7677204728,1.0000000000,0.9665245833,0.5000000000,0.5000000000,0.7602350349
2026-07-05T13:12:27Z,20260705T131224Z,3380,0.6251540513,1.0000000000,0.9102991883,0.2500000000,0.2500000000,0.6258483505
2026-07-05T13:12:27Z,20260705T131224Z,3381,0.7221149473,1.0000000000,0.9167411894,0.3333333333,0.3333333333,0.6805436414
2026-07-05T13:12:27Z,20260705T131224Z,3382,0.9999999953,1.0000000000,1.0000000000,1.0000000000,1.0000000000,0.9999999988
2026-07-05T13:12:27Z,20260705T131224Z,3383,0.9999999953,1.0000000000,1.0000000000,1.0000000000,1.0000000000,0.9999999988
2026-07-05T13:12:27Z,20260705T131224Z,3384,0.9999999953,1.0000000000,1.0000000000,1.0000000000,1.0000000000,0.9999999988
2026-07-05T13:12:27Z,20260705T131224Z,3385,0.7677204728,1.0000000000,0.9665245833,0.5000000000,0.5000000000,0.7602350349
2026-07-05T13:12:27Z,20260705T131224Z,3386,0.7677204728,1.0000000000,0.9665245833,0.5000000000,0.5000000000,0.7602350349
2026-07-05T13:12:27Z,20260705T131224Z,3387,0.7677204728,1.0000000000,0.9665245833,0.5000000000,0.5000000000,0.7602350349
2026-07-05T13:12:27Z,20260705T131224Z,3388,0.7677204728,1.0000000000,0.9665245833,0.5000000000,0.5000000000,0.7602350349
2026-07-05T13:12:27Z,20260705T131224Z,3389,0.7002216302,1.0000000000,0.8337420285,0.2500000000,0.2500000000,0.6293038132
2026-07-05T13:12:27Z,20260705T131224Z,3390,0.8683435189,1.0000000000,0.9319946949,0.7500000000,0.7500000000,0.8659848187
2026-07-05T13:12:27Z,20260705T131224Z,3391,0.9694646303,1.0000000000,0.9173898678,1.0000000000,1.0000000000,0.9758441311
2026-07-05T13:12:27Z,20260705T131224Z,3392,1.0000000000,1.0000000000,1.0000000000,1.0000000000,1.0000000000,1.0000000000
2026-07-05T13:12:27Z,20260705T131224Z,3393,0.6512534889,1.0000000000,0.9049215397,0.4000000000,0.4000000000,0.6837976802
2026-07-05T13:12:27Z,20260705T131224Z,3394,0.6226900841,1.0000000000,0.5678799290,0.3333333333,0.3333333333,0.5859151735
2026-07-05T13:12:27Z,20260705T131224Z,3395,0.7823478129,1.0000000000,0.7649843208,0.6000000000,0.6000000000,0.7585838174
2026-07-05T13:12:27Z,20260705T131224Z,3396,0.7861187152,1.0000000000,0.5518715829,0.5000000000,0.5000000000,0.6819039954
2026-07-05T13:12:27Z,20260705T131224Z,3397,0.7895834242,1.0000000000,0.8908629730,0.5000000000,0.5000000000,0.7505684506
2026-07-05T13:12:27Z,20260705T131224Z,3398,0.8556136734,1.0000000000,0.6529306894,0.7500000000,0.7500000000,0.8069895562
2026-07-05T13:12:27Z,20260705T131224Z,3399,0.7248934060,1.0000000000,0.4674960702,0.6666666667,0.6666666667,0.7080558989
2026-07-05T13:12:27Z,20260705T131224Z,3400,1.0000000000,1.0000000000,1.0000000000,1.0000000000,1.0000000000,1.0000000000
2026-07-05T13:12:27Z,20260705T131224Z,3401,0.8048689313,1.0000000000,0.9091757782,0.6666666667,0.6666666667,0.8163857218
2026-07-05T13:12:27Z,20260705T131224Z,3402,0.7309729266,1.0000000000,0.8762451271,0.5000000000,0.5000000000,0.7329922571
2026-07-05T13:12:27Z,20260705T131224Z,3403,0.6251540513,1.0000000000,0.8155921466,0.2500000000,0.2500000000,0.6069069421
2026-07-05T13:12:27Z,20260705T131224Z,3404,0.7677204728,1.0000000000,0.9295534250,0.5000000000,0.5000000000,0.7528408032
2026-07-05T13:12:27Z,20260705T131224Z,3405,0.7038845844,1.0000000000,0.9353608262,0.2500000000,0.2500000000,0.6505433113
2026-07-05T13:12:27Z,20260705T131224Z,3406,0.7038845844,1.0000000000,0.9353608262,0.2500000000,0.2500000000,0.6505433113
2026-07-05T13:12:27Z,20260705T131224Z,3407,0.7221149473,1.0000000000,0.8292275133,0.3333333333,0.3333333333,0.6630409061
2026-07-05T13:12:27Z,20260705T131224Z,3408,1.0000000000,1.0000000000,0.9087421033,1.0000000000,1.0000000000,0.9817484207
2026-07-05T13:12:27Z,20260705T131224Z,3409,0.7496918975,1.0000000000,0.9474775917,0.5000000000,0.5000000000,0.7519184927
2026-07-05T13:12:27Z,20260705T131224Z,3410,0.7221149473,1.0000000000,0.9167411894,0.3333333333,0.3333333333,0.6805436414
2026-07-05T13:12:27Z,20260705T131224Z,3411,0.7221149473,1.0000000000,0.8498246549,0.3333333333,0.3333333333,0.6671603345
2026-07-05T13:12:27Z,20260705T131224Z,3412,0.8308156933,1.0000000000,0.8763023934,0.6666666667,0.6666666667,0.8162977353
2026-07-05T13:12:27Z,20260705T131224Z,3413,1.0000000000,1.0000000000,1.0000000000,1.0000000000,1.0000000000,1.0000000000
2026-07-05T13:12:27Z,20260705T131224Z,3414,0.7677204728,1.0000000000,0.9665245833,0.5000000000,0.5000000000,0.7602350349
2026-07-05T13:12:27Z,20260705T131224Z,3415,0.9999999953,1.0000000000,1.0000000000,1.0000000000,1.0000000000,0.9999999988
2026-07-05T13:12:27Z,20260705T131224Z,3416,0.7233498105,1.0000000000,0.9500849642,0.3333333333,0.3333333333,0.6875211121
2026-07-05T13:12:27Z,20260705T131224Z,3417,0.6257641301,1.0000000000,0.9399182504,0.2500000000,0.2500000000,0.6319246826
2026-07-05T13:12:27Z,20260705T131224Z,3418,0.7677204728,1.0000000000,0.9665245833,0.5000000000,0.5000000000,0.7602350349
2026-07-05T13:12:27Z,20260705T131224Z,3419,0.7677204728,1.0000000000,0.9665245833,0.5000000000,0.5000000000,0.7602350349
2026-07-05T13:12:27Z,20260705T131224Z,3420,0.7677204728,1.0000000000,0.9665245833,0.5000000000,0.5000000000,0.7602350349
2026-07-05T13:12:27Z,20260705T131224Z,3421,0.7677204728,1.0000000000,0.9665245833,0.5000000000,0.5000000000,0.7602350349
2026-07-05T13:12:27Z,20260705T131224Z,3422,0.6251540513,1.0000000000,0.8260550879,0.2500000000,0.2500000000,0.6089995304
2026-07-05T13:12:27Z,20260705T131224Z,3423,0.7107144013,1.0000000000,0.6998860143,0.5000000000,0.5000000000,0.6926558032
2026-07-05T13:12:27Z,20260705T131224Z,3424,0.6268086504,1.0000000000,0.6810644723,0.4000000000,0.4000000000,0.6329150571
2026-07-05T13:12:27Z,20260705T131224Z,3425,0.5897693768,1.0000000000,0.2164248741,0.4000000000,0.4000000000,0.5307273190
2026-07-05T13:12:27Z,20260705T131224Z,3426,0.6665729829,1.0000000000,0.2178632370,0.3333333333,0.3333333333,0.5268825598
2026-07-05T13:12:27Z,20260705T131224Z,3427,0.7011185094,1.0000000000,0.9032887910,0.2500000000,0.2500000000,0.6434373856
2026-07-05T13:12:27Z,20260705T131224Z,3428,0.7585645240,1.0000000000,0.2345235548,0.6000000000,0.6000000000,0.6465458420
2026-07-05T13:12:27Z,20260705T131224Z,3429,0.7104165758,1.0000000000,0.7488695527,0.5000000000,0.5000000000,0.7023780545
2026-07-05T13:12:27Z,20260705T131224Z,3430,0.6666666667,1.0000000000,0.8685561163,0.3333333333,0.3333333333,0.6570445566
2026-07-05T13:12:27Z,20260705T131224Z,3431,0.7691695844,1.0000000000,0.8482355996,0.5000000000,0.5000000000,0.7369395160
2026-07-05T13:12:27Z,20260705T131224Z,3432,0.7113754386,1.0000000000,0.7991544076,0.5000000000,0.5000000000,0.7126747412
2026-07-05T13:12:27Z,20260705T131224Z,3433,0.6257641301,1.0000000000,0.9399182504,0.2500000000,0.2500000000,0.6319246826
2026-07-05T13:12:27Z,20260705T131224Z,3434,0.7216876901,1.0000000000,0.0370845214,0.6666666667,0.6666666667,0.6211721601
2026-07-05T13:12:27Z,20260705T131224Z,3435,0.7525263750,1.0000000000,0.9471067961,0.5000000000,0.5000000000,0.7525529530
2026-07-05T13:12:27Z,20260705T131224Z,3436,0.6009334931,1.0000000000,0.9044810860,0.2000000000,0.2000000000,0.6011295905
2026-07-05T13:12:27Z,20260705T131224Z,3437,0.6666666667,1.0000000000,0.9220336936,0.3333333333,0.3333333333,0.6677400721
2026-07-05T13:12:27Z,20260705T131224Z,3438,0.6666666667,1.0000000000,0.9526695251,0.3333333333,0.3333333333,0.6738672384
2026-07-05T13:12:27Z,20260705T131224Z,3439,0.6666666667,1.0000000000,0.9526695251,0.3333333333,0.3333333333,0.6738672384
2026-07-05T13:12:27Z,20260705T131224Z,3440,1.0000000000,1.0000000000,1.0000000000,1.0000000000,1.0000000000,1.0000000000
2026-07-05T13:12:27Z,20260705T131224Z,3441,0.7677204728,1.0000000000,0.9665245833,0.5000000000,0.5000000000,0.7602350349
2026-07-05T13:12:27Z,20260705T131224Z,3442,0.7221149473,1.0000000000,0.7499837614,0.3333333333,0.3333333333,0.6471921558
2026-07-05T13:12:27Z,20260705T131224Z,3443,0.8308156933,1.0000000000,0.9047432778,0.6666666667,0.6666666667,0.8219859122
2026-07-05T13:12:27Z,20260705T131224Z,3444,0.7911717252,1.0000000000,0.9015420416,0.5000000000,0.5000000000,0.7531013396
2026-07-05T13:12:27Z,20260705T131224Z,3445,0.7743054762,1.0000000000,0.8249148428,0.7500000000,0.7500000000,0.8210593376
2026-07-05T13:12:27Z,20260705T131224Z,3446,0.8461736740,1.0000000000,0.9049470807,0.7500000000,0.7500000000,0.8550328346
2026-07-05T13:12:27Z,20260705T131224Z,3447,0.7494712451,1.0000000000,0.9316296726,0.6000000000,0.6000000000,0.7836937458
2026-07-05T13:12:27Z,20260705T131224Z,3448,0.7525263750,1.0000000000,0.9471067961,0.5000000000,0.5000000000,0.7525529530
2026-07-05T13:12:27Z,20260705T131224Z,3449,0.7911717252,1.0000000000,0.9279996001,0.5000000000,0.5000000000,0.7583928513
2026-07-05T13:12:27Z,20260705T131224Z,3450,0.6297267614,1.0000000000,0.1075549938,0.4000000000,0.4000000000,0.5189426891
2026-07-05T13:12:27Z,20260705T131224Z,3451,0.6161870225,1.0000000000,0.0869026167,0.3333333333,0.3333333333,0.4880939456
2026-07-05T13:12:27Z,20260705T131224Z,3452,0.7677204728,1.0000000000,0.7951672353,0.5000000000,0.5000000000,0.7259635653
2026-07-05T13:12:27Z,20260705T131224Z,3453,0.7778850527,1.0000000000,0.8171260896,0.6666666667,0.6666666667,0.7912298144
2026-07-05T13:12:27Z,20260705T131224Z,3454,0.7221149473,1.0000000000,0.9167411894,0.3333333333,0.3333333333,0.6805436414
2026-07-05T13:12:27Z,20260705T131224Z,3455,0.7677204728,1.0000000000,0.9665245833,0.5000000000,0.5000000000,0.7602350349
2026-07-05T13:12:27Z,20260705T131224Z,3456,0.7677204728,1.0000000000,0.9665245833,0.5000000000,0.5000000000,0.7602350349
2026-07-05T13:12:27Z,20260705T131224Z,3457,0.9999999953,1.0000000000,1.0000000000,1.0000000000,1.0000000000,0.9999999988
2026-07-05T13:12:27Z,20260705T131224Z,3458,0.7677204728,1.0000000000,0.9665245833,0.5000000000,0.5000000000,0.7602350349
2026-07-05T13:12:27Z,20260705T131224Z,3459,0.7525263750,1.0000000000,0.9471067961,0.5000000000,0.5000000000,0.7525529530
2026-07-05T13:12:27Z,20260705T131224Z,3460,0.6806608889,1.0000000000,0.9256057529,0.4000000000,0.4000000000,0.6952863728
2026-07-05T13:12:27Z,20260705T131224Z,3461,0.9389292606,1.0000000000,0.9122925691,1.0000000000,1.0000000000,0.9671908290
2026-07-05T13:12:27Z,20260705T131224Z,3462,0.8308156933,1.0000000000,0.9384884944,0.6666666667,0.6666666667,0.8287349555
2026-07-05T13:12:27Z,20260705T131224Z,3463,0.7691695844,1.0000000000,0.9055796355,0.5000000000,0.5000000000,0.7484083232
2026-07-05T13:12:27Z,20260705T131224Z,3464,0.8003084866,1.0000000000,0.9158158044,0.7500000000,0.7500000000,0.8457402825
2026-07-05T13:12:27Z,20260705T131224Z,3465,0.8202606934,1.0000000000,0.9474327708,0.7500000000,0.7500000000,0.8570517275
2026-07-05T13:12:27Z,20260705T131224Z,3466,0.7525263750,1.0000000000,0.9093608425,0.5000000000,0.5000000000,0.7450037623
2026-07-05T13:12:27Z,20260705T131224Z,3467,0.6257641301,1.0000000000,0.8782153545,0.2500000000,0.2500000000,0.6195841034
2026-07-05T13:12:27Z,20260705T131224Z,3468,0.7149010414,1.0000000000,0.9501233359,0.5000000000,0.5000000000,0.7437499275
2026-07-05T13:12:27Z,20260705T131224Z,3469,0.6257641301,1.0000000000,0.9399182504,0.2500000000,0.2500000000,0.6319246826
2026-07-05T13:12:27Z,20260705T131224Z,3470,0.6666666667,1.0000000000,0.9526695251,0.3333333333,0.3333333333,0.6738672384
2026-07-05T13:12:27Z,20260705T131224Z,3471,0.7677204728,1.0000000000,0.9665245833,0.5000000000,0.5000000000,0.7602350349
2026-07-05T13:12:27Z,20260705T131224Z,3472,0.7221149473,1.0000000000,0.7662498775,0.3333333333,0.3333333333,0.6504453790
2026-07-05T13:12:27Z,20260705T131224Z,3473,0.8938939633,1.0000000000,0.6177342541,1.0000000000,1.0000000000,0.8970203416
2026-07-05T13:12:27Z,20260705T131224Z,3474,0.7248934060,1.0000000000,0.4595490479,0.6666666667,0.6666666667,0.7064664944
2026-07-05T13:12:27Z,20260705T131224Z,3475,1.0000000000,1.0000000000,0.9592467994,1.0000000000,1.0000000000,0.9918493599
2026-07-05T13:12:27Z,20260705T131224Z,3476,0.7737924475,1.0000000000,0.6702762345,0.4000000000,0.4000000000,0.6675033588
2026-07-05T13:12:27Z,20260705T131224Z,3477,0.7860231941,1.0000000000,0.7009351051,0.6000000000,0.6000000000,0.7466928195
2026-07-05T13:12:27Z,20260705T131224Z,3478,0.6524308986,1.0000000000,0.5654361636,0.4000000000,0.4000000000,0.6161949574
2026-07-05T13:12:27Z,20260705T131224Z,3479,0.9438743789,1.0000000000,0.6740624695,1.0000000000,1.0000000000,0.9207810886
2026-07-05T13:12:27Z,20260705T131224Z,3480,0.6775242385,1.0000000000,0.6461906274,0.4000000000,0.4000000000,0.6386191851
2026-07-05T13:12:27Z,20260705T131224Z,3481,0.7700287414,1.0000000000,0.2297049699,0.6000000000,0.6000000000,0.6484481793
2026-07-05T13:12:27Z,20260705T131224Z,3482,0.6888720839,1.0000000000,0.1932477076,0.6000000000,0.6000000000,0.6208675625
2026-07-05T13:12:27Z,20260705T131224Z,3483,0.6257641301,1.0000000000,0.9399182504,0.2500000000,0.2500000000,0.6319246826
2026-07-05T13:12:27Z,20260705T131224Z,3484,0.7737924475,1.0000000000,0.7033104374,0.4000000000,0.4000000000,0.6741101994
2026-07-05T13:12:27Z,20260705T131224Z,3485,0.6072917209,1.0000000000,0.6565499007,0.3333333333,0.3333333333,0.5997995770
2026-07-05T13:12:27Z,20260705T131224Z,3486,0.8308156933,1.0000000000,0.9069391514,0.6666666667,0.6666666667,0.8224250869
2026-07-05T13:12:27Z,20260705T131224Z,3487,0.8308156933,1.0000000000,0.8324540231,0.6666666667,0.6666666667,0.8075280613
2026-07-05T13:12:27Z,20260705T131224Z,3488,1.0000000000,1.0000000000,0.9241389701,1.0000000000,1.0000000000,0.9848277940
2026-07-05T13:12:27Z,20260705T131224Z,3489,0.6251540513,1.0000000000,0.8714019262,0.2500000000,0.2500000000,0.6180688980
2026-07-05T13:12:27Z,20260705T131224Z,3490,0.7677204728,1.0000000000,0.9665245833,0.5000000000,0.5000000000,0.7602350349
2026-07-05T13:12:27Z,20260705T131224Z,3491,0.7677204728,1.0000000000,0.9665245833,0.5000000000,0.5000000000,0.7602350349
2026-07-05T13:12:27Z,20260705T131224Z,3492,0.8048689313,1.0000000000,0.9646740990,0.6666666667,0.6666666667,0.8274853860
2026-07-05T13:12:27Z,20260705T131224Z,3493,0.7760247655,1.0000000000,0.9208946666,0.7500000000,0.7500000000,0.8406851247
2026-07-05T13:12:27Z,20260705T131224Z,3494,0.7295870522,1.0000000000,0.9066127506,0.5000000000,0.5000000000,0.7387193132
2026-07-05T13:12:27Z,20260705T131224Z,3495,0.6251540513,1.0000000000,0.8910669939,0.2500000000,0.2500000000,0.6220019116
2026-07-05T13:12:27Z,20260705T131224Z,3496,0.6283958482,1.0000000000,0.1243602620,0.4000000000,0.4000000000,0.5219710145
2026-07-05T13:12:27Z,20260705T131224Z,3497,0.9512680542,1.0000000000,0.9291599155,1.0000000000,1.0000000000,0.9736489967
2026-07-05T13:12:27Z,20260705T131224Z,3498,0.6474930472,1.0000000000,0.2218957097,0.4000000000,0.4000000000,0.5462524037
2026-07-05T13:12:27Z,20260705T131224Z,3499,0.6262925536,1.0000000000,0.6160291330,0.4000000000,0.4000000000,0.6197789650
2026-07-05T13:12:27Z,20260705T131224Z,3500,0.8126140003,1.0000000000,0.5837352113,0.7500000000,0.7500000000,0.7824005423
2026-07-05T13:12:27Z,20260705T131224Z,3501,0.7043382816,1.0000000000,0.6279887561,0.4000000000,0.4000000000,0.6416823216
2026-07-05T13:12:27Z,20260705T131224Z,3502,0.6937816918,1.0000000000,0.6662866069,0.4000000000,0.4000000000,0.6467027443
2026-07-05T13:12:27Z,20260705T131224Z,3503,0.7279184350,1.0000000000,0.9056817181,0.6000000000,0.6000000000,0.7731159524
2026-07-05T13:12:27Z,20260705T131224Z,3504,0.7860231941,1.0000000000,0.8108377314,0.6000000000,0.6000000000,0.7686733448
2026-07-05T13:12:27Z,20260705T131224Z,3505,0.7415433010,1.0000000000,0.4344073851,0.5000000000,0.5000000000,0.6472673023
2026-07-05T13:12:27Z,20260705T131224Z,3506,0.6665729829,1.0000000000,0.2178632370,0.3333333333,0.3333333333,0.5268825598
2026-07-05T13:12:27Z,20260705T131224Z,3507,0.7677204728,1.0000000000,0.9665245833,0.5000000000,0.5000000000,0.7602350349
2026-07-05T13:12:27Z,20260705T131224Z,3508,0.7677204728,1.0000000000,0.9665245833,0.5000000000,0.5000000000,0.7602350349
2026-07-05T13:12:27Z,20260705T131224Z,3509,0.9999999953,1.0000000000,1.0000000000,1.0000000000,1.0000000000,0.9999999988
2026-07-05T13:12:27Z,20260705T131224Z,3510,0.9999999953,1.0000000000,1.0000000000,1.0000000000,1.0000000000,0.9999999988
2026-07-05T13:12:27Z,20260705T131224Z,3511,0.7677204728,1.0000000000,0.9665245833,0.5000000000,0.5000000000,0.7602350349
2026-07-05T13:12:27Z,20260705T131224Z,3512,1.0000000000,1.0000000000,1.0000000000,1.0000000000,1.0000000000,1.0000000000
2026-07-05T13:12:27Z,20260705T131224Z,3513,0.8308156933,1.0000000000,0.8763023934,0.6666666667,0.6666666667,0.8162977353
2026-07-05T13:12:27Z,20260705T131224Z,3514,0.7221149473,1.0000000000,0.8498246549,0.3333333333,0.3333333333,0.6671603345
2026-07-05T13:12:27Z,20260705T131224Z,3515,0.7011185094,1.0000000000,0.8614669463,0.2500000000,0.2500000000,0.6350730166
2026-07-05T13:12:27Z,20260705T131224Z,3516,0.7911717252,1.0000000000,0.9395596258,0.5000000000,0.5000000000,0.7607048565
2026-07-05T13:12:27Z,20260705T131224Z,3517,0.7525263750,1.0000000000,0.9093608425,0.5000000000,0.5000000000,0.7450037623
2026-07-05T13:12:27Z,20260705T131224Z,3518,0.6672130795,1.0000000000,0.9365319137,0.4000000000,0.4000000000,0.6941096526
2026-07-05T13:12:27Z,20260705T131224Z,3519,1.0000000000,1.0000000000,1.0000000000,1.0000000000,1.0000000000,1.0000000000
2026-07-05T13:12:27Z,20260705T131224Z,3520,0.7745830086,1.0000000000,0.8561779145,0.7500000000,0.7500000000,0.8273813351
2026-07-05T13:12:27Z,20260705T131224Z,3521,0.6775242385,1.0000000000,0.8543425133,0.4000000000,0.4000000000,0.6802495623
2026-07-05T13:12:27Z,20260705T131224Z,3522,0.6251540513,1.0000000000,0.9102991883,0.2500000000,0.2500000000,0.6258483505
2026-07-05T13:12:27Z,20260705T131224Z,3523,0.7677204728,1.0000000000,0.9665245833,0.5000000000,0.5000000000,0.7602350349
2026-07-05T13:12:27Z,20260705T131224Z,3524,0.9999999953,1.0000000000,1.0000000000,1.0000000000,1.0000000000,0.9999999988
2026-07-05T13:12:27Z,20260705T131224Z,3525,0.9999999953,1.0000000000,1.0000000000,1.0000000000,1.0000000000,0.9999999988
2026-07-05T13:12:27Z,20260705T131224Z,3526,0.7677204728,1.0000000000,0.9665245833,0.5000000000,0.5000000000,0.7602350349
2026-07-05T13:12:27Z,20260705T131224Z,3527,0.6666666667,1.0000000000,0.9526695251,0.3333333333,0.3333333333,0.6738672384
2026-07-05T13:12:27Z,20260705T131224Z,3528,0.7677204728,1.0000000000,0.9665245833,0.5000000000,0.5000000000,0.7602350349
2026-07-05T13:12:27Z,20260705T131224Z,3529,0.9999999953,1.0000000000,1.0000000000,1.0000000000,1.0000000000,0.9999999988
2026-07-05T13:12:27Z,20260705T131224Z,3530,0.7677204728,1.0000000000,0.9295534250,0.5000000000,0.5000000000,0.7528408032
2026-07-05T13:12:27Z,20260705T131224Z,3531,0.7895834242,1.0000000000,0.8826002508,0.5000000000,0.5000000000,0.7489159062
2026-07-05T13:12:27Z,20260705T131224Z,3532,0.7895834242,1.0000000000,0.8987058241,0.5000000000,0.5000000000,0.7521370209
2026-07-05T13:12:27Z,20260705T131224Z,3533,0.7778850527,1.0000000000,0.7188832742,0.6666666667,0.6666666667,0.7715812514
2026-07-05T13:12:27Z,20260705T131224Z,3534,0.7496918975,1.0000000000,0.8595450376,0.5000000000,0.5000000000,0.7343319819
2026-07-05T13:12:27Z,20260705T131224Z,3535,0.6751341254,1.0000000000,0.5970989849,0.4000000000,0.4000000000,0.6282033283
2026-07-05T13:12:27Z,20260705T131224Z,3536,0.8461736740,1.0000000000,0.8473445117,0.7500000000,0.7500000000,0.8435123208
2026-07-05T13:12:27Z,20260705T131224Z,3537,0.7778850527,1.0000000000,0.8007555270,0.6666666667,0.6666666667,0.7879557019
2026-07-05T13:12:27Z,20260705T131224Z,3538,0.6666666667,1.0000000000,0.9220336936,0.3333333333,0.3333333333,0.6677400721
2026-07-05T13:12:27Z,20260705T131224Z,3539,0.7677204728,1.0000000000,0.9665245833,0.5000000000,0.5000000000,0.7602350349
2026-07-05T13:12:27Z,20260705T131224Z,3540,0.7677204728,1.0000000000,0.9665245833,0.5000000000,0.5000000000,0.7602350349
2026-07-05T13:12:27Z,20260705T131224Z,3541,0.7677204728,1.0000000000,0.9665245833,0.5000000000,0.5000000000,0.7602350349
2026-07-05T13:12:27Z,20260705T131224Z,3542,0.7677204728,1.0000000000,0.9665245833,0.5000000000,0.5000000000,0.7602350349
2026-07-05T13:12:27Z,20260705T131224Z,3543,0.6666666667,1.0000000000,0.9526695251,0.3333333333,0.3333333333,0.6738672384
2026-07-05T13:12:27Z,20260705T131224Z,3544,0.8048689313,1.0000000000,0.9646740990,0.6666666667,0.6666666667,0.8274853860
2026-07-05T13:12:27Z,20260705T131224Z,3545,0.8403704676,1.0000000000,0.9410205382,0.7500000000,0.7500000000,0.8607967245
2026-07-05T13:12:27Z,20260705T131224Z,3546,0.7545100415,1.0000000000,0.9212888733,0.6000000000,0.6000000000,0.7828852850
2026-07-05T13:12:27Z,20260705T131224Z,3547,0.8839353298,1.0000000000,0.7769217227,0.8000000000,0.8000000000,0.8563681770
2026-07-05T13:12:27Z,20260705T131224Z,3548,0.7944092125,1.0000000000,0.7480936448,0.6000000000,0.6000000000,0.7582210321
2026-07-05T13:12:27Z,20260705T131224Z,3549,0.7662723608,1.0000000000,0.7837488188,0.6000000000,0.6000000000,0.7583178540
2026-07-05T13:12:27Z,20260705T131224Z,3550,0.8918536077,1.0000000000,0.8699597043,0.8000000000,0.8000000000,0.8769553428
2026-07-05T13:12:27Z,20260705T131224Z,3551,0.7847446552,1.0000000000,0.8092441957,0.6000000000,0.6000000000,0.7680350029
2026-07-05T13:12:27Z,20260705T131224Z,3552,0.8633772194,1.0000000000,0.7490384489,0.8000000000,0.8000000000,0.8456519946
2026-07-05T13:12:27Z,20260705T131224Z,3553,0.8327150314,1.0000000000,0.8723023395,0.6000000000,0.6000000000,0.7926392258
2026-07-05T13:12:27Z,20260705T131224Z,3554,0.8461736740,1.0000000000,0.8771448748,0.7500000000,0.7500000000,0.8494723935
2026-07-05T13:12:27Z,20260705T131224Z,3555,0.9512680542,1.0000000000,0.9118773785,1.0000000000,1.0000000000,0.9701924893
2026-07-05T13:12:27Z,20260705T131224Z,3556,0.8202606934,1.0000000000,0.9474327708,0.7500000000,0.7500000000,0.8570517275
2026-07-05T13:12:27Z,20260705T131224Z,3557,0.9389292606,1.0000000000,0.9474775917,1.0000000000,1.0000000000,0.9742278335
2026-07-05T13:12:27Z,20260705T131224Z,3558,0.9694646303,1.0000000000,0.9607964412,1.0000000000,1.0000000000,0.9845254458
2026-07-05T13:12:27Z,20260705T131224Z,3559,0.8048689313,1.0000000000,0.9646740990,0.6666666667,0.6666666667,0.8274853860
2026-07-05T13:12:27Z,20260705T131224Z,3560,0.7778850527,1.0000000000,0.9254705402,0.6666666667,0.6666666667,0.8128987046
2026-07-05T13:12:27Z,20260705T131224Z,3561,0.9389292606,1.0000000000,0.9474775917,1.0000000000,1.0000000000,0.9742278335
2026-07-05T13:12:27Z,20260705T131224Z,3562,0.9389292606,1.0000000000,0.9120166639,1.0000000000,1.0000000000,0.9671356479
2026-07-05T13:12:27Z,20260705T131224Z,3563,0.9389292606,1.0000000000,0.7384816464,1.0000000000,1.0000000000,0.9324286444
2026-07-05T13:12:27Z,20260705T131224Z,3564,0.8202606934,1.0000000000,0.6996052598,0.7500000000,0.7500000000,0.8074862253
2026-07-05T13:12:27Z,20260705T131224Z,3565,0.8849732719,1.0000000000,0.7997998604,0.8000000000,0.8000000000,0.8612032901
2026-07-05T13:12:27Z,20260705T131224Z,3566,0.8850315737,1.0000000000,0.8256727593,0.8000000000,0.8000000000,0.8663924453
2026-07-05T13:12:27Z,20260705T131224Z,3567,0.8308562200,1.0000000000,0.7773931500,0.8000000000,0.8000000000,0.8431926850
2026-07-05T13:12:27Z,20260705T131224Z,3568,0.8638784687,1.0000000000,0.8591837957,0.8000000000,0.8000000000,0.8678063763
2026-07-05T13:12:27Z,20260705T131224Z,3569,0.7101383926,1.0000000000,0.8789900665,0.4000000000,0.4000000000,0.6933326114
2026-07-05T13:12:27Z,20260705T131224Z,3570,0.8030992629,1.0000000000,0.8106526409,0.6000000000,0.6000000000,0.7729053439
2026-07-05T13:12:27Z,20260705T131224Z,3571,0.8519177089,1.0000000000,0.9032206077,0.8000000000,0.8000000000,0.8736235488
2026-07-05T13:12:27Z,20260705T131224Z,3572,0.9720464599,1.0000000000,0.7554081340,1.0000000000,1.0000000000,0.9440932418
2026-07-05T13:12:27Z,20260705T131224Z,3573,0.7911717252,1.0000000000,0.9436304152,0.5000000000,0.5000000000,0.7615190143
2026-07-05T13:12:27Z,20260705T131224Z,3574,0.8048689313,1.0000000000,0.9209582315,0.6666666667,0.6666666667,0.8187422125
2026-07-05T13:12:27Z,20260705T131224Z,3575,0.6257641301,1.0000000000,0.8837390990,0.2500000000,0.2500000000,0.6206888523
2026-07-05T13:12:27Z,20260705T131224Z,3576,0.6666666667,1.0000000000,0.9220336936,0.3333333333,0.3333333333,0.6677400721
2026-07-05T13:12:27Z,20260705T131224Z,3577,0.7677204728,1.0000000000,0.9295534250,0.5000000000,0.5000000000,0.7528408032
2026-07-05T13:12:27Z,20260705T131224Z,3578,0.7677204728,1.0000000000,0.9665245833,0.5000000000,0.5000000000,0.7602350349
2026-07-05T13:12:27Z,20260705T131224Z,3579,0.7911717252,1.0000000000,0.9279996001,0.5000000000,0.5000000000,0.7583928513
2026-07-05T13:12:27Z,20260705T131224Z,3580,1.0000000000,1.0000000000,1.0000000000,1.0000000000,1.0000000000,1.0000000000
2026-07-05T13:12:27Z,20260705T131224Z,3581,0.7494712451,1.0000000000,0.9316296726,0.6000000000,0.6000000000,0.7836937458
2026-07-05T13:12:27Z,20260705T131224Z,3582,0.9062375387,1.0000000000,0.4297381761,1.0000000000,1.0000000000,0.8625070199
2026-07-05T13:12:27Z,20260705T131224Z,3583,0.8096446905,1.0000000000,0.4403254293,0.7500000000,0.7500000000,0.7529762585
2026-07-05T13:12:27Z,20260705T131224Z,3584,0.8645221980,1.0000000000,0.9304476923,0.7500000000,0.7500000000,0.8647200879
2026-07-05T13:12:27Z,20260705T131224Z,3585,0.8645221980,1.0000000000,0.8993756260,0.7500000000,0.7500000000,0.8585056747
2026-07-05T13:12:27Z,20260705T131224Z,3586,0.7110955233,1.0000000000,0.9179696200,0.4000000000,0.4000000000,0.7013678048
2026-07-05T13:12:27Z,20260705T131224Z,3587,0.7708807339,1.0000000000,0.8759208177,0.6000000000,0.6000000000,0.7779043470
2026-07-05T13:12:27Z,20260705T131224Z,3588,0.7911717252,1.0000000000,0.8617362324,0.5000000000,0.5000000000,0.7451401778
2026-07-05T13:12:27Z,20260705T131224Z,3589,0.8048689313,1.0000000000,0.9163663756,0.6666666667,0.6666666667,0.8178238413
2026-07-05T13:12:27Z,20260705T131224Z,3590,0.9694646303,1.0000000000,0.7603559910,1.0000000000,1.0000000000,0.9444373558
2026-07-05T13:12:27Z,20260705T131224Z,3591,0.8308156933,1.0000000000,0.7905756498,0.6666666667,0.6666666667,0.7991523866
2026-07-05T13:12:27Z,20260705T131224Z,3592,1.0000000000,1.0000000000,0.9999999905,1.0000000000,1.0000000000,0.9999999981
2026-07-05T13:12:27Z,20260705T131224Z,3593,0.8048689313,1.0000000000,0.9502376885,0.6666666667,0.6666666667,0.8245981039
2026-07-05T13:12:27Z,20260705T131224Z,3594,0.8048689313,1.0000000000,0.9502376885,0.6666666667,0.6666666667,0.8245981039
2026-07-05T13:12:27Z,20260705T131224Z,3595,0.7525263750,1.0000000000,0.9377784458,0.5000000000,0.5000000000,0.7506872829
2026-07-05T13:12:27Z,20260705T131224Z,3596,0.8202606934,1.0000000000,0.9474327708,0.7500000000,0.7500000000,0.8570517275
2026-07-05T13:12:27Z,20260705T131224Z,3597,0.7309729266,1.0000000000,0.8510894633,0.5000000000,0.5000000000,0.7279611243
2026-07-05T13:12:27Z,20260705T131224Z,3598,0.8048689313,1.0000000000,0.8346922016,0.6666666667,0.6666666667,0.8014890065
2026-07-05T13:12:27Z,20260705T131224Z,3599,0.7691695844,1.0000000000,0.8937198328,0.5000000000,0.5000000000,0.7460363627
2026-07-05T13:12:27Z,20260705T131224Z,3600,0.8645221980,1.0000000000,0.8754692540,0.7500000000,0.7500000000,0.8537244003
2026-07-05T13:12:27Z,20260705T131224Z,3601,0.8461736740,1.0000000000,0.8473445117,0.7500000000,0.7500000000,0.8435123208
2026-07-05T13:12:27Z,20260705T131224Z,3602,0.7545100415,1.0000000000,0.8906318363,0.6000000000,0.6000000000,0.7767538776
2026-07-05T13:12:27Z,20260705T131224Z,3603,0.7911717252,1.0000000000,0.9194711772,0.5000000000,0.5000000000,0.7566871667
2026-07-05T13:12:27Z,20260705T131224Z,3604,0.7699465438,1.0000000000,0.8630015368,0.4000000000,0.4000000000,0.7050869433
2026-07-05T13:12:27Z,20260705T131224Z,3605,0.6503491234,1.0000000000,0.6854983948,0.3333333333,0.3333333333,0.6163536265
2026-07-05T13:12:27Z,20260705T131224Z,3606,0.6503491234,1.0000000000,0.6209380848,0.3333333333,0.3333333333,0.6034415645
2026-07-05T13:12:27Z,20260705T131224Z,3607,0.7699465438,1.0000000000,0.7221862889,0.4000000000,0.4000000000,0.6769238937
2026-07-05T13:12:27Z,20260705T131224Z,3608,0.7691695844,1.0000000000,0.9055796355,0.5000000000,0.5000000000,0.7484083232
2026-07-05T13:12:27Z,20260705T131224Z,3609,0.7691695844,1.0000000000,0.8937198328,0.5000000000,0.5000000000,0.7460363627
2026-07-05T13:12:27Z,20260705T131224Z,3610,1.0000000000,1.0000000000,1.0000000000,1.0000000000,1.0000000000,1.0000000000
2026-07-05T13:12:27Z,20260705T131224Z,3611,0.8308156933,1.0000000000,0.9446321591,0.6666666667,0.6666666667,0.8299636885
2026-07-05T13:12:27Z,20260705T131224Z,3612,0.8308156933,1.0000000000,0.9446321591,0.6666666667,0.6666666667,0.8299636885
2026-07-05T13:12:27Z,20260705T131224Z,3613,0.8048689313,1.0000000000,0.9646740990,0.6666666667,0.6666666667,0.8274853860
2026-07-05T13:12:27Z,20260705T131224Z,3614,0.8048689313,1.0000000000,0.9646740990,0.6666666667,0.6666666667,0.8274853860
2026-07-05T13:12:27Z,20260705T131224Z,3615,0.8308156933,1.0000000000,0.8614710364,0.6666666667,0.6666666667,0.8133314639
2026-07-05T13:12:27Z,20260705T131224Z,3616,0.8308156933,1.0000000000,0.9578593300,0.6666666667,0.6666666667,0.8326091226
2026-07-05T13:12:27Z,20260705T131224Z,3617,0.8048689313,1.0000000000,0.8902782067,0.6666666667,0.6666666667,0.8126062075
2026-07-05T13:12:27Z,20260705T131224Z,3618,0.9694646303,1.0000000000,0.9536828392,1.0000000000,1.0000000000,0.9831027254
2026-07-05T13:12:27Z,20260705T131224Z,3619,0.9389292606,1.0000000000,0.9416207080,1.0000000000,1.0000000000,0.9730564568
2026-07-05T13:12:27Z,20260705T131224Z,3620,0.6468804614,1.0000000000,0.6536050275,0.4000000000,0.4000000000,0.6324411209
2026-07-05T13:12:27Z,20260705T131224Z,3621,0.6847120998,1.0000000000,0.6691934201,0.6000000000,0.6000000000,0.7150167090
2026-07-05T13:12:27Z,20260705T131224Z,3622,0.7691695844,1.0000000000,0.9055796355,0.5000000000,0.5000000000,0.7484083232
2026-07-05T13:12:27Z,20260705T131224Z,3623,0.7895834242,1.0000000000,0.7428546157,0.5000000000,0.5000000000,0.7209667792
2026-07-05T13:12:27Z,20260705T131224Z,3624,0.7550117889,1.0000000000,0.7846362205,0.6000000000,0.6000000000,0.7556801913
2026-07-05T13:12:27Z,20260705T131224Z,3625,0.7911717252,1.0000000000,0.9194711772,0.5000000000,0.5000000000,0.7566871667
2026-07-05T13:12:27Z,20260705T131224Z,3626,1.0000000000,1.0000000000,0.9999999905,1.0000000000,1.0000000000,0.9999999981
2026-07-05T13:12:27Z,20260705T131224Z,3627,1.0000000000,1.0000000000,0.9630288418,1.0000000000,1.0000000000,0.9926057684
2026-07-05T13:12:27Z,20260705T131224Z,3628,0.7677204728,1.0000000000,0.9665245833,0.5000000000,0.5000000000,0.7602350349
2026-07-05T13:12:27Z,20260705T131224Z,3629,0.5000000000,1.0000000000,0.0637685609,0.1666666667,0.1666666667,0.3960870455
2026-07-05T13:12:27Z,20260705T131224Z,3630,0.7778778871,1.0000000000,0.5815798026,0.6666666667,0.6666666667,0.7441187656
2026-07-05T13:12:27Z,20260705T131224Z,3631,0.8987279676,1.0000000000,0.4832225663,1.0000000000,1.0000000000,0.8713265051
2026-07-05T13:12:27Z,20260705T131224Z,3632,0.9258367513,1.0000000000,0.7496187342,1.0000000000,1.0000000000,0.9313829347
2026-07-05T13:12:27Z,20260705T131224Z,3633,0.7622023982,1.0000000000,0.4850264983,0.7500000000,0.7500000000,0.7500558992
2026-07-05T13:12:27Z,20260705T131224Z,3634,0.8461736740,1.0000000000,0.8124173341,0.7500000000,0.7500000000,0.8365268853
2026-07-05T13:12:27Z,20260705T131224Z,3635,0.8461736740,1.0000000000,0.9425226619,0.7500000000,0.7500000000,0.8625479509
2026-07-05T13:12:27Z,20260705T131224Z,3636,1.0000000000,1.0000000000,0.8184808835,1.0000000000,1.0000000000,0.9636961767
2026-07-05T13:12:27Z,20260705T131224Z,3637,0.9189432581,1.0000000000,0.5381297449,1.0000000000,1.0000000000,0.8873617635
2026-07-05T13:12:27Z,20260705T131224Z,3638,0.8300540566,1.0000000000,0.7923112682,0.7500000000,0.7500000000,0.8284757678
2026-07-05T13:12:27Z,20260705T131224Z,3639,0.6143641192,1.0000000000,0.5257232585,0.3333333333,0.3333333333,0.5754023482
2026-07-05T13:12:27Z,20260705T131224Z,3640,0.6806608889,1.0000000000,0.6886611810,0.4000000000,0.4000000000,0.6478974584
2026-07-05T13:12:27Z,20260705T131224Z,3641,0.8308156933,1.0000000000,0.7669049906,0.6666666667,0.6666666667,0.7944182548
2026-07-05T13:12:27Z,20260705T131224Z,3642,0.7778850527,1.0000000000,0.8602506629,0.6666666667,0.6666666667,0.7998547291
2026-07-05T13:12:27Z,20260705T131224Z,3643,0.7239154022,1.0000000000,0.4543710517,0.7500000000,0.7500000000,0.7343530609
2026-07-05T13:12:27Z,20260705T131224Z,3644,1.0000000000,1.0000000000,0.7200012025,1.0000000000,1.0000000000,0.9440002405
2026-07-05T13:12:27Z,20260705T131224Z,3645,0.8006369171,1.0000000000,0.2694869900,0.7500000000,0.7500000000,0.7165566273
2026-07-05T13:12:27Z,20260705T131224Z,3646,0.7149010414,1.0000000000,0.9034603140,0.5000000000,0.5000000000,0.7344173231
2026-07-05T13:12:27Z,20260705T131224Z,3647,0.7149010414,1.0000000000,0.9034603140,0.5000000000,0.5000000000,0.7344173231
2026-07-05T13:12:27Z,20260705T131224Z,3648,0.7149010414,1.0000000000,0.9034603140,0.5000000000,0.5000000000,0.7344173231
2026-07-05T13:12:27Z,20260705T131224Z,3649,0.6257641301,1.0000000000,0.9399182504,0.2500000000,0.2500000000,0.6319246826
2026-07-05T13:12:27Z,20260705T131224Z,3650,0.7677204728,1.0000000000,0.9665245833,0.5000000000,0.5000000000,0.7602350349
2026-07-05T13:12:27Z,20260705T131224Z,3651,0.9999999953,1.0000000000,1.0000000000,1.0000000000,1.0000000000,0.9999999988
2026-07-05T13:12:27Z,20260705T131224Z,3652,0.9999999953,1.0000000000,1.0000000000,1.0000000000,1.0000000000,0.9999999988
2026-07-05T13:12:27Z,20260705T131224Z,3653,0.7677204728,1.0000000000,0.9665245833,0.5000000000,0.5000000000,0.7602350349
2026-07-05T13:12:27Z,20260705T131224Z,3654,0.8048689313,1.0000000000,0.9646740990,0.6666666667,0.6666666667,0.8274853860
2026-07-05T13:12:27Z,20260705T131224Z,3655,0.7233498105,1.0000000000,0.9500849642,0.3333333333,0.3333333333,0.6875211121
2026-07-05T13:12:27Z,20260705T131224Z,3656,0.7221149473,1.0000000000,0.9167411894,0.3333333333,0.3333333333,0.6805436414
2026-07-05T13:12:27Z,20260705T131224Z,3657,0.7221149473,1.0000000000,0.9167411894,0.3333333333,0.3333333333,0.6805436414
2026-07-05T13:12:27Z,20260705T131224Z,3658,0.9999999953,1.0000000000,1.0000000000,1.0000000000,1.0000000000,0.9999999988
2026-07-05T13:12:27Z,20260705T131224Z,3659,0.7677204728,1.0000000000,0.8888002244,0.5000000000,0.5000000000,0.7446901631
2026-07-05T13:12:27Z,20260705T131224Z,3660,1.0000000000,1.0000000000,0.9999999905,1.0000000000,1.0000000000,0.9999999981
2026-07-05T13:12:27Z,20260705T131224Z,3661,0.8048689313,1.0000000000,0.9163663756,0.6666666667,0.6666666667,0.8178238413
2026-07-05T13:12:27Z,20260705T131224Z,3662,0.8048689313,1.0000000000,0.9646740990,0.6666666667,0.6666666667,0.8274853860
2026-07-05T13:12:27Z,20260705T131224Z,3663,0.8048689313,1.0000000000,0.9646740990,0.6666666667,0.6666666667,0.8274853860
2026-07-05T13:12:27Z,20260705T131224Z,3664,0.8048689313,1.0000000000,0.9646740990,0.6666666667,0.6666666667,0.8274853860
2026-07-05T13:12:27Z,20260705T131224Z,3665,0.7677204728,1.0000000000,0.9665245833,0.5000000000,0.5000000000,0.7602350349
2026-07-05T13:12:27Z,20260705T131224Z,3666,0.9999999953,1.0000000000,1.0000000000,1.0000000000,1.0000000000,0.9999999988
2026-07-05T13:12:27Z,20260705T131224Z,3667,0.7233498105,1.0000000000,0.9500849642,0.3333333333,0.3333333333,0.6875211121
2026-07-05T13:12:27Z,20260705T131224Z,3668,0.7233498105,1.0000000000,0.9500849642,0.3333333333,0.3333333333,0.6875211121
2026-07-05T13:12:27Z,20260705T131224Z,3669,0.7221149473,1.0000000000,0.9167411894,0.3333333333,0.3333333333,0.6805436414
2026-07-05T13:12:27Z,20260705T131224Z,3670,0.7221149473,1.0000000000,0.9167411894,0.3333333333,0.3333333333,0.6805436414
2026-07-05T13:12:27Z,20260705T131224Z,3671,0.9999999953,1.0000000000,1.0000000000,1.0000000000,1.0000000000,0.9999999988
2026-07-05T13:12:27Z,20260705T131224Z,3672,0.6968385816,1.0000000000,0.0334754167,0.5000000000,0.5000000000,0.5559047287
2026-07-05T13:12:27Z,20260705T131224Z,3673,0.9291181088,1.0000000000,0.0669508334,1.0000000000,1.0000000000,0.7956696939
2026-07-05T13:12:27Z,20260705T131224Z,3674,0.6257641301,1.0000000000,0.9399182504,0.2500000000,0.2500000000,0.6319246826
2026-07-05T13:12:27Z,20260705T131224Z,3675,0.9694646303,1.0000000000,0.9173898678,1.0000000000,1.0000000000,0.9758441311
2026-07-05T13:12:27Z,20260705T131224Z,3676,0.8308156933,1.0000000000,0.9384884944,0.6666666667,0.6666666667,0.8287349555
2026-07-05T13:12:27Z,20260705T131224Z,3677,0.7778850527,1.0000000000,0.7246414281,0.6666666667,0.6666666667,0.7727328821
2026-07-05T13:12:27Z,20260705T131224Z,3678,0.6972020364,1.0000000000,0.7135985457,0.5000000000,0.5000000000,0.6920202182
2026-07-05T13:12:27Z,20260705T131224Z,3679,0.8048689313,1.0000000000,0.9091757782,0.6666666667,0.6666666667,0.8163857218
2026-07-05T13:12:27Z,20260705T131224Z,3680,0.6251540513,1.0000000000,0.8714019262,0.2500000000,0.2500000000,0.6180688980
2026-07-05T13:12:27Z,20260705T131224Z,3681,0.7221149473,1.0000000000,0.8757779321,0.3333333333,0.3333333333,0.6723509899
2026-07-05T13:12:27Z,20260705T131224Z,3682,0.7233498105,1.0000000000,0.9500849642,0.3333333333,0.3333333333,0.6875211121
2026-07-05T13:12:27Z,20260705T131224Z,3683,0.7233498105,1.0000000000,0.9500849642,0.3333333333,0.3333333333,0.6875211121
2026-07-05T13:12:27Z,20260705T131224Z,3684,0.7677204728,1.0000000000,0.9665245833,0.5000000000,0.5000000000,0.7602350349
2026-07-05T13:12:27Z,20260705T131224Z,3685,0.8048689313,1.0000000000,0.9646740990,0.6666666667,0.6666666667,0.8274853860
2026-07-05T13:12:27Z,20260705T131224Z,3686,0.7233498105,1.0000000000,0.9500849642,0.3333333333,0.3333333333,0.6875211121
2026-07-05T13:12:27Z,20260705T131224Z,3687,0.9999999953,1.0000000000,1.0000000000,1.0000000000,1.0000000000,0.9999999988
2026-07-05T13:12:27Z,20260705T131224Z,3688,0.7233498105,1.0000000000,0.7195622020,0.3333333333,0.3333333333,0.6414165597
2026-07-05T13:12:27Z,20260705T131224Z,3689,0.9694646303,1.0000000000,0.7969455369,1.0000000000,1.0000000000,0.9517552650
2026-07-05T13:12:27Z,20260705T131224Z,3690,0.6251540513,1.0000000000,0.8910669939,0.2500000000,0.2500000000,0.6220019116
2026-07-05T13:12:27Z,20260705T131224Z,3691,1.0000000000,1.0000000000,0.9144883142,1.0000000000,1.0000000000,0.9828976628
2026-07-05T13:12:27Z,20260705T131224Z,3692,1.0000000000,1.0000000000,0.9144883142,1.0000000000,1.0000000000,0.9828976628
2026-07-05T13:12:27Z,20260705T131224Z,3693,0.8308156933,1.0000000000,0.9626244068,0.6666666667,0.6666666667,0.8335621380
2026-07-05T13:12:27Z,20260705T131224Z,3694,0.7221149473,1.0000000000,0.9167411894,0.3333333333,0.3333333333,0.6805436414
2026-07-05T13:12:27Z,20260705T131224Z,3695,0.7677204728,1.0000000000,0.9665245833,0.5000000000,0.5000000000,0.7602350349
2026-07-05T13:12:27Z,20260705T131224Z,3696,0.7778850527,1.0000000000,0.9254705402,0.6666666667,0.6666666667,0.8128987046
2026-07-05T13:12:27Z,20260705T131224Z,3697,0.7221149473,1.0000000000,0.9167411894,0.3333333333,0.3333333333,0.6805436414
2026-07-05T13:12:27Z,20260705T131224Z,3698,0.9999999953,1.0000000000,1.0000000000,1.0000000000,1.0000000000,0.9999999988
2026-07-05T13:12:27Z,20260705T131224Z,3699,0.9999999953,1.0000000000,1.0000000000,1.0000000000,1.0000000000,0.9999999988
2026-07-05T13:12:27Z,20260705T131224Z,3700,0.9999999953,1.0000000000,1.0000000000,1.0000000000,1.0000000000,0.9999999988
2026-07-05T13:12:27Z,20260705T131224Z,3701,0.7233498105,1.0000000000,0.9500849642,0.3333333333,0.3333333333,0.6875211121
2026-07-05T13:12:27Z,20260705T131224Z,3702,0.7233498105,1.0000000000,0.9500849642,0.3333333333,0.3333333333,0.6875211121
2026-07-05T13:12:27Z,20260705T131224Z,3703,0.7233498105,1.0000000000,0.9500849642,0.3333333333,0.3333333333,0.6875211121
2026-07-05T13:12:27Z,20260705T131224Z,3704,0.6643597294,1.0000000000,0.6721365087,0.4000000000,0.4000000000,0.6405172341
2026-07-05T13:12:27Z,20260705T131224Z,3705,0.6743822770,1.0000000000,0.6908014097,0.4000000000,0.4000000000,0.6467558512
2026-07-05T13:12:27Z,20260705T131224Z,3706,0.5485061349,1.0000000000,0.7446672614,0.1666666667,0.1666666667,0.5443933193
2026-07-05T13:12:27Z,20260705T131224Z,3707,1.0000000000,1.0000000000,0.8922697316,1.0000000000,1.0000000000,0.9784539463
2026-07-05T13:12:27Z,20260705T131224Z,3708,0.7911717252,1.0000000000,0.8908243304,0.5000000000,0.5000000000,0.7509577974
2026-07-05T13:12:27Z,20260705T131224Z,3709,0.7525263750,1.0000000000,0.9471067961,0.5000000000,0.5000000000,0.7525529530
2026-07-05T13:12:27Z,20260705T131224Z,3710,0.8225951886,1.0000000000,0.9626090465,0.7500000000,0.7500000000,0.8606706065
2026-07-05T13:12:27Z,20260705T131224Z,3711,0.7309729266,1.0000000000,0.9355157590,0.5000000000,0.5000000000,0.7448463834
2026-07-05T13:12:27Z,20260705T131224Z,3712,0.8308156933,1.0000000000,0.9446321591,0.6666666667,0.6666666667,0.8299636885
2026-07-05T13:12:27Z,20260705T131224Z,3713,0.6186566985,1.0000000000,0.3139791351,0.3333333333,0.3333333333,0.5341266683
2026-07-05T13:12:27Z,20260705T131224Z,3714,0.9291181088,1.0000000000,0.5192856065,1.0000000000,1.0000000000,0.8861366485
2026-07-05T13:12:27Z,20260705T131224Z,3715,0.6666666667,1.0000000000,0.7837903840,0.3333333333,0.3333333333,0.6400914101
2026-07-05T13:12:27Z,20260705T131224Z,3716,0.7677204728,1.0000000000,0.9295534250,0.5000000000,0.5000000000,0.7528408032
2026-07-05T13:12:27Z,20260705T131224Z,3717,0.9999999953,1.0000000000,1.0000000000,1.0000000000,1.0000000000,0.9999999988
2026-07-05T13:12:27Z,20260705T131224Z,3718,0.7677204728,1.0000000000,0.9295534250,0.5000000000,0.5000000000,0.7528408032
2026-07-05T13:12:27Z,20260705T131224Z,3719,0.7677204728,1.0000000000,0.9295534250,0.5000000000,0.5000000000,0.7528408032
2026-07-05T13:12:27Z,20260705T131224Z,3720,0.7677204728,1.0000000000,0.9665245833,0.5000000000,0.5000000000,0.7602350349
2026-07-05T13:12:27Z,20260705T131224Z,3721,0.7677204728,1.0000000000,0.9665245833,0.5000000000,0.5000000000,0.7602350349
2026-07-05T13:12:27Z,20260705T131224Z,3722,0.7221149473,1.0000000000,0.7213875578,0.3333333333,0.3333333333,0.6414729150
2026-07-05T13:12:27Z,20260705T131224Z,3723,0.8308156933,1.0000000000,0.7905756498,0.6666666667,0.6666666667,0.7991523866
2026-07-05T13:12:27Z,20260705T131224Z,3724,0.8048689313,1.0000000000,0.9209582315,0.6666666667,0.6666666667,0.8187422125
2026-07-05T13:12:27Z,20260705T131224Z,3725,0.7287159565,1.0000000000,0.2023662540,0.7500000000,0.7500000000,0.6851522399
2026-07-05T13:12:27Z,20260705T131224Z,3726,0.7895834242,1.0000000000,0.8127794083,0.5000000000,0.5000000000,0.7349517377
2026-07-05T13:12:27Z,20260705T131224Z,3727,0.8178906433,1.0000000000,0.1078434986,0.6666666667,0.6666666667,0.6593746939
2026-07-05T13:12:27Z,20260705T131224Z,3728,0.6972020364,1.0000000000,0.8841972083,0.5000000000,0.5000000000,0.7261399507
2026-07-05T13:12:27Z,20260705T131224Z,3729,0.7233498105,1.0000000000,0.8886112460,0.3333333333,0.3333333333,0.6752263685
2026-07-05T13:12:27Z,20260705T131224Z,3730,0.7677204728,1.0000000000,0.9295534250,0.5000000000,0.5000000000,0.7528408032
2026-07-05T13:12:27Z,20260705T131224Z,3731,0.7677204728,1.0000000000,0.9295534250,0.5000000000,0.5000000000,0.7528408032
2026-07-05T13:12:27Z,20260705T131224Z,3732,0.7233498105,1.0000000000,0.9500849642,0.3333333333,0.3333333333,0.6875211121
2026-07-05T13:12:27Z,20260705T131224Z,3733,0.7233498105,1.0000000000,0.9500849642,0.3333333333,0.3333333333,0.6875211121
2026-07-05T13:12:27Z,20260705T131224Z,3734,0.7677204728,1.0000000000,0.8888002244,0.5000000000,0.5000000000,0.7446901631
2026-07-05T13:12:27Z,20260705T131224Z,3735,0.7677204728,1.0000000000,0.8888002244,0.5000000000,0.5000000000,0.7446901631
2026-07-05T13:12:27Z,20260705T131224Z,3736,0.7677204728,1.0000000000,0.9665245833,0.5000000000,0.5000000000,0.7602350349
2026-07-05T13:12:27Z,20260705T131224Z,3737,0.7677204728,1.0000000000,0.9665245833,0.5000000000,0.5000000000,0.7602350349
2026-07-05T13:12:27Z,20260705T131224Z,3738,0.7677204728,1.0000000000,0.5634510349,0.5000000000,0.5000000000,0.6796203252
2026-07-05T13:12:27Z,20260705T131224Z,3739,0.7677204728,1.0000000000,0.5634510349,0.5000000000,0.5000000000,0.6796203252
2026-07-05T13:12:27Z,20260705T131224Z,3740,0.7221149473,1.0000000000,0.8757779321,0.3333333333,0.3333333333,0.6723509899
2026-07-05T13:12:27Z,20260705T131224Z,3741,0.8308156933,1.0000000000,0.9455495523,0.6666666667,0.6666666667,0.8301471671
2026-07-05T13:12:27Z,20260705T131224Z,3742,1.0000000000,1.0000000000,0.8775171560,1.0000000000,1.0000000000,0.9755034312
2026-07-05T13:12:27Z,20260705T131224Z,3743,0.8048689313,1.0000000000,0.9646740990,0.6666666667,0.6666666667,0.8274853860
2026-07-05T13:12:27Z,20260705T131224Z,3744,0.8225951886,1.0000000000,0.9626090465,0.7500000000,0.7500000000,0.8606706065
2026-07-05T13:12:27Z,20260705T131224Z,3745,0.7525263750,1.0000000000,0.9471067961,0.5000000000,0.5000000000,0.7525529530
2026-07-05T13:12:27Z,20260705T131224Z,3746,0.6251540513,1.0000000000,0.9102991883,0.2500000000,0.2500000000,0.6258483505
2026-07-05T13:12:27Z,20260705T131224Z,3747,0.8308156933,1.0000000000,0.9446321591,0.6666666667,0.6666666667,0.8299636885
2026-07-05T13:12:27Z,20260705T131224Z,3748,0.6257641301,1.0000000000,0.9399182504,0.2500000000,0.2500000000,0.6319246826
2026-07-05T13:12:27Z,20260705T131224Z,3749,0.8048689313,1.0000000000,0.9502376885,0.6666666667,0.6666666667,0.8245981039
2026-07-05T13:12:27Z,20260705T131224Z,3750,1.0000000000,1.0000000000,0.9630288418,1.0000000000,1.0000000000,0.9926057684
2026-07-05T13:12:27Z,20260705T131224Z,3751,0.7677204728,1.0000000000,0.9665245833,0.5000000000,0.5000000000,0.7602350349
2026-07-05T13:12:27Z,20260705T131224Z,3752,0.7677204728,1.0000000000,0.9665245833,0.5000000000,0.5000000000,0.7602350349
2026-07-05T13:12:27Z,20260705T131224Z,3753,1.0000000000,1.0000000000,0.9222756411,1.0000000000,1.0000000000,0.9844551282
2026-07-05T13:12:27Z,20260705T131224Z,3754,0.7677204728,1.0000000000,0.8888002244,0.5000000000,0.5000000000,0.7446901631
2026-07-05T13:12:27Z,20260705T131224Z,3755,0.7221149473,1.0000000000,0.8292275133,0.3333333333,0.3333333333,0.6630409061
2026-07-05T13:12:27Z,20260705T131224Z,3756,0.8308156933,1.0000000000,0.8961891502,0.6666666667,0.6666666667,0.8202750867
2026-07-05T13:12:27Z,20260705T131224Z,3757,0.7778850527,1.0000000000,0.8783347274,0.6666666667,0.6666666667,0.8034715420
2026-07-05T13:12:27Z,20260705T131224Z,3758,0.9694646303,1.0000000000,0.9173898678,1.0000000000,1.0000000000,0.9758441311
2026-07-05T13:12:27Z,20260705T131224Z,3759,1.0000000000,1.0000000000,1.0000000000,1.0000000000,1.0000000000,1.0000000000
2026-07-05T13:12:27Z,20260705T131224Z,3760,0.6257641301,1.0000000000,0.9399182504,0.2500000000,0.2500000000,0.6319246826
2026-07-05T13:12:27Z,20260705T131224Z,3761,0.7677204728,1.0000000000,0.9665245833,0.5000000000,0.5000000000,0.7602350349
2026-07-05T13:12:27Z,20260705T131224Z,3762,0.9999999953,1.0000000000,1.0000000000,1.0000000000,1.0000000000,0.9999999988
2026-07-05T13:12:27Z,20260705T131224Z,3763,0.9999999953,1.0000000000,1.0000000000,1.0000000000,1.0000000000,0.9999999988
2026-07-05T13:12:27Z,20260705T131224Z,3764,0.9999999953,1.0000000000,1.0000000000,1.0000000000,1.0000000000,0.9999999988
2026-07-05T13:12:27Z,20260705T131224Z,3765,0.9999999953,1.0000000000,1.0000000000,1.0000000000,1.0000000000,0.9999999988
2026-07-05T13:12:27Z,20260705T131224Z,3766,0.7677204728,1.0000000000,0.7422378832,0.5000000000,0.5000000000,0.7153776948
2026-07-05T13:12:27Z,20260705T131224Z,3767,0.6431777520,1.0000000000,0.4504066899,0.3333333333,0.3333333333,0.5675424426
2026-07-05T13:12:27Z,20260705T131224Z,3768,0.6431777520,1.0000000000,0.4991206898,0.3333333333,0.3333333333,0.5772852426
2026-07-05T13:12:27Z,20260705T131224Z,3769,0.6666666667,1.0000000000,0.9526695251,0.3333333333,0.3333333333,0.6738672384
2026-07-05T13:12:27Z,20260705T131224Z,3770,0.6666666667,1.0000000000,0.9526695251,0.3333333333,0.3333333333,0.6738672384
2026-07-05T13:12:27Z,20260705T131224Z,3771,1.0000000000,1.0000000000,0.8775171560,1.0000000000,1.0000000000,0.9755034312
2026-07-05T13:12:27Z,20260705T131224Z,3772,0.7911717252,1.0000000000,0.9052184800,0.5000000000,0.5000000000,0.7538366273
2026-07-05T13:12:27Z,20260705T131224Z,3773,0.7911717252,1.0000000000,0.9279996001,0.5000000000,0.5000000000,0.7583928513
2026-07-05T13:12:27Z,20260705T131224Z,3774,1.0000000000,1.0000000000,1.0000000000,1.0000000000,1.0000000000,1.0000000000
2026-07-05T13:12:27Z,20260705T131224Z,3775,0.6666666667,1.0000000000,0.9220336936,0.3333333333,0.3333333333,0.6677400721
2026-07-05T13:12:27Z,20260705T131224Z,3776,0.8048689313,1.0000000000,0.9502376885,0.6666666667,0.6666666667,0.8245981039
2026-07-05T13:12:27Z,20260705T131224Z,3777,0.8048689313,1.0000000000,0.9646740990,0.6666666667,0.6666666667,0.8274853860
2026-07-05T13:12:27Z,20260705T131224Z,3778,0.7677204728,1.0000000000,0.9665245833,0.5000000000,0.5000000000,0.7602350349
2026-07-05T13:12:27Z,20260705T131224Z,3779,0.7677204728,1.0000000000,0.9665245833,0.5000000000,0.5000000000,0.7602350349
2026-07-05T13:12:27Z,20260705T131224Z,3780,1.0000000000,1.0000000000,0.9630288418,1.0000000000,1.0000000000,0.9926057684
2026-07-05T13:12:27Z,20260705T131224Z,3781,0.7677204728,1.0000000000,0.9295534250,0.5000000000,0.5000000000,0.7528408032
2026-07-05T13:12:27Z,20260705T131224Z,3782,0.7677204728,1.0000000000,0.9665245833,0.5000000000,0.5000000000,0.7602350349
2026-07-05T13:12:27Z,20260705T131224Z,3783,0.6666666667,1.0000000000,0.9526695251,0.3333333333,0.3333333333,0.6738672384
2026-07-05T13:12:27Z,20260705T131224Z,3784,0.8308156933,1.0000000000,0.8614710364,0.6666666667,0.6666666667,0.8133314639
2026-07-05T13:12:27Z,20260705T131224Z,3785,0.6251540513,1.0000000000,0.7700050379,0.2500000000,0.2500000000,0.5977895204
2026-07-05T13:12:27Z,20260705T131224Z,3786,1.0000000000,1.0000000000,0.9144883142,1.0000000000,1.0000000000,0.9828976628
2026-07-05T13:12:27Z,20260705T131224Z,3787,0.7525263750,1.0000000000,0.9377784458,0.5000000000,0.5000000000,0.7506872829
2026-07-05T13:12:27Z,20260705T131224Z,3788,0.6672130795,1.0000000000,0.9365319137,0.4000000000,0.4000000000,0.6941096526
2026-07-05T13:12:27Z,20260705T131224Z,3789,0.6512534889,1.0000000000,0.8632638847,0.4000000000,0.4000000000,0.6754661492
2026-07-05T13:12:27Z,20260705T131224Z,3790,0.7110955233,1.0000000000,0.9138453752,0.4000000000,0.4000000000,0.7005429559
2026-07-05T13:12:27Z,20260705T131224Z,3791,0.7221149473,1.0000000000,0.9167411894,0.3333333333,0.3333333333,0.6805436414
2026-07-05T13:12:27Z,20260705T131224Z,3792,0.7677204728,1.0000000000,0.9665245833,0.5000000000,0.5000000000,0.7602350349
2026-07-05T13:12:27Z,20260705T131224Z,3793,0.7677204728,1.0000000000,0.9665245833,0.5000000000,0.5000000000,0.7602350349
2026-07-05T13:12:27Z,20260705T131224Z,3794,0.7677204728,1.0000000000,0.8888002244,0.5000000000,0.5000000000,0.7446901631
2026-07-05T13:12:27Z,20260705T131224Z,3795,1.0000000000,1.0000000000,0.9222756411,1.0000000000,1.0000000000,0.9844551282
2026-07-05T13:12:27Z,20260705T131224Z,3796,1.0000000000,1.0000000000,1.0000000000,1.0000000000,1.0000000000,1.0000000000
2026-07-05T13:12:27Z,20260705T131224Z,3797,0.7677204728,1.0000000000,0.9665245833,0.5000000000,0.5000000000,0.7602350349
2026-07-05T13:12:27Z,20260705T131224Z,3798,0.7221149473,1.0000000000,0.9167411894,0.3333333333,0.3333333333,0.6805436414
2026-07-05T13:12:27Z,20260705T131224Z,3799,0.7221149473,1.0000000000,0.9167411894,0.3333333333,0.3333333333,0.6805436414
2026-07-05T13:12:27Z,20260705T131224Z,3800,0.7221149473,1.0000000000,0.8757779321,0.3333333333,0.3333333333,0.6723509899
2026-07-05T13:12:27Z,20260705T131224Z,3801,0.8308156933,1.0000000000,0.9603556692,0.6666666667,0.6666666667,0.8331083905
2026-07-05T13:12:27Z,20260705T131224Z,3802,1.0000000000,1.0000000000,0.9222756411,1.0000000000,1.0000000000,0.9844551282
2026-07-05T13:12:27Z,20260705T131224Z,3803,0.8048689313,1.0000000000,0.9646740990,0.6666666667,0.6666666667,0.8274853860
2026-07-05T13:12:27Z,20260705T131224Z,3804,0.9694646303,1.0000000000,0.9173898678,1.0000000000,1.0000000000,0.9758441311
2026-07-05T13:12:27Z,20260705T131224Z,3805,0.8308156933,1.0000000000,0.9384884944,0.6666666667,0.6666666667,0.8287349555
2026-07-05T13:12:27Z,20260705T131224Z,3806,0.7677204728,1.0000000000,0.9295534250,0.5000000000,0.5000000000,0.7528408032
2026-07-05T13:12:27Z,20260705T131224Z,3807,0.7233498105,1.0000000000,0.9500849642,0.3333333333,0.3333333333,0.6875211121
2026-07-05T13:12:27Z,20260705T131224Z,3808,0.8048689313,1.0000000000,0.9646740990,0.6666666667,0.6666666667,0.8274853860
2026-07-05T13:12:27Z,20260705T131224Z,3809,0.7677204728,1.0000000000,0.9665245833,0.5000000000,0.5000000000,0.7602350349
2026-07-05T13:12:27Z,20260705T131224Z,3810,0.9999999953,1.0000000000,1.0000000000,1.0000000000,1.0000000000,0.9999999988
2026-07-05T13:12:27Z,20260705T131224Z,3811,0.9999999953,1.0000000000,1.0000000000,1.0000000000,1.0000000000,0.9999999988
2026-07-05T13:12:27Z,20260705T131224Z,3812,0.9999999953,1.0000000000,1.0000000000,1.0000000000,1.0000000000,0.9999999988
2026-07-05T13:12:27Z,20260705T131224Z,3813,0.7677204728,1.0000000000,0.9665245833,0.5000000000,0.5000000000,0.7602350349
2026-07-05T13:12:27Z,20260705T131224Z,3814,0.7677204728,1.0000000000,0.9665245833,0.5000000000,0.5000000000,0.7602350349
2026-07-05T13:12:27Z,20260705T131224Z,3815,0.7677204728,1.0000000000,0.8440417392,0.5000000000,0.5000000000,0.7357384660
2026-07-05T13:12:27Z,20260705T131224Z,3816,0.7911717252,1.0000000000,0.9052184800,0.5000000000,0.5000000000,0.7538366273
2026-07-05T13:12:27Z,20260705T131224Z,3817,0.6937816918,1.0000000000,0.9208946666,0.4000000000,0.4000000000,0.6976243563
2026-07-05T13:12:27Z,20260705T131224Z,3818,0.8048689313,1.0000000000,0.9646740990,0.6666666667,0.6666666667,0.8274853860
2026-07-05T13:12:27Z,20260705T131224Z,3819,0.7525263750,1.0000000000,0.9471067961,0.5000000000,0.5000000000,0.7525529530
2026-07-05T13:12:27Z,20260705T131224Z,3820,0.8225951886,1.0000000000,0.9626090465,0.7500000000,0.7500000000,0.8606706065
2026-07-05T13:12:27Z,20260705T131224Z,3821,0.5800528066,1.0000000000,0.8222510780,0.2000000000,0.2000000000,0.5794634172
2026-07-05T13:12:27Z,20260705T131224Z,3822,0.7221149473,1.0000000000,0.8292275133,0.3333333333,0.3333333333,0.6630409061
2026-07-05T13:12:27Z,20260705T131224Z,3823,0.7677204728,1.0000000000,0.9665245833,0.5000000000,0.5000000000,0.7602350349
2026-07-05T13:12:27Z,20260705T131224Z,3824,0.7525263750,1.0000000000,0.9471067961,0.5000000000,0.5000000000,0.7525529530
2026-07-05T13:12:27Z,20260705T131224Z,3825,0.7525263750,1.0000000000,0.9471067961,0.5000000000,0.5000000000,0.7525529530
2026-07-05T13:12:27Z,20260705T131224Z,3826,0.7677204728,1.0000000000,0.9665245833,0.5000000000,0.5000000000,0.7602350349
2026-07-05T13:12:27Z,20260705T131224Z,3827,0.7677204728,1.0000000000,0.9665245833,0.5000000000,0.5000000000,0.7602350349
2026-07-05T13:12:27Z,20260705T131224Z,3828,0.7677204728,1.0000000000,0.9665245833,0.5000000000,0.5000000000,0.7602350349
2026-07-05T13:12:27Z,20260705T131224Z,3829,0.7677204728,1.0000000000,0.9665245833,0.5000000000,0.5000000000,0.7602350349
2026-07-05T13:12:27Z,20260705T131224Z,3830,0.6666666667,1.0000000000,0.9220336936,0.3333333333,0.3333333333,0.6677400721
2026-07-05T13:12:27Z,20260705T131224Z,3831,0.8308156933,1.0000000000,0.8961891502,0.6666666667,0.6666666667,0.8202750867
2026-07-05T13:12:27Z,20260705T131224Z,3832,0.8308156933,1.0000000000,0.8961891502,0.6666666667,0.6666666667,0.8202750867
2026-07-05T13:12:27Z,20260705T131224Z,3833,0.8048689313,1.0000000000,0.9502376885,0.6666666667,0.6666666667,0.8245981039
2026-07-05T13:12:27Z,20260705T131224Z,3834,0.7233498105,1.0000000000,0.9500849642,0.3333333333,0.3333333333,0.6875211121
2026-07-05T13:12:27Z,20260705T131224Z,3835,0.7011185094,1.0000000000,0.8126754436,0.2500000000,0.2500000000,0.6253147161
2026-07-05T13:12:27Z,20260705T131224Z,3836,0.7911717252,1.0000000000,0.8438487297,0.5000000000,0.5000000000,0.7415626772
2026-07-05T13:12:27Z,20260705T131224Z,3837,1.0000000000,1.0000000000,1.0000000000,1.0000000000,1.0000000000,1.0000000000
2026-07-05T13:12:27Z,20260705T131224Z,3838,0.6666666667,1.0000000000,0.9526695251,0.3333333333,0.3333333333,0.6738672384
2026-07-05T13:12:27Z,20260705T131224Z,3839,0.7677204728,1.0000000000,0.9665245833,0.5000000000,0.5000000000,0.7602350349
2026-07-05T13:12:27Z,20260705T131224Z,3840,0.7677204728,1.0000000000,0.9665245833,0.5000000000,0.5000000000,0.7602350349
2026-07-05T13:12:27Z,20260705T131224Z,3841,0.7677204728,1.0000000000,0.9665245833,0.5000000000,0.5000000000,0.7602350349
2026-07-05T13:12:27Z,20260705T131224Z,3842,0.9999999953,1.0000000000,1.0000000000,1.0000000000,1.0000000000,0.9999999988
2026-07-05T13:12:27Z,20260705T131224Z,3843,0.9999999953,1.0000000000,1.0000000000,1.0000000000,1.0000000000,0.9999999988
2026-07-05T13:12:27Z,20260705T131224Z,3844,0.7677204728,1.0000000000,0.9665245833,0.5000000000,0.5000000000,0.7602350349
2026-07-05T13:12:27Z,20260705T131224Z,3845,0.6666666667,1.0000000000,0.9220336936,0.3333333333,0.3333333333,0.6677400721
2026-07-05T13:12:27Z,20260705T131224Z,3846,0.8308156933,1.0000000000,0.8961891502,0.6666666667,0.6666666667,0.8202750867
2026-07-05T13:12:27Z,20260705T131224Z,3847,0.8308156933,1.0000000000,0.8614710364,0.6666666667,0.6666666667,0.8133314639
2026-07-05T13:12:27Z,20260705T131224Z,3848,0.7778850527,1.0000000000,0.9254705402,0.6666666667,0.6666666667,0.8128987046
2026-07-05T13:12:27Z,20260705T131224Z,3849,1.0000000000,1.0000000000,0.9565934266,1.0000000000,1.0000000000,0.9913186853
2026-07-05T13:12:27Z,20260705T131224Z,3850,0.8308156933,1.0000000000,0.9603556692,0.6666666667,0.6666666667,0.8331083905
2026-07-05T13:12:27Z,20260705T131224Z,3851,1.0000000000,1.0000000000,0.9222756411,1.0000000000,1.0000000000,0.9844551282
2026-07-05T13:12:27Z,20260705T131224Z,3852,0.6186566985,1.0000000000,0.3737476522,0.3333333333,0.3333333333,0.5460803717
2026-07-05T13:12:27Z,20260705T131224Z,3853,0.9291181088,1.0000000000,0.4447806586,1.0000000000,1.0000000000,0.8712356589
2026-07-05T13:12:27Z,20260705T131224Z,3854,0.7677204728,1.0000000000,0.9295534250,0.5000000000,0.5000000000,0.7528408032
2026-07-05T13:12:27Z,20260705T131224Z,3855,0.9999999953,1.0000000000,1.0000000000,1.0000000000,1.0000000000,0.9999999988
2026-07-05T13:12:27Z,20260705T131224Z,3856,0.9999999953,1.0000000000,1.0000000000,1.0000000000,1.0000000000,0.9999999988
2026-07-05T13:12:27Z,20260705T131224Z,3857,0.9999999953,1.0000000000,1.0000000000,1.0000000000,1.0000000000,0.9999999988
2026-07-05T13:12:27Z,20260705T131224Z,3858,0.9999999953,1.0000000000,1.0000000000,1.0000000000,1.0000000000,0.9999999988
2026-07-05T13:12:27Z,20260705T131224Z,3859,0.9999999953,1.0000000000,1.0000000000,1.0000000000,1.0000000000,0.9999999988
2026-07-05T13:12:27Z,20260705T131224Z,3860,0.7011185094,1.0000000000,0.9032887910,0.2500000000,0.2500000000,0.6434373856
2026-07-05T13:12:27Z,20260705T131224Z,3861,0.7911717252,1.0000000000,0.9052184800,0.5000000000,0.5000000000,0.7538366273
2026-07-05T13:12:27Z,20260705T131224Z,3862,0.8048689313,1.0000000000,0.8902782067,0.6666666667,0.6666666667,0.8126062075
2026-07-05T13:12:27Z,20260705T131224Z,3863,1.0000000000,1.0000000000,0.9385262818,1.0000000000,1.0000000000,0.9877052564
2026-07-05T13:12:27Z,20260705T131224Z,3864,0.8225951886,1.0000000000,0.9626090465,0.7500000000,0.7500000000,0.8606706065
2026-07-05T13:12:27Z,20260705T131224Z,3865,0.8202606934,1.0000000000,0.9474327708,0.7500000000,0.7500000000,0.8570517275
2026-07-05T13:12:27Z,20260705T131224Z,3866,0.6972020364,1.0000000000,0.9176449982,0.5000000000,0.5000000000,0.7328295087
2026-07-05T13:12:27Z,20260705T131224Z,3867,0.5800528066,1.0000000000,0.9029983851,0.2000000000,0.2000000000,0.5956128787
2026-07-05T13:12:27Z,20260705T131224Z,3868,0.7221149473,1.0000000000,0.9167411894,0.3333333333,0.3333333333,0.6805436414
2026-07-05T13:12:27Z,20260705T131224Z,3869,0.7677204728,1.0000000000,0.6855471582,0.5000000000,0.5000000000,0.7040395498
2026-07-05T13:12:27Z,20260705T131224Z,3870,1.0000000000,1.0000000000,0.9433092750,1.0000000000,1.0000000000,0.9886618550
2026-07-05T13:12:27Z,20260705T131224Z,3871,0.9291181088,1.0000000000,0.6943110820,1.0000000000,1.0000000000,0.9211417436
2026-07-05T13:12:27Z,20260705T131224Z,3872,0.8178906433,1.0000000000,0.6006301841,0.6666666667,0.6666666667,0.7579320310
2026-07-05T13:12:27Z,20260705T131224Z,3873,0.8308156933,1.0000000000,0.7264618900,0.6666666667,0.6666666667,0.7863296347
2026-07-05T13:12:27Z,20260705T131224Z,3874,1.0000000000,1.0000000000,0.8779038767,1.0000000000,1.0000000000,0.9755807753
2026-07-05T13:12:27Z,20260705T131224Z,3875,0.6666666667,1.0000000000,0.4772980352,0.3333333333,0.3333333333,0.5787929404
2026-07-05T13:12:27Z,20260705T131224Z,3876,1.0000000000,1.0000000000,0.9377851185,1.0000000000,1.0000000000,0.9875570237
2026-07-05T13:12:27Z,20260705T131224Z,3877,1.0000000000,1.0000000000,0.7816241771,1.0000000000,1.0000000000,0.9563248354
2026-07-05T13:12:27Z,20260705T131224Z,3878,0.8178906433,1.0000000000,0.5542194617,0.6666666667,0.6666666667,0.7486498865
2026-07-05T13:12:27Z,20260705T131224Z,3879,0.8178906433,1.0000000000,0.7112123231,0.6666666667,0.6666666667,0.7800484588
2026-07-05T13:12:27Z,20260705T131224Z,3880,1.0000000000,1.0000000000,0.7190225749,1.0000000000,1.0000000000,0.9438045150
2026-07-05T13:12:27Z,20260705T131224Z,3881,0.7778850527,1.0000000000,0.8342126435,0.6666666667,0.6666666667,0.7946471252
2026-07-05T13:12:27Z,20260705T131224Z,3882,1.0000000000,1.0000000000,0.9087421033,1.0000000000,1.0000000000,0.9817484207
2026-07-05T13:12:27Z,20260705T131224Z,3883,0.9389292606,1.0000000000,0.9474775917,1.0000000000,1.0000000000,0.9742278335
2026-07-05T13:12:27Z,20260705T131224Z,3884,0.7778850527,1.0000000000,0.9254705402,0.6666666667,0.6666666667,0.8128987046
2026-07-05T13:12:27Z,20260705T131224Z,3885,0.8048689313,1.0000000000,0.9646740990,0.6666666667,0.6666666667,0.8274853860
2026-07-05T13:12:27Z,20260705T131224Z,3886,0.7233498105,1.0000000000,0.9500849642,0.3333333333,0.3333333333,0.6875211121
2026-07-05T13:12:27Z,20260705T131224Z,3887,0.7677204728,1.0000000000,0.9665245833,0.5000000000,0.5000000000,0.7602350349
2026-07-05T13:12:27Z,20260705T131224Z,3888,0.7677204728,1.0000000000,0.9665245833,0.5000000000,0.5000000000,0.7602350349
2026-07-05T13:12:27Z,20260705T131224Z,3889,0.9999999953,1.0000000000,1.0000000000,1.0000000000,1.0000000000,0.9999999988
2026-07-05T13:12:27Z,20260705T131224Z,3890,0.7677204728,1.0000000000,0.6256659164,0.5000000000,0.5000000000,0.6920633015
2026-07-05T13:12:27Z,20260705T131224Z,3891,0.7677204728,1.0000000000,0.6256659164,0.5000000000,0.5000000000,0.6920633015
2026-07-05T13:12:27Z,20260705T131224Z,3892,0.9999999953,1.0000000000,1.0000000000,1.0000000000,1.0000000000,0.9999999988
2026-07-05T13:12:27Z,20260705T131224Z,3893,0.9999999953,1.0000000000,1.0000000000,1.0000000000,1.0000000000,0.9999999988
2026-07-05T13:12:27Z,20260705T131224Z,3894,0.9999999953,1.0000000000,1.0000000000,1.0000000000,1.0000000000,0.9999999988
2026-07-05T13:12:27Z,20260705T131224Z,3895,0.9999999953,1.0000000000,1.0000000000,1.0000000000,1.0000000000,0.9999999988
2026-07-05T13:12:27Z,20260705T131224Z,3896,0.7677204728,1.0000000000,0.8440417392,0.5000000000,0.5000000000,0.7357384660
2026-07-05T13:12:27Z,20260705T131224Z,3897,0.8308156933,1.0000000000,0.9105614780,0.6666666667,0.6666666667,0.8231495523
2026-07-05T13:12:27Z,20260705T131224Z,3898,0.6683552816,1.0000000000,0.4018483896,0.5000000000,0.5000000000,0.6224584983
2026-07-05T13:12:27Z,20260705T131224Z,3899,0.8308156933,1.0000000000,0.9465575149,0.6666666667,0.6666666667,0.8303487596
2026-07-05T13:12:27Z,20260705T131224Z,3900,0.8308156933,1.0000000000,0.9465575149,0.6666666667,0.6666666667,0.8303487596
2026-07-05T13:12:27Z,20260705T131224Z,3901,0.8178906433,1.0000000000,0.7700460733,0.6666666667,0.6666666667,0.7918152088
2026-07-05T13:12:27Z,20260705T131224Z,3902,0.9291181088,1.0000000000,0.8108830488,1.0000000000,1.0000000000,0.9444561370
2026-07-05T13:12:27Z,20260705T131224Z,3903,0.8308156933,1.0000000000,0.8328589269,0.6666666667,0.6666666667,0.8076090420
2026-07-05T13:12:27Z,20260705T131224Z,3904,0.8178906433,1.0000000000,0.6471003434,0.6666666667,0.6666666667,0.7672260628
2026-07-05T13:12:27Z,20260705T131224Z,3905,1.0000000000,1.0000000000,0.6591413331,1.0000000000,1.0000000000,0.9318282666
2026-07-05T13:12:27Z,20260705T131224Z,3906,0.7677204728,1.0000000000,0.9665245833,0.5000000000,0.5000000000,0.7602350349
2026-07-05T13:12:27Z,20260705T131224Z,3907,0.9999999953,1.0000000000,1.0000000000,1.0000000000,1.0000000000,0.9999999988
2026-07-05T13:12:27Z,20260705T131224Z,3908,0.9999999953,1.0000000000,1.0000000000,1.0000000000,1.0000000000,0.9999999988
2026-07-05T13:12:27Z,20260705T131224Z,3909,0.7677204728,1.0000000000,0.9665245833,0.5000000000,0.5000000000,0.7602350349
2026-07-05T13:12:27Z,20260705T131224Z,3910,0.7677204728,1.0000000000,0.9665245833,0.5000000000,0.5000000000,0.7602350349
2026-07-05T13:12:27Z,20260705T131224Z,3911,0.9999999953,1.0000000000,1.0000000000,1.0000000000,1.0000000000,0.9999999988
2026-07-05T13:12:27Z,20260705T131224Z,3912,0.7677204728,1.0000000000,0.9665245833,0.5000000000,0.5000000000,0.7602350349
2026-07-05T13:12:27Z,20260705T131224Z,3913,0.6257641301,1.0000000000,0.9399182504,0.2500000000,0.2500000000,0.6319246826
2026-07-05T13:12:27Z,20260705T131224Z,3914,0.6257641301,1.0000000000,0.9399182504,0.2500000000,0.2500000000,0.6319246826
2026-07-05T13:12:27Z,20260705T131224Z,3915,0.6251540513,1.0000000000,0.8260550879,0.2500000000,0.2500000000,0.6089995304
2026-07-05T13:12:27Z,20260705T131224Z,3916,1.0000000000,1.0000000000,0.9087421033,1.0000000000,1.0000000000,0.9817484207
2026-07-05T13:12:27Z,20260705T131224Z,3917,0.7496918975,1.0000000000,0.9474775917,0.5000000000,0.5000000000,0.7519184927
2026-07-05T13:12:27Z,20260705T131224Z,3918,0.7221149473,1.0000000000,0.9167411894,0.3333333333,0.3333333333,0.6805436414
2026-07-05T13:12:27Z,20260705T131224Z,3919,0.7011185094,1.0000000000,0.9032887910,0.2500000000,0.2500000000,0.6434373856
2026-07-05T13:12:27Z,20260705T131224Z,3920,0.7011185094,1.0000000000,0.9032887910,0.2500000000,0.2500000000,0.6434373856
2026-07-05T13:12:27Z,20260705T131224Z,3921,0.9999999953,1.0000000000,1.0000000000,1.0000000000,1.0000000000,0.9999999988
2026-07-05T13:12:27Z,20260705T131224Z,3922,0.7677204728,1.0000000000,0.9665245833,0.5000000000,0.5000000000,0.7602350349
2026-07-05T13:12:27Z,20260705T131224Z,3923,0.7677204728,1.0000000000,0.9665245833,0.5000000000,0.5000000000,0.7602350349
2026-07-05T13:12:27Z,20260705T131224Z,3924,0.9999999953,1.0000000000,1.0000000000,1.0000000000,1.0000000000,0.9999999988
2026-07-05T13:12:27Z,20260705T131224Z,3925,0.9999999953,1.0000000000,1.0000000000,1.0000000000,1.0000000000,0.9999999988
2026-07-05T13:12:27Z,20260705T131224Z,3926,0.7233498105,1.0000000000,0.9500849642,0.3333333333,0.3333333333,0.6875211121
2026-07-05T13:12:27Z,20260705T131224Z,3927,0.8048689313,1.0000000000,0.9646740990,0.6666666667,0.6666666667,0.8274853860
2026-07-05T13:12:27Z,20260705T131224Z,3928,0.6666666667,1.0000000000,0.9526695251,0.3333333333,0.3333333333,0.6738672384
2026-07-05T13:12:27Z,20260705T131224Z,3929,0.6251540513,1.0000000000,0.9102991883,0.2500000000,0.2500000000,0.6258483505
2026-07-05T13:12:27Z,20260705T131224Z,3930,0.5796768414,1.0000000000,0.8104531428,0.2000000000,0.2000000000,0.5770098389
2026-07-05T13:12:27Z,20260705T131224Z,3931,1.0000000000,1.0000000000,0.9087421033,1.0000000000,1.0000000000,0.9817484207
2026-07-05T13:12:27Z,20260705T131224Z,3932,0.7743054762,1.0000000000,0.9138189211,0.7500000000,0.7500000000,0.8388401533
2026-07-05T13:12:27Z,20260705T131224Z,3933,0.7691695844,1.0000000000,0.6598519686,0.8000000000,0.8000000000,0.8042627898
2026-07-05T13:12:27Z,20260705T131224Z,3934,0.6888213532,1.0000000000,0.6339308198,0.2000000000,0.2000000000,0.5689915023
2026-07-05T13:12:27Z,20260705T131224Z,3935,0.6665729829,1.0000000000,0.2745654903,0.3333333333,0.3333333333,0.5382230105
2026-07-05T13:12:27Z,20260705T131224Z,3936,0.7938906972,1.0000000000,0.5723667271,0.5000000000,0.5000000000,0.6879460197
2026-07-05T13:12:27Z,20260705T131224Z,3937,0.7511429768,1.0000000000,0.5455743187,0.3333333333,0.3333333333,0.6135672746
2026-07-05T13:12:27Z,20260705T131224Z,3938,0.7911717252,1.0000000000,0.8131414665,0.5000000000,0.5000000000,0.7354212246
2026-07-05T13:12:27Z,20260705T131224Z,3939,0.6519264212,1.0000000000,0.0788625447,0.2500000000,0.2500000000,0.4662541142
2026-07-05T13:12:27Z,20260705T131224Z,3940,0.7011185094,1.0000000000,0.6978931265,0.2500000000,0.2500000000,0.6023582527
2026-07-05T13:12:27Z,20260705T131224Z,3941,0.7295870522,1.0000000000,0.7017406505,0.5000000000,0.5000000000,0.6977448932
2026-07-05T13:12:27Z,20260705T131224Z,3942,0.6251540513,1.0000000000,0.7131787952,0.2500000000,0.2500000000,0.5864242718
2026-07-05T13:12:27Z,20260705T131224Z,3943,0.7221149473,1.0000000000,0.7213875578,0.3333333333,0.3333333333,0.6414729150
2026-07-05T13:12:27Z,20260705T131224Z,3944,0.7677204728,1.0000000000,0.9295534250,0.5000000000,0.5000000000,0.7528408032
2026-07-05T13:12:27Z,20260705T131224Z,3945,1.0000000000,1.0000000000,0.9630288418,1.0000000000,1.0000000000,0.9926057684
2026-07-05T13:12:27Z,20260705T131224Z,3946,0.7677204728,1.0000000000,0.9665245833,0.5000000000,0.5000000000,0.7602350349
2026-07-05T13:12:27Z,20260705T131224Z,3947,0.7221149473,1.0000000000,0.6022693343,0.3333333333,0.3333333333,0.6176492703
2026-07-05T13:12:27Z,20260705T131224Z,3948,0.9389292606,1.0000000000,0.5410913388,1.0000000000,1.0000000000,0.8929505829
2026-07-05T13:12:27Z,20260705T131224Z,3949,0.7248934060,1.0000000000,0.2199349097,0.6666666667,0.6666666667,0.6585436668
2026-07-05T13:12:27Z,20260705T131224Z,3950,0.7113754386,1.0000000000,0.8812772764,0.5000000000,0.5000000000,0.7290993149
2026-07-05T13:12:27Z,20260705T131224Z,3951,0.8003084866,1.0000000000,0.8836035367,0.7500000000,0.7500000000,0.8392978290
2026-07-05T13:12:27Z,20260705T131224Z,3952,0.9694646303,1.0000000000,0.8695385445,1.0000000000,1.0000000000,0.9662738665
2026-07-05T13:12:27Z,20260705T131224Z,3953,0.5265566214,1.0000000000,0.0351686700,0.2000000000,0.2000000000,0.4086728893
2026-07-05T13:12:27Z,20260705T131224Z,3954,0.5668540905,1.0000000000,0.0352283503,0.2500000000,0.2500000000,0.4362591927
2026-07-05T13:12:27Z,20260705T131224Z,3955,1.0000000000,1.0000000000,0.9630288418,1.0000000000,1.0000000000,0.9926057684
2026-07-05T13:12:27Z,20260705T131224Z,3956,0.6257641301,1.0000000000,0.9137210992,0.2500000000,0.2500000000,0.6266852524
2026-07-05T13:12:27Z,20260705T131224Z,3957,0.8048689313,1.0000000000,0.9646740990,0.6666666667,0.6666666667,0.8274853860
2026-07-05T13:12:27Z,20260705T131224Z,3958,0.7677204728,1.0000000000,0.9665245833,0.5000000000,0.5000000000,0.7602350349
2026-07-05T13:12:27Z,20260705T131224Z,3959,0.9999999953,1.0000000000,1.0000000000,1.0000000000,1.0000000000,0.9999999988
2026-07-05T13:12:27Z,20260705T131224Z,3960,0.7677204728,1.0000000000,0.9665245833,0.5000000000,0.5000000000,0.7602350349
2026-07-05T13:12:27Z,20260705T131224Z,3961,1.0000000000,1.0000000000,0.9630288418,1.0000000000,1.0000000000,0.9926057684
2026-07-05T13:12:27Z,20260705T131224Z,3962,0.8048689313,1.0000000000,0.8539894749,0.6666666667,0.6666666667,0.8053484611
2026-07-05T13:12:27Z,20260705T131224Z,3963,0.8048689313,1.0000000000,0.8665118703,0.6666666667,0.6666666667,0.8078529402
2026-07-05T13:12:27Z,20260705T131224Z,3964,0.6251540513,1.0000000000,0.5339292075,0.2500000000,0.2500000000,0.5505743543
2026-07-05T13:12:27Z,20260705T131224Z,3965,0.9694646303,1.0000000000,0.8227416179,1.0000000000,1.0000000000,0.9569144812
2026-07-05T13:12:27Z,20260705T131224Z,3966,0.8048689313,1.0000000000,0.8050177710,0.6666666667,0.6666666667,0.7955541204
2026-07-05T13:12:27Z,20260705T131224Z,3967,1.0000000000,1.0000000000,0.8903799229,1.0000000000,1.0000000000,0.9780759846
2026-07-05T13:12:27Z,20260705T131224Z,3968,0.7677204728,1.0000000000,0.6855471582,0.5000000000,0.5000000000,0.7040395498
2026-07-05T13:12:27Z,20260705T131224Z,3969,0.7221149473,1.0000000000,0.8031614184,0.3333333333,0.3333333333,0.6578276872
2026-07-05T13:12:27Z,20260705T131224Z,3970,1.0000000000,1.0000000000,0.8864202290,1.0000000000,1.0000000000,0.9772840458
2026-07-05T13:12:27Z,20260705T131224Z,3971,0.6119272555,1.0000000000,0.2513588988,0.4000000000,0.4000000000,0.5432535936
2026-07-05T13:12:27Z,20260705T131224Z,3972,0.8556136734,1.0000000000,0.5248727277,0.7500000000,0.7500000000,0.7813779639
2026-07-05T13:12:27Z,20260705T131224Z,3973,0.8178906433,1.0000000000,0.6471003434,0.6666666667,0.6666666667,0.7672260628
2026-07-05T13:12:27Z,20260705T131224Z,3974,0.8178906433,1.0000000000,0.7071741901,0.6666666667,0.6666666667,0.7792408322
2026-07-05T13:12:27Z,20260705T131224Z,3975,0.7496918975,1.0000000000,0.8542322579,0.5000000000,0.5000000000,0.7332694259
2026-07-05T13:12:27Z,20260705T131224Z,3976,0.8178906433,1.0000000000,0.7205229067,0.6666666667,0.6666666667,0.7819105755
2026-07-05T13:12:27Z,20260705T131224Z,3977,0.7911717252,1.0000000000,0.9234227024,0.5000000000,0.5000000000,0.7574774718
2026-07-05T13:12:27Z,20260705T131224Z,3978,0.6158017865,1.0000000000,0.2906356522,0.4000000000,0.4000000000,0.5520775771
2026-07-05T13:12:27Z,20260705T131224Z,3979,0.7233498105,1.0000000000,0.8126754436,0.3333333333,0.3333333333,0.6600392080
2026-07-05T13:12:27Z,20260705T131224Z,3980,0.7221149473,1.0000000000,0.7213875578,0.3333333333,0.3333333333,0.6414729150
2026-07-05T13:12:27Z,20260705T131224Z,3981,0.6251540513,1.0000000000,0.7195129066,0.2500000000,0.2500000000,0.5876910941
2026-07-05T13:12:27Z,20260705T131224Z,3982,0.6251540513,1.0000000000,0.7195129066,0.2500000000,0.2500000000,0.5876910941
2026-07-05T13:12:27Z,20260705T131224Z,3983,0.8461736740,1.0000000000,0.9486921032,0.7500000000,0.7500000000,0.8637818391
2026-07-05T13:12:27Z,20260705T131224Z,3984,0.7110955233,1.0000000000,0.9173751699,0.4000000000,0.4000000000,0.7012489148
2026-07-05T13:12:27Z,20260705T131224Z,3985,0.8683435189,1.0000000000,0.7878002727,0.7500000000,0.7500000000,0.8371459343
2026-07-05T13:12:27Z,20260705T131224Z,3986,0.7408128828,1.0000000000,0.5841162414,0.5000000000,0.5000000000,0.6770264690
2026-07-05T13:12:27Z,20260705T131224Z,3987,0.7643619349,1.0000000000,0.6258833721,0.5000000000,0.5000000000,0.6912671582
2026-07-05T13:12:27Z,20260705T131224Z,3988,0.8678028272,1.0000000000,0.9285710907,0.7500000000,0.7500000000,0.8651649249
2026-07-05T13:12:27Z,20260705T131224Z,3989,0.7309729266,1.0000000000,0.6529992247,0.5000000000,0.5000000000,0.6883430766
2026-07-05T13:12:27Z,20260705T131224Z,3990,0.7034222654,1.0000000000,0.7563441244,0.4000000000,0.4000000000,0.6671243912
2026-07-05T13:12:27Z,20260705T131224Z,3991,0.6147802883,1.0000000000,0.3497341205,0.4000000000,0.4000000000,0.5636418962
2026-07-05T13:12:27Z,20260705T131224Z,3992,0.6524308986,1.0000000000,0.7205063017,0.4000000000,0.4000000000,0.6472089850
2026-07-05T13:12:27Z,20260705T131224Z,3993,0.7039302083,1.0000000000,0.6074279637,0.6000000000,0.6000000000,0.7074681448
2026-07-05T13:12:27Z,20260705T131224Z,3994,0.7770063851,1.0000000000,0.7126274630,0.6000000000,0.6000000000,0.7467770889
2026-07-05T13:12:27Z,20260705T131224Z,3995,0.9373647380,1.0000000000,0.7328963067,1.0000000000,1.0000000000,0.9309204458
2026-07-05T13:12:27Z,20260705T131224Z,3996,0.8519177089,1.0000000000,0.8990001528,0.8000000000,0.8000000000,0.8727794578
2026-07-05T13:12:27Z,20260705T131224Z,3997,0.7914957715,1.0000000000,0.9034111226,0.6666666667,0.6666666667,0.8118895007
2026-07-05T13:12:27Z,20260705T131224Z,3998,0.7293260629,1.0000000000,0.8930263035,0.4285714286,0.4285714286,0.7109367764
2026-07-05T13:12:27Z,20260705T131224Z,3999,0.7818691271,1.0000000000,0.8614896959,0.6000000000,0.6000000000,0.7777652209
2026-07-05T13:12:27Z,20260705T131224Z,4000,0.6856582731,1.0000000000,0.8451881855,0.3333333333,0.3333333333,0.6571188720
2026-07-05T13:12:27Z,20260705T131224Z,4001,0.8583729646,1.0000000000,0.9054214937,0.8000000000,0.8000000000,0.8756775399
2026-07-05T13:12:27Z,20260705T131224Z,4002,0.7104165758,1.0000000000,0.6687179897,0.5000000000,0.5000000000,0.6863477419
2026-07-05T13:12:27Z,20260705T131224Z,4003,0.7006776931,1.0000000000,0.8934445028,0.4000000000,0.4000000000,0.6938583238
2026-07-05T13:12:27Z,20260705T131224Z,4004,0.7737924475,1.0000000000,0.9261289416,0.4000000000,0.4000000000,0.7186739002
2026-07-05T13:12:27Z,20260705T131224Z,4005,0.6666666667,1.0000000000,0.9004753771,0.3333333333,0.3333333333,0.6634284087
2026-07-05T13:12:27Z,20260705T131224Z,4006,1.0000000000,1.0000000000,0.9144883142,1.0000000000,1.0000000000,0.9828976628
2026-07-05T13:12:27Z,20260705T131224Z,4007,0.6666666667,1.0000000000,0.7009762378,0.3333333333,0.3333333333,0.6235285809
2026-07-05T13:12:27Z,20260705T131224Z,4008,1.0000000000,1.0000000000,1.0000000000,1.0000000000,1.0000000000,1.0000000000
2026-07-05T13:12:27Z,20260705T131224Z,4009,0.6257641301,1.0000000000,0.7377117931,0.2500000000,0.2500000000,0.5914833912
2026-07-05T13:12:27Z,20260705T131224Z,4010,0.6257641301,1.0000000000,0.9399182504,0.2500000000,0.2500000000,0.6319246826
2026-07-05T13:12:27Z,20260705T131224Z,4011,0.6666666667,1.0000000000,0.9526695251,0.3333333333,0.3333333333,0.6738672384
2026-07-05T13:12:27Z,20260705T131224Z,4012,0.6666666667,1.0000000000,0.9526695251,0.3333333333,0.3333333333,0.6738672384
2026-07-05T13:12:27Z,20260705T131224Z,4013,1.0000000000,1.0000000000,0.8775171560,1.0000000000,1.0000000000,0.9755034312
2026-07-05T13:12:27Z,20260705T131224Z,4014,0.7295870522,1.0000000000,0.6258292255,0.5000000000,0.5000000000,0.6825626082
2026-07-05T13:12:27Z,20260705T131224Z,4015,0.8461736740,1.0000000000,0.9454944581,0.7500000000,0.7500000000,0.8631423101
2026-07-05T13:12:27Z,20260705T131224Z,4016,0.9389292606,1.0000000000,0.8032316967,1.0000000000,1.0000000000,0.9453786545
2026-07-05T13:12:27Z,20260705T131224Z,4017,0.8178906433,1.0000000000,0.6682846636,0.6666666667,0.6666666667,0.7714629269
2026-07-05T13:12:27Z,20260705T131224Z,4018,0.9291181088,1.0000000000,0.4096655294,1.0000000000,1.0000000000,0.8642126331
2026-07-05T13:12:27Z,20260705T131224Z,4019,1.0000000000,1.0000000000,0.9470706479,1.0000000000,1.0000000000,0.9894141296
2026-07-05T13:12:27Z,20260705T131224Z,4020,0.7911717252,1.0000000000,0.8986385028,0.5000000000,0.5000000000,0.7525206319
2026-07-05T13:12:27Z,20260705T131224Z,4021,0.7011185094,1.0000000000,0.8126754436,0.2500000000,0.2500000000,0.6253147161
2026-07-05T13:12:27Z,20260705T131224Z,4022,0.6512923670,1.0000000000,0.3815350763,0.2500000000,0.2500000000,0.5266301070
2026-07-05T13:12:27Z,20260705T131224Z,4023,0.6691512980,1.0000000000,0.3592688447,0.5000000000,0.5000000000,0.6141415934
2026-07-05T13:12:27Z,20260705T131224Z,4024,0.7248934060,1.0000000000,0.4779665757,0.6666666667,0.6666666667,0.7101500000
2026-07-05T13:12:27Z,20260705T131224Z,4025,0.6251540513,1.0000000000,0.5156168554,0.2500000000,0.2500000000,0.5469118839
2026-07-05T13:12:27Z,20260705T131224Z,4026,0.8308156933,1.0000000000,0.9069391514,0.6666666667,0.6666666667,0.8224250869
2026-07-05T13:12:27Z,20260705T131224Z,4027,0.8308156933,1.0000000000,0.9384884944,0.6666666667,0.6666666667,0.8287349555
2026-07-05T13:12:27Z,20260705T131224Z,4028,0.7677204728,1.0000000000,0.9295534250,0.5000000000,0.5000000000,0.7528408032
2026-07-05T13:12:27Z,20260705T131224Z,4029,0.7677204728,1.0000000000,0.9665245833,0.5000000000,0.5000000000,0.7602350349
2026-07-05T13:12:27Z,20260705T131224Z,4030,1.0000000000,1.0000000000,1.0000000000,1.0000000000,1.0000000000,1.0000000000
2026-07-05T13:12:27Z,20260705T131224Z,4031,0.6666666667,1.0000000000,0.9526695251,0.3333333333,0.3333333333,0.6738672384
2026-07-05T13:12:27Z,20260705T131224Z,4032,0.6666666667,1.0000000000,0.9526695251,0.3333333333,0.3333333333,0.6738672384
2026-07-05T13:12:27Z,20260705T131224Z,4033,0.7677204728,1.0000000000,0.9665245833,0.5000000000,0.5000000000,0.7602350349
2026-07-05T13:12:27Z,20260705T131224Z,4034,0.7221149473,1.0000000000,0.7213875578,0.3333333333,0.3333333333,0.6414729150
2026-07-05T13:12:27Z,20260705T131224Z,4035,0.7107144013,1.0000000000,0.7003768640,0.5000000000,0.5000000000,0.6927539731
2026-07-05T13:12:27Z,20260705T131224Z,4036,1.0000000000,1.0000000000,0.9521486767,1.0000000000,1.0000000000,0.9904297353
2026-07-05T13:12:27Z,20260705T131224Z,4037,0.8202606934,1.0000000000,0.9113624492,0.7500000000,0.7500000000,0.8498376632
2026-07-05T13:12:27Z,20260705T131224Z,4038,0.7038845844,1.0000000000,0.9353608262,0.2500000000,0.2500000000,0.6505433113
2026-07-05T13:12:27Z,20260705T131224Z,4039,0.7677204728,1.0000000000,0.9665245833,0.5000000000,0.5000000000,0.7602350349
2026-07-05T13:12:27Z,20260705T131224Z,4040,0.6666666667,1.0000000000,0.9526695251,0.3333333333,0.3333333333,0.6738672384
2026-07-05T13:12:27Z,20260705T131224Z,4041,0.7677204728,1.0000000000,0.9665245833,0.5000000000,0.5000000000,0.7602350349
2026-07-05T13:12:27Z,20260705T131224Z,4042,0.9999999953,1.0000000000,1.0000000000,1.0000000000,1.0000000000,0.9999999988
2026-07-05T13:12:27Z,20260705T131224Z,4043,0.7233498105,1.0000000000,0.9500849642,0.3333333333,0.3333333333,0.6875211121
2026-07-05T13:12:27Z,20260705T131224Z,4044,0.7149010414,1.0000000000,0.9501233359,0.5000000000,0.5000000000,0.7437499275
2026-07-05T13:12:27Z,20260705T131224Z,4045,0.7233498105,1.0000000000,0.9500849642,0.3333333333,0.3333333333,0.6875211121
2026-07-05T13:12:27Z,20260705T131224Z,4046,0.9999999953,1.0000000000,1.0000000000,1.0000000000,1.0000000000,0.9999999988
2026-07-05T13:12:27Z,20260705T131224Z,4047,0.9999999953,1.0000000000,1.0000000000,1.0000000000,1.0000000000,0.9999999988
2026-07-05T13:12:27Z,20260705T131224Z,4048,0.9999999953,1.0000000000,1.0000000000,1.0000000000,1.0000000000,0.9999999988
2026-07-05T13:12:27Z,20260705T131224Z,4049,0.7677204728,1.0000000000,0.9665245833,0.5000000000,0.5000000000,0.7602350349
2026-07-05T13:12:27Z,20260705T131224Z,4050,1.0000000000,1.0000000000,0.8775171560,1.0000000000,1.0000000000,0.9755034312
2026-07-05T13:12:27Z,20260705T131224Z,4051,0.8308156933,1.0000000000,0.9455495523,0.6666666667,0.6666666667,0.8301471671
2026-07-05T13:12:27Z,20260705T131224Z,4052,0.6806608889,1.0000000000,0.8961914554,0.4000000000,0.4000000000,0.6894035133
2026-07-05T13:12:27Z,20260705T131224Z,4053,0.8225951886,1.0000000000,0.9626090465,0.7500000000,0.7500000000,0.8606706065
2026-07-05T13:12:27Z,20260705T131224Z,4054,0.8048689313,1.0000000000,0.9646740990,0.6666666667,0.6666666667,0.8274853860
2026-07-05T13:12:27Z,20260705T131224Z,4055,0.6666666667,1.0000000000,0.9526695251,0.3333333333,0.3333333333,0.6738672384
2026-07-05T13:12:27Z,20260705T131224Z,4056,0.7677204728,1.0000000000,0.9665245833,0.5000000000,0.5000000000,0.7602350349
2026-07-05T13:12:27Z,20260705T131224Z,4057,0.7233498105,1.0000000000,0.9500849642,0.3333333333,0.3333333333,0.6875211121
2026-07-05T13:12:27Z,20260705T131224Z,4058,0.8048689313,1.0000000000,0.9646740990,0.6666666667,0.6666666667,0.8274853860
2026-07-05T13:12:27Z,20260705T131224Z,4059,0.6666666667,1.0000000000,0.9526695251,0.3333333333,0.3333333333,0.6738672384
2026-07-05T13:12:27Z,20260705T131224Z,4060,0.7677204728,1.0000000000,0.9665245833,0.5000000000,0.5000000000,0.7602350349
2026-07-05T13:12:27Z,20260705T131224Z,4061,0.7677204728,1.0000000000,0.9665245833,0.5000000000,0.5000000000,0.7602350349
2026-07-05T13:12:27Z,20260705T131224Z,4062,0.6666666667,1.0000000000,0.9526695251,0.3333333333,0.3333333333,0.6738672384
2026-07-05T13:12:27Z,20260705T131224Z,4063,0.6666666667,1.0000000000,0.9220336936,0.3333333333,0.3333333333,0.6677400721
2026-07-05T13:12:27Z,20260705T131224Z,4064,0.7677204728,1.0000000000,0.9295534250,0.5000000000,0.5000000000,0.7528408032
2026-07-05T13:12:27Z,20260705T131224Z,4065,0.7677204728,1.0000000000,0.8440417392,0.5000000000,0.5000000000,0.7357384660
2026-07-05T13:12:27Z,20260705T131224Z,4066,1.0000000000,1.0000000000,0.9552415148,1.0000000000,1.0000000000,0.9910483030
2026-07-05T13:12:27Z,20260705T131224Z,4067,0.7778850527,1.0000000000,0.6602190499,0.6666666667,0.6666666667,0.7598484065
2026-07-05T13:12:27Z,20260705T131224Z,4068,0.6419070734,1.0000000000,0.3411826134,0.5000000000,0.5000000000,0.6037132910
2026-07-05T13:12:27Z,20260705T131224Z,4069,0.7415433010,1.0000000000,0.5152277576,0.5000000000,0.5000000000,0.6634313768
2026-07-05T13:12:27Z,20260705T131224Z,4070,0.7101383926,1.0000000000,0.8680580240,0.4000000000,0.4000000000,0.6911462029
2026-07-05T13:12:27Z,20260705T131224Z,4071,0.8683435189,1.0000000000,0.7179254140,0.7500000000,0.7500000000,0.8231709625
2026-07-05T13:12:27Z,20260705T131224Z,4072,0.7769957847,1.0000000000,0.4897466575,0.7500000000,0.7500000000,0.7546982777
2026-07-05T13:12:27Z,20260705T131224Z,4073,0.6874616597,1.0000000000,0.2006047511,0.5000000000,0.5000000000,0.5869863651
2026-07-05T13:12:27Z,20260705T131224Z,4074,0.7911717252,1.0000000000,0.9395596258,0.5000000000,0.5000000000,0.7607048565
2026-07-05T13:12:27Z,20260705T131224Z,4075,0.5997124834,1.0000000000,0.8575420650,0.2000000000,0.2000000000,0.5914365339
2026-07-05T13:12:27Z,20260705T131224Z,4076,0.6257641301,1.0000000000,0.9399182504,0.2500000000,0.2500000000,0.6319246826
2026-07-05T13:12:27Z,20260705T131224Z,4077,1.0000000000,1.0000000000,0.9999999905,1.0000000000,1.0000000000,0.9999999981
2026-07-05T13:12:27Z,20260705T131224Z,4078,0.6257641301,1.0000000000,0.9399182504,0.2500000000,0.2500000000,0.6319246826
2026-07-05T13:12:27Z,20260705T131224Z,4079,0.7876837595,1.0000000000,0.5291652232,0.5000000000,0.5000000000,0.6777539845
2026-07-05T13:12:27Z,20260705T131224Z,4080,0.7876837595,1.0000000000,0.7482066951,0.5000000000,0.5000000000,0.7215622789
2026-07-05T13:12:27Z,20260705T131224Z,4081,0.7911717252,1.0000000000,0.8131414665,0.5000000000,0.5000000000,0.7354212246
2026-07-05T13:12:27Z,20260705T131224Z,4082,0.7708807339,1.0000000000,0.7760999996,0.6000000000,0.6000000000,0.7579401834
2026-07-05T13:12:27Z,20260705T131224Z,4083,0.6029000941,1.0000000000,0.6975543163,0.3333333333,0.3333333333,0.6069025535
2026-07-05T13:12:27Z,20260705T131224Z,4084,0.6861551872,1.0000000000,0.9327517140,0.5000000000,0.5000000000,0.7330891396
2026-07-05T13:12:27Z,20260705T131224Z,4085,0.7233498105,1.0000000000,0.8652798411,0.4000000000,0.4000000000,0.6938934208
2026-07-05T13:12:27Z,20260705T131224Z,4086,1.0000000000,1.0000000000,0.9144883142,1.0000000000,1.0000000000,0.9828976628
2026-07-05T13:12:27Z,20260705T131224Z,4087,0.7104165758,1.0000000000,0.7885835249,0.5000000000,0.5000000000,0.7103208489
2026-07-05T13:12:27Z,20260705T131224Z,4088,0.7895834242,1.0000000000,0.8420966333,0.5000000000,0.5000000000,0.7408151827
2026-07-05T13:12:27Z,20260705T131224Z,4089,0.7322795272,1.0000000000,0.8405388045,0.4000000000,0.4000000000,0.6911776427
2026-07-05T13:12:27Z,20260705T131224Z,4090,0.8358978213,1.0000000000,0.9299551366,0.6000000000,0.6000000000,0.8049654826
2026-07-05T13:12:27Z,20260705T131224Z,4091,0.7044687353,1.0000000000,0.4642934589,0.5000000000,0.5000000000,0.6439758756
2026-07-05T13:12:27Z,20260705T131224Z,4092,0.6426100872,1.0000000000,0.3673674227,0.5000000000,0.5000000000,0.6091260063
2026-07-05T13:12:27Z,20260705T131224Z,4093,0.7221149473,1.0000000000,0.8757779321,0.3333333333,0.3333333333,0.6723509899
2026-07-05T13:12:27Z,20260705T131224Z,4094,0.7221149473,1.0000000000,0.6513736399,0.3333333333,0.3333333333,0.6274701315
2026-07-05T13:12:27Z,20260705T131224Z,4095,0.6251540513,1.0000000000,0.6499334366,0.2500000000,0.2500000000,0.5737752001
2026-07-05T13:12:27Z,20260705T131224Z,4096,0.7677204728,1.0000000000,0.9665245833,0.5000000000,0.5000000000,0.7602350349
2026-07-05T13:12:27Z,20260705T131224Z,4097,0.6968385816,1.0000000000,0.1559582608,0.5000000000,0.5000000000,0.5804012976
2026-07-05T13:12:27Z,20260705T131224Z,4098,0.7677204728,1.0000000000,0.8440417392,0.5000000000,0.5000000000,0.7357384660
2026-07-05T13:12:27Z,20260705T131224Z,4099,0.7677204728,1.0000000000,0.9665245833,0.5000000000,0.5000000000,0.7602350349
2026-07-05T13:12:27Z,20260705T131224Z,4100,0.7677204728,1.0000000000,0.9665245833,0.5000000000,0.5000000000,0.7602350349
2026-07-05T13:12:27Z,20260705T131224Z,4101,0.9999999953,1.0000000000,1.0000000000,1.0000000000,1.0000000000,0.9999999988
2026-07-05T13:12:27Z,20260705T131224Z,4102,0.9999999953,1.0000000000,1.0000000000,1.0000000000,1.0000000000,0.9999999988
2026-07-05T13:12:27Z,20260705T131224Z,4103,0.9999999953,1.0000000000,1.0000000000,1.0000000000,1.0000000000,0.9999999988
2026-07-05T13:12:27Z,20260705T131224Z,4104,0.7011185094,1.0000000000,0.9032887910,0.2500000000,0.2500000000,0.6434373856
2026-07-05T13:12:27Z,20260705T131224Z,4105,0.7847446552,1.0000000000,0.8634290075,0.6000000000,0.6000000000,0.7788719653
2026-07-05T13:12:27Z,20260705T131224Z,4106,0.6369155281,1.0000000000,0.7962344416,0.3333333333,0.3333333333,0.6351424370
2026-07-05T13:12:27Z,20260705T131224Z,4107,0.6752827753,1.0000000000,0.2996935009,0.6000000000,0.6000000000,0.6387593940
2026-07-05T13:12:27Z,20260705T131224Z,4108,0.6631314664,1.0000000000,0.2972442575,0.6000000000,0.6000000000,0.6352317181
2026-07-05T13:12:27Z,20260705T131224Z,4109,0.7891110302,1.0000000000,0.8919166698,0.8000000000,0.8000000000,0.8556610915
2026-07-05T13:12:27Z,20260705T131224Z,4110,0.6532637123,1.0000000000,0.7622097258,0.5714285714,0.5714285714,0.7157578732
2026-07-05T13:12:27Z,20260705T131224Z,4111,0.5647808334,1.0000000000,0.6980886430,0.1428571429,0.1428571429,0.5308129369
2026-07-05T13:12:27Z,20260705T131224Z,4112,0.7006776931,1.0000000000,0.8518051072,0.4000000000,0.4000000000,0.6855304447
2026-07-05T13:12:27Z,20260705T131224Z,4113,0.6702232963,1.0000000000,0.6668630439,0.5000000000,0.5000000000,0.6759284328
2026-07-05T13:12:27Z,20260705T131224Z,4114,0.6331599075,1.0000000000,0.6119327016,0.2857142857,0.2857142857,0.5806765172
2026-07-05T13:12:27Z,20260705T131224Z,4115,0.7648066922,1.0000000000,0.6232437758,0.4000000000,0.4000000000,0.6558504282
2026-07-05T13:12:27Z,20260705T131224Z,4116,0.7911717252,1.0000000000,0.9304251867,0.5000000000,0.5000000000,0.7588779686
2026-07-05T13:12:27Z,20260705T131224Z,4117,0.7110955233,1.0000000000,0.9173751699,0.4000000000,0.4000000000,0.7012489148
2026-07-05T13:12:27Z,20260705T131224Z,4118,0.7496918975,1.0000000000,0.9372465868,0.5000000000,0.5000000000,0.7498722917
2026-07-05T13:12:27Z,20260705T131224Z,4119,1.0000000000,1.0000000000,1.0000000000,1.0000000000,1.0000000000,1.0000000000
2026-07-05T13:12:27Z,20260705T131224Z,4120,1.0000000000,1.0000000000,1.0000000000,1.0000000000,1.0000000000,1.0000000000
2026-07-05T13:12:27Z,20260705T131224Z,4121,0.7110955233,1.0000000000,0.9173751699,0.4000000000,0.4000000000,0.7012489148
2026-07-05T13:12:27Z,20260705T131224Z,4122,0.8461736740,1.0000000000,0.8170083581,0.7500000000,0.7500000000,0.8374450901
2026-07-05T13:12:27Z,20260705T131224Z,4123,0.8308156933,1.0000000000,0.6792635141,0.6666666667,0.6666666667,0.7768899595
2026-07-05T13:12:27Z,20260705T131224Z,4124,0.8308156933,1.0000000000,0.6363125708,0.6666666667,0.6666666667,0.7682997708
2026-07-05T13:12:27Z,20260705T131224Z,4125,0.7415433010,1.0000000000,0.5378642916,0.5000000000,0.5000000000,0.6679586836
2026-07-05T13:12:27Z,20260705T131224Z,4126,0.7496918975,1.0000000000,0.8542322579,0.5000000000,0.5000000000,0.7332694259
2026-07-05T13:12:27Z,20260705T131224Z,4127,0.8308156933,1.0000000000,0.9404540319,0.6666666667,0.6666666667,0.8291280630
2026-07-05T13:12:27Z,20260705T131224Z,4128,0.5826023359,1.0000000000,0.3730310879,0.2500000000,0.2500000000,0.5077568015
2026-07-05T13:12:27Z,20260705T131224Z,4129,0.6338602364,1.0000000000,0.4980590740,0.4000000000,0.4000000000,0.5980768739
2026-07-05T13:12:27Z,20260705T131224Z,4130,0.9719380415,1.0000000000,0.8852003358,1.0000000000,1.0000000000,0.9700245775
2026-07-05T13:12:27Z,20260705T131224Z,4131,0.9373647380,1.0000000000,0.7840611798,1.0000000000,1.0000000000,0.9411534205
2026-07-05T13:12:27Z,20260705T131224Z,4132,0.9373647380,1.0000000000,0.7449260520,1.0000000000,1.0000000000,0.9333263949
2026-07-05T13:12:27Z,20260705T131224Z,4133,0.9438760830,1.0000000000,0.6088072687,1.0000000000,1.0000000000,0.9077304745
2026-07-05T13:12:27Z,20260705T131224Z,4134,0.7145061183,1.0000000000,0.8119726657,0.6000000000,0.6000000000,0.7510210627
2026-07-05T13:12:27Z,20260705T131224Z,4135,0.7094030901,1.0000000000,0.1502262189,0.5000000000,0.5000000000,0.5823960163
2026-07-05T13:12:27Z,20260705T131224Z,4136,0.6251540513,1.0000000000,0.8613396374,0.2500000000,0.2500000000,0.6160564403
2026-07-05T13:12:27Z,20260705T131224Z,4137,0.8178906433,1.0000000000,0.3316927196,0.6666666667,0.6666666667,0.7041445381
2026-07-05T13:12:27Z,20260705T131224Z,4138,0.5579274389,1.0000000000,0.2270743085,0.2000000000,0.2000000000,0.4548967214
2026-07-05T13:12:27Z,20260705T131224Z,4139,0.7554158774,1.0000000000,0.2402379825,0.5000000000,0.5000000000,0.6119015658
2026-07-05T13:12:27Z,20260705T131224Z,4140,0.8308156933,1.0000000000,0.6305422954,0.6666666667,0.6666666667,0.7671457157
2026-07-05T13:12:27Z,20260705T131224Z,4141,0.7869708545,1.0000000000,0.6335190410,0.7500000000,0.7500000000,0.7859465218
2026-07-05T13:12:27Z,20260705T131224Z,4142,0.6268086504,1.0000000000,0.8602993333,0.4000000000,0.4000000000,0.6687620293
2026-07-05T13:12:27Z,20260705T131224Z,4143,0.7575558929,1.0000000000,0.4084641936,0.6666666667,0.6666666667,0.7044151453
2026-07-05T13:12:27Z,20260705T131224Z,4144,0.7796750095,1.0000000000,0.7377254517,0.5000000000,0.5000000000,0.7174638427
2026-07-05T13:12:27Z,20260705T131224Z,4145,0.8556136734,1.0000000000,0.7119749348,0.7500000000,0.7500000000,0.8187984053
2026-07-05T13:12:27Z,20260705T131224Z,4146,0.6760660495,1.0000000000,0.3378641759,0.5000000000,0.5000000000,0.6115893475
2026-07-05T13:12:27Z,20260705T131224Z,4147,0.7139653040,1.0000000000,0.0874035242,0.7500000000,0.7500000000,0.6584720308
2026-07-05T13:12:27Z,20260705T131224Z,4148,0.7811646086,1.0000000000,0.3633468108,0.5000000000,0.5000000000,0.6429605143
2026-07-05T13:12:27Z,20260705T131224Z,4149,0.8308156933,1.0000000000,0.7305833490,0.6666666667,0.6666666667,0.7871539264
2026-07-05T13:12:27Z,20260705T131224Z,4150,0.8308156933,1.0000000000,0.8142116903,0.6666666667,0.6666666667,0.8038795947
2026-07-05T13:12:27Z,20260705T131224Z,4151,1.0000000000,1.0000000000,0.9511254961,1.0000000000,1.0000000000,0.9902250992
2026-07-05T13:12:27Z,20260705T131224Z,4152,1.0000000000,1.0000000000,0.8304986811,1.0000000000,1.0000000000,0.9660997362
2026-07-05T13:12:27Z,20260705T131224Z,4153,0.8308156933,1.0000000000,0.8383998770,0.6666666667,0.6666666667,0.8087172320
2026-07-05T13:12:27Z,20260705T131224Z,4154,0.8308156933,1.0000000000,0.9551503268,0.6666666667,0.6666666667,0.8320673220
2026-07-05T13:12:27Z,20260705T131224Z,4155,1.0000000000,1.0000000000,0.9470706479,1.0000000000,1.0000000000,0.9894141296
2026-07-05T13:12:27Z,20260705T131224Z,4156,0.7796750095,1.0000000000,0.4996845918,0.5000000000,0.5000000000,0.6698556707
2026-07-05T13:12:27Z,20260705T131224Z,4157,0.9720464599,1.0000000000,0.8172713233,1.0000000000,1.0000000000,0.9564658796
2026-07-05T13:12:27Z,20260705T131224Z,4158,0.7811646086,1.0000000000,0.7921380277,0.5000000000,0.5000000000,0.7287187577
2026-07-05T13:12:27Z,20260705T131224Z,4159,0.8308156933,1.0000000000,0.9021676509,0.6666666667,0.6666666667,0.8214707868
2026-07-05T13:12:27Z,20260705T131224Z,4160,0.8126140003,1.0000000000,0.7918967189,0.7500000000,0.7500000000,0.8240328439
2026-07-05T13:12:27Z,20260705T131224Z,4161,0.8197753036,1.0000000000,0.8799501953,0.7500000000,0.7500000000,0.8434338650
2026-07-05T13:12:27Z,20260705T131224Z,4162,0.8139261287,1.0000000000,0.8218843780,0.6000000000,0.6000000000,0.7778584078
2026-07-05T13:12:27Z,20260705T131224Z,4163,0.8953931611,1.0000000000,0.8641826732,0.8000000000,0.8000000000,0.8766848249
2026-07-05T13:12:27Z,20260705T131224Z,4164,0.7811646086,1.0000000000,0.4481250538,0.5000000000,0.5000000000,0.6599161629
2026-07-05T13:12:27Z,20260705T131224Z,4165,0.8308156933,1.0000000000,0.8142116903,0.6666666667,0.6666666667,0.8038795947
2026-07-05T13:12:27Z,20260705T131224Z,4166,0.7415433010,1.0000000000,0.7289574755,0.5000000000,0.5000000000,0.7061773203
2026-07-05T13:12:27Z,20260705T131224Z,4167,0.8461736740,1.0000000000,0.7230580076,0.7500000000,0.7500000000,0.8186550200
2026-07-05T13:12:27Z,20260705T131224Z,4168,0.7957797440,1.0000000000,0.2439393924,0.7500000000,0.7500000000,0.7102328145
2026-07-05T13:12:27Z,20260705T131224Z,4169,0.6355981610,1.0000000000,0.3377706421,0.4000000000,0.4000000000,0.5664536687
2026-07-05T13:12:27Z,20260705T131224Z,4170,0.6680931393,1.0000000000,0.7830036458,0.3333333333,0.3333333333,0.6402906807
2026-07-05T13:12:27Z,20260705T131224Z,4171,0.8461736740,1.0000000000,0.8278983314,0.7500000000,0.7500000000,0.8396230848
2026-07-05T13:12:27Z,20260705T131224Z,4172,0.7496918975,1.0000000000,0.7578759921,0.5000000000,0.5000000000,0.7139981728
2026-07-05T13:12:27Z,20260705T131224Z,4173,0.9389292606,1.0000000000,0.5672413826,1.0000000000,1.0000000000,0.8981805917
2026-07-05T13:12:27Z,20260705T131224Z,4174,0.7496918975,1.0000000000,0.9339559926,0.5000000000,0.5000000000,0.7492141729
2026-07-05T13:12:27Z,20260705T131224Z,4175,0.7415433010,1.0000000000,0.8514072073,0.5000000000,0.5000000000,0.7306672667
2026-07-05T13:12:27Z,20260705T131224Z,4176,0.8178906433,1.0000000000,0.7761405268,0.6666666667,0.6666666667,0.7930340995
2026-07-05T13:12:27Z,20260705T131224Z,4177,0.8308156933,1.0000000000,0.9408166570,0.6666666667,0.6666666667,0.8292005880
2026-07-05T13:12:27Z,20260705T131224Z,4178,1.0000000000,1.0000000000,0.8374371064,1.0000000000,1.0000000000,0.9674874213
2026-07-05T13:12:27Z,20260705T131224Z,4179,0.7496918975,1.0000000000,0.8122435432,0.5000000000,0.5000000000,0.7248716830
2026-07-05T13:12:27Z,20260705T131224Z,4180,0.8308156933,1.0000000000,0.9522826136,0.6666666667,0.6666666667,0.8314937794
2026-07-05T13:12:27Z,20260705T131224Z,4181,1.0000000000,1.0000000000,0.9433092750,1.0000000000,1.0000000000,0.9886618550
2026-07-05T13:12:27Z,20260705T131224Z,4182,0.8178906433,1.0000000000,0.7112123231,0.6666666667,0.6666666667,0.7800484588
2026-07-05T13:12:27Z,20260705T131224Z,4183,0.7034222654,1.0000000000,0.6946636638,0.4000000000,0.4000000000,0.6547882991
2026-07-05T13:12:27Z,20260705T131224Z,4184,0.8683435189,1.0000000000,0.9135940140,0.7500000000,0.7500000000,0.8623046825
2026-07-05T13:12:27Z,20260705T131224Z,4185,0.7415433010,1.0000000000,0.6224770463,0.5000000000,0.5000000000,0.6848812345
2026-07-05T13:12:27Z,20260705T131224Z,4186,1.0000000000,1.0000000000,0.9320255939,1.0000000000,1.0000000000,0.9864051188
2026-07-05T13:12:27Z,20260705T131224Z,4187,1.0000000000,1.0000000000,0.9405180032,1.0000000000,1.0000000000,0.9881036006
2026-07-05T13:12:27Z,20260705T131224Z,4188,0.8178906433,1.0000000000,0.6551994567,0.6666666667,0.6666666667,0.7688458855
2026-07-05T13:12:27Z,20260705T131224Z,4189,0.8308156933,1.0000000000,0.8025111963,0.6666666667,0.6666666667,0.8015394959
2026-07-05T13:12:27Z,20260705T131224Z,4190,0.7869708545,1.0000000000,0.6124393789,0.7500000000,0.7500000000,0.7817305894
2026-07-05T13:12:27Z,20260705T131224Z,4191,0.8461736740,1.0000000000,0.6287489173,0.7500000000,0.7500000000,0.7997932020
2026-07-05T13:12:27Z,20260705T131224Z,4192,0.8556136734,1.0000000000,0.6852929136,0.7500000000,0.7500000000,0.8134620011
2026-07-05T13:12:27Z,20260705T131224Z,4193,0.8429356829,1.0000000000,0.5971307177,0.8000000000,0.8000000000,0.8101600642
2026-07-05T13:12:27Z,20260705T131224Z,4194,0.8072167355,1.0000000000,0.4358424424,0.6000000000,0.6000000000,0.6989726724
2026-07-05T13:12:27Z,20260705T131224Z,4195,0.8461736740,1.0000000000,0.6033590242,0.7500000000,0.7500000000,0.7947152233
2026-07-05T13:12:27Z,20260705T131224Z,4196,0.7254638286,1.0000000000,0.5615971623,0.5000000000,0.5000000000,0.6686853896
2026-07-05T13:12:27Z,20260705T131224Z,4197,0.7796750095,1.0000000000,0.6792093097,0.5000000000,0.5000000000,0.7057606143
2026-07-05T13:12:27Z,20260705T131224Z,4198,0.8650480845,1.0000000000,0.7930164331,0.7500000000,0.7500000000,0.8373653077
2026-07-05T13:12:27Z,20260705T131224Z,4199,0.8650480845,1.0000000000,0.8656204643,0.7500000000,0.7500000000,0.8518861140
2026-07-05T13:12:27Z,20260705T131224Z,4200,0.8683435189,1.0000000000,0.8919191329,0.7500000000,0.7500000000,0.8579697063
2026-07-05T13:12:27Z,20260705T131224Z,4201,0.8772872787,1.0000000000,0.5580634075,1.0000000000,1.0000000000,0.8809345012
2026-07-05T13:12:27Z,20260705T131224Z,4202,0.9389292606,1.0000000000,0.8596545658,1.0000000000,1.0000000000,0.9566632283
2026-07-05T13:12:27Z,20260705T131224Z,4203,0.8328538820,1.0000000000,0.4898509080,0.7500000000,0.7500000000,0.7686836521
2026-07-05T13:12:27Z,20260705T131224Z,4204,0.8683435189,1.0000000000,0.9313766130,0.7500000000,0.7500000000,0.8658612023
2026-07-05T13:12:27Z,20260705T131224Z,4205,0.8683435189,1.0000000000,0.9313766130,0.7500000000,0.7500000000,0.8658612023
2026-07-05T13:12:27Z,20260705T131224Z,4206,0.7847446552,1.0000000000,0.8665746522,0.6000000000,0.6000000000,0.7795010942
2026-07-05T13:12:27Z,20260705T131224Z,4207,0.8461736740,1.0000000000,0.8305931553,0.7500000000,0.7500000000,0.8401620496
2026-07-05T13:12:27Z,20260705T131224Z,4208,1.0000000000,1.0000000000,1.0000000000,1.0000000000,1.0000000000,1.0000000000
2026-07-05T13:12:27Z,20260705T131224Z,4209,0.9694646303,1.0000000000,0.9268136050,1.0000000000,1.0000000000,0.9777288786
2026-07-05T13:12:27Z,20260705T131224Z,4210,0.8048689313,1.0000000000,0.7316271316,0.6666666667,0.6666666667,0.7808759925
2026-07-05T13:12:27Z,20260705T131224Z,4211,0.8308156933,1.0000000000,0.9038524651,0.6666666667,0.6666666667,0.8218077497
2026-07-05T13:12:27Z,20260705T131224Z,4212,0.8308156933,1.0000000000,0.8986883744,0.6666666667,0.6666666667,0.8207749315
2026-07-05T13:12:27Z,20260705T131224Z,4213,0.7160887327,1.0000000000,0.2004982458,0.6666666667,0.6666666667,0.6524551657
2026-07-05T13:12:27Z,20260705T131224Z,4214,0.7575558929,1.0000000000,0.3701590487,0.6666666667,0.6666666667,0.6967541163
2026-07-05T13:12:27Z,20260705T131224Z,4215,0.9291181088,1.0000000000,0.6887869255,1.0000000000,1.0000000000,0.9200369123
2026-07-05T13:12:27Z,20260705T131224Z,4216,0.9291181088,1.0000000000,0.5302923444,1.0000000000,1.0000000000,0.8883379961
2026-07-05T13:12:27Z,20260705T131224Z,4217,0.9291181088,1.0000000000,0.5302923444,1.0000000000,1.0000000000,0.8883379961
2026-07-05T13:12:27Z,20260705T131224Z,4218,1.0000000000,1.0000000000,0.9377851185,1.0000000000,1.0000000000,0.9875570237
2026-07-05T13:12:27Z,20260705T131224Z,4219,1.0000000000,1.0000000000,0.9377851185,1.0000000000,1.0000000000,0.9875570237
2026-07-05T13:12:27Z,20260705T131224Z,4220,1.0000000000,1.0000000000,0.8304986811,1.0000000000,1.0000000000,0.9660997362
2026-07-05T13:12:27Z,20260705T131224Z,4221,1.0000000000,1.0000000000,0.8903799229,1.0000000000,1.0000000000,0.9780759846
2026-07-05T13:12:27Z,20260705T131224Z,4222,1.0000000000,1.0000000000,1.0000000000,1.0000000000,1.0000000000,1.0000000000
2026-07-05T13:12:27Z,20260705T131224Z,4223,0.7811646086,1.0000000000,0.7351073237,0.5000000000,0.5000000000,0.7173126169
2026-07-05T13:12:27Z,20260705T131224Z,4224,0.7770063851,1.0000000000,0.8001968713,0.6000000000,0.6000000000,0.7642909705
2026-07-05T13:12:27Z,20260705T131224Z,4225,0.8683435189,1.0000000000,0.8060112058,0.7500000000,0.7500000000,0.8407881209
2026-07-05T13:12:27Z,20260705T131224Z,4226,0.9389292606,1.0000000000,0.7186527585,1.0000000000,1.0000000000,0.9284628668
2026-07-05T13:12:27Z,20260705T131224Z,4227,0.8308156933,1.0000000000,0.6589975683,0.6666666667,0.6666666667,0.7728367703
2026-07-05T13:12:27Z,20260705T131224Z,4228,1.0000000000,1.0000000000,0.9511254961,1.0000000000,1.0000000000,0.9902250992
2026-07-05T13:12:27Z,20260705T131224Z,4229,1.0000000000,1.0000000000,0.9999999866,1.0000000000,1.0000000000,0.9999999973
2026-07-05T13:12:27Z,20260705T131224Z,4230,0.8178906433,1.0000000000,0.5391490121,0.6666666667,0.6666666667,0.7456357966
2026-07-05T13:12:27Z,20260705T131224Z,4231,0.8178906433,1.0000000000,0.7683668270,0.6666666667,0.6666666667,0.7914793595
2026-07-05T13:12:27Z,20260705T131224Z,4232,0.8178906433,1.0000000000,0.8341335128,0.6666666667,0.6666666667,0.8046326967
2026-07-05T13:12:27Z,20260705T131224Z,4233,0.9389292606,1.0000000000,0.7278856266,1.0000000000,1.0000000000,0.9303094405
2026-07-05T13:12:27Z,20260705T131224Z,4234,0.8224757615,1.0000000000,0.8883171307,0.7500000000,0.7500000000,0.8457823665
2026-07-05T13:12:27Z,20260705T131224Z,4235,0.9440929198,1.0000000000,0.7114428042,1.0000000000,1.0000000000,0.9283117908
2026-07-05T13:12:27Z,20260705T131224Z,4236,0.7104018881,1.0000000000,0.4144010383,0.6000000000,0.6000000000,0.6704806797
2026-07-05T13:12:27Z,20260705T131224Z,4237,0.8582423394,1.0000000000,0.5510176430,0.8000000000,0.8000000000,0.8047641134
2026-07-05T13:12:27Z,20260705T131224Z,4238,0.6224083293,1.0000000000,0.4173364344,0.3333333333,0.3333333333,0.5557360359
2026-07-05T13:12:27Z,20260705T131224Z,4239,0.8308156933,1.0000000000,0.7998200406,0.6666666667,0.6666666667,0.8010012648
2026-07-05T13:12:27Z,20260705T131224Z,4240,0.8308156933,1.0000000000,0.9493633843,0.6666666667,0.6666666667,0.8309099335
2026-07-05T13:12:27Z,20260705T131224Z,4241,0.8178906433,1.0000000000,0.7071741901,0.6666666667,0.6666666667,0.7792408322
2026-07-05T13:12:27Z,20260705T131224Z,4242,0.8178906433,1.0000000000,0.8341379724,0.6666666667,0.6666666667,0.8046335886
2026-07-05T13:12:27Z,20260705T131224Z,4243,0.8308156933,1.0000000000,0.7343189922,0.6666666667,0.6666666667,0.7879010551
2026-07-05T13:12:27Z,20260705T131224Z,4244,0.8308156933,1.0000000000,0.8645991675,0.6666666667,0.6666666667,0.8139570902
2026-07-05T13:12:27Z,20260705T131224Z,4245,0.7496918975,1.0000000000,0.8456096151,0.5000000000,0.5000000000,0.7315448974
2026-07-05T13:12:27Z,20260705T131224Z,4246,0.8308156933,1.0000000000,0.8383998770,0.6666666667,0.6666666667,0.8087172320
2026-07-05T13:12:27Z,20260705T131224Z,4247,1.0000000000,1.0000000000,0.6591413331,1.0000000000,1.0000000000,0.9318282666
2026-07-05T13:12:27Z,20260705T131224Z,4248,0.7677204728,1.0000000000,0.9665245833,0.5000000000,0.5000000000,0.7602350349
2026-07-05T13:12:27Z,20260705T131224Z,4249,0.6968385816,1.0000000000,0.3743340836,0.5000000000,0.5000000000,0.6240764621
2026-07-05T13:12:27Z,20260705T131224Z,4250,0.8178906433,1.0000000000,0.4479661730,0.6666666667,0.6666666667,0.7273992288
2026-07-05T13:12:27Z,20260705T131224Z,4251,0.8308156933,1.0000000000,0.6363125708,0.6666666667,0.6666666667,0.7682997708
2026-07-05T13:12:27Z,20260705T131224Z,4252,1.0000000000,1.0000000000,0.8212131517,1.0000000000,1.0000000000,0.9642426303
2026-07-05T13:12:27Z,20260705T131224Z,4253,0.9291181088,1.0000000000,0.5155242336,1.0000000000,1.0000000000,0.8853843739
2026-07-05T13:12:27Z,20260705T131224Z,4254,0.9291181088,1.0000000000,0.5722149587,1.0000000000,1.0000000000,0.8967225189
2026-07-05T13:12:27Z,20260705T131224Z,4255,0.9291181088,1.0000000000,0.6887869255,1.0000000000,1.0000000000,0.9200369123
2026-07-05T13:12:27Z,20260705T131224Z,4256,0.8178906433,1.0000000000,0.7758992956,0.6666666667,0.6666666667,0.7929858533
2026-07-05T13:12:27Z,20260705T131224Z,4257,1.0000000000,1.0000000000,0.9283398159,1.0000000000,1.0000000000,0.9856679632
2026-07-05T13:12:27Z,20260705T131224Z,4258,0.8178906433,1.0000000000,0.6179295153,0.6666666667,0.6666666667,0.7613918972
2026-07-05T13:12:27Z,20260705T131224Z,4259,1.0000000000,1.0000000000,0.8834280332,1.0000000000,1.0000000000,0.9766856066
2026-07-05T13:12:27Z,20260705T131224Z,4260,0.8178906433,1.0000000000,0.7700460733,0.6666666667,0.6666666667,0.7918152088
2026-07-05T13:12:27Z,20260705T131224Z,4261,0.8178906433,1.0000000000,0.6551994567,0.6666666667,0.6666666667,0.7688458855
2026-07-05T13:12:27Z,20260705T131224Z,4262,0.7094030901,1.0000000000,0.2944229652,0.5000000000,0.5000000000,0.6112353656
2026-07-05T13:12:27Z,20260705T131224Z,4263,1.0000000000,1.0000000000,1.0000000000,1.0000000000,1.0000000000,1.0000000000
2026-07-05T13:12:27Z,20260705T131224Z,4264,0.7295870522,1.0000000000,0.7654537064,0.5000000000,0.5000000000,0.7104875043
2026-07-05T13:12:27Z,20260705T131224Z,4265,0.8308156933,1.0000000000,0.9061066109,0.6666666667,0.6666666667,0.8222585788
2026-07-05T13:12:27Z,20260705T131224Z,4266,0.8308156933,1.0000000000,0.9061066109,0.6666666667,0.6666666667,0.8222585788
2026-07-05T13:12:27Z,20260705T131224Z,4267,1.0000000000,1.0000000000,0.9470706479,1.0000000000,1.0000000000,0.9894141296
2026-07-05T13:12:27Z,20260705T131224Z,4268,0.9291181088,1.0000000000,0.4096655294,1.0000000000,1.0000000000,0.8642126331
2026-07-05T13:12:27Z,20260705T131224Z,4269,0.7796750095,1.0000000000,0.5121852061,0.5000000000,0.5000000000,0.6723557936
2026-07-05T13:12:27Z,20260705T131224Z,4270,0.8556136734,1.0000000000,0.6489322435,0.7500000000,0.7500000000,0.8061898671
2026-07-05T13:12:27Z,20260705T131224Z,4271,0.7415433010,1.0000000000,0.6069296219,0.5000000000,0.5000000000,0.6817717496
2026-07-05T13:12:27Z,20260705T131224Z,4272,0.7496918975,1.0000000000,0.8048446515,0.5000000000,0.5000000000,0.7233919047
2026-07-05T13:12:27Z,20260705T131224Z,4273,0.9389292606,1.0000000000,0.7662212177,1.0000000000,1.0000000000,0.9379765587
2026-07-05T13:12:27Z,20260705T131224Z,4274,0.9389292606,1.0000000000,0.7371896526,1.0000000000,1.0000000000,0.9321702457
2026-07-05T13:12:27Z,20260705T131224Z,4275,0.8308156933,1.0000000000,0.7706049291,0.6666666667,0.6666666667,0.7951582425
2026-07-05T13:12:27Z,20260705T131224Z,4276,0.7895834242,1.0000000000,0.7008183223,0.5000000000,0.5000000000,0.7125595205
2026-07-05T13:12:27Z,20260705T131224Z,4277,0.6743822770,1.0000000000,0.5861523018,0.4000000000,0.4000000000,0.6258260296
2026-07-05T13:12:27Z,20260705T131224Z,4278,0.6696017451,1.0000000000,0.5166319167,0.4000000000,0.4000000000,0.6107268196
2026-07-05T13:12:27Z,20260705T131224Z,4279,0.7876837595,1.0000000000,0.8561599338,0.5000000000,0.5000000000,0.7431529266
2026-07-05T13:12:27Z,20260705T131224Z,4280,0.8178906433,1.0000000000,0.4911620371,0.6666666667,0.6666666667,0.7360384016
2026-07-05T13:12:27Z,20260705T131224Z,4281,0.8461736740,1.0000000000,0.9265197498,0.7500000000,0.7500000000,0.8593473684
2026-07-05T13:12:27Z,20260705T131224Z,4282,0.6369155281,1.0000000000,0.6718438083,0.3333333333,0.3333333333,0.6102643104
2026-07-05T13:12:27Z,20260705T131224Z,4283,0.6498738620,1.0000000000,0.6039681826,0.4000000000,0.4000000000,0.6232621020
2026-07-05T13:12:27Z,20260705T131224Z,4284,1.0000000000,1.0000000000,0.7630752111,1.0000000000,1.0000000000,0.9526150422
2026-07-05T13:12:27Z,20260705T131224Z,4285,0.6624500968,1.0000000000,0.4063928910,0.5000000000,0.5000000000,0.6218911024
2026-07-05T13:12:27Z,20260705T131224Z,4286,0.6624500968,1.0000000000,0.4494444151,0.5000000000,0.5000000000,0.6305014072
2026-07-05T13:12:27Z,20260705T131224Z,4287,0.5439435634,1.0000000000,0.4313060306,0.2000000000,0.2000000000,0.4922470970
2026-07-05T13:12:27Z,20260705T131224Z,4288,0.5439435634,1.0000000000,0.3912079900,0.2000000000,0.2000000000,0.4842274889
2026-07-05T13:12:27Z,20260705T131224Z,4289,0.7778850527,1.0000000000,0.7277374061,0.6666666667,0.6666666667,0.7733520777
2026-07-05T13:12:27Z,20260705T131224Z,4290,0.7160887327,1.0000000000,0.4161769028,0.6666666667,0.6666666667,0.6955908971
2026-07-05T13:12:27Z,20260705T131224Z,4291,0.6290805998,1.0000000000,0.1919411414,0.5000000000,0.5000000000,0.5706583782
2026-07-05T13:12:27Z,20260705T131224Z,4292,0.7101383926,1.0000000000,0.1683595225,0.7500000000,0.7500000000,0.6737065027
2026-07-05T13:12:27Z,20260705T131224Z,4293,0.5608126940,1.0000000000,0.0775295868,0.4000000000,0.4000000000,0.4957090909
2026-07-05T13:12:27Z,20260705T131224Z,4294,0.9694646303,1.0000000000,0.8181484056,1.0000000000,1.0000000000,0.9559958387
2026-07-05T13:12:27Z,20260705T131224Z,4295,0.9189432581,1.0000000000,0.6784261495,1.0000000000,1.0000000000,0.9154210444
2026-07-05T13:12:27Z,20260705T131224Z,4296,0.8892706552,1.0000000000,0.5015212000,1.0000000000,1.0000000000,0.8726219038
2026-07-05T13:12:27Z,20260705T131224Z,4297,0.8556136734,1.0000000000,0.7773532233,0.7500000000,0.7500000000,0.8318740630
2026-07-05T13:12:27Z,20260705T131224Z,4298,0.6619963639,1.0000000000,0.5310534444,0.4000000000,0.4000000000,0.6117097798
2026-07-05T13:12:27Z,20260705T131224Z,4299,0.6444992497,1.0000000000,0.3762031183,0.4000000000,0.4000000000,0.5763654361
2026-07-05T13:12:27Z,20260705T131224Z,4300,0.7497579933,1.0000000000,0.5230518429,0.6000000000,0.6000000000,0.7020498669
2026-07-05T13:12:27Z,20260705T131224Z,4301,0.8148276554,1.0000000000,0.6007949559,0.7500000000,0.7500000000,0.7863659050
2026-07-05T13:12:27Z,20260705T131224Z,4302,0.8892706552,1.0000000000,0.5409390555,1.0000000000,1.0000000000,0.8805054749
2026-07-05T13:12:27Z,20260705T131224Z,4303,0.8772872787,1.0000000000,0.2455998033,1.0000000000,1.0000000000,0.8184417803
2026-07-05T13:12:27Z,20260705T131224Z,4304,0.9389292606,1.0000000000,0.6305385707,1.0000000000,1.0000000000,0.9108400293
2026-07-05T13:12:27Z,20260705T131224Z,4305,0.6290805998,1.0000000000,0.2469644835,0.5000000000,0.5000000000,0.5816630467
2026-07-05T13:12:27Z,20260705T131224Z,4306,0.7248934060,1.0000000000,0.4636964075,0.6666666667,0.6666666667,0.7072959663
2026-07-05T13:12:27Z,20260705T131224Z,4307,0.7216876901,1.0000000000,0.3831265486,0.6666666667,0.6666666667,0.6903805656
2026-07-05T13:12:27Z,20260705T131224Z,4308,0.9468867573,1.0000000000,0.8024038760,1.0000000000,1.0000000000,0.9472024645
2026-07-05T13:12:27Z,20260705T131224Z,4309,0.7375521961,1.0000000000,0.5067992099,0.6666666667,0.6666666667,0.7190812244
2026-07-05T13:12:27Z,20260705T131224Z,4310,0.5814457004,1.0000000000,0.0991866202,0.3333333333,0.3333333333,0.4818654158
2026-07-05T13:12:27Z,20260705T131224Z,4311,1.0000000000,1.0000000000,0.9433092750,1.0000000000,1.0000000000,0.9886618550
2026-07-05T13:12:27Z,20260705T131224Z,4312,0.8308156933,1.0000000000,0.7921695959,0.6666666667,0.6666666667,0.7994711758
2026-07-05T13:12:27Z,20260705T131224Z,4313,0.6102407817,1.0000000000,0.2398090545,0.5000000000,0.5000000000,0.5755220063
2026-07-05T13:12:27Z,20260705T131224Z,4314,0.7496918975,1.0000000000,0.6822866790,0.5000000000,0.5000000000,0.6988803102
2026-07-05T13:12:27Z,20260705T131224Z,4315,0.8938939633,1.0000000000,0.6126991371,1.0000000000,1.0000000000,0.8960133182
2026-07-05T13:12:27Z,20260705T131224Z,4316,0.8938939633,1.0000000000,0.6059690779,1.0000000000,1.0000000000,0.8946673064
2026-07-05T13:12:27Z,20260705T131224Z,4317,0.8683435189,1.0000000000,0.8943241295,0.7500000000,0.7500000000,0.8584507056
2026-07-05T13:12:27Z,20260705T131224Z,4318,0.8224757615,1.0000000000,0.4284142751,0.7500000000,0.7500000000,0.7538017954
2026-07-05T13:12:27Z,20260705T131224Z,4319,0.7623666500,1.0000000000,0.2986500319,0.6000000000,0.6000000000,0.6603216689
2026-07-05T13:12:27Z,20260705T131224Z,4320,0.7860231941,1.0000000000,0.6870380156,0.6000000000,0.6000000000,0.7439134016
2026-07-05T13:12:27Z,20260705T131224Z,4321,1.0000000000,1.0000000000,0.8737912607,1.0000000000,1.0000000000,0.9747582521
2026-07-05T13:12:27Z,20260705T131224Z,4322,0.8556136734,1.0000000000,0.6372931787,0.7500000000,0.7500000000,0.8038620541
2026-07-05T13:12:27Z,20260705T131224Z,4323,1.0000000000,1.0000000000,0.9301656355,1.0000000000,1.0000000000,0.9860331271
2026-07-05T13:12:27Z,20260705T131224Z,4324,0.8466277612,1.0000000000,0.5922308311,0.7500000000,0.7500000000,0.7926031065
2026-07-05T13:12:27Z,20260705T131224Z,4325,0.8892706552,1.0000000000,0.3160009859,1.0000000000,1.0000000000,0.8355178610
2026-07-05T13:12:27Z,20260705T131224Z,4326,0.8296522562,1.0000000000,0.5378800436,0.7500000000,0.7500000000,0.7774890728
2026-07-05T13:12:27Z,20260705T131224Z,4327,0.8321486825,1.0000000000,0.6847579516,0.7500000000,0.7500000000,0.8074887609
2026-07-05T13:12:27Z,20260705T131224Z,4328,0.8650480845,1.0000000000,0.8180303474,0.7500000000,0.7500000000,0.8423680906
2026-07-05T13:12:27Z,20260705T131224Z,4329,0.8556136734,1.0000000000,0.5248727277,0.7500000000,0.7500000000,0.7813779639
2026-07-05T13:12:27Z,20260705T131224Z,4330,0.8556136734,1.0000000000,0.6218822437,0.7500000000,0.7500000000,0.8007798671
2026-07-05T13:12:27Z,20260705T131224Z,4331,0.7305751109,1.0000000000,0.4836247561,0.5000000000,0.5000000000,0.6543687289
2026-07-05T13:12:27Z,20260705T131224Z,4332,0.8308156933,1.0000000000,0.9092703219,0.6666666667,0.6666666667,0.8228913210
2026-07-05T13:12:27Z,20260705T131224Z,4333,0.8556136734,1.0000000000,0.6476172626,0.7500000000,0.7500000000,0.8059268709
2026-07-05T13:12:27Z,20260705T131224Z,4334,0.8556136734,1.0000000000,0.6476172626,0.7500000000,0.7500000000,0.8059268709
2026-07-05T13:12:27Z,20260705T131224Z,4335,0.8224757615,1.0000000000,0.2525912202,0.7500000000,0.7500000000,0.7186371844
2026-07-05T13:12:27Z,20260705T131224Z,4336,0.6949824946,1.0000000000,0.2326565496,0.5000000000,0.5000000000,0.5952769336
2026-07-05T13:12:27Z,20260705T131224Z,4337,0.7796750095,1.0000000000,0.7035001341,0.5000000000,0.5000000000,0.7106187792
2026-07-05T13:12:27Z,20260705T131224Z,4338,0.7796750095,1.0000000000,0.7035001341,0.5000000000,0.5000000000,0.7106187792
2026-07-05T13:12:27Z,20260705T131224Z,4339,1.0000000000,1.0000000000,0.8779038767,1.0000000000,1.0000000000,0.9755807753
2026-07-05T13:12:27Z,20260705T131224Z,4340,0.7575558929,1.0000000000,0.3758559201,0.6666666667,0.6666666667,0.6978934906
2026-07-05T13:12:27Z,20260705T131224Z,4341,0.9389292606,1.0000000000,0.7782796138,1.0000000000,1.0000000000,0.9403882379
2026-07-05T13:12:27Z,20260705T131224Z,4342,0.7415433010,1.0000000000,0.5654675315,0.5000000000,0.5000000000,0.6734793315
2026-07-05T13:12:27Z,20260705T131224Z,4343,0.7305030567,1.0000000000,0.4821016110,0.6000000000,0.6000000000,0.6890460864
2026-07-05T13:12:27Z,20260705T131224Z,4344,0.7611707559,1.0000000000,0.5066650011,0.4000000000,0.4000000000,0.6316256892
2026-07-05T13:12:27Z,20260705T131224Z,4345,0.7877679844,1.0000000000,0.4049742490,0.6666666667,0.6666666667,0.7112701792
2026-07-05T13:12:27Z,20260705T131224Z,4346,0.9694646303,1.0000000000,0.8718857587,1.0000000000,1.0000000000,0.9667433093
2026-07-05T13:12:27Z,20260705T131224Z,4347,0.8349916978,1.0000000000,0.7743294447,0.7500000000,0.7500000000,0.8261138134
2026-07-05T13:12:27Z,20260705T131224Z,4348,0.7847446552,1.0000000000,0.9020836970,0.6000000000,0.6000000000,0.7866029032
2026-07-05T13:12:27Z,20260705T131224Z,4349,0.7895834242,1.0000000000,0.8837653351,0.5000000000,0.5000000000,0.7491489231
2026-07-05T13:12:27Z,20260705T131224Z,4350,0.8178906433,1.0000000000,0.6324211459,0.6666666667,0.6666666667,0.7642902233
2026-07-05T13:12:27Z,20260705T131224Z,4351,0.8178906433,1.0000000000,0.5918170423,0.6666666667,0.6666666667,0.7561694026
2026-07-05T13:12:27Z,20260705T131224Z,4352,0.7796750095,1.0000000000,0.6869483605,0.5000000000,0.5000000000,0.7073084245
2026-07-05T13:12:27Z,20260705T131224Z,4353,0.7796750095,1.0000000000,0.6389035828,0.5000000000,0.5000000000,0.6976994689
2026-07-05T13:12:27Z,20260705T131224Z,4354,1.0000000000,1.0000000000,1.0000000000,1.0000000000,1.0000000000,1.0000000000
2026-07-05T13:12:27Z,20260705T131224Z,4355,0.7575558929,1.0000000000,0.4584429025,0.6666666667,0.6666666667,0.7144108871
2026-07-05T13:12:27Z,20260705T131224Z,4356,0.6743822770,1.0000000000,0.5295312547,0.4000000000,0.4000000000,0.6145018202
2026-07-05T13:12:27Z,20260705T131224Z,4357,0.8466277612,1.0000000000,0.7620365107,0.7500000000,0.7500000000,0.8265642424
2026-07-05T13:12:27Z,20260705T131224Z,4358,0.7988410445,1.0000000000,0.6666666667,0.6666666667,0.6666666667,0.7663769278
2026-07-05T13:12:27Z,20260705T131224Z,4359,0.8274928135,1.0000000000,0.8789622817,0.6666666667,0.6666666667,0.8159989930
2026-07-05T13:12:27Z,20260705T131224Z,4360,0.6076561704,1.0000000000,0.1011506532,0.5000000000,0.5000000000,0.5471441733
2026-07-05T13:12:27Z,20260705T131224Z,4361,0.6458731984,1.0000000000,0.1220005749,0.5000000000,0.5000000000,0.5608684146
2026-07-05T13:12:27Z,20260705T131224Z,4362,0.8308156933,1.0000000000,0.9023267692,0.6666666667,0.6666666667,0.8215026105
2026-07-05T13:12:27Z,20260705T131224Z,4363,0.7554158774,1.0000000000,0.5682873230,0.5000000000,0.5000000000,0.6775114340
2026-07-05T13:12:27Z,20260705T131224Z,4364,0.8461736740,1.0000000000,0.7523246450,0.7500000000,0.7500000000,0.8245083475
2026-07-05T13:12:27Z,20260705T131224Z,4365,0.9189432581,1.0000000000,0.7405293845,1.0000000000,1.0000000000,0.9278416914
2026-07-05T13:12:27Z,20260705T131224Z,4366,1.0000000000,1.0000000000,0.9999999905,1.0000000000,1.0000000000,0.9999999981
2026-07-05T13:12:27Z,20260705T131224Z,4367,0.7877679844,1.0000000000,0.4981275781,0.6666666667,0.6666666667,0.7299008451
2026-07-05T13:12:27Z,20260705T131224Z,4368,0.5814457004,1.0000000000,0.0488745039,0.3333333333,0.3333333333,0.4718029926
2026-07-05T13:12:27Z,20260705T131224Z,4369,0.8308156933,1.0000000000,0.7230697624,0.6666666667,0.6666666667,0.7856512091
2026-07-05T13:12:27Z,20260705T131224Z,4370,0.8892706552,1.0000000000,0.5370180781,1.0000000000,1.0000000000,0.8797212794
2026-07-05T13:12:27Z,20260705T131224Z,4371,0.7216876901,1.0000000000,0.3297179448,0.6666666667,0.6666666667,0.6796988448
2026-07-05T13:12:27Z,20260705T131224Z,4372,0.8308156933,1.0000000000,0.9578593300,0.6666666667,0.6666666667,0.8326091226
2026-07-05T13:12:27Z,20260705T131224Z,4373,0.6878860804,1.0000000000,0.8734195631,0.3333333333,0.3333333333,0.6633220994
2026-07-05T13:12:27Z,20260705T131224Z,4374,0.7737924475,1.0000000000,0.9037716032,0.4000000000,0.4000000000,0.7142024325
2026-07-05T13:12:27Z,20260705T131224Z,4375,0.8308156933,1.0000000000,0.9551503268,0.6666666667,0.6666666667,0.8320673220
2026-07-05T13:12:27Z,20260705T131224Z,4376,0.7309729266,1.0000000000,0.6089789410,0.5000000000,0.5000000000,0.6795390198
2026-07-05T13:12:27Z,20260705T131224Z,4377,0.7988410445,1.0000000000,0.6454387150,0.6666666667,0.6666666667,0.7621313375
2026-07-05T13:12:27Z,20260705T131224Z,4378,0.9645590544,1.0000000000,0.7048327647,1.0000000000,1.0000000000,0.9321063165
2026-07-05T13:12:27Z,20260705T131224Z,4379,0.7699465438,1.0000000000,0.8090233689,0.4000000000,0.4000000000,0.6942913097
2026-07-05T13:12:27Z,20260705T131224Z,4380,0.8358978213,1.0000000000,0.8877960081,0.6000000000,0.6000000000,0.7965336569
2026-07-05T13:12:27Z,20260705T131224Z,4381,1.0000000000,1.0000000000,0.8926984227,1.0000000000,1.0000000000,0.9785396845
2026-07-05T13:12:27Z,20260705T131224Z,4382,1.0000000000,1.0000000000,0.8804660704,1.0000000000,1.0000000000,0.9760932141
2026-07-05T13:12:27Z,20260705T131224Z,4383,0.9389292606,1.0000000000,0.7371896526,1.0000000000,1.0000000000,0.9321702457
2026-07-05T13:12:27Z,20260705T131224Z,4384,0.8126140003,1.0000000000,0.8283775295,0.7500000000,0.7500000000,0.8313290060
2026-07-05T13:12:27Z,20260705T131224Z,4385,0.7895834242,1.0000000000,0.7183137791,0.5000000000,0.5000000000,0.7160586119
2026-07-05T13:12:27Z,20260705T131224Z,4386,1.0000000000,1.0000000000,0.8304986811,1.0000000000,1.0000000000,0.9660997362
2026-07-05T13:12:27Z,20260705T131224Z,4387,0.8178906433,1.0000000000,0.7700460733,0.6666666667,0.6666666667,0.7918152088
2026-07-05T13:12:27Z,20260705T131224Z,4388,0.8274928135,1.0000000000,0.8899806873,0.6666666667,0.6666666667,0.8182026742
2026-07-05T13:12:27Z,20260705T131224Z,4389,0.7988410445,1.0000000000,0.5342403695,0.6666666667,0.6666666667,0.7398916684
2026-07-05T13:12:27Z,20260705T131224Z,4390,0.8048689313,1.0000000000,0.7749026563,0.6666666667,0.6666666667,0.7895310974
2026-07-05T13:12:27Z,20260705T131224Z,4391,0.9291181088,1.0000000000,0.5155242336,1.0000000000,1.0000000000,0.8853843739
2026-07-05T13:12:27Z,20260705T131224Z,4392,1.0000000000,1.0000000000,0.9433092750,1.0000000000,1.0000000000,0.9886618550
2026-07-05T13:12:27Z,20260705T131224Z,4393,1.0000000000,1.0000000000,0.7190225749,1.0000000000,1.0000000000,0.9438045150
2026-07-05T13:12:27Z,20260705T131224Z,4394,0.8048689313,1.0000000000,0.9646740990,0.6666666667,0.6666666667,0.8274853860
2026-07-05T13:12:27Z,20260705T131224Z,4395,0.7233498105,1.0000000000,0.9500849642,0.3333333333,0.3333333333,0.6875211121
2026-07-05T13:12:27Z,20260705T131224Z,4396,0.7677204728,1.0000000000,0.7422378832,0.5000000000,0.5000000000,0.7153776948
2026-07-05T13:12:27Z,20260705T131224Z,4397,0.6666666667,1.0000000000,0.7204966064,0.3333333333,0.3333333333,0.6274326546
2026-07-05T13:12:27Z,20260705T131224Z,4398,0.6666666667,1.0000000000,0.8839199776,0.3333333333,0.3333333333,0.6601173289
2026-07-05T13:12:27Z,20260705T131224Z,4399,0.6251540513,1.0000000000,0.8462067276,0.2500000000,0.2500000000,0.6130298583
2026-07-05T13:12:27Z,20260705T131224Z,4400,0.7221149473,1.0000000000,0.8498246549,0.3333333333,0.3333333333,0.6671603345
2026-07-05T13:12:27Z,20260705T131224Z,4401,0.7221149473,1.0000000000,0.7213875578,0.3333333333,0.3333333333,0.6414729150
2026-07-05T13:12:27Z,20260705T131224Z,4402,0.6251540513,1.0000000000,0.7013547054,0.2500000000,0.2500000000,0.5840594539
2026-07-05T13:12:27Z,20260705T131224Z,4403,0.8308156933,1.0000000000,0.8910174787,0.6666666667,0.6666666667,0.8192407524
2026-07-05T13:12:27Z,20260705T131224Z,4404,0.9389292606,1.0000000000,0.9010489915,1.0000000000,1.0000000000,0.9649421135
2026-07-05T13:12:27Z,20260705T131224Z,4405,0.7496918975,1.0000000000,0.8959948606,0.5000000000,0.5000000000,0.7416219465
2026-07-05T13:12:27Z,20260705T131224Z,4406,0.6806608889,1.0000000000,0.9256057529,0.4000000000,0.4000000000,0.6952863728
2026-07-05T13:12:27Z,20260705T131224Z,4407,0.7038845844,1.0000000000,0.9353608262,0.2500000000,0.2500000000,0.6505433113
2026-07-05T13:12:27Z,20260705T131224Z,4408,0.7233498105,1.0000000000,0.8886112460,0.3333333333,0.3333333333,0.6752263685
2026-07-05T13:12:27Z,20260705T131224Z,4409,0.6257641301,1.0000000000,0.6679454418,0.2500000000,0.2500000000,0.5775301209
2026-07-05T13:12:27Z,20260705T131224Z,4410,1.0000000000,1.0000000000,0.8415054189,1.0000000000,1.0000000000,0.9683010838
2026-07-05T13:12:27Z,20260705T131224Z,4411,0.8308156933,1.0000000000,0.9578593300,0.6666666667,0.6666666667,0.8326091226
2026-07-05T13:12:27Z,20260705T131224Z,4412,0.7743054762,1.0000000000,0.8249148428,0.7500000000,0.7500000000,0.8210593376
2026-07-05T13:12:27Z,20260705T131224Z,4413,0.7911717252,1.0000000000,0.8908243304,0.5000000000,0.5000000000,0.7509577974
2026-07-05T13:12:27Z,20260705T131224Z,4414,1.0000000000,1.0000000000,1.0000000000,1.0000000000,1.0000000000,1.0000000000
2026-07-05T13:12:27Z,20260705T131224Z,4415,0.6251540513,1.0000000000,0.9102991883,0.2500000000,0.2500000000,0.6258483505
2026-07-05T13:12:27Z,20260705T131224Z,4416,0.6251540513,1.0000000000,0.9102991883,0.2500000000,0.2500000000,0.6258483505
2026-07-05T13:12:27Z,20260705T131224Z,4417,1.0000000000,1.0000000000,0.8286426520,1.0000000000,1.0000000000,0.9657285304
2026-07-05T13:12:27Z,20260705T131224Z,4418,0.7778850527,1.0000000000,0.7979759865,0.6666666667,0.6666666667,0.7873997938
2026-07-05T13:12:27Z,20260705T131224Z,4419,0.7107144013,1.0000000000,0.7056269420,0.5000000000,0.5000000000,0.6938039887
2026-07-05T13:12:27Z,20260705T131224Z,4420,0.8683435189,1.0000000000,0.8938864043,0.7500000000,0.7500000000,0.8583631606
2026-07-05T13:12:27Z,20260705T131224Z,4421,0.7101383926,1.0000000000,0.6650292459,0.4000000000,0.4000000000,0.6505404473
2026-07-05T13:12:27Z,20260705T131224Z,4422,0.7107144013,1.0000000000,0.8837460476,0.5000000000,0.5000000000,0.7294278098
2026-07-05T13:12:27Z,20260705T131224Z,4423,0.8308156933,1.0000000000,0.9384884944,0.6666666667,0.6666666667,0.8287349555
2026-07-05T13:12:27Z,20260705T131224Z,4424,0.8048689313,1.0000000000,0.9209582315,0.6666666667,0.6666666667,0.8187422125
2026-07-05T13:12:27Z,20260705T131224Z,4425,0.7233498105,1.0000000000,0.8886112460,0.3333333333,0.3333333333,0.6752263685
2026-07-05T13:12:27Z,20260705T131224Z,4426,0.7221149473,1.0000000000,0.7776398117,0.3333333333,0.3333333333,0.6527233658
2026-07-05T13:12:27Z,20260705T131224Z,4427,0.6251540513,1.0000000000,0.6636490506,0.2500000000,0.2500000000,0.5765183229
2026-07-05T13:12:27Z,20260705T131224Z,4428,1.0000000000,1.0000000000,0.7757132999,1.0000000000,1.0000000000,0.9551426600
2026-07-05T13:12:27Z,20260705T131224Z,4429,0.7677204728,1.0000000000,0.9665245833,0.5000000000,0.5000000000,0.7602350349
2026-07-05T13:12:27Z,20260705T131224Z,4430,0.7677204728,1.0000000000,0.9665245833,0.5000000000,0.5000000000,0.7602350349
2026-07-05T13:12:27Z,20260705T131224Z,4431,0.7677204728,1.0000000000,0.9665245833,0.5000000000,0.5000000000,0.7602350349
2026-07-05T13:12:27Z,20260705T131224Z,4432,0.9999999953,1.0000000000,1.0000000000,1.0000000000,1.0000000000,0.9999999988
2026-07-05T13:12:27Z,20260705T131224Z,4433,0.9999999953,1.0000000000,1.0000000000,1.0000000000,1.0000000000,0.9999999988
2026-07-05T13:12:27Z,20260705T131224Z,4434,0.9999999953,1.0000000000,1.0000000000,1.0000000000,1.0000000000,0.9999999988
2026-07-05T13:12:27Z,20260705T131224Z,4435,0.7677204728,1.0000000000,0.9665245833,0.5000000000,0.5000000000,0.7602350349
2026-07-05T13:12:27Z,20260705T131224Z,4436,0.6251540513,1.0000000000,0.9102991883,0.2500000000,0.2500000000,0.6258483505
2026-07-05T13:12:27Z,20260705T131224Z,4437,0.7415433010,1.0000000000,0.3043459179,0.5000000000,0.5000000000,0.6212550088
2026-07-05T13:12:27Z,20260705T131224Z,4438,0.7869708545,1.0000000000,0.3846687599,0.7500000000,0.7500000000,0.7361764656
2026-07-05T13:12:27Z,20260705T131224Z,4439,0.7691695844,1.0000000000,0.8141144369,0.5000000000,0.5000000000,0.7301152835
2026-07-05T13:12:27Z,20260705T131224Z,4440,0.7525263750,1.0000000000,0.9093608425,0.5000000000,0.5000000000,0.7450037623
2026-07-05T13:12:27Z,20260705T131224Z,4441,0.5490847583,1.0000000000,0.6460338593,0.1666666667,0.1666666667,0.5248112948
2026-07-05T13:12:27Z,20260705T131224Z,4442,0.6251540513,1.0000000000,0.6499334366,0.2500000000,0.2500000000,0.5737752001
2026-07-05T13:12:27Z,20260705T131224Z,4443,0.6251540513,1.0000000000,0.6595212582,0.2500000000,0.2500000000,0.5756927644
2026-07-05T13:12:27Z,20260705T131224Z,4444,0.8308156933,1.0000000000,0.9493633843,0.6666666667,0.6666666667,0.8309099335
2026-07-05T13:12:27Z,20260705T131224Z,4445,1.0000000000,1.0000000000,0.8903799229,1.0000000000,1.0000000000,0.9780759846
2026-07-05T13:12:27Z,20260705T131224Z,4446,0.9291181088,1.0000000000,0.5192856065,1.0000000000,1.0000000000,0.8861366485
2026-07-05T13:12:27Z,20260705T131224Z,4447,0.6968385816,1.0000000000,0.3144528418,0.5000000000,0.5000000000,0.6121002138
2026-07-05T13:12:27Z,20260705T131224Z,4448,0.9999999953,1.0000000000,1.0000000000,1.0000000000,1.0000000000,0.9999999988
2026-07-05T13:12:27Z,20260705T131224Z,4449,0.6968385816,1.0000000000,0.2577621168,0.5000000000,0.5000000000,0.6007620688
2026-07-05T13:12:27Z,20260705T131224Z,4450,0.6968385816,1.0000000000,0.2577621168,0.5000000000,0.5000000000,0.6007620688
2026-07-05T13:12:27Z,20260705T131224Z,4451,0.9999999953,1.0000000000,1.0000000000,1.0000000000,1.0000000000,0.9999999988
2026-07-05T13:12:27Z,20260705T131224Z,4452,0.9999999953,1.0000000000,1.0000000000,1.0000000000,1.0000000000,0.9999999988
2026-07-05T13:12:27Z,20260705T131224Z,4453,0.7221149473,1.0000000000,0.9167411894,0.3333333333,0.3333333333,0.6805436414
2026-07-05T13:12:27Z,20260705T131224Z,4454,0.7778850527,1.0000000000,0.9254705402,0.6666666667,0.6666666667,0.8128987046
2026-07-05T13:12:27Z,20260705T131224Z,4455,0.6666666667,1.0000000000,0.9220336936,0.3333333333,0.3333333333,0.6677400721
2026-07-05T13:12:27Z,20260705T131224Z,4456,1.0000000000,1.0000000000,0.9144883142,1.0000000000,1.0000000000,0.9828976628
2026-07-05T13:12:27Z,20260705T131224Z,4457,1.0000000000,1.0000000000,0.8775171560,1.0000000000,1.0000000000,0.9755034312
2026-07-05T13:12:27Z,20260705T131224Z,4458,0.8048689313,1.0000000000,0.9646740990,0.6666666667,0.6666666667,0.8274853860
2026-07-05T13:12:27Z,20260705T131224Z,4459,0.8048689313,1.0000000000,0.9646740990,0.6666666667,0.6666666667,0.8274853860
2026-07-05T13:12:27Z,20260705T131224Z,4460,0.5857228750,1.0000000000,0.4641625467,0.2500000000,0.2500000000,0.5267632281
2026-07-05T13:12:27Z,20260705T131224Z,4461,0.7415433010,1.0000000000,0.6277513838,0.5000000000,0.5000000000,0.6859361020
2026-07-05T13:12:27Z,20260705T131224Z,4462,1.0000000000,1.0000000000,0.8609070358,1.0000000000,1.0000000000,0.9721814072
2026-07-05T13:12:27Z,20260705T131224Z,4463,0.8683435189,1.0000000000,0.9029097819,0.7500000000,0.7500000000,0.8601678361
2026-07-05T13:12:27Z,20260705T131224Z,4464,0.7002216302,1.0000000000,0.6205953846,0.2500000000,0.2500000000,0.5866744845
2026-07-05T13:12:27Z,20260705T131224Z,4465,0.7011185094,1.0000000000,0.9032887910,0.2500000000,0.2500000000,0.6434373856
2026-07-05T13:12:27Z,20260705T131224Z,4466,0.7911717252,1.0000000000,0.9357725134,0.5000000000,0.5000000000,0.7599474340
2026-07-05T13:12:27Z,20260705T131224Z,4467,0.6666666667,1.0000000000,0.8839199776,0.3333333333,0.3333333333,0.6601173289
2026-07-05T13:12:27Z,20260705T131224Z,4468,0.7677204728,1.0000000000,0.9665245833,0.5000000000,0.5000000000,0.7602350349
2026-07-05T13:12:27Z,20260705T131224Z,4469,0.7011185094,1.0000000000,0.7532482856,0.2500000000,0.2500000000,0.6134292845
2026-07-05T13:12:27Z,20260705T131224Z,4470,0.8461736740,1.0000000000,0.8672108516,0.7500000000,0.7500000000,0.8474855888
2026-07-05T13:12:27Z,20260705T131224Z,4471,0.7778850527,1.0000000000,0.7246414281,0.6666666667,0.6666666667,0.7727328821
2026-07-05T13:12:27Z,20260705T131224Z,4472,0.7778850527,1.0000000000,0.9185995894,0.6666666667,0.6666666667,0.8115245144
2026-07-05T13:12:27Z,20260705T131224Z,4473,0.8461736740,1.0000000000,0.8701687446,0.7500000000,0.7500000000,0.8480771674
2026-07-05T13:12:27Z,20260705T131224Z,4474,0.7110955233,1.0000000000,0.8455752009,0.4000000000,0.4000000000,0.6868889210
2026-07-05T13:12:27Z,20260705T131224Z,4475,0.8308156933,1.0000000000,0.9446321591,0.6666666667,0.6666666667,0.8299636885
2026-07-05T13:12:27Z,20260705T131224Z,4476,1.0000000000,1.0000000000,1.0000000000,1.0000000000,1.0000000000,1.0000000000
2026-07-05T13:12:27Z,20260705T131224Z,4477,0.6251540513,1.0000000000,0.7195129066,0.2500000000,0.2500000000,0.5876910941
2026-07-05T13:12:27Z,20260705T131224Z,4478,0.8178906433,1.0000000000,0.6471003434,0.6666666667,0.6666666667,0.7672260628
2026-07-05T13:12:27Z,20260705T131224Z,4479,0.6968385816,1.0000000000,0.3743340836,0.5000000000,0.5000000000,0.6240764621
2026-07-05T13:12:27Z,20260705T131224Z,4480,0.9999999953,1.0000000000,1.0000000000,1.0000000000,1.0000000000,0.9999999988
2026-07-05T13:12:27Z,20260705T131224Z,4481,0.9999999953,1.0000000000,1.0000000000,1.0000000000,1.0000000000,0.9999999988
2026-07-05T13:12:27Z,20260705T131224Z,4482,0.9999999953,1.0000000000,1.0000000000,1.0000000000,1.0000000000,0.9999999988
2026-07-05T13:12:27Z,20260705T131224Z,4483,0.7677204728,1.0000000000,0.9665245833,0.5000000000,0.5000000000,0.7602350349
2026-07-05T13:12:27Z,20260705T131224Z,4484,0.7677204728,1.0000000000,0.9665245833,0.5000000000,0.5000000000,0.7602350349
2026-07-05T13:12:27Z,20260705T131224Z,4485,0.9999999953,1.0000000000,1.0000000000,1.0000000000,1.0000000000,0.9999999988
2026-07-05T13:12:27Z,20260705T131224Z,4486,0.9999999953,1.0000000000,1.0000000000,1.0000000000,1.0000000000,0.9999999988
2026-07-05T13:12:27Z,20260705T131224Z,4487,0.7677204728,1.0000000000,0.9295534250,0.5000000000,0.5000000000,0.7528408032
2026-07-05T13:12:27Z,20260705T131224Z,4488,1.0000000000,1.0000000000,0.9144883142,1.0000000000,1.0000000000,0.9828976628
2026-07-05T13:12:27Z,20260705T131224Z,4489,1.0000000000,1.0000000000,0.8775171560,1.0000000000,1.0000000000,0.9755034312
2026-07-05T13:12:27Z,20260705T131224Z,4490,0.7525263750,1.0000000000,0.9471067961,0.5000000000,0.5000000000,0.7525529530
2026-07-05T13:12:27Z,20260705T131224Z,4491,0.6672130795,1.0000000000,0.9365319137,0.4000000000,0.4000000000,0.6941096526
2026-07-05T13:12:27Z,20260705T131224Z,4492,0.7149010414,1.0000000000,0.9501233359,0.5000000000,0.5000000000,0.7437499275
2026-07-05T13:12:27Z,20260705T131224Z,4493,0.7233498105,1.0000000000,0.9500849642,0.3333333333,0.3333333333,0.6875211121
2026-07-05T13:12:27Z,20260705T131224Z,4494,0.7677204728,1.0000000000,0.9665245833,0.5000000000,0.5000000000,0.7602350349
2026-07-05T13:12:27Z,20260705T131224Z,4495,1.0000000000,1.0000000000,1.0000000000,1.0000000000,1.0000000000,1.0000000000
2026-07-05T13:12:27Z,20260705T131224Z,4496,1.0000000000,1.0000000000,0.9222756411,1.0000000000,1.0000000000,0.9844551282
2026-07-05T13:12:27Z,20260705T131224Z,4497,0.7677204728,1.0000000000,0.8888002244,0.5000000000,0.5000000000,0.7446901631
2026-07-05T13:12:27Z,20260705T131224Z,4498,0.9999999953,1.0000000000,1.0000000000,1.0000000000,1.0000000000,0.9999999988
2026-07-05T13:12:27Z,20260705T131224Z,4499,0.7677204728,1.0000000000,0.6855471582,0.5000000000,0.5000000000,0.7040395498
2026-07-05T13:12:27Z,20260705T131224Z,4500,1.0000000000,1.0000000000,0.8903799229,1.0000000000,1.0000000000,0.9780759846
2026-07-05T13:12:27Z,20260705T131224Z,4501,0.6666666667,1.0000000000,0.7925436939,0.3333333333,0.3333333333,0.6418420721
2026-07-05T13:12:27Z,20260705T131224Z,4502,0.8048689313,1.0000000000,0.9646740990,0.6666666667,0.6666666667,0.8274853860
2026-07-05T13:12:27Z,20260705T131224Z,4503,0.6257641301,1.0000000000,0.9137210992,0.2500000000,0.2500000000,0.6266852524
2026-07-05T13:12:27Z,20260705T131224Z,4504,0.8308156933,1.0000000000,0.8961891502,0.6666666667,0.6666666667,0.8202750867
2026-07-05T13:12:27Z,20260705T131224Z,4505,0.7489891291,1.0000000000,0.8370344747,0.6000000000,0.6000000000,0.7646541772
2026-07-05T13:12:27Z,20260705T131224Z,4506,0.6956605018,1.0000000000,0.8261297738,0.6000000000,0.6000000000,0.7491410802
2026-07-05T13:12:27Z,20260705T131224Z,4507,0.6972020364,1.0000000000,0.8306696859,0.5000000000,0.5000000000,0.7154344463
2026-07-05T13:12:27Z,20260705T131224Z,4508,0.7297943644,1.0000000000,0.2982889031,0.7500000000,0.7500000000,0.7046063717
2026-07-05T13:12:27Z,20260705T131224Z,4509,0.7911717252,1.0000000000,0.9234227024,0.5000000000,0.5000000000,0.7574774718
2026-07-05T13:12:27Z,20260705T131224Z,4510,0.8308156933,1.0000000000,0.9418854513,0.6666666667,0.6666666667,0.8294143469
2026-07-05T13:12:27Z,20260705T131224Z,4511,1.0000000000,1.0000000000,0.8563531705,1.0000000000,1.0000000000,0.9712706341
2026-07-05T13:12:27Z,20260705T131224Z,4512,0.8308156933,1.0000000000,0.9446321591,0.6666666667,0.6666666667,0.8299636885
2026-07-05T13:12:27Z,20260705T131224Z,4513,0.9291181088,1.0000000000,0.4700243819,1.0000000000,1.0000000000,0.8762844036
2026-07-05T13:12:27Z,20260705T131224Z,4514,0.8178906433,1.0000000000,0.8922577354,0.6666666667,0.6666666667,0.8162575412
2026-07-05T13:12:27Z,20260705T131224Z,4515,1.0000000000,1.0000000000,0.9999999905,1.0000000000,1.0000000000,0.9999999981
2026-07-05T13:12:27Z,20260705T131224Z,4516,1.0000000000,1.0000000000,0.8092324602,1.0000000000,1.0000000000,0.9618464920
2026-07-05T13:12:27Z,20260705T131224Z,4517,0.9389292606,1.0000000000,0.7424659802,1.0000000000,1.0000000000,0.9332255112
2026-07-05T13:12:27Z,20260705T131224Z,4518,0.8308156933,1.0000000000,0.8964896351,0.6666666667,0.6666666667,0.8203351837
2026-07-05T13:12:27Z,20260705T131224Z,4519,0.8178906433,1.0000000000,0.6471003434,0.6666666667,0.6666666667,0.7672260628
2026-07-05T13:12:27Z,20260705T131224Z,4520,0.7415433010,1.0000000000,0.4907414535,0.5000000000,0.5000000000,0.6585341159
2026-07-05T13:12:27Z,20260705T131224Z,4521,0.7496918975,1.0000000000,0.7442147874,0.5000000000,0.5000000000,0.7112659319
2026-07-05T13:12:27Z,20260705T131224Z,4522,0.7496918975,1.0000000000,0.7983926674,0.5000000000,0.5000000000,0.7221015079
2026-07-05T13:12:27Z,20260705T131224Z,4523,0.8308156933,1.0000000000,0.8328589269,0.6666666667,0.6666666667,0.8076090420
2026-07-05T13:12:27Z,20260705T131224Z,4524,1.0000000000,1.0000000000,1.0000000000,1.0000000000,1.0000000000,1.0000000000
2026-07-05T13:12:27Z,20260705T131224Z,4525,1.0000000000,1.0000000000,0.9377851185,1.0000000000,1.0000000000,0.9875570237
2026-07-05T13:12:27Z,20260705T131224Z,4526,1.0000000000,1.0000000000,0.9377851185,1.0000000000,1.0000000000,0.9875570237
2026-07-05T13:12:27Z,20260705T131224Z,4527,0.8178906433,1.0000000000,0.7683668270,0.6666666667,0.6666666667,0.7914793595
2026-07-05T13:12:27Z,20260705T131224Z,4528,0.8308156933,1.0000000000,0.8142116903,0.6666666667,0.6666666667,0.8038795947
2026-07-05T13:12:27Z,20260705T131224Z,4529,1.0000000000,1.0000000000,0.8981961439,1.0000000000,1.0000000000,0.9796392288
2026-07-05T13:12:27Z,20260705T131224Z,4530,1.0000000000,1.0000000000,0.8212131517,1.0000000000,1.0000000000,0.9642426303
2026-07-05T13:12:27Z,20260705T131224Z,4531,0.9291181088,1.0000000000,0.8730979303,1.0000000000,1.0000000000,0.9568991133
2026-07-05T13:12:27Z,20260705T131224Z,4532,0.8308156933,1.0000000000,0.9011275871,0.6666666667,0.6666666667,0.8212627741
2026-07-05T13:12:27Z,20260705T131224Z,4533,0.8349916978,1.0000000000,0.7806791678,0.7500000000,0.7500000000,0.8273837580
2026-07-05T13:12:27Z,20260705T131224Z,4534,0.8461736740,1.0000000000,0.9069019318,0.7500000000,0.7500000000,0.8554238048
2026-07-05T13:12:27Z,20260705T131224Z,4535,1.0000000000,1.0000000000,0.8233837287,1.0000000000,1.0000000000,0.9646767457
2026-07-05T13:12:27Z,20260705T131224Z,4536,1.0000000000,1.0000000000,0.7524388395,1.0000000000,1.0000000000,0.9504877679
2026-07-05T13:12:27Z,20260705T131224Z,4537,0.8308156933,1.0000000000,0.8846841354,0.6666666667,0.6666666667,0.8179740837
2026-07-05T13:12:27Z,20260705T131224Z,4538,1.0000000000,1.0000000000,0.7967469337,1.0000000000,1.0000000000,0.9593493867
2026-07-05T13:12:27Z,20260705T131224Z,4539,0.8308156933,1.0000000000,0.9408166570,0.6666666667,0.6666666667,0.8292005880
2026-07-05T13:12:27Z,20260705T131224Z,4540,0.8178906433,1.0000000000,0.6471003434,0.6666666667,0.6666666667,0.7672260628
2026-07-05T13:12:27Z,20260705T131224Z,4541,0.9291181088,1.0000000000,0.7486681672,1.0000000000,1.0000000000,0.9320131606
2026-07-05T13:12:27Z,20260705T131224Z,4542,0.7911717252,1.0000000000,0.8455790417,0.5000000000,0.5000000000,0.7419087396
2026-07-05T13:12:27Z,20260705T131224Z,4543,0.7110955233,1.0000000000,0.8621365639,0.4000000000,0.4000000000,0.6902011936
2026-07-05T13:12:27Z,20260705T131224Z,4544,0.8308156933,1.0000000000,0.8549639196,0.6666666667,0.6666666667,0.8120300406
2026-07-05T13:12:27Z,20260705T131224Z,4545,1.0000000000,1.0000000000,0.9470706479,1.0000000000,1.0000000000,0.9894141296
2026-07-05T13:12:27Z,20260705T131224Z,4546,0.6666666667,1.0000000000,0.7925436939,0.3333333333,0.3333333333,0.6418420721
2026-07-05T13:12:27Z,20260705T131224Z,4547,0.6666666667,1.0000000000,0.7401924071,0.3333333333,0.3333333333,0.6313718148
2026-07-05T13:12:27Z,20260705T131224Z,4548,0.9645590544,1.0000000000,0.7577621168,1.0000000000,1.0000000000,0.9426921870
2026-07-05T13:12:27Z,20260705T131224Z,4549,1.0000000000,1.0000000000,0.9999999866,1.0000000000,1.0000000000,0.9999999973
2026-07-05T13:12:27Z,20260705T131224Z,4550,0.9645590544,1.0000000000,0.8743340836,1.0000000000,1.0000000000,0.9660065803
2026-07-05T13:12:27Z,20260705T131224Z,4551,1.0000000000,1.0000000000,0.9401187582,1.0000000000,1.0000000000,0.9880237516
2026-07-05T13:12:27Z,20260705T131224Z,4552,0.9291181088,1.0000000000,0.6289056837,1.0000000000,1.0000000000,0.9080606639
2026-07-05T13:12:27Z,20260705T131224Z,4553,1.0000000000,1.0000000000,0.8779038767,1.0000000000,1.0000000000,0.9755807753
2026-07-05T13:12:27Z,20260705T131224Z,4554,1.0000000000,1.0000000000,0.8212131517,1.0000000000,1.0000000000,0.9642426303
2026-07-05T13:12:27Z,20260705T131224Z,4555,1.0000000000,1.0000000000,0.9433092750,1.0000000000,1.0000000000,0.9886618550
2026-07-05T13:12:27Z,20260705T131224Z,4556,0.8308156933,1.0000000000,0.9408166570,0.6666666667,0.6666666667,0.8292005880
2026-07-05T13:12:27Z,20260705T131224Z,4557,0.9389292606,1.0000000000,0.6124641569,1.0000000000,1.0000000000,0.9072251465
2026-07-05T13:12:27Z,20260705T131224Z,4558,0.8178906433,1.0000000000,0.6479577061,0.6666666667,0.6666666667,0.7673975354
2026-07-05T13:12:27Z,20260705T131224Z,4559,1.0000000000,1.0000000000,0.9433092750,1.0000000000,1.0000000000,0.9886618550
2026-07-05T13:12:27Z,20260705T131224Z,4560,0.9291181088,1.0000000000,0.5722149587,1.0000000000,1.0000000000,0.8967225189
2026-07-05T13:12:27Z,20260705T131224Z,4561,1.0000000000,1.0000000000,0.8903799229,1.0000000000,1.0000000000,0.9780759846
2026-07-05T13:12:27Z,20260705T131224Z,4562,1.0000000000,1.0000000000,0.9470706479,1.0000000000,1.0000000000,0.9894141296
2026-07-05T13:12:27Z,20260705T131224Z,4563,1.0000000000,1.0000000000,0.9470706479,1.0000000000,1.0000000000,0.9894141296
2026-07-05T13:12:27Z,20260705T131224Z,4564,0.9291181088,1.0000000000,0.4096655294,1.0000000000,1.0000000000,0.8642126331
2026-07-05T13:12:27Z,20260705T131224Z,4565,0.7811646086,1.0000000000,0.6284835257,0.5000000000,0.5000000000,0.6959878573
2026-07-05T13:12:27Z,20260705T131224Z,4566,0.8461736740,1.0000000000,0.7837539000,0.7500000000,0.7500000000,0.8307941985
2026-07-05T13:12:27Z,20260705T131224Z,4567,1.0000000000,1.0000000000,0.9079535863,1.0000000000,1.0000000000,0.9815907173
2026-07-05T13:12:27Z,20260705T131224Z,4568,1.0000000000,1.0000000000,0.8670845759,1.0000000000,1.0000000000,0.9734169152
2026-07-05T13:12:27Z,20260705T131224Z,4569,0.8308156933,1.0000000000,0.8487751244,0.6666666667,0.6666666667,0.8107922815
2026-07-05T13:12:27Z,20260705T131224Z,4570,0.8308156933,1.0000000000,0.8460095594,0.6666666667,0.6666666667,0.8102391685
2026-07-05T13:12:27Z,20260705T131224Z,4571,0.8308156933,1.0000000000,0.9316952934,0.6666666667,0.6666666667,0.8273763153
2026-07-05T13:12:27Z,20260705T131224Z,4572,1.0000000000,1.0000000000,0.7967469337,1.0000000000,1.0000000000,0.9593493867
2026-07-05T13:12:27Z,20260705T131224Z,4573,0.7895834242,1.0000000000,0.8875217404,0.5000000000,0.5000000000,0.7499002041
2026-07-05T13:12:27Z,20260705T131224Z,4574,0.7895834242,1.0000000000,0.8875217404,0.5000000000,0.5000000000,0.7499002041
2026-07-05T13:12:27Z,20260705T131224Z,4575,0.9291181088,1.0000000000,0.6289056837,1.0000000000,1.0000000000,0.9080606639
2026-07-05T13:12:27Z,20260705T131224Z,4576,0.8178906433,1.0000000000,0.4791207578,0.6666666667,0.6666666667,0.7336301457
2026-07-05T13:12:27Z,20260705T131224Z,4577,0.8461736740,1.0000000000,0.9422922306,0.7500000000,0.7500000000,0.8625018646
2026-07-05T13:12:27Z,20260705T131224Z,4578,0.7911717252,1.0000000000,0.9015420416,0.5000000000,0.5000000000,0.7531013396
2026-07-05T13:12:27Z,20260705T131224Z,4579,0.8308156933,1.0000000000,0.8610190853,0.6666666667,0.6666666667,0.8132410737
2026-07-05T13:12:27Z,20260705T131224Z,4580,0.8308156933,1.0000000000,0.6941174070,0.6666666667,0.6666666667,0.7798607380
2026-07-05T13:12:27Z,20260705T131224Z,4581,0.7677204728,1.0000000000,0.9665245833,0.5000000000,0.5000000000,0.7602350349
2026-07-05T13:12:27Z,20260705T131224Z,4582,0.7221149473,1.0000000000,0.7776398117,0.3333333333,0.3333333333,0.6527233658
2026-07-05T13:12:27Z,20260705T131224Z,4583,0.8274928135,1.0000000000,0.7153604996,0.6666666667,0.6666666667,0.7832786366
2026-07-05T13:12:27Z,20260705T131224Z,4584,0.9645590544,1.0000000000,0.9365489651,1.0000000000,1.0000000000,0.9784495566
2026-07-05T13:12:27Z,20260705T131224Z,4585,1.0000000000,1.0000000000,0.9377851185,1.0000000000,1.0000000000,0.9875570237
2026-07-05T13:12:27Z,20260705T131224Z,4586,1.0000000000,1.0000000000,0.9377851185,1.0000000000,1.0000000000,0.9875570237
2026-07-05T13:12:27Z,20260705T131224Z,4587,0.8178906433,1.0000000000,0.7683668270,0.6666666667,0.6666666667,0.7914793595
2026-07-05T13:12:27Z,20260705T131224Z,4588,0.8178906433,1.0000000000,0.7683668270,0.6666666667,0.6666666667,0.7914793595
2026-07-05T13:12:27Z,20260705T131224Z,4589,0.9291181088,1.0000000000,0.6943110820,1.0000000000,1.0000000000,0.9211417436
2026-07-05T13:12:27Z,20260705T131224Z,4590,1.0000000000,1.0000000000,0.8212131517,1.0000000000,1.0000000000,0.9642426303
2026-07-05T13:12:27Z,20260705T131224Z,4591,1.0000000000,1.0000000000,0.7682837996,1.0000000000,1.0000000000,0.9536567599
2026-07-05T13:12:27Z,20260705T131224Z,4592,0.8178906433,1.0000000000,0.6682846636,0.6666666667,0.6666666667,0.7714629269
2026-07-05T13:12:27Z,20260705T131224Z,4593,0.9389292606,1.0000000000,0.8032316967,1.0000000000,1.0000000000,0.9453786545
2026-07-05T13:12:27Z,20260705T131224Z,4594,0.8308156933,1.0000000000,0.8610190853,0.6666666667,0.6666666667,0.8132410737
2026-07-05T13:12:27Z,20260705T131224Z,4595,0.8178906433,1.0000000000,0.5391490121,0.6666666667,0.6666666667,0.7456357966
2026-07-05T13:12:27Z,20260705T131224Z,4596,0.8308156933,1.0000000000,0.9404540319,0.6666666667,0.6666666667,0.8291280630
2026-07-05T13:12:27Z,20260705T131224Z,4597,0.9645590544,1.0000000000,0.8743340836,1.0000000000,1.0000000000,0.9660065803
2026-07-05T13:12:27Z,20260705T131224Z,4598,0.8274928135,1.0000000000,0.7153604996,0.6666666667,0.6666666667,0.7832786366
2026-07-05T13:12:27Z,20260705T131224Z,4599,1.0000000000,1.0000000000,0.8484860046,1.0000000000,1.0000000000,0.9696972009
2026-07-05T13:12:27Z,20260705T131224Z,4600,0.9694646303,1.0000000000,0.8624261192,1.0000000000,1.0000000000,0.9648513814
2026-07-05T13:12:27Z,20260705T131224Z,4601,0.9694646303,1.0000000000,0.7366198408,1.0000000000,1.0000000000,0.9396901257
2026-07-05T13:12:27Z,20260705T131224Z,4602,0.9389292606,1.0000000000,0.5098502304,1.0000000000,1.0000000000,0.8867023612
2026-07-05T13:12:27Z,20260705T131224Z,4603,0.8274928135,1.0000000000,0.7711170433,0.6666666667,0.6666666667,0.7944299454
2026-07-05T13:12:27Z,20260705T131224Z,4604,0.8274928135,1.0000000000,0.8899806873,0.6666666667,0.6666666667,0.8182026742
2026-07-05T13:12:27Z,20260705T131224Z,4605,0.8308156933,1.0000000000,0.8501184345,0.6666666667,0.6666666667,0.8110609435
2026-07-05T13:12:27Z,20260705T131224Z,4606,0.8178906433,1.0000000000,0.5917333287,0.6666666667,0.6666666667,0.7561526599
2026-07-05T13:12:27Z,20260705T131224Z,4607,0.8308156933,1.0000000000,0.8897787526,0.6666666667,0.6666666667,0.8189930072
2026-07-05T13:12:27Z,20260705T131224Z,4608,0.8308156933,1.0000000000,0.8328589269,0.6666666667,0.6666666667,0.8076090420
2026-07-05T13:12:27Z,20260705T131224Z,4609,0.8178906433,1.0000000000,0.7086634066,0.6666666667,0.6666666667,0.7795386755
2026-07-05T13:12:27Z,20260705T131224Z,4610,1.0000000000,1.0000000000,0.8212131517,1.0000000000,1.0000000000,0.9642426303
2026-07-05T13:12:27Z,20260705T131224Z,4611,1.0000000000,1.0000000000,0.8212131517,1.0000000000,1.0000000000,0.9642426303
2026-07-05T13:12:27Z,20260705T131224Z,4612,1.0000000000,1.0000000000,0.7682837996,1.0000000000,1.0000000000,0.9536567599
2026-07-05T13:12:27Z,20260705T131224Z,4613,0.8308156933,1.0000000000,0.9047432778,0.6666666667,0.6666666667,0.8219859122
2026-07-05T13:12:27Z,20260705T131224Z,4614,0.8308156933,1.0000000000,0.8806109053,0.6666666667,0.6666666667,0.8171594377
2026-07-05T13:12:27Z,20260705T131224Z,4615,1.0000000000,1.0000000000,0.9999999905,1.0000000000,1.0000000000,0.9999999981
2026-07-05T13:12:27Z,20260705T131224Z,4616,0.8308156933,1.0000000000,0.9578593300,0.6666666667,0.6666666667,0.8326091226
2026-07-05T13:12:27Z,20260705T131224Z,4617,0.8308156933,1.0000000000,0.8994854171,0.6666666667,0.6666666667,0.8209343401
2026-07-05T13:12:27Z,20260705T131224Z,4618,1.0000000000,1.0000000000,0.8126844581,1.0000000000,1.0000000000,0.9625368916
2026-07-05T13:12:27Z,20260705T131224Z,4619,1.0000000000,1.0000000000,0.9630288418,1.0000000000,1.0000000000,0.9926057684
2026-07-05T13:12:27Z,20260705T131224Z,4620,0.6257641301,1.0000000000,0.9399182504,0.2500000000,0.2500000000,0.6319246826
2026-07-05T13:12:27Z,20260705T131224Z,4621,0.6557645106,1.0000000000,0.2763708910,0.5000000000,0.5000000000,0.5942153059
2026-07-05T13:12:27Z,20260705T131224Z,4622,1.0000000000,1.0000000000,0.9464057609,1.0000000000,1.0000000000,0.9892811522
2026-07-05T13:12:27Z,20260705T131224Z,4623,0.8427735791,1.0000000000,0.7861113866,0.7500000000,0.7500000000,0.8304156721
2026-07-05T13:12:27Z,20260705T131224Z,4624,0.8427735791,1.0000000000,0.8293453161,0.7500000000,0.7500000000,0.8390624580
2026-07-05T13:12:27Z,20260705T131224Z,4625,0.8308156933,1.0000000000,0.6941174070,0.6666666667,0.6666666667,0.7798607380
2026-07-05T13:12:27Z,20260705T131224Z,4626,0.7575558929,1.0000000000,0.0703947148,0.6666666667,0.6666666667,0.6368012495
2026-07-05T13:12:27Z,20260705T131224Z,4627,0.7221149473,1.0000000000,0.9167411894,0.3333333333,0.3333333333,0.6805436414
2026-07-05T13:12:27Z,20260705T131224Z,4628,0.6968385816,1.0000000000,0.1111997756,0.5000000000,0.5000000000,0.5714496005
2026-07-05T13:12:27Z,20260705T131224Z,4629,0.7677204728,1.0000000000,0.8888002244,0.5000000000,0.5000000000,0.7446901631
2026-07-05T13:12:27Z,20260705T131224Z,4630,0.9999999953,1.0000000000,1.0000000000,1.0000000000,1.0000000000,0.9999999988
2026-07-05T13:12:27Z,20260705T131224Z,4631,0.5603012573,1.0000000000,0.0418262200,0.2000000000,0.2000000000,0.4184405583
2026-07-05T13:12:27Z,20260705T131224Z,4632,0.7900852964,1.0000000000,0.2992363180,0.8000000000,0.8000000000,0.7373685877
2026-07-05T13:12:27Z,20260705T131224Z,4633,0.7796750095,1.0000000000,0.3166908662,0.5000000000,0.5000000000,0.6332569256
2026-07-05T13:12:27Z,20260705T131224Z,4634,0.6009334931,1.0000000000,0.9044810860,0.2000000000,0.2000000000,0.6011295905
2026-07-05T13:12:27Z,20260705T131224Z,4635,0.7038845844,1.0000000000,0.9353608262,0.2500000000,0.2500000000,0.6505433113
2026-07-05T13:12:27Z,20260705T131224Z,4636,0.7221149473,1.0000000000,0.9167411894,0.3333333333,0.3333333333,0.6805436414
2026-07-05T13:12:27Z,20260705T131224Z,4637,0.8308156933,1.0000000000,0.9626244068,0.6666666667,0.6666666667,0.8335621380
2026-07-05T13:12:27Z,20260705T131224Z,4638,0.7677204728,1.0000000000,0.9295534250,0.5000000000,0.5000000000,0.7528408032
2026-07-05T13:12:27Z,20260705T131224Z,4639,0.9999999953,1.0000000000,1.0000000000,1.0000000000,1.0000000000,0.9999999988
2026-07-05T13:12:27Z,20260705T131224Z,4640,0.9999999953,1.0000000000,1.0000000000,1.0000000000,1.0000000000,0.9999999988
2026-07-05T13:12:27Z,20260705T131224Z,4641,0.7677204728,1.0000000000,0.9295534250,0.5000000000,0.5000000000,0.7528408032
2026-07-05T13:12:27Z,20260705T131224Z,4642,0.8308156933,1.0000000000,0.9626244068,0.6666666667,0.6666666667,0.8335621380
2026-07-05T13:12:27Z,20260705T131224Z,4643,1.0000000000,1.0000000000,0.8474695743,1.0000000000,1.0000000000,0.9694939149
2026-07-05T13:12:27Z,20260705T131224Z,4644,0.6820617591,1.0000000000,0.6115948345,0.5000000000,0.5000000000,0.6678344067
2026-07-05T13:12:27Z,20260705T131224Z,4645,0.8461736740,1.0000000000,0.9454944581,0.7500000000,0.7500000000,0.8631423101
2026-07-05T13:12:27Z,20260705T131224Z,4646,0.6781864993,1.0000000000,0.6331386681,0.6000000000,0.6000000000,0.7061743585
2026-07-05T13:12:27Z,20260705T131224Z,4647,1.0000000000,1.0000000000,0.8458614900,1.0000000000,1.0000000000,0.9691722980
2026-07-05T13:12:27Z,20260705T131224Z,4648,0.7911717252,1.0000000000,0.7875484706,0.5000000000,0.5000000000,0.7303026254
2026-07-05T13:12:27Z,20260705T131224Z,4649,0.9291181088,1.0000000000,0.6413817298,1.0000000000,1.0000000000,0.9105558732
2026-07-05T13:12:27Z,20260705T131224Z,4650,0.8308156933,1.0000000000,0.9551503268,0.6666666667,0.6666666667,0.8320673220
2026-07-05T13:12:27Z,20260705T131224Z,4651,0.8308156933,1.0000000000,0.9418854513,0.6666666667,0.6666666667,0.8294143469
2026-07-05T13:12:27Z,20260705T131224Z,4652,1.0000000000,1.0000000000,0.9470706479,1.0000000000,1.0000000000,0.9894141296
2026-07-05T13:12:27Z,20260705T131224Z,4653,0.6666666667,1.0000000000,0.7128674137,0.3333333333,0.3333333333,0.6259068161
2026-07-05T13:12:27Z,20260705T131224Z,4654,0.5668540905,1.0000000000,0.1846772363,0.2500000000,0.2500000000,0.4661489699
2026-07-05T13:12:27Z,20260705T131224Z,4655,0.6458731984,1.0000000000,0.1718880638,0.5000000000,0.5000000000,0.5708459124
2026-07-05T13:12:27Z,20260705T131224Z,4656,0.5814158541,1.0000000000,0.1370249864,0.4000000000,0.4000000000,0.5127589608
2026-07-05T13:12:27Z,20260705T131224Z,4657,0.6996782811,1.0000000000,0.3349531978,0.5000000000,0.5000000000,0.6169102098
2026-07-05T13:12:27Z,20260705T131224Z,4658,0.7160887327,1.0000000000,0.2763026733,0.6666666667,0.6666666667,0.6676160512
2026-07-05T13:12:27Z,20260705T131224Z,4659,0.8308156933,1.0000000000,0.8588550841,0.6666666667,0.6666666667,0.8128082735
2026-07-05T13:12:27Z,20260705T131224Z,4660,0.7167933476,1.0000000000,0.4492415121,0.4000000000,0.4000000000,0.6090466393
2026-07-05T13:12:27Z,20260705T131224Z,4661,0.7611707559,1.0000000000,0.4773912611,0.4000000000,0.4000000000,0.6257709412
2026-07-05T13:12:27Z,20260705T131224Z,4662,0.5510326027,1.0000000000,0.1187780654,0.2500000000,0.2500000000,0.4490137638
2026-07-05T13:12:27Z,20260705T131224Z,4663,0.8308156933,1.0000000000,0.8501184345,0.6666666667,0.6666666667,0.8110609435
2026-07-05T13:12:27Z,20260705T131224Z,4664,0.7691695844,1.0000000000,0.5866257235,0.5000000000,0.5000000000,0.6846175408
2026-07-05T13:12:27Z,20260705T131224Z,4665,0.6767325834,1.0000000000,0.5223533892,0.6000000000,0.6000000000,0.6836538237
2026-07-05T13:12:27Z,20260705T131224Z,4666,0.7110955233,1.0000000000,0.7067090442,0.4000000000,0.4000000000,0.6591156897
2026-07-05T13:12:27Z,20260705T131224Z,4667,0.8772872787,1.0000000000,0.5224605888,1.0000000000,1.0000000000,0.8738139374
2026-07-05T13:12:27Z,20260705T131224Z,4668,0.6616313865,1.0000000000,0.2675793900,0.5000000000,0.5000000000,0.5939237246
2026-07-05T13:12:27Z,20260705T131224Z,4669,0.8308156933,1.0000000000,0.8169063636,0.6666666667,0.6666666667,0.8044185294
2026-07-05T13:12:27Z,20260705T131224Z,4670,1.0000000000,1.0000000000,0.8903799229,1.0000000000,1.0000000000,0.9780759846
2026-07-05T13:12:27Z,20260705T131224Z,4671,0.7778850527,1.0000000000,0.6691569790,0.6666666667,0.6666666667,0.7616359923
2026-07-05T13:12:27Z,20260705T131224Z,4672,0.7778850527,1.0000000000,0.6660979928,0.6666666667,0.6666666667,0.7610241951
2026-07-05T13:12:27Z,20260705T131224Z,4673,0.8178906433,1.0000000000,0.5542194617,0.6666666667,0.6666666667,0.7486498865
2026-07-05T13:12:27Z,20260705T131224Z,4674,0.8308156933,1.0000000000,0.8501184345,0.6666666667,0.6666666667,0.8110609435
2026-07-05T13:12:27Z,20260705T131224Z,4675,0.8308156933,1.0000000000,0.8501184345,0.6666666667,0.6666666667,0.8110609435
2026-07-05T13:12:27Z,20260705T131224Z,4676,0.8178906433,1.0000000000,0.5542194617,0.6666666667,0.6666666667,0.7486498865
2026-07-05T13:12:27Z,20260705T131224Z,4677,0.7876837595,1.0000000000,0.6495228039,0.5000000000,0.5000000000,0.7018255006
2026-07-05T13:12:27Z,20260705T131224Z,4678,0.8427735791,1.0000000000,0.7706025621,0.7500000000,0.7500000000,0.8273139072
2026-07-05T13:12:27Z,20260705T131224Z,4679,0.9389292606,1.0000000000,0.7186527585,1.0000000000,1.0000000000,0.9284628668
2026-07-05T13:12:27Z,20260705T131224Z,4680,1.0000000000,1.0000000000,0.8339443127,1.0000000000,1.0000000000,0.9667888625
2026-07-05T13:12:27Z,20260705T131224Z,4681,0.8349916978,1.0000000000,0.5690509279,0.7500000000,0.7500000000,0.7850581100
2026-07-05T13:12:27Z,20260705T131224Z,4682,0.6751341254,1.0000000000,0.6705295288,0.4000000000,0.4000000000,0.6428894371
2026-07-05T13:12:27Z,20260705T131224Z,4683,0.7107144013,1.0000000000,0.5357667137,0.5000000000,0.5000000000,0.6598319431
2026-07-05T13:12:27Z,20260705T131224Z,4684,0.6775242385,1.0000000000,0.5259866394,0.4000000000,0.4000000000,0.6145783875
2026-07-05T13:12:27Z,20260705T131224Z,4685,0.7914854434,1.0000000000,0.7349554715,0.8000000000,0.8000000000,0.8248624552
2026-07-05T13:12:27Z,20260705T131224Z,4686,0.6483950608,1.0000000000,0.3744965052,0.5000000000,0.5000000000,0.6119980662
2026-07-05T13:12:27Z,20260705T131224Z,4687,0.6468804614,1.0000000000,0.4580243535,0.4000000000,0.4000000000,0.5933249860
2026-07-05T13:12:27Z,20260705T131224Z,4688,0.6961594867,1.0000000000,0.4140116351,0.5000000000,0.5000000000,0.6318421987
2026-07-05T13:12:27Z,20260705T131224Z,4689,0.8178906433,1.0000000000,0.5694496879,0.6666666667,0.6666666667,0.7516959317
2026-07-05T13:12:27Z,20260705T131224Z,4690,0.8308156933,1.0000000000,0.8610190853,0.6666666667,0.6666666667,0.8132410737
2026-07-05T13:12:27Z,20260705T131224Z,4691,0.4865741805,1.0000000000,0.2020355948,0.1666666667,0.1666666667,0.4203839974
2026-07-05T13:12:27Z,20260705T131224Z,4692,0.5296253533,1.0000000000,0.1258192301,0.2000000000,0.2000000000,0.4275701843
2026-07-05T13:12:27Z,20260705T131224Z,4693,1.0000000000,1.0000000000,0.9999999866,1.0000000000,1.0000000000,0.9999999973
2026-07-05T13:12:27Z,20260705T131224Z,4694,0.7026303599,1.0000000000,0.2672292629,0.5000000000,0.5000000000,0.6041034426
2026-07-05T13:12:27Z,20260705T131224Z,4695,0.7891110302,1.0000000000,0.3452082830,0.8000000000,0.8000000000,0.7463194142
2026-07-05T13:12:27Z,20260705T131224Z,4696,0.6588252304,1.0000000000,0.3443542368,0.4000000000,0.4000000000,0.5735771549
2026-07-05T13:12:27Z,20260705T131224Z,4697,0.6666666667,1.0000000000,0.6198648780,0.3333333333,0.3333333333,0.6073063089
2026-07-05T13:12:27Z,20260705T131224Z,4698,0.6666666667,1.0000000000,0.9004753771,0.3333333333,0.3333333333,0.6634284087
2026-07-05T13:12:27Z,20260705T131224Z,4699,0.7677204728,1.0000000000,0.9295534250,0.5000000000,0.5000000000,0.7528408032
2026-07-05T13:12:27Z,20260705T131224Z,4700,0.7677204728,1.0000000000,0.9665245833,0.5000000000,0.5000000000,0.7602350349
2026-07-05T13:12:27Z,20260705T131224Z,4701,0.7677204728,1.0000000000,0.9665245833,0.5000000000,0.5000000000,0.7602350349
2026-07-05T13:12:27Z,20260705T131224Z,4702,0.7038845844,1.0000000000,0.9353608262,0.2500000000,0.2500000000,0.6505433113
2026-07-05T13:12:27Z,20260705T131224Z,4703,0.7038845844,1.0000000000,0.9353608262,0.2500000000,0.2500000000,0.6505433113
2026-07-05T13:12:27Z,20260705T131224Z,4704,0.7011185094,1.0000000000,0.7532482856,0.2500000000,0.2500000000,0.6134292845
2026-07-05T13:12:27Z,20260705T131224Z,4705,0.7295870522,1.0000000000,0.7650201844,0.5000000000,0.5000000000,0.7104007999
2026-07-05T13:12:27Z,20260705T131224Z,4706,0.6666666667,1.0000000000,0.9220336936,0.3333333333,0.3333333333,0.6677400721
2026-07-05T13:12:27Z,20260705T131224Z,4707,0.7911717252,1.0000000000,0.9194711772,0.5000000000,0.5000000000,0.7566871667
2026-07-05T13:12:27Z,20260705T131224Z,4708,1.0000000000,1.0000000000,0.9535917584,1.0000000000,1.0000000000,0.9907183517
2026-07-05T13:12:27Z,20260705T131224Z,4709,0.8296522562,1.0000000000,0.8630778100,0.7500000000,0.7500000000,0.8425286260
2026-07-05T13:12:27Z,20260705T131224Z,4710,0.9694646303,1.0000000000,0.8695385445,1.0000000000,1.0000000000,0.9662738665
2026-07-05T13:12:27Z,20260705T131224Z,4711,0.7309729266,1.0000000000,0.6297237686,0.5000000000,0.5000000000,0.6836879854
2026-07-05T13:12:27Z,20260705T131224Z,4712,0.5476038968,1.0000000000,0.2070339011,0.2500000000,0.2500000000,0.4658077544
2026-07-05T13:12:27Z,20260705T131224Z,4713,0.6666666667,1.0000000000,0.8685561163,0.3333333333,0.3333333333,0.6570445566
2026-07-05T13:12:27Z,20260705T131224Z,4714,0.8308156933,1.0000000000,0.8178615130,0.6666666667,0.6666666667,0.8046095592
2026-07-05T13:12:27Z,20260705T131224Z,4715,0.6251540513,1.0000000000,0.7563268322,0.2500000000,0.2500000000,0.5950538793
2026-07-05T13:12:27Z,20260705T131224Z,4716,0.7677204728,1.0000000000,0.9295534250,0.5000000000,0.5000000000,0.7528408032
2026-07-05T13:12:27Z,20260705T131224Z,4717,0.6288222976,1.0000000000,0.0834732504,0.2500000000,0.2500000000,0.4614002245
2026-07-05T13:12:27Z,20260705T131224Z,4718,0.6792157784,1.0000000000,0.8888948441,0.4000000000,0.4000000000,0.6875829134
2026-07-05T13:12:27Z,20260705T131224Z,4719,0.7233498105,1.0000000000,0.9500849642,0.3333333333,0.3333333333,0.6875211121
2026-07-05T13:12:27Z,20260705T131224Z,4720,0.7677204728,1.0000000000,0.9665245833,0.5000000000,0.5000000000,0.7602350349
2026-07-05T13:12:27Z,20260705T131224Z,4721,0.7475513658,1.0000000000,0.6734527976,0.5000000000,0.5000000000,0.6965784010
2026-07-05T13:12:27Z,20260705T131224Z,4722,0.7002216302,1.0000000000,0.6644024537,0.2500000000,0.2500000000,0.5954358983
2026-07-05T13:12:27Z,20260705T131224Z,4723,0.9999999953,1.0000000000,1.0000000000,1.0000000000,1.0000000000,0.9999999988
2026-07-05T13:12:27Z,20260705T131224Z,4724,0.7221149473,1.0000000000,0.8292275133,0.3333333333,0.3333333333,0.6630409061
2026-07-05T13:12:27Z,20260705T131224Z,4725,0.8274928135,1.0000000000,0.6636373187,0.6666666667,0.6666666667,0.7729340004
2026-07-05T13:12:27Z,20260705T131224Z,4726,0.8274928135,1.0000000000,0.8899806873,0.6666666667,0.6666666667,0.8182026742
2026-07-05T13:12:27Z,20260705T131224Z,4727,0.7415433010,1.0000000000,0.6698028464,0.5000000000,0.5000000000,0.6943463945
2026-07-05T13:12:27Z,20260705T131224Z,4728,0.7496918975,1.0000000000,0.8752130326,0.5000000000,0.5000000000,0.7374655809
2026-07-05T13:12:27Z,20260705T131224Z,4729,1.0000000000,1.0000000000,0.9476110672,1.0000000000,1.0000000000,0.9895222134
2026-07-05T13:12:27Z,20260705T131224Z,4730,0.8308156933,1.0000000000,0.8949036535,0.6666666667,0.6666666667,0.8200179873
2026-07-05T13:12:27Z,20260705T131224Z,4731,0.9291181088,1.0000000000,0.5722149587,1.0000000000,1.0000000000,0.8967225189
2026-07-05T13:12:27Z,20260705T131224Z,4732,0.8308156933,1.0000000000,0.8025111963,0.6666666667,0.6666666667,0.8015394959
2026-07-05T13:12:27Z,20260705T131224Z,4733,0.7608808796,1.0000000000,0.4983246771,0.7500000000,0.7500000000,0.7523851553
2026-07-05T13:12:27Z,20260705T131224Z,4734,0.9029146381,1.0000000000,0.4496424350,1.0000000000,1.0000000000,0.8656571465
2026-07-05T13:12:27Z,20260705T131224Z,4735,0.6730920095,1.0000000000,0.3954059372,0.6000000000,0.6000000000,0.6573541898
2026-07-05T13:12:27Z,20260705T131224Z,4736,0.7372806574,1.0000000000,0.6032702232,0.6000000000,0.6000000000,0.7149742090
2026-07-05T13:12:27Z,20260705T131224Z,4737,0.6943980101,1.0000000000,0.5673026465,0.4000000000,0.4000000000,0.6270600318
2026-07-05T13:12:27Z,20260705T131224Z,4738,0.7496918975,1.0000000000,0.9161914555,0.5000000000,0.5000000000,0.7456612655
2026-07-05T13:12:27Z,20260705T131224Z,4739,0.8308156933,1.0000000000,0.8915264903,0.6666666667,0.6666666667,0.8193425547
2026-07-05T13:12:27Z,20260705T131224Z,4740,0.8308156933,1.0000000000,0.8915264903,0.6666666667,0.6666666667,0.8193425547
2026-07-05T13:12:27Z,20260705T131224Z,4741,0.8308156933,1.0000000000,0.8328589269,0.6666666667,0.6666666667,0.8076090420
2026-07-05T13:12:27Z,20260705T131224Z,4742,0.9291181088,1.0000000000,0.8730979303,1.0000000000,1.0000000000,0.9568991133
2026-07-05T13:12:27Z,20260705T131224Z,4743,0.9291181088,1.0000000000,0.5925072259,1.0000000000,1.0000000000,0.9007809724
2026-07-05T13:12:27Z,20260705T131224Z,4744,0.8308156933,1.0000000000,0.9578593300,0.6666666667,0.6666666667,0.8326091226
2026-07-05T13:12:27Z,20260705T131224Z,4745,0.8308156933,1.0000000000,0.7877277524,0.6666666667,0.6666666667,0.7985828071
2026-07-05T13:12:27Z,20260705T131224Z,4746,0.7248934060,1.0000000000,0.1197915563,0.6666666667,0.6666666667,0.6385149961
2026-07-05T13:12:27Z,20260705T131224Z,4747,0.8349916978,1.0000000000,0.1985345958,0.7500000000,0.7500000000,0.7109548436
2026-07-05T13:12:27Z,20260705T131224Z,4748,0.7295870522,1.0000000000,0.8132776539,0.5000000000,0.5000000000,0.7200522938
2026-07-05T13:12:27Z,20260705T131224Z,4749,0.8178906433,1.0000000000,0.3698706986,0.6666666667,0.6666666667,0.7117801339
2026-07-05T13:12:27Z,20260705T131224Z,4750,1.0000000000,1.0000000000,0.8300517300,1.0000000000,1.0000000000,0.9660103460
2026-07-05T13:12:27Z,20260705T131224Z,4751,0.8274928135,1.0000000000,0.8300517300,0.6666666667,0.6666666667,0.8062168827
2026-07-05T13:12:27Z,20260705T131224Z,4752,0.9645590544,1.0000000000,0.9365489651,1.0000000000,1.0000000000,0.9784495566
2026-07-05T13:12:27Z,20260705T131224Z,4753,1.0000000000,1.0000000000,0.9377851185,1.0000000000,1.0000000000,0.9875570237
2026-07-05T13:12:27Z,20260705T131224Z,4754,1.0000000000,1.0000000000,0.9401187582,1.0000000000,1.0000000000,0.9880237516
2026-07-05T13:12:27Z,20260705T131224Z,4755,1.0000000000,1.0000000000,0.9401187582,1.0000000000,1.0000000000,0.9880237516
2026-07-05T13:12:27Z,20260705T131224Z,4756,1.0000000000,1.0000000000,0.8834280332,1.0000000000,1.0000000000,0.9766856066
2026-07-05T13:12:27Z,20260705T131224Z,4757,1.0000000000,1.0000000000,0.8834280332,1.0000000000,1.0000000000,0.9766856066
2026-07-05T13:12:27Z,20260705T131224Z,4758,1.0000000000,1.0000000000,0.9999999866,1.0000000000,1.0000000000,0.9999999973
2026-07-05T13:12:27Z,20260705T131224Z,4759,0.7475513658,1.0000000000,0.6349870962,0.5000000000,0.5000000000,0.6888852607
2026-07-05T13:12:27Z,20260705T131224Z,4760,0.7475513658,1.0000000000,0.6349870962,0.5000000000,0.5000000000,0.6888852607
2026-07-05T13:12:27Z,20260705T131224Z,4761,0.8178906433,1.0000000000,0.6471003434,0.6666666667,0.6666666667,0.7672260628
2026-07-05T13:12:27Z,20260705T131224Z,4762,0.7496918975,1.0000000000,0.9372465868,0.5000000000,0.5000000000,0.7498722917
2026-07-05T13:12:27Z,20260705T131224Z,4763,0.9389292606,1.0000000000,0.6764239361,1.0000000000,1.0000000000,0.9200171024
2026-07-05T13:12:27Z,20260705T131224Z,4764,0.7496918975,1.0000000000,0.9339559926,0.5000000000,0.5000000000,0.7492141729
2026-07-05T13:12:27Z,20260705T131224Z,4765,0.7496918975,1.0000000000,0.9339559926,0.5000000000,0.5000000000,0.7492141729
2026-07-05T13:12:27Z,20260705T131224Z,4766,0.8349916978,1.0000000000,0.6929465019,0.7500000000,0.7500000000,0.8098372248
2026-07-05T13:12:27Z,20260705T131224Z,4767,0.8461736740,1.0000000000,0.7972890549,0.7500000000,0.7500000000,0.8335012295
2026-07-05T13:12:27Z,20260705T131224Z,4768,0.9389292606,1.0000000000,0.8265154077,1.0000000000,1.0000000000,0.9500353967
2026-07-05T13:12:27Z,20260705T131224Z,4769,0.8349916978,1.0000000000,0.7570902630,0.7500000000,0.7500000000,0.8226659771
2026-07-05T13:12:27Z,20260705T131224Z,4770,0.8296522562,1.0000000000,0.7018955727,0.7500000000,0.7500000000,0.8102921786
2026-07-05T13:12:27Z,20260705T131224Z,4771,0.9389292606,1.0000000000,0.6693078088,1.0000000000,1.0000000000,0.9185938769
2026-07-05T13:12:27Z,20260705T131224Z,4772,0.7818691271,1.0000000000,0.7466466691,0.6000000000,0.6000000000,0.7547966156
2026-07-05T13:12:27Z,20260705T131224Z,4773,0.8358978213,1.0000000000,0.8107149737,0.6000000000,0.6000000000,0.7811174501
2026-07-05T13:12:27Z,20260705T131224Z,4774,0.8556136734,1.0000000000,0.8213065258,0.7500000000,0.7500000000,0.8406647235
2026-07-05T13:12:27Z,20260705T131224Z,4775,0.7931354197,1.0000000000,0.7558781030,0.6000000000,0.6000000000,0.7594594755
2026-07-05T13:12:27Z,20260705T131224Z,4776,0.7931354197,1.0000000000,0.8930263035,0.6000000000,0.6000000000,0.7868891156
2026-07-05T13:12:27Z,20260705T131224Z,4777,0.8013695375,1.0000000000,0.8941387548,0.6000000000,0.6000000000,0.7891701353
2026-07-05T13:12:27Z,20260705T131224Z,4778,0.8683435189,1.0000000000,0.8701203263,0.7500000000,0.7500000000,0.8536099450
2026-07-05T13:12:27Z,20260705T131224Z,4779,1.0000000000,1.0000000000,0.8770113547,1.0000000000,1.0000000000,0.9754022709
2026-07-05T13:12:27Z,20260705T131224Z,4780,0.8683435189,1.0000000000,0.9083263765,0.7500000000,0.7500000000,0.8612511550
2026-07-05T13:12:27Z,20260705T131224Z,4781,0.8683435189,1.0000000000,0.9255570418,0.7500000000,0.7500000000,0.8646972881
2026-07-05T13:12:27Z,20260705T131224Z,4782,0.8461736740,1.0000000000,0.7549777708,0.7500000000,0.7500000000,0.8250389727
2026-07-05T13:12:27Z,20260705T131224Z,4783,0.7911717252,1.0000000000,0.8964896351,0.5000000000,0.5000000000,0.7520908583
2026-07-05T13:12:27Z,20260705T131224Z,4784,0.6251540513,1.0000000000,0.6175876087,0.2500000000,0.2500000000,0.5673060346
2026-07-05T13:12:27Z,20260705T131224Z,4785,0.7575558929,1.0000000000,0.2405005979,0.6666666667,0.6666666667,0.6708224261
2026-07-05T13:12:27Z,20260705T131224Z,4786,1.0000000000,1.0000000000,0.8304986811,1.0000000000,1.0000000000,0.9660997362
2026-07-05T13:12:27Z,20260705T131224Z,4787,0.8178906433,1.0000000000,0.7071741901,0.6666666667,0.6666666667,0.7792408322
2026-07-05T13:12:27Z,20260705T131224Z,4788,0.8178906433,1.0000000000,0.5917333287,0.6666666667,0.6666666667,0.7561526599
2026-07-05T13:12:27Z,20260705T131224Z,4789,0.9645590544,1.0000000000,0.7577621168,1.0000000000,1.0000000000,0.9426921870
2026-07-05T13:12:27Z,20260705T131224Z,4790,0.9645590544,1.0000000000,0.6559582608,1.0000000000,1.0000000000,0.9223314158
2026-07-05T13:12:27Z,20260705T131224Z,4791,1.0000000000,1.0000000000,0.7816241771,1.0000000000,1.0000000000,0.9563248354
2026-07-05T13:12:27Z,20260705T131224Z,4792,1.0000000000,1.0000000000,0.8834280332,1.0000000000,1.0000000000,0.9766856066
2026-07-05T13:12:27Z,20260705T131224Z,4793,1.0000000000,1.0000000000,0.8834280332,1.0000000000,1.0000000000,0.9766856066
2026-07-05T13:12:27Z,20260705T131224Z,4794,1.0000000000,1.0000000000,0.9377851185,1.0000000000,1.0000000000,0.9875570237
2026-07-05T13:12:27Z,20260705T131224Z,4795,1.0000000000,1.0000000000,0.8779038767,1.0000000000,1.0000000000,0.9755807753
2026-07-05T13:12:27Z,20260705T131224Z,4796,1.0000000000,1.0000000000,1.0000000000,1.0000000000,1.0000000000,1.0000000000
2026-07-05T13:12:27Z,20260705T131224Z,4797,0.8178906433,1.0000000000,0.5312391776,0.6666666667,0.6666666667,0.7440538297
2026-07-05T13:12:27Z,20260705T131224Z,4798,1.0000000000,1.0000000000,0.9495929510,1.0000000000,1.0000000000,0.9899185902
2026-07-05T13:12:27Z,20260705T131224Z,4799,0.7496918975,1.0000000000,0.8560387825,0.5000000000,0.5000000000,0.7336307309
2026-07-05T13:12:27Z,20260705T131224Z,4800,0.8178906433,1.0000000000,0.4905400360,0.6666666667,0.6666666667,0.7359140013
2026-07-05T13:12:27Z,20260705T131224Z,4801,0.8308156933,1.0000000000,0.7230697624,0.6666666667,0.6666666667,0.7856512091
2026-07-05T13:12:27Z,20260705T131224Z,4802,0.9389292606,1.0000000000,0.6245830606,1.0000000000,1.0000000000,0.9096489273
2026-07-05T13:12:27Z,20260705T131224Z,4803,1.0000000000,1.0000000000,0.8286902325,1.0000000000,1.0000000000,0.9657380465
2026-07-05T13:12:27Z,20260705T131224Z,4804,0.9389292606,1.0000000000,0.7371896526,1.0000000000,1.0000000000,0.9321702457
2026-07-05T13:12:27Z,20260705T131224Z,4805,0.9389292606,1.0000000000,0.5032816033,1.0000000000,1.0000000000,0.8853886358
2026-07-05T13:12:27Z,20260705T131224Z,4806,0.8308156933,1.0000000000,0.7264618900,0.6666666667,0.6666666667,0.7863296347
2026-07-05T13:12:27Z,20260705T131224Z,4807,0.8308156933,1.0000000000,0.8897787526,0.6666666667,0.6666666667,0.8189930072
2026-07-05T13:12:27Z,20260705T131224Z,4808,0.8308156933,1.0000000000,0.9404540319,0.6666666667,0.6666666667,0.8291280630
2026-07-05T13:12:27Z,20260705T131224Z,4809,0.8178906433,1.0000000000,0.6471003434,0.6666666667,0.6666666667,0.7672260628
2026-07-05T13:12:27Z,20260705T131224Z,4810,0.8349916978,1.0000000000,0.5694031032,0.7500000000,0.7500000000,0.7851285451
2026-07-05T13:12:27Z,20260705T131224Z,4811,0.8695053551,1.0000000000,0.9195899607,0.8000000000,0.8000000000,0.8812943309
2026-07-05T13:12:27Z,20260705T131224Z,4812,0.8358978213,1.0000000000,0.9225413174,0.6000000000,0.6000000000,0.8034827188
2026-07-05T13:12:27Z,20260705T131224Z,4813,0.8308156933,1.0000000000,0.8986883744,0.6666666667,0.6666666667,0.8207749315
2026-07-05T13:12:27Z,20260705T131224Z,4814,0.7677204728,1.0000000000,0.7422378832,0.5000000000,0.5000000000,0.7153776948
2026-07-05T13:12:27Z,20260705T131224Z,4815,0.6161870225,1.0000000000,0.2103535909,0.3333333333,0.3333333333,0.5127841405
2026-07-05T13:12:27Z,20260705T131224Z,4816,0.7778850527,1.0000000000,0.6691569790,0.6666666667,0.6666666667,0.7616359923
2026-07-05T13:12:27Z,20260705T131224Z,4817,0.9291181088,1.0000000000,0.7510018070,1.0000000000,1.0000000000,0.9324798886
2026-07-05T13:12:27Z,20260705T131224Z,4818,0.9291181088,1.0000000000,0.8108830488,1.0000000000,1.0000000000,0.9444561370
2026-07-05T13:12:27Z,20260705T131224Z,4819,1.0000000000,1.0000000000,0.9377851185,1.0000000000,1.0000000000,0.9875570237
2026-07-05T13:12:27Z,20260705T131224Z,4820,0.9291181088,1.0000000000,0.7510018070,1.0000000000,1.0000000000,0.9324798886
2026-07-05T13:12:27Z,20260705T131224Z,4821,0.9291181088,1.0000000000,0.4704111026,1.0000000000,1.0000000000,0.8763617477
2026-07-05T13:12:27Z,20260705T131224Z,4822,0.9645590544,1.0000000000,0.6559582608,1.0000000000,1.0000000000,0.9223314158
2026-07-05T13:12:27Z,20260705T131224Z,4823,0.9645590544,1.0000000000,0.7048327647,1.0000000000,1.0000000000,0.9321063165
2026-07-05T13:12:27Z,20260705T131224Z,4824,1.0000000000,1.0000000000,0.7682837996,1.0000000000,1.0000000000,0.9536567599
2026-07-05T13:12:27Z,20260705T131224Z,4825,1.0000000000,1.0000000000,0.9377851185,1.0000000000,1.0000000000,0.9875570237
2026-07-05T13:12:27Z,20260705T131224Z,4826,1.0000000000,1.0000000000,0.7816241771,1.0000000000,1.0000000000,0.9563248354
2026-07-05T13:12:27Z,20260705T131224Z,4827,0.8178906433,1.0000000000,0.4905400360,0.6666666667,0.6666666667,0.7359140013
2026-07-05T13:12:27Z,20260705T131224Z,4828,0.8308156933,1.0000000000,0.9092703219,0.6666666667,0.6666666667,0.8228913210
2026-07-05T13:12:27Z,20260705T131224Z,4829,1.0000000000,1.0000000000,0.9433092750,1.0000000000,1.0000000000,0.9886618550
2026-07-05T13:12:27Z,20260705T131224Z,4830,0.9291181088,1.0000000000,0.5192856065,1.0000000000,1.0000000000,0.8861366485
2026-07-05T13:12:27Z,20260705T131224Z,4831,0.7895834242,1.0000000000,0.8820991465,0.5000000000,0.5000000000,0.7488156853
2026-07-05T13:12:27Z,20260705T131224Z,4832,0.8556136734,1.0000000000,0.6141035418,0.7500000000,0.7500000000,0.7992241267
2026-07-05T13:12:27Z,20260705T131224Z,4833,0.8349916978,1.0000000000,0.7591492508,0.7500000000,0.7500000000,0.8230777746
2026-07-05T13:12:27Z,20260705T131224Z,4834,0.7911717252,1.0000000000,0.8444189782,0.5000000000,0.5000000000,0.7416767269
2026-07-05T13:12:27Z,20260705T131224Z,4835,0.8178906433,1.0000000000,0.7683668270,0.6666666667,0.6666666667,0.7914793595
2026-07-05T13:12:27Z,20260705T131224Z,4836,0.6152447439,1.0000000000,0.3661265010,0.4000000000,0.4000000000,0.5670364862
2026-07-05T13:12:27Z,20260705T131224Z,4837,0.6847120998,1.0000000000,0.5154827098,0.6000000000,0.6000000000,0.6842745669
2026-07-05T13:12:27Z,20260705T131224Z,4838,0.8300540566,1.0000000000,0.6159994473,0.7500000000,0.7500000000,0.7932134036
2026-07-05T13:12:27Z,20260705T131224Z,4839,0.9694646303,1.0000000000,0.8799501953,1.0000000000,1.0000000000,0.9683561966
2026-07-05T13:12:27Z,20260705T131224Z,4840,0.8772872787,1.0000000000,0.4490777686,1.0000000000,1.0000000000,0.8591373734
2026-07-05T13:12:27Z,20260705T131224Z,4841,0.8556136734,1.0000000000,0.7832972124,0.7500000000,0.7500000000,0.8330628608
2026-07-05T13:12:27Z,20260705T131224Z,4842,0.6949824946,1.0000000000,0.4467936408,0.5000000000,0.5000000000,0.6381043518
2026-07-05T13:12:27Z,20260705T131224Z,4843,0.8308156933,1.0000000000,0.6877574403,0.6666666667,0.6666666667,0.7785887447
2026-07-05T13:12:27Z,20260705T131224Z,4844,0.8938939633,1.0000000000,0.5761728717,1.0000000000,1.0000000000,0.8887080652
2026-07-05T13:12:27Z,20260705T131224Z,4845,0.8308156933,1.0000000000,0.8501184345,0.6666666667,0.6666666667,0.8110609435
2026-07-05T13:12:27Z,20260705T131224Z,4846,0.7216876901,1.0000000000,0.4722013403,0.6666666667,0.6666666667,0.7081955239
2026-07-05T13:12:27Z,20260705T131224Z,4847,0.8048689313,1.0000000000,0.6048694646,0.6666666667,0.6666666667,0.7555244591
2026-07-05T13:12:27Z,20260705T131224Z,4848,1.0000000000,1.0000000000,0.7682837996,1.0000000000,1.0000000000,0.9536567599
2026-07-05T13:12:27Z,20260705T131224Z,4849,0.8178906433,1.0000000000,0.7019932405,0.6666666667,0.6666666667,0.7782046422
2026-07-05T13:12:27Z,20260705T131224Z,4850,0.8178906433,1.0000000000,0.5334392351,0.6666666667,0.6666666667,0.7444938412
2026-07-05T13:12:27Z,20260705T131224Z,4851,1.0000000000,1.0000000000,0.7816241771,1.0000000000,1.0000000000,0.9563248354
2026-07-05T13:12:27Z,20260705T131224Z,4852,1.0000000000,1.0000000000,0.9401187582,1.0000000000,1.0000000000,0.9880237516
2026-07-05T13:12:27Z,20260705T131224Z,4853,1.0000000000,1.0000000000,0.8903799229,1.0000000000,1.0000000000,0.9780759846
2026-07-05T13:12:27Z,20260705T131224Z,4854,1.0000000000,1.0000000000,0.9999999866,1.0000000000,1.0000000000,0.9999999973
2026-07-05T13:12:27Z,20260705T131224Z,4855,1.0000000000,1.0000000000,0.9470706479,1.0000000000,1.0000000000,0.9894141296
2026-07-05T13:12:27Z,20260705T131224Z,4856,1.0000000000,1.0000000000,0.8534376588,1.0000000000,1.0000000000,0.9706875318
2026-07-05T13:12:27Z,20260705T131224Z,4857,1.0000000000,1.0000000000,0.6746508104,1.0000000000,1.0000000000,0.9349301621
2026-07-05T13:12:27Z,20260705T131224Z,4858,0.9291181088,1.0000000000,0.8108830488,1.0000000000,1.0000000000,0.9444561370
2026-07-05T13:12:27Z,20260705T131224Z,4859,0.7796750095,1.0000000000,0.8001157969,0.5000000000,0.5000000000,0.7299419117
2026-07-05T13:12:27Z,20260705T131224Z,4860,0.7895834242,1.0000000000,0.7183137791,0.5000000000,0.5000000000,0.7160586119
2026-07-05T13:12:27Z,20260705T131224Z,4861,0.8308156933,1.0000000000,0.9088272235,0.6666666667,0.6666666667,0.8228027014
2026-07-05T13:12:27Z,20260705T131224Z,4862,0.8556136734,1.0000000000,0.6401384607,0.7500000000,0.7500000000,0.8044311105
2026-07-05T13:12:27Z,20260705T131224Z,4863,0.8556136734,1.0000000000,0.6955288029,0.7500000000,0.7500000000,0.8155091789
2026-07-05T13:12:27Z,20260705T131224Z,4864,0.6616313865,1.0000000000,0.0778660480,0.5000000000,0.5000000000,0.5559810562
2026-07-05T13:12:27Z,20260705T131224Z,4865,0.8328538820,1.0000000000,0.2214746312,0.7500000000,0.7500000000,0.7150083968
2026-07-05T13:12:27Z,20260705T131224Z,4866,0.8126140003,1.0000000000,0.7878635492,0.7500000000,0.7500000000,0.8232262099
2026-07-05T13:12:27Z,20260705T131224Z,4867,0.8461736740,1.0000000000,0.8495553931,0.7500000000,0.7500000000,0.8439544971
2026-07-05T13:12:27Z,20260705T131224Z,4868,0.7911717252,1.0000000000,0.8877487579,0.5000000000,0.5000000000,0.7503426829
2026-07-05T13:12:27Z,20260705T131224Z,4869,0.8178906433,1.0000000000,0.6027440936,0.6666666667,0.6666666667,0.7583548129
2026-07-05T13:12:27Z,20260705T131224Z,4870,0.7496918975,1.0000000000,0.9085182776,0.5000000000,0.5000000000,0.7441266299
2026-07-05T13:12:27Z,20260705T131224Z,4871,0.8308156933,1.0000000000,0.9092703219,0.6666666667,0.6666666667,0.8228913210
2026-07-05T13:12:27Z,20260705T131224Z,4872,0.7811646086,1.0000000000,0.6131510630,0.5000000000,0.5000000000,0.6929213648
2026-07-05T13:12:27Z,20260705T131224Z,4873,0.7110955233,1.0000000000,0.7452577830,0.4000000000,0.4000000000,0.6668254374
2026-07-05T13:12:27Z,20260705T131224Z,4874,0.9694646303,1.0000000000,0.6157244275,1.0000000000,1.0000000000,0.9155110431
2026-07-05T13:12:27Z,20260705T131224Z,4875,0.8266479091,1.0000000000,0.6433055004,0.6666666667,0.6666666667,0.7686564107
2026-07-05T13:12:27Z,20260705T131224Z,4876,1.0000000000,1.0000000000,0.8981961439,1.0000000000,1.0000000000,0.9796392288
2026-07-05T13:12:27Z,20260705T131224Z,4877,1.0000000000,1.0000000000,0.8534376588,1.0000000000,1.0000000000,0.9706875318
2026-07-05T13:12:27Z,20260705T131224Z,4878,0.8308156933,1.0000000000,0.9316952934,0.6666666667,0.6666666667,0.8273763153
2026-07-05T13:12:27Z,20260705T131224Z,4879,1.0000000000,1.0000000000,0.9476110672,1.0000000000,1.0000000000,0.9895222134
2026-07-05T13:12:27Z,20260705T131224Z,4880,0.8308156933,1.0000000000,0.9551503268,0.6666666667,0.6666666667,0.8320673220
2026-07-05T13:12:27Z,20260705T131224Z,4881,0.8308156933,1.0000000000,0.9551503268,0.6666666667,0.6666666667,0.8320673220
2026-07-05T13:12:27Z,20260705T131224Z,4882,0.8308156933,1.0000000000,0.7778385530,0.6666666667,0.6666666667,0.7966049672
2026-07-05T13:12:27Z,20260705T131224Z,4883,0.7216876901,1.0000000000,0.5153931397,0.6666666667,0.6666666667,0.7168338838
2026-07-05T13:12:27Z,20260705T131224Z,4884,0.7216876901,1.0000000000,0.4908943740,0.6666666667,0.6666666667,0.7119341306
2026-07-05T13:12:27Z,20260705T131224Z,4885,0.8308156933,1.0000000000,0.8460095594,0.6666666667,0.6666666667,0.8102391685
2026-07-05T13:12:27Z,20260705T131224Z,4886,1.0000000000,1.0000000000,0.6964328328,1.0000000000,1.0000000000,0.9392865666
2026-07-05T13:12:27Z,20260705T131224Z,4887,0.8461736740,1.0000000000,0.8275151314,0.7500000000,0.7500000000,0.8395464448
2026-07-05T13:12:27Z,20260705T131224Z,4888,0.8543900003,1.0000000000,0.8782263520,0.8000000000,0.8000000000,0.8692427705
2026-07-05T13:12:27Z,20260705T131224Z,4889,0.8515714915,1.0000000000,0.8123305728,0.8000000000,0.8000000000,0.8553589874
2026-07-05T13:12:27Z,20260705T131224Z,4890,0.9719380415,1.0000000000,0.9299808181,1.0000000000,1.0000000000,0.9789806740
2026-07-05T13:12:27Z,20260705T131224Z,4891,0.7911717252,1.0000000000,0.8148102034,0.5000000000,0.5000000000,0.7357549720
2026-07-05T13:12:27Z,20260705T131224Z,4892,0.8308156933,1.0000000000,0.8501184345,0.6666666667,0.6666666667,0.8110609435
2026-07-05T13:12:27Z,20260705T131224Z,4893,0.7043382816,1.0000000000,0.8106440059,0.4000000000,0.4000000000,0.6782133716
2026-07-05T13:12:27Z,20260705T131224Z,4894,0.7911717252,1.0000000000,0.9108958461,0.5000000000,0.5000000000,0.7549721005
2026-07-05T13:12:27Z,20260705T131224Z,4895,0.7737924475,1.0000000000,0.8960169408,0.4000000000,0.4000000000,0.7126515000
2026-07-05T13:12:27Z,20260705T131224Z,4896,0.7648066922,1.0000000000,0.4243178919,0.4000000000,0.4000000000,0.6160652514
2026-07-05T13:12:27Z,20260705T131224Z,4897,0.8308156933,1.0000000000,0.6679603192,0.6666666667,0.6666666667,0.7746293205
2026-07-05T13:12:27Z,20260705T131224Z,4898,0.8308156933,1.0000000000,0.7554216999,0.6666666667,0.6666666667,0.7921215966
2026-07-05T13:12:27Z,20260705T131224Z,4899,0.8308156933,1.0000000000,0.9435168154,0.6666666667,0.6666666667,0.8297406197
2026-07-05T13:12:27Z,20260705T131224Z,4900,0.8308156933,1.0000000000,0.9578593300,0.6666666667,0.6666666667,0.8326091226
2026-07-05T13:12:27Z,20260705T131224Z,4901,1.0000000000,1.0000000000,0.9999999905,1.0000000000,1.0000000000,0.9999999981
2026-07-05T13:12:27Z,20260705T131224Z,4902,1.0000000000,1.0000000000,0.9511254961,1.0000000000,1.0000000000,0.9902250992
2026-07-05T13:12:27Z,20260705T131224Z,4903,0.7677204728,1.0000000000,0.7951672353,0.5000000000,0.5000000000,0.7259635653
2026-07-05T13:12:27Z,20260705T131224Z,4904,0.7221149473,1.0000000000,0.9167411894,0.3333333333,0.3333333333,0.6805436414
2026-07-05T13:12:27Z,20260705T131224Z,4905,0.6251540513,1.0000000000,0.8613396374,0.2500000000,0.2500000000,0.6160564403
2026-07-05T13:12:27Z,20260705T131224Z,4906,0.6257641301,1.0000000000,0.8782153545,0.2500000000,0.2500000000,0.6195841034
2026-07-05T13:12:27Z,20260705T131224Z,4907,0.7954950513,1.0000000000,0.8224657102,0.7500000000,0.7500000000,0.8258669049
2026-07-05T13:12:27Z,20260705T131224Z,4908,0.8003084866,1.0000000000,0.8431457031,0.7500000000,0.7500000000,0.8312062623
2026-07-05T13:12:27Z,20260705T131224Z,4909,0.6293424783,1.0000000000,0.8861306124,0.3333333333,0.3333333333,0.6512284087
2026-07-05T13:12:27Z,20260705T131224Z,4910,0.7648066922,1.0000000000,0.1538071002,0.4000000000,0.4000000000,0.5619630931
2026-07-05T13:12:27Z,20260705T131224Z,4911,0.6186566985,1.0000000000,0.0703488072,0.3333333333,0.3333333333,0.4854006027
2026-07-05T13:12:27Z,20260705T131224Z,4912,0.8308156933,1.0000000000,0.9446321591,0.6666666667,0.6666666667,0.8299636885
2026-07-05T13:12:27Z,20260705T131224Z,4913,0.5439435634,1.0000000000,0.3951298117,0.2000000000,0.2000000000,0.4850118532
2026-07-05T13:12:27Z,20260705T131224Z,4914,0.8178906433,1.0000000000,0.4323911159,0.6666666667,0.6666666667,0.7242842173
2026-07-05T13:12:27Z,20260705T131224Z,4915,0.6666666667,1.0000000000,0.9526695251,0.3333333333,0.3333333333,0.6738672384
2026-07-05T13:12:27Z,20260705T131224Z,4916,0.6251540513,1.0000000000,0.7195129066,0.2500000000,0.2500000000,0.5876910941
2026-07-05T13:12:27Z,20260705T131224Z,4917,0.8308156933,1.0000000000,0.9522826136,0.6666666667,0.6666666667,0.8314937794
2026-07-05T13:12:27Z,20260705T131224Z,4918,0.8308156933,1.0000000000,0.9092703219,0.6666666667,0.6666666667,0.8228913210
2026-07-05T13:12:27Z,20260705T131224Z,4919,0.8308156933,1.0000000000,0.9493633843,0.6666666667,0.6666666667,0.8309099335
2026-07-05T13:12:27Z,20260705T131224Z,4920,1.0000000000,1.0000000000,0.9433092750,1.0000000000,1.0000000000,0.9886618550
2026-07-05T13:12:27Z,20260705T131224Z,4921,0.6666666667,1.0000000000,0.7401924071,0.3333333333,0.3333333333,0.6313718148
2026-07-05T13:12:27Z,20260705T131224Z,4922,0.6666666667,1.0000000000,0.7401924071,0.3333333333,0.3333333333,0.6313718148
2026-07-05T13:12:27Z,20260705T131224Z,4923,0.9291181088,1.0000000000,0.5155242336,1.0000000000,1.0000000000,0.8853843739
2026-07-05T13:12:27Z,20260705T131224Z,4924,0.5579274389,1.0000000000,0.2546232384,0.2000000000,0.2000000000,0.4604065074
2026-07-05T13:12:27Z,20260705T131224Z,4925,0.7295870522,1.0000000000,0.9115516734,0.5000000000,0.5000000000,0.7397070977
2026-07-05T13:12:27Z,20260705T131224Z,4926,0.6666666667,1.0000000000,0.8405601341,0.3333333333,0.3333333333,0.6514453602
2026-07-05T13:12:27Z,20260705T131224Z,4927,0.8308156933,1.0000000000,0.9105614780,0.6666666667,0.6666666667,0.8231495523
2026-07-05T13:12:27Z,20260705T131224Z,4928,0.7496918975,1.0000000000,0.9474775917,0.5000000000,0.5000000000,0.7519184927
2026-07-05T13:12:27Z,20260705T131224Z,4929,0.8202606934,1.0000000000,0.9474327708,0.7500000000,0.7500000000,0.8570517275
2026-07-05T13:12:27Z,20260705T131224Z,4930,0.8202606934,1.0000000000,0.9474327708,0.7500000000,0.7500000000,0.8570517275
2026-07-05T13:12:27Z,20260705T131224Z,4931,0.8003084866,1.0000000000,0.9158158044,0.7500000000,0.7500000000,0.8457402825
2026-07-05T13:12:27Z,20260705T131224Z,4932,0.7011185094,1.0000000000,0.8743340836,0.2500000000,0.2500000000,0.6376464441
2026-07-05T13:12:27Z,20260705T131224Z,4933,0.9999999953,1.0000000000,1.0000000000,1.0000000000,1.0000000000,0.9999999988
2026-07-05T13:12:27Z,20260705T131224Z,4934,0.7233498105,1.0000000000,0.9500849642,0.3333333333,0.3333333333,0.6875211121
2026-07-05T13:12:27Z,20260705T131224Z,4935,0.6257641301,1.0000000000,0.9399182504,0.2500000000,0.2500000000,0.6319246826
2026-07-05T13:12:27Z,20260705T131224Z,4936,0.7677204728,1.0000000000,0.9665245833,0.5000000000,0.5000000000,0.7602350349
2026-07-05T13:12:27Z,20260705T131224Z,4937,0.7221149473,1.0000000000,0.9167411894,0.3333333333,0.3333333333,0.6805436414
2026-07-05T13:12:27Z,20260705T131224Z,4938,0.8308156933,1.0000000000,0.9446321591,0.6666666667,0.6666666667,0.8299636885
2026-07-05T13:12:27Z,20260705T131224Z,4939,0.7778850527,1.0000000000,0.9254705402,0.6666666667,0.6666666667,0.8128987046
2026-07-05T13:12:27Z,20260705T131224Z,4940,0.9389292606,1.0000000000,0.9122925691,1.0000000000,1.0000000000,0.9671908290
2026-07-05T13:12:27Z,20260705T131224Z,4941,0.7107144013,1.0000000000,0.8837460476,0.5000000000,0.5000000000,0.7294278098
2026-07-05T13:12:27Z,20260705T131224Z,4942,0.8308156933,1.0000000000,0.8645991675,0.6666666667,0.6666666667,0.8139570902
2026-07-05T13:12:27Z,20260705T131224Z,4943,1.0000000000,1.0000000000,0.8656138103,1.0000000000,1.0000000000,0.9731227621
2026-07-05T13:12:27Z,20260705T131224Z,4944,0.7295870522,1.0000000000,0.9066127506,0.5000000000,0.5000000000,0.7387193132
2026-07-05T13:12:27Z,20260705T131224Z,4945,0.7011185094,1.0000000000,0.9032887910,0.2500000000,0.2500000000,0.6434373856
2026-07-05T13:12:27Z,20260705T131224Z,4946,0.6959132760,1.0000000000,0.9208331517,0.2000000000,0.2000000000,0.6281449493
2026-07-05T13:12:27Z,20260705T131224Z,4947,0.7677204728,1.0000000000,0.9437500873,0.6000000000,0.6000000000,0.7906801357
2026-07-05T13:12:27Z,20260705T131224Z,4948,0.7309729266,1.0000000000,0.9355157590,0.5000000000,0.5000000000,0.7448463834
2026-07-05T13:12:27Z,20260705T131224Z,4949,0.5796768414,1.0000000000,0.8507523892,0.2000000000,0.2000000000,0.5850696882
2026-07-05T13:12:27Z,20260705T131224Z,4950,0.6251540513,1.0000000000,0.8574144267,0.2500000000,0.2500000000,0.6152713982
2026-07-05T13:12:27Z,20260705T131224Z,4951,1.0000000000,1.0000000000,0.9999999905,1.0000000000,1.0000000000,0.9999999981
2026-07-05T13:12:27Z,20260705T131224Z,4952,0.7677204728,1.0000000000,0.9295534250,0.5000000000,0.5000000000,0.7528408032
2026-07-05T13:12:27Z,20260705T131224Z,4953,0.7677204728,1.0000000000,0.9665245833,0.5000000000,0.5000000000,0.7602350349
2026-07-05T13:12:27Z,20260705T131224Z,4954,0.7525263750,1.0000000000,0.9471067961,0.5000000000,0.5000000000,0.7525529530
2026-07-05T13:12:27Z,20260705T131224Z,4955,0.6009334931,1.0000000000,0.7855486050,0.2000000000,0.2000000000,0.5773430943
2026-07-05T13:12:27Z,20260705T131224Z,4956,0.6666666667,1.0000000000,0.7678549546,0.3333333333,0.3333333333,0.6369043242
2026-07-05T13:12:27Z,20260705T131224Z,4957,0.7778850527,1.0000000000,0.8725915946,0.6666666667,0.6666666667,0.8023229154
2026-07-05T13:12:27Z,20260705T131224Z,4958,0.8308156933,1.0000000000,0.9118951572,0.6666666667,0.6666666667,0.8234162881
2026-07-05T13:12:27Z,20260705T131224Z,4959,0.7295870522,1.0000000000,0.8543815259,0.5000000000,0.5000000000,0.7282730682
2026-07-05T13:12:27Z,20260705T131224Z,4960,0.7048492880,1.0000000000,0.9127505765,0.6000000000,0.6000000000,0.7687624373
2026-07-05T13:12:27Z,20260705T131224Z,4961,0.8202606934,1.0000000000,0.9474327708,0.7500000000,0.7500000000,0.8570517275
2026-07-05T13:12:27Z,20260705T131224Z,4962,0.7107144013,1.0000000000,0.8002247874,0.5000000000,0.5000000000,0.7127235578
2026-07-05T13:12:27Z,20260705T131224Z,4963,0.7221149473,1.0000000000,0.7776398117,0.3333333333,0.3333333333,0.6527233658
2026-07-05T13:12:27Z,20260705T131224Z,4964,0.9999999953,1.0000000000,1.0000000000,1.0000000000,1.0000000000,0.9999999988
2026-07-05T13:12:27Z,20260705T131224Z,4965,0.9999999953,1.0000000000,1.0000000000,1.0000000000,1.0000000000,0.9999999988
2026-07-05T13:12:27Z,20260705T131224Z,4966,0.7677204728,1.0000000000,0.9665245833,0.5000000000,0.5000000000,0.7602350349
2026-07-05T13:12:27Z,20260705T131224Z,4967,0.6666666667,1.0000000000,0.9526695251,0.3333333333,0.3333333333,0.6738672384
2026-07-05T13:12:27Z,20260705T131224Z,4968,0.7677204728,1.0000000000,0.9665245833,0.5000000000,0.5000000000,0.7602350349
2026-07-05T13:12:27Z,20260705T131224Z,4969,0.7677204728,1.0000000000,0.9665245833,0.5000000000,0.5000000000,0.7602350349
2026-07-05T13:12:27Z,20260705T131224Z,4970,0.7677204728,1.0000000000,0.9665245833,0.5000000000,0.5000000000,0.7602350349
2026-07-05T13:12:27Z,20260705T131224Z,4971,0.7011185094,1.0000000000,0.9032887910,0.2500000000,0.2500000000,0.6434373856
2026-07-05T13:12:27Z,20260705T131224Z,4972,0.6626838260,1.0000000000,0.8982235546,0.4000000000,0.4000000000,0.6853156674
2026-07-05T13:12:27Z,20260705T131224Z,4973,0.8258679853,1.0000000000,0.8733772377,0.6000000000,0.6000000000,0.7911424439
2026-07-05T13:12:27Z,20260705T131224Z,4974,0.8695053551,1.0000000000,0.9265803561,0.8000000000,0.8000000000,0.8826924100
2026-07-05T13:12:27Z,20260705T131224Z,4975,0.7372806574,1.0000000000,0.8982035816,0.6000000000,0.6000000000,0.7739608807
2026-07-05T13:12:27Z,20260705T131224Z,4976,0.7372806574,1.0000000000,0.9075809731,0.6000000000,0.6000000000,0.7758363590
2026-07-05T13:12:27Z,20260705T131224Z,4977,0.7295870522,1.0000000000,0.9115516734,0.5000000000,0.5000000000,0.7397070977
2026-07-05T13:12:27Z,20260705T131224Z,4978,0.6009334931,1.0000000000,0.9272334413,0.2000000000,0.2000000000,0.6056800615
2026-07-05T13:12:27Z,20260705T131224Z,4979,0.8225951886,1.0000000000,0.9626090465,0.7500000000,0.7500000000,0.8606706065
2026-07-05T13:12:27Z,20260705T131224Z,4980,0.5800528066,1.0000000000,0.6248582784,0.2000000000,0.2000000000,0.5399848573
2026-07-05T13:12:27Z,20260705T131224Z,4981,1.0000000000,1.0000000000,0.7984096004,1.0000000000,1.0000000000,0.9596819201
2026-07-05T13:12:27Z,20260705T131224Z,4982,0.8308156933,1.0000000000,0.8614710364,0.6666666667,0.6666666667,0.8133314639
2026-07-05T13:12:27Z,20260705T131224Z,4983,1.0000000000,1.0000000000,0.9222756411,1.0000000000,1.0000000000,0.9844551282
2026-07-05T13:12:27Z,20260705T131224Z,4984,0.6186566985,1.0000000000,0.4286629272,0.3333333333,0.3333333333,0.5570634267
2026-07-05T13:12:27Z,20260705T131224Z,4985,0.7796750095,1.0000000000,0.6710343338,0.5000000000,0.5000000000,0.7041256191
2026-07-05T13:12:27Z,20260705T131224Z,4986,0.7002216302,1.0000000000,0.7274040254,0.2500000000,0.2500000000,0.6080362126
2026-07-05T13:12:27Z,20260705T131224Z,4987,0.7677204728,1.0000000000,0.8888002244,0.5000000000,0.5000000000,0.7446901631
2026-07-05T13:12:27Z,20260705T131224Z,4988,0.8048689313,1.0000000000,0.9163663756,0.6666666667,0.6666666667,0.8178238413
2026-07-05T13:12:27Z,20260705T131224Z,4989,0.8048689313,1.0000000000,0.8269519658,0.6666666667,0.6666666667,0.7999409593
2026-07-05T13:12:27Z,20260705T131224Z,4990,1.0000000000,1.0000000000,0.9511254961,1.0000000000,1.0000000000,0.9902250992
2026-07-05T13:12:27Z,20260705T131224Z,4991,0.6257641301,1.0000000000,0.8364016295,0.2500000000,0.2500000000,0.6112213584
2026-07-05T13:12:27Z,20260705T131224Z,4992,0.6972020364,1.0000000000,0.7828873003,0.5000000000,0.5000000000,0.7058779691
2026-07-05T13:12:27Z,20260705T131224Z,4993,1.0000000000,1.0000000000,0.9157993400,1.0000000000,1.0000000000,0.9831598680
2026-07-05T13:12:27Z,20260705T131224Z,4994,1.0000000000,1.0000000000,0.8462916796,1.0000000000,1.0000000000,0.9692583359
2026-07-05T13:12:27Z,20260705T131224Z,4995,0.8003084866,1.0000000000,0.7925490109,0.7500000000,0.7500000000,0.8210869238
2026-07-05T13:12:27Z,20260705T131224Z,4996,0.9514110373,1.0000000000,0.9413113061,1.0000000000,1.0000000000,0.9761150205
2026-07-05T13:12:27Z,20260705T131224Z,4997,0.7708807339,1.0000000000,0.9413736858,0.6000000000,0.6000000000,0.7909949206
