cand_id,stratum,policy,hit,fa
0,cross/aligned,always_multiD,1,11
0,cross/aligned,union4_bonf,1,11
0,cross/aligned,dci_v3,1,11
0,cross/aligned,dci_v3_a8,1,11
0,cross/aligned,best_axis_oracle,1,0
0,cross/aligned,every_k2,1,5
0,cross/aligned,adwin,0,0
0,cross/aligned,mcusum,1,11
0,cross/aligned,sketch1,1,11
1,cross/aligned,always_multiD,1,2
1,cross/aligned,union4_bonf,1,0
1,cross/aligned,dci_v3,1,0
1,cross/aligned,dci_v3_a8,1,0
1,cross/aligned,best_axis_oracle,1,0
1,cross/aligned,every_k2,1,1
1,cross/aligned,adwin,0,0
1,cross/aligned,mcusum,0,0
1,cross/aligned,sketch1,0,0
2,cross/aligned,always_multiD,1,11
2,cross/aligned,union4_bonf,1,11
2,cross/aligned,dci_v3,1,11
2,cross/aligned,dci_v3_a8,1,11
2,cross/aligned,best_axis_oracle,1,11
2,cross/aligned,every_k2,1,5
2,cross/aligned,adwin,0,0
2,cross/aligned,mcusum,1,11
2,cross/aligned,sketch1,1,11
3,cross/aligned,always_multiD,1,13
3,cross/aligned,union4_bonf,1,13
3,cross/aligned,dci_v3,1,13
3,cross/aligned,dci_v3_a8,1,13
3,cross/aligned,best_axis_oracle,1,0
3,cross/aligned,every_k2,1,6
3,cross/aligned,adwin,0,0
3,cross/aligned,mcusum,1,11
3,cross/aligned,sketch1,1,13
4,cross/aligned,always_multiD,1,11
4,cross/aligned,union4_bonf,1,11
4,cross/aligned,dci_v3,1,11
4,cross/aligned,dci_v3_a8,1,11
4,cross/aligned,best_axis_oracle,1,0
4,cross/aligned,every_k2,0,6
4,cross/aligned,adwin,0,0
4,cross/aligned,mcusum,1,11
4,cross/aligned,sketch1,1,11
5,cross/aligned,always_multiD,1,11
5,cross/aligned,union4_bonf,1,0
5,cross/aligned,dci_v3,1,5
5,cross/aligned,dci_v3_a8,1,5
5,cross/aligned,best_axis_oracle,1,0
5,cross/aligned,every_k2,1,5
5,cross/aligned,adwin,0,0
5,cross/aligned,mcusum,0,0
5,cross/aligned,sketch1,0,0
6,cross/aligned,always_multiD,1,15
6,cross/aligned,union4_bonf,1,15
6,cross/aligned,dci_v3,1,15
6,cross/aligned,dci_v3_a8,1,15
6,cross/aligned,best_axis_oracle,1,4
6,cross/aligned,every_k2,1,7
6,cross/aligned,adwin,0,0
6,cross/aligned,mcusum,1,15
6,cross/aligned,sketch1,1,4
7,cross/aligned,always_multiD,1,11
7,cross/aligned,union4_bonf,1,11
7,cross/aligned,dci_v3,1,11
7,cross/aligned,dci_v3_a8,1,11
7,cross/aligned,best_axis_oracle,1,5
7,cross/aligned,every_k2,0,6
7,cross/aligned,adwin,0,0
7,cross/aligned,mcusum,1,11
7,cross/aligned,sketch1,1,0
8,cross/aligned,always_multiD,1,12
8,cross/aligned,union4_bonf,1,11
8,cross/aligned,dci_v3,1,11
8,cross/aligned,dci_v3_a8,1,11
8,cross/aligned,best_axis_oracle,1,11
8,cross/aligned,every_k2,0,6
8,cross/aligned,adwin,0,0
8,cross/aligned,mcusum,1,11
8,cross/aligned,sketch1,1,11
9,cross/aligned,always_multiD,1,15
9,cross/aligned,union4_bonf,1,15
9,cross/aligned,dci_v3,1,15
9,cross/aligned,dci_v3_a8,1,15
9,cross/aligned,best_axis_oracle,1,15
9,cross/aligned,every_k2,0,8
9,cross/aligned,adwin,0,0
9,cross/aligned,mcusum,1,15
9,cross/aligned,sketch1,1,15
10,cross/aligned,always_multiD,1,15
10,cross/aligned,union4_bonf,1,17
10,cross/aligned,dci_v3,1,17
10,cross/aligned,dci_v3_a8,1,17
10,cross/aligned,best_axis_oracle,1,10
10,cross/aligned,every_k2,1,7
10,cross/aligned,adwin,0,0
10,cross/aligned,mcusum,1,15
10,cross/aligned,sketch1,1,12
11,cross/aligned,always_multiD,1,7
11,cross/aligned,union4_bonf,1,1
11,cross/aligned,dci_v3,1,1
11,cross/aligned,dci_v3_a8,1,2
11,cross/aligned,best_axis_oracle,1,2
11,cross/aligned,every_k2,0,3
11,cross/aligned,adwin,0,0
11,cross/aligned,mcusum,0,0
11,cross/aligned,sketch1,0,0
12,cross/aligned,always_multiD,1,17
12,cross/aligned,union4_bonf,1,17
12,cross/aligned,dci_v3,1,17
12,cross/aligned,dci_v3_a8,1,17
12,cross/aligned,best_axis_oracle,1,11
12,cross/aligned,every_k2,1,7
12,cross/aligned,adwin,0,0
12,cross/aligned,mcusum,1,12
12,cross/aligned,sketch1,1,16
13,cross/aligned,always_multiD,1,6
13,cross/aligned,union4_bonf,1,0
13,cross/aligned,dci_v3,1,0
13,cross/aligned,dci_v3_a8,1,0
13,cross/aligned,best_axis_oracle,1,0
13,cross/aligned,every_k2,0,3
13,cross/aligned,adwin,0,0
13,cross/aligned,mcusum,0,0
13,cross/aligned,sketch1,0,0
14,cross/aligned,always_multiD,1,11
14,cross/aligned,union4_bonf,1,11
14,cross/aligned,dci_v3,1,11
14,cross/aligned,dci_v3_a8,1,11
14,cross/aligned,best_axis_oracle,1,11
14,cross/aligned,every_k2,1,5
14,cross/aligned,adwin,0,0
14,cross/aligned,mcusum,1,11
14,cross/aligned,sketch1,1,11
15,cross/aligned,always_multiD,1,13
15,cross/aligned,union4_bonf,1,11
15,cross/aligned,dci_v3,1,11
15,cross/aligned,dci_v3_a8,1,12
15,cross/aligned,best_axis_oracle,1,11
15,cross/aligned,every_k2,1,6
15,cross/aligned,adwin,0,0
15,cross/aligned,mcusum,1,11
15,cross/aligned,sketch1,1,11
16,cross/aligned,always_multiD,1,8
16,cross/aligned,union4_bonf,1,0
16,cross/aligned,dci_v3,1,0
16,cross/aligned,dci_v3_a8,1,1
16,cross/aligned,best_axis_oracle,1,1
16,cross/aligned,every_k2,0,5
16,cross/aligned,adwin,0,0
16,cross/aligned,mcusum,0,2
16,cross/aligned,sketch1,0,0
17,cross/aligned,always_multiD,1,11
17,cross/aligned,union4_bonf,1,11
17,cross/aligned,dci_v3,1,11
17,cross/aligned,dci_v3_a8,1,11
17,cross/aligned,best_axis_oracle,1,11
17,cross/aligned,every_k2,1,5
17,cross/aligned,adwin,0,0
17,cross/aligned,mcusum,1,11
17,cross/aligned,sketch1,1,11
18,cross/aligned,always_multiD,1,11
18,cross/aligned,union4_bonf,1,11
18,cross/aligned,dci_v3,1,11
18,cross/aligned,dci_v3_a8,1,11
18,cross/aligned,best_axis_oracle,1,11
18,cross/aligned,every_k2,0,6
18,cross/aligned,adwin,0,0
18,cross/aligned,mcusum,1,11
18,cross/aligned,sketch1,0,9
19,cross/aligned,always_multiD,1,11
19,cross/aligned,union4_bonf,1,11
19,cross/aligned,dci_v3,1,11
19,cross/aligned,dci_v3_a8,1,11
19,cross/aligned,best_axis_oracle,1,11
19,cross/aligned,every_k2,0,6
19,cross/aligned,adwin,0,0
19,cross/aligned,mcusum,1,11
19,cross/aligned,sketch1,1,11
20,cross/aligned,always_multiD,1,15
20,cross/aligned,union4_bonf,1,15
20,cross/aligned,dci_v3,1,15
20,cross/aligned,dci_v3_a8,1,15
20,cross/aligned,best_axis_oracle,1,11
20,cross/aligned,every_k2,1,7
20,cross/aligned,adwin,0,0
20,cross/aligned,mcusum,1,15
20,cross/aligned,sketch1,1,15
21,cross/aligned,always_multiD,1,17
21,cross/aligned,union4_bonf,1,17
21,cross/aligned,dci_v3,1,17
21,cross/aligned,dci_v3_a8,1,17
21,cross/aligned,best_axis_oracle,1,11
21,cross/aligned,every_k2,1,7
21,cross/aligned,adwin,0,0
21,cross/aligned,mcusum,1,12
21,cross/aligned,sketch1,1,16
22,cross/aligned,always_multiD,1,13
22,cross/aligned,union4_bonf,1,11
22,cross/aligned,dci_v3,1,11
22,cross/aligned,dci_v3_a8,1,11
22,cross/aligned,best_axis_oracle,1,11
22,cross/aligned,every_k2,1,6
22,cross/aligned,adwin,0,0
22,cross/aligned,mcusum,1,11
22,cross/aligned,sketch1,1,11
23,cross/aligned,always_multiD,1,15
23,cross/aligned,union4_bonf,1,15
23,cross/aligned,dci_v3,1,15
23,cross/aligned,dci_v3_a8,1,15
23,cross/aligned,best_axis_oracle,1,15
23,cross/aligned,every_k2,0,8
23,cross/aligned,adwin,0,0
23,cross/aligned,mcusum,1,15
23,cross/aligned,sketch1,1,15
24,cross/aligned,always_multiD,1,11
24,cross/aligned,union4_bonf,1,11
24,cross/aligned,dci_v3,1,11
24,cross/aligned,dci_v3_a8,1,11
24,cross/aligned,best_axis_oracle,1,11
24,cross/aligned,every_k2,1,5
24,cross/aligned,adwin,0,0
24,cross/aligned,mcusum,1,11
24,cross/aligned,sketch1,1,11
25,cross/aligned,always_multiD,1,11
25,cross/aligned,union4_bonf,1,11
25,cross/aligned,dci_v3,1,11
25,cross/aligned,dci_v3_a8,1,11
25,cross/aligned,best_axis_oracle,1,2
25,cross/aligned,every_k2,1,5
25,cross/aligned,adwin,0,0
25,cross/aligned,mcusum,1,11
25,cross/aligned,sketch1,1,11
26,cross/aligned,always_multiD,1,11
26,cross/aligned,union4_bonf,1,11
26,cross/aligned,dci_v3,1,11
26,cross/aligned,dci_v3_a8,1,11
26,cross/aligned,best_axis_oracle,1,11
26,cross/aligned,every_k2,0,6
26,cross/aligned,adwin,0,0
26,cross/aligned,mcusum,1,11
26,cross/aligned,sketch1,1,11
27,cross/aligned,always_multiD,1,11
27,cross/aligned,union4_bonf,1,11
27,cross/aligned,dci_v3,1,11
27,cross/aligned,dci_v3_a8,1,11
27,cross/aligned,best_axis_oracle,1,11
27,cross/aligned,every_k2,0,6
27,cross/aligned,adwin,0,0
27,cross/aligned,mcusum,1,11
27,cross/aligned,sketch1,1,11
28,cross/aligned,always_multiD,1,12
28,cross/aligned,union4_bonf,1,11
28,cross/aligned,dci_v3,1,11
28,cross/aligned,dci_v3_a8,1,11
28,cross/aligned,best_axis_oracle,1,11
28,cross/aligned,every_k2,0,6
28,cross/aligned,adwin,0,0
28,cross/aligned,mcusum,1,11
28,cross/aligned,sketch1,1,11
29,cross/aligned,always_multiD,1,11
29,cross/aligned,union4_bonf,1,11
29,cross/aligned,dci_v3,1,11
29,cross/aligned,dci_v3_a8,1,11
29,cross/aligned,best_axis_oracle,1,11
29,cross/aligned,every_k2,1,5
29,cross/aligned,adwin,0,0
29,cross/aligned,mcusum,1,11
29,cross/aligned,sketch1,1,11
30,cross/aligned,always_multiD,1,13
30,cross/aligned,union4_bonf,1,13
30,cross/aligned,dci_v3,1,13
30,cross/aligned,dci_v3_a8,1,13
30,cross/aligned,best_axis_oracle,1,11
30,cross/aligned,every_k2,1,6
30,cross/aligned,adwin,0,0
30,cross/aligned,mcusum,1,13
30,cross/aligned,sketch1,1,12
31,cross/aligned,always_multiD,1,11
31,cross/aligned,union4_bonf,1,11
31,cross/aligned,dci_v3,1,11
31,cross/aligned,dci_v3_a8,1,11
31,cross/aligned,best_axis_oracle,1,11
31,cross/aligned,every_k2,0,6
31,cross/aligned,adwin,0,0
31,cross/aligned,mcusum,1,11
31,cross/aligned,sketch1,1,11
32,cross/aligned,always_multiD,1,15
32,cross/aligned,union4_bonf,1,15
32,cross/aligned,dci_v3,1,15
32,cross/aligned,dci_v3_a8,1,15
32,cross/aligned,best_axis_oracle,1,11
32,cross/aligned,every_k2,0,8
32,cross/aligned,adwin,0,0
32,cross/aligned,mcusum,1,15
32,cross/aligned,sketch1,1,15
33,cross/aligned,always_multiD,1,11
33,cross/aligned,union4_bonf,1,11
33,cross/aligned,dci_v3,1,11
33,cross/aligned,dci_v3_a8,1,11
33,cross/aligned,best_axis_oracle,1,11
33,cross/aligned,every_k2,1,5
33,cross/aligned,adwin,0,0
33,cross/aligned,mcusum,1,11
33,cross/aligned,sketch1,1,11
34,cross/aligned,always_multiD,1,11
34,cross/aligned,union4_bonf,1,11
34,cross/aligned,dci_v3,1,11
34,cross/aligned,dci_v3_a8,1,11
34,cross/aligned,best_axis_oracle,1,9
34,cross/aligned,every_k2,0,6
34,cross/aligned,adwin,0,0
34,cross/aligned,mcusum,1,11
34,cross/aligned,sketch1,1,7
35,cross/aligned,always_multiD,1,11
35,cross/aligned,union4_bonf,1,11
35,cross/aligned,dci_v3,1,11
35,cross/aligned,dci_v3_a8,1,11
35,cross/aligned,best_axis_oracle,1,7
35,cross/aligned,every_k2,0,6
35,cross/aligned,adwin,0,0
35,cross/aligned,mcusum,1,11
35,cross/aligned,sketch1,1,11
36,cross/aligned,always_multiD,1,15
36,cross/aligned,union4_bonf,1,17
36,cross/aligned,dci_v3,1,17
36,cross/aligned,dci_v3_a8,1,17
36,cross/aligned,best_axis_oracle,1,15
36,cross/aligned,every_k2,0,8
36,cross/aligned,adwin,0,0
36,cross/aligned,mcusum,1,15
36,cross/aligned,sketch1,1,17
37,cross/aligned,always_multiD,1,11
37,cross/aligned,union4_bonf,1,11
37,cross/aligned,dci_v3,1,11
37,cross/aligned,dci_v3_a8,1,11
37,cross/aligned,best_axis_oracle,1,11
37,cross/aligned,every_k2,1,5
37,cross/aligned,adwin,0,0
37,cross/aligned,mcusum,1,11
37,cross/aligned,sketch1,1,11
38,cross/aligned,always_multiD,1,11
38,cross/aligned,union4_bonf,1,11
38,cross/aligned,dci_v3,1,11
38,cross/aligned,dci_v3_a8,1,11
38,cross/aligned,best_axis_oracle,1,10
38,cross/aligned,every_k2,0,6
38,cross/aligned,adwin,0,0
38,cross/aligned,mcusum,1,11
38,cross/aligned,sketch1,1,11
39,cross/aligned,always_multiD,1,11
39,cross/aligned,union4_bonf,1,11
39,cross/aligned,dci_v3,1,11
39,cross/aligned,dci_v3_a8,1,11
39,cross/aligned,best_axis_oracle,1,11
39,cross/aligned,every_k2,0,6
39,cross/aligned,adwin,0,0
39,cross/aligned,mcusum,1,11
39,cross/aligned,sketch1,1,10
40,cross/aligned,always_multiD,1,15
40,cross/aligned,union4_bonf,1,15
40,cross/aligned,dci_v3,1,15
40,cross/aligned,dci_v3_a8,1,15
40,cross/aligned,best_axis_oracle,1,15
40,cross/aligned,every_k2,1,7
40,cross/aligned,adwin,0,0
40,cross/aligned,mcusum,1,15
40,cross/aligned,sketch1,1,15
41,cross/aligned,always_multiD,1,11
41,cross/aligned,union4_bonf,1,11
41,cross/aligned,dci_v3,1,11
41,cross/aligned,dci_v3_a8,1,11
41,cross/aligned,best_axis_oracle,1,11
41,cross/aligned,every_k2,0,6
41,cross/aligned,adwin,0,0
41,cross/aligned,mcusum,1,11
41,cross/aligned,sketch1,1,10
42,cross/aligned,always_multiD,1,19
42,cross/aligned,union4_bonf,1,19
42,cross/aligned,dci_v3,1,19
42,cross/aligned,dci_v3_a8,1,19
42,cross/aligned,best_axis_oracle,1,17
42,cross/aligned,every_k2,0,11
42,cross/aligned,adwin,0,0
42,cross/aligned,mcusum,1,19
42,cross/aligned,sketch1,1,19
43,cross/aligned,always_multiD,1,11
43,cross/aligned,union4_bonf,1,11
43,cross/aligned,dci_v3,1,11
43,cross/aligned,dci_v3_a8,1,11
43,cross/aligned,best_axis_oracle,1,11
43,cross/aligned,every_k2,0,6
43,cross/aligned,adwin,0,0
43,cross/aligned,mcusum,1,11
43,cross/aligned,sketch1,1,11
44,cross/aligned,always_multiD,1,9
44,cross/aligned,union4_bonf,1,0
44,cross/aligned,dci_v3,1,6
44,cross/aligned,dci_v3_a8,1,6
44,cross/aligned,best_axis_oracle,1,0
44,cross/aligned,every_k2,0,4
44,cross/aligned,adwin,0,0
44,cross/aligned,mcusum,0,1
44,cross/aligned,sketch1,0,0
45,cross/aligned,always_multiD,1,11
45,cross/aligned,union4_bonf,1,11
45,cross/aligned,dci_v3,1,11
45,cross/aligned,dci_v3_a8,1,11
45,cross/aligned,best_axis_oracle,1,11
45,cross/aligned,every_k2,1,5
45,cross/aligned,adwin,0,0
45,cross/aligned,mcusum,1,11
45,cross/aligned,sketch1,1,11
46,cross/aligned,always_multiD,1,19
46,cross/aligned,union4_bonf,1,19
46,cross/aligned,dci_v3,1,19
46,cross/aligned,dci_v3_a8,1,19
46,cross/aligned,best_axis_oracle,1,17
46,cross/aligned,every_k2,1,8
46,cross/aligned,adwin,0,0
46,cross/aligned,mcusum,1,19
46,cross/aligned,sketch1,1,19
47,cross/aligned,always_multiD,1,11
47,cross/aligned,union4_bonf,1,11
47,cross/aligned,dci_v3,1,11
47,cross/aligned,dci_v3_a8,1,11
47,cross/aligned,best_axis_oracle,1,11
47,cross/aligned,every_k2,1,5
47,cross/aligned,adwin,0,0
47,cross/aligned,mcusum,1,11
47,cross/aligned,sketch1,1,11
48,cross/aligned,always_multiD,1,11
48,cross/aligned,union4_bonf,1,5
48,cross/aligned,dci_v3,1,5
48,cross/aligned,dci_v3_a8,1,6
48,cross/aligned,best_axis_oracle,1,0
48,cross/aligned,every_k2,0,6
48,cross/aligned,adwin,0,0
48,cross/aligned,mcusum,1,9
48,cross/aligned,sketch1,1,3
49,cross/aligned,always_multiD,1,11
49,cross/aligned,union4_bonf,1,9
49,cross/aligned,dci_v3,1,11
49,cross/aligned,dci_v3_a8,1,11
49,cross/aligned,best_axis_oracle,1,0
49,cross/aligned,every_k2,1,5
49,cross/aligned,adwin,0,0
49,cross/aligned,mcusum,0,1
49,cross/aligned,sketch1,0,6
50,cross/aligned,always_multiD,1,11
50,cross/aligned,union4_bonf,1,11
50,cross/aligned,dci_v3,1,11
50,cross/aligned,dci_v3_a8,1,11
50,cross/aligned,best_axis_oracle,1,11
50,cross/aligned,every_k2,0,6
50,cross/aligned,adwin,0,0
50,cross/aligned,mcusum,1,11
50,cross/aligned,sketch1,1,11
51,cross/aligned,always_multiD,1,13
51,cross/aligned,union4_bonf,1,11
51,cross/aligned,dci_v3,1,11
51,cross/aligned,dci_v3_a8,1,10
51,cross/aligned,best_axis_oracle,1,6
51,cross/aligned,every_k2,1,6
51,cross/aligned,adwin,0,0
51,cross/aligned,mcusum,1,9
51,cross/aligned,sketch1,1,7
52,cross/aligned,always_multiD,1,15
52,cross/aligned,union4_bonf,1,17
52,cross/aligned,dci_v3,1,17
52,cross/aligned,dci_v3_a8,1,17
52,cross/aligned,best_axis_oracle,1,14
52,cross/aligned,every_k2,1,7
52,cross/aligned,adwin,0,0
52,cross/aligned,mcusum,1,15
52,cross/aligned,sketch1,1,14
53,cross/aligned,always_multiD,1,3
53,cross/aligned,union4_bonf,1,0
53,cross/aligned,dci_v3,1,0
53,cross/aligned,dci_v3_a8,1,0
53,cross/aligned,best_axis_oracle,1,0
53,cross/aligned,every_k2,1,0
53,cross/aligned,adwin,0,0
53,cross/aligned,mcusum,0,1
53,cross/aligned,sketch1,0,0
54,cross/aligned,always_multiD,1,8
54,cross/aligned,union4_bonf,1,6
54,cross/aligned,dci_v3,1,6
54,cross/aligned,dci_v3_a8,1,6
54,cross/aligned,best_axis_oracle,1,6
54,cross/aligned,every_k2,1,3
54,cross/aligned,adwin,0,0
54,cross/aligned,mcusum,1,5
54,cross/aligned,sketch1,1,1
55,cross/aligned,always_multiD,1,11
55,cross/aligned,union4_bonf,1,6
55,cross/aligned,dci_v3,1,6
55,cross/aligned,dci_v3_a8,1,6
55,cross/aligned,best_axis_oracle,1,7
55,cross/aligned,every_k2,1,5
55,cross/aligned,adwin,0,0
55,cross/aligned,mcusum,1,11
55,cross/aligned,sketch1,1,11
56,cross/aligned,always_multiD,1,11
56,cross/aligned,union4_bonf,1,10
56,cross/aligned,dci_v3,1,10
56,cross/aligned,dci_v3_a8,1,10
56,cross/aligned,best_axis_oracle,1,0
56,cross/aligned,every_k2,0,6
56,cross/aligned,adwin,0,0
56,cross/aligned,mcusum,1,11
56,cross/aligned,sketch1,1,11
57,cross/aligned,always_multiD,1,15
57,cross/aligned,union4_bonf,1,15
57,cross/aligned,dci_v3,1,15
57,cross/aligned,dci_v3_a8,1,15
57,cross/aligned,best_axis_oracle,1,4
57,cross/aligned,every_k2,0,8
57,cross/aligned,adwin,0,0
57,cross/aligned,mcusum,1,15
57,cross/aligned,sketch1,1,15
58,cross/aligned,always_multiD,1,13
58,cross/aligned,union4_bonf,1,13
58,cross/aligned,dci_v3,1,13
58,cross/aligned,dci_v3_a8,1,13
58,cross/aligned,best_axis_oracle,1,0
58,cross/aligned,every_k2,1,6
58,cross/aligned,adwin,0,0
58,cross/aligned,mcusum,1,13
58,cross/aligned,sketch1,1,13
59,cross/aligned,always_multiD,1,11
59,cross/aligned,union4_bonf,1,11
59,cross/aligned,dci_v3,1,11
59,cross/aligned,dci_v3_a8,1,11
59,cross/aligned,best_axis_oracle,1,0
59,cross/aligned,every_k2,0,6
59,cross/aligned,adwin,0,0
59,cross/aligned,mcusum,1,11
59,cross/aligned,sketch1,1,11
60,cross/aligned,always_multiD,1,11
60,cross/aligned,union4_bonf,1,11
60,cross/aligned,dci_v3,1,11
60,cross/aligned,dci_v3_a8,1,11
60,cross/aligned,best_axis_oracle,1,0
60,cross/aligned,every_k2,1,5
60,cross/aligned,adwin,0,0
60,cross/aligned,mcusum,1,11
60,cross/aligned,sketch1,1,11
61,cross/aligned,always_multiD,1,11
61,cross/aligned,union4_bonf,1,7
61,cross/aligned,dci_v3,1,7
61,cross/aligned,dci_v3_a8,1,9
61,cross/aligned,best_axis_oracle,1,0
61,cross/aligned,every_k2,0,6
61,cross/aligned,adwin,0,0
61,cross/aligned,mcusum,1,11
61,cross/aligned,sketch1,1,11
62,cross/aligned,always_multiD,1,11
62,cross/aligned,union4_bonf,1,9
62,cross/aligned,dci_v3,1,9
62,cross/aligned,dci_v3_a8,1,9
62,cross/aligned,best_axis_oracle,1,0
62,cross/aligned,every_k2,1,5
62,cross/aligned,adwin,0,0
62,cross/aligned,mcusum,1,11
62,cross/aligned,sketch1,1,11
63,cross/aligned,always_multiD,1,11
63,cross/aligned,union4_bonf,1,11
63,cross/aligned,dci_v3,1,11
63,cross/aligned,dci_v3_a8,1,11
63,cross/aligned,best_axis_oracle,1,0
63,cross/aligned,every_k2,1,5
63,cross/aligned,adwin,0,0
63,cross/aligned,mcusum,0,5
63,cross/aligned,sketch1,0,1
64,cross/aligned,always_multiD,1,11
64,cross/aligned,union4_bonf,1,11
64,cross/aligned,dci_v3,1,11
64,cross/aligned,dci_v3_a8,1,11
64,cross/aligned,best_axis_oracle,1,0
64,cross/aligned,every_k2,0,6
64,cross/aligned,adwin,0,0
64,cross/aligned,mcusum,0,7
64,cross/aligned,sketch1,0,4
65,cross/aligned,always_multiD,1,13
65,cross/aligned,union4_bonf,1,13
65,cross/aligned,dci_v3,1,13
65,cross/aligned,dci_v3_a8,1,13
65,cross/aligned,best_axis_oracle,1,2
65,cross/aligned,every_k2,0,7
65,cross/aligned,adwin,0,0
65,cross/aligned,mcusum,1,11
65,cross/aligned,sketch1,1,13
66,cross/aligned,always_multiD,1,11
66,cross/aligned,union4_bonf,1,11
66,cross/aligned,dci_v3,1,11
66,cross/aligned,dci_v3_a8,1,11
66,cross/aligned,best_axis_oracle,1,11
66,cross/aligned,every_k2,0,6
66,cross/aligned,adwin,0,0
66,cross/aligned,mcusum,1,11
66,cross/aligned,sketch1,1,11
67,cross/aligned,always_multiD,1,11
67,cross/aligned,union4_bonf,1,11
67,cross/aligned,dci_v3,1,11
67,cross/aligned,dci_v3_a8,1,11
67,cross/aligned,best_axis_oracle,1,11
67,cross/aligned,every_k2,1,5
67,cross/aligned,adwin,0,0
67,cross/aligned,mcusum,1,11
67,cross/aligned,sketch1,1,11
68,cross/aligned,always_multiD,1,11
68,cross/aligned,union4_bonf,1,11
68,cross/aligned,dci_v3,1,11
68,cross/aligned,dci_v3_a8,1,11
68,cross/aligned,best_axis_oracle,1,11
68,cross/aligned,every_k2,1,5
68,cross/aligned,adwin,0,0
68,cross/aligned,mcusum,1,11
68,cross/aligned,sketch1,1,11
69,cross/aligned,always_multiD,1,13
69,cross/aligned,union4_bonf,1,13
69,cross/aligned,dci_v3,1,13
69,cross/aligned,dci_v3_a8,1,13
69,cross/aligned,best_axis_oracle,1,11
69,cross/aligned,every_k2,0,7
69,cross/aligned,adwin,0,0
69,cross/aligned,mcusum,1,11
69,cross/aligned,sketch1,1,13
70,cross/aligned,always_multiD,1,19
70,cross/aligned,union4_bonf,1,19
70,cross/aligned,dci_v3,1,19
70,cross/aligned,dci_v3_a8,1,19
70,cross/aligned,best_axis_oracle,1,17
70,cross/aligned,every_k2,0,11
70,cross/aligned,adwin,0,0
70,cross/aligned,mcusum,1,19
70,cross/aligned,sketch1,1,19
71,cross/aligned,always_multiD,1,11
71,cross/aligned,union4_bonf,1,11
71,cross/aligned,dci_v3,1,11
71,cross/aligned,dci_v3_a8,1,11
71,cross/aligned,best_axis_oracle,1,11
71,cross/aligned,every_k2,1,5
71,cross/aligned,adwin,0,0
71,cross/aligned,mcusum,1,11
71,cross/aligned,sketch1,1,11
72,cross/aligned,always_multiD,1,17
72,cross/aligned,union4_bonf,1,17
72,cross/aligned,dci_v3,1,17
72,cross/aligned,dci_v3_a8,1,17
72,cross/aligned,best_axis_oracle,1,3
72,cross/aligned,every_k2,0,10
72,cross/aligned,adwin,0,0
72,cross/aligned,mcusum,1,12
72,cross/aligned,sketch1,1,16
73,cross/aligned,always_multiD,1,11
73,cross/aligned,union4_bonf,1,11
73,cross/aligned,dci_v3,1,11
73,cross/aligned,dci_v3_a8,1,11
73,cross/aligned,best_axis_oracle,1,11
73,cross/aligned,every_k2,1,5
73,cross/aligned,adwin,0,0
73,cross/aligned,mcusum,1,11
73,cross/aligned,sketch1,1,11
74,cross/aligned,always_multiD,1,15
74,cross/aligned,union4_bonf,1,17
74,cross/aligned,dci_v3,1,17
74,cross/aligned,dci_v3_a8,1,16
74,cross/aligned,best_axis_oracle,1,15
74,cross/aligned,every_k2,0,8
74,cross/aligned,adwin,0,0
74,cross/aligned,mcusum,1,15
74,cross/aligned,sketch1,1,17
75,cross/aligned,always_multiD,1,11
75,cross/aligned,union4_bonf,1,11
75,cross/aligned,dci_v3,1,11
75,cross/aligned,dci_v3_a8,1,11
75,cross/aligned,best_axis_oracle,1,11
75,cross/aligned,every_k2,0,6
75,cross/aligned,adwin,0,0
75,cross/aligned,mcusum,1,11
75,cross/aligned,sketch1,1,11
76,cross/aligned,always_multiD,1,11
76,cross/aligned,union4_bonf,1,11
76,cross/aligned,dci_v3,1,11
76,cross/aligned,dci_v3_a8,1,11
76,cross/aligned,best_axis_oracle,1,2
76,cross/aligned,every_k2,0,6
76,cross/aligned,adwin,0,0
76,cross/aligned,mcusum,1,11
76,cross/aligned,sketch1,1,11
77,cross/aligned,always_multiD,1,17
77,cross/aligned,union4_bonf,1,17
77,cross/aligned,dci_v3,1,17
77,cross/aligned,dci_v3_a8,1,17
77,cross/aligned,best_axis_oracle,1,1
77,cross/aligned,every_k2,0,10
77,cross/aligned,adwin,0,0
77,cross/aligned,mcusum,1,12
77,cross/aligned,sketch1,1,16
78,cross/aligned,always_multiD,1,11
78,cross/aligned,union4_bonf,1,0
78,cross/aligned,dci_v3,1,9
78,cross/aligned,dci_v3_a8,1,9
78,cross/aligned,best_axis_oracle,1,0
78,cross/aligned,every_k2,0,6
78,cross/aligned,adwin,0,0
78,cross/aligned,mcusum,1,11
78,cross/aligned,sketch1,1,11
79,cross/aligned,always_multiD,1,11
79,cross/aligned,union4_bonf,1,10
79,cross/aligned,dci_v3,1,10
79,cross/aligned,dci_v3_a8,1,10
79,cross/aligned,best_axis_oracle,1,0
79,cross/aligned,every_k2,0,6
79,cross/aligned,adwin,0,0
79,cross/aligned,mcusum,1,11
79,cross/aligned,sketch1,1,11
80,cross/aligned,always_multiD,1,11
80,cross/aligned,union4_bonf,1,0
80,cross/aligned,dci_v3,1,11
80,cross/aligned,dci_v3_a8,1,11
80,cross/aligned,best_axis_oracle,1,0
80,cross/aligned,every_k2,0,6
80,cross/aligned,adwin,0,0
80,cross/aligned,mcusum,0,1
80,cross/aligned,sketch1,0,2
81,cross/aligned,always_multiD,1,11
81,cross/aligned,union4_bonf,1,8
81,cross/aligned,dci_v3,1,8
81,cross/aligned,dci_v3_a8,1,8
81,cross/aligned,best_axis_oracle,1,3
81,cross/aligned,every_k2,1,5
81,cross/aligned,adwin,0,0
81,cross/aligned,mcusum,1,11
81,cross/aligned,sketch1,1,11
82,cross/aligned,always_multiD,1,11
82,cross/aligned,union4_bonf,1,0
82,cross/aligned,dci_v3,1,7
82,cross/aligned,dci_v3_a8,1,7
82,cross/aligned,best_axis_oracle,1,0
82,cross/aligned,every_k2,1,5
82,cross/aligned,adwin,0,0
82,cross/aligned,mcusum,1,11
82,cross/aligned,sketch1,1,11
83,cross/aligned,always_multiD,1,11
83,cross/aligned,union4_bonf,1,10
83,cross/aligned,dci_v3,1,10
83,cross/aligned,dci_v3_a8,1,10
83,cross/aligned,best_axis_oracle,1,1
83,cross/aligned,every_k2,0,6
83,cross/aligned,adwin,0,0
83,cross/aligned,mcusum,1,11
83,cross/aligned,sketch1,1,11
84,cross/aligned,always_multiD,1,11
84,cross/aligned,union4_bonf,1,11
84,cross/aligned,dci_v3,1,11
84,cross/aligned,dci_v3_a8,1,11
84,cross/aligned,best_axis_oracle,1,9
84,cross/aligned,every_k2,0,6
84,cross/aligned,adwin,0,0
84,cross/aligned,mcusum,1,11
84,cross/aligned,sketch1,1,11
85,cross/aligned,always_multiD,1,11
85,cross/aligned,union4_bonf,1,0
85,cross/aligned,dci_v3,1,11
85,cross/aligned,dci_v3_a8,1,11
85,cross/aligned,best_axis_oracle,1,0
85,cross/aligned,every_k2,0,6
85,cross/aligned,adwin,0,0
85,cross/aligned,mcusum,0,2
85,cross/aligned,sketch1,0,0
86,cross/aligned,always_multiD,1,11
86,cross/aligned,union4_bonf,1,2
86,cross/aligned,dci_v3,1,2
86,cross/aligned,dci_v3_a8,1,3
86,cross/aligned,best_axis_oracle,1,3
86,cross/aligned,every_k2,0,6
86,cross/aligned,adwin,0,0
86,cross/aligned,mcusum,1,11
86,cross/aligned,sketch1,1,11
87,cross/aligned,always_multiD,1,11
87,cross/aligned,union4_bonf,1,6
87,cross/aligned,dci_v3,1,6
87,cross/aligned,dci_v3_a8,1,7
87,cross/aligned,best_axis_oracle,1,0
87,cross/aligned,every_k2,0,6
87,cross/aligned,adwin,0,0
87,cross/aligned,mcusum,1,11
87,cross/aligned,sketch1,1,11
88,cross/aligned,always_multiD,1,11
88,cross/aligned,union4_bonf,1,11
88,cross/aligned,dci_v3,1,11
88,cross/aligned,dci_v3_a8,1,11
88,cross/aligned,best_axis_oracle,1,11
88,cross/aligned,every_k2,1,5
88,cross/aligned,adwin,0,0
88,cross/aligned,mcusum,1,11
88,cross/aligned,sketch1,1,11
89,cross/aligned,always_multiD,1,13
89,cross/aligned,union4_bonf,1,13
89,cross/aligned,dci_v3,1,13
89,cross/aligned,dci_v3_a8,1,13
89,cross/aligned,best_axis_oracle,1,11
89,cross/aligned,every_k2,1,6
89,cross/aligned,adwin,0,0
89,cross/aligned,mcusum,1,13
89,cross/aligned,sketch1,1,13
90,cross/aligned,always_multiD,1,12
90,cross/aligned,union4_bonf,1,11
90,cross/aligned,dci_v3,1,11
90,cross/aligned,dci_v3_a8,1,11
90,cross/aligned,best_axis_oracle,1,11
90,cross/aligned,every_k2,1,6
90,cross/aligned,adwin,0,0
90,cross/aligned,mcusum,1,11
90,cross/aligned,sketch1,1,11
91,cross/aligned,always_multiD,1,11
91,cross/aligned,union4_bonf,1,11
91,cross/aligned,dci_v3,1,11
91,cross/aligned,dci_v3_a8,1,11
91,cross/aligned,best_axis_oracle,1,11
91,cross/aligned,every_k2,0,6
91,cross/aligned,adwin,0,0
91,cross/aligned,mcusum,1,11
91,cross/aligned,sketch1,1,11
92,cross/aligned,always_multiD,1,13
92,cross/aligned,union4_bonf,1,14
92,cross/aligned,dci_v3,1,14
92,cross/aligned,dci_v3_a8,1,14
92,cross/aligned,best_axis_oracle,1,11
92,cross/aligned,every_k2,1,6
92,cross/aligned,adwin,0,0
92,cross/aligned,mcusum,1,11
92,cross/aligned,sketch1,1,14
93,cross/aligned,always_multiD,1,11
93,cross/aligned,union4_bonf,1,11
93,cross/aligned,dci_v3,1,11
93,cross/aligned,dci_v3_a8,1,11
93,cross/aligned,best_axis_oracle,1,11
93,cross/aligned,every_k2,0,6
93,cross/aligned,adwin,0,0
93,cross/aligned,mcusum,1,11
93,cross/aligned,sketch1,1,11
94,cross/aligned,always_multiD,1,13
94,cross/aligned,union4_bonf,1,13
94,cross/aligned,dci_v3,1,13
94,cross/aligned,dci_v3_a8,1,13
94,cross/aligned,best_axis_oracle,1,11
94,cross/aligned,every_k2,1,6
94,cross/aligned,adwin,0,0
94,cross/aligned,mcusum,1,11
94,cross/aligned,sketch1,1,13
95,cross/aligned,always_multiD,1,11
95,cross/aligned,union4_bonf,1,11
95,cross/aligned,dci_v3,1,11
95,cross/aligned,dci_v3_a8,1,11
95,cross/aligned,best_axis_oracle,1,11
95,cross/aligned,every_k2,1,5
95,cross/aligned,adwin,0,0
95,cross/aligned,mcusum,1,11
95,cross/aligned,sketch1,1,11
96,cross/aligned,always_multiD,1,15
96,cross/aligned,union4_bonf,1,15
96,cross/aligned,dci_v3,1,15
96,cross/aligned,dci_v3_a8,1,15
96,cross/aligned,best_axis_oracle,1,11
96,cross/aligned,every_k2,1,7
96,cross/aligned,adwin,0,0
96,cross/aligned,mcusum,1,15
96,cross/aligned,sketch1,1,14
97,cross/aligned,always_multiD,1,15
97,cross/aligned,union4_bonf,1,15
97,cross/aligned,dci_v3,1,15
97,cross/aligned,dci_v3_a8,1,15
97,cross/aligned,best_axis_oracle,1,11
97,cross/aligned,every_k2,0,8
97,cross/aligned,adwin,0,0
97,cross/aligned,mcusum,1,15
97,cross/aligned,sketch1,1,15
98,cross/aligned,always_multiD,1,11
98,cross/aligned,union4_bonf,1,0
98,cross/aligned,dci_v3,1,9
98,cross/aligned,dci_v3_a8,1,9
98,cross/aligned,best_axis_oracle,1,0
98,cross/aligned,every_k2,0,6
98,cross/aligned,adwin,0,0
98,cross/aligned,mcusum,0,1
98,cross/aligned,sketch1,0,0
99,cross/aligned,always_multiD,1,11
99,cross/aligned,union4_bonf,1,11
99,cross/aligned,dci_v3,1,11
99,cross/aligned,dci_v3_a8,1,11
99,cross/aligned,best_axis_oracle,1,11
99,cross/aligned,every_k2,0,6
99,cross/aligned,adwin,0,0
99,cross/aligned,mcusum,1,11
99,cross/aligned,sketch1,1,11
100,cross/aligned,always_multiD,1,11
100,cross/aligned,union4_bonf,1,11
100,cross/aligned,dci_v3,1,11
100,cross/aligned,dci_v3_a8,1,11
100,cross/aligned,best_axis_oracle,1,11
100,cross/aligned,every_k2,0,6
100,cross/aligned,adwin,0,0
100,cross/aligned,mcusum,1,11
100,cross/aligned,sketch1,1,11
101,cross/aligned,always_multiD,1,11
101,cross/aligned,union4_bonf,1,11
101,cross/aligned,dci_v3,1,11
101,cross/aligned,dci_v3_a8,1,11
101,cross/aligned,best_axis_oracle,1,0
101,cross/aligned,every_k2,1,5
101,cross/aligned,adwin,0,0
101,cross/aligned,mcusum,1,11
101,cross/aligned,sketch1,1,11
102,cross/aligned,always_multiD,1,11
102,cross/aligned,union4_bonf,1,11
102,cross/aligned,dci_v3,1,11
102,cross/aligned,dci_v3_a8,1,11
102,cross/aligned,best_axis_oracle,1,11
102,cross/aligned,every_k2,1,5
102,cross/aligned,adwin,0,0
102,cross/aligned,mcusum,1,11
102,cross/aligned,sketch1,1,11
103,cross/aligned,always_multiD,1,13
103,cross/aligned,union4_bonf,1,13
103,cross/aligned,dci_v3,1,13
103,cross/aligned,dci_v3_a8,1,13
103,cross/aligned,best_axis_oracle,1,11
103,cross/aligned,every_k2,0,7
103,cross/aligned,adwin,0,0
103,cross/aligned,mcusum,1,11
103,cross/aligned,sketch1,1,13
104,cross/aligned,always_multiD,1,17
104,cross/aligned,union4_bonf,1,17
104,cross/aligned,dci_v3,1,17
104,cross/aligned,dci_v3_a8,1,17
104,cross/aligned,best_axis_oracle,1,17
104,cross/aligned,every_k2,0,9
104,cross/aligned,adwin,0,0
104,cross/aligned,mcusum,1,17
104,cross/aligned,sketch1,1,17
105,cross/aligned,always_multiD,1,12
105,cross/aligned,union4_bonf,1,12
105,cross/aligned,dci_v3,1,12
105,cross/aligned,dci_v3_a8,1,12
105,cross/aligned,best_axis_oracle,1,8
105,cross/aligned,every_k2,1,5
105,cross/aligned,adwin,0,0
105,cross/aligned,mcusum,1,11
105,cross/aligned,sketch1,1,12
106,cross/aligned,always_multiD,1,11
106,cross/aligned,union4_bonf,1,11
106,cross/aligned,dci_v3,1,11
106,cross/aligned,dci_v3_a8,1,11
106,cross/aligned,best_axis_oracle,1,11
106,cross/aligned,every_k2,0,6
106,cross/aligned,adwin,0,0
106,cross/aligned,mcusum,1,11
106,cross/aligned,sketch1,1,11
107,cross/aligned,always_multiD,1,11
107,cross/aligned,union4_bonf,1,11
107,cross/aligned,dci_v3,1,11
107,cross/aligned,dci_v3_a8,1,11
107,cross/aligned,best_axis_oracle,1,1
107,cross/aligned,every_k2,1,5
107,cross/aligned,adwin,0,0
107,cross/aligned,mcusum,1,11
107,cross/aligned,sketch1,1,11
108,cross/aligned,always_multiD,1,19
108,cross/aligned,union4_bonf,1,19
108,cross/aligned,dci_v3,1,19
108,cross/aligned,dci_v3_a8,1,19
108,cross/aligned,best_axis_oracle,1,17
108,cross/aligned,every_k2,0,11
108,cross/aligned,adwin,0,0
108,cross/aligned,mcusum,1,19
108,cross/aligned,sketch1,1,19
109,cross/aligned,always_multiD,1,11
109,cross/aligned,union4_bonf,1,11
109,cross/aligned,dci_v3,1,11
109,cross/aligned,dci_v3_a8,1,11
109,cross/aligned,best_axis_oracle,1,11
109,cross/aligned,every_k2,0,6
109,cross/aligned,adwin,0,0
109,cross/aligned,mcusum,1,11
109,cross/aligned,sketch1,1,11
110,cross/aligned,always_multiD,1,13
110,cross/aligned,union4_bonf,1,14
110,cross/aligned,dci_v3,1,14
110,cross/aligned,dci_v3_a8,1,14
110,cross/aligned,best_axis_oracle,1,11
110,cross/aligned,every_k2,0,7
110,cross/aligned,adwin,0,0
110,cross/aligned,mcusum,1,11
110,cross/aligned,sketch1,1,14
111,cross/aligned,always_multiD,1,15
111,cross/aligned,union4_bonf,1,15
111,cross/aligned,dci_v3,1,15
111,cross/aligned,dci_v3_a8,1,15
111,cross/aligned,best_axis_oracle,1,15
111,cross/aligned,every_k2,0,8
111,cross/aligned,adwin,0,0
111,cross/aligned,mcusum,1,15
111,cross/aligned,sketch1,1,15
112,cross/aligned,always_multiD,1,11
112,cross/aligned,union4_bonf,1,11
112,cross/aligned,dci_v3,1,11
112,cross/aligned,dci_v3_a8,1,11
112,cross/aligned,best_axis_oracle,1,11
112,cross/aligned,every_k2,1,5
112,cross/aligned,adwin,0,0
112,cross/aligned,mcusum,1,11
112,cross/aligned,sketch1,1,10
113,cross/aligned,always_multiD,1,11
113,cross/aligned,union4_bonf,1,0
113,cross/aligned,dci_v3,1,9
113,cross/aligned,dci_v3_a8,1,10
113,cross/aligned,best_axis_oracle,1,0
113,cross/aligned,every_k2,1,5
113,cross/aligned,adwin,0,0
113,cross/aligned,mcusum,0,1
113,cross/aligned,sketch1,0,0
114,cross/aligned,always_multiD,1,11
114,cross/aligned,union4_bonf,1,0
114,cross/aligned,dci_v3,1,10
114,cross/aligned,dci_v3_a8,1,10
114,cross/aligned,best_axis_oracle,1,0
114,cross/aligned,every_k2,0,6
114,cross/aligned,adwin,0,0
114,cross/aligned,mcusum,1,7
114,cross/aligned,sketch1,1,6
115,cross/aligned,always_multiD,1,17
115,cross/aligned,union4_bonf,1,17
115,cross/aligned,dci_v3,1,17
115,cross/aligned,dci_v3_a8,1,17
115,cross/aligned,best_axis_oracle,1,17
115,cross/aligned,every_k2,1,8
115,cross/aligned,adwin,0,0
115,cross/aligned,mcusum,1,17
115,cross/aligned,sketch1,1,17
116,cross/aligned,always_multiD,1,17
116,cross/aligned,union4_bonf,1,17
116,cross/aligned,dci_v3,1,17
116,cross/aligned,dci_v3_a8,1,17
116,cross/aligned,best_axis_oracle,1,1
116,cross/aligned,every_k2,1,7
116,cross/aligned,adwin,0,0
116,cross/aligned,mcusum,1,12
116,cross/aligned,sketch1,1,16
117,cross/aligned,always_multiD,1,11
117,cross/aligned,union4_bonf,1,11
117,cross/aligned,dci_v3,1,11
117,cross/aligned,dci_v3_a8,1,11
117,cross/aligned,best_axis_oracle,1,11
117,cross/aligned,every_k2,0,6
117,cross/aligned,adwin,0,0
117,cross/aligned,mcusum,1,11
117,cross/aligned,sketch1,1,11
118,cross/aligned,always_multiD,1,11
118,cross/aligned,union4_bonf,1,11
118,cross/aligned,dci_v3,1,11
118,cross/aligned,dci_v3_a8,1,11
118,cross/aligned,best_axis_oracle,1,11
118,cross/aligned,every_k2,0,6
118,cross/aligned,adwin,0,0
118,cross/aligned,mcusum,1,11
118,cross/aligned,sketch1,1,11
119,cross/aligned,always_multiD,1,17
119,cross/aligned,union4_bonf,1,17
119,cross/aligned,dci_v3,1,17
119,cross/aligned,dci_v3_a8,1,17
119,cross/aligned,best_axis_oracle,1,1
119,cross/aligned,every_k2,1,7
119,cross/aligned,adwin,0,0
119,cross/aligned,mcusum,1,12
119,cross/aligned,sketch1,1,16
120,cross/aligned,always_multiD,1,11
120,cross/aligned,union4_bonf,1,11
120,cross/aligned,dci_v3,1,11
120,cross/aligned,dci_v3_a8,1,11
120,cross/aligned,best_axis_oracle,1,11
120,cross/aligned,every_k2,0,6
120,cross/aligned,adwin,0,0
120,cross/aligned,mcusum,1,11
120,cross/aligned,sketch1,1,11
121,cross/aligned,always_multiD,1,11
121,cross/aligned,union4_bonf,1,11
121,cross/aligned,dci_v3,1,11
121,cross/aligned,dci_v3_a8,1,11
121,cross/aligned,best_axis_oracle,1,0
121,cross/aligned,every_k2,0,6
121,cross/aligned,adwin,0,0
121,cross/aligned,mcusum,1,11
121,cross/aligned,sketch1,1,11
122,cross/aligned,always_multiD,1,11
122,cross/aligned,union4_bonf,1,12
122,cross/aligned,dci_v3,1,12
122,cross/aligned,dci_v3_a8,1,11
122,cross/aligned,best_axis_oracle,1,0
122,cross/aligned,every_k2,1,5
122,cross/aligned,adwin,0,0
122,cross/aligned,mcusum,1,11
122,cross/aligned,sketch1,1,11
123,cross/aligned,always_multiD,1,12
123,cross/aligned,union4_bonf,1,12
123,cross/aligned,dci_v3,1,12
123,cross/aligned,dci_v3_a8,1,12
123,cross/aligned,best_axis_oracle,1,1
123,cross/aligned,every_k2,1,5
123,cross/aligned,adwin,0,0
123,cross/aligned,mcusum,1,11
123,cross/aligned,sketch1,1,11
124,cross/aligned,always_multiD,1,11
124,cross/aligned,union4_bonf,1,11
124,cross/aligned,dci_v3,1,11
124,cross/aligned,dci_v3_a8,1,11
124,cross/aligned,best_axis_oracle,1,9
124,cross/aligned,every_k2,0,6
124,cross/aligned,adwin,0,0
124,cross/aligned,mcusum,1,7
124,cross/aligned,sketch1,1,9
125,cross/aligned,always_multiD,1,12
125,cross/aligned,union4_bonf,1,12
125,cross/aligned,dci_v3,1,12
125,cross/aligned,dci_v3_a8,1,12
125,cross/aligned,best_axis_oracle,1,0
125,cross/aligned,every_k2,0,6
125,cross/aligned,adwin,0,0
125,cross/aligned,mcusum,1,9
125,cross/aligned,sketch1,1,10
126,cross/aligned,always_multiD,1,12
126,cross/aligned,union4_bonf,1,11
126,cross/aligned,dci_v3,1,11
126,cross/aligned,dci_v3_a8,1,12
126,cross/aligned,best_axis_oracle,1,0
126,cross/aligned,every_k2,0,6
126,cross/aligned,adwin,0,0
126,cross/aligned,mcusum,1,11
126,cross/aligned,sketch1,1,11
127,cross/aligned,always_multiD,1,20
127,cross/aligned,union4_bonf,1,20
127,cross/aligned,dci_v3,1,20
127,cross/aligned,dci_v3_a8,1,20
127,cross/aligned,best_axis_oracle,1,6
127,cross/aligned,every_k2,0,11
127,cross/aligned,adwin,0,0
127,cross/aligned,mcusum,1,12
127,cross/aligned,sketch1,1,17
128,cross/aligned,always_multiD,1,11
128,cross/aligned,union4_bonf,1,11
128,cross/aligned,dci_v3,1,11
128,cross/aligned,dci_v3_a8,1,11
128,cross/aligned,best_axis_oracle,1,1
128,cross/aligned,every_k2,0,6
128,cross/aligned,adwin,0,0
128,cross/aligned,mcusum,1,11
128,cross/aligned,sketch1,1,10
129,cross/aligned,always_multiD,1,10
129,cross/aligned,union4_bonf,1,11
129,cross/aligned,dci_v3,1,11
129,cross/aligned,dci_v3_a8,1,11
129,cross/aligned,best_axis_oracle,1,0
129,cross/aligned,every_k2,0,6
129,cross/aligned,adwin,0,0
129,cross/aligned,mcusum,1,10
129,cross/aligned,sketch1,1,12
130,cross/offaxis,always_multiD,1,11
130,cross/offaxis,union4_bonf,1,11
130,cross/offaxis,dci_v3,1,11
130,cross/offaxis,dci_v3_a8,1,11
130,cross/offaxis,best_axis_oracle,1,11
130,cross/offaxis,every_k2,1,5
130,cross/offaxis,adwin,0,0
130,cross/offaxis,mcusum,1,11
130,cross/offaxis,sketch1,1,11
131,cross/aligned,always_multiD,1,20
131,cross/aligned,union4_bonf,1,20
131,cross/aligned,dci_v3,1,20
131,cross/aligned,dci_v3_a8,1,20
131,cross/aligned,best_axis_oracle,1,0
131,cross/aligned,every_k2,1,9
131,cross/aligned,adwin,0,0
131,cross/aligned,mcusum,1,12
131,cross/aligned,sketch1,1,17
132,cross/aligned,always_multiD,1,11
132,cross/aligned,union4_bonf,1,11
132,cross/aligned,dci_v3,1,11
132,cross/aligned,dci_v3_a8,1,11
132,cross/aligned,best_axis_oracle,1,9
132,cross/aligned,every_k2,0,6
132,cross/aligned,adwin,0,0
132,cross/aligned,mcusum,1,11
132,cross/aligned,sketch1,1,11
133,cross/offaxis,always_multiD,1,18
133,cross/offaxis,union4_bonf,1,14
133,cross/offaxis,dci_v3,1,16
133,cross/offaxis,dci_v3_a8,1,17
133,cross/offaxis,best_axis_oracle,1,3
133,cross/offaxis,every_k2,1,8
133,cross/offaxis,adwin,0,0
133,cross/offaxis,mcusum,1,3
133,cross/offaxis,sketch1,0,15
134,cross/aligned,always_multiD,1,11
134,cross/aligned,union4_bonf,1,11
134,cross/aligned,dci_v3,1,11
134,cross/aligned,dci_v3_a8,1,11
134,cross/aligned,best_axis_oracle,1,7
134,cross/aligned,every_k2,1,5
134,cross/aligned,adwin,0,0
134,cross/aligned,mcusum,1,6
134,cross/aligned,sketch1,1,5
135,cross/aligned,always_multiD,1,11
135,cross/aligned,union4_bonf,1,11
135,cross/aligned,dci_v3,1,11
135,cross/aligned,dci_v3_a8,1,11
135,cross/aligned,best_axis_oracle,1,10
135,cross/aligned,every_k2,1,5
135,cross/aligned,adwin,0,0
135,cross/aligned,mcusum,1,11
135,cross/aligned,sketch1,1,10
136,cross/aligned,always_multiD,1,11
136,cross/aligned,union4_bonf,1,11
136,cross/aligned,dci_v3,1,11
136,cross/aligned,dci_v3_a8,1,11
136,cross/aligned,best_axis_oracle,1,9
136,cross/aligned,every_k2,0,6
136,cross/aligned,adwin,0,0
136,cross/aligned,mcusum,1,11
136,cross/aligned,sketch1,1,10
137,cross/aligned,always_multiD,1,12
137,cross/aligned,union4_bonf,1,12
137,cross/aligned,dci_v3,1,12
137,cross/aligned,dci_v3_a8,1,12
137,cross/aligned,best_axis_oracle,1,11
137,cross/aligned,every_k2,1,6
137,cross/aligned,adwin,0,0
137,cross/aligned,mcusum,1,11
137,cross/aligned,sketch1,1,11
138,cross/aligned,always_multiD,1,11
138,cross/aligned,union4_bonf,1,11
138,cross/aligned,dci_v3,1,11
138,cross/aligned,dci_v3_a8,1,11
138,cross/aligned,best_axis_oracle,1,9
138,cross/aligned,every_k2,1,5
138,cross/aligned,adwin,0,0
138,cross/aligned,mcusum,1,11
138,cross/aligned,sketch1,1,10
139,cross/aligned,always_multiD,1,12
139,cross/aligned,union4_bonf,1,12
139,cross/aligned,dci_v3,1,12
139,cross/aligned,dci_v3_a8,1,12
139,cross/aligned,best_axis_oracle,1,10
139,cross/aligned,every_k2,0,7
139,cross/aligned,adwin,0,0
139,cross/aligned,mcusum,1,11
139,cross/aligned,sketch1,0,11
140,cross/aligned,always_multiD,1,11
140,cross/aligned,union4_bonf,1,12
140,cross/aligned,dci_v3,1,12
140,cross/aligned,dci_v3_a8,1,12
140,cross/aligned,best_axis_oracle,1,9
140,cross/aligned,every_k2,1,5
140,cross/aligned,adwin,0,0
140,cross/aligned,mcusum,1,11
140,cross/aligned,sketch1,1,11
141,cross/aligned,always_multiD,1,12
141,cross/aligned,union4_bonf,1,12
141,cross/aligned,dci_v3,1,12
141,cross/aligned,dci_v3_a8,1,12
141,cross/aligned,best_axis_oracle,1,9
141,cross/aligned,every_k2,1,6
141,cross/aligned,adwin,0,0
141,cross/aligned,mcusum,1,8
141,cross/aligned,sketch1,1,12
142,cross/aligned,always_multiD,1,11
142,cross/aligned,union4_bonf,1,11
142,cross/aligned,dci_v3,1,11
142,cross/aligned,dci_v3_a8,1,11
142,cross/aligned,best_axis_oracle,1,6
142,cross/aligned,every_k2,0,6
142,cross/aligned,adwin,0,0
142,cross/aligned,mcusum,1,11
142,cross/aligned,sketch1,1,7
143,cross/aligned,always_multiD,1,11
143,cross/aligned,union4_bonf,1,11
143,cross/aligned,dci_v3,1,11
143,cross/aligned,dci_v3_a8,1,11
143,cross/aligned,best_axis_oracle,1,2
143,cross/aligned,every_k2,0,6
143,cross/aligned,adwin,0,0
143,cross/aligned,mcusum,1,10
143,cross/aligned,sketch1,1,11
144,cross/aligned,always_multiD,1,11
144,cross/aligned,union4_bonf,1,11
144,cross/aligned,dci_v3,1,11
144,cross/aligned,dci_v3_a8,1,11
144,cross/aligned,best_axis_oracle,1,10
144,cross/aligned,every_k2,0,6
144,cross/aligned,adwin,0,0
144,cross/aligned,mcusum,1,11
144,cross/aligned,sketch1,1,11
145,cross/aligned,always_multiD,1,13
145,cross/aligned,union4_bonf,1,14
145,cross/aligned,dci_v3,1,14
145,cross/aligned,dci_v3_a8,1,13
145,cross/aligned,best_axis_oracle,1,8
145,cross/aligned,every_k2,0,6
145,cross/aligned,adwin,0,0
145,cross/aligned,mcusum,1,11
145,cross/aligned,sketch1,1,11
146,cross/aligned,always_multiD,1,12
146,cross/aligned,union4_bonf,1,12
146,cross/aligned,dci_v3,1,12
146,cross/aligned,dci_v3_a8,1,12
146,cross/aligned,best_axis_oracle,1,11
146,cross/aligned,every_k2,0,7
146,cross/aligned,adwin,0,0
146,cross/aligned,mcusum,1,11
146,cross/aligned,sketch1,1,12
147,cross/aligned,always_multiD,1,11
147,cross/aligned,union4_bonf,1,11
147,cross/aligned,dci_v3,1,11
147,cross/aligned,dci_v3_a8,1,11
147,cross/aligned,best_axis_oracle,1,8
147,cross/aligned,every_k2,0,6
147,cross/aligned,adwin,0,0
147,cross/aligned,mcusum,1,9
147,cross/aligned,sketch1,1,10
148,cross/aligned,always_multiD,1,12
148,cross/aligned,union4_bonf,1,11
148,cross/aligned,dci_v3,1,11
148,cross/aligned,dci_v3_a8,1,12
148,cross/aligned,best_axis_oracle,1,11
148,cross/aligned,every_k2,1,6
148,cross/aligned,adwin,0,0
148,cross/aligned,mcusum,1,11
148,cross/aligned,sketch1,1,11
149,cross/aligned,always_multiD,1,11
149,cross/aligned,union4_bonf,1,11
149,cross/aligned,dci_v3,1,11
149,cross/aligned,dci_v3_a8,1,11
149,cross/aligned,best_axis_oracle,1,10
149,cross/aligned,every_k2,1,5
149,cross/aligned,adwin,0,0
149,cross/aligned,mcusum,1,9
149,cross/aligned,sketch1,1,11
150,cross/aligned,always_multiD,1,12
150,cross/aligned,union4_bonf,1,12
150,cross/aligned,dci_v3,1,12
150,cross/aligned,dci_v3_a8,1,12
150,cross/aligned,best_axis_oracle,1,11
150,cross/aligned,every_k2,1,6
150,cross/aligned,adwin,0,0
150,cross/aligned,mcusum,1,11
150,cross/aligned,sketch1,1,11
151,cross/aligned,always_multiD,1,12
151,cross/aligned,union4_bonf,1,11
151,cross/aligned,dci_v3,1,11
151,cross/aligned,dci_v3_a8,1,11
151,cross/aligned,best_axis_oracle,1,5
151,cross/aligned,every_k2,0,6
151,cross/aligned,adwin,0,0
151,cross/aligned,mcusum,1,7
151,cross/aligned,sketch1,1,7
152,cross/aligned,always_multiD,1,13
152,cross/aligned,union4_bonf,1,14
152,cross/aligned,dci_v3,1,14
152,cross/aligned,dci_v3_a8,1,13
152,cross/aligned,best_axis_oracle,1,6
152,cross/aligned,every_k2,1,7
152,cross/aligned,adwin,0,0
152,cross/aligned,mcusum,1,11
152,cross/aligned,sketch1,1,14
153,cross/aligned,always_multiD,1,11
153,cross/aligned,union4_bonf,1,8
153,cross/aligned,dci_v3,1,8
153,cross/aligned,dci_v3_a8,1,8
153,cross/aligned,best_axis_oracle,1,0
153,cross/aligned,every_k2,0,6
153,cross/aligned,adwin,0,0
153,cross/aligned,mcusum,1,2
153,cross/aligned,sketch1,1,7
154,cross/aligned,always_multiD,1,20
154,cross/aligned,union4_bonf,1,20
154,cross/aligned,dci_v3,1,20
154,cross/aligned,dci_v3_a8,1,20
154,cross/aligned,best_axis_oracle,1,11
154,cross/aligned,every_k2,0,11
154,cross/aligned,adwin,0,0
154,cross/aligned,mcusum,1,12
154,cross/aligned,sketch1,1,17
155,cross/aligned,always_multiD,1,11
155,cross/aligned,union4_bonf,1,12
155,cross/aligned,dci_v3,1,12
155,cross/aligned,dci_v3_a8,1,12
155,cross/aligned,best_axis_oracle,1,5
155,cross/aligned,every_k2,1,5
155,cross/aligned,adwin,0,0
155,cross/aligned,mcusum,1,6
155,cross/aligned,sketch1,1,9
156,cross/aligned,always_multiD,1,11
156,cross/aligned,union4_bonf,1,11
156,cross/aligned,dci_v3,1,11
156,cross/aligned,dci_v3_a8,1,11
156,cross/aligned,best_axis_oracle,1,10
156,cross/aligned,every_k2,1,5
156,cross/aligned,adwin,0,0
156,cross/aligned,mcusum,1,11
156,cross/aligned,sketch1,1,11
157,cross/aligned,always_multiD,1,12
157,cross/aligned,union4_bonf,1,11
157,cross/aligned,dci_v3,1,11
157,cross/aligned,dci_v3_a8,1,11
157,cross/aligned,best_axis_oracle,1,6
157,cross/aligned,every_k2,1,6
157,cross/aligned,adwin,0,0
157,cross/aligned,mcusum,1,11
157,cross/aligned,sketch1,1,11
158,cross/aligned,always_multiD,1,12
158,cross/aligned,union4_bonf,1,12
158,cross/aligned,dci_v3,1,12
158,cross/aligned,dci_v3_a8,1,12
158,cross/aligned,best_axis_oracle,1,11
158,cross/aligned,every_k2,1,5
158,cross/aligned,adwin,0,0
158,cross/aligned,mcusum,1,11
158,cross/aligned,sketch1,1,12
159,cross/aligned,always_multiD,1,11
159,cross/aligned,union4_bonf,1,11
159,cross/aligned,dci_v3,1,11
159,cross/aligned,dci_v3_a8,1,11
159,cross/aligned,best_axis_oracle,1,10
159,cross/aligned,every_k2,0,6
159,cross/aligned,adwin,0,0
159,cross/aligned,mcusum,1,10
159,cross/aligned,sketch1,1,8
160,cross/aligned,always_multiD,1,11
160,cross/aligned,union4_bonf,1,11
160,cross/aligned,dci_v3,1,11
160,cross/aligned,dci_v3_a8,1,11
160,cross/aligned,best_axis_oracle,1,10
160,cross/aligned,every_k2,0,6
160,cross/aligned,adwin,0,0
160,cross/aligned,mcusum,1,11
160,cross/aligned,sketch1,1,11
161,cross/aligned,always_multiD,1,11
161,cross/aligned,union4_bonf,1,11
161,cross/aligned,dci_v3,1,11
161,cross/aligned,dci_v3_a8,1,11
161,cross/aligned,best_axis_oracle,1,10
161,cross/aligned,every_k2,1,5
161,cross/aligned,adwin,0,0
161,cross/aligned,mcusum,1,11
161,cross/aligned,sketch1,1,10
162,cross/aligned,always_multiD,1,11
162,cross/aligned,union4_bonf,1,11
162,cross/aligned,dci_v3,1,11
162,cross/aligned,dci_v3_a8,1,11
162,cross/aligned,best_axis_oracle,1,4
162,cross/aligned,every_k2,1,5
162,cross/aligned,adwin,0,0
162,cross/aligned,mcusum,1,5
162,cross/aligned,sketch1,1,8
163,cross/aligned,always_multiD,1,14
163,cross/aligned,union4_bonf,1,12
163,cross/aligned,dci_v3,1,12
163,cross/aligned,dci_v3_a8,1,11
163,cross/aligned,best_axis_oracle,1,7
163,cross/aligned,every_k2,0,7
163,cross/aligned,adwin,0,0
163,cross/aligned,mcusum,1,10
163,cross/aligned,sketch1,1,11
164,cross/aligned,always_multiD,1,11
164,cross/aligned,union4_bonf,1,12
164,cross/aligned,dci_v3,1,12
164,cross/aligned,dci_v3_a8,1,12
164,cross/aligned,best_axis_oracle,1,10
164,cross/aligned,every_k2,0,6
164,cross/aligned,adwin,0,0
164,cross/aligned,mcusum,1,11
164,cross/aligned,sketch1,1,11
165,cross/aligned,always_multiD,1,13
165,cross/aligned,union4_bonf,1,14
165,cross/aligned,dci_v3,1,14
165,cross/aligned,dci_v3_a8,1,14
165,cross/aligned,best_axis_oracle,1,11
165,cross/aligned,every_k2,1,7
165,cross/aligned,adwin,0,0
165,cross/aligned,mcusum,1,11
165,cross/aligned,sketch1,1,12
166,cross/aligned,always_multiD,1,14
166,cross/aligned,union4_bonf,1,12
166,cross/aligned,dci_v3,1,12
166,cross/aligned,dci_v3_a8,1,11
166,cross/aligned,best_axis_oracle,1,3
166,cross/aligned,every_k2,0,7
166,cross/aligned,adwin,0,0
166,cross/aligned,mcusum,1,11
166,cross/aligned,sketch1,1,12
167,cross/aligned,always_multiD,1,20
167,cross/aligned,union4_bonf,1,20
167,cross/aligned,dci_v3,1,20
167,cross/aligned,dci_v3_a8,1,20
167,cross/aligned,best_axis_oracle,1,6
167,cross/aligned,every_k2,1,9
167,cross/aligned,adwin,0,0
167,cross/aligned,mcusum,1,11
167,cross/aligned,sketch1,1,16
168,cross/aligned,always_multiD,1,11
168,cross/aligned,union4_bonf,1,12
168,cross/aligned,dci_v3,1,12
168,cross/aligned,dci_v3_a8,1,12
168,cross/aligned,best_axis_oracle,1,11
168,cross/aligned,every_k2,0,6
168,cross/aligned,adwin,0,0
168,cross/aligned,mcusum,1,11
168,cross/aligned,sketch1,1,11
169,cross/aligned,always_multiD,1,12
169,cross/aligned,union4_bonf,1,12
169,cross/aligned,dci_v3,1,12
169,cross/aligned,dci_v3_a8,1,12
169,cross/aligned,best_axis_oracle,1,11
169,cross/aligned,every_k2,0,6
169,cross/aligned,adwin,0,0
169,cross/aligned,mcusum,1,11
169,cross/aligned,sketch1,1,11
170,cross/aligned,always_multiD,1,12
170,cross/aligned,union4_bonf,1,12
170,cross/aligned,dci_v3,1,12
170,cross/aligned,dci_v3_a8,1,12
170,cross/aligned,best_axis_oracle,1,11
170,cross/aligned,every_k2,1,5
170,cross/aligned,adwin,0,0
170,cross/aligned,mcusum,1,11
170,cross/aligned,sketch1,1,12
171,cross/aligned,always_multiD,1,13
171,cross/aligned,union4_bonf,1,14
171,cross/aligned,dci_v3,1,14
171,cross/aligned,dci_v3_a8,1,13
171,cross/aligned,best_axis_oracle,1,11
171,cross/aligned,every_k2,0,6
171,cross/aligned,adwin,0,0
171,cross/aligned,mcusum,1,11
171,cross/aligned,sketch1,1,12
172,cross/offaxis,always_multiD,1,18
172,cross/offaxis,union4_bonf,1,14
172,cross/offaxis,dci_v3,1,16
172,cross/offaxis,dci_v3_a8,1,16
172,cross/offaxis,best_axis_oracle,1,9
172,cross/offaxis,every_k2,0,10
172,cross/offaxis,adwin,0,0
172,cross/offaxis,mcusum,1,8
172,cross/offaxis,sketch1,0,6
173,cross/aligned,always_multiD,1,11
173,cross/aligned,union4_bonf,1,11
173,cross/aligned,dci_v3,1,11
173,cross/aligned,dci_v3_a8,1,11
173,cross/aligned,best_axis_oracle,1,9
173,cross/aligned,every_k2,0,6
173,cross/aligned,adwin,0,0
173,cross/aligned,mcusum,1,10
173,cross/aligned,sketch1,0,12
174,cross/offaxis,always_multiD,1,18
174,cross/offaxis,union4_bonf,1,14
174,cross/offaxis,dci_v3,1,16
174,cross/offaxis,dci_v3_a8,1,16
174,cross/offaxis,best_axis_oracle,1,10
174,cross/offaxis,every_k2,0,10
174,cross/offaxis,adwin,0,0
174,cross/offaxis,mcusum,1,6
174,cross/offaxis,sketch1,0,15
175,cross/aligned,always_multiD,1,12
175,cross/aligned,union4_bonf,1,12
175,cross/aligned,dci_v3,1,12
175,cross/aligned,dci_v3_a8,1,12
175,cross/aligned,best_axis_oracle,1,6
175,cross/aligned,every_k2,1,5
175,cross/aligned,adwin,0,0
175,cross/aligned,mcusum,1,11
175,cross/aligned,sketch1,1,10
176,cross/aligned,always_multiD,1,11
176,cross/aligned,union4_bonf,1,11
176,cross/aligned,dci_v3,1,11
176,cross/aligned,dci_v3_a8,1,11
176,cross/aligned,best_axis_oracle,1,8
176,cross/aligned,every_k2,1,5
176,cross/aligned,adwin,0,0
176,cross/aligned,mcusum,1,11
176,cross/aligned,sketch1,1,11
177,cross/aligned,always_multiD,1,11
177,cross/aligned,union4_bonf,1,11
177,cross/aligned,dci_v3,1,11
177,cross/aligned,dci_v3_a8,1,11
177,cross/aligned,best_axis_oracle,1,11
177,cross/aligned,every_k2,1,5
177,cross/aligned,adwin,0,0
177,cross/aligned,mcusum,1,11
177,cross/aligned,sketch1,1,11
178,cross/aligned,always_multiD,1,11
178,cross/aligned,union4_bonf,1,12
178,cross/aligned,dci_v3,1,12
178,cross/aligned,dci_v3_a8,1,12
178,cross/aligned,best_axis_oracle,1,11
178,cross/aligned,every_k2,1,5
178,cross/aligned,adwin,0,0
178,cross/aligned,mcusum,1,11
178,cross/aligned,sketch1,1,11
179,cross/aligned,always_multiD,1,14
179,cross/aligned,union4_bonf,1,12
179,cross/aligned,dci_v3,1,12
179,cross/aligned,dci_v3_a8,1,12
179,cross/aligned,best_axis_oracle,1,11
179,cross/aligned,every_k2,0,7
179,cross/aligned,adwin,0,0
179,cross/aligned,mcusum,1,11
179,cross/aligned,sketch1,1,12
180,cross/aligned,always_multiD,1,14
180,cross/aligned,union4_bonf,1,12
180,cross/aligned,dci_v3,1,12
180,cross/aligned,dci_v3_a8,1,13
180,cross/aligned,best_axis_oracle,1,7
180,cross/aligned,every_k2,0,7
180,cross/aligned,adwin,0,0
180,cross/aligned,mcusum,1,11
180,cross/aligned,sketch1,1,12
181,cross/aligned,always_multiD,1,11
181,cross/aligned,union4_bonf,1,11
181,cross/aligned,dci_v3,1,11
181,cross/aligned,dci_v3_a8,1,11
181,cross/aligned,best_axis_oracle,1,8
181,cross/aligned,every_k2,1,5
181,cross/aligned,adwin,0,0
181,cross/aligned,mcusum,1,11
181,cross/aligned,sketch1,1,11
182,cross/aligned,always_multiD,1,13
182,cross/aligned,union4_bonf,1,14
182,cross/aligned,dci_v3,1,14
182,cross/aligned,dci_v3_a8,1,14
182,cross/aligned,best_axis_oracle,1,10
182,cross/aligned,every_k2,1,7
182,cross/aligned,adwin,0,0
182,cross/aligned,mcusum,1,11
182,cross/aligned,sketch1,1,14
183,cross/aligned,always_multiD,1,13
183,cross/aligned,union4_bonf,1,14
183,cross/aligned,dci_v3,1,14
183,cross/aligned,dci_v3_a8,1,14
183,cross/aligned,best_axis_oracle,1,10
183,cross/aligned,every_k2,0,6
183,cross/aligned,adwin,0,0
183,cross/aligned,mcusum,1,11
183,cross/aligned,sketch1,1,14
184,cross/aligned,always_multiD,1,14
184,cross/aligned,union4_bonf,1,12
184,cross/aligned,dci_v3,1,12
184,cross/aligned,dci_v3_a8,1,12
184,cross/aligned,best_axis_oracle,1,9
184,cross/aligned,every_k2,0,7
184,cross/aligned,adwin,0,0
184,cross/aligned,mcusum,1,11
184,cross/aligned,sketch1,1,12
185,cross/aligned,always_multiD,1,12
185,cross/aligned,union4_bonf,1,12
185,cross/aligned,dci_v3,1,12
185,cross/aligned,dci_v3_a8,1,12
185,cross/aligned,best_axis_oracle,1,9
185,cross/aligned,every_k2,1,5
185,cross/aligned,adwin,0,0
185,cross/aligned,mcusum,1,11
185,cross/aligned,sketch1,1,11
186,cross/aligned,always_multiD,1,20
186,cross/aligned,union4_bonf,1,20
186,cross/aligned,dci_v3,1,20
186,cross/aligned,dci_v3_a8,1,20
186,cross/aligned,best_axis_oracle,1,11
186,cross/aligned,every_k2,0,11
186,cross/aligned,adwin,0,0
186,cross/aligned,mcusum,1,12
186,cross/aligned,sketch1,1,17
187,cross/aligned,always_multiD,1,12
187,cross/aligned,union4_bonf,1,12
187,cross/aligned,dci_v3,1,12
187,cross/aligned,dci_v3_a8,1,12
187,cross/aligned,best_axis_oracle,1,11
187,cross/aligned,every_k2,1,5
187,cross/aligned,adwin,0,0
187,cross/aligned,mcusum,1,11
187,cross/aligned,sketch1,1,12
188,cross/aligned,always_multiD,1,11
188,cross/aligned,union4_bonf,1,11
188,cross/aligned,dci_v3,1,11
188,cross/aligned,dci_v3_a8,1,11
188,cross/aligned,best_axis_oracle,1,0
188,cross/aligned,every_k2,0,6
188,cross/aligned,adwin,0,0
188,cross/aligned,mcusum,1,5
188,cross/aligned,sketch1,1,1
189,cross/aligned,always_multiD,1,12
189,cross/aligned,union4_bonf,1,12
189,cross/aligned,dci_v3,1,12
189,cross/aligned,dci_v3_a8,1,12
189,cross/aligned,best_axis_oracle,1,11
189,cross/aligned,every_k2,1,6
189,cross/aligned,adwin,0,0
189,cross/aligned,mcusum,1,11
189,cross/aligned,sketch1,1,11
190,cross/aligned,always_multiD,1,12
190,cross/aligned,union4_bonf,1,12
190,cross/aligned,dci_v3,1,12
190,cross/aligned,dci_v3_a8,1,12
190,cross/aligned,best_axis_oracle,1,11
190,cross/aligned,every_k2,1,6
190,cross/aligned,adwin,0,0
190,cross/aligned,mcusum,1,11
190,cross/aligned,sketch1,1,11
191,cross/aligned,always_multiD,1,11
191,cross/aligned,union4_bonf,1,11
191,cross/aligned,dci_v3,1,11
191,cross/aligned,dci_v3_a8,1,11
191,cross/aligned,best_axis_oracle,1,2
191,cross/aligned,every_k2,0,6
191,cross/aligned,adwin,0,0
191,cross/aligned,mcusum,1,11
191,cross/aligned,sketch1,0,12
192,cross/aligned,always_multiD,1,11
192,cross/aligned,union4_bonf,1,11
192,cross/aligned,dci_v3,1,11
192,cross/aligned,dci_v3_a8,1,11
192,cross/aligned,best_axis_oracle,1,0
192,cross/aligned,every_k2,0,6
192,cross/aligned,adwin,0,0
192,cross/aligned,mcusum,1,9
192,cross/aligned,sketch1,1,4
193,cross/aligned,always_multiD,1,14
193,cross/aligned,union4_bonf,1,12
193,cross/aligned,dci_v3,1,12
193,cross/aligned,dci_v3_a8,1,13
193,cross/aligned,best_axis_oracle,1,0
193,cross/aligned,every_k2,0,7
193,cross/aligned,adwin,0,0
193,cross/aligned,mcusum,1,11
193,cross/aligned,sketch1,1,12
194,cross/aligned,always_multiD,1,11
194,cross/aligned,union4_bonf,1,11
194,cross/aligned,dci_v3,1,11
194,cross/aligned,dci_v3_a8,1,11
194,cross/aligned,best_axis_oracle,1,0
194,cross/aligned,every_k2,0,6
194,cross/aligned,adwin,0,0
194,cross/aligned,mcusum,1,11
194,cross/aligned,sketch1,1,11
195,cross/aligned,always_multiD,1,11
195,cross/aligned,union4_bonf,1,12
195,cross/aligned,dci_v3,1,12
195,cross/aligned,dci_v3_a8,1,12
195,cross/aligned,best_axis_oracle,1,3
195,cross/aligned,every_k2,0,6
195,cross/aligned,adwin,0,0
195,cross/aligned,mcusum,1,6
195,cross/aligned,sketch1,1,8
196,cross/aligned,always_multiD,1,11
196,cross/aligned,union4_bonf,1,12
196,cross/aligned,dci_v3,1,12
196,cross/aligned,dci_v3_a8,1,12
196,cross/aligned,best_axis_oracle,1,10
196,cross/aligned,every_k2,0,6
196,cross/aligned,adwin,0,0
196,cross/aligned,mcusum,1,11
196,cross/aligned,sketch1,1,11
197,cross/aligned,always_multiD,1,12
197,cross/aligned,union4_bonf,1,12
197,cross/aligned,dci_v3,1,12
197,cross/aligned,dci_v3_a8,1,12
197,cross/aligned,best_axis_oracle,1,11
197,cross/aligned,every_k2,1,6
197,cross/aligned,adwin,0,0
197,cross/aligned,mcusum,1,11
197,cross/aligned,sketch1,1,11
198,cross/aligned,always_multiD,1,12
198,cross/aligned,union4_bonf,1,11
198,cross/aligned,dci_v3,1,11
198,cross/aligned,dci_v3_a8,1,11
198,cross/aligned,best_axis_oracle,1,11
198,cross/aligned,every_k2,0,6
198,cross/aligned,adwin,0,0
198,cross/aligned,mcusum,1,11
198,cross/aligned,sketch1,1,11
199,cross/aligned,always_multiD,1,11
199,cross/aligned,union4_bonf,1,11
199,cross/aligned,dci_v3,1,11
199,cross/aligned,dci_v3_a8,1,11
199,cross/aligned,best_axis_oracle,1,11
199,cross/aligned,every_k2,1,5
199,cross/aligned,adwin,0,0
199,cross/aligned,mcusum,1,11
199,cross/aligned,sketch1,1,11
200,cross/aligned,always_multiD,1,12
200,cross/aligned,union4_bonf,1,11
200,cross/aligned,dci_v3,1,11
200,cross/aligned,dci_v3_a8,1,11
200,cross/aligned,best_axis_oracle,1,11
200,cross/aligned,every_k2,0,6
200,cross/aligned,adwin,0,0
200,cross/aligned,mcusum,1,11
200,cross/aligned,sketch1,1,11
201,cross/aligned,always_multiD,1,11
201,cross/aligned,union4_bonf,1,11
201,cross/aligned,dci_v3,1,11
201,cross/aligned,dci_v3_a8,1,11
201,cross/aligned,best_axis_oracle,1,10
201,cross/aligned,every_k2,1,5
201,cross/aligned,adwin,0,0
201,cross/aligned,mcusum,1,11
201,cross/aligned,sketch1,1,11
202,cross/aligned,always_multiD,1,12
202,cross/aligned,union4_bonf,1,12
202,cross/aligned,dci_v3,1,12
202,cross/aligned,dci_v3_a8,1,12
202,cross/aligned,best_axis_oracle,1,11
202,cross/aligned,every_k2,1,6
202,cross/aligned,adwin,0,0
202,cross/aligned,mcusum,1,11
202,cross/aligned,sketch1,1,14
203,cross/aligned,always_multiD,1,11
203,cross/aligned,union4_bonf,1,12
203,cross/aligned,dci_v3,1,12
203,cross/aligned,dci_v3_a8,1,12
203,cross/aligned,best_axis_oracle,1,9
203,cross/aligned,every_k2,0,6
203,cross/aligned,adwin,0,0
203,cross/aligned,mcusum,1,11
203,cross/aligned,sketch1,1,10
204,cross/aligned,always_multiD,1,13
204,cross/aligned,union4_bonf,1,14
204,cross/aligned,dci_v3,1,14
204,cross/aligned,dci_v3_a8,1,15
204,cross/aligned,best_axis_oracle,1,11
204,cross/aligned,every_k2,0,6
204,cross/aligned,adwin,0,0
204,cross/aligned,mcusum,1,11
204,cross/aligned,sketch1,1,14
205,cross/aligned,always_multiD,1,11
205,cross/aligned,union4_bonf,1,11
205,cross/aligned,dci_v3,1,11
205,cross/aligned,dci_v3_a8,1,11
205,cross/aligned,best_axis_oracle,1,3
205,cross/aligned,every_k2,0,6
205,cross/aligned,adwin,0,0
205,cross/aligned,mcusum,1,10
205,cross/aligned,sketch1,1,12
206,cross/aligned,always_multiD,1,12
206,cross/aligned,union4_bonf,1,12
206,cross/aligned,dci_v3,1,12
206,cross/aligned,dci_v3_a8,1,12
206,cross/aligned,best_axis_oracle,1,11
206,cross/aligned,every_k2,1,6
206,cross/aligned,adwin,0,0
206,cross/aligned,mcusum,1,11
206,cross/aligned,sketch1,1,11
207,cross/aligned,always_multiD,1,13
207,cross/aligned,union4_bonf,1,14
207,cross/aligned,dci_v3,1,14
207,cross/aligned,dci_v3_a8,1,14
207,cross/aligned,best_axis_oracle,1,10
207,cross/aligned,every_k2,1,7
207,cross/aligned,adwin,0,0
207,cross/aligned,mcusum,1,11
207,cross/aligned,sketch1,0,14
208,cross/aligned,always_multiD,1,13
208,cross/aligned,union4_bonf,1,14
208,cross/aligned,dci_v3,1,14
208,cross/aligned,dci_v3_a8,1,14
208,cross/aligned,best_axis_oracle,1,11
208,cross/aligned,every_k2,1,7
208,cross/aligned,adwin,0,0
208,cross/aligned,mcusum,1,11
208,cross/aligned,sketch1,1,14
209,cross/aligned,always_multiD,1,14
209,cross/aligned,union4_bonf,1,12
209,cross/aligned,dci_v3,1,12
209,cross/aligned,dci_v3_a8,1,12
209,cross/aligned,best_axis_oracle,1,10
209,cross/aligned,every_k2,0,7
209,cross/aligned,adwin,0,0
209,cross/aligned,mcusum,1,11
209,cross/aligned,sketch1,1,8
210,cross/aligned,always_multiD,1,12
210,cross/aligned,union4_bonf,1,12
210,cross/aligned,dci_v3,1,12
210,cross/aligned,dci_v3_a8,1,12
210,cross/aligned,best_axis_oracle,1,11
210,cross/aligned,every_k2,1,5
210,cross/aligned,adwin,0,0
210,cross/aligned,mcusum,1,11
210,cross/aligned,sketch1,1,12
211,cross/aligned,always_multiD,1,12
211,cross/aligned,union4_bonf,1,12
211,cross/aligned,dci_v3,1,12
211,cross/aligned,dci_v3_a8,1,12
211,cross/aligned,best_axis_oracle,1,11
211,cross/aligned,every_k2,1,5
211,cross/aligned,adwin,0,0
211,cross/aligned,mcusum,1,11
211,cross/aligned,sketch1,1,12
212,cross/aligned,always_multiD,1,11
212,cross/aligned,union4_bonf,1,11
212,cross/aligned,dci_v3,1,11
212,cross/aligned,dci_v3_a8,1,11
212,cross/aligned,best_axis_oracle,1,10
212,cross/aligned,every_k2,1,5
212,cross/aligned,adwin,0,0
212,cross/aligned,mcusum,1,11
212,cross/aligned,sketch1,1,11
213,cross/aligned,always_multiD,1,11
213,cross/aligned,union4_bonf,1,11
213,cross/aligned,dci_v3,1,11
213,cross/aligned,dci_v3_a8,1,11
213,cross/aligned,best_axis_oracle,1,10
213,cross/aligned,every_k2,0,6
213,cross/aligned,adwin,0,0
213,cross/aligned,mcusum,1,11
213,cross/aligned,sketch1,1,11
214,cross/aligned,always_multiD,1,11
214,cross/aligned,union4_bonf,1,11
214,cross/aligned,dci_v3,1,11
214,cross/aligned,dci_v3_a8,1,11
214,cross/aligned,best_axis_oracle,1,0
214,cross/aligned,every_k2,0,6
214,cross/aligned,adwin,0,0
214,cross/aligned,mcusum,1,8
214,cross/aligned,sketch1,1,7
215,cross/aligned,always_multiD,1,11
215,cross/aligned,union4_bonf,1,11
215,cross/aligned,dci_v3,1,11
215,cross/aligned,dci_v3_a8,1,11
215,cross/aligned,best_axis_oracle,1,10
215,cross/aligned,every_k2,0,6
215,cross/aligned,adwin,0,0
215,cross/aligned,mcusum,1,10
215,cross/aligned,sketch1,1,9
216,cross/aligned,always_multiD,1,11
216,cross/aligned,union4_bonf,1,11
216,cross/aligned,dci_v3,1,11
216,cross/aligned,dci_v3_a8,1,11
216,cross/aligned,best_axis_oracle,1,10
216,cross/aligned,every_k2,0,6
216,cross/aligned,adwin,0,0
216,cross/aligned,mcusum,1,11
216,cross/aligned,sketch1,1,11
217,cross/offaxis,always_multiD,1,18
217,cross/offaxis,union4_bonf,1,14
217,cross/offaxis,dci_v3,1,16
217,cross/offaxis,dci_v3_a8,1,16
217,cross/offaxis,best_axis_oracle,1,11
217,cross/offaxis,every_k2,0,10
217,cross/offaxis,adwin,0,0
217,cross/offaxis,mcusum,1,3
217,cross/offaxis,sketch1,0,15
218,cross/aligned,always_multiD,1,12
218,cross/aligned,union4_bonf,1,12
218,cross/aligned,dci_v3,1,12
218,cross/aligned,dci_v3_a8,1,12
218,cross/aligned,best_axis_oracle,1,11
218,cross/aligned,every_k2,1,6
218,cross/aligned,adwin,0,0
218,cross/aligned,mcusum,1,9
218,cross/aligned,sketch1,1,12
219,cross/aligned,always_multiD,1,11
219,cross/aligned,union4_bonf,1,11
219,cross/aligned,dci_v3,1,11
219,cross/aligned,dci_v3_a8,1,11
219,cross/aligned,best_axis_oracle,1,9
219,cross/aligned,every_k2,0,6
219,cross/aligned,adwin,0,0
219,cross/aligned,mcusum,1,8
219,cross/aligned,sketch1,1,4
220,cross/aligned,always_multiD,1,11
220,cross/aligned,union4_bonf,1,11
220,cross/aligned,dci_v3,1,11
220,cross/aligned,dci_v3_a8,1,11
220,cross/aligned,best_axis_oracle,1,2
220,cross/aligned,every_k2,1,5
220,cross/aligned,adwin,0,0
220,cross/aligned,mcusum,1,11
220,cross/aligned,sketch1,0,7
221,cross/aligned,always_multiD,1,14
221,cross/aligned,union4_bonf,1,12
221,cross/aligned,dci_v3,1,12
221,cross/aligned,dci_v3_a8,1,12
221,cross/aligned,best_axis_oracle,1,4
221,cross/aligned,every_k2,1,7
221,cross/aligned,adwin,0,0
221,cross/aligned,mcusum,1,11
221,cross/aligned,sketch1,1,10
222,cross/aligned,always_multiD,1,11
222,cross/aligned,union4_bonf,1,11
222,cross/aligned,dci_v3,1,11
222,cross/aligned,dci_v3_a8,1,11
222,cross/aligned,best_axis_oracle,1,11
222,cross/aligned,every_k2,0,6
222,cross/aligned,adwin,0,0
222,cross/aligned,mcusum,1,11
222,cross/aligned,sketch1,1,11
223,cross/aligned,always_multiD,1,11
223,cross/aligned,union4_bonf,1,11
223,cross/aligned,dci_v3,1,11
223,cross/aligned,dci_v3_a8,1,11
223,cross/aligned,best_axis_oracle,1,9
223,cross/aligned,every_k2,0,6
223,cross/aligned,adwin,0,0
223,cross/aligned,mcusum,1,11
223,cross/aligned,sketch1,1,11
224,cross/aligned,always_multiD,1,11
224,cross/aligned,union4_bonf,1,11
224,cross/aligned,dci_v3,1,11
224,cross/aligned,dci_v3_a8,1,11
224,cross/aligned,best_axis_oracle,1,5
224,cross/aligned,every_k2,0,6
224,cross/aligned,adwin,0,0
224,cross/aligned,mcusum,1,11
224,cross/aligned,sketch1,1,12
225,cross/aligned,always_multiD,1,11
225,cross/aligned,union4_bonf,1,12
225,cross/aligned,dci_v3,1,12
225,cross/aligned,dci_v3_a8,1,12
225,cross/aligned,best_axis_oracle,1,10
225,cross/aligned,every_k2,0,6
225,cross/aligned,adwin,0,0
225,cross/aligned,mcusum,1,11
225,cross/aligned,sketch1,1,11
226,cross/aligned,always_multiD,1,11
226,cross/aligned,union4_bonf,1,12
226,cross/aligned,dci_v3,1,12
226,cross/aligned,dci_v3_a8,1,12
226,cross/aligned,best_axis_oracle,1,11
226,cross/aligned,every_k2,1,5
226,cross/aligned,adwin,0,0
226,cross/aligned,mcusum,1,11
226,cross/aligned,sketch1,1,11
227,cross/aligned,always_multiD,1,12
227,cross/aligned,union4_bonf,1,11
227,cross/aligned,dci_v3,1,11
227,cross/aligned,dci_v3_a8,1,11
227,cross/aligned,best_axis_oracle,1,5
227,cross/aligned,every_k2,0,6
227,cross/aligned,adwin,0,0
227,cross/aligned,mcusum,1,11
227,cross/aligned,sketch1,1,11
228,cross/aligned,always_multiD,1,11
228,cross/aligned,union4_bonf,1,11
228,cross/aligned,dci_v3,1,11
228,cross/aligned,dci_v3_a8,1,11
228,cross/aligned,best_axis_oracle,1,2
228,cross/aligned,every_k2,1,5
228,cross/aligned,adwin,0,0
228,cross/aligned,mcusum,1,3
228,cross/aligned,sketch1,1,4
229,cross/aligned,always_multiD,1,13
229,cross/aligned,union4_bonf,1,14
229,cross/aligned,dci_v3,1,14
229,cross/aligned,dci_v3_a8,1,13
229,cross/aligned,best_axis_oracle,1,12
229,cross/aligned,every_k2,1,7
229,cross/aligned,adwin,0,0
229,cross/aligned,mcusum,1,8
229,cross/aligned,sketch1,1,3
230,cross/aligned,always_multiD,1,11
230,cross/aligned,union4_bonf,1,11
230,cross/aligned,dci_v3,1,11
230,cross/aligned,dci_v3_a8,1,11
230,cross/aligned,best_axis_oracle,1,3
230,cross/aligned,every_k2,0,6
230,cross/aligned,adwin,0,0
230,cross/aligned,mcusum,1,10
230,cross/aligned,sketch1,1,8
231,cross/aligned,always_multiD,1,11
231,cross/aligned,union4_bonf,1,12
231,cross/aligned,dci_v3,1,12
231,cross/aligned,dci_v3_a8,1,12
231,cross/aligned,best_axis_oracle,1,11
231,cross/aligned,every_k2,1,5
231,cross/aligned,adwin,0,0
231,cross/aligned,mcusum,1,11
231,cross/aligned,sketch1,1,11
232,cross/aligned,always_multiD,1,14
232,cross/aligned,union4_bonf,1,12
232,cross/aligned,dci_v3,1,12
232,cross/aligned,dci_v3_a8,1,12
232,cross/aligned,best_axis_oracle,1,10
232,cross/aligned,every_k2,1,7
232,cross/aligned,adwin,0,0
232,cross/aligned,mcusum,1,11
232,cross/aligned,sketch1,1,12
233,cross/aligned,always_multiD,1,12
233,cross/aligned,union4_bonf,1,12
233,cross/aligned,dci_v3,1,12
233,cross/aligned,dci_v3_a8,1,12
233,cross/aligned,best_axis_oracle,1,9
233,cross/aligned,every_k2,0,6
233,cross/aligned,adwin,0,0
233,cross/aligned,mcusum,1,6
233,cross/aligned,sketch1,1,9
234,cross/aligned,always_multiD,1,11
234,cross/aligned,union4_bonf,1,12
234,cross/aligned,dci_v3,1,12
234,cross/aligned,dci_v3_a8,1,12
234,cross/aligned,best_axis_oracle,1,0
234,cross/aligned,every_k2,0,6
234,cross/aligned,adwin,0,0
234,cross/aligned,mcusum,1,3
234,cross/aligned,sketch1,1,3
235,cross/aligned,always_multiD,1,13
235,cross/aligned,union4_bonf,1,14
235,cross/aligned,dci_v3,1,14
235,cross/aligned,dci_v3_a8,1,13
235,cross/aligned,best_axis_oracle,1,7
235,cross/aligned,every_k2,0,6
235,cross/aligned,adwin,0,0
235,cross/aligned,mcusum,1,11
235,cross/aligned,sketch1,1,6
236,cross/aligned,always_multiD,1,11
236,cross/aligned,union4_bonf,1,11
236,cross/aligned,dci_v3,1,11
236,cross/aligned,dci_v3_a8,1,11
236,cross/aligned,best_axis_oracle,1,9
236,cross/aligned,every_k2,0,6
236,cross/aligned,adwin,0,0
236,cross/aligned,mcusum,1,11
236,cross/aligned,sketch1,1,11
237,cross/aligned,always_multiD,1,11
237,cross/aligned,union4_bonf,1,11
237,cross/aligned,dci_v3,1,11
237,cross/aligned,dci_v3_a8,1,11
237,cross/aligned,best_axis_oracle,1,6
237,cross/aligned,every_k2,0,6
237,cross/aligned,adwin,0,0
237,cross/aligned,mcusum,1,11
237,cross/aligned,sketch1,1,5
238,cross/aligned,always_multiD,1,11
238,cross/aligned,union4_bonf,1,11
238,cross/aligned,dci_v3,1,11
238,cross/aligned,dci_v3_a8,1,11
238,cross/aligned,best_axis_oracle,1,7
238,cross/aligned,every_k2,1,5
238,cross/aligned,adwin,0,0
238,cross/aligned,mcusum,1,11
238,cross/aligned,sketch1,1,11
239,cross/aligned,always_multiD,1,11
239,cross/aligned,union4_bonf,1,11
239,cross/aligned,dci_v3,1,11
239,cross/aligned,dci_v3_a8,1,11
239,cross/aligned,best_axis_oracle,1,7
239,cross/aligned,every_k2,1,5
239,cross/aligned,adwin,0,0
239,cross/aligned,mcusum,1,11
239,cross/aligned,sketch1,1,11
240,cross/aligned,always_multiD,1,12
240,cross/aligned,union4_bonf,1,11
240,cross/aligned,dci_v3,1,11
240,cross/aligned,dci_v3_a8,1,11
240,cross/aligned,best_axis_oracle,1,8
240,cross/aligned,every_k2,1,6
240,cross/aligned,adwin,0,0
240,cross/aligned,mcusum,1,11
240,cross/aligned,sketch1,1,11
241,cross/aligned,always_multiD,1,13
241,cross/aligned,union4_bonf,1,14
241,cross/aligned,dci_v3,1,14
241,cross/aligned,dci_v3_a8,1,15
241,cross/aligned,best_axis_oracle,1,3
241,cross/aligned,every_k2,0,6
241,cross/aligned,adwin,0,0
241,cross/aligned,mcusum,1,11
241,cross/aligned,sketch1,1,7
242,cross/aligned,always_multiD,1,11
242,cross/aligned,union4_bonf,1,9
242,cross/aligned,dci_v3,1,9
242,cross/aligned,dci_v3_a8,1,10
242,cross/aligned,best_axis_oracle,1,4
242,cross/aligned,every_k2,0,6
242,cross/aligned,adwin,0,0
242,cross/aligned,mcusum,0,4
242,cross/aligned,sketch1,0,11
243,cross/aligned,always_multiD,1,8
243,cross/aligned,union4_bonf,1,8
243,cross/aligned,dci_v3,1,8
243,cross/aligned,dci_v3_a8,1,8
243,cross/aligned,best_axis_oracle,1,4
243,cross/aligned,every_k2,0,4
243,cross/aligned,adwin,0,0
243,cross/aligned,mcusum,0,3
243,cross/aligned,sketch1,0,8
244,cross/aligned,always_multiD,1,12
244,cross/aligned,union4_bonf,1,12
244,cross/aligned,dci_v3,1,12
244,cross/aligned,dci_v3_a8,1,12
244,cross/aligned,best_axis_oracle,1,11
244,cross/aligned,every_k2,1,5
244,cross/aligned,adwin,0,0
244,cross/aligned,mcusum,0,9
244,cross/aligned,sketch1,1,10
245,cross/aligned,always_multiD,1,11
245,cross/aligned,union4_bonf,1,11
245,cross/aligned,dci_v3,1,11
245,cross/aligned,dci_v3_a8,1,11
245,cross/aligned,best_axis_oracle,1,11
245,cross/aligned,every_k2,1,5
245,cross/aligned,adwin,0,0
245,cross/aligned,mcusum,0,10
245,cross/aligned,sketch1,1,11
246,cross/aligned,always_multiD,1,11
246,cross/aligned,union4_bonf,1,10
246,cross/aligned,dci_v3,1,10
246,cross/aligned,dci_v3_a8,1,10
246,cross/aligned,best_axis_oracle,1,5
246,cross/aligned,every_k2,0,6
246,cross/aligned,adwin,0,0
246,cross/aligned,mcusum,0,6
246,cross/aligned,sketch1,0,11
247,cross/aligned,always_multiD,1,11
247,cross/aligned,union4_bonf,1,11
247,cross/aligned,dci_v3,1,11
247,cross/aligned,dci_v3_a8,1,11
247,cross/aligned,best_axis_oracle,1,10
247,cross/aligned,every_k2,1,5
247,cross/aligned,adwin,0,0
247,cross/aligned,mcusum,0,10
247,cross/aligned,sketch1,0,12
248,cross/aligned,always_multiD,1,12
248,cross/aligned,union4_bonf,1,9
248,cross/aligned,dci_v3,1,9
248,cross/aligned,dci_v3_a8,1,9
248,cross/aligned,best_axis_oracle,1,1
248,cross/aligned,every_k2,0,6
248,cross/aligned,adwin,0,0
248,cross/aligned,mcusum,0,5
248,cross/aligned,sketch1,0,12
249,cross/aligned,always_multiD,1,12
249,cross/aligned,union4_bonf,1,11
249,cross/aligned,dci_v3,1,12
249,cross/aligned,dci_v3_a8,1,12
249,cross/aligned,best_axis_oracle,1,11
249,cross/aligned,every_k2,1,5
249,cross/aligned,adwin,0,0
249,cross/aligned,mcusum,0,11
249,cross/aligned,sketch1,1,13
250,cross/aligned,always_multiD,1,11
250,cross/aligned,union4_bonf,1,11
250,cross/aligned,dci_v3,1,11
250,cross/aligned,dci_v3_a8,1,11
250,cross/aligned,best_axis_oracle,1,11
250,cross/aligned,every_k2,1,5
250,cross/aligned,adwin,0,0
250,cross/aligned,mcusum,0,11
250,cross/aligned,sketch1,0,11
251,cross/aligned,always_multiD,1,12
251,cross/aligned,union4_bonf,1,11
251,cross/aligned,dci_v3,1,12
251,cross/aligned,dci_v3_a8,1,12
251,cross/aligned,best_axis_oracle,1,11
251,cross/aligned,every_k2,0,7
251,cross/aligned,adwin,0,0
251,cross/aligned,mcusum,0,11
251,cross/aligned,sketch1,1,12
252,cross/aligned,always_multiD,1,11
252,cross/aligned,union4_bonf,1,11
252,cross/aligned,dci_v3,1,11
252,cross/aligned,dci_v3_a8,1,11
252,cross/aligned,best_axis_oracle,1,11
252,cross/aligned,every_k2,0,6
252,cross/aligned,adwin,0,0
252,cross/aligned,mcusum,0,11
252,cross/aligned,sketch1,0,12
253,cross/aligned,always_multiD,1,11
253,cross/aligned,union4_bonf,1,11
253,cross/aligned,dci_v3,1,11
253,cross/aligned,dci_v3_a8,1,11
253,cross/aligned,best_axis_oracle,1,0
253,cross/aligned,every_k2,1,5
253,cross/aligned,adwin,0,0
253,cross/aligned,mcusum,0,3
253,cross/aligned,sketch1,0,11
254,cross/aligned,always_multiD,1,11
254,cross/aligned,union4_bonf,1,0
254,cross/aligned,dci_v3,1,0
254,cross/aligned,dci_v3_a8,1,1
254,cross/aligned,best_axis_oracle,1,0
254,cross/aligned,every_k2,1,5
254,cross/aligned,adwin,0,0
254,cross/aligned,mcusum,0,1
254,cross/aligned,sketch1,0,11
255,cross/aligned,always_multiD,1,11
255,cross/aligned,union4_bonf,1,0
255,cross/aligned,dci_v3,1,0
255,cross/aligned,dci_v3_a8,1,2
255,cross/aligned,best_axis_oracle,1,0
255,cross/aligned,every_k2,1,5
255,cross/aligned,adwin,0,0
255,cross/aligned,mcusum,0,1
255,cross/aligned,sketch1,0,11
256,cross/aligned,always_multiD,1,12
256,cross/aligned,union4_bonf,1,0
256,cross/aligned,dci_v3,1,1
256,cross/aligned,dci_v3_a8,1,2
256,cross/aligned,best_axis_oracle,1,0
256,cross/aligned,every_k2,1,5
256,cross/aligned,adwin,0,0
256,cross/aligned,mcusum,0,2
256,cross/aligned,sketch1,0,13
257,cross/aligned,always_multiD,1,11
257,cross/aligned,union4_bonf,1,0
257,cross/aligned,dci_v3,1,0
257,cross/aligned,dci_v3_a8,1,1
257,cross/aligned,best_axis_oracle,1,0
257,cross/aligned,every_k2,1,5
257,cross/aligned,adwin,0,0
257,cross/aligned,mcusum,0,1
257,cross/aligned,sketch1,0,11
258,cross/aligned,always_multiD,1,12
258,cross/aligned,union4_bonf,1,0
258,cross/aligned,dci_v3,1,1
258,cross/aligned,dci_v3_a8,1,2
258,cross/aligned,best_axis_oracle,1,0
258,cross/aligned,every_k2,0,7
258,cross/aligned,adwin,0,0
258,cross/aligned,mcusum,0,2
258,cross/aligned,sketch1,0,13
259,cross/aligned,always_multiD,1,11
259,cross/aligned,union4_bonf,1,11
259,cross/aligned,dci_v3,1,11
259,cross/aligned,dci_v3_a8,1,11
259,cross/aligned,best_axis_oracle,1,3
259,cross/aligned,every_k2,0,6
259,cross/aligned,adwin,0,0
259,cross/aligned,mcusum,0,10
259,cross/aligned,sketch1,0,11
260,cross/aligned,always_multiD,1,9
260,cross/aligned,union4_bonf,1,2
260,cross/aligned,dci_v3,1,2
260,cross/aligned,dci_v3_a8,1,2
260,cross/aligned,best_axis_oracle,1,0
260,cross/aligned,every_k2,1,4
260,cross/aligned,adwin,0,0
260,cross/aligned,mcusum,0,1
260,cross/aligned,sketch1,0,0
261,cross/aligned,always_multiD,1,3
261,cross/aligned,union4_bonf,1,0
261,cross/aligned,dci_v3,1,0
261,cross/aligned,dci_v3_a8,1,0
261,cross/aligned,best_axis_oracle,1,0
261,cross/aligned,every_k2,1,1
261,cross/aligned,adwin,0,0
261,cross/aligned,mcusum,0,0
261,cross/aligned,sketch1,0,11
262,cross/aligned,always_multiD,1,11
262,cross/aligned,union4_bonf,1,10
262,cross/aligned,dci_v3,1,10
262,cross/aligned,dci_v3_a8,1,11
262,cross/aligned,best_axis_oracle,1,0
262,cross/aligned,every_k2,1,5
262,cross/aligned,adwin,0,0
262,cross/aligned,mcusum,0,1
262,cross/aligned,sketch1,0,0
263,cross/aligned,always_multiD,1,7
263,cross/aligned,union4_bonf,1,0
263,cross/aligned,dci_v3,1,0
263,cross/aligned,dci_v3_a8,1,1
263,cross/aligned,best_axis_oracle,1,0
263,cross/aligned,every_k2,0,3
263,cross/aligned,adwin,0,0
263,cross/aligned,mcusum,0,1
263,cross/aligned,sketch1,0,1
264,cross/aligned,always_multiD,1,10
264,cross/aligned,union4_bonf,1,8
264,cross/aligned,dci_v3,1,8
264,cross/aligned,dci_v3_a8,1,8
264,cross/aligned,best_axis_oracle,1,0
264,cross/aligned,every_k2,0,5
264,cross/aligned,adwin,0,0
264,cross/aligned,mcusum,0,1
264,cross/aligned,sketch1,0,10
265,cross/aligned,always_multiD,1,8
265,cross/aligned,union4_bonf,1,9
265,cross/aligned,dci_v3,1,9
265,cross/aligned,dci_v3_a8,1,8
265,cross/aligned,best_axis_oracle,1,1
265,cross/aligned,every_k2,1,4
265,cross/aligned,adwin,0,0
265,cross/aligned,mcusum,0,1
265,cross/aligned,sketch1,0,11
266,cross/aligned,always_multiD,1,11
266,cross/aligned,union4_bonf,1,12
266,cross/aligned,dci_v3,1,12
266,cross/aligned,dci_v3_a8,1,12
266,cross/aligned,best_axis_oracle,1,1
266,cross/aligned,every_k2,0,6
266,cross/aligned,adwin,0,0
266,cross/aligned,mcusum,0,1
266,cross/aligned,sketch1,1,12
267,cross/aligned,always_multiD,1,10
267,cross/aligned,union4_bonf,1,8
267,cross/aligned,dci_v3,1,8
267,cross/aligned,dci_v3_a8,1,8
267,cross/aligned,best_axis_oracle,1,0
267,cross/aligned,every_k2,1,4
267,cross/aligned,adwin,0,0
267,cross/aligned,mcusum,0,1
267,cross/aligned,sketch1,0,12
268,cross/aligned,always_multiD,1,7
268,cross/aligned,union4_bonf,1,5
268,cross/aligned,dci_v3,1,5
268,cross/aligned,dci_v3_a8,1,6
268,cross/aligned,best_axis_oracle,1,0
268,cross/aligned,every_k2,1,2
268,cross/aligned,adwin,0,0
268,cross/aligned,mcusum,0,1
268,cross/aligned,sketch1,0,10
269,cross/aligned,always_multiD,1,6
269,cross/aligned,union4_bonf,1,4
269,cross/aligned,dci_v3,1,4
269,cross/aligned,dci_v3_a8,1,4
269,cross/aligned,best_axis_oracle,1,0
269,cross/aligned,every_k2,1,2
269,cross/aligned,adwin,0,0
269,cross/aligned,mcusum,0,1
269,cross/aligned,sketch1,0,8
270,cross/aligned,always_multiD,1,3
270,cross/aligned,union4_bonf,1,0
270,cross/aligned,dci_v3,1,0
270,cross/aligned,dci_v3_a8,1,2
270,cross/aligned,best_axis_oracle,1,0
270,cross/aligned,every_k2,0,2
270,cross/aligned,adwin,0,0
270,cross/aligned,mcusum,0,0
270,cross/aligned,sketch1,0,7
271,cross/aligned,always_multiD,1,11
271,cross/aligned,union4_bonf,1,10
271,cross/aligned,dci_v3,1,10
271,cross/aligned,dci_v3_a8,1,10
271,cross/aligned,best_axis_oracle,1,1
271,cross/aligned,every_k2,1,5
271,cross/aligned,adwin,0,0
271,cross/aligned,mcusum,0,2
271,cross/aligned,sketch1,0,11
272,cross/aligned,always_multiD,1,6
272,cross/aligned,union4_bonf,1,5
272,cross/aligned,dci_v3,1,5
272,cross/aligned,dci_v3_a8,1,5
272,cross/aligned,best_axis_oracle,1,0
272,cross/aligned,every_k2,0,3
272,cross/aligned,adwin,0,0
272,cross/aligned,mcusum,0,1
272,cross/aligned,sketch1,0,9
273,cross/aligned,always_multiD,1,6
273,cross/aligned,union4_bonf,1,5
273,cross/aligned,dci_v3,1,5
273,cross/aligned,dci_v3_a8,1,5
273,cross/aligned,best_axis_oracle,1,0
273,cross/aligned,every_k2,1,3
273,cross/aligned,adwin,0,0
273,cross/aligned,mcusum,0,1
273,cross/aligned,sketch1,0,9
274,cross/aligned,always_multiD,1,9
274,cross/aligned,union4_bonf,1,4
274,cross/aligned,dci_v3,1,4
274,cross/aligned,dci_v3_a8,1,4
274,cross/aligned,best_axis_oracle,1,0
274,cross/aligned,every_k2,0,5
274,cross/aligned,adwin,0,0
274,cross/aligned,mcusum,0,1
274,cross/aligned,sketch1,0,6
275,cross/aligned,always_multiD,1,8
275,cross/aligned,union4_bonf,1,5
275,cross/aligned,dci_v3,1,5
275,cross/aligned,dci_v3_a8,1,5
275,cross/aligned,best_axis_oracle,1,1
275,cross/aligned,every_k2,0,4
275,cross/aligned,adwin,0,0
275,cross/aligned,mcusum,0,1
275,cross/aligned,sketch1,0,7
276,cross/aligned,always_multiD,1,6
276,cross/aligned,union4_bonf,1,2
276,cross/aligned,dci_v3,1,2
276,cross/aligned,dci_v3_a8,1,3
276,cross/aligned,best_axis_oracle,1,1
276,cross/aligned,every_k2,1,2
276,cross/aligned,adwin,0,0
276,cross/aligned,mcusum,0,1
276,cross/aligned,sketch1,0,6
277,cross/aligned,always_multiD,1,7
277,cross/aligned,union4_bonf,1,5
277,cross/aligned,dci_v3,1,5
277,cross/aligned,dci_v3_a8,1,6
277,cross/aligned,best_axis_oracle,1,1
277,cross/aligned,every_k2,0,4
277,cross/aligned,adwin,0,0
277,cross/aligned,mcusum,0,1
277,cross/aligned,sketch1,0,5
278,cross/aligned,always_multiD,1,7
278,cross/aligned,union4_bonf,1,5
278,cross/aligned,dci_v3,1,5
278,cross/aligned,dci_v3_a8,1,5
278,cross/aligned,best_axis_oracle,1,0
278,cross/aligned,every_k2,1,3
278,cross/aligned,adwin,0,0
278,cross/aligned,mcusum,0,1
278,cross/aligned,sketch1,0,6
279,cross/aligned,always_multiD,1,10
279,cross/aligned,union4_bonf,1,7
279,cross/aligned,dci_v3,1,7
279,cross/aligned,dci_v3_a8,1,7
279,cross/aligned,best_axis_oracle,1,1
279,cross/aligned,every_k2,1,5
279,cross/aligned,adwin,0,0
279,cross/aligned,mcusum,0,2
279,cross/aligned,sketch1,0,4
280,cross/aligned,always_multiD,1,8
280,cross/aligned,union4_bonf,1,5
280,cross/aligned,dci_v3,1,5
280,cross/aligned,dci_v3_a8,1,5
280,cross/aligned,best_axis_oracle,1,1
280,cross/aligned,every_k2,0,4
280,cross/aligned,adwin,0,0
280,cross/aligned,mcusum,0,1
280,cross/aligned,sketch1,0,7
281,cross/aligned,always_multiD,1,7
281,cross/aligned,union4_bonf,1,5
281,cross/aligned,dci_v3,1,5
281,cross/aligned,dci_v3_a8,1,5
281,cross/aligned,best_axis_oracle,1,1
281,cross/aligned,every_k2,1,3
281,cross/aligned,adwin,0,0
281,cross/aligned,mcusum,0,1
281,cross/aligned,sketch1,0,5
282,cross/aligned,always_multiD,1,9
282,cross/aligned,union4_bonf,1,8
282,cross/aligned,dci_v3,1,8
282,cross/aligned,dci_v3_a8,1,8
282,cross/aligned,best_axis_oracle,1,2
282,cross/aligned,every_k2,1,5
282,cross/aligned,adwin,0,0
282,cross/aligned,mcusum,0,1
282,cross/aligned,sketch1,0,4
283,cross/aligned,always_multiD,1,6
283,cross/aligned,union4_bonf,1,1
283,cross/aligned,dci_v3,1,1
283,cross/aligned,dci_v3_a8,1,1
283,cross/aligned,best_axis_oracle,1,3
283,cross/aligned,every_k2,1,3
283,cross/aligned,adwin,0,0
283,cross/aligned,mcusum,0,1
283,cross/aligned,sketch1,0,8
284,cross/aligned,always_multiD,1,9
284,cross/aligned,union4_bonf,1,6
284,cross/aligned,dci_v3,1,6
284,cross/aligned,dci_v3_a8,1,6
284,cross/aligned,best_axis_oracle,1,2
284,cross/aligned,every_k2,1,4
284,cross/aligned,adwin,0,0
284,cross/aligned,mcusum,0,2
284,cross/aligned,sketch1,0,7
285,cross/aligned,always_multiD,1,10
285,cross/aligned,union4_bonf,1,7
285,cross/aligned,dci_v3,1,7
285,cross/aligned,dci_v3_a8,1,7
285,cross/aligned,best_axis_oracle,1,1
285,cross/aligned,every_k2,1,5
285,cross/aligned,adwin,0,0
285,cross/aligned,mcusum,0,1
285,cross/aligned,sketch1,0,8
286,cross/aligned,always_multiD,1,11
286,cross/aligned,union4_bonf,1,6
286,cross/aligned,dci_v3,1,6
286,cross/aligned,dci_v3_a8,1,7
286,cross/aligned,best_axis_oracle,1,4
286,cross/aligned,every_k2,0,6
286,cross/aligned,adwin,0,0
286,cross/aligned,mcusum,0,3
286,cross/aligned,sketch1,0,10
287,cross/aligned,always_multiD,1,11
287,cross/aligned,union4_bonf,1,2
287,cross/aligned,dci_v3,1,2
287,cross/aligned,dci_v3_a8,1,4
287,cross/aligned,best_axis_oracle,1,2
287,cross/aligned,every_k2,0,6
287,cross/aligned,adwin,0,0
287,cross/aligned,mcusum,0,3
287,cross/aligned,sketch1,0,10
288,cross/aligned,always_multiD,1,6
288,cross/aligned,union4_bonf,1,10
288,cross/aligned,dci_v3,1,10
288,cross/aligned,dci_v3_a8,1,10
288,cross/aligned,best_axis_oracle,1,2
288,cross/aligned,every_k2,1,3
288,cross/aligned,adwin,0,0
288,cross/aligned,mcusum,0,1
288,cross/aligned,sketch1,0,1
289,cross/aligned,always_multiD,1,8
289,cross/aligned,union4_bonf,1,2
289,cross/aligned,dci_v3,1,2
289,cross/aligned,dci_v3_a8,1,3
289,cross/aligned,best_axis_oracle,1,8
289,cross/aligned,every_k2,1,3
289,cross/aligned,adwin,0,0
289,cross/aligned,mcusum,0,1
289,cross/aligned,sketch1,1,6
290,cross/aligned,always_multiD,1,11
290,cross/aligned,union4_bonf,1,5
290,cross/aligned,dci_v3,1,5
290,cross/aligned,dci_v3_a8,1,7
290,cross/aligned,best_axis_oracle,1,5
290,cross/aligned,every_k2,1,5
290,cross/aligned,adwin,0,0
290,cross/aligned,mcusum,0,5
290,cross/aligned,sketch1,0,9
291,cross/aligned,always_multiD,1,11
291,cross/aligned,union4_bonf,1,3
291,cross/aligned,dci_v3,1,3
291,cross/aligned,dci_v3_a8,1,3
291,cross/aligned,best_axis_oracle,1,5
291,cross/aligned,every_k2,1,5
291,cross/aligned,adwin,0,0
291,cross/aligned,mcusum,0,2
291,cross/aligned,sketch1,0,9
292,cross/aligned,always_multiD,1,9
292,cross/aligned,union4_bonf,1,3
292,cross/aligned,dci_v3,1,3
292,cross/aligned,dci_v3_a8,1,4
292,cross/aligned,best_axis_oracle,1,0
292,cross/aligned,every_k2,0,5
292,cross/aligned,adwin,0,0
292,cross/aligned,mcusum,0,2
292,cross/aligned,sketch1,0,8
293,cross/aligned,always_multiD,1,12
293,cross/aligned,union4_bonf,1,11
293,cross/aligned,dci_v3,1,12
293,cross/aligned,dci_v3_a8,1,12
293,cross/aligned,best_axis_oracle,1,8
293,cross/aligned,every_k2,0,7
293,cross/aligned,adwin,0,0
293,cross/aligned,mcusum,0,2
293,cross/aligned,sketch1,0,4
294,cross/aligned,always_multiD,1,10
294,cross/aligned,union4_bonf,1,3
294,cross/aligned,dci_v3,1,5
294,cross/aligned,dci_v3_a8,1,5
294,cross/aligned,best_axis_oracle,1,4
294,cross/aligned,every_k2,0,6
294,cross/aligned,adwin,0,0
294,cross/aligned,mcusum,0,2
294,cross/aligned,sketch1,0,8
295,cross/aligned,always_multiD,1,12
295,cross/aligned,union4_bonf,1,7
295,cross/aligned,dci_v3,1,8
295,cross/aligned,dci_v3_a8,1,9
295,cross/aligned,best_axis_oracle,1,3
295,cross/aligned,every_k2,0,7
295,cross/aligned,adwin,0,0
295,cross/aligned,mcusum,0,5
295,cross/aligned,sketch1,0,12
296,cross/aligned,always_multiD,1,12
296,cross/aligned,union4_bonf,1,9
296,cross/aligned,dci_v3,1,10
296,cross/aligned,dci_v3_a8,1,10
296,cross/aligned,best_axis_oracle,1,4
296,cross/aligned,every_k2,0,7
296,cross/aligned,adwin,0,0
296,cross/aligned,mcusum,0,5
296,cross/aligned,sketch1,0,11
297,cross/aligned,always_multiD,1,11
297,cross/aligned,union4_bonf,1,11
297,cross/aligned,dci_v3,1,11
297,cross/aligned,dci_v3_a8,1,11
297,cross/aligned,best_axis_oracle,1,11
297,cross/aligned,every_k2,0,6
297,cross/aligned,adwin,0,0
297,cross/aligned,mcusum,0,11
297,cross/aligned,sketch1,1,11
298,cross/aligned,always_multiD,1,11
298,cross/aligned,union4_bonf,1,11
298,cross/aligned,dci_v3,1,11
298,cross/aligned,dci_v3_a8,1,11
298,cross/aligned,best_axis_oracle,1,6
298,cross/aligned,every_k2,0,6
298,cross/aligned,adwin,0,0
298,cross/aligned,mcusum,0,11
298,cross/aligned,sketch1,1,11
299,cross/aligned,always_multiD,1,11
299,cross/aligned,union4_bonf,1,11
299,cross/aligned,dci_v3,1,11
299,cross/aligned,dci_v3_a8,1,11
299,cross/aligned,best_axis_oracle,1,0
299,cross/aligned,every_k2,0,6
299,cross/aligned,adwin,0,0
299,cross/aligned,mcusum,0,11
299,cross/aligned,sketch1,0,12
300,cross/aligned,always_multiD,1,11
300,cross/aligned,union4_bonf,1,11
300,cross/aligned,dci_v3,1,11
300,cross/aligned,dci_v3_a8,1,11
300,cross/aligned,best_axis_oracle,1,1
300,cross/aligned,every_k2,0,6
300,cross/aligned,adwin,0,0
300,cross/aligned,mcusum,0,11
300,cross/aligned,sketch1,0,12
301,cross/aligned,always_multiD,1,11
301,cross/aligned,union4_bonf,1,11
301,cross/aligned,dci_v3,1,11
301,cross/aligned,dci_v3_a8,1,11
301,cross/aligned,best_axis_oracle,1,11
301,cross/aligned,every_k2,0,6
301,cross/aligned,adwin,0,0
301,cross/aligned,mcusum,0,11
301,cross/aligned,sketch1,1,11
302,cross/aligned,always_multiD,1,11
302,cross/aligned,union4_bonf,1,11
302,cross/aligned,dci_v3,1,11
302,cross/aligned,dci_v3_a8,1,11
302,cross/aligned,best_axis_oracle,1,6
302,cross/aligned,every_k2,0,6
302,cross/aligned,adwin,0,0
302,cross/aligned,mcusum,0,11
302,cross/aligned,sketch1,1,11
303,cross/aligned,always_multiD,1,11
303,cross/aligned,union4_bonf,1,11
303,cross/aligned,dci_v3,1,11
303,cross/aligned,dci_v3_a8,1,11
303,cross/aligned,best_axis_oracle,1,6
303,cross/aligned,every_k2,0,6
303,cross/aligned,adwin,0,0
303,cross/aligned,mcusum,0,11
303,cross/aligned,sketch1,1,11
304,cross/aligned,always_multiD,1,11
304,cross/aligned,union4_bonf,1,11
304,cross/aligned,dci_v3,1,11
304,cross/aligned,dci_v3_a8,1,11
304,cross/aligned,best_axis_oracle,1,11
304,cross/aligned,every_k2,0,6
304,cross/aligned,adwin,0,0
304,cross/aligned,mcusum,0,11
304,cross/aligned,sketch1,1,11
305,cross/aligned,always_multiD,1,11
305,cross/aligned,union4_bonf,1,11
305,cross/aligned,dci_v3,1,11
305,cross/aligned,dci_v3_a8,1,11
305,cross/aligned,best_axis_oracle,1,6
305,cross/aligned,every_k2,1,5
305,cross/aligned,adwin,0,0
305,cross/aligned,mcusum,0,11
305,cross/aligned,sketch1,0,11
306,cross/aligned,always_multiD,1,11
306,cross/aligned,union4_bonf,1,11
306,cross/aligned,dci_v3,1,11
306,cross/aligned,dci_v3_a8,1,11
306,cross/aligned,best_axis_oracle,1,7
306,cross/aligned,every_k2,0,6
306,cross/aligned,adwin,0,0
306,cross/aligned,mcusum,0,11
306,cross/aligned,sketch1,0,11
307,cross/aligned,always_multiD,1,12
307,cross/aligned,union4_bonf,1,12
307,cross/aligned,dci_v3,1,12
307,cross/aligned,dci_v3_a8,1,12
307,cross/aligned,best_axis_oracle,1,7
307,cross/aligned,every_k2,0,7
307,cross/aligned,adwin,0,0
307,cross/aligned,mcusum,0,11
307,cross/aligned,sketch1,1,12
308,cross/aligned,always_multiD,1,1
308,cross/aligned,union4_bonf,1,0
308,cross/aligned,dci_v3,1,0
308,cross/aligned,dci_v3_a8,1,0
308,cross/aligned,best_axis_oracle,1,0
308,cross/aligned,every_k2,1,0
308,cross/aligned,adwin,0,0
308,cross/aligned,mcusum,0,0
308,cross/aligned,sketch1,0,0
309,cross/aligned,always_multiD,1,6
309,cross/aligned,union4_bonf,1,9
309,cross/aligned,dci_v3,1,9
309,cross/aligned,dci_v3_a8,1,8
309,cross/aligned,best_axis_oracle,1,0
309,cross/aligned,every_k2,1,2
309,cross/aligned,adwin,0,0
309,cross/aligned,mcusum,0,1
309,cross/aligned,sketch1,1,0
310,cross/aligned,always_multiD,1,12
310,cross/aligned,union4_bonf,1,6
310,cross/aligned,dci_v3,1,6
310,cross/aligned,dci_v3_a8,1,7
310,cross/aligned,best_axis_oracle,1,0
310,cross/aligned,every_k2,1,5
310,cross/aligned,adwin,0,0
310,cross/aligned,mcusum,0,1
310,cross/aligned,sketch1,0,1
311,cross/aligned,always_multiD,1,10
311,cross/aligned,union4_bonf,1,11
311,cross/aligned,dci_v3,1,11
311,cross/aligned,dci_v3_a8,1,10
311,cross/aligned,best_axis_oracle,1,0
311,cross/aligned,every_k2,1,5
311,cross/aligned,adwin,0,0
311,cross/aligned,mcusum,0,1
311,cross/aligned,sketch1,0,0
312,cross/aligned,always_multiD,1,8
312,cross/aligned,union4_bonf,1,11
312,cross/aligned,dci_v3,1,11
312,cross/aligned,dci_v3_a8,1,11
312,cross/aligned,best_axis_oracle,1,0
312,cross/aligned,every_k2,0,4
312,cross/aligned,adwin,0,0
312,cross/aligned,mcusum,0,1
312,cross/aligned,sketch1,0,1
313,cross/aligned,always_multiD,1,2
313,cross/aligned,union4_bonf,1,1
313,cross/aligned,dci_v3,1,1
313,cross/aligned,dci_v3_a8,1,1
313,cross/aligned,best_axis_oracle,1,0
313,cross/aligned,every_k2,0,1
313,cross/aligned,adwin,0,0
313,cross/aligned,mcusum,0,0
313,cross/aligned,sketch1,0,0
314,cross/aligned,always_multiD,1,4
314,cross/aligned,union4_bonf,1,6
314,cross/aligned,dci_v3,1,7
314,cross/aligned,dci_v3_a8,1,7
314,cross/aligned,best_axis_oracle,1,0
314,cross/aligned,every_k2,1,2
314,cross/aligned,adwin,0,0
314,cross/aligned,mcusum,0,1
314,cross/aligned,sketch1,0,2
315,cross/aligned,always_multiD,1,0
315,cross/aligned,union4_bonf,1,1
315,cross/aligned,dci_v3,1,1
315,cross/aligned,dci_v3_a8,1,1
315,cross/aligned,best_axis_oracle,1,0
315,cross/aligned,every_k2,1,0
315,cross/aligned,adwin,0,0
315,cross/aligned,mcusum,0,0
315,cross/aligned,sketch1,0,0
316,cross/aligned,always_multiD,1,2
316,cross/aligned,union4_bonf,1,3
316,cross/aligned,dci_v3,1,3
316,cross/aligned,dci_v3_a8,1,3
316,cross/aligned,best_axis_oracle,1,0
316,cross/aligned,every_k2,1,2
316,cross/aligned,adwin,0,0
316,cross/aligned,mcusum,0,0
316,cross/aligned,sketch1,0,1
317,cross/aligned,always_multiD,1,9
317,cross/aligned,union4_bonf,1,10
317,cross/aligned,dci_v3,1,11
317,cross/aligned,dci_v3_a8,1,11
317,cross/aligned,best_axis_oracle,1,0
317,cross/aligned,every_k2,0,5
317,cross/aligned,adwin,0,0
317,cross/aligned,mcusum,0,1
317,cross/aligned,sketch1,0,3
318,cross/aligned,always_multiD,1,2
318,cross/aligned,union4_bonf,1,1
318,cross/aligned,dci_v3,1,1
318,cross/aligned,dci_v3_a8,1,1
318,cross/aligned,best_axis_oracle,1,0
318,cross/aligned,every_k2,1,1
318,cross/aligned,adwin,0,0
318,cross/aligned,mcusum,0,0
318,cross/aligned,sketch1,0,0
319,cross/aligned,always_multiD,1,11
319,cross/aligned,union4_bonf,1,3
319,cross/aligned,dci_v3,1,6
319,cross/aligned,dci_v3_a8,1,7
319,cross/aligned,best_axis_oracle,1,5
319,cross/aligned,every_k2,0,5
319,cross/aligned,adwin,0,0
319,cross/aligned,mcusum,0,2
319,cross/aligned,sketch1,0,11
320,cross/aligned,always_multiD,1,11
320,cross/aligned,union4_bonf,1,2
320,cross/aligned,dci_v3,1,7
320,cross/aligned,dci_v3_a8,1,8
320,cross/aligned,best_axis_oracle,1,4
320,cross/aligned,every_k2,0,6
320,cross/aligned,adwin,0,0
320,cross/aligned,mcusum,0,2
320,cross/aligned,sketch1,0,11
321,cross/aligned,always_multiD,1,11
321,cross/aligned,union4_bonf,1,4
321,cross/aligned,dci_v3,1,7
321,cross/aligned,dci_v3_a8,1,7
321,cross/aligned,best_axis_oracle,1,5
321,cross/aligned,every_k2,1,5
321,cross/aligned,adwin,0,0
321,cross/aligned,mcusum,0,2
321,cross/aligned,sketch1,0,9
322,cross/aligned,always_multiD,1,11
322,cross/aligned,union4_bonf,1,4
322,cross/aligned,dci_v3,1,7
322,cross/aligned,dci_v3_a8,1,7
322,cross/aligned,best_axis_oracle,1,5
322,cross/aligned,every_k2,0,6
322,cross/aligned,adwin,0,0
322,cross/aligned,mcusum,0,2
322,cross/aligned,sketch1,0,9
323,cross/aligned,always_multiD,1,11
323,cross/aligned,union4_bonf,1,3
323,cross/aligned,dci_v3,1,6
323,cross/aligned,dci_v3_a8,1,7
323,cross/aligned,best_axis_oracle,1,5
323,cross/aligned,every_k2,0,5
323,cross/aligned,adwin,0,0
323,cross/aligned,mcusum,0,2
323,cross/aligned,sketch1,0,11
324,cross/aligned,always_multiD,1,11
324,cross/aligned,union4_bonf,1,7
324,cross/aligned,dci_v3,1,8
324,cross/aligned,dci_v3_a8,1,9
324,cross/aligned,best_axis_oracle,1,3
324,cross/aligned,every_k2,0,7
324,cross/aligned,adwin,0,0
324,cross/aligned,mcusum,0,3
324,cross/aligned,sketch1,0,12
325,cross/aligned,always_multiD,1,10
325,cross/aligned,union4_bonf,1,8
325,cross/aligned,dci_v3,1,8
325,cross/aligned,dci_v3_a8,1,8
325,cross/aligned,best_axis_oracle,1,3
325,cross/aligned,every_k2,1,5
325,cross/aligned,adwin,0,0
325,cross/aligned,mcusum,0,3
325,cross/aligned,sketch1,0,10
326,cross/aligned,always_multiD,1,10
326,cross/aligned,union4_bonf,1,1
326,cross/aligned,dci_v3,1,6
326,cross/aligned,dci_v3_a8,1,6
326,cross/aligned,best_axis_oracle,1,0
326,cross/aligned,every_k2,1,5
326,cross/aligned,adwin,0,0
326,cross/aligned,mcusum,0,1
326,cross/aligned,sketch1,0,11
327,cross/aligned,always_multiD,1,11
327,cross/aligned,union4_bonf,1,7
327,cross/aligned,dci_v3,1,8
327,cross/aligned,dci_v3_a8,1,9
327,cross/aligned,best_axis_oracle,1,3
327,cross/aligned,every_k2,0,7
327,cross/aligned,adwin,0,0
327,cross/aligned,mcusum,0,3
327,cross/aligned,sketch1,0,12
328,cross/aligned,always_multiD,1,11
328,cross/aligned,union4_bonf,1,3
328,cross/aligned,dci_v3,1,7
328,cross/aligned,dci_v3_a8,1,8
328,cross/aligned,best_axis_oracle,1,4
328,cross/aligned,every_k2,1,5
328,cross/aligned,adwin,0,0
328,cross/aligned,mcusum,0,2
328,cross/aligned,sketch1,0,9
329,cross/aligned,always_multiD,1,8
329,cross/aligned,union4_bonf,1,1
329,cross/aligned,dci_v3,1,1
329,cross/aligned,dci_v3_a8,1,2
329,cross/aligned,best_axis_oracle,1,3
329,cross/aligned,every_k2,0,4
329,cross/aligned,adwin,0,0
329,cross/aligned,mcusum,0,1
329,cross/aligned,sketch1,0,9
330,cross/aligned,always_multiD,1,11
330,cross/aligned,union4_bonf,1,9
330,cross/aligned,dci_v3,1,9
330,cross/aligned,dci_v3_a8,1,9
330,cross/aligned,best_axis_oracle,1,4
330,cross/aligned,every_k2,0,6
330,cross/aligned,adwin,0,0
330,cross/aligned,mcusum,0,1
330,cross/aligned,sketch1,0,0
331,cross/aligned,always_multiD,1,2
331,cross/aligned,union4_bonf,1,2
331,cross/aligned,dci_v3,1,2
331,cross/aligned,dci_v3_a8,1,2
331,cross/aligned,best_axis_oracle,1,2
331,cross/aligned,every_k2,0,1
331,cross/aligned,adwin,0,0
331,cross/aligned,mcusum,0,0
331,cross/aligned,sketch1,0,0
332,cross/aligned,always_multiD,1,9
332,cross/aligned,union4_bonf,1,9
332,cross/aligned,dci_v3,1,9
332,cross/aligned,dci_v3_a8,1,9
332,cross/aligned,best_axis_oracle,1,7
332,cross/aligned,every_k2,1,5
332,cross/aligned,adwin,0,0
332,cross/aligned,mcusum,0,1
332,cross/aligned,sketch1,0,0
333,cross/aligned,always_multiD,1,0
333,cross/aligned,union4_bonf,1,1
333,cross/aligned,dci_v3,1,1
333,cross/aligned,dci_v3_a8,1,1
333,cross/aligned,best_axis_oracle,1,4
333,cross/aligned,every_k2,1,0
333,cross/aligned,adwin,0,0
333,cross/aligned,mcusum,0,0
333,cross/aligned,sketch1,0,0
334,cross/aligned,always_multiD,1,9
334,cross/aligned,union4_bonf,1,5
334,cross/aligned,dci_v3,1,5
334,cross/aligned,dci_v3_a8,1,6
334,cross/aligned,best_axis_oracle,1,0
334,cross/aligned,every_k2,1,5
334,cross/aligned,adwin,0,0
334,cross/aligned,mcusum,0,1
334,cross/aligned,sketch1,0,1
335,cross/aligned,always_multiD,1,11
335,cross/aligned,union4_bonf,1,10
335,cross/aligned,dci_v3,1,10
335,cross/aligned,dci_v3_a8,1,10
335,cross/aligned,best_axis_oracle,1,5
335,cross/aligned,every_k2,1,5
335,cross/aligned,adwin,0,0
335,cross/aligned,mcusum,0,1
335,cross/aligned,sketch1,0,0
336,cross/aligned,always_multiD,1,11
336,cross/aligned,union4_bonf,1,8
336,cross/aligned,dci_v3,1,8
336,cross/aligned,dci_v3_a8,1,8
336,cross/aligned,best_axis_oracle,1,6
336,cross/aligned,every_k2,0,6
336,cross/aligned,adwin,0,0
336,cross/aligned,mcusum,0,1
336,cross/aligned,sketch1,0,0
337,cross/aligned,always_multiD,1,7
337,cross/aligned,union4_bonf,1,0
337,cross/aligned,dci_v3,1,0
337,cross/aligned,dci_v3_a8,1,1
337,cross/aligned,best_axis_oracle,1,4
337,cross/aligned,every_k2,0,3
337,cross/aligned,adwin,0,0
337,cross/aligned,mcusum,0,0
337,cross/aligned,sketch1,0,0
338,cross/aligned,always_multiD,1,9
338,cross/aligned,union4_bonf,1,6
338,cross/aligned,dci_v3,1,6
338,cross/aligned,dci_v3_a8,1,7
338,cross/aligned,best_axis_oracle,1,6
338,cross/aligned,every_k2,0,4
338,cross/aligned,adwin,0,0
338,cross/aligned,mcusum,0,1
338,cross/aligned,sketch1,0,0
339,cross/aligned,always_multiD,1,12
339,cross/aligned,union4_bonf,1,6
339,cross/aligned,dci_v3,1,6
339,cross/aligned,dci_v3_a8,1,7
339,cross/aligned,best_axis_oracle,1,6
339,cross/aligned,every_k2,1,5
339,cross/aligned,adwin,0,0
339,cross/aligned,mcusum,0,1
339,cross/aligned,sketch1,0,1
340,cross/aligned,always_multiD,1,10
340,cross/aligned,union4_bonf,1,7
340,cross/aligned,dci_v3,1,8
340,cross/aligned,dci_v3_a8,1,8
340,cross/aligned,best_axis_oracle,1,8
340,cross/aligned,every_k2,1,5
340,cross/aligned,adwin,0,0
340,cross/aligned,mcusum,0,1
340,cross/aligned,sketch1,0,2
341,cross/aligned,always_multiD,1,5
341,cross/aligned,union4_bonf,1,9
341,cross/aligned,dci_v3,1,9
341,cross/aligned,dci_v3_a8,1,8
341,cross/aligned,best_axis_oracle,1,0
341,cross/aligned,every_k2,0,3
341,cross/aligned,adwin,0,0
341,cross/aligned,mcusum,0,0
341,cross/aligned,sketch1,0,0
342,cross/aligned,always_multiD,1,12
342,cross/aligned,union4_bonf,1,10
342,cross/aligned,dci_v3,1,11
342,cross/aligned,dci_v3_a8,1,12
342,cross/aligned,best_axis_oracle,1,0
342,cross/aligned,every_k2,0,7
342,cross/aligned,adwin,0,0
342,cross/aligned,mcusum,0,2
342,cross/aligned,sketch1,0,8
343,cross/aligned,always_multiD,1,1
343,cross/aligned,union4_bonf,1,6
343,cross/aligned,dci_v3,1,6
343,cross/aligned,dci_v3_a8,1,5
343,cross/aligned,best_axis_oracle,1,0
343,cross/aligned,every_k2,0,0
343,cross/aligned,adwin,0,0
343,cross/aligned,mcusum,0,0
343,cross/aligned,sketch1,0,0
344,cross/aligned,always_multiD,1,10
344,cross/aligned,union4_bonf,1,9
344,cross/aligned,dci_v3,1,9
344,cross/aligned,dci_v3_a8,1,10
344,cross/aligned,best_axis_oracle,1,0
344,cross/aligned,every_k2,0,7
344,cross/aligned,adwin,0,0
344,cross/aligned,mcusum,0,1
344,cross/aligned,sketch1,0,2
345,cross/aligned,always_multiD,1,10
345,cross/aligned,union4_bonf,1,11
345,cross/aligned,dci_v3,1,11
345,cross/aligned,dci_v3_a8,1,11
345,cross/aligned,best_axis_oracle,1,0
345,cross/aligned,every_k2,0,5
345,cross/aligned,adwin,0,0
345,cross/aligned,mcusum,0,1
345,cross/aligned,sketch1,0,0
346,cross/aligned,always_multiD,1,8
346,cross/aligned,union4_bonf,1,11
346,cross/aligned,dci_v3,1,11
346,cross/aligned,dci_v3_a8,1,11
346,cross/aligned,best_axis_oracle,1,0
346,cross/aligned,every_k2,1,5
346,cross/aligned,adwin,0,0
346,cross/aligned,mcusum,0,1
346,cross/aligned,sketch1,0,1
347,cross/aligned,always_multiD,1,8
347,cross/aligned,union4_bonf,1,10
347,cross/aligned,dci_v3,1,10
347,cross/aligned,dci_v3_a8,1,10
347,cross/aligned,best_axis_oracle,1,0
347,cross/aligned,every_k2,1,4
347,cross/aligned,adwin,0,0
347,cross/aligned,mcusum,0,1
347,cross/aligned,sketch1,0,1
348,cross/aligned,always_multiD,1,7
348,cross/aligned,union4_bonf,1,11
348,cross/aligned,dci_v3,1,11
348,cross/aligned,dci_v3_a8,1,10
348,cross/aligned,best_axis_oracle,1,0
348,cross/aligned,every_k2,1,4
348,cross/aligned,adwin,0,0
348,cross/aligned,mcusum,0,1
348,cross/aligned,sketch1,0,1
349,cross/aligned,always_multiD,1,12
349,cross/aligned,union4_bonf,1,10
349,cross/aligned,dci_v3,1,11
349,cross/aligned,dci_v3_a8,1,11
349,cross/aligned,best_axis_oracle,1,0
349,cross/aligned,every_k2,1,5
349,cross/aligned,adwin,0,0
349,cross/aligned,mcusum,0,2
349,cross/aligned,sketch1,0,8
350,cross/aligned,always_multiD,1,11
350,cross/aligned,union4_bonf,1,11
350,cross/aligned,dci_v3,1,11
350,cross/aligned,dci_v3_a8,1,11
350,cross/aligned,best_axis_oracle,1,0
350,cross/aligned,every_k2,0,6
350,cross/aligned,adwin,0,0
350,cross/aligned,mcusum,0,1
350,cross/aligned,sketch1,0,1
351,cross/aligned,always_multiD,1,8
351,cross/aligned,union4_bonf,1,11
351,cross/aligned,dci_v3,1,11
351,cross/aligned,dci_v3_a8,1,11
351,cross/aligned,best_axis_oracle,1,0
351,cross/aligned,every_k2,0,3
351,cross/aligned,adwin,0,0
351,cross/aligned,mcusum,0,1
351,cross/aligned,sketch1,0,1
352,cross/aligned,always_multiD,1,12
352,cross/aligned,union4_bonf,1,11
352,cross/aligned,dci_v3,1,12
352,cross/aligned,dci_v3_a8,1,12
352,cross/aligned,best_axis_oracle,1,2
352,cross/aligned,every_k2,0,7
352,cross/aligned,adwin,0,0
352,cross/aligned,mcusum,0,3
352,cross/aligned,sketch1,0,3
353,cross/aligned,always_multiD,1,9
353,cross/aligned,union4_bonf,1,9
353,cross/aligned,dci_v3,1,9
353,cross/aligned,dci_v3_a8,1,9
353,cross/aligned,best_axis_oracle,1,1
353,cross/aligned,every_k2,0,5
353,cross/aligned,adwin,0,0
353,cross/aligned,mcusum,0,1
353,cross/aligned,sketch1,0,0
354,cross/aligned,always_multiD,1,11
354,cross/aligned,union4_bonf,1,11
354,cross/aligned,dci_v3,1,11
354,cross/aligned,dci_v3_a8,1,11
354,cross/aligned,best_axis_oracle,1,0
354,cross/aligned,every_k2,0,6
354,cross/aligned,adwin,0,0
354,cross/aligned,mcusum,0,2
354,cross/aligned,sketch1,0,1
355,cross/aligned,always_multiD,1,9
355,cross/aligned,union4_bonf,1,9
355,cross/aligned,dci_v3,1,9
355,cross/aligned,dci_v3_a8,1,9
355,cross/aligned,best_axis_oracle,1,1
355,cross/aligned,every_k2,0,5
355,cross/aligned,adwin,0,0
355,cross/aligned,mcusum,0,1
355,cross/aligned,sketch1,0,0
356,cross/aligned,always_multiD,1,10
356,cross/aligned,union4_bonf,1,8
356,cross/aligned,dci_v3,1,8
356,cross/aligned,dci_v3_a8,1,8
356,cross/aligned,best_axis_oracle,1,0
356,cross/aligned,every_k2,0,5
356,cross/aligned,adwin,0,0
356,cross/aligned,mcusum,0,1
356,cross/aligned,sketch1,0,0
357,cross/aligned,always_multiD,1,11
357,cross/aligned,union4_bonf,1,11
357,cross/aligned,dci_v3,1,11
357,cross/aligned,dci_v3_a8,1,11
357,cross/aligned,best_axis_oracle,1,0
357,cross/aligned,every_k2,1,5
357,cross/aligned,adwin,0,0
357,cross/aligned,mcusum,0,2
357,cross/aligned,sketch1,0,0
358,cross/aligned,always_multiD,1,12
358,cross/aligned,union4_bonf,1,11
358,cross/aligned,dci_v3,1,11
358,cross/aligned,dci_v3_a8,1,11
358,cross/aligned,best_axis_oracle,1,0
358,cross/aligned,every_k2,1,6
358,cross/aligned,adwin,0,0
358,cross/aligned,mcusum,0,2
358,cross/aligned,sketch1,0,1
359,cross/aligned,always_multiD,1,11
359,cross/aligned,union4_bonf,1,11
359,cross/aligned,dci_v3,1,11
359,cross/aligned,dci_v3_a8,1,11
359,cross/aligned,best_axis_oracle,1,0
359,cross/aligned,every_k2,0,6
359,cross/aligned,adwin,0,0
359,cross/aligned,mcusum,0,1
359,cross/aligned,sketch1,0,1
360,cross/aligned,always_multiD,1,9
360,cross/aligned,union4_bonf,1,9
360,cross/aligned,dci_v3,1,9
360,cross/aligned,dci_v3_a8,1,9
360,cross/aligned,best_axis_oracle,1,1
360,cross/aligned,every_k2,1,4
360,cross/aligned,adwin,0,0
360,cross/aligned,mcusum,0,1
360,cross/aligned,sketch1,0,0
361,cross/aligned,always_multiD,1,12
361,cross/aligned,union4_bonf,1,11
361,cross/aligned,dci_v3,1,11
361,cross/aligned,dci_v3_a8,1,12
361,cross/aligned,best_axis_oracle,1,0
361,cross/aligned,every_k2,1,6
361,cross/aligned,adwin,0,0
361,cross/aligned,mcusum,0,2
361,cross/aligned,sketch1,0,1
362,cross/aligned,always_multiD,1,12
362,cross/aligned,union4_bonf,1,11
362,cross/aligned,dci_v3,1,11
362,cross/aligned,dci_v3_a8,1,11
362,cross/aligned,best_axis_oracle,1,0
362,cross/aligned,every_k2,1,6
362,cross/aligned,adwin,0,0
362,cross/aligned,mcusum,0,1
362,cross/aligned,sketch1,0,1
363,cross/aligned,always_multiD,1,11
363,cross/aligned,union4_bonf,1,11
363,cross/aligned,dci_v3,1,11
363,cross/aligned,dci_v3_a8,1,11
363,cross/aligned,best_axis_oracle,1,4
363,cross/aligned,every_k2,0,6
363,cross/aligned,adwin,0,0
363,cross/aligned,mcusum,0,4
363,cross/aligned,sketch1,1,10
364,cross/aligned,always_multiD,1,11
364,cross/aligned,union4_bonf,1,11
364,cross/aligned,dci_v3,1,11
364,cross/aligned,dci_v3_a8,1,11
364,cross/aligned,best_axis_oracle,1,7
364,cross/aligned,every_k2,1,5
364,cross/aligned,adwin,0,0
364,cross/aligned,mcusum,0,4
364,cross/aligned,sketch1,1,11
365,cross/aligned,always_multiD,1,13
365,cross/aligned,union4_bonf,1,13
365,cross/aligned,dci_v3,1,13
365,cross/aligned,dci_v3_a8,1,13
365,cross/aligned,best_axis_oracle,1,11
365,cross/aligned,every_k2,0,7
365,cross/aligned,adwin,0,0
365,cross/aligned,mcusum,0,11
365,cross/aligned,sketch1,1,13
366,cross/aligned,always_multiD,1,11
366,cross/aligned,union4_bonf,1,11
366,cross/aligned,dci_v3,1,11
366,cross/aligned,dci_v3_a8,1,11
366,cross/aligned,best_axis_oracle,1,11
366,cross/aligned,every_k2,1,5
366,cross/aligned,adwin,0,0
366,cross/aligned,mcusum,0,11
366,cross/aligned,sketch1,1,12
367,cross/aligned,always_multiD,1,22
367,cross/aligned,union4_bonf,1,22
367,cross/aligned,dci_v3,1,22
367,cross/aligned,dci_v3_a8,1,22
367,cross/aligned,best_axis_oracle,1,0
367,cross/aligned,every_k2,0,12
367,cross/aligned,adwin,0,0
367,cross/aligned,mcusum,0,7
367,cross/aligned,sketch1,1,22
368,cross/aligned,always_multiD,1,11
368,cross/aligned,union4_bonf,1,11
368,cross/aligned,dci_v3,1,11
368,cross/aligned,dci_v3_a8,1,11
368,cross/aligned,best_axis_oracle,1,10
368,cross/aligned,every_k2,0,6
368,cross/aligned,adwin,0,0
368,cross/aligned,mcusum,0,5
368,cross/aligned,sketch1,1,11
369,cross/aligned,always_multiD,1,12
369,cross/aligned,union4_bonf,1,12
369,cross/aligned,dci_v3,1,12
369,cross/aligned,dci_v3_a8,1,12
369,cross/aligned,best_axis_oracle,1,0
369,cross/aligned,every_k2,1,5
369,cross/aligned,adwin,0,0
369,cross/aligned,mcusum,0,6
369,cross/aligned,sketch1,1,12
370,cross/aligned,always_multiD,1,11
370,cross/aligned,union4_bonf,1,11
370,cross/aligned,dci_v3,1,11
370,cross/aligned,dci_v3_a8,1,11
370,cross/aligned,best_axis_oracle,1,11
370,cross/aligned,every_k2,1,5
370,cross/aligned,adwin,0,0
370,cross/aligned,mcusum,0,11
370,cross/aligned,sketch1,1,12
371,cross/aligned,always_multiD,1,11
371,cross/aligned,union4_bonf,1,11
371,cross/aligned,dci_v3,1,11
371,cross/aligned,dci_v3_a8,1,11
371,cross/aligned,best_axis_oracle,1,6
371,cross/aligned,every_k2,0,6
371,cross/aligned,adwin,0,0
371,cross/aligned,mcusum,0,5
371,cross/aligned,sketch1,1,11
372,cross/aligned,always_multiD,1,11
372,cross/aligned,union4_bonf,1,11
372,cross/aligned,dci_v3,1,11
372,cross/aligned,dci_v3_a8,1,11
372,cross/aligned,best_axis_oracle,1,9
372,cross/aligned,every_k2,0,6
372,cross/aligned,adwin,0,0
372,cross/aligned,mcusum,0,8
372,cross/aligned,sketch1,1,11
373,cross/aligned,always_multiD,1,12
373,cross/aligned,union4_bonf,1,12
373,cross/aligned,dci_v3,1,12
373,cross/aligned,dci_v3_a8,1,12
373,cross/aligned,best_axis_oracle,1,0
373,cross/aligned,every_k2,1,5
373,cross/aligned,adwin,0,0
373,cross/aligned,mcusum,0,6
373,cross/aligned,sketch1,1,12
374,cross/aligned,always_multiD,1,11
374,cross/aligned,union4_bonf,1,11
374,cross/aligned,dci_v3,1,11
374,cross/aligned,dci_v3_a8,1,11
374,cross/aligned,best_axis_oracle,1,2
374,cross/aligned,every_k2,1,5
374,cross/aligned,adwin,0,0
374,cross/aligned,mcusum,0,1
374,cross/aligned,sketch1,1,11
375,cross/aligned,always_multiD,1,11
375,cross/aligned,union4_bonf,1,11
375,cross/aligned,dci_v3,1,11
375,cross/aligned,dci_v3_a8,1,11
375,cross/aligned,best_axis_oracle,1,0
375,cross/aligned,every_k2,1,5
375,cross/aligned,adwin,0,0
375,cross/aligned,mcusum,0,2
375,cross/aligned,sketch1,0,11
376,cross/offaxis,always_multiD,1,12
376,cross/offaxis,union4_bonf,1,11
376,cross/offaxis,dci_v3,1,12
376,cross/offaxis,dci_v3_a8,1,12
376,cross/offaxis,best_axis_oracle,1,0
376,cross/offaxis,every_k2,1,5
376,cross/offaxis,adwin,0,0
376,cross/offaxis,mcusum,0,1
376,cross/offaxis,sketch1,0,12
377,cross/aligned,always_multiD,1,13
377,cross/aligned,union4_bonf,1,13
377,cross/aligned,dci_v3,1,13
377,cross/aligned,dci_v3_a8,1,13
377,cross/aligned,best_axis_oracle,1,0
377,cross/aligned,every_k2,1,6
377,cross/aligned,adwin,0,0
377,cross/aligned,mcusum,0,3
377,cross/aligned,sketch1,1,13
378,cross/aligned,always_multiD,1,11
378,cross/aligned,union4_bonf,1,11
378,cross/aligned,dci_v3,1,11
378,cross/aligned,dci_v3_a8,1,11
378,cross/aligned,best_axis_oracle,1,0
378,cross/aligned,every_k2,0,6
378,cross/aligned,adwin,0,0
378,cross/aligned,mcusum,0,2
378,cross/aligned,sketch1,1,11
379,cross/aligned,always_multiD,1,0
379,cross/aligned,union4_bonf,1,0
379,cross/aligned,dci_v3,1,0
379,cross/aligned,dci_v3_a8,1,0
379,cross/aligned,best_axis_oracle,1,0
379,cross/aligned,every_k2,1,0
379,cross/aligned,adwin,0,0
379,cross/aligned,mcusum,0,0
379,cross/aligned,sketch1,0,0
380,cross/aligned,always_multiD,1,11
380,cross/aligned,union4_bonf,1,11
380,cross/aligned,dci_v3,1,11
380,cross/aligned,dci_v3_a8,1,11
380,cross/aligned,best_axis_oracle,1,2
380,cross/aligned,every_k2,0,6
380,cross/aligned,adwin,0,0
380,cross/aligned,mcusum,0,1
380,cross/aligned,sketch1,0,11
381,cross/aligned,always_multiD,1,11
381,cross/aligned,union4_bonf,1,11
381,cross/aligned,dci_v3,1,11
381,cross/aligned,dci_v3_a8,1,11
381,cross/aligned,best_axis_oracle,1,2
381,cross/aligned,every_k2,0,6
381,cross/aligned,adwin,0,0
381,cross/aligned,mcusum,0,4
381,cross/aligned,sketch1,1,11
382,cross/aligned,always_multiD,1,11
382,cross/aligned,union4_bonf,1,11
382,cross/aligned,dci_v3,1,11
382,cross/aligned,dci_v3_a8,1,11
382,cross/aligned,best_axis_oracle,1,3
382,cross/aligned,every_k2,1,5
382,cross/aligned,adwin,0,0
382,cross/aligned,mcusum,0,3
382,cross/aligned,sketch1,0,12
383,cross/aligned,always_multiD,1,11
383,cross/aligned,union4_bonf,1,11
383,cross/aligned,dci_v3,1,11
383,cross/aligned,dci_v3_a8,1,11
383,cross/aligned,best_axis_oracle,1,3
383,cross/aligned,every_k2,1,5
383,cross/aligned,adwin,0,0
383,cross/aligned,mcusum,0,3
383,cross/aligned,sketch1,0,12
384,cross/aligned,always_multiD,1,11
384,cross/aligned,union4_bonf,1,11
384,cross/aligned,dci_v3,1,11
384,cross/aligned,dci_v3_a8,1,11
384,cross/aligned,best_axis_oracle,1,0
384,cross/aligned,every_k2,0,6
384,cross/aligned,adwin,0,0
384,cross/aligned,mcusum,0,3
384,cross/aligned,sketch1,0,11
385,cross/aligned,always_multiD,1,5
385,cross/aligned,union4_bonf,1,6
385,cross/aligned,dci_v3,1,6
385,cross/aligned,dci_v3_a8,1,6
385,cross/aligned,best_axis_oracle,1,0
385,cross/aligned,every_k2,0,2
385,cross/aligned,adwin,0,0
385,cross/aligned,mcusum,0,0
385,cross/aligned,sketch1,0,7
386,cross/aligned,always_multiD,1,6
386,cross/aligned,union4_bonf,1,8
386,cross/aligned,dci_v3,1,8
386,cross/aligned,dci_v3_a8,1,8
386,cross/aligned,best_axis_oracle,1,2
386,cross/aligned,every_k2,1,3
386,cross/aligned,adwin,0,0
386,cross/aligned,mcusum,0,1
386,cross/aligned,sketch1,0,1
387,cross/aligned,always_multiD,1,10
387,cross/aligned,union4_bonf,1,10
387,cross/aligned,dci_v3,1,10
387,cross/aligned,dci_v3_a8,1,10
387,cross/aligned,best_axis_oracle,1,0
387,cross/aligned,every_k2,1,5
387,cross/aligned,adwin,0,0
387,cross/aligned,mcusum,0,1
387,cross/aligned,sketch1,1,9
388,cross/aligned,always_multiD,1,10
388,cross/aligned,union4_bonf,1,8
388,cross/aligned,dci_v3,1,8
388,cross/aligned,dci_v3_a8,1,8
388,cross/aligned,best_axis_oracle,1,2
388,cross/aligned,every_k2,1,5
388,cross/aligned,adwin,0,0
388,cross/aligned,mcusum,0,1
388,cross/aligned,sketch1,1,8
389,cross/aligned,always_multiD,1,6
389,cross/aligned,union4_bonf,1,6
389,cross/aligned,dci_v3,1,6
389,cross/aligned,dci_v3_a8,1,7
389,cross/aligned,best_axis_oracle,1,2
389,cross/aligned,every_k2,0,3
389,cross/aligned,adwin,0,0
389,cross/aligned,mcusum,0,0
389,cross/aligned,sketch1,1,6
390,cross/aligned,always_multiD,1,5
390,cross/aligned,union4_bonf,1,6
390,cross/aligned,dci_v3,1,6
390,cross/aligned,dci_v3_a8,1,6
390,cross/aligned,best_axis_oracle,1,0
390,cross/aligned,every_k2,1,2
390,cross/aligned,adwin,0,0
390,cross/aligned,mcusum,0,0
390,cross/aligned,sketch1,1,5
391,cross/aligned,always_multiD,1,6
391,cross/aligned,union4_bonf,1,8
391,cross/aligned,dci_v3,1,8
391,cross/aligned,dci_v3_a8,1,8
391,cross/aligned,best_axis_oracle,1,2
391,cross/aligned,every_k2,1,3
391,cross/aligned,adwin,0,0
391,cross/aligned,mcusum,0,1
391,cross/aligned,sketch1,0,1
392,cross/aligned,always_multiD,1,10
392,cross/aligned,union4_bonf,1,8
392,cross/aligned,dci_v3,1,8
392,cross/aligned,dci_v3_a8,1,8
392,cross/aligned,best_axis_oracle,1,0
392,cross/aligned,every_k2,0,5
392,cross/aligned,adwin,0,0
392,cross/aligned,mcusum,0,1
392,cross/aligned,sketch1,1,9
393,cross/aligned,always_multiD,1,5
393,cross/aligned,union4_bonf,1,5
393,cross/aligned,dci_v3,1,5
393,cross/aligned,dci_v3_a8,1,5
393,cross/aligned,best_axis_oracle,1,0
393,cross/aligned,every_k2,0,3
393,cross/aligned,adwin,0,0
393,cross/aligned,mcusum,0,0
393,cross/aligned,sketch1,1,4
394,cross/aligned,always_multiD,1,9
394,cross/aligned,union4_bonf,1,11
394,cross/aligned,dci_v3,1,11
394,cross/aligned,dci_v3_a8,1,11
394,cross/aligned,best_axis_oracle,1,1
394,cross/aligned,every_k2,1,4
394,cross/aligned,adwin,0,0
394,cross/aligned,mcusum,0,1
394,cross/aligned,sketch1,1,8
395,cross/aligned,always_multiD,1,20
395,cross/aligned,union4_bonf,1,17
395,cross/aligned,dci_v3,1,17
395,cross/aligned,dci_v3_a8,1,17
395,cross/aligned,best_axis_oracle,1,1
395,cross/aligned,every_k2,0,12
395,cross/aligned,adwin,0,0
395,cross/aligned,mcusum,0,3
395,cross/aligned,sketch1,1,17
396,cross/aligned,always_multiD,1,3
396,cross/aligned,union4_bonf,1,3
396,cross/aligned,dci_v3,1,3
396,cross/aligned,dci_v3_a8,1,3
396,cross/aligned,best_axis_oracle,1,0
396,cross/aligned,every_k2,0,0
396,cross/aligned,adwin,0,0
396,cross/aligned,mcusum,0,0
396,cross/aligned,sketch1,0,1
397,cross/aligned,always_multiD,1,5
397,cross/aligned,union4_bonf,1,6
397,cross/aligned,dci_v3,1,6
397,cross/aligned,dci_v3_a8,1,5
397,cross/aligned,best_axis_oracle,1,4
397,cross/aligned,every_k2,0,2
397,cross/aligned,adwin,0,0
397,cross/aligned,mcusum,0,0
397,cross/aligned,sketch1,0,5
398,cross/aligned,always_multiD,1,19
398,cross/aligned,union4_bonf,1,15
398,cross/aligned,dci_v3,1,15
398,cross/aligned,dci_v3_a8,1,15
398,cross/aligned,best_axis_oracle,1,2
398,cross/aligned,every_k2,1,9
398,cross/aligned,adwin,0,0
398,cross/aligned,mcusum,0,3
398,cross/aligned,sketch1,1,14
399,cross/aligned,always_multiD,1,5
399,cross/aligned,union4_bonf,1,5
399,cross/aligned,dci_v3,1,5
399,cross/aligned,dci_v3_a8,1,5
399,cross/aligned,best_axis_oracle,1,3
399,cross/aligned,every_k2,1,3
399,cross/aligned,adwin,0,0
399,cross/aligned,mcusum,0,0
399,cross/aligned,sketch1,1,3
400,cross/aligned,always_multiD,1,5
400,cross/aligned,union4_bonf,1,6
400,cross/aligned,dci_v3,1,6
400,cross/aligned,dci_v3_a8,1,5
400,cross/aligned,best_axis_oracle,1,4
400,cross/aligned,every_k2,1,3
400,cross/aligned,adwin,0,0
400,cross/aligned,mcusum,0,0
400,cross/aligned,sketch1,0,5
401,cross/offaxis,always_multiD,1,3
401,cross/offaxis,union4_bonf,1,4
401,cross/offaxis,dci_v3,1,4
401,cross/offaxis,dci_v3_a8,1,4
401,cross/offaxis,best_axis_oracle,1,2
401,cross/offaxis,every_k2,1,1
401,cross/offaxis,adwin,0,0
401,cross/offaxis,mcusum,0,0
401,cross/offaxis,sketch1,0,4
402,cross/aligned,always_multiD,1,8
402,cross/aligned,union4_bonf,1,8
402,cross/aligned,dci_v3,1,8
402,cross/aligned,dci_v3_a8,1,8
402,cross/aligned,best_axis_oracle,1,5
402,cross/aligned,every_k2,0,4
402,cross/aligned,adwin,0,0
402,cross/aligned,mcusum,0,1
402,cross/aligned,sketch1,0,3
403,cross/aligned,always_multiD,1,13
403,cross/aligned,union4_bonf,1,14
403,cross/aligned,dci_v3,1,14
403,cross/aligned,dci_v3_a8,1,14
403,cross/aligned,best_axis_oracle,1,0
403,cross/aligned,every_k2,1,6
403,cross/aligned,adwin,0,0
403,cross/aligned,mcusum,0,2
403,cross/aligned,sketch1,1,13
404,cross/aligned,always_multiD,1,6
404,cross/aligned,union4_bonf,1,4
404,cross/aligned,dci_v3,1,4
404,cross/aligned,dci_v3_a8,1,4
404,cross/aligned,best_axis_oracle,1,6
404,cross/aligned,every_k2,1,3
404,cross/aligned,adwin,0,0
404,cross/aligned,mcusum,0,1
404,cross/aligned,sketch1,0,3
405,cross/aligned,always_multiD,1,6
405,cross/aligned,union4_bonf,1,7
405,cross/aligned,dci_v3,1,7
405,cross/aligned,dci_v3_a8,1,7
405,cross/aligned,best_axis_oracle,1,3
405,cross/aligned,every_k2,0,2
405,cross/aligned,adwin,0,0
405,cross/aligned,mcusum,0,0
405,cross/aligned,sketch1,1,5
406,cross/aligned,always_multiD,1,5
406,cross/aligned,union4_bonf,1,6
406,cross/aligned,dci_v3,1,6
406,cross/aligned,dci_v3_a8,1,5
406,cross/aligned,best_axis_oracle,1,4
406,cross/aligned,every_k2,1,3
406,cross/aligned,adwin,0,0
406,cross/aligned,mcusum,0,0
406,cross/aligned,sketch1,0,5
407,cross/aligned,always_multiD,1,11
407,cross/aligned,union4_bonf,1,11
407,cross/aligned,dci_v3,1,11
407,cross/aligned,dci_v3_a8,1,11
407,cross/aligned,best_axis_oracle,1,9
407,cross/aligned,every_k2,0,6
407,cross/aligned,adwin,0,0
407,cross/aligned,mcusum,0,3
407,cross/aligned,sketch1,1,9
408,cross/aligned,always_multiD,1,11
408,cross/aligned,union4_bonf,1,11
408,cross/aligned,dci_v3,1,11
408,cross/aligned,dci_v3_a8,1,11
408,cross/aligned,best_axis_oracle,1,6
408,cross/aligned,every_k2,0,6
408,cross/aligned,adwin,0,0
408,cross/aligned,mcusum,0,2
408,cross/aligned,sketch1,1,8
409,cross/offaxis,always_multiD,1,12
409,cross/offaxis,union4_bonf,1,7
409,cross/offaxis,dci_v3,1,10
409,cross/offaxis,dci_v3_a8,1,10
409,cross/offaxis,best_axis_oracle,1,8
409,cross/offaxis,every_k2,0,7
409,cross/offaxis,adwin,0,0
409,cross/offaxis,mcusum,0,2
409,cross/offaxis,sketch1,0,2
410,cross/aligned,always_multiD,1,9
410,cross/aligned,union4_bonf,1,9
410,cross/aligned,dci_v3,1,9
410,cross/aligned,dci_v3_a8,1,9
410,cross/aligned,best_axis_oracle,1,10
410,cross/aligned,every_k2,0,4
410,cross/aligned,adwin,0,0
410,cross/aligned,mcusum,0,3
410,cross/aligned,sketch1,1,9
411,cross/aligned,always_multiD,1,11
411,cross/aligned,union4_bonf,1,11
411,cross/aligned,dci_v3,1,11
411,cross/aligned,dci_v3_a8,1,11
411,cross/aligned,best_axis_oracle,1,11
411,cross/aligned,every_k2,1,5
411,cross/aligned,adwin,0,0
411,cross/aligned,mcusum,0,3
411,cross/aligned,sketch1,0,10
412,cross/aligned,always_multiD,1,11
412,cross/aligned,union4_bonf,1,11
412,cross/aligned,dci_v3,1,11
412,cross/aligned,dci_v3_a8,1,11
412,cross/aligned,best_axis_oracle,1,0
412,cross/aligned,every_k2,1,5
412,cross/aligned,adwin,0,0
412,cross/aligned,mcusum,0,2
412,cross/aligned,sketch1,1,9
413,cross/aligned,always_multiD,1,11
413,cross/aligned,union4_bonf,1,11
413,cross/aligned,dci_v3,1,11
413,cross/aligned,dci_v3_a8,1,11
413,cross/aligned,best_axis_oracle,1,11
413,cross/aligned,every_k2,1,5
413,cross/aligned,adwin,0,0
413,cross/aligned,mcusum,0,3
413,cross/aligned,sketch1,0,10
414,cross/aligned,always_multiD,1,8
414,cross/aligned,union4_bonf,1,8
414,cross/aligned,dci_v3,1,8
414,cross/aligned,dci_v3_a8,1,8
414,cross/aligned,best_axis_oracle,1,0
414,cross/aligned,every_k2,0,4
414,cross/aligned,adwin,0,0
414,cross/aligned,mcusum,0,2
414,cross/aligned,sketch1,1,10
415,cross/aligned,always_multiD,1,21
415,cross/aligned,union4_bonf,1,21
415,cross/aligned,dci_v3,1,21
415,cross/aligned,dci_v3_a8,1,21
415,cross/aligned,best_axis_oracle,1,0
415,cross/aligned,every_k2,1,10
415,cross/aligned,adwin,0,0
415,cross/aligned,mcusum,0,5
415,cross/aligned,sketch1,1,19
416,cross/aligned,always_multiD,1,8
416,cross/aligned,union4_bonf,1,10
416,cross/aligned,dci_v3,1,10
416,cross/aligned,dci_v3_a8,1,10
416,cross/aligned,best_axis_oracle,1,0
416,cross/aligned,every_k2,1,4
416,cross/aligned,adwin,0,0
416,cross/aligned,mcusum,0,0
416,cross/aligned,sketch1,0,9
417,cross/aligned,always_multiD,1,11
417,cross/aligned,union4_bonf,1,11
417,cross/aligned,dci_v3,1,11
417,cross/aligned,dci_v3_a8,1,11
417,cross/aligned,best_axis_oracle,1,10
417,cross/aligned,every_k2,0,6
417,cross/aligned,adwin,0,0
417,cross/aligned,mcusum,0,2
417,cross/aligned,sketch1,1,7
418,cross/aligned,always_multiD,1,11
418,cross/aligned,union4_bonf,1,11
418,cross/aligned,dci_v3,1,11
418,cross/aligned,dci_v3_a8,1,11
418,cross/aligned,best_axis_oracle,1,11
418,cross/aligned,every_k2,0,6
418,cross/aligned,adwin,0,0
418,cross/aligned,mcusum,0,11
418,cross/aligned,sketch1,1,11
419,cross/aligned,always_multiD,1,11
419,cross/aligned,union4_bonf,1,11
419,cross/aligned,dci_v3,1,11
419,cross/aligned,dci_v3_a8,1,11
419,cross/aligned,best_axis_oracle,1,11
419,cross/aligned,every_k2,0,6
419,cross/aligned,adwin,0,0
419,cross/aligned,mcusum,0,11
419,cross/aligned,sketch1,1,12
420,cross/aligned,always_multiD,1,11
420,cross/aligned,union4_bonf,1,11
420,cross/aligned,dci_v3,1,11
420,cross/aligned,dci_v3_a8,1,11
420,cross/aligned,best_axis_oracle,1,0
420,cross/aligned,every_k2,0,6
420,cross/aligned,adwin,0,0
420,cross/aligned,mcusum,0,11
420,cross/aligned,sketch1,1,11
421,cross/aligned,always_multiD,1,13
421,cross/aligned,union4_bonf,1,13
421,cross/aligned,dci_v3,1,13
421,cross/aligned,dci_v3_a8,1,13
421,cross/aligned,best_axis_oracle,1,8
421,cross/aligned,every_k2,1,6
421,cross/aligned,adwin,0,0
421,cross/aligned,mcusum,0,11
421,cross/aligned,sketch1,1,13
422,cross/aligned,always_multiD,1,13
422,cross/aligned,union4_bonf,1,13
422,cross/aligned,dci_v3,1,13
422,cross/aligned,dci_v3_a8,1,13
422,cross/aligned,best_axis_oracle,1,8
422,cross/aligned,every_k2,0,7
422,cross/aligned,adwin,0,0
422,cross/aligned,mcusum,0,11
422,cross/aligned,sketch1,1,13
423,cross/aligned,always_multiD,1,13
423,cross/aligned,union4_bonf,1,13
423,cross/aligned,dci_v3,1,13
423,cross/aligned,dci_v3_a8,1,13
423,cross/aligned,best_axis_oracle,1,8
423,cross/aligned,every_k2,1,6
423,cross/aligned,adwin,0,0
423,cross/aligned,mcusum,0,11
423,cross/aligned,sketch1,1,13
424,cross/aligned,always_multiD,1,11
424,cross/aligned,union4_bonf,1,11
424,cross/aligned,dci_v3,1,11
424,cross/aligned,dci_v3_a8,1,11
424,cross/aligned,best_axis_oracle,1,0
424,cross/aligned,every_k2,1,5
424,cross/aligned,adwin,0,0
424,cross/aligned,mcusum,0,11
424,cross/aligned,sketch1,1,11
425,cross/aligned,always_multiD,1,11
425,cross/aligned,union4_bonf,1,11
425,cross/aligned,dci_v3,1,11
425,cross/aligned,dci_v3_a8,1,11
425,cross/aligned,best_axis_oracle,1,10
425,cross/aligned,every_k2,0,6
425,cross/aligned,adwin,0,0
425,cross/aligned,mcusum,0,11
425,cross/aligned,sketch1,1,11
426,cross/aligned,always_multiD,1,12
426,cross/aligned,union4_bonf,1,12
426,cross/aligned,dci_v3,1,12
426,cross/aligned,dci_v3_a8,1,12
426,cross/aligned,best_axis_oracle,1,0
426,cross/aligned,every_k2,0,7
426,cross/aligned,adwin,0,0
426,cross/aligned,mcusum,0,11
426,cross/aligned,sketch1,1,12
427,cross/aligned,always_multiD,1,11
427,cross/aligned,union4_bonf,1,11
427,cross/aligned,dci_v3,1,11
427,cross/aligned,dci_v3_a8,1,11
427,cross/aligned,best_axis_oracle,1,10
427,cross/aligned,every_k2,0,6
427,cross/aligned,adwin,0,0
427,cross/aligned,mcusum,0,11
427,cross/aligned,sketch1,1,11
428,cross/aligned,always_multiD,1,11
428,cross/aligned,union4_bonf,1,11
428,cross/aligned,dci_v3,1,11
428,cross/aligned,dci_v3_a8,1,11
428,cross/aligned,best_axis_oracle,1,11
428,cross/aligned,every_k2,1,5
428,cross/aligned,adwin,0,0
428,cross/aligned,mcusum,0,11
428,cross/aligned,sketch1,1,12
429,cross/offaxis,always_multiD,1,5
429,cross/offaxis,union4_bonf,1,2
429,cross/offaxis,dci_v3,1,3
429,cross/offaxis,dci_v3_a8,1,3
429,cross/offaxis,best_axis_oracle,1,0
429,cross/offaxis,every_k2,0,3
429,cross/offaxis,adwin,0,0
429,cross/offaxis,mcusum,0,1
429,cross/offaxis,sketch1,0,3
430,cross/aligned,always_multiD,1,11
430,cross/aligned,union4_bonf,1,9
430,cross/aligned,dci_v3,1,9
430,cross/aligned,dci_v3_a8,1,9
430,cross/aligned,best_axis_oracle,1,0
430,cross/aligned,every_k2,0,6
430,cross/aligned,adwin,0,0
430,cross/aligned,mcusum,0,0
430,cross/aligned,sketch1,0,11
431,cross/aligned,always_multiD,1,5
431,cross/aligned,union4_bonf,1,2
431,cross/aligned,dci_v3,1,2
431,cross/aligned,dci_v3_a8,1,2
431,cross/aligned,best_axis_oracle,1,3
431,cross/aligned,every_k2,0,2
431,cross/aligned,adwin,0,0
431,cross/aligned,mcusum,0,1
431,cross/aligned,sketch1,0,1
432,cross/aligned,always_multiD,1,10
432,cross/aligned,union4_bonf,1,9
432,cross/aligned,dci_v3,1,9
432,cross/aligned,dci_v3_a8,1,9
432,cross/aligned,best_axis_oracle,1,0
432,cross/aligned,every_k2,0,6
432,cross/aligned,adwin,0,0
432,cross/aligned,mcusum,0,0
432,cross/aligned,sketch1,0,11
433,cross/aligned,always_multiD,1,3
433,cross/aligned,union4_bonf,1,0
433,cross/aligned,dci_v3,1,0
433,cross/aligned,dci_v3_a8,1,0
433,cross/aligned,best_axis_oracle,1,0
433,cross/aligned,every_k2,1,2
433,cross/aligned,adwin,0,0
433,cross/aligned,mcusum,0,0
433,cross/aligned,sketch1,0,1
434,cross/aligned,always_multiD,1,5
434,cross/aligned,union4_bonf,1,5
434,cross/aligned,dci_v3,1,5
434,cross/aligned,dci_v3_a8,1,6
434,cross/aligned,best_axis_oracle,1,5
434,cross/aligned,every_k2,1,2
434,cross/aligned,adwin,0,0
434,cross/aligned,mcusum,0,1
434,cross/aligned,sketch1,0,1
435,cross/aligned,always_multiD,1,10
435,cross/aligned,union4_bonf,1,9
435,cross/aligned,dci_v3,1,9
435,cross/aligned,dci_v3_a8,1,9
435,cross/aligned,best_axis_oracle,1,0
435,cross/aligned,every_k2,1,4
435,cross/aligned,adwin,0,0
435,cross/aligned,mcusum,0,0
435,cross/aligned,sketch1,0,11
436,cross/aligned,always_multiD,1,3
436,cross/aligned,union4_bonf,1,0
436,cross/aligned,dci_v3,1,0
436,cross/aligned,dci_v3_a8,1,0
436,cross/aligned,best_axis_oracle,1,0
436,cross/aligned,every_k2,1,3
436,cross/aligned,adwin,0,0
436,cross/aligned,mcusum,0,0
436,cross/aligned,sketch1,0,0
437,cross/offaxis,always_multiD,1,3
437,cross/offaxis,union4_bonf,1,1
437,cross/offaxis,dci_v3,1,1
437,cross/offaxis,dci_v3_a8,1,1
437,cross/offaxis,best_axis_oracle,1,0
437,cross/offaxis,every_k2,0,2
437,cross/offaxis,adwin,0,0
437,cross/offaxis,mcusum,0,0
437,cross/offaxis,sketch1,0,1
438,cross/aligned,always_multiD,1,3
438,cross/aligned,union4_bonf,1,0
438,cross/aligned,dci_v3,1,0
438,cross/aligned,dci_v3_a8,1,0
438,cross/aligned,best_axis_oracle,1,0
438,cross/aligned,every_k2,0,1
438,cross/aligned,adwin,0,0
438,cross/aligned,mcusum,0,0
438,cross/aligned,sketch1,0,1
439,cross/aligned,always_multiD,1,8
439,cross/aligned,union4_bonf,1,5
439,cross/aligned,dci_v3,1,5
439,cross/aligned,dci_v3_a8,1,5
439,cross/aligned,best_axis_oracle,1,0
439,cross/aligned,every_k2,0,5
439,cross/aligned,adwin,0,0
439,cross/aligned,mcusum,0,0
439,cross/aligned,sketch1,0,8
440,cross/aligned,always_multiD,1,11
440,cross/aligned,union4_bonf,1,11
440,cross/aligned,dci_v3,1,11
440,cross/aligned,dci_v3_a8,1,11
440,cross/aligned,best_axis_oracle,1,10
440,cross/aligned,every_k2,0,6
440,cross/aligned,adwin,0,0
440,cross/aligned,mcusum,0,2
440,cross/aligned,sketch1,1,11
441,cross/aligned,always_multiD,1,12
441,cross/aligned,union4_bonf,1,12
441,cross/aligned,dci_v3,1,12
441,cross/aligned,dci_v3_a8,1,12
441,cross/aligned,best_axis_oracle,1,0
441,cross/aligned,every_k2,1,5
441,cross/aligned,adwin,0,0
441,cross/aligned,mcusum,0,3
441,cross/aligned,sketch1,1,11
442,cross/aligned,always_multiD,1,11
442,cross/aligned,union4_bonf,1,11
442,cross/aligned,dci_v3,1,11
442,cross/aligned,dci_v3_a8,1,11
442,cross/aligned,best_axis_oracle,1,10
442,cross/aligned,every_k2,0,6
442,cross/aligned,adwin,0,0
442,cross/aligned,mcusum,0,3
442,cross/aligned,sketch1,1,11
443,cross/aligned,always_multiD,1,13
443,cross/aligned,union4_bonf,1,13
443,cross/aligned,dci_v3,1,13
443,cross/aligned,dci_v3_a8,1,13
443,cross/aligned,best_axis_oracle,1,11
443,cross/aligned,every_k2,1,6
443,cross/aligned,adwin,0,0
443,cross/aligned,mcusum,0,3
443,cross/aligned,sketch1,1,12
444,cross/aligned,always_multiD,1,11
444,cross/aligned,union4_bonf,1,11
444,cross/aligned,dci_v3,1,11
444,cross/aligned,dci_v3_a8,1,11
444,cross/aligned,best_axis_oracle,1,11
444,cross/aligned,every_k2,1,5
444,cross/aligned,adwin,0,0
444,cross/aligned,mcusum,0,3
444,cross/aligned,sketch1,1,10
445,cross/aligned,always_multiD,1,12
445,cross/aligned,union4_bonf,1,10
445,cross/aligned,dci_v3,1,12
445,cross/aligned,dci_v3_a8,1,12
445,cross/aligned,best_axis_oracle,1,0
445,cross/aligned,every_k2,1,5
445,cross/aligned,adwin,0,0
445,cross/aligned,mcusum,0,2
445,cross/aligned,sketch1,1,12
446,cross/aligned,always_multiD,1,11
446,cross/aligned,union4_bonf,1,5
446,cross/aligned,dci_v3,1,5
446,cross/aligned,dci_v3_a8,1,5
446,cross/aligned,best_axis_oracle,1,11
446,cross/aligned,every_k2,1,5
446,cross/aligned,adwin,0,0
446,cross/aligned,mcusum,0,3
446,cross/aligned,sketch1,1,10
447,cross/aligned,always_multiD,1,22
447,cross/aligned,union4_bonf,1,22
447,cross/aligned,dci_v3,1,22
447,cross/aligned,dci_v3_a8,1,22
447,cross/aligned,best_axis_oracle,1,0
447,cross/aligned,every_k2,0,12
447,cross/aligned,adwin,0,0
447,cross/aligned,mcusum,0,5
447,cross/aligned,sketch1,1,21
448,cross/aligned,always_multiD,1,22
448,cross/aligned,union4_bonf,1,21
448,cross/aligned,dci_v3,1,21
448,cross/aligned,dci_v3_a8,1,22
448,cross/aligned,best_axis_oracle,1,0
448,cross/aligned,every_k2,1,10
448,cross/aligned,adwin,0,0
448,cross/aligned,mcusum,0,4
448,cross/aligned,sketch1,1,22
449,cross/aligned,always_multiD,1,11
449,cross/aligned,union4_bonf,1,11
449,cross/aligned,dci_v3,1,11
449,cross/aligned,dci_v3_a8,1,11
449,cross/aligned,best_axis_oracle,1,10
449,cross/aligned,every_k2,0,6
449,cross/aligned,adwin,0,0
449,cross/aligned,mcusum,0,2
449,cross/aligned,sketch1,1,11
450,cross/aligned,always_multiD,1,11
450,cross/aligned,union4_bonf,1,11
450,cross/aligned,dci_v3,1,11
450,cross/aligned,dci_v3_a8,1,11
450,cross/aligned,best_axis_oracle,1,11
450,cross/aligned,every_k2,0,6
450,cross/aligned,adwin,0,0
450,cross/aligned,mcusum,0,3
450,cross/aligned,sketch1,1,10
451,cross/aligned,always_multiD,1,10
451,cross/aligned,union4_bonf,1,8
451,cross/aligned,dci_v3,1,8
451,cross/aligned,dci_v3_a8,1,8
451,cross/aligned,best_axis_oracle,1,10
451,cross/aligned,every_k2,1,5
451,cross/aligned,adwin,0,0
451,cross/aligned,mcusum,0,1
451,cross/aligned,sketch1,1,10
452,cross/aligned,always_multiD,1,10
452,cross/aligned,union4_bonf,1,9
452,cross/aligned,dci_v3,1,9
452,cross/aligned,dci_v3_a8,1,9
452,cross/aligned,best_axis_oracle,1,10
452,cross/aligned,every_k2,1,5
452,cross/aligned,adwin,0,0
452,cross/aligned,mcusum,0,1
452,cross/aligned,sketch1,1,11
453,cross/aligned,always_multiD,1,10
453,cross/aligned,union4_bonf,1,9
453,cross/aligned,dci_v3,1,9
453,cross/aligned,dci_v3_a8,1,9
453,cross/aligned,best_axis_oracle,1,11
453,cross/aligned,every_k2,1,5
453,cross/aligned,adwin,0,0
453,cross/aligned,mcusum,0,1
453,cross/aligned,sketch1,1,10
454,cross/aligned,always_multiD,1,10
454,cross/aligned,union4_bonf,1,8
454,cross/aligned,dci_v3,1,8
454,cross/aligned,dci_v3_a8,1,8
454,cross/aligned,best_axis_oracle,1,10
454,cross/aligned,every_k2,0,5
454,cross/aligned,adwin,0,0
454,cross/aligned,mcusum,0,1
454,cross/aligned,sketch1,1,10
455,cross/aligned,always_multiD,1,10
455,cross/aligned,union4_bonf,1,9
455,cross/aligned,dci_v3,1,9
455,cross/aligned,dci_v3_a8,1,9
455,cross/aligned,best_axis_oracle,1,10
455,cross/aligned,every_k2,0,5
455,cross/aligned,adwin,0,0
455,cross/aligned,mcusum,0,1
455,cross/aligned,sketch1,1,11
456,cross/aligned,always_multiD,1,10
456,cross/aligned,union4_bonf,1,8
456,cross/aligned,dci_v3,1,8
456,cross/aligned,dci_v3_a8,1,8
456,cross/aligned,best_axis_oracle,1,10
456,cross/aligned,every_k2,0,5
456,cross/aligned,adwin,0,0
456,cross/aligned,mcusum,0,1
456,cross/aligned,sketch1,1,10
457,cross/aligned,always_multiD,1,11
457,cross/aligned,union4_bonf,1,11
457,cross/aligned,dci_v3,1,11
457,cross/aligned,dci_v3_a8,1,11
457,cross/aligned,best_axis_oracle,1,0
457,cross/aligned,every_k2,1,5
457,cross/aligned,adwin,0,0
457,cross/aligned,mcusum,0,1
457,cross/aligned,sketch1,0,6
458,cross/aligned,always_multiD,1,11
458,cross/aligned,union4_bonf,1,11
458,cross/aligned,dci_v3,1,11
458,cross/aligned,dci_v3_a8,1,11
458,cross/aligned,best_axis_oracle,1,0
458,cross/aligned,every_k2,1,5
458,cross/aligned,adwin,0,0
458,cross/aligned,mcusum,0,1
458,cross/aligned,sketch1,0,6
459,cross/aligned,always_multiD,1,10
459,cross/aligned,union4_bonf,1,9
459,cross/aligned,dci_v3,1,9
459,cross/aligned,dci_v3_a8,1,9
459,cross/aligned,best_axis_oracle,1,11
459,cross/aligned,every_k2,0,5
459,cross/aligned,adwin,0,0
459,cross/aligned,mcusum,0,1
459,cross/aligned,sketch1,1,10
460,cross/aligned,always_multiD,1,13
460,cross/aligned,union4_bonf,1,13
460,cross/aligned,dci_v3,1,13
460,cross/aligned,dci_v3_a8,1,13
460,cross/aligned,best_axis_oracle,1,11
460,cross/aligned,every_k2,1,6
460,cross/aligned,adwin,0,0
460,cross/aligned,mcusum,0,1
460,cross/aligned,sketch1,1,13
461,cross/aligned,always_multiD,1,3
461,cross/aligned,union4_bonf,1,0
461,cross/aligned,dci_v3,1,0
461,cross/aligned,dci_v3_a8,1,0
461,cross/aligned,best_axis_oracle,1,0
461,cross/aligned,every_k2,1,1
461,cross/aligned,adwin,0,0
461,cross/aligned,mcusum,0,0
461,cross/aligned,sketch1,0,0
462,cross/aligned,always_multiD,1,7
462,cross/aligned,union4_bonf,1,7
462,cross/aligned,dci_v3,1,7
462,cross/aligned,dci_v3_a8,1,7
462,cross/aligned,best_axis_oracle,1,0
462,cross/aligned,every_k2,1,3
462,cross/aligned,adwin,0,0
462,cross/aligned,mcusum,0,0
462,cross/aligned,sketch1,1,3
463,cross/aligned,always_multiD,1,16
463,cross/aligned,union4_bonf,1,21
463,cross/aligned,dci_v3,1,21
463,cross/aligned,dci_v3_a8,1,20
463,cross/aligned,best_axis_oracle,1,0
463,cross/aligned,every_k2,0,9
463,cross/aligned,adwin,0,0
463,cross/aligned,mcusum,0,3
463,cross/aligned,sketch1,1,12
464,cross/aligned,always_multiD,1,7
464,cross/aligned,union4_bonf,1,9
464,cross/aligned,dci_v3,1,9
464,cross/aligned,dci_v3_a8,1,9
464,cross/aligned,best_axis_oracle,1,0
464,cross/aligned,every_k2,1,3
464,cross/aligned,adwin,0,0
464,cross/aligned,mcusum,0,0
464,cross/aligned,sketch1,1,6
465,cross/aligned,always_multiD,1,2
465,cross/aligned,union4_bonf,1,0
465,cross/aligned,dci_v3,1,0
465,cross/aligned,dci_v3_a8,1,1
465,cross/aligned,best_axis_oracle,1,0
465,cross/aligned,every_k2,0,1
465,cross/aligned,adwin,0,0
465,cross/aligned,mcusum,0,0
465,cross/aligned,sketch1,0,0
466,cross/aligned,always_multiD,1,12
466,cross/aligned,union4_bonf,1,12
466,cross/aligned,dci_v3,1,12
466,cross/aligned,dci_v3_a8,1,12
466,cross/aligned,best_axis_oracle,1,0
466,cross/aligned,every_k2,1,6
466,cross/aligned,adwin,0,0
466,cross/aligned,mcusum,0,1
466,cross/aligned,sketch1,0,13
467,cross/aligned,always_multiD,1,2
467,cross/aligned,union4_bonf,1,0
467,cross/aligned,dci_v3,1,0
467,cross/aligned,dci_v3_a8,1,0
467,cross/aligned,best_axis_oracle,1,0
467,cross/aligned,every_k2,0,1
467,cross/aligned,adwin,0,0
467,cross/aligned,mcusum,0,0
467,cross/aligned,sketch1,0,0
468,cross/aligned,always_multiD,1,2
468,cross/aligned,union4_bonf,1,0
468,cross/aligned,dci_v3,1,0
468,cross/aligned,dci_v3_a8,1,0
468,cross/aligned,best_axis_oracle,1,0
468,cross/aligned,every_k2,0,1
468,cross/aligned,adwin,0,0
468,cross/aligned,mcusum,0,0
468,cross/aligned,sketch1,0,0
469,cross/aligned,always_multiD,1,6
469,cross/aligned,union4_bonf,1,5
469,cross/aligned,dci_v3,1,5
469,cross/aligned,dci_v3_a8,1,5
469,cross/aligned,best_axis_oracle,1,2
469,cross/aligned,every_k2,1,2
469,cross/aligned,adwin,0,0
469,cross/aligned,mcusum,0,0
469,cross/aligned,sketch1,1,2
470,cross/aligned,always_multiD,1,5
470,cross/aligned,union4_bonf,1,5
470,cross/aligned,dci_v3,1,5
470,cross/aligned,dci_v3_a8,1,5
470,cross/aligned,best_axis_oracle,1,6
470,cross/aligned,every_k2,1,2
470,cross/aligned,adwin,0,0
470,cross/aligned,mcusum,0,1
470,cross/aligned,sketch1,0,1
471,cross/aligned,always_multiD,1,5
471,cross/aligned,union4_bonf,1,5
471,cross/aligned,dci_v3,1,5
471,cross/aligned,dci_v3_a8,1,5
471,cross/aligned,best_axis_oracle,1,6
471,cross/aligned,every_k2,1,2
471,cross/aligned,adwin,0,0
471,cross/aligned,mcusum,0,1
471,cross/aligned,sketch1,0,1
472,cross/aligned,always_multiD,1,5
472,cross/aligned,union4_bonf,1,5
472,cross/aligned,dci_v3,1,5
472,cross/aligned,dci_v3_a8,1,5
472,cross/aligned,best_axis_oracle,1,6
472,cross/aligned,every_k2,0,3
472,cross/aligned,adwin,0,0
472,cross/aligned,mcusum,0,1
472,cross/aligned,sketch1,0,1
473,cross/aligned,always_multiD,1,11
473,cross/aligned,union4_bonf,1,8
473,cross/aligned,dci_v3,1,8
473,cross/aligned,dci_v3_a8,1,8
473,cross/aligned,best_axis_oracle,1,11
473,cross/aligned,every_k2,1,5
473,cross/aligned,adwin,0,0
473,cross/aligned,mcusum,0,0
473,cross/aligned,sketch1,1,4
474,cross/aligned,always_multiD,1,11
474,cross/aligned,union4_bonf,1,7
474,cross/aligned,dci_v3,1,7
474,cross/aligned,dci_v3_a8,1,7
474,cross/aligned,best_axis_oracle,1,1
474,cross/aligned,every_k2,1,5
474,cross/aligned,adwin,0,0
474,cross/aligned,mcusum,0,0
474,cross/aligned,sketch1,0,4
475,cross/aligned,always_multiD,1,11
475,cross/aligned,union4_bonf,1,22
475,cross/aligned,dci_v3,1,22
475,cross/aligned,dci_v3_a8,1,21
475,cross/aligned,best_axis_oracle,1,0
475,cross/aligned,every_k2,1,5
475,cross/aligned,adwin,0,0
475,cross/aligned,mcusum,0,2
475,cross/aligned,sketch1,1,11
476,cross/aligned,always_multiD,1,11
476,cross/aligned,union4_bonf,1,8
476,cross/aligned,dci_v3,1,8
476,cross/aligned,dci_v3_a8,1,8
476,cross/aligned,best_axis_oracle,1,11
476,cross/aligned,every_k2,1,5
476,cross/aligned,adwin,0,0
476,cross/aligned,mcusum,0,0
476,cross/aligned,sketch1,1,4
477,cross/aligned,always_multiD,1,11
477,cross/aligned,union4_bonf,1,11
477,cross/aligned,dci_v3,1,11
477,cross/aligned,dci_v3_a8,1,11
477,cross/aligned,best_axis_oracle,1,0
477,cross/aligned,every_k2,0,6
477,cross/aligned,adwin,0,0
477,cross/aligned,mcusum,0,1
477,cross/aligned,sketch1,0,1
478,cross/aligned,always_multiD,1,11
478,cross/aligned,union4_bonf,1,11
478,cross/aligned,dci_v3,1,11
478,cross/aligned,dci_v3_a8,1,11
478,cross/aligned,best_axis_oracle,1,11
478,cross/aligned,every_k2,1,5
478,cross/aligned,adwin,0,0
478,cross/aligned,mcusum,0,1
478,cross/aligned,sketch1,0,2
479,cross/aligned,always_multiD,1,11
479,cross/aligned,union4_bonf,1,7
479,cross/aligned,dci_v3,1,7
479,cross/aligned,dci_v3_a8,1,7
479,cross/aligned,best_axis_oracle,1,1
479,cross/aligned,every_k2,0,6
479,cross/aligned,adwin,0,0
479,cross/aligned,mcusum,0,0
479,cross/aligned,sketch1,0,4
480,cross/aligned,always_multiD,1,11
480,cross/aligned,union4_bonf,1,11
480,cross/aligned,dci_v3,1,11
480,cross/aligned,dci_v3_a8,1,11
480,cross/aligned,best_axis_oracle,1,11
480,cross/aligned,every_k2,1,5
480,cross/aligned,adwin,0,0
480,cross/aligned,mcusum,0,1
480,cross/aligned,sketch1,0,2
481,cross/aligned,always_multiD,1,11
481,cross/aligned,union4_bonf,1,11
481,cross/aligned,dci_v3,1,11
481,cross/aligned,dci_v3_a8,1,11
481,cross/aligned,best_axis_oracle,1,11
481,cross/aligned,every_k2,0,6
481,cross/aligned,adwin,0,0
481,cross/aligned,mcusum,0,0
481,cross/aligned,sketch1,1,2
482,cross/aligned,always_multiD,1,13
482,cross/aligned,union4_bonf,1,8
482,cross/aligned,dci_v3,1,8
482,cross/aligned,dci_v3_a8,1,9
482,cross/aligned,best_axis_oracle,1,11
482,cross/aligned,every_k2,1,6
482,cross/aligned,adwin,0,0
482,cross/aligned,mcusum,0,1
482,cross/aligned,sketch1,0,9
483,cross/aligned,always_multiD,1,11
483,cross/aligned,union4_bonf,1,11
483,cross/aligned,dci_v3,1,11
483,cross/aligned,dci_v3_a8,1,11
483,cross/aligned,best_axis_oracle,1,11
483,cross/aligned,every_k2,1,5
483,cross/aligned,adwin,0,0
483,cross/aligned,mcusum,0,1
483,cross/aligned,sketch1,0,2
484,cross/aligned,always_multiD,1,15
484,cross/aligned,union4_bonf,1,16
484,cross/aligned,dci_v3,1,16
484,cross/aligned,dci_v3_a8,1,16
484,cross/aligned,best_axis_oracle,1,0
484,cross/aligned,every_k2,1,7
484,cross/aligned,adwin,0,0
484,cross/aligned,mcusum,0,6
484,cross/aligned,sketch1,1,13
485,cross/aligned,always_multiD,1,11
485,cross/aligned,union4_bonf,1,11
485,cross/aligned,dci_v3,1,11
485,cross/aligned,dci_v3_a8,1,11
485,cross/aligned,best_axis_oracle,1,0
485,cross/aligned,every_k2,0,6
485,cross/aligned,adwin,0,0
485,cross/aligned,mcusum,0,5
485,cross/aligned,sketch1,1,11
486,cross/aligned,always_multiD,1,13
486,cross/aligned,union4_bonf,1,13
486,cross/aligned,dci_v3,1,13
486,cross/aligned,dci_v3_a8,1,13
486,cross/aligned,best_axis_oracle,1,0
486,cross/aligned,every_k2,0,7
486,cross/aligned,adwin,0,0
486,cross/aligned,mcusum,0,10
486,cross/aligned,sketch1,1,12
487,cross/aligned,always_multiD,1,14
487,cross/aligned,union4_bonf,1,13
487,cross/aligned,dci_v3,1,13
487,cross/aligned,dci_v3_a8,1,13
487,cross/aligned,best_axis_oracle,1,2
487,cross/aligned,every_k2,0,8
487,cross/aligned,adwin,0,0
487,cross/aligned,mcusum,0,6
487,cross/aligned,sketch1,1,11
488,cross/aligned,always_multiD,1,10
488,cross/aligned,union4_bonf,1,9
488,cross/aligned,dci_v3,1,9
488,cross/aligned,dci_v3_a8,1,9
488,cross/aligned,best_axis_oracle,1,0
488,cross/aligned,every_k2,0,6
488,cross/aligned,adwin,0,0
488,cross/aligned,mcusum,0,3
488,cross/aligned,sketch1,1,7
489,cross/aligned,always_multiD,1,13
489,cross/aligned,union4_bonf,1,13
489,cross/aligned,dci_v3,1,13
489,cross/aligned,dci_v3_a8,1,13
489,cross/aligned,best_axis_oracle,1,0
489,cross/aligned,every_k2,0,7
489,cross/aligned,adwin,0,0
489,cross/aligned,mcusum,0,11
489,cross/aligned,sketch1,1,13
490,cross/aligned,always_multiD,1,13
490,cross/aligned,union4_bonf,1,13
490,cross/aligned,dci_v3,1,13
490,cross/aligned,dci_v3_a8,1,13
490,cross/aligned,best_axis_oracle,1,1
490,cross/aligned,every_k2,0,7
490,cross/aligned,adwin,0,0
490,cross/aligned,mcusum,0,8
490,cross/aligned,sketch1,1,13
491,cross/aligned,always_multiD,1,13
491,cross/aligned,union4_bonf,1,13
491,cross/aligned,dci_v3,1,13
491,cross/aligned,dci_v3_a8,1,13
491,cross/aligned,best_axis_oracle,1,2
491,cross/aligned,every_k2,0,6
491,cross/aligned,adwin,0,0
491,cross/aligned,mcusum,0,8
491,cross/aligned,sketch1,1,11
492,cross/aligned,always_multiD,1,11
492,cross/aligned,union4_bonf,1,10
492,cross/aligned,dci_v3,1,10
492,cross/aligned,dci_v3_a8,1,10
492,cross/aligned,best_axis_oracle,1,0
492,cross/aligned,every_k2,0,6
492,cross/aligned,adwin,0,0
492,cross/aligned,mcusum,0,2
492,cross/aligned,sketch1,1,7
493,cross/aligned,always_multiD,1,14
493,cross/aligned,union4_bonf,1,13
493,cross/aligned,dci_v3,1,13
493,cross/aligned,dci_v3_a8,1,13
493,cross/aligned,best_axis_oracle,1,2
493,cross/aligned,every_k2,0,8
493,cross/aligned,adwin,0,0
493,cross/aligned,mcusum,0,6
493,cross/aligned,sketch1,1,11
494,cross/aligned,always_multiD,1,14
494,cross/aligned,union4_bonf,1,13
494,cross/aligned,dci_v3,1,13
494,cross/aligned,dci_v3_a8,1,13
494,cross/aligned,best_axis_oracle,1,2
494,cross/aligned,every_k2,1,6
494,cross/aligned,adwin,0,0
494,cross/aligned,mcusum,0,6
494,cross/aligned,sketch1,1,11
495,cross/aligned,always_multiD,1,2
495,cross/aligned,union4_bonf,1,2
495,cross/aligned,dci_v3,1,2
495,cross/aligned,dci_v3_a8,1,2
495,cross/aligned,best_axis_oracle,1,0
495,cross/aligned,every_k2,1,1
495,cross/aligned,adwin,0,0
495,cross/aligned,mcusum,0,0
495,cross/aligned,sketch1,0,2
496,cross/aligned,always_multiD,1,14
496,cross/aligned,union4_bonf,1,13
496,cross/aligned,dci_v3,1,13
496,cross/aligned,dci_v3_a8,1,13
496,cross/aligned,best_axis_oracle,1,2
496,cross/aligned,every_k2,0,8
496,cross/aligned,adwin,0,0
496,cross/aligned,mcusum,0,1
496,cross/aligned,sketch1,0,3
497,cross/aligned,always_multiD,1,6
497,cross/aligned,union4_bonf,1,16
497,cross/aligned,dci_v3,1,16
497,cross/aligned,dci_v3_a8,1,14
497,cross/aligned,best_axis_oracle,1,0
497,cross/aligned,every_k2,0,3
497,cross/aligned,adwin,0,0
497,cross/aligned,mcusum,0,1
497,cross/aligned,sketch1,0,6
498,cross/aligned,always_multiD,1,14
498,cross/aligned,union4_bonf,1,13
498,cross/aligned,dci_v3,1,13
498,cross/aligned,dci_v3_a8,1,13
498,cross/aligned,best_axis_oracle,1,2
498,cross/aligned,every_k2,1,6
498,cross/aligned,adwin,0,0
498,cross/aligned,mcusum,0,1
498,cross/aligned,sketch1,0,11
499,cross/aligned,always_multiD,1,3
499,cross/aligned,union4_bonf,1,2
499,cross/aligned,dci_v3,1,2
499,cross/aligned,dci_v3_a8,1,2
499,cross/aligned,best_axis_oracle,1,2
499,cross/aligned,every_k2,0,2
499,cross/aligned,adwin,0,0
499,cross/aligned,mcusum,0,0
499,cross/aligned,sketch1,0,0
500,cross/aligned,always_multiD,1,13
500,cross/aligned,union4_bonf,1,13
500,cross/aligned,dci_v3,1,13
500,cross/aligned,dci_v3_a8,1,13
500,cross/aligned,best_axis_oracle,1,0
500,cross/aligned,every_k2,1,6
500,cross/aligned,adwin,0,0
500,cross/aligned,mcusum,0,1
500,cross/aligned,sketch1,0,13
501,cross/aligned,always_multiD,1,13
501,cross/aligned,union4_bonf,1,13
501,cross/aligned,dci_v3,1,13
501,cross/aligned,dci_v3_a8,1,13
501,cross/aligned,best_axis_oracle,1,2
501,cross/aligned,every_k2,0,6
501,cross/aligned,adwin,0,0
501,cross/aligned,mcusum,0,9
501,cross/aligned,sketch1,0,12
502,cross/aligned,always_multiD,1,11
502,cross/aligned,union4_bonf,1,11
502,cross/aligned,dci_v3,1,11
502,cross/aligned,dci_v3_a8,1,11
502,cross/aligned,best_axis_oracle,1,0
502,cross/aligned,every_k2,0,6
502,cross/aligned,adwin,0,0
502,cross/aligned,mcusum,0,4
502,cross/aligned,sketch1,0,11
503,cross/aligned,always_multiD,1,11
503,cross/aligned,union4_bonf,1,11
503,cross/aligned,dci_v3,1,11
503,cross/aligned,dci_v3_a8,1,11
503,cross/aligned,best_axis_oracle,1,0
503,cross/aligned,every_k2,1,5
503,cross/aligned,adwin,0,0
503,cross/aligned,mcusum,0,1
503,cross/aligned,sketch1,0,1
504,cross/aligned,always_multiD,1,14
504,cross/aligned,union4_bonf,1,13
504,cross/aligned,dci_v3,1,13
504,cross/aligned,dci_v3_a8,1,14
504,cross/aligned,best_axis_oracle,1,2
504,cross/aligned,every_k2,0,8
504,cross/aligned,adwin,0,0
504,cross/aligned,mcusum,0,3
504,cross/aligned,sketch1,0,11
505,cross/aligned,always_multiD,1,14
505,cross/aligned,union4_bonf,1,13
505,cross/aligned,dci_v3,1,13
505,cross/aligned,dci_v3_a8,1,13
505,cross/aligned,best_axis_oracle,1,2
505,cross/aligned,every_k2,0,8
505,cross/aligned,adwin,0,0
505,cross/aligned,mcusum,0,1
505,cross/aligned,sketch1,0,5
506,cross/aligned,always_multiD,1,11
506,cross/aligned,union4_bonf,1,12
506,cross/aligned,dci_v3,1,12
506,cross/aligned,dci_v3_a8,1,12
506,cross/aligned,best_axis_oracle,1,2
506,cross/aligned,every_k2,0,5
506,cross/aligned,adwin,0,0
506,cross/aligned,mcusum,0,2
506,cross/aligned,sketch1,0,5
507,cross/aligned,always_multiD,1,3
507,cross/aligned,union4_bonf,1,5
507,cross/aligned,dci_v3,1,5
507,cross/aligned,dci_v3_a8,1,3
507,cross/aligned,best_axis_oracle,1,0
507,cross/aligned,every_k2,0,1
507,cross/aligned,adwin,0,0
507,cross/aligned,mcusum,0,0
507,cross/aligned,sketch1,0,2
508,cross/aligned,always_multiD,1,5
508,cross/aligned,union4_bonf,1,6
508,cross/aligned,dci_v3,1,6
508,cross/aligned,dci_v3_a8,1,6
508,cross/aligned,best_axis_oracle,1,0
508,cross/aligned,every_k2,1,2
508,cross/aligned,adwin,0,0
508,cross/aligned,mcusum,0,0
508,cross/aligned,sketch1,0,0
509,cross/aligned,always_multiD,1,7
509,cross/aligned,union4_bonf,1,9
509,cross/aligned,dci_v3,1,9
509,cross/aligned,dci_v3_a8,1,9
509,cross/aligned,best_axis_oracle,1,0
509,cross/aligned,every_k2,0,4
509,cross/aligned,adwin,0,0
509,cross/aligned,mcusum,0,0
509,cross/aligned,sketch1,0,2
510,cross/aligned,always_multiD,1,8
510,cross/aligned,union4_bonf,1,11
510,cross/aligned,dci_v3,1,11
510,cross/aligned,dci_v3_a8,1,11
510,cross/aligned,best_axis_oracle,1,0
510,cross/aligned,every_k2,1,4
510,cross/aligned,adwin,0,0
510,cross/aligned,mcusum,0,1
510,cross/aligned,sketch1,0,2
511,cross/aligned,always_multiD,1,11
511,cross/aligned,union4_bonf,1,11
511,cross/aligned,dci_v3,1,11
511,cross/aligned,dci_v3_a8,1,11
511,cross/aligned,best_axis_oracle,1,0
511,cross/aligned,every_k2,1,5
511,cross/aligned,adwin,0,0
511,cross/aligned,mcusum,0,1
511,cross/aligned,sketch1,1,3
512,cross/aligned,always_multiD,1,11
512,cross/aligned,union4_bonf,1,10
512,cross/aligned,dci_v3,1,10
512,cross/aligned,dci_v3_a8,1,10
512,cross/aligned,best_axis_oracle,1,2
512,cross/aligned,every_k2,0,5
512,cross/aligned,adwin,0,0
512,cross/aligned,mcusum,0,1
512,cross/aligned,sketch1,0,1
513,cross/aligned,always_multiD,1,11
513,cross/aligned,union4_bonf,1,12
513,cross/aligned,dci_v3,1,12
513,cross/aligned,dci_v3_a8,1,11
513,cross/aligned,best_axis_oracle,1,0
513,cross/aligned,every_k2,0,5
513,cross/aligned,adwin,0,0
513,cross/aligned,mcusum,0,1
513,cross/aligned,sketch1,0,4
514,cross/aligned,always_multiD,1,10
514,cross/aligned,union4_bonf,1,10
514,cross/aligned,dci_v3,1,10
514,cross/aligned,dci_v3_a8,1,10
514,cross/aligned,best_axis_oracle,1,3
514,cross/aligned,every_k2,0,6
514,cross/aligned,adwin,0,0
514,cross/aligned,mcusum,0,1
514,cross/aligned,sketch1,0,0
515,cross/aligned,always_multiD,1,9
515,cross/aligned,union4_bonf,1,10
515,cross/aligned,dci_v3,1,10
515,cross/aligned,dci_v3_a8,1,9
515,cross/aligned,best_axis_oracle,1,0
515,cross/aligned,every_k2,0,5
515,cross/aligned,adwin,0,0
515,cross/aligned,mcusum,0,1
515,cross/aligned,sketch1,0,2
516,cross/aligned,always_multiD,1,0
516,cross/aligned,union4_bonf,1,2
516,cross/aligned,dci_v3,1,2
516,cross/aligned,dci_v3_a8,1,1
516,cross/aligned,best_axis_oracle,1,0
516,cross/aligned,every_k2,0,0
516,cross/aligned,adwin,0,0
516,cross/aligned,mcusum,0,0
516,cross/aligned,sketch1,0,1
517,cross/aligned,always_multiD,1,2
517,cross/aligned,union4_bonf,1,2
517,cross/aligned,dci_v3,1,2
517,cross/aligned,dci_v3_a8,1,2
517,cross/aligned,best_axis_oracle,1,1
517,cross/aligned,every_k2,0,0
517,cross/aligned,adwin,0,0
517,cross/aligned,mcusum,0,0
517,cross/aligned,sketch1,0,1
518,cross/aligned,always_multiD,1,3
518,cross/aligned,union4_bonf,1,2
518,cross/aligned,dci_v3,1,2
518,cross/aligned,dci_v3_a8,1,3
518,cross/aligned,best_axis_oracle,1,2
518,cross/aligned,every_k2,0,2
518,cross/aligned,adwin,0,0
518,cross/aligned,mcusum,0,0
518,cross/aligned,sketch1,0,0
519,cross/aligned,always_multiD,1,5
519,cross/aligned,union4_bonf,1,4
519,cross/aligned,dci_v3,1,4
519,cross/aligned,dci_v3_a8,1,4
519,cross/aligned,best_axis_oracle,1,2
519,cross/aligned,every_k2,1,2
519,cross/aligned,adwin,0,0
519,cross/aligned,mcusum,0,0
519,cross/aligned,sketch1,0,0
520,cross/aligned,always_multiD,1,0
520,cross/aligned,union4_bonf,1,1
520,cross/aligned,dci_v3,1,1
520,cross/aligned,dci_v3_a8,1,1
520,cross/aligned,best_axis_oracle,1,0
520,cross/aligned,every_k2,1,0
520,cross/aligned,adwin,0,0
520,cross/aligned,mcusum,0,0
520,cross/aligned,sketch1,0,1
521,cross/aligned,always_multiD,1,2
521,cross/aligned,union4_bonf,1,2
521,cross/aligned,dci_v3,1,2
521,cross/aligned,dci_v3_a8,1,2
521,cross/aligned,best_axis_oracle,1,0
521,cross/aligned,every_k2,0,1
521,cross/aligned,adwin,0,0
521,cross/aligned,mcusum,0,0
521,cross/aligned,sketch1,0,1
522,cross/aligned,always_multiD,1,5
522,cross/aligned,union4_bonf,1,7
522,cross/aligned,dci_v3,1,7
522,cross/aligned,dci_v3_a8,1,7
522,cross/aligned,best_axis_oracle,1,0
522,cross/aligned,every_k2,0,3
522,cross/aligned,adwin,0,0
522,cross/aligned,mcusum,0,0
522,cross/aligned,sketch1,0,2
523,cross/aligned,always_multiD,1,9
523,cross/aligned,union4_bonf,1,11
523,cross/aligned,dci_v3,1,11
523,cross/aligned,dci_v3_a8,1,11
523,cross/aligned,best_axis_oracle,1,0
523,cross/aligned,every_k2,0,5
523,cross/aligned,adwin,0,0
523,cross/aligned,mcusum,0,1
523,cross/aligned,sketch1,0,10
524,cross/aligned,always_multiD,1,13
524,cross/aligned,union4_bonf,1,13
524,cross/aligned,dci_v3,1,13
524,cross/aligned,dci_v3_a8,1,13
524,cross/aligned,best_axis_oracle,1,0
524,cross/aligned,every_k2,1,7
524,cross/aligned,adwin,0,0
524,cross/aligned,mcusum,0,3
524,cross/aligned,sketch1,0,11
525,cross/aligned,always_multiD,1,0
525,cross/aligned,union4_bonf,1,0
525,cross/aligned,dci_v3,1,0
525,cross/aligned,dci_v3_a8,1,0
525,cross/aligned,best_axis_oracle,1,0
525,cross/aligned,every_k2,1,0
525,cross/aligned,adwin,0,0
525,cross/aligned,mcusum,0,0
525,cross/aligned,sketch1,0,0
526,cross/aligned,always_multiD,1,3
526,cross/aligned,union4_bonf,1,2
526,cross/aligned,dci_v3,1,2
526,cross/aligned,dci_v3_a8,1,3
526,cross/aligned,best_axis_oracle,1,2
526,cross/aligned,every_k2,1,1
526,cross/aligned,adwin,0,0
526,cross/aligned,mcusum,0,0
526,cross/aligned,sketch1,0,0
527,cross/aligned,always_multiD,1,4
527,cross/aligned,union4_bonf,1,4
527,cross/aligned,dci_v3,1,4
527,cross/aligned,dci_v3_a8,1,4
527,cross/aligned,best_axis_oracle,1,0
527,cross/aligned,every_k2,0,1
527,cross/aligned,adwin,0,0
527,cross/aligned,mcusum,0,0
527,cross/aligned,sketch1,0,3
528,cross/aligned,always_multiD,1,10
528,cross/aligned,union4_bonf,1,10
528,cross/aligned,dci_v3,1,10
528,cross/aligned,dci_v3_a8,1,10
528,cross/aligned,best_axis_oracle,1,0
528,cross/aligned,every_k2,1,5
528,cross/aligned,adwin,0,0
528,cross/aligned,mcusum,0,2
528,cross/aligned,sketch1,0,7
529,cross/aligned,always_multiD,1,5
529,cross/aligned,union4_bonf,1,6
529,cross/aligned,dci_v3,1,6
529,cross/aligned,dci_v3_a8,1,6
529,cross/aligned,best_axis_oracle,1,0
529,cross/aligned,every_k2,0,3
529,cross/aligned,adwin,0,0
529,cross/aligned,mcusum,0,1
529,cross/aligned,sketch1,1,2
530,cross/aligned,always_multiD,1,7
530,cross/aligned,union4_bonf,1,6
530,cross/aligned,dci_v3,1,6
530,cross/aligned,dci_v3_a8,1,6
530,cross/aligned,best_axis_oracle,1,7
530,cross/aligned,every_k2,0,3
530,cross/aligned,adwin,0,0
530,cross/aligned,mcusum,0,0
530,cross/aligned,sketch1,0,0
531,cross/aligned,always_multiD,1,8
531,cross/aligned,union4_bonf,1,9
531,cross/aligned,dci_v3,1,9
531,cross/aligned,dci_v3_a8,1,9
531,cross/aligned,best_axis_oracle,1,2
531,cross/aligned,every_k2,0,5
531,cross/aligned,adwin,0,0
531,cross/aligned,mcusum,0,1
531,cross/aligned,sketch1,0,6
532,cross/aligned,always_multiD,1,9
532,cross/aligned,union4_bonf,1,8
532,cross/aligned,dci_v3,1,8
532,cross/aligned,dci_v3_a8,1,8
532,cross/aligned,best_axis_oracle,1,0
532,cross/aligned,every_k2,0,5
532,cross/aligned,adwin,0,0
532,cross/aligned,mcusum,0,3
532,cross/aligned,sketch1,1,11
533,cross/aligned,always_multiD,1,7
533,cross/aligned,union4_bonf,1,7
533,cross/aligned,dci_v3,1,7
533,cross/aligned,dci_v3_a8,1,7
533,cross/aligned,best_axis_oracle,1,0
533,cross/aligned,every_k2,1,3
533,cross/aligned,adwin,0,0
533,cross/aligned,mcusum,0,1
533,cross/aligned,sketch1,0,5
534,cross/aligned,always_multiD,1,8
534,cross/aligned,union4_bonf,1,8
534,cross/aligned,dci_v3,1,8
534,cross/aligned,dci_v3_a8,1,8
534,cross/aligned,best_axis_oracle,1,4
534,cross/aligned,every_k2,0,3
534,cross/aligned,adwin,0,0
534,cross/aligned,mcusum,0,0
534,cross/aligned,sketch1,0,2
535,cross/aligned,always_multiD,1,12
535,cross/aligned,union4_bonf,1,12
535,cross/aligned,dci_v3,1,12
535,cross/aligned,dci_v3_a8,1,12
535,cross/aligned,best_axis_oracle,1,2
535,cross/aligned,every_k2,0,6
535,cross/aligned,adwin,0,0
535,cross/aligned,mcusum,0,3
535,cross/aligned,sketch1,1,7
536,cross/aligned,always_multiD,1,8
536,cross/aligned,union4_bonf,1,9
536,cross/aligned,dci_v3,1,9
536,cross/aligned,dci_v3_a8,1,9
536,cross/aligned,best_axis_oracle,1,2
536,cross/aligned,every_k2,0,5
536,cross/aligned,adwin,0,0
536,cross/aligned,mcusum,0,1
536,cross/aligned,sketch1,0,6
537,cross/aligned,always_multiD,1,7
537,cross/aligned,union4_bonf,1,6
537,cross/aligned,dci_v3,1,6
537,cross/aligned,dci_v3_a8,1,6
537,cross/aligned,best_axis_oracle,1,7
537,cross/aligned,every_k2,0,3
537,cross/aligned,adwin,0,0
537,cross/aligned,mcusum,0,0
537,cross/aligned,sketch1,0,0
538,cross/aligned,always_multiD,1,6
538,cross/aligned,union4_bonf,1,6
538,cross/aligned,dci_v3,1,6
538,cross/aligned,dci_v3_a8,1,6
538,cross/aligned,best_axis_oracle,1,5
538,cross/aligned,every_k2,1,5
538,cross/aligned,adwin,0,0
538,cross/aligned,mcusum,0,1
538,cross/aligned,sketch1,0,1
539,cross/aligned,always_multiD,1,13
539,cross/aligned,union4_bonf,1,13
539,cross/aligned,dci_v3,1,13
539,cross/aligned,dci_v3_a8,1,13
539,cross/aligned,best_axis_oracle,1,2
539,cross/aligned,every_k2,1,7
539,cross/aligned,adwin,0,0
539,cross/aligned,mcusum,0,11
539,cross/aligned,sketch1,1,12
540,cross/aligned,always_multiD,1,13
540,cross/aligned,union4_bonf,1,13
540,cross/aligned,dci_v3,1,13
540,cross/aligned,dci_v3_a8,1,13
540,cross/aligned,best_axis_oracle,1,0
540,cross/aligned,every_k2,1,6
540,cross/aligned,adwin,0,0
540,cross/aligned,mcusum,0,11
540,cross/aligned,sketch1,1,13
541,cross/aligned,always_multiD,1,15
541,cross/aligned,union4_bonf,1,16
541,cross/aligned,dci_v3,1,16
541,cross/aligned,dci_v3_a8,1,16
541,cross/aligned,best_axis_oracle,1,0
541,cross/aligned,every_k2,1,7
541,cross/aligned,adwin,0,0
541,cross/aligned,mcusum,0,11
541,cross/aligned,sketch1,1,13
542,cross/aligned,always_multiD,1,13
542,cross/aligned,union4_bonf,1,13
542,cross/aligned,dci_v3,1,13
542,cross/aligned,dci_v3_a8,1,13
542,cross/aligned,best_axis_oracle,1,2
542,cross/aligned,every_k2,1,7
542,cross/aligned,adwin,0,0
542,cross/aligned,mcusum,0,11
542,cross/aligned,sketch1,1,12
543,cross/aligned,always_multiD,1,13
543,cross/aligned,union4_bonf,1,13
543,cross/aligned,dci_v3,1,13
543,cross/aligned,dci_v3_a8,1,13
543,cross/aligned,best_axis_oracle,1,0
543,cross/aligned,every_k2,1,6
543,cross/aligned,adwin,0,0
543,cross/aligned,mcusum,0,11
543,cross/aligned,sketch1,1,13
544,cross/aligned,always_multiD,1,15
544,cross/aligned,union4_bonf,1,16
544,cross/aligned,dci_v3,1,16
544,cross/aligned,dci_v3_a8,1,16
544,cross/aligned,best_axis_oracle,1,0
544,cross/aligned,every_k2,1,7
544,cross/aligned,adwin,0,0
544,cross/aligned,mcusum,0,11
544,cross/aligned,sketch1,1,13
545,cross/aligned,always_multiD,1,13
545,cross/aligned,union4_bonf,1,13
545,cross/aligned,dci_v3,1,13
545,cross/aligned,dci_v3_a8,1,13
545,cross/aligned,best_axis_oracle,1,0
545,cross/aligned,every_k2,0,7
545,cross/aligned,adwin,0,0
545,cross/aligned,mcusum,0,11
545,cross/aligned,sketch1,1,13
546,cross/aligned,always_multiD,1,11
546,cross/aligned,union4_bonf,1,11
546,cross/aligned,dci_v3,1,11
546,cross/aligned,dci_v3_a8,1,11
546,cross/aligned,best_axis_oracle,1,0
546,cross/aligned,every_k2,1,5
546,cross/aligned,adwin,0,0
546,cross/aligned,mcusum,0,11
546,cross/aligned,sketch1,1,0
547,cross/aligned,always_multiD,1,14
547,cross/aligned,union4_bonf,1,13
547,cross/aligned,dci_v3,1,13
547,cross/aligned,dci_v3_a8,1,13
547,cross/aligned,best_axis_oracle,1,2
547,cross/aligned,every_k2,0,8
547,cross/aligned,adwin,0,0
547,cross/aligned,mcusum,0,11
547,cross/aligned,sketch1,1,11
548,cross/aligned,always_multiD,1,13
548,cross/aligned,union4_bonf,1,13
548,cross/aligned,dci_v3,1,13
548,cross/aligned,dci_v3_a8,1,13
548,cross/aligned,best_axis_oracle,1,2
548,cross/aligned,every_k2,0,6
548,cross/aligned,adwin,0,0
548,cross/aligned,mcusum,0,11
548,cross/aligned,sketch1,1,12
549,cross/aligned,always_multiD,1,13
549,cross/aligned,union4_bonf,1,13
549,cross/aligned,dci_v3,1,13
549,cross/aligned,dci_v3_a8,1,13
549,cross/aligned,best_axis_oracle,1,0
549,cross/aligned,every_k2,0,7
549,cross/aligned,adwin,0,0
549,cross/aligned,mcusum,0,11
549,cross/aligned,sketch1,1,13
550,cross/aligned,always_multiD,1,3
550,cross/aligned,union4_bonf,1,2
550,cross/aligned,dci_v3,1,2
550,cross/aligned,dci_v3_a8,1,2
550,cross/aligned,best_axis_oracle,1,2
550,cross/aligned,every_k2,0,2
550,cross/aligned,adwin,0,0
550,cross/aligned,mcusum,0,0
550,cross/aligned,sketch1,0,0
551,cross/aligned,always_multiD,1,4
551,cross/aligned,union4_bonf,1,5
551,cross/aligned,dci_v3,1,5
551,cross/aligned,dci_v3_a8,1,5
551,cross/aligned,best_axis_oracle,1,0
551,cross/aligned,every_k2,0,2
551,cross/aligned,adwin,0,0
551,cross/aligned,mcusum,0,0
551,cross/aligned,sketch1,0,2
552,cross/aligned,always_multiD,1,0
552,cross/aligned,union4_bonf,1,0
552,cross/aligned,dci_v3,1,0
552,cross/aligned,dci_v3_a8,1,0
552,cross/aligned,best_axis_oracle,1,0
552,cross/aligned,every_k2,0,0
552,cross/aligned,adwin,0,0
552,cross/aligned,mcusum,0,0
552,cross/aligned,sketch1,0,1
553,cross/aligned,always_multiD,1,4
553,cross/aligned,union4_bonf,1,5
553,cross/aligned,dci_v3,1,5
553,cross/aligned,dci_v3_a8,1,5
553,cross/aligned,best_axis_oracle,1,0
553,cross/aligned,every_k2,0,2
553,cross/aligned,adwin,0,0
553,cross/aligned,mcusum,0,0
553,cross/aligned,sketch1,0,2
554,cross/aligned,always_multiD,1,3
554,cross/aligned,union4_bonf,1,2
554,cross/aligned,dci_v3,1,2
554,cross/aligned,dci_v3_a8,1,2
554,cross/aligned,best_axis_oracle,1,2
554,cross/aligned,every_k2,0,2
554,cross/aligned,adwin,0,0
554,cross/aligned,mcusum,0,0
554,cross/aligned,sketch1,0,0
555,cross/aligned,always_multiD,1,4
555,cross/aligned,union4_bonf,1,5
555,cross/aligned,dci_v3,1,5
555,cross/aligned,dci_v3_a8,1,5
555,cross/aligned,best_axis_oracle,1,0
555,cross/aligned,every_k2,0,2
555,cross/aligned,adwin,0,0
555,cross/aligned,mcusum,0,0
555,cross/aligned,sketch1,0,2
556,cross/aligned,always_multiD,1,2
556,cross/aligned,union4_bonf,1,2
556,cross/aligned,dci_v3,1,2
556,cross/aligned,dci_v3_a8,1,2
556,cross/aligned,best_axis_oracle,1,0
556,cross/aligned,every_k2,0,1
556,cross/aligned,adwin,0,0
556,cross/aligned,mcusum,0,0
556,cross/aligned,sketch1,0,2
557,cross/aligned,always_multiD,1,4
557,cross/aligned,union4_bonf,1,5
557,cross/aligned,dci_v3,1,5
557,cross/aligned,dci_v3_a8,1,5
557,cross/aligned,best_axis_oracle,1,0
557,cross/aligned,every_k2,0,2
557,cross/aligned,adwin,0,0
557,cross/aligned,mcusum,0,0
557,cross/aligned,sketch1,0,2
558,cross/aligned,always_multiD,1,3
558,cross/aligned,union4_bonf,1,2
558,cross/aligned,dci_v3,1,2
558,cross/aligned,dci_v3_a8,1,2
558,cross/aligned,best_axis_oracle,1,2
558,cross/aligned,every_k2,1,1
558,cross/aligned,adwin,0,0
558,cross/aligned,mcusum,0,0
558,cross/aligned,sketch1,0,0
559,cross/aligned,always_multiD,1,2
559,cross/aligned,union4_bonf,1,2
559,cross/aligned,dci_v3,1,2
559,cross/aligned,dci_v3_a8,1,2
559,cross/aligned,best_axis_oracle,1,2
559,cross/aligned,every_k2,0,0
559,cross/aligned,adwin,0,0
559,cross/aligned,mcusum,0,0
559,cross/aligned,sketch1,0,1
560,cross/aligned,always_multiD,1,3
560,cross/aligned,union4_bonf,1,2
560,cross/aligned,dci_v3,1,2
560,cross/aligned,dci_v3_a8,1,2
560,cross/aligned,best_axis_oracle,1,2
560,cross/aligned,every_k2,1,1
560,cross/aligned,adwin,0,0
560,cross/aligned,mcusum,0,0
560,cross/aligned,sketch1,0,0
561,cross/aligned,always_multiD,1,9
561,cross/aligned,union4_bonf,1,7
561,cross/aligned,dci_v3,1,7
561,cross/aligned,dci_v3_a8,1,7
561,cross/aligned,best_axis_oracle,1,2
561,cross/aligned,every_k2,0,6
561,cross/aligned,adwin,0,0
561,cross/aligned,mcusum,0,1
561,cross/aligned,sketch1,0,3
562,cross/aligned,always_multiD,1,9
562,cross/aligned,union4_bonf,1,9
562,cross/aligned,dci_v3,1,9
562,cross/aligned,dci_v3_a8,1,9
562,cross/aligned,best_axis_oracle,1,0
562,cross/aligned,every_k2,1,5
562,cross/aligned,adwin,0,0
562,cross/aligned,mcusum,0,1
562,cross/aligned,sketch1,0,10
563,cross/aligned,always_multiD,1,6
563,cross/aligned,union4_bonf,1,5
563,cross/aligned,dci_v3,1,5
563,cross/aligned,dci_v3_a8,1,5
563,cross/aligned,best_axis_oracle,1,0
563,cross/aligned,every_k2,1,3
563,cross/aligned,adwin,0,0
563,cross/aligned,mcusum,0,1
563,cross/aligned,sketch1,1,8
564,cross/aligned,always_multiD,1,9
564,cross/aligned,union4_bonf,1,11
564,cross/aligned,dci_v3,1,11
564,cross/aligned,dci_v3_a8,1,11
564,cross/aligned,best_axis_oracle,1,2
564,cross/aligned,every_k2,1,4
564,cross/aligned,adwin,0,0
564,cross/aligned,mcusum,0,2
564,cross/aligned,sketch1,1,7
565,cross/aligned,always_multiD,1,12
565,cross/aligned,union4_bonf,1,12
565,cross/aligned,dci_v3,1,12
565,cross/aligned,dci_v3_a8,1,12
565,cross/aligned,best_axis_oracle,1,0
565,cross/aligned,every_k2,0,6
565,cross/aligned,adwin,0,0
565,cross/aligned,mcusum,0,2
565,cross/aligned,sketch1,1,12
566,cross/aligned,always_multiD,1,6
566,cross/aligned,union4_bonf,1,5
566,cross/aligned,dci_v3,1,5
566,cross/aligned,dci_v3_a8,1,5
566,cross/aligned,best_axis_oracle,1,0
566,cross/aligned,every_k2,0,3
566,cross/aligned,adwin,0,0
566,cross/aligned,mcusum,0,1
566,cross/aligned,sketch1,1,10
567,cross/aligned,always_multiD,1,4
567,cross/aligned,union4_bonf,1,4
567,cross/aligned,dci_v3,1,4
567,cross/aligned,dci_v3_a8,1,4
567,cross/aligned,best_axis_oracle,1,0
567,cross/aligned,every_k2,0,3
567,cross/aligned,adwin,0,0
567,cross/aligned,mcusum,0,0
567,cross/aligned,sketch1,0,5
568,cross/aligned,always_multiD,1,9
568,cross/aligned,union4_bonf,1,11
568,cross/aligned,dci_v3,1,11
568,cross/aligned,dci_v3_a8,1,11
568,cross/aligned,best_axis_oracle,1,2
568,cross/aligned,every_k2,1,4
568,cross/aligned,adwin,0,0
568,cross/aligned,mcusum,0,2
568,cross/aligned,sketch1,1,7
569,cross/aligned,always_multiD,1,9
569,cross/aligned,union4_bonf,1,9
569,cross/aligned,dci_v3,1,9
569,cross/aligned,dci_v3_a8,1,9
569,cross/aligned,best_axis_oracle,1,0
569,cross/aligned,every_k2,1,5
569,cross/aligned,adwin,0,0
569,cross/aligned,mcusum,0,1
569,cross/aligned,sketch1,0,10
570,cross/aligned,always_multiD,1,6
570,cross/aligned,union4_bonf,1,5
570,cross/aligned,dci_v3,1,5
570,cross/aligned,dci_v3_a8,1,5
570,cross/aligned,best_axis_oracle,1,0
570,cross/aligned,every_k2,1,3
570,cross/aligned,adwin,0,0
570,cross/aligned,mcusum,0,1
570,cross/aligned,sketch1,1,10
571,cross/aligned,always_multiD,1,8
571,cross/aligned,union4_bonf,1,9
571,cross/aligned,dci_v3,1,9
571,cross/aligned,dci_v3_a8,1,9
571,cross/aligned,best_axis_oracle,1,0
571,cross/aligned,every_k2,1,3
571,cross/aligned,adwin,0,0
571,cross/aligned,mcusum,0,1
571,cross/aligned,sketch1,0,6
572,cross/aligned,always_multiD,1,4
572,cross/aligned,union4_bonf,1,5
572,cross/aligned,dci_v3,1,5
572,cross/aligned,dci_v3_a8,1,5
572,cross/aligned,best_axis_oracle,1,0
572,cross/aligned,every_k2,0,2
572,cross/aligned,adwin,0,0
572,cross/aligned,mcusum,0,0
572,cross/aligned,sketch1,0,2
573,cross/aligned,always_multiD,1,2
573,cross/aligned,union4_bonf,1,2
573,cross/aligned,dci_v3,1,2
573,cross/aligned,dci_v3_a8,1,2
573,cross/aligned,best_axis_oracle,1,2
573,cross/aligned,every_k2,1,2
573,cross/aligned,adwin,0,0
573,cross/aligned,mcusum,0,0
573,cross/aligned,sketch1,0,1
574,cross/aligned,always_multiD,1,0
574,cross/aligned,union4_bonf,1,0
574,cross/aligned,dci_v3,1,0
574,cross/aligned,dci_v3_a8,1,0
574,cross/aligned,best_axis_oracle,1,0
574,cross/aligned,every_k2,1,0
574,cross/aligned,adwin,0,0
574,cross/aligned,mcusum,0,0
574,cross/aligned,sketch1,0,1
575,cross/aligned,always_multiD,1,2
575,cross/aligned,union4_bonf,1,2
575,cross/aligned,dci_v3,1,2
575,cross/aligned,dci_v3_a8,1,2
575,cross/aligned,best_axis_oracle,1,2
575,cross/aligned,every_k2,0,0
575,cross/aligned,adwin,0,0
575,cross/aligned,mcusum,0,0
575,cross/aligned,sketch1,0,1
576,cross/aligned,always_multiD,1,4
576,cross/aligned,union4_bonf,1,5
576,cross/aligned,dci_v3,1,5
576,cross/aligned,dci_v3_a8,1,5
576,cross/aligned,best_axis_oracle,1,0
576,cross/aligned,every_k2,1,2
576,cross/aligned,adwin,0,0
576,cross/aligned,mcusum,0,0
576,cross/aligned,sketch1,0,2
577,cross/aligned,always_multiD,1,0
577,cross/aligned,union4_bonf,1,0
577,cross/aligned,dci_v3,1,0
577,cross/aligned,dci_v3_a8,1,0
577,cross/aligned,best_axis_oracle,1,0
577,cross/aligned,every_k2,1,0
577,cross/aligned,adwin,0,0
577,cross/aligned,mcusum,0,0
577,cross/aligned,sketch1,0,0
578,cross/aligned,always_multiD,1,4
578,cross/aligned,union4_bonf,1,2
578,cross/aligned,dci_v3,1,2
578,cross/aligned,dci_v3_a8,1,3
578,cross/aligned,best_axis_oracle,1,0
578,cross/aligned,every_k2,1,2
578,cross/aligned,adwin,0,0
578,cross/aligned,mcusum,0,0
578,cross/aligned,sketch1,0,2
579,cross/aligned,always_multiD,1,2
579,cross/aligned,union4_bonf,1,2
579,cross/aligned,dci_v3,1,2
579,cross/aligned,dci_v3_a8,1,2
579,cross/aligned,best_axis_oracle,1,2
579,cross/aligned,every_k2,1,2
579,cross/aligned,adwin,0,0
579,cross/aligned,mcusum,0,0
579,cross/aligned,sketch1,0,1
580,cross/aligned,always_multiD,1,3
580,cross/aligned,union4_bonf,1,2
580,cross/aligned,dci_v3,1,2
580,cross/aligned,dci_v3_a8,1,2
580,cross/aligned,best_axis_oracle,1,2
580,cross/aligned,every_k2,1,1
580,cross/aligned,adwin,0,0
580,cross/aligned,mcusum,0,0
580,cross/aligned,sketch1,0,0
581,cross/aligned,always_multiD,1,2
581,cross/aligned,union4_bonf,1,2
581,cross/aligned,dci_v3,1,2
581,cross/aligned,dci_v3_a8,1,2
581,cross/aligned,best_axis_oracle,1,0
581,cross/aligned,every_k2,0,1
581,cross/aligned,adwin,0,0
581,cross/aligned,mcusum,0,0
581,cross/aligned,sketch1,0,2
582,cross/aligned,always_multiD,1,0
582,cross/aligned,union4_bonf,1,0
582,cross/aligned,dci_v3,1,0
582,cross/aligned,dci_v3_a8,1,0
582,cross/aligned,best_axis_oracle,1,0
582,cross/aligned,every_k2,1,0
582,cross/aligned,adwin,0,0
582,cross/aligned,mcusum,0,0
582,cross/aligned,sketch1,0,1
583,cross/aligned,always_multiD,1,3
583,cross/aligned,union4_bonf,1,2
583,cross/aligned,dci_v3,1,2
583,cross/aligned,dci_v3_a8,1,3
583,cross/aligned,best_axis_oracle,1,0
583,cross/aligned,every_k2,0,2
583,cross/aligned,adwin,0,0
583,cross/aligned,mcusum,0,0
583,cross/aligned,sketch1,0,2
584,cross/aligned,always_multiD,1,3
584,cross/aligned,union4_bonf,1,2
584,cross/aligned,dci_v3,1,2
584,cross/aligned,dci_v3_a8,1,2
584,cross/aligned,best_axis_oracle,1,0
584,cross/aligned,every_k2,0,2
584,cross/aligned,adwin,0,0
584,cross/aligned,mcusum,0,0
584,cross/aligned,sketch1,0,2
585,cross/aligned,always_multiD,1,0
585,cross/aligned,union4_bonf,1,0
585,cross/aligned,dci_v3,1,0
585,cross/aligned,dci_v3_a8,1,0
585,cross/aligned,best_axis_oracle,1,0
585,cross/aligned,every_k2,1,0
585,cross/aligned,adwin,0,0
585,cross/aligned,mcusum,0,0
585,cross/aligned,sketch1,0,0
586,cross/aligned,always_multiD,1,4
586,cross/aligned,union4_bonf,1,5
586,cross/aligned,dci_v3,1,5
586,cross/aligned,dci_v3_a8,1,5
586,cross/aligned,best_axis_oracle,1,0
586,cross/aligned,every_k2,1,2
586,cross/aligned,adwin,0,0
586,cross/aligned,mcusum,0,0
586,cross/aligned,sketch1,0,2
587,cross/aligned,always_multiD,1,2
587,cross/aligned,union4_bonf,1,2
587,cross/aligned,dci_v3,1,2
587,cross/aligned,dci_v3_a8,1,2
587,cross/aligned,best_axis_oracle,1,0
587,cross/aligned,every_k2,0,0
587,cross/aligned,adwin,0,0
587,cross/aligned,mcusum,0,0
587,cross/aligned,sketch1,0,1
588,cross/aligned,always_multiD,1,4
588,cross/aligned,union4_bonf,1,5
588,cross/aligned,dci_v3,1,5
588,cross/aligned,dci_v3_a8,1,4
588,cross/aligned,best_axis_oracle,1,0
588,cross/aligned,every_k2,1,2
588,cross/aligned,adwin,0,0
588,cross/aligned,mcusum,0,0
588,cross/aligned,sketch1,0,2
589,cross/aligned,always_multiD,1,0
589,cross/aligned,union4_bonf,1,0
589,cross/aligned,dci_v3,1,0
589,cross/aligned,dci_v3_a8,1,0
589,cross/aligned,best_axis_oracle,1,0
589,cross/aligned,every_k2,1,0
589,cross/aligned,adwin,0,0
589,cross/aligned,mcusum,0,0
589,cross/aligned,sketch1,0,0
590,cross/aligned,always_multiD,1,2
590,cross/aligned,union4_bonf,1,2
590,cross/aligned,dci_v3,1,2
590,cross/aligned,dci_v3_a8,1,2
590,cross/aligned,best_axis_oracle,1,0
590,cross/aligned,every_k2,0,1
590,cross/aligned,adwin,0,0
590,cross/aligned,mcusum,0,0
590,cross/aligned,sketch1,0,2
591,cross/aligned,always_multiD,1,2
591,cross/aligned,union4_bonf,1,2
591,cross/aligned,dci_v3,1,2
591,cross/aligned,dci_v3_a8,1,2
591,cross/aligned,best_axis_oracle,1,1
591,cross/aligned,every_k2,0,0
591,cross/aligned,adwin,0,0
591,cross/aligned,mcusum,0,0
591,cross/aligned,sketch1,0,1
592,cross/aligned,always_multiD,1,0
592,cross/aligned,union4_bonf,1,0
592,cross/aligned,dci_v3,1,0
592,cross/aligned,dci_v3_a8,1,0
592,cross/aligned,best_axis_oracle,1,0
592,cross/aligned,every_k2,0,0
592,cross/aligned,adwin,0,0
592,cross/aligned,mcusum,0,0
592,cross/aligned,sketch1,0,0
593,cross/aligned,always_multiD,1,2
593,cross/aligned,union4_bonf,1,2
593,cross/aligned,dci_v3,1,2
593,cross/aligned,dci_v3_a8,1,2
593,cross/aligned,best_axis_oracle,1,2
593,cross/aligned,every_k2,0,0
593,cross/aligned,adwin,0,0
593,cross/aligned,mcusum,0,0
593,cross/aligned,sketch1,0,1
594,cross/aligned,always_multiD,1,1
594,cross/aligned,union4_bonf,1,0
594,cross/aligned,dci_v3,1,0
594,cross/aligned,dci_v3_a8,1,1
594,cross/aligned,best_axis_oracle,1,0
594,cross/aligned,every_k2,0,0
594,cross/aligned,adwin,0,0
594,cross/aligned,mcusum,0,0
594,cross/aligned,sketch1,0,0
595,cross/aligned,always_multiD,1,2
595,cross/aligned,union4_bonf,1,4
595,cross/aligned,dci_v3,1,4
595,cross/aligned,dci_v3_a8,1,4
595,cross/aligned,best_axis_oracle,1,0
595,cross/aligned,every_k2,1,2
595,cross/aligned,adwin,0,0
595,cross/aligned,mcusum,0,0
595,cross/aligned,sketch1,0,1
596,cross/aligned,always_multiD,1,0
596,cross/aligned,union4_bonf,1,0
596,cross/aligned,dci_v3,1,0
596,cross/aligned,dci_v3_a8,1,0
596,cross/aligned,best_axis_oracle,1,0
596,cross/aligned,every_k2,1,0
596,cross/aligned,adwin,0,0
596,cross/aligned,mcusum,0,0
596,cross/aligned,sketch1,0,0
597,cross/aligned,always_multiD,1,4
597,cross/aligned,union4_bonf,1,5
597,cross/aligned,dci_v3,1,5
597,cross/aligned,dci_v3_a8,1,5
597,cross/aligned,best_axis_oracle,1,0
597,cross/aligned,every_k2,1,2
597,cross/aligned,adwin,0,0
597,cross/aligned,mcusum,0,0
597,cross/aligned,sketch1,0,2
598,cross/aligned,always_multiD,1,3
598,cross/aligned,union4_bonf,1,2
598,cross/aligned,dci_v3,1,2
598,cross/aligned,dci_v3_a8,1,2
598,cross/aligned,best_axis_oracle,1,2
598,cross/aligned,every_k2,1,1
598,cross/aligned,adwin,0,0
598,cross/aligned,mcusum,0,0
598,cross/aligned,sketch1,0,0
599,cross/aligned,always_multiD,1,4
599,cross/aligned,union4_bonf,1,5
599,cross/aligned,dci_v3,1,5
599,cross/aligned,dci_v3_a8,1,5
599,cross/aligned,best_axis_oracle,1,0
599,cross/aligned,every_k2,1,2
599,cross/aligned,adwin,0,0
599,cross/aligned,mcusum,0,0
599,cross/aligned,sketch1,0,2
600,cross/aligned,always_multiD,1,0
600,cross/aligned,union4_bonf,1,0
600,cross/aligned,dci_v3,1,0
600,cross/aligned,dci_v3_a8,1,0
600,cross/aligned,best_axis_oracle,1,0
600,cross/aligned,every_k2,1,0
600,cross/aligned,adwin,0,0
600,cross/aligned,mcusum,0,0
600,cross/aligned,sketch1,0,0
601,cross/aligned,always_multiD,1,0
601,cross/aligned,union4_bonf,1,0
601,cross/aligned,dci_v3,1,0
601,cross/aligned,dci_v3_a8,1,0
601,cross/aligned,best_axis_oracle,1,0
601,cross/aligned,every_k2,0,0
601,cross/aligned,adwin,0,0
601,cross/aligned,mcusum,0,0
601,cross/aligned,sketch1,0,0
602,cross/aligned,always_multiD,1,2
602,cross/aligned,union4_bonf,1,3
602,cross/aligned,dci_v3,1,3
602,cross/aligned,dci_v3_a8,1,3
602,cross/aligned,best_axis_oracle,1,0
602,cross/aligned,every_k2,0,0
602,cross/aligned,adwin,0,0
602,cross/aligned,mcusum,0,0
602,cross/aligned,sketch1,0,1
603,cross/aligned,always_multiD,1,0
603,cross/aligned,union4_bonf,1,0
603,cross/aligned,dci_v3,1,0
603,cross/aligned,dci_v3_a8,1,0
603,cross/aligned,best_axis_oracle,1,0
603,cross/aligned,every_k2,1,0
603,cross/aligned,adwin,0,0
603,cross/aligned,mcusum,0,0
603,cross/aligned,sketch1,0,1
604,cross/aligned,always_multiD,1,0
604,cross/aligned,union4_bonf,1,0
604,cross/aligned,dci_v3,1,0
604,cross/aligned,dci_v3_a8,1,0
604,cross/aligned,best_axis_oracle,1,0
604,cross/aligned,every_k2,0,0
604,cross/aligned,adwin,0,0
604,cross/aligned,mcusum,0,0
604,cross/aligned,sketch1,0,0
605,cross/aligned,always_multiD,1,12
605,cross/aligned,union4_bonf,1,13
605,cross/aligned,dci_v3,1,13
605,cross/aligned,dci_v3_a8,1,13
605,cross/aligned,best_axis_oracle,1,0
605,cross/aligned,every_k2,0,7
605,cross/aligned,adwin,0,0
605,cross/aligned,mcusum,0,2
605,cross/aligned,sketch1,0,8
606,cross/aligned,always_multiD,1,11
606,cross/aligned,union4_bonf,1,11
606,cross/aligned,dci_v3,1,11
606,cross/aligned,dci_v3_a8,1,11
606,cross/aligned,best_axis_oracle,1,11
606,cross/aligned,every_k2,1,5
606,cross/aligned,adwin,0,0
606,cross/aligned,mcusum,0,11
606,cross/aligned,sketch1,1,11
607,cross/aligned,always_multiD,0,0
607,cross/aligned,union4_bonf,0,0
607,cross/aligned,dci_v3,0,0
607,cross/aligned,dci_v3_a8,0,0
607,cross/aligned,best_axis_oracle,0,0
607,cross/aligned,every_k2,0,0
607,cross/aligned,adwin,0,0
607,cross/aligned,mcusum,0,0
607,cross/aligned,sketch1,0,0
608,cross/aligned,always_multiD,0,15
608,cross/aligned,union4_bonf,0,16
608,cross/aligned,dci_v3,0,16
608,cross/aligned,dci_v3_a8,0,15
608,cross/aligned,best_axis_oracle,0,0
608,cross/aligned,every_k2,0,7
608,cross/aligned,adwin,0,0
608,cross/aligned,mcusum,0,2
608,cross/aligned,sketch1,0,9
609,cross/aligned,always_multiD,1,11
609,cross/aligned,union4_bonf,1,11
609,cross/aligned,dci_v3,1,11
609,cross/aligned,dci_v3_a8,1,11
609,cross/aligned,best_axis_oracle,1,11
609,cross/aligned,every_k2,1,5
609,cross/aligned,adwin,0,0
609,cross/aligned,mcusum,0,11
609,cross/aligned,sketch1,1,11
610,cross/aligned,always_multiD,0,0
610,cross/aligned,union4_bonf,0,0
610,cross/aligned,dci_v3,0,0
610,cross/aligned,dci_v3_a8,0,0
610,cross/aligned,best_axis_oracle,0,0
610,cross/aligned,every_k2,0,0
610,cross/aligned,adwin,0,0
610,cross/aligned,mcusum,0,0
610,cross/aligned,sketch1,0,0
611,cross/aligned,always_multiD,1,0
611,cross/aligned,union4_bonf,1,0
611,cross/aligned,dci_v3,1,0
611,cross/aligned,dci_v3_a8,1,0
611,cross/aligned,best_axis_oracle,1,0
611,cross/aligned,every_k2,1,0
611,cross/aligned,adwin,0,0
611,cross/aligned,mcusum,0,0
611,cross/aligned,sketch1,0,0
612,cross/aligned,always_multiD,1,12
612,cross/aligned,union4_bonf,1,13
612,cross/aligned,dci_v3,1,13
612,cross/aligned,dci_v3_a8,1,13
612,cross/aligned,best_axis_oracle,1,0
612,cross/aligned,every_k2,1,5
612,cross/aligned,adwin,0,0
612,cross/aligned,mcusum,0,2
612,cross/aligned,sketch1,0,10
613,cross/aligned,always_multiD,1,9
613,cross/aligned,union4_bonf,1,9
613,cross/aligned,dci_v3,1,9
613,cross/aligned,dci_v3_a8,1,9
613,cross/aligned,best_axis_oracle,1,0
613,cross/aligned,every_k2,1,4
613,cross/aligned,adwin,0,0
613,cross/aligned,mcusum,0,1
613,cross/aligned,sketch1,0,6
614,cross/aligned,always_multiD,1,0
614,cross/aligned,union4_bonf,1,0
614,cross/aligned,dci_v3,1,0
614,cross/aligned,dci_v3_a8,1,0
614,cross/aligned,best_axis_oracle,1,0
614,cross/aligned,every_k2,1,0
614,cross/aligned,adwin,0,0
614,cross/aligned,mcusum,0,0
614,cross/aligned,sketch1,0,0
615,cross/aligned,always_multiD,0,15
615,cross/aligned,union4_bonf,0,16
615,cross/aligned,dci_v3,0,16
615,cross/aligned,dci_v3_a8,0,16
615,cross/aligned,best_axis_oracle,0,0
615,cross/aligned,every_k2,0,8
615,cross/aligned,adwin,0,0
615,cross/aligned,mcusum,0,2
615,cross/aligned,sketch1,0,15
616,cross/aligned,always_multiD,0,4
616,cross/aligned,union4_bonf,0,5
616,cross/aligned,dci_v3,0,5
616,cross/aligned,dci_v3_a8,0,5
616,cross/aligned,best_axis_oracle,0,0
616,cross/aligned,every_k2,0,1
616,cross/aligned,adwin,0,0
616,cross/aligned,mcusum,0,0
616,cross/aligned,sketch1,0,4
617,cross/aligned,always_multiD,1,0
617,cross/aligned,union4_bonf,1,0
617,cross/aligned,dci_v3,1,0
617,cross/aligned,dci_v3_a8,1,0
617,cross/aligned,best_axis_oracle,1,0
617,cross/aligned,every_k2,0,0
617,cross/aligned,adwin,0,0
617,cross/aligned,mcusum,0,0
617,cross/aligned,sketch1,0,0
618,cross/aligned,always_multiD,1,1
618,cross/aligned,union4_bonf,1,2
618,cross/aligned,dci_v3,1,2
618,cross/aligned,dci_v3_a8,1,2
618,cross/aligned,best_axis_oracle,1,0
618,cross/aligned,every_k2,0,1
618,cross/aligned,adwin,0,0
618,cross/aligned,mcusum,0,0
618,cross/aligned,sketch1,0,1
619,cross/aligned,always_multiD,0,0
619,cross/aligned,union4_bonf,0,0
619,cross/aligned,dci_v3,0,0
619,cross/aligned,dci_v3_a8,0,0
619,cross/aligned,best_axis_oracle,0,0
619,cross/aligned,every_k2,0,0
619,cross/aligned,adwin,0,0
619,cross/aligned,mcusum,0,0
619,cross/aligned,sketch1,0,0
620,cross/aligned,always_multiD,0,0
620,cross/aligned,union4_bonf,0,0
620,cross/aligned,dci_v3,0,0
620,cross/aligned,dci_v3_a8,0,0
620,cross/aligned,best_axis_oracle,0,0
620,cross/aligned,every_k2,0,0
620,cross/aligned,adwin,0,0
620,cross/aligned,mcusum,0,0
620,cross/aligned,sketch1,0,0
621,cross/aligned,always_multiD,1,1
621,cross/aligned,union4_bonf,1,3
621,cross/aligned,dci_v3,1,3
621,cross/aligned,dci_v3_a8,1,3
621,cross/aligned,best_axis_oracle,1,0
621,cross/aligned,every_k2,1,0
621,cross/aligned,adwin,0,0
621,cross/aligned,mcusum,0,0
621,cross/aligned,sketch1,0,1
622,cross/aligned,always_multiD,1,0
622,cross/aligned,union4_bonf,1,0
622,cross/aligned,dci_v3,1,0
622,cross/aligned,dci_v3_a8,1,0
622,cross/aligned,best_axis_oracle,1,0
622,cross/aligned,every_k2,0,0
622,cross/aligned,adwin,0,0
622,cross/aligned,mcusum,0,0
622,cross/aligned,sketch1,0,0
623,cross/aligned,always_multiD,0,15
623,cross/aligned,union4_bonf,0,16
623,cross/aligned,dci_v3,0,16
623,cross/aligned,dci_v3_a8,0,16
623,cross/aligned,best_axis_oracle,0,0
623,cross/aligned,every_k2,0,7
623,cross/aligned,adwin,0,0
623,cross/aligned,mcusum,0,2
623,cross/aligned,sketch1,0,14
624,cross/aligned,always_multiD,1,0
624,cross/aligned,union4_bonf,1,0
624,cross/aligned,dci_v3,1,0
624,cross/aligned,dci_v3_a8,1,0
624,cross/aligned,best_axis_oracle,1,0
624,cross/aligned,every_k2,1,0
624,cross/aligned,adwin,0,0
624,cross/aligned,mcusum,0,0
624,cross/aligned,sketch1,0,0
625,cross/aligned,always_multiD,1,0
625,cross/aligned,union4_bonf,1,0
625,cross/aligned,dci_v3,1,0
625,cross/aligned,dci_v3_a8,1,0
625,cross/aligned,best_axis_oracle,1,0
625,cross/aligned,every_k2,1,0
625,cross/aligned,adwin,0,0
625,cross/aligned,mcusum,0,0
625,cross/aligned,sketch1,0,0
626,cross/aligned,always_multiD,0,11
626,cross/aligned,union4_bonf,0,11
626,cross/aligned,dci_v3,0,11
626,cross/aligned,dci_v3_a8,0,11
626,cross/aligned,best_axis_oracle,1,4
626,cross/aligned,every_k2,0,6
626,cross/aligned,adwin,0,0
626,cross/aligned,mcusum,0,1
626,cross/aligned,sketch1,0,11
627,cross/aligned,always_multiD,0,4
627,cross/aligned,union4_bonf,0,5
627,cross/aligned,dci_v3,0,5
627,cross/aligned,dci_v3_a8,0,5
627,cross/aligned,best_axis_oracle,0,0
627,cross/aligned,every_k2,0,3
627,cross/aligned,adwin,0,0
627,cross/aligned,mcusum,0,0
627,cross/aligned,sketch1,0,4
628,cross/aligned,always_multiD,0,0
628,cross/aligned,union4_bonf,1,0
628,cross/aligned,dci_v3,1,0
628,cross/aligned,dci_v3_a8,1,0
628,cross/aligned,best_axis_oracle,1,0
628,cross/aligned,every_k2,0,0
628,cross/aligned,adwin,0,0
628,cross/aligned,mcusum,0,0
628,cross/aligned,sketch1,0,0
629,cross/aligned,always_multiD,0,0
629,cross/aligned,union4_bonf,0,0
629,cross/aligned,dci_v3,0,0
629,cross/aligned,dci_v3_a8,0,0
629,cross/aligned,best_axis_oracle,0,0
629,cross/aligned,every_k2,0,0
629,cross/aligned,adwin,0,0
629,cross/aligned,mcusum,0,0
629,cross/aligned,sketch1,0,0
630,cross/aligned,always_multiD,0,0
630,cross/aligned,union4_bonf,0,0
630,cross/aligned,dci_v3,0,0
630,cross/aligned,dci_v3_a8,0,0
630,cross/aligned,best_axis_oracle,0,0
630,cross/aligned,every_k2,0,0
630,cross/aligned,adwin,0,0
630,cross/aligned,mcusum,0,0
630,cross/aligned,sketch1,0,0
631,cross/aligned,always_multiD,0,0
631,cross/aligned,union4_bonf,1,0
631,cross/aligned,dci_v3,1,0
631,cross/aligned,dci_v3_a8,1,0
631,cross/aligned,best_axis_oracle,1,0
631,cross/aligned,every_k2,0,0
631,cross/aligned,adwin,0,0
631,cross/aligned,mcusum,0,0
631,cross/aligned,sketch1,0,0
632,cross/aligned,always_multiD,0,1
632,cross/aligned,union4_bonf,1,2
632,cross/aligned,dci_v3,1,2
632,cross/aligned,dci_v3_a8,1,1
632,cross/aligned,best_axis_oracle,1,0
632,cross/aligned,every_k2,0,0
632,cross/aligned,adwin,0,0
632,cross/aligned,mcusum,0,0
632,cross/aligned,sketch1,0,1
633,cross/aligned,always_multiD,0,8
633,cross/aligned,union4_bonf,0,8
633,cross/aligned,dci_v3,0,8
633,cross/aligned,dci_v3_a8,0,8
633,cross/aligned,best_axis_oracle,1,0
633,cross/aligned,every_k2,0,3
633,cross/aligned,adwin,0,0
633,cross/aligned,mcusum,0,1
633,cross/aligned,sketch1,0,4
634,cross/aligned,always_multiD,1,0
634,cross/aligned,union4_bonf,1,0
634,cross/aligned,dci_v3,1,0
634,cross/aligned,dci_v3_a8,1,0
634,cross/aligned,best_axis_oracle,1,0
634,cross/aligned,every_k2,0,0
634,cross/aligned,adwin,0,0
634,cross/aligned,mcusum,0,0
634,cross/aligned,sketch1,0,0
635,cross/aligned,always_multiD,0,1
635,cross/aligned,union4_bonf,1,2
635,cross/aligned,dci_v3,1,2
635,cross/aligned,dci_v3_a8,1,1
635,cross/aligned,best_axis_oracle,1,0
635,cross/aligned,every_k2,0,1
635,cross/aligned,adwin,0,0
635,cross/aligned,mcusum,0,0
635,cross/aligned,sketch1,0,1
636,cross/aligned,always_multiD,0,1
636,cross/aligned,union4_bonf,1,2
636,cross/aligned,dci_v3,1,2
636,cross/aligned,dci_v3_a8,1,2
636,cross/aligned,best_axis_oracle,1,0
636,cross/aligned,every_k2,0,1
636,cross/aligned,adwin,0,0
636,cross/aligned,mcusum,0,0
636,cross/aligned,sketch1,0,1
637,cross/aligned,always_multiD,0,4
637,cross/aligned,union4_bonf,0,5
637,cross/aligned,dci_v3,0,5
637,cross/aligned,dci_v3_a8,0,5
637,cross/aligned,best_axis_oracle,0,0
637,cross/aligned,every_k2,0,1
637,cross/aligned,adwin,0,0
637,cross/aligned,mcusum,0,0
637,cross/aligned,sketch1,0,4
638,cross/aligned,always_multiD,0,1
638,cross/aligned,union4_bonf,1,2
638,cross/aligned,dci_v3,1,2
638,cross/aligned,dci_v3_a8,1,2
638,cross/aligned,best_axis_oracle,1,0
638,cross/aligned,every_k2,0,1
638,cross/aligned,adwin,0,0
638,cross/aligned,mcusum,0,0
638,cross/aligned,sketch1,0,1
639,cross/aligned,always_multiD,0,0
639,cross/aligned,union4_bonf,1,0
639,cross/aligned,dci_v3,1,0
639,cross/aligned,dci_v3_a8,1,0
639,cross/aligned,best_axis_oracle,1,0
639,cross/aligned,every_k2,0,0
639,cross/aligned,adwin,0,0
639,cross/aligned,mcusum,0,0
639,cross/aligned,sketch1,0,0
640,cross/aligned,always_multiD,0,0
640,cross/aligned,union4_bonf,1,0
640,cross/aligned,dci_v3,1,0
640,cross/aligned,dci_v3_a8,1,0
640,cross/aligned,best_axis_oracle,1,0
640,cross/aligned,every_k2,0,0
640,cross/aligned,adwin,0,0
640,cross/aligned,mcusum,0,0
640,cross/aligned,sketch1,0,0
641,cross/aligned,always_multiD,1,4
641,cross/aligned,union4_bonf,1,3
641,cross/aligned,dci_v3,1,3
641,cross/aligned,dci_v3_a8,1,4
641,cross/aligned,best_axis_oracle,1,0
641,cross/aligned,every_k2,1,1
641,cross/aligned,adwin,0,0
641,cross/aligned,mcusum,0,0
641,cross/aligned,sketch1,0,9
642,cross/aligned,always_multiD,1,4
642,cross/aligned,union4_bonf,1,3
642,cross/aligned,dci_v3,1,3
642,cross/aligned,dci_v3_a8,1,3
642,cross/aligned,best_axis_oracle,1,0
642,cross/aligned,every_k2,1,1
642,cross/aligned,adwin,0,0
642,cross/aligned,mcusum,0,0
642,cross/aligned,sketch1,0,7
643,cross/aligned,always_multiD,0,1
643,cross/aligned,union4_bonf,1,3
643,cross/aligned,dci_v3,1,3
643,cross/aligned,dci_v3_a8,0,3
643,cross/aligned,best_axis_oracle,1,0
643,cross/aligned,every_k2,0,0
643,cross/aligned,adwin,0,0
643,cross/aligned,mcusum,0,0
643,cross/aligned,sketch1,0,2
644,cross/aligned,always_multiD,0,0
644,cross/aligned,union4_bonf,1,0
644,cross/aligned,dci_v3,1,0
644,cross/aligned,dci_v3_a8,1,0
644,cross/aligned,best_axis_oracle,1,0
644,cross/aligned,every_k2,0,0
644,cross/aligned,adwin,0,0
644,cross/aligned,mcusum,0,0
644,cross/aligned,sketch1,0,0
645,cross/aligned,always_multiD,0,4
645,cross/aligned,union4_bonf,0,5
645,cross/aligned,dci_v3,0,5
645,cross/aligned,dci_v3_a8,0,5
645,cross/aligned,best_axis_oracle,0,0
645,cross/aligned,every_k2,0,1
645,cross/aligned,adwin,0,0
645,cross/aligned,mcusum,0,0
645,cross/aligned,sketch1,0,4
646,cross/aligned,always_multiD,0,0
646,cross/aligned,union4_bonf,1,0
646,cross/aligned,dci_v3,1,0
646,cross/aligned,dci_v3_a8,1,0
646,cross/aligned,best_axis_oracle,1,0
646,cross/aligned,every_k2,0,0
646,cross/aligned,adwin,0,0
646,cross/aligned,mcusum,0,0
646,cross/aligned,sketch1,0,0
647,cross/aligned,always_multiD,0,11
647,cross/aligned,union4_bonf,0,11
647,cross/aligned,dci_v3,0,11
647,cross/aligned,dci_v3_a8,0,11
647,cross/aligned,best_axis_oracle,1,11
647,cross/aligned,every_k2,0,5
647,cross/aligned,adwin,0,0
647,cross/aligned,mcusum,0,5
647,cross/aligned,sketch1,0,11
648,cross/aligned,always_multiD,0,0
648,cross/aligned,union4_bonf,1,0
648,cross/aligned,dci_v3,1,0
648,cross/aligned,dci_v3_a8,1,0
648,cross/aligned,best_axis_oracle,1,0
648,cross/aligned,every_k2,0,0
648,cross/aligned,adwin,0,0
648,cross/aligned,mcusum,0,0
648,cross/aligned,sketch1,0,0
649,cross/aligned,always_multiD,0,0
649,cross/aligned,union4_bonf,0,0
649,cross/aligned,dci_v3,0,0
649,cross/aligned,dci_v3_a8,0,0
649,cross/aligned,best_axis_oracle,0,0
649,cross/aligned,every_k2,0,0
649,cross/aligned,adwin,0,0
649,cross/aligned,mcusum,0,0
649,cross/aligned,sketch1,0,0
650,cross/aligned,always_multiD,1,1
650,cross/aligned,union4_bonf,1,2
650,cross/aligned,dci_v3,1,2
650,cross/aligned,dci_v3_a8,1,1
650,cross/aligned,best_axis_oracle,1,0
650,cross/aligned,every_k2,0,1
650,cross/aligned,adwin,0,0
650,cross/aligned,mcusum,0,0
650,cross/aligned,sketch1,0,1
651,cross/aligned,always_multiD,0,4
651,cross/aligned,union4_bonf,0,5
651,cross/aligned,dci_v3,0,5
651,cross/aligned,dci_v3_a8,0,5
651,cross/aligned,best_axis_oracle,0,0
651,cross/aligned,every_k2,0,3
651,cross/aligned,adwin,0,0
651,cross/aligned,mcusum,0,0
651,cross/aligned,sketch1,0,4
652,cross/aligned,always_multiD,1,0
652,cross/aligned,union4_bonf,1,0
652,cross/aligned,dci_v3,1,0
652,cross/aligned,dci_v3_a8,1,0
652,cross/aligned,best_axis_oracle,1,0
652,cross/aligned,every_k2,0,0
652,cross/aligned,adwin,0,0
652,cross/aligned,mcusum,0,0
652,cross/aligned,sketch1,0,0
653,cross/aligned,always_multiD,1,1
653,cross/aligned,union4_bonf,1,0
653,cross/aligned,dci_v3,1,0
653,cross/aligned,dci_v3_a8,1,0
653,cross/aligned,best_axis_oracle,1,1
653,cross/aligned,every_k2,1,1
653,cross/aligned,adwin,0,0
653,cross/aligned,mcusum,0,0
653,cross/aligned,sketch1,0,0
654,cross/aligned,always_multiD,0,1
654,cross/aligned,union4_bonf,1,2
654,cross/aligned,dci_v3,1,2
654,cross/aligned,dci_v3_a8,1,2
654,cross/aligned,best_axis_oracle,1,0
654,cross/aligned,every_k2,0,0
654,cross/aligned,adwin,0,0
654,cross/aligned,mcusum,0,0
654,cross/aligned,sketch1,0,1
655,cross/aligned,always_multiD,0,2
655,cross/aligned,union4_bonf,0,3
655,cross/aligned,dci_v3,0,3
655,cross/aligned,dci_v3_a8,0,3
655,cross/aligned,best_axis_oracle,1,3
655,cross/aligned,every_k2,0,2
655,cross/aligned,adwin,0,0
655,cross/aligned,mcusum,0,0
655,cross/aligned,sketch1,0,5
656,cross/aligned,always_multiD,0,1
656,cross/aligned,union4_bonf,1,2
656,cross/aligned,dci_v3,1,2
656,cross/aligned,dci_v3_a8,1,2
656,cross/aligned,best_axis_oracle,1,0
656,cross/aligned,every_k2,0,0
656,cross/aligned,adwin,0,0
656,cross/aligned,mcusum,0,0
656,cross/aligned,sketch1,0,2
657,cross/aligned,always_multiD,0,0
657,cross/aligned,union4_bonf,1,0
657,cross/aligned,dci_v3,1,0
657,cross/aligned,dci_v3_a8,0,0
657,cross/aligned,best_axis_oracle,1,0
657,cross/aligned,every_k2,0,0
657,cross/aligned,adwin,0,0
657,cross/aligned,mcusum,0,0
657,cross/aligned,sketch1,0,0
658,cross/aligned,always_multiD,0,5
658,cross/aligned,union4_bonf,0,5
658,cross/aligned,dci_v3,0,5
658,cross/aligned,dci_v3_a8,0,5
658,cross/aligned,best_axis_oracle,0,0
658,cross/aligned,every_k2,0,2
658,cross/aligned,adwin,0,0
658,cross/aligned,mcusum,0,0
658,cross/aligned,sketch1,0,4
659,cross/aligned,always_multiD,0,0
659,cross/aligned,union4_bonf,0,0
659,cross/aligned,dci_v3,0,0
659,cross/aligned,dci_v3_a8,0,0
659,cross/aligned,best_axis_oracle,0,0
659,cross/aligned,every_k2,0,0
659,cross/aligned,adwin,0,0
659,cross/aligned,mcusum,0,0
659,cross/aligned,sketch1,0,0
660,cross/aligned,always_multiD,1,11
660,cross/aligned,union4_bonf,1,11
660,cross/aligned,dci_v3,1,11
660,cross/aligned,dci_v3_a8,1,11
660,cross/aligned,best_axis_oracle,1,11
660,cross/aligned,every_k2,0,6
660,cross/aligned,adwin,0,0
660,cross/aligned,mcusum,0,11
660,cross/aligned,sketch1,1,11
661,cross/aligned,always_multiD,1,8
661,cross/aligned,union4_bonf,0,0
661,cross/aligned,dci_v3,0,0
661,cross/aligned,dci_v3_a8,0,2
661,cross/aligned,best_axis_oracle,0,0
661,cross/aligned,every_k2,1,3
661,cross/aligned,adwin,0,0
661,cross/aligned,mcusum,0,1
661,cross/aligned,sketch1,1,0
662,cross/aligned,always_multiD,1,11
662,cross/aligned,union4_bonf,0,0
662,cross/aligned,dci_v3,0,0
662,cross/aligned,dci_v3_a8,0,1
662,cross/aligned,best_axis_oracle,0,0
662,cross/aligned,every_k2,1,5
662,cross/aligned,adwin,0,0
662,cross/aligned,mcusum,0,1
662,cross/aligned,sketch1,1,0
663,cross/aligned,always_multiD,0,15
663,cross/aligned,union4_bonf,0,16
663,cross/aligned,dci_v3,0,16
663,cross/aligned,dci_v3_a8,0,16
663,cross/aligned,best_axis_oracle,0,0
663,cross/aligned,every_k2,0,8
663,cross/aligned,adwin,0,0
663,cross/aligned,mcusum,0,4
663,cross/aligned,sketch1,0,14
664,cross/aligned,always_multiD,0,15
664,cross/aligned,union4_bonf,0,16
664,cross/aligned,dci_v3,0,16
664,cross/aligned,dci_v3_a8,0,16
664,cross/aligned,best_axis_oracle,0,0
664,cross/aligned,every_k2,0,8
664,cross/aligned,adwin,0,0
664,cross/aligned,mcusum,0,4
664,cross/aligned,sketch1,0,15
665,cross/aligned,always_multiD,0,7
665,cross/aligned,union4_bonf,1,0
665,cross/aligned,dci_v3,1,0
665,cross/aligned,dci_v3_a8,0,1
665,cross/aligned,best_axis_oracle,1,0
665,cross/aligned,every_k2,0,4
665,cross/aligned,adwin,0,0
665,cross/aligned,mcusum,0,1
665,cross/aligned,sketch1,0,0
666,cross/aligned,always_multiD,0,15
666,cross/aligned,union4_bonf,0,16
666,cross/aligned,dci_v3,0,16
666,cross/aligned,dci_v3_a8,0,16
666,cross/aligned,best_axis_oracle,0,0
666,cross/aligned,every_k2,0,8
666,cross/aligned,adwin,0,0
666,cross/aligned,mcusum,0,4
666,cross/aligned,sketch1,0,14
667,cross/aligned,always_multiD,0,8
667,cross/aligned,union4_bonf,1,0
667,cross/aligned,dci_v3,1,0
667,cross/aligned,dci_v3_a8,0,0
667,cross/aligned,best_axis_oracle,1,0
667,cross/aligned,every_k2,0,5
667,cross/aligned,adwin,0,0
667,cross/aligned,mcusum,0,1
667,cross/aligned,sketch1,0,0
668,cross/aligned,always_multiD,0,15
668,cross/aligned,union4_bonf,0,16
668,cross/aligned,dci_v3,0,16
668,cross/aligned,dci_v3_a8,0,16
668,cross/aligned,best_axis_oracle,0,0
668,cross/aligned,every_k2,0,8
668,cross/aligned,adwin,0,0
668,cross/aligned,mcusum,0,4
668,cross/aligned,sketch1,0,14
669,cross/aligned,always_multiD,0,8
669,cross/aligned,union4_bonf,1,0
669,cross/aligned,dci_v3,1,0
669,cross/aligned,dci_v3_a8,1,1
669,cross/aligned,best_axis_oracle,1,0
669,cross/aligned,every_k2,0,5
669,cross/aligned,adwin,0,0
669,cross/aligned,mcusum,0,1
669,cross/aligned,sketch1,0,0
670,cross/aligned,always_multiD,0,12
670,cross/aligned,union4_bonf,1,13
670,cross/aligned,dci_v3,1,13
670,cross/aligned,dci_v3_a8,1,13
670,cross/aligned,best_axis_oracle,1,0
670,cross/aligned,every_k2,0,7
670,cross/aligned,adwin,0,0
670,cross/aligned,mcusum,0,3
670,cross/aligned,sketch1,0,12
671,cross/aligned,always_multiD,0,1
671,cross/aligned,union4_bonf,1,2
671,cross/aligned,dci_v3,1,2
671,cross/aligned,dci_v3_a8,1,2
671,cross/aligned,best_axis_oracle,1,0
671,cross/aligned,every_k2,0,1
671,cross/aligned,adwin,0,0
671,cross/aligned,mcusum,0,0
671,cross/aligned,sketch1,0,1
672,cross/aligned,always_multiD,0,0
672,cross/aligned,union4_bonf,1,0
672,cross/aligned,dci_v3,1,0
672,cross/aligned,dci_v3_a8,1,0
672,cross/aligned,best_axis_oracle,1,1
672,cross/aligned,every_k2,0,0
672,cross/aligned,adwin,0,0
672,cross/aligned,mcusum,0,0
672,cross/aligned,sketch1,0,0
673,cross/aligned,always_multiD,0,0
673,cross/aligned,union4_bonf,1,0
673,cross/aligned,dci_v3,1,0
673,cross/aligned,dci_v3_a8,1,0
673,cross/aligned,best_axis_oracle,1,0
673,cross/aligned,every_k2,0,0
673,cross/aligned,adwin,0,0
673,cross/aligned,mcusum,0,0
673,cross/aligned,sketch1,0,0
674,cross/aligned,always_multiD,0,0
674,cross/aligned,union4_bonf,0,0
674,cross/aligned,dci_v3,0,0
674,cross/aligned,dci_v3_a8,0,0
674,cross/aligned,best_axis_oracle,0,0
674,cross/aligned,every_k2,0,0
674,cross/aligned,adwin,0,0
674,cross/aligned,mcusum,0,0
674,cross/aligned,sketch1,0,0
675,cross/aligned,always_multiD,0,5
675,cross/aligned,union4_bonf,0,5
675,cross/aligned,dci_v3,0,5
675,cross/aligned,dci_v3_a8,0,5
675,cross/aligned,best_axis_oracle,0,0
675,cross/aligned,every_k2,0,1
675,cross/aligned,adwin,0,0
675,cross/aligned,mcusum,0,0
675,cross/aligned,sketch1,0,4
676,cross/aligned,always_multiD,0,0
676,cross/aligned,union4_bonf,1,0
676,cross/aligned,dci_v3,1,0
676,cross/aligned,dci_v3_a8,1,0
676,cross/aligned,best_axis_oracle,1,0
676,cross/aligned,every_k2,0,0
676,cross/aligned,adwin,0,0
676,cross/aligned,mcusum,0,0
676,cross/aligned,sketch1,0,0
677,cross/aligned,always_multiD,0,0
677,cross/aligned,union4_bonf,0,0
677,cross/aligned,dci_v3,0,0
677,cross/aligned,dci_v3_a8,0,0
677,cross/aligned,best_axis_oracle,0,0
677,cross/aligned,every_k2,0,0
677,cross/aligned,adwin,0,0
677,cross/aligned,mcusum,0,0
677,cross/aligned,sketch1,0,0
678,cross/aligned,always_multiD,0,0
678,cross/aligned,union4_bonf,1,0
678,cross/aligned,dci_v3,1,0
678,cross/aligned,dci_v3_a8,1,0
678,cross/aligned,best_axis_oracle,1,0
678,cross/aligned,every_k2,0,0
678,cross/aligned,adwin,0,0
678,cross/aligned,mcusum,0,0
678,cross/aligned,sketch1,0,0
679,cross/aligned,always_multiD,0,4
679,cross/aligned,union4_bonf,0,5
679,cross/aligned,dci_v3,0,5
679,cross/aligned,dci_v3_a8,0,5
679,cross/aligned,best_axis_oracle,0,0
679,cross/aligned,every_k2,0,3
679,cross/aligned,adwin,0,0
679,cross/aligned,mcusum,0,0
679,cross/aligned,sketch1,0,4
680,cross/aligned,always_multiD,0,0
680,cross/aligned,union4_bonf,0,0
680,cross/aligned,dci_v3,0,0
680,cross/aligned,dci_v3_a8,0,0
680,cross/aligned,best_axis_oracle,0,0
680,cross/aligned,every_k2,0,0
680,cross/aligned,adwin,0,0
680,cross/aligned,mcusum,0,0
680,cross/aligned,sketch1,0,0
681,cross/aligned,always_multiD,0,4
681,cross/aligned,union4_bonf,0,5
681,cross/aligned,dci_v3,0,5
681,cross/aligned,dci_v3_a8,0,5
681,cross/aligned,best_axis_oracle,0,0
681,cross/aligned,every_k2,0,1
681,cross/aligned,adwin,0,0
681,cross/aligned,mcusum,0,0
681,cross/aligned,sketch1,0,4
682,cross/aligned,always_multiD,0,1
682,cross/aligned,union4_bonf,1,2
682,cross/aligned,dci_v3,1,2
682,cross/aligned,dci_v3_a8,0,2
682,cross/aligned,best_axis_oracle,1,0
682,cross/aligned,every_k2,0,0
682,cross/aligned,adwin,0,0
682,cross/aligned,mcusum,0,0
682,cross/aligned,sketch1,0,1
683,cross/aligned,always_multiD,0,3
683,cross/aligned,union4_bonf,1,3
683,cross/aligned,dci_v3,1,3
683,cross/aligned,dci_v3_a8,0,3
683,cross/aligned,best_axis_oracle,1,0
683,cross/aligned,every_k2,0,0
683,cross/aligned,adwin,0,0
683,cross/aligned,mcusum,0,0
683,cross/aligned,sketch1,0,3
684,cross/aligned,always_multiD,0,9
684,cross/aligned,union4_bonf,0,6
684,cross/aligned,dci_v3,0,6
684,cross/aligned,dci_v3_a8,0,7
684,cross/aligned,best_axis_oracle,0,0
684,cross/aligned,every_k2,0,4
684,cross/aligned,adwin,0,0
684,cross/aligned,mcusum,0,1
684,cross/aligned,sketch1,0,4
685,cross/aligned,always_multiD,0,10
685,cross/aligned,union4_bonf,0,7
685,cross/aligned,dci_v3,0,7
685,cross/aligned,dci_v3_a8,0,7
685,cross/aligned,best_axis_oracle,0,0
685,cross/aligned,every_k2,0,3
685,cross/aligned,adwin,0,0
685,cross/aligned,mcusum,0,1
685,cross/aligned,sketch1,0,4
686,cross/aligned,always_multiD,0,1
686,cross/aligned,union4_bonf,1,0
686,cross/aligned,dci_v3,1,0
686,cross/aligned,dci_v3_a8,1,0
686,cross/aligned,best_axis_oracle,1,0
686,cross/aligned,every_k2,0,1
686,cross/aligned,adwin,0,0
686,cross/aligned,mcusum,0,0
686,cross/aligned,sketch1,0,0
687,cross/aligned,always_multiD,0,2
687,cross/aligned,union4_bonf,1,0
687,cross/aligned,dci_v3,1,0
687,cross/aligned,dci_v3_a8,1,0
687,cross/aligned,best_axis_oracle,1,0
687,cross/aligned,every_k2,0,2
687,cross/aligned,adwin,0,0
687,cross/aligned,mcusum,0,0
687,cross/aligned,sketch1,0,0
688,cross/aligned,always_multiD,0,5
688,cross/aligned,union4_bonf,1,0
688,cross/aligned,dci_v3,1,0
688,cross/aligned,dci_v3_a8,1,1
688,cross/aligned,best_axis_oracle,1,0
688,cross/aligned,every_k2,0,3
688,cross/aligned,adwin,0,0
688,cross/aligned,mcusum,0,0
688,cross/aligned,sketch1,0,0
689,cross/aligned,always_multiD,0,5
689,cross/aligned,union4_bonf,1,0
689,cross/aligned,dci_v3,1,0
689,cross/aligned,dci_v3_a8,1,1
689,cross/aligned,best_axis_oracle,1,0
689,cross/aligned,every_k2,0,3
689,cross/aligned,adwin,0,0
689,cross/aligned,mcusum,0,0
689,cross/aligned,sketch1,0,0
690,cross/aligned,always_multiD,1,10
690,cross/aligned,union4_bonf,0,9
690,cross/aligned,dci_v3,0,9
690,cross/aligned,dci_v3_a8,0,9
690,cross/aligned,best_axis_oracle,1,10
690,cross/aligned,every_k2,0,5
690,cross/aligned,adwin,0,0
690,cross/aligned,mcusum,0,2
690,cross/aligned,sketch1,1,10
691,cross/aligned,always_multiD,0,10
691,cross/aligned,union4_bonf,0,7
691,cross/aligned,dci_v3,0,7
691,cross/aligned,dci_v3_a8,0,8
691,cross/aligned,best_axis_oracle,0,0
691,cross/aligned,every_k2,0,3
691,cross/aligned,adwin,0,0
691,cross/aligned,mcusum,0,1
691,cross/aligned,sketch1,0,4
692,cross/aligned,always_multiD,1,11
692,cross/aligned,union4_bonf,1,10
692,cross/aligned,dci_v3,1,10
692,cross/aligned,dci_v3_a8,1,10
692,cross/aligned,best_axis_oracle,1,11
692,cross/aligned,every_k2,1,5
692,cross/aligned,adwin,0,0
692,cross/aligned,mcusum,0,3
692,cross/aligned,sketch1,1,10
693,cross/aligned,always_multiD,0,5
693,cross/aligned,union4_bonf,0,5
693,cross/aligned,dci_v3,0,5
693,cross/aligned,dci_v3_a8,0,5
693,cross/aligned,best_axis_oracle,0,0
693,cross/aligned,every_k2,0,2
693,cross/aligned,adwin,0,0
693,cross/aligned,mcusum,0,0
693,cross/aligned,sketch1,0,4
694,cross/aligned,always_multiD,0,8
694,cross/aligned,union4_bonf,0,5
694,cross/aligned,dci_v3,0,5
694,cross/aligned,dci_v3_a8,0,5
694,cross/aligned,best_axis_oracle,0,0
694,cross/aligned,every_k2,0,5
694,cross/aligned,adwin,0,0
694,cross/aligned,mcusum,0,1
694,cross/aligned,sketch1,0,4
695,cross/aligned,always_multiD,0,0
695,cross/aligned,union4_bonf,1,0
695,cross/aligned,dci_v3,1,0
695,cross/aligned,dci_v3_a8,1,0
695,cross/aligned,best_axis_oracle,1,0
695,cross/aligned,every_k2,0,0
695,cross/aligned,adwin,0,0
695,cross/aligned,mcusum,0,0
695,cross/aligned,sketch1,0,0
696,cross/aligned,always_multiD,0,2
696,cross/aligned,union4_bonf,0,0
696,cross/aligned,dci_v3,0,0
696,cross/aligned,dci_v3_a8,0,1
696,cross/aligned,best_axis_oracle,1,11
696,cross/aligned,every_k2,0,2
696,cross/aligned,adwin,0,0
696,cross/aligned,mcusum,0,0
696,cross/aligned,sketch1,0,0
697,cross/aligned,always_multiD,0,0
697,cross/aligned,union4_bonf,0,0
697,cross/aligned,dci_v3,0,0
697,cross/aligned,dci_v3_a8,0,0
697,cross/aligned,best_axis_oracle,1,1
697,cross/aligned,every_k2,0,0
697,cross/aligned,adwin,0,0
697,cross/aligned,mcusum,0,0
697,cross/aligned,sketch1,0,0
698,cross/aligned,always_multiD,0,0
698,cross/aligned,union4_bonf,0,0
698,cross/aligned,dci_v3,0,0
698,cross/aligned,dci_v3_a8,0,0
698,cross/aligned,best_axis_oracle,0,0
698,cross/aligned,every_k2,0,0
698,cross/aligned,adwin,0,0
698,cross/aligned,mcusum,0,0
698,cross/aligned,sketch1,0,0
699,cross/aligned,always_multiD,0,1
699,cross/aligned,union4_bonf,1,2
699,cross/aligned,dci_v3,1,2
699,cross/aligned,dci_v3_a8,1,2
699,cross/aligned,best_axis_oracle,1,0
699,cross/aligned,every_k2,0,1
699,cross/aligned,adwin,0,0
699,cross/aligned,mcusum,0,0
699,cross/aligned,sketch1,0,1
700,cross/aligned,always_multiD,0,0
700,cross/aligned,union4_bonf,1,0
700,cross/aligned,dci_v3,1,0
700,cross/aligned,dci_v3_a8,1,0
700,cross/aligned,best_axis_oracle,1,0
700,cross/aligned,every_k2,0,0
700,cross/aligned,adwin,0,0
700,cross/aligned,mcusum,0,0
700,cross/aligned,sketch1,0,0
701,cross/aligned,always_multiD,0,8
701,cross/aligned,union4_bonf,0,5
701,cross/aligned,dci_v3,0,5
701,cross/aligned,dci_v3_a8,0,5
701,cross/aligned,best_axis_oracle,0,0
701,cross/aligned,every_k2,0,3
701,cross/aligned,adwin,0,0
701,cross/aligned,mcusum,0,1
701,cross/aligned,sketch1,0,4
702,cross/aligned,always_multiD,0,8
702,cross/aligned,union4_bonf,0,5
702,cross/aligned,dci_v3,0,5
702,cross/aligned,dci_v3_a8,0,5
702,cross/aligned,best_axis_oracle,0,0
702,cross/aligned,every_k2,0,3
702,cross/aligned,adwin,0,0
702,cross/aligned,mcusum,0,1
702,cross/aligned,sketch1,0,4
703,cross/aligned,always_multiD,0,0
703,cross/aligned,union4_bonf,0,0
703,cross/aligned,dci_v3,0,0
703,cross/aligned,dci_v3_a8,0,0
703,cross/aligned,best_axis_oracle,0,0
703,cross/aligned,every_k2,0,0
703,cross/aligned,adwin,0,0
703,cross/aligned,mcusum,0,0
703,cross/aligned,sketch1,0,0
704,cross/aligned,always_multiD,0,0
704,cross/aligned,union4_bonf,0,0
704,cross/aligned,dci_v3,0,0
704,cross/aligned,dci_v3_a8,0,0
704,cross/aligned,best_axis_oracle,0,0
704,cross/aligned,every_k2,0,0
704,cross/aligned,adwin,0,0
704,cross/aligned,mcusum,0,0
704,cross/aligned,sketch1,0,0
705,cross/aligned,always_multiD,0,0
705,cross/aligned,union4_bonf,0,0
705,cross/aligned,dci_v3,0,0
705,cross/aligned,dci_v3_a8,0,0
705,cross/aligned,best_axis_oracle,0,0
705,cross/aligned,every_k2,0,0
705,cross/aligned,adwin,0,0
705,cross/aligned,mcusum,0,0
705,cross/aligned,sketch1,0,0
706,cross/aligned,always_multiD,0,1
706,cross/aligned,union4_bonf,1,2
706,cross/aligned,dci_v3,1,2
706,cross/aligned,dci_v3_a8,1,2
706,cross/aligned,best_axis_oracle,1,0
706,cross/aligned,every_k2,0,0
706,cross/aligned,adwin,0,0
706,cross/aligned,mcusum,0,0
706,cross/aligned,sketch1,0,1
707,cross/aligned,always_multiD,0,2
707,cross/aligned,union4_bonf,1,1
707,cross/aligned,dci_v3,1,1
707,cross/aligned,dci_v3_a8,1,1
707,cross/aligned,best_axis_oracle,1,3
707,cross/aligned,every_k2,0,1
707,cross/aligned,adwin,0,0
707,cross/aligned,mcusum,0,0
707,cross/aligned,sketch1,0,0
708,cross/aligned,always_multiD,0,2
708,cross/aligned,union4_bonf,0,0
708,cross/aligned,dci_v3,0,0
708,cross/aligned,dci_v3_a8,0,1
708,cross/aligned,best_axis_oracle,1,1
708,cross/aligned,every_k2,0,1
708,cross/aligned,adwin,0,0
708,cross/aligned,mcusum,0,0
708,cross/aligned,sketch1,0,0
709,cross/aligned,always_multiD,0,1
709,cross/aligned,union4_bonf,1,2
709,cross/aligned,dci_v3,1,2
709,cross/aligned,dci_v3_a8,1,2
709,cross/aligned,best_axis_oracle,1,0
709,cross/aligned,every_k2,0,1
709,cross/aligned,adwin,0,0
709,cross/aligned,mcusum,0,0
709,cross/aligned,sketch1,0,1
710,cross/aligned,always_multiD,0,6
710,cross/aligned,union4_bonf,0,5
710,cross/aligned,dci_v3,0,5
710,cross/aligned,dci_v3_a8,0,5
710,cross/aligned,best_axis_oracle,0,0
710,cross/aligned,every_k2,0,2
710,cross/aligned,adwin,0,0
710,cross/aligned,mcusum,0,0
710,cross/aligned,sketch1,0,4
711,cross/aligned,always_multiD,0,2
711,cross/aligned,union4_bonf,0,0
711,cross/aligned,dci_v3,0,0
711,cross/aligned,dci_v3_a8,0,0
711,cross/aligned,best_axis_oracle,1,1
711,cross/aligned,every_k2,0,1
711,cross/aligned,adwin,0,0
711,cross/aligned,mcusum,0,0
711,cross/aligned,sketch1,0,0
712,cross/aligned,always_multiD,1,0
712,cross/aligned,union4_bonf,1,0
712,cross/aligned,dci_v3,1,0
712,cross/aligned,dci_v3_a8,1,0
712,cross/aligned,best_axis_oracle,1,0
712,cross/aligned,every_k2,0,0
712,cross/aligned,adwin,0,0
712,cross/aligned,mcusum,0,0
712,cross/aligned,sketch1,0,0
713,cross/aligned,always_multiD,0,6
713,cross/aligned,union4_bonf,0,5
713,cross/aligned,dci_v3,0,5
713,cross/aligned,dci_v3_a8,0,6
713,cross/aligned,best_axis_oracle,0,0
713,cross/aligned,every_k2,0,4
713,cross/aligned,adwin,0,0
713,cross/aligned,mcusum,0,0
713,cross/aligned,sketch1,0,4
714,cross/aligned,always_multiD,0,6
714,cross/aligned,union4_bonf,0,5
714,cross/aligned,dci_v3,0,5
714,cross/aligned,dci_v3_a8,0,5
714,cross/aligned,best_axis_oracle,0,0
714,cross/aligned,every_k2,0,4
714,cross/aligned,adwin,0,0
714,cross/aligned,mcusum,0,0
714,cross/aligned,sketch1,0,4
715,cross/aligned,always_multiD,0,0
715,cross/aligned,union4_bonf,0,0
715,cross/aligned,dci_v3,0,0
715,cross/aligned,dci_v3_a8,0,0
715,cross/aligned,best_axis_oracle,0,0
715,cross/aligned,every_k2,0,0
715,cross/aligned,adwin,0,0
715,cross/aligned,mcusum,0,0
715,cross/aligned,sketch1,0,0
716,cross/aligned,always_multiD,0,10
716,cross/aligned,union4_bonf,0,5
716,cross/aligned,dci_v3,0,5
716,cross/aligned,dci_v3_a8,0,6
716,cross/aligned,best_axis_oracle,1,11
716,cross/aligned,every_k2,0,6
716,cross/aligned,adwin,0,0
716,cross/aligned,mcusum,0,0
716,cross/aligned,sketch1,0,0
717,cross/aligned,always_multiD,0,0
717,cross/aligned,union4_bonf,0,0
717,cross/aligned,dci_v3,0,0
717,cross/aligned,dci_v3_a8,0,0
717,cross/aligned,best_axis_oracle,0,0
717,cross/aligned,every_k2,0,0
717,cross/aligned,adwin,0,0
717,cross/aligned,mcusum,0,0
717,cross/aligned,sketch1,0,0
718,cross/aligned,always_multiD,0,4
718,cross/aligned,union4_bonf,0,5
718,cross/aligned,dci_v3,0,5
718,cross/aligned,dci_v3_a8,0,4
718,cross/aligned,best_axis_oracle,0,0
718,cross/aligned,every_k2,0,3
718,cross/aligned,adwin,0,0
718,cross/aligned,mcusum,0,0
718,cross/aligned,sketch1,0,4
719,cross/aligned,always_multiD,1,7
719,cross/aligned,union4_bonf,1,1
719,cross/aligned,dci_v3,1,1
719,cross/aligned,dci_v3_a8,1,2
719,cross/aligned,best_axis_oracle,1,8
719,cross/aligned,every_k2,1,2
719,cross/aligned,adwin,0,0
719,cross/aligned,mcusum,0,0
719,cross/aligned,sketch1,0,0
720,cross/aligned,always_multiD,0,1
720,cross/aligned,union4_bonf,1,2
720,cross/aligned,dci_v3,1,2
720,cross/aligned,dci_v3_a8,1,2
720,cross/aligned,best_axis_oracle,1,0
720,cross/aligned,every_k2,0,0
720,cross/aligned,adwin,0,0
720,cross/aligned,mcusum,0,0
720,cross/aligned,sketch1,0,1
721,cross/aligned,always_multiD,0,1
721,cross/aligned,union4_bonf,1,2
721,cross/aligned,dci_v3,1,2
721,cross/aligned,dci_v3_a8,1,2
721,cross/aligned,best_axis_oracle,1,0
721,cross/aligned,every_k2,0,0
721,cross/aligned,adwin,0,0
721,cross/aligned,mcusum,0,0
721,cross/aligned,sketch1,0,1
722,cross/aligned,always_multiD,0,0
722,cross/aligned,union4_bonf,0,0
722,cross/aligned,dci_v3,0,0
722,cross/aligned,dci_v3_a8,0,0
722,cross/aligned,best_axis_oracle,0,0
722,cross/aligned,every_k2,0,0
722,cross/aligned,adwin,0,0
722,cross/aligned,mcusum,0,0
722,cross/aligned,sketch1,0,0
723,cross/aligned,always_multiD,0,4
723,cross/aligned,union4_bonf,0,5
723,cross/aligned,dci_v3,0,5
723,cross/aligned,dci_v3_a8,0,5
723,cross/aligned,best_axis_oracle,0,0
723,cross/aligned,every_k2,0,1
723,cross/aligned,adwin,0,0
723,cross/aligned,mcusum,0,0
723,cross/aligned,sketch1,0,4
724,cross/aligned,always_multiD,0,0
724,cross/aligned,union4_bonf,0,0
724,cross/aligned,dci_v3,0,0
724,cross/aligned,dci_v3_a8,0,0
724,cross/aligned,best_axis_oracle,0,0
724,cross/aligned,every_k2,0,0
724,cross/aligned,adwin,0,0
724,cross/aligned,mcusum,0,0
724,cross/aligned,sketch1,0,0
725,cross/aligned,always_multiD,0,0
725,cross/aligned,union4_bonf,1,0
725,cross/aligned,dci_v3,1,0
725,cross/aligned,dci_v3_a8,0,0
725,cross/aligned,best_axis_oracle,1,0
725,cross/aligned,every_k2,0,0
725,cross/aligned,adwin,0,0
725,cross/aligned,mcusum,0,0
725,cross/aligned,sketch1,0,0
726,cross/aligned,always_multiD,1,12
726,cross/aligned,union4_bonf,1,12
726,cross/aligned,dci_v3,1,12
726,cross/aligned,dci_v3_a8,1,12
726,cross/aligned,best_axis_oracle,1,1
726,cross/aligned,every_k2,1,5
726,cross/aligned,adwin,0,0
726,cross/aligned,mcusum,1,11
726,cross/aligned,sketch1,1,11
727,cross/aligned,always_multiD,1,11
727,cross/aligned,union4_bonf,1,11
727,cross/aligned,dci_v3,1,11
727,cross/aligned,dci_v3_a8,1,11
727,cross/aligned,best_axis_oracle,1,1
727,cross/aligned,every_k2,1,5
727,cross/aligned,adwin,0,0
727,cross/aligned,mcusum,1,11
727,cross/aligned,sketch1,1,11
728,cross/aligned,always_multiD,1,11
728,cross/aligned,union4_bonf,1,11
728,cross/aligned,dci_v3,1,11
728,cross/aligned,dci_v3_a8,1,11
728,cross/aligned,best_axis_oracle,1,0
728,cross/aligned,every_k2,1,5
728,cross/aligned,adwin,0,0
728,cross/aligned,mcusum,1,11
728,cross/aligned,sketch1,1,11
729,cross/aligned,always_multiD,1,9
729,cross/aligned,union4_bonf,1,9
729,cross/aligned,dci_v3,1,9
729,cross/aligned,dci_v3_a8,1,9
729,cross/aligned,best_axis_oracle,1,0
729,cross/aligned,every_k2,1,4
729,cross/aligned,adwin,0,0
729,cross/aligned,mcusum,1,9
729,cross/aligned,sketch1,1,9
730,cross/aligned,always_multiD,1,11
730,cross/aligned,union4_bonf,1,11
730,cross/aligned,dci_v3,1,11
730,cross/aligned,dci_v3_a8,1,11
730,cross/aligned,best_axis_oracle,1,0
730,cross/aligned,every_k2,1,5
730,cross/aligned,adwin,0,0
730,cross/aligned,mcusum,1,11
730,cross/aligned,sketch1,1,11
731,cross/aligned,always_multiD,1,11
731,cross/aligned,union4_bonf,1,11
731,cross/aligned,dci_v3,1,11
731,cross/aligned,dci_v3_a8,1,11
731,cross/aligned,best_axis_oracle,1,3
731,cross/aligned,every_k2,1,5
731,cross/aligned,adwin,0,0
731,cross/aligned,mcusum,1,11
731,cross/aligned,sketch1,1,11
732,cross/aligned,always_multiD,1,11
732,cross/aligned,union4_bonf,1,11
732,cross/aligned,dci_v3,1,11
732,cross/aligned,dci_v3_a8,1,11
732,cross/aligned,best_axis_oracle,1,6
732,cross/aligned,every_k2,1,5
732,cross/aligned,adwin,0,0
732,cross/aligned,mcusum,1,11
732,cross/aligned,sketch1,1,11
733,cross/aligned,always_multiD,1,10
733,cross/aligned,union4_bonf,1,10
733,cross/aligned,dci_v3,1,10
733,cross/aligned,dci_v3_a8,1,10
733,cross/aligned,best_axis_oracle,1,0
733,cross/aligned,every_k2,1,5
733,cross/aligned,adwin,0,0
733,cross/aligned,mcusum,1,10
733,cross/aligned,sketch1,1,10
734,cross/aligned,always_multiD,1,11
734,cross/aligned,union4_bonf,1,11
734,cross/aligned,dci_v3,1,11
734,cross/aligned,dci_v3_a8,1,11
734,cross/aligned,best_axis_oracle,1,0
734,cross/aligned,every_k2,0,6
734,cross/aligned,adwin,0,0
734,cross/aligned,mcusum,1,11
734,cross/aligned,sketch1,1,11
735,cross/aligned,always_multiD,1,12
735,cross/aligned,union4_bonf,1,12
735,cross/aligned,dci_v3,1,12
735,cross/aligned,dci_v3_a8,1,12
735,cross/aligned,best_axis_oracle,1,1
735,cross/aligned,every_k2,0,7
735,cross/aligned,adwin,0,0
735,cross/aligned,mcusum,1,11
735,cross/aligned,sketch1,1,11
736,cross/aligned,always_multiD,1,11
736,cross/aligned,union4_bonf,1,11
736,cross/aligned,dci_v3,1,11
736,cross/aligned,dci_v3_a8,1,11
736,cross/aligned,best_axis_oracle,1,1
736,cross/aligned,every_k2,1,5
736,cross/aligned,adwin,0,0
736,cross/aligned,mcusum,1,11
736,cross/aligned,sketch1,1,11
737,cross/aligned,always_multiD,1,11
737,cross/aligned,union4_bonf,1,11
737,cross/aligned,dci_v3,1,11
737,cross/aligned,dci_v3_a8,1,11
737,cross/aligned,best_axis_oracle,1,9
737,cross/aligned,every_k2,1,5
737,cross/aligned,adwin,0,0
737,cross/aligned,mcusum,1,11
737,cross/aligned,sketch1,1,11
738,cross/aligned,always_multiD,1,11
738,cross/aligned,union4_bonf,1,11
738,cross/aligned,dci_v3,1,11
738,cross/aligned,dci_v3_a8,1,11
738,cross/aligned,best_axis_oracle,1,0
738,cross/aligned,every_k2,0,6
738,cross/aligned,adwin,0,0
738,cross/aligned,mcusum,1,11
738,cross/aligned,sketch1,1,11
739,cross/aligned,always_multiD,1,12
739,cross/aligned,union4_bonf,1,12
739,cross/aligned,dci_v3,1,12
739,cross/aligned,dci_v3_a8,1,12
739,cross/aligned,best_axis_oracle,1,1
739,cross/aligned,every_k2,0,7
739,cross/aligned,adwin,0,0
739,cross/aligned,mcusum,1,11
739,cross/aligned,sketch1,1,11
740,cross/aligned,always_multiD,1,12
740,cross/aligned,union4_bonf,1,12
740,cross/aligned,dci_v3,1,12
740,cross/aligned,dci_v3_a8,1,12
740,cross/aligned,best_axis_oracle,1,11
740,cross/aligned,every_k2,1,5
740,cross/aligned,adwin,0,0
740,cross/aligned,mcusum,1,11
740,cross/aligned,sketch1,1,11
741,cross/aligned,always_multiD,1,11
741,cross/aligned,union4_bonf,1,11
741,cross/aligned,dci_v3,1,11
741,cross/aligned,dci_v3_a8,1,11
741,cross/aligned,best_axis_oracle,1,11
741,cross/aligned,every_k2,1,5
741,cross/aligned,adwin,0,0
741,cross/aligned,mcusum,1,11
741,cross/aligned,sketch1,1,11
742,cross/aligned,always_multiD,1,12
742,cross/aligned,union4_bonf,1,12
742,cross/aligned,dci_v3,1,12
742,cross/aligned,dci_v3_a8,1,12
742,cross/aligned,best_axis_oracle,1,1
742,cross/aligned,every_k2,1,5
742,cross/aligned,adwin,0,0
742,cross/aligned,mcusum,1,11
742,cross/aligned,sketch1,1,11
743,cross/aligned,always_multiD,1,11
743,cross/aligned,union4_bonf,1,11
743,cross/aligned,dci_v3,1,11
743,cross/aligned,dci_v3_a8,1,11
743,cross/aligned,best_axis_oracle,1,11
743,cross/aligned,every_k2,1,5
743,cross/aligned,adwin,0,0
743,cross/aligned,mcusum,1,11
743,cross/aligned,sketch1,1,11
744,cross/aligned,always_multiD,1,11
744,cross/aligned,union4_bonf,1,11
744,cross/aligned,dci_v3,1,11
744,cross/aligned,dci_v3_a8,1,11
744,cross/aligned,best_axis_oracle,1,7
744,cross/aligned,every_k2,0,6
744,cross/aligned,adwin,0,0
744,cross/aligned,mcusum,1,11
744,cross/aligned,sketch1,1,11
745,cross/aligned,always_multiD,1,11
745,cross/aligned,union4_bonf,1,11
745,cross/aligned,dci_v3,1,11
745,cross/aligned,dci_v3_a8,1,11
745,cross/aligned,best_axis_oracle,1,1
745,cross/aligned,every_k2,1,5
745,cross/aligned,adwin,0,0
745,cross/aligned,mcusum,1,11
745,cross/aligned,sketch1,1,11
746,cross/aligned,always_multiD,1,12
746,cross/aligned,union4_bonf,1,12
746,cross/aligned,dci_v3,1,12
746,cross/aligned,dci_v3_a8,1,12
746,cross/aligned,best_axis_oracle,1,1
746,cross/aligned,every_k2,1,5
746,cross/aligned,adwin,0,0
746,cross/aligned,mcusum,1,11
746,cross/aligned,sketch1,1,11
747,cross/aligned,always_multiD,1,11
747,cross/aligned,union4_bonf,1,11
747,cross/aligned,dci_v3,1,11
747,cross/aligned,dci_v3_a8,1,11
747,cross/aligned,best_axis_oracle,1,2
747,cross/aligned,every_k2,0,6
747,cross/aligned,adwin,0,0
747,cross/aligned,mcusum,1,11
747,cross/aligned,sketch1,1,11
748,cross/aligned,always_multiD,1,11
748,cross/aligned,union4_bonf,1,11
748,cross/aligned,dci_v3,1,11
748,cross/aligned,dci_v3_a8,1,11
748,cross/aligned,best_axis_oracle,1,11
748,cross/aligned,every_k2,0,6
748,cross/aligned,adwin,0,0
748,cross/aligned,mcusum,1,11
748,cross/aligned,sketch1,1,11
749,cross/aligned,always_multiD,1,11
749,cross/aligned,union4_bonf,1,11
749,cross/aligned,dci_v3,1,11
749,cross/aligned,dci_v3_a8,1,11
749,cross/aligned,best_axis_oracle,1,10
749,cross/aligned,every_k2,0,6
749,cross/aligned,adwin,0,0
749,cross/aligned,mcusum,1,11
749,cross/aligned,sketch1,1,11
750,cross/aligned,always_multiD,1,12
750,cross/aligned,union4_bonf,1,12
750,cross/aligned,dci_v3,1,12
750,cross/aligned,dci_v3_a8,1,12
750,cross/aligned,best_axis_oracle,1,11
750,cross/aligned,every_k2,1,5
750,cross/aligned,adwin,0,0
750,cross/aligned,mcusum,1,11
750,cross/aligned,sketch1,1,11
751,cross/aligned,always_multiD,1,12
751,cross/aligned,union4_bonf,1,12
751,cross/aligned,dci_v3,1,12
751,cross/aligned,dci_v3_a8,1,12
751,cross/aligned,best_axis_oracle,1,10
751,cross/aligned,every_k2,0,7
751,cross/aligned,adwin,0,0
751,cross/aligned,mcusum,1,11
751,cross/aligned,sketch1,1,11
752,cross/aligned,always_multiD,1,11
752,cross/aligned,union4_bonf,1,11
752,cross/aligned,dci_v3,1,11
752,cross/aligned,dci_v3_a8,1,11
752,cross/aligned,best_axis_oracle,1,11
752,cross/aligned,every_k2,0,6
752,cross/aligned,adwin,0,0
752,cross/aligned,mcusum,1,11
752,cross/aligned,sketch1,1,11
753,cross/aligned,always_multiD,1,11
753,cross/aligned,union4_bonf,1,11
753,cross/aligned,dci_v3,1,11
753,cross/aligned,dci_v3_a8,1,11
753,cross/aligned,best_axis_oracle,1,11
753,cross/aligned,every_k2,0,6
753,cross/aligned,adwin,0,0
753,cross/aligned,mcusum,1,11
753,cross/aligned,sketch1,1,11
754,cross/aligned,always_multiD,1,11
754,cross/aligned,union4_bonf,1,11
754,cross/aligned,dci_v3,1,11
754,cross/aligned,dci_v3_a8,1,11
754,cross/aligned,best_axis_oracle,1,11
754,cross/aligned,every_k2,1,5
754,cross/aligned,adwin,0,0
754,cross/aligned,mcusum,1,11
754,cross/aligned,sketch1,1,11
755,cross/aligned,always_multiD,1,11
755,cross/aligned,union4_bonf,1,11
755,cross/aligned,dci_v3,1,11
755,cross/aligned,dci_v3_a8,1,11
755,cross/aligned,best_axis_oracle,1,11
755,cross/aligned,every_k2,1,5
755,cross/aligned,adwin,0,0
755,cross/aligned,mcusum,1,11
755,cross/aligned,sketch1,1,11
756,cross/aligned,always_multiD,1,11
756,cross/aligned,union4_bonf,1,11
756,cross/aligned,dci_v3,1,11
756,cross/aligned,dci_v3_a8,1,11
756,cross/aligned,best_axis_oracle,1,11
756,cross/aligned,every_k2,0,6
756,cross/aligned,adwin,0,0
756,cross/aligned,mcusum,1,11
756,cross/aligned,sketch1,1,11
757,cross/aligned,always_multiD,1,11
757,cross/aligned,union4_bonf,1,11
757,cross/aligned,dci_v3,1,11
757,cross/aligned,dci_v3_a8,1,11
757,cross/aligned,best_axis_oracle,1,10
757,cross/aligned,every_k2,0,6
757,cross/aligned,adwin,0,0
757,cross/aligned,mcusum,1,11
757,cross/aligned,sketch1,1,11
758,cross/aligned,always_multiD,1,12
758,cross/aligned,union4_bonf,1,12
758,cross/aligned,dci_v3,1,12
758,cross/aligned,dci_v3_a8,1,12
758,cross/aligned,best_axis_oracle,1,10
758,cross/aligned,every_k2,1,5
758,cross/aligned,adwin,0,0
758,cross/aligned,mcusum,1,11
758,cross/aligned,sketch1,1,11
759,cross/aligned,always_multiD,1,11
759,cross/aligned,union4_bonf,1,11
759,cross/aligned,dci_v3,1,11
759,cross/aligned,dci_v3_a8,1,11
759,cross/aligned,best_axis_oracle,1,11
759,cross/aligned,every_k2,0,6
759,cross/aligned,adwin,0,0
759,cross/aligned,mcusum,1,11
759,cross/aligned,sketch1,1,11
760,cross/aligned,always_multiD,1,11
760,cross/aligned,union4_bonf,1,11
760,cross/aligned,dci_v3,1,11
760,cross/aligned,dci_v3_a8,1,11
760,cross/aligned,best_axis_oracle,1,11
760,cross/aligned,every_k2,1,5
760,cross/aligned,adwin,0,0
760,cross/aligned,mcusum,1,11
760,cross/aligned,sketch1,1,11
761,cross/aligned,always_multiD,1,12
761,cross/aligned,union4_bonf,1,12
761,cross/aligned,dci_v3,1,12
761,cross/aligned,dci_v3_a8,1,12
761,cross/aligned,best_axis_oracle,1,1
761,cross/aligned,every_k2,0,7
761,cross/aligned,adwin,0,0
761,cross/aligned,mcusum,1,11
761,cross/aligned,sketch1,1,11
762,cross/aligned,always_multiD,1,11
762,cross/aligned,union4_bonf,1,11
762,cross/aligned,dci_v3,1,11
762,cross/aligned,dci_v3_a8,1,11
762,cross/aligned,best_axis_oracle,1,11
762,cross/aligned,every_k2,1,5
762,cross/aligned,adwin,0,0
762,cross/aligned,mcusum,1,11
762,cross/aligned,sketch1,1,11
763,cross/aligned,always_multiD,1,11
763,cross/aligned,union4_bonf,1,11
763,cross/aligned,dci_v3,1,11
763,cross/aligned,dci_v3_a8,1,11
763,cross/aligned,best_axis_oracle,1,11
763,cross/aligned,every_k2,0,6
763,cross/aligned,adwin,0,0
763,cross/aligned,mcusum,1,11
763,cross/aligned,sketch1,1,11
764,cross/aligned,always_multiD,1,12
764,cross/aligned,union4_bonf,1,12
764,cross/aligned,dci_v3,1,12
764,cross/aligned,dci_v3_a8,1,12
764,cross/aligned,best_axis_oracle,1,11
764,cross/aligned,every_k2,1,5
764,cross/aligned,adwin,0,0
764,cross/aligned,mcusum,1,11
764,cross/aligned,sketch1,1,11
765,cross/aligned,always_multiD,1,12
765,cross/aligned,union4_bonf,1,12
765,cross/aligned,dci_v3,1,12
765,cross/aligned,dci_v3_a8,1,12
765,cross/aligned,best_axis_oracle,1,1
765,cross/aligned,every_k2,0,7
765,cross/aligned,adwin,0,0
765,cross/aligned,mcusum,1,11
765,cross/aligned,sketch1,1,11
766,cross/aligned,always_multiD,1,12
766,cross/aligned,union4_bonf,1,12
766,cross/aligned,dci_v3,1,12
766,cross/aligned,dci_v3_a8,1,12
766,cross/aligned,best_axis_oracle,1,11
766,cross/aligned,every_k2,0,7
766,cross/aligned,adwin,0,0
766,cross/aligned,mcusum,1,11
766,cross/aligned,sketch1,1,11
767,cross/aligned,always_multiD,1,11
767,cross/aligned,union4_bonf,1,11
767,cross/aligned,dci_v3,1,11
767,cross/aligned,dci_v3_a8,1,11
767,cross/aligned,best_axis_oracle,1,11
767,cross/aligned,every_k2,1,5
767,cross/aligned,adwin,0,0
767,cross/aligned,mcusum,1,11
767,cross/aligned,sketch1,1,11
768,cross/aligned,always_multiD,1,12
768,cross/aligned,union4_bonf,1,12
768,cross/aligned,dci_v3,1,12
768,cross/aligned,dci_v3_a8,1,12
768,cross/aligned,best_axis_oracle,1,11
768,cross/aligned,every_k2,0,7
768,cross/aligned,adwin,0,0
768,cross/aligned,mcusum,1,11
768,cross/aligned,sketch1,1,11
769,cross/aligned,always_multiD,1,12
769,cross/aligned,union4_bonf,1,12
769,cross/aligned,dci_v3,1,12
769,cross/aligned,dci_v3_a8,1,12
769,cross/aligned,best_axis_oracle,1,11
769,cross/aligned,every_k2,1,5
769,cross/aligned,adwin,0,0
769,cross/aligned,mcusum,1,11
769,cross/aligned,sketch1,1,11
770,cross/aligned,always_multiD,1,11
770,cross/aligned,union4_bonf,1,11
770,cross/aligned,dci_v3,1,11
770,cross/aligned,dci_v3_a8,1,11
770,cross/aligned,best_axis_oracle,1,6
770,cross/aligned,every_k2,0,6
770,cross/aligned,adwin,0,0
770,cross/aligned,mcusum,1,11
770,cross/aligned,sketch1,1,11
771,cross/aligned,always_multiD,1,11
771,cross/aligned,union4_bonf,1,11
771,cross/aligned,dci_v3,1,11
771,cross/aligned,dci_v3_a8,1,11
771,cross/aligned,best_axis_oracle,1,7
771,cross/aligned,every_k2,1,5
771,cross/aligned,adwin,0,0
771,cross/aligned,mcusum,1,11
771,cross/aligned,sketch1,1,11
772,cross/aligned,always_multiD,1,11
772,cross/aligned,union4_bonf,1,11
772,cross/aligned,dci_v3,1,11
772,cross/aligned,dci_v3_a8,1,11
772,cross/aligned,best_axis_oracle,1,8
772,cross/aligned,every_k2,1,5
772,cross/aligned,adwin,0,0
772,cross/aligned,mcusum,1,11
772,cross/aligned,sketch1,1,11
773,cross/aligned,always_multiD,1,11
773,cross/aligned,union4_bonf,1,11
773,cross/aligned,dci_v3,1,11
773,cross/aligned,dci_v3_a8,1,11
773,cross/aligned,best_axis_oracle,1,7
773,cross/aligned,every_k2,0,6
773,cross/aligned,adwin,0,0
773,cross/aligned,mcusum,1,11
773,cross/aligned,sketch1,1,11
774,cross/aligned,always_multiD,1,12
774,cross/aligned,union4_bonf,1,12
774,cross/aligned,dci_v3,1,12
774,cross/aligned,dci_v3_a8,1,12
774,cross/aligned,best_axis_oracle,1,7
774,cross/aligned,every_k2,1,5
774,cross/aligned,adwin,0,0
774,cross/aligned,mcusum,1,11
774,cross/aligned,sketch1,1,11
775,cross/aligned,always_multiD,1,11
775,cross/aligned,union4_bonf,1,11
775,cross/aligned,dci_v3,1,11
775,cross/aligned,dci_v3_a8,1,11
775,cross/aligned,best_axis_oracle,1,7
775,cross/aligned,every_k2,0,6
775,cross/aligned,adwin,0,0
775,cross/aligned,mcusum,1,11
775,cross/aligned,sketch1,1,11
776,cross/aligned,always_multiD,1,11
776,cross/aligned,union4_bonf,1,11
776,cross/aligned,dci_v3,1,11
776,cross/aligned,dci_v3_a8,1,11
776,cross/aligned,best_axis_oracle,1,7
776,cross/aligned,every_k2,1,5
776,cross/aligned,adwin,0,0
776,cross/aligned,mcusum,1,11
776,cross/aligned,sketch1,1,11
777,cross/aligned,always_multiD,1,11
777,cross/aligned,union4_bonf,1,11
777,cross/aligned,dci_v3,1,11
777,cross/aligned,dci_v3_a8,1,11
777,cross/aligned,best_axis_oracle,1,5
777,cross/aligned,every_k2,1,5
777,cross/aligned,adwin,0,0
777,cross/aligned,mcusum,1,11
777,cross/aligned,sketch1,1,11
778,cross/aligned,always_multiD,1,12
778,cross/aligned,union4_bonf,1,12
778,cross/aligned,dci_v3,1,12
778,cross/aligned,dci_v3_a8,1,12
778,cross/aligned,best_axis_oracle,1,9
778,cross/aligned,every_k2,0,7
778,cross/aligned,adwin,0,0
778,cross/aligned,mcusum,1,11
778,cross/aligned,sketch1,1,11
779,cross/aligned,always_multiD,1,11
779,cross/aligned,union4_bonf,1,11
779,cross/aligned,dci_v3,1,11
779,cross/aligned,dci_v3_a8,1,11
779,cross/aligned,best_axis_oracle,1,10
779,cross/aligned,every_k2,0,6
779,cross/aligned,adwin,0,0
779,cross/aligned,mcusum,1,11
779,cross/aligned,sketch1,1,11
780,cross/aligned,always_multiD,1,11
780,cross/aligned,union4_bonf,1,11
780,cross/aligned,dci_v3,1,11
780,cross/aligned,dci_v3_a8,1,11
780,cross/aligned,best_axis_oracle,1,8
780,cross/aligned,every_k2,1,5
780,cross/aligned,adwin,0,0
780,cross/aligned,mcusum,1,11
780,cross/aligned,sketch1,1,11
781,cross/aligned,always_multiD,1,11
781,cross/aligned,union4_bonf,1,11
781,cross/aligned,dci_v3,1,11
781,cross/aligned,dci_v3_a8,1,11
781,cross/aligned,best_axis_oracle,1,1
781,cross/aligned,every_k2,0,6
781,cross/aligned,adwin,0,0
781,cross/aligned,mcusum,1,11
781,cross/aligned,sketch1,1,11
782,cross/aligned,always_multiD,1,10
782,cross/aligned,union4_bonf,1,10
782,cross/aligned,dci_v3,1,10
782,cross/aligned,dci_v3_a8,1,10
782,cross/aligned,best_axis_oracle,1,3
782,cross/aligned,every_k2,1,4
782,cross/aligned,adwin,0,0
782,cross/aligned,mcusum,1,10
782,cross/aligned,sketch1,1,10
783,cross/aligned,always_multiD,1,11
783,cross/aligned,union4_bonf,1,11
783,cross/aligned,dci_v3,1,11
783,cross/aligned,dci_v3_a8,1,11
783,cross/aligned,best_axis_oracle,1,0
783,cross/aligned,every_k2,1,5
783,cross/aligned,adwin,0,0
783,cross/aligned,mcusum,1,11
783,cross/aligned,sketch1,1,11
784,cross/aligned,always_multiD,1,9
784,cross/aligned,union4_bonf,1,9
784,cross/aligned,dci_v3,1,9
784,cross/aligned,dci_v3_a8,1,9
784,cross/aligned,best_axis_oracle,1,0
784,cross/aligned,every_k2,1,4
784,cross/aligned,adwin,0,0
784,cross/aligned,mcusum,1,9
784,cross/aligned,sketch1,1,9
785,cross/aligned,always_multiD,1,12
785,cross/aligned,union4_bonf,1,12
785,cross/aligned,dci_v3,1,12
785,cross/aligned,dci_v3_a8,1,12
785,cross/aligned,best_axis_oracle,1,1
785,cross/aligned,every_k2,0,7
785,cross/aligned,adwin,0,0
785,cross/aligned,mcusum,1,11
785,cross/aligned,sketch1,1,11
786,cross/aligned,always_multiD,1,11
786,cross/aligned,union4_bonf,1,11
786,cross/aligned,dci_v3,1,11
786,cross/aligned,dci_v3_a8,1,11
786,cross/aligned,best_axis_oracle,1,11
786,cross/aligned,every_k2,0,6
786,cross/aligned,adwin,0,0
786,cross/aligned,mcusum,1,11
786,cross/aligned,sketch1,1,11
787,cross/aligned,always_multiD,1,10
787,cross/aligned,union4_bonf,1,10
787,cross/aligned,dci_v3,1,10
787,cross/aligned,dci_v3_a8,1,10
787,cross/aligned,best_axis_oracle,1,1
787,cross/aligned,every_k2,0,6
787,cross/aligned,adwin,0,0
787,cross/aligned,mcusum,1,9
787,cross/aligned,sketch1,1,9
788,cross/aligned,always_multiD,1,10
788,cross/aligned,union4_bonf,1,10
788,cross/aligned,dci_v3,1,10
788,cross/aligned,dci_v3_a8,1,10
788,cross/aligned,best_axis_oracle,1,1
788,cross/aligned,every_k2,0,5
788,cross/aligned,adwin,0,0
788,cross/aligned,mcusum,1,10
788,cross/aligned,sketch1,1,10
789,cross/aligned,always_multiD,1,10
789,cross/aligned,union4_bonf,1,10
789,cross/aligned,dci_v3,1,10
789,cross/aligned,dci_v3_a8,1,10
789,cross/aligned,best_axis_oracle,1,1
789,cross/aligned,every_k2,1,4
789,cross/aligned,adwin,0,0
789,cross/aligned,mcusum,1,10
789,cross/aligned,sketch1,1,10
790,cross/aligned,always_multiD,1,10
790,cross/aligned,union4_bonf,1,10
790,cross/aligned,dci_v3,1,10
790,cross/aligned,dci_v3_a8,1,10
790,cross/aligned,best_axis_oracle,1,3
790,cross/aligned,every_k2,0,6
790,cross/aligned,adwin,0,0
790,cross/aligned,mcusum,1,10
790,cross/aligned,sketch1,1,10
791,cross/aligned,always_multiD,1,11
791,cross/aligned,union4_bonf,1,11
791,cross/aligned,dci_v3,1,11
791,cross/aligned,dci_v3_a8,1,11
791,cross/aligned,best_axis_oracle,1,11
791,cross/aligned,every_k2,1,5
791,cross/aligned,adwin,0,0
791,cross/aligned,mcusum,1,11
791,cross/aligned,sketch1,1,11
792,cross/aligned,always_multiD,1,11
792,cross/aligned,union4_bonf,1,11
792,cross/aligned,dci_v3,1,11
792,cross/aligned,dci_v3_a8,1,11
792,cross/aligned,best_axis_oracle,1,11
792,cross/aligned,every_k2,0,6
792,cross/aligned,adwin,0,0
792,cross/aligned,mcusum,1,11
792,cross/aligned,sketch1,1,11
793,cross/aligned,always_multiD,1,11
793,cross/aligned,union4_bonf,1,11
793,cross/aligned,dci_v3,1,11
793,cross/aligned,dci_v3_a8,1,11
793,cross/aligned,best_axis_oracle,1,11
793,cross/aligned,every_k2,1,5
793,cross/aligned,adwin,0,0
793,cross/aligned,mcusum,1,11
793,cross/aligned,sketch1,1,11
794,cross/aligned,always_multiD,1,11
794,cross/aligned,union4_bonf,1,11
794,cross/aligned,dci_v3,1,11
794,cross/aligned,dci_v3_a8,1,11
794,cross/aligned,best_axis_oracle,1,0
794,cross/aligned,every_k2,1,5
794,cross/aligned,adwin,0,0
794,cross/aligned,mcusum,1,11
794,cross/aligned,sketch1,1,11
795,cross/aligned,always_multiD,1,11
795,cross/aligned,union4_bonf,1,11
795,cross/aligned,dci_v3,1,11
795,cross/aligned,dci_v3_a8,1,11
795,cross/aligned,best_axis_oracle,1,6
795,cross/aligned,every_k2,1,5
795,cross/aligned,adwin,0,0
795,cross/aligned,mcusum,1,11
795,cross/aligned,sketch1,1,11
796,cross/aligned,always_multiD,1,11
796,cross/aligned,union4_bonf,1,11
796,cross/aligned,dci_v3,1,11
796,cross/aligned,dci_v3_a8,1,11
796,cross/aligned,best_axis_oracle,1,3
796,cross/aligned,every_k2,0,6
796,cross/aligned,adwin,0,0
796,cross/aligned,mcusum,1,11
796,cross/aligned,sketch1,1,11
797,cross/aligned,always_multiD,1,11
797,cross/aligned,union4_bonf,1,11
797,cross/aligned,dci_v3,1,11
797,cross/aligned,dci_v3_a8,1,11
797,cross/aligned,best_axis_oracle,1,0
797,cross/aligned,every_k2,0,6
797,cross/aligned,adwin,0,0
797,cross/aligned,mcusum,1,11
797,cross/aligned,sketch1,1,11
798,cross/aligned,always_multiD,1,11
798,cross/aligned,union4_bonf,1,11
798,cross/aligned,dci_v3,1,11
798,cross/aligned,dci_v3_a8,1,11
798,cross/aligned,best_axis_oracle,1,11
798,cross/aligned,every_k2,1,5
798,cross/aligned,adwin,0,0
798,cross/aligned,mcusum,1,11
798,cross/aligned,sketch1,1,11
799,cross/aligned,always_multiD,1,11
799,cross/aligned,union4_bonf,1,11
799,cross/aligned,dci_v3,1,11
799,cross/aligned,dci_v3_a8,1,11
799,cross/aligned,best_axis_oracle,1,6
799,cross/aligned,every_k2,1,5
799,cross/aligned,adwin,0,0
799,cross/aligned,mcusum,1,11
799,cross/aligned,sketch1,1,11
800,cross/aligned,always_multiD,1,11
800,cross/aligned,union4_bonf,1,11
800,cross/aligned,dci_v3,1,11
800,cross/aligned,dci_v3_a8,1,11
800,cross/aligned,best_axis_oracle,1,10
800,cross/aligned,every_k2,0,6
800,cross/aligned,adwin,0,0
800,cross/aligned,mcusum,1,11
800,cross/aligned,sketch1,1,11
801,cross/aligned,always_multiD,1,11
801,cross/aligned,union4_bonf,1,11
801,cross/aligned,dci_v3,1,11
801,cross/aligned,dci_v3_a8,1,11
801,cross/aligned,best_axis_oracle,1,11
801,cross/aligned,every_k2,1,5
801,cross/aligned,adwin,0,0
801,cross/aligned,mcusum,1,11
801,cross/aligned,sketch1,1,11
802,cross/aligned,always_multiD,1,12
802,cross/aligned,union4_bonf,1,12
802,cross/aligned,dci_v3,1,12
802,cross/aligned,dci_v3_a8,1,12
802,cross/aligned,best_axis_oracle,1,2
802,cross/aligned,every_k2,0,7
802,cross/aligned,adwin,0,0
802,cross/aligned,mcusum,1,11
802,cross/aligned,sketch1,1,11
803,cross/aligned,always_multiD,1,11
803,cross/aligned,union4_bonf,1,11
803,cross/aligned,dci_v3,1,11
803,cross/aligned,dci_v3_a8,1,11
803,cross/aligned,best_axis_oracle,1,1
803,cross/aligned,every_k2,1,5
803,cross/aligned,adwin,0,0
803,cross/aligned,mcusum,1,11
803,cross/aligned,sketch1,1,11
804,cross/aligned,always_multiD,1,12
804,cross/aligned,union4_bonf,1,12
804,cross/aligned,dci_v3,1,12
804,cross/aligned,dci_v3_a8,1,12
804,cross/aligned,best_axis_oracle,1,4
804,cross/aligned,every_k2,0,7
804,cross/aligned,adwin,0,0
804,cross/aligned,mcusum,1,11
804,cross/aligned,sketch1,1,11
805,cross/aligned,always_multiD,1,11
805,cross/aligned,union4_bonf,1,11
805,cross/aligned,dci_v3,1,11
805,cross/aligned,dci_v3_a8,1,11
805,cross/aligned,best_axis_oracle,1,0
805,cross/aligned,every_k2,1,5
805,cross/aligned,adwin,0,0
805,cross/aligned,mcusum,1,11
805,cross/aligned,sketch1,1,11
806,cross/aligned,always_multiD,1,11
806,cross/aligned,union4_bonf,1,11
806,cross/aligned,dci_v3,1,11
806,cross/aligned,dci_v3_a8,1,11
806,cross/aligned,best_axis_oracle,1,1
806,cross/aligned,every_k2,0,6
806,cross/aligned,adwin,0,0
806,cross/aligned,mcusum,1,11
806,cross/aligned,sketch1,1,11
807,cross/aligned,always_multiD,1,11
807,cross/aligned,union4_bonf,1,11
807,cross/aligned,dci_v3,1,11
807,cross/aligned,dci_v3_a8,1,11
807,cross/aligned,best_axis_oracle,1,0
807,cross/aligned,every_k2,1,5
807,cross/aligned,adwin,0,0
807,cross/aligned,mcusum,1,11
807,cross/aligned,sketch1,1,11
808,cross/aligned,always_multiD,1,12
808,cross/aligned,union4_bonf,1,12
808,cross/aligned,dci_v3,1,12
808,cross/aligned,dci_v3_a8,1,12
808,cross/aligned,best_axis_oracle,1,1
808,cross/aligned,every_k2,0,7
808,cross/aligned,adwin,0,0
808,cross/aligned,mcusum,1,11
808,cross/aligned,sketch1,1,11
809,cross/aligned,always_multiD,1,11
809,cross/aligned,union4_bonf,1,11
809,cross/aligned,dci_v3,1,11
809,cross/aligned,dci_v3_a8,1,11
809,cross/aligned,best_axis_oracle,1,3
809,cross/aligned,every_k2,1,5
809,cross/aligned,adwin,0,0
809,cross/aligned,mcusum,1,11
809,cross/aligned,sketch1,1,11
810,cross/aligned,always_multiD,1,11
810,cross/aligned,union4_bonf,1,11
810,cross/aligned,dci_v3,1,11
810,cross/aligned,dci_v3_a8,1,11
810,cross/aligned,best_axis_oracle,1,0
810,cross/aligned,every_k2,0,6
810,cross/aligned,adwin,0,0
810,cross/aligned,mcusum,1,11
810,cross/aligned,sketch1,1,11
811,cross/aligned,always_multiD,1,11
811,cross/aligned,union4_bonf,1,11
811,cross/aligned,dci_v3,1,11
811,cross/aligned,dci_v3_a8,1,11
811,cross/aligned,best_axis_oracle,1,3
811,cross/aligned,every_k2,1,5
811,cross/aligned,adwin,0,0
811,cross/aligned,mcusum,1,11
811,cross/aligned,sketch1,1,11
812,cross/aligned,always_multiD,1,11
812,cross/aligned,union4_bonf,1,11
812,cross/aligned,dci_v3,1,11
812,cross/aligned,dci_v3_a8,1,11
812,cross/aligned,best_axis_oracle,1,3
812,cross/aligned,every_k2,0,6
812,cross/aligned,adwin,0,0
812,cross/aligned,mcusum,1,11
812,cross/aligned,sketch1,1,11
813,cross/aligned,always_multiD,1,11
813,cross/aligned,union4_bonf,1,11
813,cross/aligned,dci_v3,1,11
813,cross/aligned,dci_v3_a8,1,11
813,cross/aligned,best_axis_oracle,1,0
813,cross/aligned,every_k2,1,5
813,cross/aligned,adwin,0,0
813,cross/aligned,mcusum,1,11
813,cross/aligned,sketch1,1,11
814,cross/aligned,always_multiD,1,11
814,cross/aligned,union4_bonf,1,11
814,cross/aligned,dci_v3,1,11
814,cross/aligned,dci_v3_a8,1,11
814,cross/aligned,best_axis_oracle,1,0
814,cross/aligned,every_k2,1,5
814,cross/aligned,adwin,0,0
814,cross/aligned,mcusum,1,11
814,cross/aligned,sketch1,1,11
815,cross/aligned,always_multiD,1,11
815,cross/aligned,union4_bonf,1,11
815,cross/aligned,dci_v3,1,11
815,cross/aligned,dci_v3_a8,1,11
815,cross/aligned,best_axis_oracle,1,0
815,cross/aligned,every_k2,1,5
815,cross/aligned,adwin,0,0
815,cross/aligned,mcusum,1,11
815,cross/aligned,sketch1,1,11
816,cross/aligned,always_multiD,1,11
816,cross/aligned,union4_bonf,1,11
816,cross/aligned,dci_v3,1,11
816,cross/aligned,dci_v3_a8,1,11
816,cross/aligned,best_axis_oracle,1,0
816,cross/aligned,every_k2,1,5
816,cross/aligned,adwin,0,0
816,cross/aligned,mcusum,1,11
816,cross/aligned,sketch1,1,11
817,cross/aligned,always_multiD,1,11
817,cross/aligned,union4_bonf,1,11
817,cross/aligned,dci_v3,1,11
817,cross/aligned,dci_v3_a8,1,11
817,cross/aligned,best_axis_oracle,1,0
817,cross/aligned,every_k2,0,6
817,cross/aligned,adwin,0,0
817,cross/aligned,mcusum,1,11
817,cross/aligned,sketch1,1,11
818,cross/aligned,always_multiD,1,12
818,cross/aligned,union4_bonf,1,12
818,cross/aligned,dci_v3,1,12
818,cross/aligned,dci_v3_a8,1,12
818,cross/aligned,best_axis_oracle,1,1
818,cross/aligned,every_k2,0,7
818,cross/aligned,adwin,0,0
818,cross/aligned,mcusum,1,11
818,cross/aligned,sketch1,1,11
819,cross/aligned,always_multiD,1,12
819,cross/aligned,union4_bonf,1,12
819,cross/aligned,dci_v3,1,12
819,cross/aligned,dci_v3_a8,1,12
819,cross/aligned,best_axis_oracle,1,1
819,cross/aligned,every_k2,0,7
819,cross/aligned,adwin,0,0
819,cross/aligned,mcusum,1,11
819,cross/aligned,sketch1,1,11
820,cross/aligned,always_multiD,1,11
820,cross/aligned,union4_bonf,1,11
820,cross/aligned,dci_v3,1,11
820,cross/aligned,dci_v3_a8,1,11
820,cross/aligned,best_axis_oracle,1,0
820,cross/aligned,every_k2,0,6
820,cross/aligned,adwin,0,0
820,cross/aligned,mcusum,1,11
820,cross/aligned,sketch1,1,11
821,cross/aligned,always_multiD,1,11
821,cross/aligned,union4_bonf,1,11
821,cross/aligned,dci_v3,1,11
821,cross/aligned,dci_v3_a8,1,11
821,cross/aligned,best_axis_oracle,1,0
821,cross/aligned,every_k2,1,5
821,cross/aligned,adwin,0,0
821,cross/aligned,mcusum,1,11
821,cross/aligned,sketch1,1,11
822,cross/aligned,always_multiD,1,11
822,cross/aligned,union4_bonf,1,11
822,cross/aligned,dci_v3,1,11
822,cross/aligned,dci_v3_a8,1,11
822,cross/aligned,best_axis_oracle,1,0
822,cross/aligned,every_k2,0,6
822,cross/aligned,adwin,0,0
822,cross/aligned,mcusum,1,11
822,cross/aligned,sketch1,1,11
823,cross/aligned,always_multiD,1,12
823,cross/aligned,union4_bonf,1,12
823,cross/aligned,dci_v3,1,12
823,cross/aligned,dci_v3_a8,1,12
823,cross/aligned,best_axis_oracle,1,1
823,cross/aligned,every_k2,1,5
823,cross/aligned,adwin,0,0
823,cross/aligned,mcusum,1,11
823,cross/aligned,sketch1,1,11
824,cross/aligned,always_multiD,1,11
824,cross/aligned,union4_bonf,1,11
824,cross/aligned,dci_v3,1,11
824,cross/aligned,dci_v3_a8,1,11
824,cross/aligned,best_axis_oracle,1,0
824,cross/aligned,every_k2,0,6
824,cross/aligned,adwin,0,0
824,cross/aligned,mcusum,1,11
824,cross/aligned,sketch1,1,11
825,cross/aligned,always_multiD,1,11
825,cross/aligned,union4_bonf,1,11
825,cross/aligned,dci_v3,1,11
825,cross/aligned,dci_v3_a8,1,11
825,cross/aligned,best_axis_oracle,1,11
825,cross/aligned,every_k2,1,5
825,cross/aligned,adwin,0,0
825,cross/aligned,mcusum,1,11
825,cross/aligned,sketch1,1,11
826,cross/aligned,always_multiD,1,12
826,cross/aligned,union4_bonf,1,12
826,cross/aligned,dci_v3,1,12
826,cross/aligned,dci_v3_a8,1,12
826,cross/aligned,best_axis_oracle,1,6
826,cross/aligned,every_k2,0,7
826,cross/aligned,adwin,0,0
826,cross/aligned,mcusum,1,11
826,cross/aligned,sketch1,1,11
827,cross/aligned,always_multiD,1,11
827,cross/aligned,union4_bonf,1,11
827,cross/aligned,dci_v3,1,11
827,cross/aligned,dci_v3_a8,1,11
827,cross/aligned,best_axis_oracle,1,11
827,cross/aligned,every_k2,0,6
827,cross/aligned,adwin,0,0
827,cross/aligned,mcusum,1,11
827,cross/aligned,sketch1,1,11
828,cross/aligned,always_multiD,1,12
828,cross/aligned,union4_bonf,1,12
828,cross/aligned,dci_v3,1,12
828,cross/aligned,dci_v3_a8,1,12
828,cross/aligned,best_axis_oracle,1,6
828,cross/aligned,every_k2,0,7
828,cross/aligned,adwin,0,0
828,cross/aligned,mcusum,1,11
828,cross/aligned,sketch1,1,11
829,cross/aligned,always_multiD,1,11
829,cross/aligned,union4_bonf,1,11
829,cross/aligned,dci_v3,1,11
829,cross/aligned,dci_v3_a8,1,11
829,cross/aligned,best_axis_oracle,1,0
829,cross/aligned,every_k2,0,6
829,cross/aligned,adwin,0,0
829,cross/aligned,mcusum,1,11
829,cross/aligned,sketch1,1,11
830,cross/aligned,always_multiD,1,11
830,cross/aligned,union4_bonf,1,11
830,cross/aligned,dci_v3,1,11
830,cross/aligned,dci_v3_a8,1,11
830,cross/aligned,best_axis_oracle,1,6
830,cross/aligned,every_k2,0,6
830,cross/aligned,adwin,0,0
830,cross/aligned,mcusum,1,11
830,cross/aligned,sketch1,1,11
831,cross/aligned,always_multiD,1,11
831,cross/aligned,union4_bonf,1,11
831,cross/aligned,dci_v3,1,11
831,cross/aligned,dci_v3_a8,1,11
831,cross/aligned,best_axis_oracle,1,10
831,cross/aligned,every_k2,1,5
831,cross/aligned,adwin,0,0
831,cross/aligned,mcusum,1,11
831,cross/aligned,sketch1,1,11
832,cross/aligned,always_multiD,1,12
832,cross/aligned,union4_bonf,1,12
832,cross/aligned,dci_v3,1,12
832,cross/aligned,dci_v3_a8,1,12
832,cross/aligned,best_axis_oracle,1,6
832,cross/aligned,every_k2,0,7
832,cross/aligned,adwin,0,0
832,cross/aligned,mcusum,1,11
832,cross/aligned,sketch1,1,11
833,cross/aligned,always_multiD,1,11
833,cross/aligned,union4_bonf,1,11
833,cross/aligned,dci_v3,1,11
833,cross/aligned,dci_v3_a8,1,11
833,cross/aligned,best_axis_oracle,1,11
833,cross/aligned,every_k2,1,5
833,cross/aligned,adwin,0,0
833,cross/aligned,mcusum,1,11
833,cross/aligned,sketch1,1,11
834,cross/aligned,always_multiD,1,11
834,cross/aligned,union4_bonf,1,11
834,cross/aligned,dci_v3,1,11
834,cross/aligned,dci_v3_a8,1,11
834,cross/aligned,best_axis_oracle,1,0
834,cross/aligned,every_k2,1,5
834,cross/aligned,adwin,0,0
834,cross/aligned,mcusum,1,11
834,cross/aligned,sketch1,1,11
835,cross/aligned,always_multiD,1,11
835,cross/aligned,union4_bonf,1,11
835,cross/aligned,dci_v3,1,11
835,cross/aligned,dci_v3_a8,1,11
835,cross/aligned,best_axis_oracle,1,11
835,cross/aligned,every_k2,1,5
835,cross/aligned,adwin,0,0
835,cross/aligned,mcusum,1,11
835,cross/aligned,sketch1,1,11
836,cross/aligned,always_multiD,1,11
836,cross/aligned,union4_bonf,1,11
836,cross/aligned,dci_v3,1,11
836,cross/aligned,dci_v3_a8,1,11
836,cross/aligned,best_axis_oracle,1,1
836,cross/aligned,every_k2,1,5
836,cross/aligned,adwin,0,0
836,cross/aligned,mcusum,1,11
836,cross/aligned,sketch1,1,11
837,cross/aligned,always_multiD,1,11
837,cross/aligned,union4_bonf,1,11
837,cross/aligned,dci_v3,1,11
837,cross/aligned,dci_v3_a8,1,11
837,cross/aligned,best_axis_oracle,1,0
837,cross/aligned,every_k2,1,5
837,cross/aligned,adwin,0,0
837,cross/aligned,mcusum,1,11
837,cross/aligned,sketch1,1,11
838,cross/aligned,always_multiD,1,11
838,cross/aligned,union4_bonf,1,11
838,cross/aligned,dci_v3,1,11
838,cross/aligned,dci_v3_a8,1,11
838,cross/aligned,best_axis_oracle,1,0
838,cross/aligned,every_k2,1,5
838,cross/aligned,adwin,0,0
838,cross/aligned,mcusum,1,11
838,cross/aligned,sketch1,1,11
839,cross/aligned,always_multiD,1,11
839,cross/aligned,union4_bonf,1,11
839,cross/aligned,dci_v3,1,11
839,cross/aligned,dci_v3_a8,1,11
839,cross/aligned,best_axis_oracle,1,1
839,cross/aligned,every_k2,0,6
839,cross/aligned,adwin,0,0
839,cross/aligned,mcusum,1,11
839,cross/aligned,sketch1,1,11
840,cross/aligned,always_multiD,1,11
840,cross/aligned,union4_bonf,1,11
840,cross/aligned,dci_v3,1,11
840,cross/aligned,dci_v3_a8,1,11
840,cross/aligned,best_axis_oracle,1,0
840,cross/aligned,every_k2,1,5
840,cross/aligned,adwin,0,0
840,cross/aligned,mcusum,1,11
840,cross/aligned,sketch1,1,11
841,cross/aligned,always_multiD,1,12
841,cross/aligned,union4_bonf,1,12
841,cross/aligned,dci_v3,1,12
841,cross/aligned,dci_v3_a8,1,12
841,cross/aligned,best_axis_oracle,1,1
841,cross/aligned,every_k2,0,7
841,cross/aligned,adwin,0,0
841,cross/aligned,mcusum,1,11
841,cross/aligned,sketch1,1,11
842,cross/aligned,always_multiD,1,11
842,cross/aligned,union4_bonf,1,11
842,cross/aligned,dci_v3,1,11
842,cross/aligned,dci_v3_a8,1,11
842,cross/aligned,best_axis_oracle,1,0
842,cross/aligned,every_k2,0,6
842,cross/aligned,adwin,0,0
842,cross/aligned,mcusum,1,11
842,cross/aligned,sketch1,1,11
843,cross/aligned,always_multiD,1,11
843,cross/aligned,union4_bonf,1,11
843,cross/aligned,dci_v3,1,11
843,cross/aligned,dci_v3_a8,1,11
843,cross/aligned,best_axis_oracle,1,0
843,cross/aligned,every_k2,1,5
843,cross/aligned,adwin,0,0
843,cross/aligned,mcusum,1,11
843,cross/aligned,sketch1,1,11
844,cross/aligned,always_multiD,1,11
844,cross/aligned,union4_bonf,1,11
844,cross/aligned,dci_v3,1,11
844,cross/aligned,dci_v3_a8,1,11
844,cross/aligned,best_axis_oracle,1,0
844,cross/aligned,every_k2,1,5
844,cross/aligned,adwin,0,0
844,cross/aligned,mcusum,1,11
844,cross/aligned,sketch1,1,11
845,cross/aligned,always_multiD,1,11
845,cross/aligned,union4_bonf,1,11
845,cross/aligned,dci_v3,1,11
845,cross/aligned,dci_v3_a8,1,11
845,cross/aligned,best_axis_oracle,1,1
845,cross/aligned,every_k2,1,5
845,cross/aligned,adwin,0,0
845,cross/aligned,mcusum,1,11
845,cross/aligned,sketch1,1,11
846,cross/aligned,always_multiD,1,11
846,cross/aligned,union4_bonf,1,11
846,cross/aligned,dci_v3,1,11
846,cross/aligned,dci_v3_a8,1,11
846,cross/aligned,best_axis_oracle,1,0
846,cross/aligned,every_k2,0,6
846,cross/aligned,adwin,0,0
846,cross/aligned,mcusum,1,11
846,cross/aligned,sketch1,1,11
847,cross/aligned,always_multiD,1,11
847,cross/aligned,union4_bonf,1,12
847,cross/aligned,dci_v3,1,12
847,cross/aligned,dci_v3_a8,1,12
847,cross/aligned,best_axis_oracle,1,7
847,cross/aligned,every_k2,1,5
847,cross/aligned,adwin,0,0
847,cross/aligned,mcusum,1,11
847,cross/aligned,sketch1,1,12
848,cross/aligned,always_multiD,1,11
848,cross/aligned,union4_bonf,1,11
848,cross/aligned,dci_v3,1,11
848,cross/aligned,dci_v3_a8,1,11
848,cross/aligned,best_axis_oracle,1,9
848,cross/aligned,every_k2,0,6
848,cross/aligned,adwin,0,0
848,cross/aligned,mcusum,1,11
848,cross/aligned,sketch1,1,11
849,cross/aligned,always_multiD,1,11
849,cross/aligned,union4_bonf,1,11
849,cross/aligned,dci_v3,1,11
849,cross/aligned,dci_v3_a8,1,11
849,cross/aligned,best_axis_oracle,1,9
849,cross/aligned,every_k2,1,5
849,cross/aligned,adwin,0,0
849,cross/aligned,mcusum,1,11
849,cross/aligned,sketch1,1,11
850,cross/aligned,always_multiD,1,11
850,cross/aligned,union4_bonf,1,11
850,cross/aligned,dci_v3,1,11
850,cross/aligned,dci_v3_a8,1,11
850,cross/aligned,best_axis_oracle,1,9
850,cross/aligned,every_k2,0,6
850,cross/aligned,adwin,0,0
850,cross/aligned,mcusum,1,11
850,cross/aligned,sketch1,1,11
851,cross/aligned,always_multiD,1,11
851,cross/aligned,union4_bonf,1,11
851,cross/aligned,dci_v3,1,11
851,cross/aligned,dci_v3_a8,1,11
851,cross/aligned,best_axis_oracle,1,6
851,cross/aligned,every_k2,1,5
851,cross/aligned,adwin,0,0
851,cross/aligned,mcusum,1,8
851,cross/aligned,sketch1,1,8
852,cross/aligned,always_multiD,1,11
852,cross/aligned,union4_bonf,1,11
852,cross/aligned,dci_v3,1,11
852,cross/aligned,dci_v3_a8,1,11
852,cross/aligned,best_axis_oracle,1,11
852,cross/aligned,every_k2,0,6
852,cross/aligned,adwin,0,0
852,cross/aligned,mcusum,1,11
852,cross/aligned,sketch1,1,11
853,cross/aligned,always_multiD,1,11
853,cross/aligned,union4_bonf,1,11
853,cross/aligned,dci_v3,1,11
853,cross/aligned,dci_v3_a8,1,11
853,cross/aligned,best_axis_oracle,1,10
853,cross/aligned,every_k2,1,5
853,cross/aligned,adwin,0,0
853,cross/aligned,mcusum,1,11
853,cross/aligned,sketch1,1,11
854,cross/aligned,always_multiD,1,11
854,cross/aligned,union4_bonf,1,12
854,cross/aligned,dci_v3,1,12
854,cross/aligned,dci_v3_a8,1,12
854,cross/aligned,best_axis_oracle,1,11
854,cross/aligned,every_k2,0,6
854,cross/aligned,adwin,0,0
854,cross/aligned,mcusum,1,11
854,cross/aligned,sketch1,1,12
855,cross/aligned,always_multiD,1,11
855,cross/aligned,union4_bonf,1,11
855,cross/aligned,dci_v3,1,11
855,cross/aligned,dci_v3_a8,1,11
855,cross/aligned,best_axis_oracle,1,6
855,cross/aligned,every_k2,0,6
855,cross/aligned,adwin,0,0
855,cross/aligned,mcusum,1,8
855,cross/aligned,sketch1,1,11
856,cross/aligned,always_multiD,1,11
856,cross/aligned,union4_bonf,1,11
856,cross/aligned,dci_v3,1,11
856,cross/aligned,dci_v3_a8,1,11
856,cross/aligned,best_axis_oracle,1,11
856,cross/aligned,every_k2,0,6
856,cross/aligned,adwin,0,0
856,cross/aligned,mcusum,1,11
856,cross/aligned,sketch1,1,11
857,cross/aligned,always_multiD,1,11
857,cross/aligned,union4_bonf,1,12
857,cross/aligned,dci_v3,1,12
857,cross/aligned,dci_v3_a8,1,12
857,cross/aligned,best_axis_oracle,1,7
857,cross/aligned,every_k2,1,5
857,cross/aligned,adwin,0,0
857,cross/aligned,mcusum,1,11
857,cross/aligned,sketch1,1,12
858,cross/aligned,always_multiD,1,11
858,cross/aligned,union4_bonf,1,12
858,cross/aligned,dci_v3,1,12
858,cross/aligned,dci_v3_a8,1,12
858,cross/aligned,best_axis_oracle,1,1
858,cross/aligned,every_k2,0,6
858,cross/aligned,adwin,0,0
858,cross/aligned,mcusum,1,11
858,cross/aligned,sketch1,1,12
859,cross/aligned,always_multiD,1,11
859,cross/aligned,union4_bonf,1,11
859,cross/aligned,dci_v3,1,11
859,cross/aligned,dci_v3_a8,1,11
859,cross/aligned,best_axis_oracle,1,0
859,cross/aligned,every_k2,0,6
859,cross/aligned,adwin,0,0
859,cross/aligned,mcusum,1,5
859,cross/aligned,sketch1,1,11
860,cross/aligned,always_multiD,1,11
860,cross/aligned,union4_bonf,1,11
860,cross/aligned,dci_v3,1,11
860,cross/aligned,dci_v3_a8,1,11
860,cross/aligned,best_axis_oracle,1,9
860,cross/aligned,every_k2,0,6
860,cross/aligned,adwin,0,0
860,cross/aligned,mcusum,1,5
860,cross/aligned,sketch1,1,0
861,cross/aligned,always_multiD,1,11
861,cross/aligned,union4_bonf,1,11
861,cross/aligned,dci_v3,1,11
861,cross/aligned,dci_v3_a8,1,11
861,cross/aligned,best_axis_oracle,1,0
861,cross/aligned,every_k2,1,5
861,cross/aligned,adwin,0,0
861,cross/aligned,mcusum,1,8
861,cross/aligned,sketch1,0,11
862,cross/aligned,always_multiD,1,11
862,cross/aligned,union4_bonf,1,12
862,cross/aligned,dci_v3,1,12
862,cross/aligned,dci_v3_a8,1,12
862,cross/aligned,best_axis_oracle,1,1
862,cross/aligned,every_k2,0,6
862,cross/aligned,adwin,0,0
862,cross/aligned,mcusum,1,11
862,cross/aligned,sketch1,1,12
863,cross/aligned,always_multiD,1,11
863,cross/aligned,union4_bonf,1,11
863,cross/aligned,dci_v3,1,11
863,cross/aligned,dci_v3_a8,1,11
863,cross/aligned,best_axis_oracle,1,0
863,cross/aligned,every_k2,0,6
863,cross/aligned,adwin,0,0
863,cross/aligned,mcusum,1,5
863,cross/aligned,sketch1,0,11
864,cross/aligned,always_multiD,1,0
864,cross/aligned,union4_bonf,1,1
864,cross/aligned,dci_v3,1,1
864,cross/aligned,dci_v3_a8,1,1
864,cross/aligned,best_axis_oracle,1,0
864,cross/aligned,every_k2,0,0
864,cross/aligned,adwin,0,0
864,cross/aligned,mcusum,1,0
864,cross/aligned,sketch1,1,1
865,cross/aligned,always_multiD,1,11
865,cross/aligned,union4_bonf,1,11
865,cross/aligned,dci_v3,1,11
865,cross/aligned,dci_v3_a8,1,11
865,cross/aligned,best_axis_oracle,1,0
865,cross/aligned,every_k2,1,5
865,cross/aligned,adwin,0,0
865,cross/aligned,mcusum,1,5
865,cross/aligned,sketch1,0,11
866,cross/aligned,always_multiD,1,11
866,cross/aligned,union4_bonf,1,11
866,cross/aligned,dci_v3,1,11
866,cross/aligned,dci_v3_a8,1,11
866,cross/aligned,best_axis_oracle,1,0
866,cross/aligned,every_k2,1,5
866,cross/aligned,adwin,0,0
866,cross/aligned,mcusum,1,11
866,cross/aligned,sketch1,1,11
867,cross/aligned,always_multiD,1,11
867,cross/aligned,union4_bonf,1,11
867,cross/aligned,dci_v3,1,11
867,cross/aligned,dci_v3_a8,1,11
867,cross/aligned,best_axis_oracle,1,5
867,cross/aligned,every_k2,0,6
867,cross/aligned,adwin,0,0
867,cross/aligned,mcusum,1,11
867,cross/aligned,sketch1,1,11
868,cross/aligned,always_multiD,1,11
868,cross/aligned,union4_bonf,1,11
868,cross/aligned,dci_v3,1,11
868,cross/aligned,dci_v3_a8,1,11
868,cross/aligned,best_axis_oracle,1,0
868,cross/aligned,every_k2,0,6
868,cross/aligned,adwin,0,0
868,cross/aligned,mcusum,1,5
868,cross/aligned,sketch1,0,11
869,cross/aligned,always_multiD,1,11
869,cross/aligned,union4_bonf,1,11
869,cross/aligned,dci_v3,1,11
869,cross/aligned,dci_v3_a8,1,11
869,cross/aligned,best_axis_oracle,1,5
869,cross/aligned,every_k2,1,5
869,cross/aligned,adwin,0,0
869,cross/aligned,mcusum,1,7
869,cross/aligned,sketch1,1,4
870,cross/aligned,always_multiD,1,11
870,cross/aligned,union4_bonf,1,11
870,cross/aligned,dci_v3,1,11
870,cross/aligned,dci_v3_a8,1,11
870,cross/aligned,best_axis_oracle,1,6
870,cross/aligned,every_k2,1,5
870,cross/aligned,adwin,0,0
870,cross/aligned,mcusum,1,11
870,cross/aligned,sketch1,1,8
871,cross/aligned,always_multiD,1,11
871,cross/aligned,union4_bonf,1,11
871,cross/aligned,dci_v3,1,11
871,cross/aligned,dci_v3_a8,1,11
871,cross/aligned,best_axis_oracle,1,6
871,cross/aligned,every_k2,0,6
871,cross/aligned,adwin,0,0
871,cross/aligned,mcusum,1,8
871,cross/aligned,sketch1,0,5
872,cross/aligned,always_multiD,1,11
872,cross/aligned,union4_bonf,1,12
872,cross/aligned,dci_v3,1,12
872,cross/aligned,dci_v3_a8,1,12
872,cross/aligned,best_axis_oracle,1,7
872,cross/aligned,every_k2,1,5
872,cross/aligned,adwin,0,0
872,cross/aligned,mcusum,1,10
872,cross/aligned,sketch1,1,10
873,cross/aligned,always_multiD,1,11
873,cross/aligned,union4_bonf,1,12
873,cross/aligned,dci_v3,1,12
873,cross/aligned,dci_v3_a8,1,12
873,cross/aligned,best_axis_oracle,1,6
873,cross/aligned,every_k2,1,5
873,cross/aligned,adwin,0,0
873,cross/aligned,mcusum,1,9
873,cross/aligned,sketch1,1,8
874,cross/aligned,always_multiD,1,11
874,cross/aligned,union4_bonf,1,11
874,cross/aligned,dci_v3,1,11
874,cross/aligned,dci_v3_a8,1,11
874,cross/aligned,best_axis_oracle,1,5
874,cross/aligned,every_k2,1,5
874,cross/aligned,adwin,0,0
874,cross/aligned,mcusum,1,7
874,cross/aligned,sketch1,1,4
875,cross/aligned,always_multiD,1,11
875,cross/aligned,union4_bonf,1,11
875,cross/aligned,dci_v3,1,11
875,cross/aligned,dci_v3_a8,1,11
875,cross/aligned,best_axis_oracle,1,10
875,cross/aligned,every_k2,0,6
875,cross/aligned,adwin,0,0
875,cross/aligned,mcusum,1,10
875,cross/aligned,sketch1,1,5
876,cross/aligned,always_multiD,1,11
876,cross/aligned,union4_bonf,1,11
876,cross/aligned,dci_v3,1,11
876,cross/aligned,dci_v3_a8,1,11
876,cross/aligned,best_axis_oracle,1,6
876,cross/aligned,every_k2,1,5
876,cross/aligned,adwin,0,0
876,cross/aligned,mcusum,1,7
876,cross/aligned,sketch1,0,3
877,cross/aligned,always_multiD,1,11
877,cross/aligned,union4_bonf,1,11
877,cross/aligned,dci_v3,1,11
877,cross/aligned,dci_v3_a8,1,11
877,cross/aligned,best_axis_oracle,1,0
877,cross/aligned,every_k2,1,5
877,cross/aligned,adwin,0,0
877,cross/aligned,mcusum,1,6
877,cross/aligned,sketch1,1,1
878,cross/aligned,always_multiD,1,11
878,cross/aligned,union4_bonf,1,11
878,cross/aligned,dci_v3,1,11
878,cross/aligned,dci_v3_a8,1,11
878,cross/aligned,best_axis_oracle,1,9
878,cross/aligned,every_k2,0,6
878,cross/aligned,adwin,0,0
878,cross/aligned,mcusum,1,11
878,cross/aligned,sketch1,1,7
879,cross/aligned,always_multiD,1,11
879,cross/aligned,union4_bonf,1,12
879,cross/aligned,dci_v3,1,12
879,cross/aligned,dci_v3_a8,1,12
879,cross/aligned,best_axis_oracle,1,1
879,cross/aligned,every_k2,1,5
879,cross/aligned,adwin,0,0
879,cross/aligned,mcusum,1,11
879,cross/aligned,sketch1,1,12
880,cross/aligned,always_multiD,1,10
880,cross/aligned,union4_bonf,1,10
880,cross/aligned,dci_v3,1,10
880,cross/aligned,dci_v3_a8,1,10
880,cross/aligned,best_axis_oracle,1,3
880,cross/aligned,every_k2,0,6
880,cross/aligned,adwin,0,0
880,cross/aligned,mcusum,1,2
880,cross/aligned,sketch1,0,8
881,cross/aligned,always_multiD,1,10
881,cross/aligned,union4_bonf,1,10
881,cross/aligned,dci_v3,1,10
881,cross/aligned,dci_v3_a8,1,10
881,cross/aligned,best_axis_oracle,1,4
881,cross/aligned,every_k2,0,5
881,cross/aligned,adwin,0,0
881,cross/aligned,mcusum,1,2
881,cross/aligned,sketch1,0,9
882,cross/aligned,always_multiD,1,11
882,cross/aligned,union4_bonf,1,11
882,cross/aligned,dci_v3,1,11
882,cross/aligned,dci_v3_a8,1,11
882,cross/aligned,best_axis_oracle,1,8
882,cross/aligned,every_k2,1,5
882,cross/aligned,adwin,0,0
882,cross/aligned,mcusum,1,7
882,cross/aligned,sketch1,0,11
883,cross/aligned,always_multiD,1,11
883,cross/aligned,union4_bonf,1,11
883,cross/aligned,dci_v3,1,11
883,cross/aligned,dci_v3_a8,1,11
883,cross/aligned,best_axis_oracle,1,5
883,cross/aligned,every_k2,1,5
883,cross/aligned,adwin,0,0
883,cross/aligned,mcusum,1,5
883,cross/aligned,sketch1,1,9
884,cross/aligned,always_multiD,1,11
884,cross/aligned,union4_bonf,1,12
884,cross/aligned,dci_v3,1,12
884,cross/aligned,dci_v3_a8,1,12
884,cross/aligned,best_axis_oracle,1,4
884,cross/aligned,every_k2,1,5
884,cross/aligned,adwin,0,0
884,cross/aligned,mcusum,1,9
884,cross/aligned,sketch1,1,9
885,cross/aligned,always_multiD,1,11
885,cross/aligned,union4_bonf,1,11
885,cross/aligned,dci_v3,1,11
885,cross/aligned,dci_v3_a8,1,11
885,cross/aligned,best_axis_oracle,1,7
885,cross/aligned,every_k2,0,6
885,cross/aligned,adwin,0,0
885,cross/aligned,mcusum,1,9
885,cross/aligned,sketch1,1,8
886,cross/aligned,always_multiD,1,11
886,cross/aligned,union4_bonf,1,11
886,cross/aligned,dci_v3,1,11
886,cross/aligned,dci_v3_a8,1,11
886,cross/aligned,best_axis_oracle,1,6
886,cross/aligned,every_k2,0,6
886,cross/aligned,adwin,0,0
886,cross/aligned,mcusum,1,11
886,cross/aligned,sketch1,1,11
887,cross/aligned,always_multiD,1,11
887,cross/aligned,union4_bonf,1,11
887,cross/aligned,dci_v3,1,11
887,cross/aligned,dci_v3_a8,1,11
887,cross/aligned,best_axis_oracle,1,7
887,cross/aligned,every_k2,1,5
887,cross/aligned,adwin,0,0
887,cross/aligned,mcusum,1,9
887,cross/aligned,sketch1,1,8
888,cross/aligned,always_multiD,1,11
888,cross/aligned,union4_bonf,1,11
888,cross/aligned,dci_v3,1,11
888,cross/aligned,dci_v3_a8,1,11
888,cross/aligned,best_axis_oracle,1,6
888,cross/aligned,every_k2,0,6
888,cross/aligned,adwin,0,0
888,cross/aligned,mcusum,1,6
888,cross/aligned,sketch1,0,8
889,cross/aligned,always_multiD,1,11
889,cross/aligned,union4_bonf,1,11
889,cross/aligned,dci_v3,1,11
889,cross/aligned,dci_v3_a8,1,11
889,cross/aligned,best_axis_oracle,1,1
889,cross/aligned,every_k2,0,6
889,cross/aligned,adwin,0,0
889,cross/aligned,mcusum,1,7
889,cross/aligned,sketch1,1,10
890,cross/aligned,always_multiD,1,11
890,cross/aligned,union4_bonf,1,12
890,cross/aligned,dci_v3,1,12
890,cross/aligned,dci_v3_a8,1,12
890,cross/aligned,best_axis_oracle,1,8
890,cross/aligned,every_k2,1,5
890,cross/aligned,adwin,0,0
890,cross/aligned,mcusum,1,11
890,cross/aligned,sketch1,1,9
891,cross/aligned,always_multiD,1,10
891,cross/aligned,union4_bonf,1,11
891,cross/aligned,dci_v3,1,11
891,cross/aligned,dci_v3_a8,1,11
891,cross/aligned,best_axis_oracle,1,6
891,cross/aligned,every_k2,0,5
891,cross/aligned,adwin,0,0
891,cross/aligned,mcusum,1,8
891,cross/aligned,sketch1,1,6
892,cross/aligned,always_multiD,1,11
892,cross/aligned,union4_bonf,1,12
892,cross/aligned,dci_v3,1,12
892,cross/aligned,dci_v3_a8,1,12
892,cross/aligned,best_axis_oracle,1,6
892,cross/aligned,every_k2,1,5
892,cross/aligned,adwin,0,0
892,cross/aligned,mcusum,1,7
892,cross/aligned,sketch1,1,9
893,cross/aligned,always_multiD,1,11
893,cross/aligned,union4_bonf,1,11
893,cross/aligned,dci_v3,1,11
893,cross/aligned,dci_v3_a8,1,11
893,cross/aligned,best_axis_oracle,1,7
893,cross/aligned,every_k2,0,6
893,cross/aligned,adwin,0,0
893,cross/aligned,mcusum,1,6
893,cross/aligned,sketch1,1,8
894,cross/aligned,always_multiD,1,11
894,cross/aligned,union4_bonf,1,11
894,cross/aligned,dci_v3,1,11
894,cross/aligned,dci_v3_a8,1,11
894,cross/aligned,best_axis_oracle,1,7
894,cross/aligned,every_k2,1,5
894,cross/aligned,adwin,0,0
894,cross/aligned,mcusum,1,5
894,cross/aligned,sketch1,1,8
895,cross/aligned,always_multiD,1,8
895,cross/aligned,union4_bonf,1,8
895,cross/aligned,dci_v3,1,8
895,cross/aligned,dci_v3_a8,1,8
895,cross/aligned,best_axis_oracle,1,6
895,cross/aligned,every_k2,1,4
895,cross/aligned,adwin,0,0
895,cross/aligned,mcusum,1,5
895,cross/aligned,sketch1,1,8
896,cross/aligned,always_multiD,1,9
896,cross/aligned,union4_bonf,1,9
896,cross/aligned,dci_v3,1,9
896,cross/aligned,dci_v3_a8,1,9
896,cross/aligned,best_axis_oracle,1,2
896,cross/aligned,every_k2,0,5
896,cross/aligned,adwin,0,0
896,cross/aligned,mcusum,1,3
896,cross/aligned,sketch1,0,6
897,cross/aligned,always_multiD,1,9
897,cross/aligned,union4_bonf,1,10
897,cross/aligned,dci_v3,1,10
897,cross/aligned,dci_v3_a8,1,10
897,cross/aligned,best_axis_oracle,1,5
897,cross/aligned,every_k2,1,4
897,cross/aligned,adwin,0,0
897,cross/aligned,mcusum,1,8
897,cross/aligned,sketch1,1,6
898,cross/aligned,always_multiD,1,10
898,cross/aligned,union4_bonf,1,11
898,cross/aligned,dci_v3,1,11
898,cross/aligned,dci_v3_a8,1,11
898,cross/aligned,best_axis_oracle,1,6
898,cross/aligned,every_k2,1,5
898,cross/aligned,adwin,0,0
898,cross/aligned,mcusum,1,8
898,cross/aligned,sketch1,1,6
899,cross/aligned,always_multiD,1,11
899,cross/aligned,union4_bonf,1,12
899,cross/aligned,dci_v3,1,12
899,cross/aligned,dci_v3_a8,1,11
899,cross/aligned,best_axis_oracle,1,5
899,cross/aligned,every_k2,0,6
899,cross/aligned,adwin,0,0
899,cross/aligned,mcusum,1,5
899,cross/aligned,sketch1,1,7
900,cross/aligned,always_multiD,1,11
900,cross/aligned,union4_bonf,1,12
900,cross/aligned,dci_v3,1,12
900,cross/aligned,dci_v3_a8,1,12
900,cross/aligned,best_axis_oracle,1,7
900,cross/aligned,every_k2,0,6
900,cross/aligned,adwin,0,0
900,cross/aligned,mcusum,1,8
900,cross/aligned,sketch1,1,7
901,cross/aligned,always_multiD,1,9
901,cross/aligned,union4_bonf,1,10
901,cross/aligned,dci_v3,1,10
901,cross/aligned,dci_v3_a8,1,10
901,cross/aligned,best_axis_oracle,1,5
901,cross/aligned,every_k2,0,5
901,cross/aligned,adwin,0,0
901,cross/aligned,mcusum,1,8
901,cross/aligned,sketch1,1,6
902,cross/aligned,always_multiD,1,11
902,cross/aligned,union4_bonf,1,11
902,cross/aligned,dci_v3,1,11
902,cross/aligned,dci_v3_a8,1,11
902,cross/aligned,best_axis_oracle,1,3
902,cross/aligned,every_k2,0,6
902,cross/aligned,adwin,0,0
902,cross/aligned,mcusum,1,11
902,cross/aligned,sketch1,1,7
903,cross/aligned,always_multiD,1,11
903,cross/aligned,union4_bonf,1,12
903,cross/aligned,dci_v3,1,12
903,cross/aligned,dci_v3_a8,1,12
903,cross/aligned,best_axis_oracle,1,10
903,cross/aligned,every_k2,0,6
903,cross/aligned,adwin,0,0
903,cross/aligned,mcusum,1,7
903,cross/aligned,sketch1,1,12
904,cross/aligned,always_multiD,1,11
904,cross/aligned,union4_bonf,1,11
904,cross/aligned,dci_v3,1,11
904,cross/aligned,dci_v3_a8,1,11
904,cross/aligned,best_axis_oracle,1,9
904,cross/aligned,every_k2,1,5
904,cross/aligned,adwin,0,0
904,cross/aligned,mcusum,1,6
904,cross/aligned,sketch1,1,7
905,cross/aligned,always_multiD,1,11
905,cross/aligned,union4_bonf,1,11
905,cross/aligned,dci_v3,1,11
905,cross/aligned,dci_v3_a8,1,11
905,cross/aligned,best_axis_oracle,1,9
905,cross/aligned,every_k2,0,6
905,cross/aligned,adwin,0,0
905,cross/aligned,mcusum,1,7
905,cross/aligned,sketch1,1,11
906,cross/aligned,always_multiD,1,11
906,cross/aligned,union4_bonf,1,10
906,cross/aligned,dci_v3,1,10
906,cross/aligned,dci_v3_a8,1,10
906,cross/aligned,best_axis_oracle,1,9
906,cross/aligned,every_k2,1,5
906,cross/aligned,adwin,0,0
906,cross/aligned,mcusum,1,5
906,cross/aligned,sketch1,0,8
907,cross/aligned,always_multiD,1,10
907,cross/aligned,union4_bonf,1,12
907,cross/aligned,dci_v3,1,12
907,cross/aligned,dci_v3_a8,1,12
907,cross/aligned,best_axis_oracle,1,10
907,cross/aligned,every_k2,0,6
907,cross/aligned,adwin,0,0
907,cross/aligned,mcusum,1,6
907,cross/aligned,sketch1,1,9
908,cross/aligned,always_multiD,1,11
908,cross/aligned,union4_bonf,1,11
908,cross/aligned,dci_v3,1,11
908,cross/aligned,dci_v3_a8,1,11
908,cross/aligned,best_axis_oracle,1,9
908,cross/aligned,every_k2,0,6
908,cross/aligned,adwin,0,0
908,cross/aligned,mcusum,1,2
908,cross/aligned,sketch1,0,8
909,cross/aligned,always_multiD,1,11
909,cross/aligned,union4_bonf,1,12
909,cross/aligned,dci_v3,1,12
909,cross/aligned,dci_v3_a8,1,11
909,cross/aligned,best_axis_oracle,1,2
909,cross/aligned,every_k2,0,6
909,cross/aligned,adwin,0,0
909,cross/aligned,mcusum,1,11
909,cross/aligned,sketch1,1,11
910,cross/aligned,always_multiD,1,11
910,cross/aligned,union4_bonf,1,12
910,cross/aligned,dci_v3,1,12
910,cross/aligned,dci_v3_a8,1,12
910,cross/aligned,best_axis_oracle,1,10
910,cross/aligned,every_k2,0,6
910,cross/aligned,adwin,0,0
910,cross/aligned,mcusum,1,6
910,cross/aligned,sketch1,1,8
911,cross/aligned,always_multiD,1,10
911,cross/aligned,union4_bonf,1,12
911,cross/aligned,dci_v3,1,12
911,cross/aligned,dci_v3_a8,1,12
911,cross/aligned,best_axis_oracle,1,10
911,cross/aligned,every_k2,0,6
911,cross/aligned,adwin,0,0
911,cross/aligned,mcusum,1,6
911,cross/aligned,sketch1,1,9
912,cross/aligned,always_multiD,1,11
912,cross/aligned,union4_bonf,1,11
912,cross/aligned,dci_v3,1,11
912,cross/aligned,dci_v3_a8,1,11
912,cross/aligned,best_axis_oracle,1,11
912,cross/aligned,every_k2,1,5
912,cross/aligned,adwin,0,0
912,cross/aligned,mcusum,1,8
912,cross/aligned,sketch1,1,9
913,cross/aligned,always_multiD,1,11
913,cross/aligned,union4_bonf,1,12
913,cross/aligned,dci_v3,1,12
913,cross/aligned,dci_v3_a8,1,12
913,cross/aligned,best_axis_oracle,1,11
913,cross/aligned,every_k2,0,6
913,cross/aligned,adwin,0,0
913,cross/aligned,mcusum,1,11
913,cross/aligned,sketch1,1,12
914,cross/aligned,always_multiD,1,11
914,cross/aligned,union4_bonf,1,11
914,cross/aligned,dci_v3,1,11
914,cross/aligned,dci_v3_a8,1,11
914,cross/aligned,best_axis_oracle,1,11
914,cross/aligned,every_k2,0,6
914,cross/aligned,adwin,0,0
914,cross/aligned,mcusum,1,11
914,cross/aligned,sketch1,1,11
915,cross/aligned,always_multiD,1,11
915,cross/aligned,union4_bonf,1,12
915,cross/aligned,dci_v3,1,12
915,cross/aligned,dci_v3_a8,1,12
915,cross/aligned,best_axis_oracle,1,1
915,cross/aligned,every_k2,0,6
915,cross/aligned,adwin,0,0
915,cross/aligned,mcusum,1,11
915,cross/aligned,sketch1,1,12
916,cross/aligned,always_multiD,1,11
916,cross/aligned,union4_bonf,1,11
916,cross/aligned,dci_v3,1,11
916,cross/aligned,dci_v3_a8,1,11
916,cross/aligned,best_axis_oracle,1,11
916,cross/aligned,every_k2,0,6
916,cross/aligned,adwin,0,0
916,cross/aligned,mcusum,1,11
916,cross/aligned,sketch1,1,11
917,cross/aligned,always_multiD,1,11
917,cross/aligned,union4_bonf,1,12
917,cross/aligned,dci_v3,1,12
917,cross/aligned,dci_v3_a8,1,12
917,cross/aligned,best_axis_oracle,1,10
917,cross/aligned,every_k2,1,5
917,cross/aligned,adwin,0,0
917,cross/aligned,mcusum,1,11
917,cross/aligned,sketch1,1,12
918,cross/aligned,always_multiD,1,11
918,cross/aligned,union4_bonf,1,12
918,cross/aligned,dci_v3,1,12
918,cross/aligned,dci_v3_a8,1,12
918,cross/aligned,best_axis_oracle,1,1
918,cross/aligned,every_k2,0,6
918,cross/aligned,adwin,0,0
918,cross/aligned,mcusum,1,11
918,cross/aligned,sketch1,1,12
919,cross/aligned,always_multiD,1,11
919,cross/aligned,union4_bonf,1,12
919,cross/aligned,dci_v3,1,12
919,cross/aligned,dci_v3_a8,1,12
919,cross/aligned,best_axis_oracle,1,11
919,cross/aligned,every_k2,0,6
919,cross/aligned,adwin,0,0
919,cross/aligned,mcusum,1,11
919,cross/aligned,sketch1,1,12
920,cross/aligned,always_multiD,1,11
920,cross/aligned,union4_bonf,1,12
920,cross/aligned,dci_v3,1,12
920,cross/aligned,dci_v3_a8,1,12
920,cross/aligned,best_axis_oracle,1,10
920,cross/aligned,every_k2,0,6
920,cross/aligned,adwin,0,0
920,cross/aligned,mcusum,1,11
920,cross/aligned,sketch1,1,12
921,cross/aligned,always_multiD,1,11
921,cross/aligned,union4_bonf,1,11
921,cross/aligned,dci_v3,1,11
921,cross/aligned,dci_v3_a8,1,11
921,cross/aligned,best_axis_oracle,1,9
921,cross/aligned,every_k2,1,5
921,cross/aligned,adwin,0,0
921,cross/aligned,mcusum,1,11
921,cross/aligned,sketch1,1,11
922,cross/aligned,always_multiD,1,11
922,cross/aligned,union4_bonf,1,12
922,cross/aligned,dci_v3,1,12
922,cross/aligned,dci_v3_a8,1,12
922,cross/aligned,best_axis_oracle,1,11
922,cross/aligned,every_k2,1,5
922,cross/aligned,adwin,0,0
922,cross/aligned,mcusum,1,11
922,cross/aligned,sketch1,1,12
923,cross/aligned,always_multiD,1,11
923,cross/aligned,union4_bonf,1,11
923,cross/aligned,dci_v3,1,11
923,cross/aligned,dci_v3_a8,1,11
923,cross/aligned,best_axis_oracle,1,9
923,cross/aligned,every_k2,1,5
923,cross/aligned,adwin,0,0
923,cross/aligned,mcusum,1,11
923,cross/aligned,sketch1,1,11
924,cross/aligned,always_multiD,1,11
924,cross/aligned,union4_bonf,1,11
924,cross/aligned,dci_v3,1,11
924,cross/aligned,dci_v3_a8,1,11
924,cross/aligned,best_axis_oracle,1,9
924,cross/aligned,every_k2,0,6
924,cross/aligned,adwin,0,0
924,cross/aligned,mcusum,1,3
924,cross/aligned,sketch1,1,10
925,cross/aligned,always_multiD,1,11
925,cross/aligned,union4_bonf,1,11
925,cross/aligned,dci_v3,1,11
925,cross/aligned,dci_v3_a8,1,11
925,cross/aligned,best_axis_oracle,1,10
925,cross/aligned,every_k2,1,5
925,cross/aligned,adwin,0,0
925,cross/aligned,mcusum,1,8
925,cross/aligned,sketch1,1,11
926,cross/aligned,always_multiD,1,11
926,cross/aligned,union4_bonf,1,11
926,cross/aligned,dci_v3,1,11
926,cross/aligned,dci_v3_a8,1,11
926,cross/aligned,best_axis_oracle,1,9
926,cross/aligned,every_k2,0,6
926,cross/aligned,adwin,0,0
926,cross/aligned,mcusum,1,3
926,cross/aligned,sketch1,1,10
927,cross/aligned,always_multiD,1,11
927,cross/aligned,union4_bonf,1,11
927,cross/aligned,dci_v3,1,11
927,cross/aligned,dci_v3_a8,1,11
927,cross/aligned,best_axis_oracle,1,10
927,cross/aligned,every_k2,1,5
927,cross/aligned,adwin,0,0
927,cross/aligned,mcusum,1,6
927,cross/aligned,sketch1,1,10
928,cross/aligned,always_multiD,1,11
928,cross/aligned,union4_bonf,1,11
928,cross/aligned,dci_v3,1,11
928,cross/aligned,dci_v3_a8,1,11
928,cross/aligned,best_axis_oracle,1,10
928,cross/aligned,every_k2,0,6
928,cross/aligned,adwin,0,0
928,cross/aligned,mcusum,1,8
928,cross/aligned,sketch1,1,11
929,cross/aligned,always_multiD,1,11
929,cross/aligned,union4_bonf,1,11
929,cross/aligned,dci_v3,1,11
929,cross/aligned,dci_v3_a8,1,11
929,cross/aligned,best_axis_oracle,1,9
929,cross/aligned,every_k2,1,5
929,cross/aligned,adwin,0,0
929,cross/aligned,mcusum,1,3
929,cross/aligned,sketch1,1,10
930,cross/aligned,always_multiD,1,11
930,cross/aligned,union4_bonf,1,11
930,cross/aligned,dci_v3,1,11
930,cross/aligned,dci_v3_a8,1,11
930,cross/aligned,best_axis_oracle,1,11
930,cross/aligned,every_k2,1,5
930,cross/aligned,adwin,0,0
930,cross/aligned,mcusum,1,6
930,cross/aligned,sketch1,1,10
931,cross/aligned,always_multiD,1,11
931,cross/aligned,union4_bonf,1,11
931,cross/aligned,dci_v3,1,11
931,cross/aligned,dci_v3_a8,1,11
931,cross/aligned,best_axis_oracle,1,11
931,cross/aligned,every_k2,1,5
931,cross/aligned,adwin,0,0
931,cross/aligned,mcusum,1,7
931,cross/aligned,sketch1,1,11
932,cross/aligned,always_multiD,1,11
932,cross/aligned,union4_bonf,1,11
932,cross/aligned,dci_v3,1,11
932,cross/aligned,dci_v3_a8,1,11
932,cross/aligned,best_axis_oracle,1,10
932,cross/aligned,every_k2,1,5
932,cross/aligned,adwin,0,0
932,cross/aligned,mcusum,1,8
932,cross/aligned,sketch1,1,11
933,cross/aligned,always_multiD,1,11
933,cross/aligned,union4_bonf,1,11
933,cross/aligned,dci_v3,1,11
933,cross/aligned,dci_v3_a8,1,11
933,cross/aligned,best_axis_oracle,1,9
933,cross/aligned,every_k2,0,6
933,cross/aligned,adwin,0,0
933,cross/aligned,mcusum,1,3
933,cross/aligned,sketch1,1,10
934,cross/aligned,always_multiD,1,11
934,cross/aligned,union4_bonf,1,11
934,cross/aligned,dci_v3,1,11
934,cross/aligned,dci_v3_a8,1,11
934,cross/aligned,best_axis_oracle,1,10
934,cross/aligned,every_k2,0,6
934,cross/aligned,adwin,0,0
934,cross/aligned,mcusum,1,6
934,cross/aligned,sketch1,1,10
935,cross/aligned,always_multiD,1,8
935,cross/aligned,union4_bonf,1,11
935,cross/aligned,dci_v3,1,11
935,cross/aligned,dci_v3_a8,1,10
935,cross/aligned,best_axis_oracle,1,2
935,cross/aligned,every_k2,1,3
935,cross/aligned,adwin,0,0
935,cross/aligned,mcusum,1,0
935,cross/aligned,sketch1,0,0
936,cross/aligned,always_multiD,1,11
936,cross/aligned,union4_bonf,1,12
936,cross/aligned,dci_v3,1,12
936,cross/aligned,dci_v3_a8,1,12
936,cross/aligned,best_axis_oracle,1,3
936,cross/aligned,every_k2,1,5
936,cross/aligned,adwin,0,0
936,cross/aligned,mcusum,1,1
936,cross/aligned,sketch1,1,2
937,cross/aligned,always_multiD,1,6
937,cross/aligned,union4_bonf,1,11
937,cross/aligned,dci_v3,1,11
937,cross/aligned,dci_v3_a8,1,10
937,cross/aligned,best_axis_oracle,1,2
937,cross/aligned,every_k2,1,2
937,cross/aligned,adwin,0,0
937,cross/aligned,mcusum,1,1
937,cross/aligned,sketch1,0,0
938,cross/aligned,always_multiD,1,11
938,cross/aligned,union4_bonf,1,12
938,cross/aligned,dci_v3,1,12
938,cross/aligned,dci_v3_a8,1,12
938,cross/aligned,best_axis_oracle,1,2
938,cross/aligned,every_k2,1,5
938,cross/aligned,adwin,0,0
938,cross/aligned,mcusum,1,1
938,cross/aligned,sketch1,1,1
939,cross/aligned,always_multiD,1,6
939,cross/aligned,union4_bonf,1,11
939,cross/aligned,dci_v3,1,11
939,cross/aligned,dci_v3_a8,1,10
939,cross/aligned,best_axis_oracle,1,2
939,cross/aligned,every_k2,0,4
939,cross/aligned,adwin,0,0
939,cross/aligned,mcusum,1,1
939,cross/aligned,sketch1,0,0
940,cross/aligned,always_multiD,1,6
940,cross/aligned,union4_bonf,1,11
940,cross/aligned,dci_v3,1,11
940,cross/aligned,dci_v3_a8,1,9
940,cross/aligned,best_axis_oracle,1,2
940,cross/aligned,every_k2,0,4
940,cross/aligned,adwin,0,0
940,cross/aligned,mcusum,1,1
940,cross/aligned,sketch1,0,0
941,cross/aligned,always_multiD,1,11
941,cross/aligned,union4_bonf,1,11
941,cross/aligned,dci_v3,1,11
941,cross/aligned,dci_v3_a8,1,11
941,cross/aligned,best_axis_oracle,1,2
941,cross/aligned,every_k2,1,5
941,cross/aligned,adwin,0,0
941,cross/aligned,mcusum,1,1
941,cross/aligned,sketch1,0,1
942,cross/aligned,always_multiD,1,8
942,cross/aligned,union4_bonf,1,11
942,cross/aligned,dci_v3,1,11
942,cross/aligned,dci_v3_a8,1,10
942,cross/aligned,best_axis_oracle,1,2
942,cross/aligned,every_k2,1,3
942,cross/aligned,adwin,0,0
942,cross/aligned,mcusum,1,0
942,cross/aligned,sketch1,0,0
943,cross/aligned,always_multiD,1,11
943,cross/aligned,union4_bonf,1,11
943,cross/aligned,dci_v3,1,11
943,cross/aligned,dci_v3_a8,1,11
943,cross/aligned,best_axis_oracle,1,1
943,cross/aligned,every_k2,0,6
943,cross/aligned,adwin,0,0
943,cross/aligned,mcusum,1,1
943,cross/aligned,sketch1,0,0
944,cross/aligned,always_multiD,1,11
944,cross/aligned,union4_bonf,1,12
944,cross/aligned,dci_v3,1,12
944,cross/aligned,dci_v3_a8,1,12
944,cross/aligned,best_axis_oracle,1,3
944,cross/aligned,every_k2,0,6
944,cross/aligned,adwin,0,0
944,cross/aligned,mcusum,1,2
944,cross/aligned,sketch1,1,3
945,cross/aligned,always_multiD,1,11
945,cross/aligned,union4_bonf,1,11
945,cross/aligned,dci_v3,1,11
945,cross/aligned,dci_v3_a8,1,11
945,cross/aligned,best_axis_oracle,1,5
945,cross/aligned,every_k2,1,5
945,cross/aligned,adwin,0,0
945,cross/aligned,mcusum,1,1
945,cross/aligned,sketch1,1,5
946,cross/aligned,always_multiD,1,8
946,cross/aligned,union4_bonf,1,9
946,cross/aligned,dci_v3,1,9
946,cross/aligned,dci_v3_a8,1,8
946,cross/aligned,best_axis_oracle,1,2
946,cross/aligned,every_k2,1,3
946,cross/aligned,adwin,0,0
946,cross/aligned,mcusum,1,1
946,cross/aligned,sketch1,1,2
947,cross/aligned,always_multiD,1,8
947,cross/aligned,union4_bonf,1,8
947,cross/aligned,dci_v3,1,8
947,cross/aligned,dci_v3_a8,1,8
947,cross/aligned,best_axis_oracle,1,0
947,cross/aligned,every_k2,1,3
947,cross/aligned,adwin,0,0
947,cross/aligned,mcusum,1,1
947,cross/aligned,sketch1,0,0
948,cross/aligned,always_multiD,1,4
948,cross/aligned,union4_bonf,1,6
948,cross/aligned,dci_v3,1,6
948,cross/aligned,dci_v3_a8,1,6
948,cross/aligned,best_axis_oracle,1,0
948,cross/aligned,every_k2,0,2
948,cross/aligned,adwin,0,0
948,cross/aligned,mcusum,1,0
948,cross/aligned,sketch1,0,0
949,cross/aligned,always_multiD,1,8
949,cross/aligned,union4_bonf,1,9
949,cross/aligned,dci_v3,1,9
949,cross/aligned,dci_v3_a8,1,9
949,cross/aligned,best_axis_oracle,1,3
949,cross/aligned,every_k2,0,5
949,cross/aligned,adwin,0,0
949,cross/aligned,mcusum,1,2
949,cross/aligned,sketch1,1,0
950,cross/aligned,always_multiD,1,8
950,cross/aligned,union4_bonf,1,9
950,cross/aligned,dci_v3,1,9
950,cross/aligned,dci_v3_a8,1,9
950,cross/aligned,best_axis_oracle,1,3
950,cross/aligned,every_k2,1,3
950,cross/aligned,adwin,0,0
950,cross/aligned,mcusum,1,2
950,cross/aligned,sketch1,1,0
951,cross/aligned,always_multiD,1,8
951,cross/aligned,union4_bonf,1,9
951,cross/aligned,dci_v3,1,9
951,cross/aligned,dci_v3_a8,1,9
951,cross/aligned,best_axis_oracle,1,2
951,cross/aligned,every_k2,1,3
951,cross/aligned,adwin,0,0
951,cross/aligned,mcusum,1,1
951,cross/aligned,sketch1,1,2
952,cross/aligned,always_multiD,1,7
952,cross/aligned,union4_bonf,1,9
952,cross/aligned,dci_v3,1,9
952,cross/aligned,dci_v3_a8,1,9
952,cross/aligned,best_axis_oracle,1,3
952,cross/aligned,every_k2,1,3
952,cross/aligned,adwin,0,0
952,cross/aligned,mcusum,1,2
952,cross/aligned,sketch1,1,2
953,cross/aligned,always_multiD,1,9
953,cross/aligned,union4_bonf,1,9
953,cross/aligned,dci_v3,1,9
953,cross/aligned,dci_v3_a8,1,9
953,cross/aligned,best_axis_oracle,1,1
953,cross/aligned,every_k2,1,4
953,cross/aligned,adwin,0,0
953,cross/aligned,mcusum,1,2
953,cross/aligned,sketch1,0,0
954,cross/aligned,always_multiD,1,9
954,cross/aligned,union4_bonf,1,9
954,cross/aligned,dci_v3,1,9
954,cross/aligned,dci_v3_a8,1,9
954,cross/aligned,best_axis_oracle,1,1
954,cross/aligned,every_k2,0,5
954,cross/aligned,adwin,0,0
954,cross/aligned,mcusum,1,2
954,cross/aligned,sketch1,0,0
955,cross/aligned,always_multiD,1,8
955,cross/aligned,union4_bonf,1,9
955,cross/aligned,dci_v3,1,9
955,cross/aligned,dci_v3_a8,1,9
955,cross/aligned,best_axis_oracle,1,1
955,cross/aligned,every_k2,0,5
955,cross/aligned,adwin,0,0
955,cross/aligned,mcusum,1,1
955,cross/aligned,sketch1,0,0
956,cross/aligned,always_multiD,1,8
956,cross/aligned,union4_bonf,1,9
956,cross/aligned,dci_v3,1,9
956,cross/aligned,dci_v3_a8,1,9
956,cross/aligned,best_axis_oracle,1,1
956,cross/aligned,every_k2,0,5
956,cross/aligned,adwin,0,0
956,cross/aligned,mcusum,1,1
956,cross/aligned,sketch1,0,0
957,cross/aligned,always_multiD,1,11
957,cross/aligned,union4_bonf,1,11
957,cross/aligned,dci_v3,1,11
957,cross/aligned,dci_v3_a8,1,11
957,cross/aligned,best_axis_oracle,1,0
957,cross/aligned,every_k2,0,6
957,cross/aligned,adwin,0,0
957,cross/aligned,mcusum,1,3
957,cross/aligned,sketch1,1,7
958,cross/aligned,always_multiD,1,11
958,cross/aligned,union4_bonf,1,11
958,cross/aligned,dci_v3,1,11
958,cross/aligned,dci_v3_a8,1,11
958,cross/aligned,best_axis_oracle,1,0
958,cross/aligned,every_k2,0,6
958,cross/aligned,adwin,0,0
958,cross/aligned,mcusum,1,3
958,cross/aligned,sketch1,1,7
959,cross/aligned,always_multiD,1,11
959,cross/aligned,union4_bonf,1,11
959,cross/aligned,dci_v3,1,11
959,cross/aligned,dci_v3_a8,1,11
959,cross/aligned,best_axis_oracle,1,0
959,cross/aligned,every_k2,1,5
959,cross/aligned,adwin,0,0
959,cross/aligned,mcusum,1,3
959,cross/aligned,sketch1,1,7
960,cross/aligned,always_multiD,1,10
960,cross/aligned,union4_bonf,1,10
960,cross/aligned,dci_v3,1,10
960,cross/aligned,dci_v3_a8,1,10
960,cross/aligned,best_axis_oracle,1,0
960,cross/aligned,every_k2,1,5
960,cross/aligned,adwin,0,0
960,cross/aligned,mcusum,1,1
960,cross/aligned,sketch1,0,0
961,cross/aligned,always_multiD,1,11
961,cross/aligned,union4_bonf,1,11
961,cross/aligned,dci_v3,1,11
961,cross/aligned,dci_v3_a8,1,11
961,cross/aligned,best_axis_oracle,1,0
961,cross/aligned,every_k2,1,5
961,cross/aligned,adwin,0,0
961,cross/aligned,mcusum,1,2
961,cross/aligned,sketch1,0,0
962,cross/aligned,always_multiD,1,11
962,cross/aligned,union4_bonf,1,11
962,cross/aligned,dci_v3,1,11
962,cross/aligned,dci_v3_a8,1,11
962,cross/aligned,best_axis_oracle,1,0
962,cross/aligned,every_k2,1,5
962,cross/aligned,adwin,0,0
962,cross/aligned,mcusum,1,2
962,cross/aligned,sketch1,0,0
963,cross/aligned,always_multiD,1,11
963,cross/aligned,union4_bonf,1,11
963,cross/aligned,dci_v3,1,11
963,cross/aligned,dci_v3_a8,1,11
963,cross/aligned,best_axis_oracle,1,0
963,cross/aligned,every_k2,0,6
963,cross/aligned,adwin,0,0
963,cross/aligned,mcusum,1,3
963,cross/aligned,sketch1,1,7
964,cross/aligned,always_multiD,1,11
964,cross/aligned,union4_bonf,1,12
964,cross/aligned,dci_v3,1,12
964,cross/aligned,dci_v3_a8,1,12
964,cross/aligned,best_axis_oracle,1,1
964,cross/aligned,every_k2,0,6
964,cross/aligned,adwin,0,0
964,cross/aligned,mcusum,1,4
964,cross/aligned,sketch1,1,7
965,cross/aligned,always_multiD,1,11
965,cross/aligned,union4_bonf,1,11
965,cross/aligned,dci_v3,1,11
965,cross/aligned,dci_v3_a8,1,11
965,cross/aligned,best_axis_oracle,1,0
965,cross/aligned,every_k2,1,5
965,cross/aligned,adwin,0,0
965,cross/aligned,mcusum,1,3
965,cross/aligned,sketch1,1,7
966,cross/aligned,always_multiD,1,11
966,cross/aligned,union4_bonf,1,11
966,cross/aligned,dci_v3,1,11
966,cross/aligned,dci_v3_a8,1,11
966,cross/aligned,best_axis_oracle,1,0
966,cross/aligned,every_k2,0,6
966,cross/aligned,adwin,0,0
966,cross/aligned,mcusum,1,2
966,cross/aligned,sketch1,0,0
967,cross/aligned,always_multiD,1,10
967,cross/aligned,union4_bonf,1,10
967,cross/aligned,dci_v3,1,10
967,cross/aligned,dci_v3_a8,1,10
967,cross/aligned,best_axis_oracle,1,0
967,cross/aligned,every_k2,0,5
967,cross/aligned,adwin,0,0
967,cross/aligned,mcusum,1,1
967,cross/aligned,sketch1,0,0
968,cross/aligned,always_multiD,1,11
968,cross/aligned,union4_bonf,1,11
968,cross/aligned,dci_v3,1,11
968,cross/aligned,dci_v3_a8,1,11
968,cross/aligned,best_axis_oracle,1,0
968,cross/aligned,every_k2,0,6
968,cross/aligned,adwin,0,0
968,cross/aligned,mcusum,1,1
968,cross/aligned,sketch1,1,9
969,cross/aligned,always_multiD,1,11
969,cross/aligned,union4_bonf,1,11
969,cross/aligned,dci_v3,1,11
969,cross/aligned,dci_v3_a8,1,11
969,cross/aligned,best_axis_oracle,1,3
969,cross/aligned,every_k2,1,5
969,cross/aligned,adwin,0,0
969,cross/aligned,mcusum,1,3
969,cross/aligned,sketch1,1,11
970,cross/aligned,always_multiD,1,11
970,cross/aligned,union4_bonf,1,11
970,cross/aligned,dci_v3,1,11
970,cross/aligned,dci_v3_a8,1,11
970,cross/aligned,best_axis_oracle,1,0
970,cross/aligned,every_k2,0,6
970,cross/aligned,adwin,0,0
970,cross/aligned,mcusum,1,2
970,cross/aligned,sketch1,1,11
971,cross/aligned,always_multiD,1,11
971,cross/aligned,union4_bonf,1,11
971,cross/aligned,dci_v3,1,11
971,cross/aligned,dci_v3_a8,1,11
971,cross/aligned,best_axis_oracle,1,0
971,cross/aligned,every_k2,1,5
971,cross/aligned,adwin,0,0
971,cross/aligned,mcusum,1,1
971,cross/aligned,sketch1,1,7
972,cross/aligned,always_multiD,1,16
972,cross/aligned,union4_bonf,1,16
972,cross/aligned,dci_v3,1,16
972,cross/aligned,dci_v3_a8,1,16
972,cross/aligned,best_axis_oracle,1,4
972,cross/aligned,every_k2,1,7
972,cross/aligned,adwin,0,0
972,cross/aligned,mcusum,1,7
972,cross/aligned,sketch1,0,12
973,cross/aligned,always_multiD,1,15
973,cross/aligned,union4_bonf,1,14
973,cross/aligned,dci_v3,1,14
973,cross/aligned,dci_v3_a8,1,14
973,cross/aligned,best_axis_oracle,1,4
973,cross/aligned,every_k2,0,8
973,cross/aligned,adwin,0,0
973,cross/aligned,mcusum,1,4
973,cross/aligned,sketch1,1,6
974,cross/aligned,always_multiD,1,16
974,cross/aligned,union4_bonf,1,16
974,cross/aligned,dci_v3,1,16
974,cross/aligned,dci_v3_a8,1,16
974,cross/aligned,best_axis_oracle,1,4
974,cross/aligned,every_k2,0,9
974,cross/aligned,adwin,0,0
974,cross/aligned,mcusum,1,8
974,cross/aligned,sketch1,0,14
975,cross/aligned,always_multiD,1,16
975,cross/aligned,union4_bonf,1,16
975,cross/aligned,dci_v3,1,16
975,cross/aligned,dci_v3_a8,1,16
975,cross/aligned,best_axis_oracle,1,4
975,cross/aligned,every_k2,0,9
975,cross/aligned,adwin,0,0
975,cross/aligned,mcusum,1,8
975,cross/aligned,sketch1,0,16
976,cross/aligned,always_multiD,1,11
976,cross/aligned,union4_bonf,1,11
976,cross/aligned,dci_v3,1,11
976,cross/aligned,dci_v3_a8,1,11
976,cross/aligned,best_axis_oracle,1,0
976,cross/aligned,every_k2,1,5
976,cross/aligned,adwin,0,0
976,cross/aligned,mcusum,1,2
976,cross/aligned,sketch1,1,11
977,cross/aligned,always_multiD,1,11
977,cross/aligned,union4_bonf,1,11
977,cross/aligned,dci_v3,1,11
977,cross/aligned,dci_v3_a8,1,11
977,cross/aligned,best_axis_oracle,1,0
977,cross/aligned,every_k2,1,5
977,cross/aligned,adwin,0,0
977,cross/aligned,mcusum,1,1
977,cross/aligned,sketch1,1,5
978,cross/aligned,always_multiD,1,11
978,cross/aligned,union4_bonf,1,11
978,cross/aligned,dci_v3,1,11
978,cross/aligned,dci_v3_a8,1,11
978,cross/aligned,best_axis_oracle,1,0
978,cross/aligned,every_k2,1,5
978,cross/aligned,adwin,0,0
978,cross/aligned,mcusum,1,1
978,cross/aligned,sketch1,1,11
979,cross/aligned,always_multiD,1,11
979,cross/aligned,union4_bonf,1,11
979,cross/aligned,dci_v3,1,11
979,cross/aligned,dci_v3_a8,1,11
979,cross/aligned,best_axis_oracle,1,11
979,cross/aligned,every_k2,0,6
979,cross/aligned,adwin,0,0
979,cross/aligned,mcusum,1,11
979,cross/aligned,sketch1,0,0
980,cross/aligned,always_multiD,1,11
980,cross/aligned,union4_bonf,1,11
980,cross/aligned,dci_v3,1,11
980,cross/aligned,dci_v3_a8,1,11
980,cross/aligned,best_axis_oracle,1,11
980,cross/aligned,every_k2,0,6
980,cross/aligned,adwin,0,0
980,cross/aligned,mcusum,1,5
980,cross/aligned,sketch1,0,0
981,cross/aligned,always_multiD,1,16
981,cross/aligned,union4_bonf,1,16
981,cross/aligned,dci_v3,1,16
981,cross/aligned,dci_v3_a8,1,16
981,cross/aligned,best_axis_oracle,1,0
981,cross/aligned,every_k2,0,9
981,cross/aligned,adwin,0,0
981,cross/aligned,mcusum,1,14
981,cross/aligned,sketch1,1,5
982,cross/aligned,always_multiD,1,11
982,cross/aligned,union4_bonf,1,11
982,cross/aligned,dci_v3,1,11
982,cross/aligned,dci_v3_a8,1,11
982,cross/aligned,best_axis_oracle,1,11
982,cross/aligned,every_k2,0,6
982,cross/aligned,adwin,0,0
982,cross/aligned,mcusum,1,3
982,cross/aligned,sketch1,0,0
983,cross/aligned,always_multiD,1,16
983,cross/aligned,union4_bonf,1,16
983,cross/aligned,dci_v3,1,16
983,cross/aligned,dci_v3_a8,1,16
983,cross/aligned,best_axis_oracle,1,2
983,cross/aligned,every_k2,0,9
983,cross/aligned,adwin,0,0
983,cross/aligned,mcusum,1,14
983,cross/aligned,sketch1,1,16
984,cross/aligned,always_multiD,1,11
984,cross/aligned,union4_bonf,1,11
984,cross/aligned,dci_v3,1,11
984,cross/aligned,dci_v3_a8,1,11
984,cross/aligned,best_axis_oracle,1,11
984,cross/aligned,every_k2,1,5
984,cross/aligned,adwin,0,0
984,cross/aligned,mcusum,1,11
984,cross/aligned,sketch1,0,0
985,cross/aligned,always_multiD,1,11
985,cross/aligned,union4_bonf,1,11
985,cross/aligned,dci_v3,1,11
985,cross/aligned,dci_v3_a8,1,11
985,cross/aligned,best_axis_oracle,1,11
985,cross/aligned,every_k2,0,6
985,cross/aligned,adwin,0,0
985,cross/aligned,mcusum,1,11
985,cross/aligned,sketch1,0,0
986,cross/aligned,always_multiD,1,16
986,cross/aligned,union4_bonf,1,16
986,cross/aligned,dci_v3,1,16
986,cross/aligned,dci_v3_a8,1,16
986,cross/aligned,best_axis_oracle,1,0
986,cross/aligned,every_k2,0,9
986,cross/aligned,adwin,0,0
986,cross/aligned,mcusum,1,14
986,cross/aligned,sketch1,1,5
987,cross/aligned,always_multiD,1,11
987,cross/aligned,union4_bonf,1,11
987,cross/aligned,dci_v3,1,11
987,cross/aligned,dci_v3_a8,1,11
987,cross/aligned,best_axis_oracle,1,11
987,cross/aligned,every_k2,1,5
987,cross/aligned,adwin,0,0
987,cross/aligned,mcusum,1,11
987,cross/aligned,sketch1,0,0
988,cross/aligned,always_multiD,1,11
988,cross/aligned,union4_bonf,1,11
988,cross/aligned,dci_v3,1,11
988,cross/aligned,dci_v3_a8,1,11
988,cross/aligned,best_axis_oracle,1,11
988,cross/aligned,every_k2,0,6
988,cross/aligned,adwin,0,0
988,cross/aligned,mcusum,1,11
988,cross/aligned,sketch1,1,0
989,cross/aligned,always_multiD,1,11
989,cross/aligned,union4_bonf,1,11
989,cross/aligned,dci_v3,1,11
989,cross/aligned,dci_v3_a8,1,11
989,cross/aligned,best_axis_oracle,1,11
989,cross/aligned,every_k2,0,6
989,cross/aligned,adwin,0,0
989,cross/aligned,mcusum,1,11
989,cross/aligned,sketch1,1,0
990,cross/aligned,always_multiD,1,11
990,cross/aligned,union4_bonf,1,11
990,cross/aligned,dci_v3,1,11
990,cross/aligned,dci_v3_a8,1,11
990,cross/aligned,best_axis_oracle,1,11
990,cross/aligned,every_k2,0,6
990,cross/aligned,adwin,0,0
990,cross/aligned,mcusum,1,11
990,cross/aligned,sketch1,1,2
991,cross/aligned,always_multiD,1,16
991,cross/aligned,union4_bonf,1,16
991,cross/aligned,dci_v3,1,16
991,cross/aligned,dci_v3_a8,1,16
991,cross/aligned,best_axis_oracle,1,0
991,cross/aligned,every_k2,0,9
991,cross/aligned,adwin,0,0
991,cross/aligned,mcusum,1,14
991,cross/aligned,sketch1,1,8
992,cross/aligned,always_multiD,1,11
992,cross/aligned,union4_bonf,1,11
992,cross/aligned,dci_v3,1,11
992,cross/aligned,dci_v3_a8,1,11
992,cross/aligned,best_axis_oracle,1,11
992,cross/aligned,every_k2,0,6
992,cross/aligned,adwin,0,0
992,cross/aligned,mcusum,1,11
992,cross/aligned,sketch1,1,1
993,cross/aligned,always_multiD,1,11
993,cross/aligned,union4_bonf,1,11
993,cross/aligned,dci_v3,1,11
993,cross/aligned,dci_v3_a8,1,11
993,cross/aligned,best_axis_oracle,1,11
993,cross/aligned,every_k2,0,6
993,cross/aligned,adwin,0,0
993,cross/aligned,mcusum,1,11
993,cross/aligned,sketch1,1,2
994,cross/aligned,always_multiD,1,16
994,cross/aligned,union4_bonf,1,16
994,cross/aligned,dci_v3,1,16
994,cross/aligned,dci_v3_a8,1,16
994,cross/aligned,best_axis_oracle,1,15
994,cross/aligned,every_k2,1,7
994,cross/aligned,adwin,0,0
994,cross/aligned,mcusum,1,14
994,cross/aligned,sketch1,1,8
995,cross/aligned,always_multiD,1,16
995,cross/aligned,union4_bonf,1,16
995,cross/aligned,dci_v3,1,16
995,cross/aligned,dci_v3_a8,1,16
995,cross/aligned,best_axis_oracle,1,15
995,cross/aligned,every_k2,1,7
995,cross/aligned,adwin,0,0
995,cross/aligned,mcusum,1,14
995,cross/aligned,sketch1,1,8
996,cross/aligned,always_multiD,1,11
996,cross/aligned,union4_bonf,1,11
996,cross/aligned,dci_v3,1,11
996,cross/aligned,dci_v3_a8,1,11
996,cross/aligned,best_axis_oracle,1,11
996,cross/aligned,every_k2,0,6
996,cross/aligned,adwin,0,0
996,cross/aligned,mcusum,1,10
996,cross/aligned,sketch1,1,1
997,cross/aligned,always_multiD,1,16
997,cross/aligned,union4_bonf,1,16
997,cross/aligned,dci_v3,1,16
997,cross/aligned,dci_v3_a8,1,16
997,cross/aligned,best_axis_oracle,1,15
997,cross/aligned,every_k2,1,7
997,cross/aligned,adwin,0,0
997,cross/aligned,mcusum,1,14
997,cross/aligned,sketch1,1,5
998,cross/aligned,always_multiD,1,11
998,cross/aligned,union4_bonf,1,11
998,cross/aligned,dci_v3,1,11
998,cross/aligned,dci_v3_a8,1,11
998,cross/aligned,best_axis_oracle,1,11
998,cross/aligned,every_k2,1,5
998,cross/aligned,adwin,0,0
998,cross/aligned,mcusum,1,11
998,cross/aligned,sketch1,1,2
999,cross/aligned,always_multiD,1,11
999,cross/aligned,union4_bonf,1,11
999,cross/aligned,dci_v3,1,11
999,cross/aligned,dci_v3_a8,1,11
999,cross/aligned,best_axis_oracle,1,11
999,cross/aligned,every_k2,0,6
999,cross/aligned,adwin,0,0
999,cross/aligned,mcusum,1,10
999,cross/aligned,sketch1,1,1
1000,cross/aligned,always_multiD,1,11
1000,cross/aligned,union4_bonf,1,11
1000,cross/aligned,dci_v3,1,11
1000,cross/aligned,dci_v3_a8,1,11
1000,cross/aligned,best_axis_oracle,1,11
1000,cross/aligned,every_k2,1,5
1000,cross/aligned,adwin,0,0
1000,cross/aligned,mcusum,1,11
1000,cross/aligned,sketch1,0,1
1001,cross/aligned,always_multiD,1,11
1001,cross/aligned,union4_bonf,1,11
1001,cross/aligned,dci_v3,1,11
1001,cross/aligned,dci_v3_a8,1,11
1001,cross/aligned,best_axis_oracle,1,11
1001,cross/aligned,every_k2,0,6
1001,cross/aligned,adwin,0,0
1001,cross/aligned,mcusum,1,11
1001,cross/aligned,sketch1,1,11
1002,cross/aligned,always_multiD,1,16
1002,cross/aligned,union4_bonf,1,16
1002,cross/aligned,dci_v3,1,16
1002,cross/aligned,dci_v3_a8,1,16
1002,cross/aligned,best_axis_oracle,1,7
1002,cross/aligned,every_k2,0,9
1002,cross/aligned,adwin,0,0
1002,cross/aligned,mcusum,1,14
1002,cross/aligned,sketch1,1,16
1003,cross/aligned,always_multiD,1,16
1003,cross/aligned,union4_bonf,1,16
1003,cross/aligned,dci_v3,1,16
1003,cross/aligned,dci_v3_a8,1,16
1003,cross/aligned,best_axis_oracle,1,3
1003,cross/aligned,every_k2,0,9
1003,cross/aligned,adwin,0,0
1003,cross/aligned,mcusum,1,14
1003,cross/aligned,sketch1,1,13
1004,cross/aligned,always_multiD,1,16
1004,cross/aligned,union4_bonf,1,16
1004,cross/aligned,dci_v3,1,16
1004,cross/aligned,dci_v3_a8,1,16
1004,cross/aligned,best_axis_oracle,1,4
1004,cross/aligned,every_k2,0,9
1004,cross/aligned,adwin,0,0
1004,cross/aligned,mcusum,1,14
1004,cross/aligned,sketch1,1,16
1005,cross/aligned,always_multiD,1,11
1005,cross/aligned,union4_bonf,1,11
1005,cross/aligned,dci_v3,1,11
1005,cross/aligned,dci_v3_a8,1,11
1005,cross/aligned,best_axis_oracle,1,11
1005,cross/aligned,every_k2,0,6
1005,cross/aligned,adwin,0,0
1005,cross/aligned,mcusum,1,11
1005,cross/aligned,sketch1,1,10
1006,cross/aligned,always_multiD,1,16
1006,cross/aligned,union4_bonf,1,16
1006,cross/aligned,dci_v3,1,16
1006,cross/aligned,dci_v3_a8,1,16
1006,cross/aligned,best_axis_oracle,1,3
1006,cross/aligned,every_k2,1,7
1006,cross/aligned,adwin,0,0
1006,cross/aligned,mcusum,1,14
1006,cross/aligned,sketch1,1,16
1007,cross/aligned,always_multiD,1,11
1007,cross/aligned,union4_bonf,1,10
1007,cross/aligned,dci_v3,1,10
1007,cross/aligned,dci_v3_a8,1,10
1007,cross/aligned,best_axis_oracle,1,10
1007,cross/aligned,every_k2,1,5
1007,cross/aligned,adwin,0,0
1007,cross/aligned,mcusum,1,3
1007,cross/aligned,sketch1,1,0
1008,cross/aligned,always_multiD,1,11
1008,cross/aligned,union4_bonf,1,11
1008,cross/aligned,dci_v3,1,11
1008,cross/aligned,dci_v3_a8,1,11
1008,cross/aligned,best_axis_oracle,1,11
1008,cross/aligned,every_k2,0,6
1008,cross/aligned,adwin,0,0
1008,cross/aligned,mcusum,1,11
1008,cross/aligned,sketch1,1,10
1009,cross/aligned,always_multiD,1,11
1009,cross/aligned,union4_bonf,1,10
1009,cross/aligned,dci_v3,1,10
1009,cross/aligned,dci_v3_a8,1,11
1009,cross/aligned,best_axis_oracle,1,10
1009,cross/aligned,every_k2,0,6
1009,cross/aligned,adwin,0,0
1009,cross/aligned,mcusum,1,3
1009,cross/aligned,sketch1,1,0
1010,cross/aligned,always_multiD,1,16
1010,cross/aligned,union4_bonf,1,16
1010,cross/aligned,dci_v3,1,16
1010,cross/aligned,dci_v3_a8,1,16
1010,cross/aligned,best_axis_oracle,1,4
1010,cross/aligned,every_k2,1,7
1010,cross/aligned,adwin,0,0
1010,cross/aligned,mcusum,1,14
1010,cross/aligned,sketch1,1,16
1011,cross/aligned,always_multiD,1,16
1011,cross/aligned,union4_bonf,1,16
1011,cross/aligned,dci_v3,1,16
1011,cross/aligned,dci_v3_a8,1,16
1011,cross/aligned,best_axis_oracle,1,4
1011,cross/aligned,every_k2,1,7
1011,cross/aligned,adwin,0,0
1011,cross/aligned,mcusum,1,14
1011,cross/aligned,sketch1,1,16
1012,cross/aligned,always_multiD,1,16
1012,cross/aligned,union4_bonf,1,16
1012,cross/aligned,dci_v3,1,16
1012,cross/aligned,dci_v3_a8,1,16
1012,cross/aligned,best_axis_oracle,1,0
1012,cross/aligned,every_k2,1,7
1012,cross/aligned,adwin,0,0
1012,cross/aligned,mcusum,1,13
1012,cross/aligned,sketch1,1,13
1013,cross/aligned,always_multiD,1,9
1013,cross/aligned,union4_bonf,1,7
1013,cross/aligned,dci_v3,1,7
1013,cross/aligned,dci_v3_a8,1,7
1013,cross/aligned,best_axis_oracle,1,7
1013,cross/aligned,every_k2,1,4
1013,cross/aligned,adwin,0,0
1013,cross/aligned,mcusum,1,7
1013,cross/aligned,sketch1,0,7
1014,cross/aligned,always_multiD,1,15
1014,cross/aligned,union4_bonf,1,12
1014,cross/aligned,dci_v3,1,12
1014,cross/aligned,dci_v3_a8,1,13
1014,cross/aligned,best_axis_oracle,1,3
1014,cross/aligned,every_k2,1,7
1014,cross/aligned,adwin,0,0
1014,cross/aligned,mcusum,1,10
1014,cross/aligned,sketch1,1,8
1015,cross/aligned,always_multiD,1,9
1015,cross/aligned,union4_bonf,1,7
1015,cross/aligned,dci_v3,1,7
1015,cross/aligned,dci_v3_a8,1,7
1015,cross/aligned,best_axis_oracle,1,7
1015,cross/aligned,every_k2,0,5
1015,cross/aligned,adwin,0,0
1015,cross/aligned,mcusum,1,7
1015,cross/aligned,sketch1,0,7
1016,cross/aligned,always_multiD,1,16
1016,cross/aligned,union4_bonf,1,16
1016,cross/aligned,dci_v3,1,16
1016,cross/aligned,dci_v3_a8,1,16
1016,cross/aligned,best_axis_oracle,1,15
1016,cross/aligned,every_k2,1,7
1016,cross/aligned,adwin,0,0
1016,cross/aligned,mcusum,1,14
1016,cross/aligned,sketch1,1,10
1017,cross/aligned,always_multiD,1,10
1017,cross/aligned,union4_bonf,1,10
1017,cross/aligned,dci_v3,1,10
1017,cross/aligned,dci_v3_a8,1,10
1017,cross/aligned,best_axis_oracle,1,10
1017,cross/aligned,every_k2,1,5
1017,cross/aligned,adwin,0,0
1017,cross/aligned,mcusum,1,8
1017,cross/aligned,sketch1,0,7
1018,cross/aligned,always_multiD,1,9
1018,cross/aligned,union4_bonf,1,9
1018,cross/aligned,dci_v3,1,9
1018,cross/aligned,dci_v3_a8,1,9
1018,cross/aligned,best_axis_oracle,1,10
1018,cross/aligned,every_k2,1,4
1018,cross/aligned,adwin,0,0
1018,cross/aligned,mcusum,1,7
1018,cross/aligned,sketch1,1,5
1019,cross/aligned,always_multiD,1,10
1019,cross/aligned,union4_bonf,1,8
1019,cross/aligned,dci_v3,1,8
1019,cross/aligned,dci_v3_a8,1,8
1019,cross/aligned,best_axis_oracle,1,10
1019,cross/aligned,every_k2,1,4
1019,cross/aligned,adwin,0,0
1019,cross/aligned,mcusum,1,7
1019,cross/aligned,sketch1,1,5
1020,cross/aligned,always_multiD,1,15
1020,cross/aligned,union4_bonf,1,12
1020,cross/aligned,dci_v3,1,12
1020,cross/aligned,dci_v3_a8,1,12
1020,cross/aligned,best_axis_oracle,1,3
1020,cross/aligned,every_k2,1,7
1020,cross/aligned,adwin,0,0
1020,cross/aligned,mcusum,1,10
1020,cross/aligned,sketch1,1,8
1021,cross/aligned,always_multiD,1,16
1021,cross/aligned,union4_bonf,1,16
1021,cross/aligned,dci_v3,1,16
1021,cross/aligned,dci_v3_a8,1,16
1021,cross/aligned,best_axis_oracle,1,14
1021,cross/aligned,every_k2,0,9
1021,cross/aligned,adwin,0,0
1021,cross/aligned,mcusum,1,10
1021,cross/aligned,sketch1,1,12
1022,cross/aligned,always_multiD,1,11
1022,cross/aligned,union4_bonf,1,11
1022,cross/aligned,dci_v3,1,11
1022,cross/aligned,dci_v3_a8,1,11
1022,cross/aligned,best_axis_oracle,1,11
1022,cross/aligned,every_k2,1,5
1022,cross/aligned,adwin,0,0
1022,cross/aligned,mcusum,1,8
1022,cross/aligned,sketch1,0,4
1023,cross/aligned,always_multiD,1,9
1023,cross/aligned,union4_bonf,1,9
1023,cross/aligned,dci_v3,1,9
1023,cross/aligned,dci_v3_a8,1,9
1023,cross/aligned,best_axis_oracle,1,6
1023,cross/aligned,every_k2,0,7
1023,cross/aligned,adwin,0,0
1023,cross/aligned,mcusum,1,4
1023,cross/aligned,sketch1,0,7
1024,cross/aligned,always_multiD,1,9
1024,cross/aligned,union4_bonf,1,7
1024,cross/aligned,dci_v3,1,7
1024,cross/aligned,dci_v3_a8,1,8
1024,cross/aligned,best_axis_oracle,1,3
1024,cross/aligned,every_k2,1,5
1024,cross/aligned,adwin,0,0
1024,cross/aligned,mcusum,1,1
1024,cross/aligned,sketch1,0,3
1025,cross/aligned,always_multiD,1,2
1025,cross/aligned,union4_bonf,1,2
1025,cross/aligned,dci_v3,1,2
1025,cross/aligned,dci_v3_a8,1,2
1025,cross/aligned,best_axis_oracle,1,1
1025,cross/aligned,every_k2,0,2
1025,cross/aligned,adwin,0,0
1025,cross/aligned,mcusum,1,0
1025,cross/aligned,sketch1,1,0
1026,cross/aligned,always_multiD,1,16
1026,cross/aligned,union4_bonf,1,16
1026,cross/aligned,dci_v3,1,16
1026,cross/aligned,dci_v3_a8,1,16
1026,cross/aligned,best_axis_oracle,1,1
1026,cross/aligned,every_k2,0,9
1026,cross/aligned,adwin,0,0
1026,cross/aligned,mcusum,1,14
1026,cross/aligned,sketch1,1,13
1027,cross/aligned,always_multiD,1,5
1027,cross/aligned,union4_bonf,1,3
1027,cross/aligned,dci_v3,1,3
1027,cross/aligned,dci_v3_a8,1,3
1027,cross/aligned,best_axis_oracle,1,3
1027,cross/aligned,every_k2,1,2
1027,cross/aligned,adwin,0,0
1027,cross/aligned,mcusum,1,0
1027,cross/aligned,sketch1,0,3
1028,cross/aligned,always_multiD,1,14
1028,cross/aligned,union4_bonf,1,13
1028,cross/aligned,dci_v3,1,13
1028,cross/aligned,dci_v3_a8,1,13
1028,cross/aligned,best_axis_oracle,1,8
1028,cross/aligned,every_k2,0,7
1028,cross/aligned,adwin,0,0
1028,cross/aligned,mcusum,1,5
1028,cross/aligned,sketch1,1,10
1029,cross/aligned,always_multiD,1,8
1029,cross/aligned,union4_bonf,1,8
1029,cross/aligned,dci_v3,1,8
1029,cross/aligned,dci_v3_a8,1,8
1029,cross/aligned,best_axis_oracle,1,7
1029,cross/aligned,every_k2,0,4
1029,cross/aligned,adwin,0,0
1029,cross/aligned,mcusum,1,3
1029,cross/aligned,sketch1,0,1
1030,cross/aligned,always_multiD,1,9
1030,cross/aligned,union4_bonf,1,7
1030,cross/aligned,dci_v3,1,7
1030,cross/aligned,dci_v3_a8,1,7
1030,cross/aligned,best_axis_oracle,1,3
1030,cross/aligned,every_k2,0,4
1030,cross/aligned,adwin,0,0
1030,cross/aligned,mcusum,1,1
1030,cross/aligned,sketch1,0,3
1031,cross/aligned,always_multiD,1,14
1031,cross/aligned,union4_bonf,1,13
1031,cross/aligned,dci_v3,1,13
1031,cross/aligned,dci_v3_a8,1,13
1031,cross/aligned,best_axis_oracle,1,8
1031,cross/aligned,every_k2,0,7
1031,cross/aligned,adwin,0,0
1031,cross/aligned,mcusum,1,5
1031,cross/aligned,sketch1,1,10
1032,cross/aligned,always_multiD,1,11
1032,cross/aligned,union4_bonf,1,11
1032,cross/aligned,dci_v3,1,11
1032,cross/aligned,dci_v3_a8,1,11
1032,cross/aligned,best_axis_oracle,1,11
1032,cross/aligned,every_k2,1,5
1032,cross/aligned,adwin,0,0
1032,cross/aligned,mcusum,1,11
1032,cross/aligned,sketch1,0,0
1033,cross/aligned,always_multiD,1,11
1033,cross/aligned,union4_bonf,1,11
1033,cross/aligned,dci_v3,1,11
1033,cross/aligned,dci_v3_a8,1,11
1033,cross/aligned,best_axis_oracle,1,11
1033,cross/aligned,every_k2,1,5
1033,cross/aligned,adwin,0,0
1033,cross/aligned,mcusum,1,11
1033,cross/aligned,sketch1,1,11
1034,cross/aligned,always_multiD,1,11
1034,cross/aligned,union4_bonf,1,11
1034,cross/aligned,dci_v3,1,11
1034,cross/aligned,dci_v3_a8,1,11
1034,cross/aligned,best_axis_oracle,1,7
1034,cross/aligned,every_k2,1,5
1034,cross/aligned,adwin,0,0
1034,cross/aligned,mcusum,1,5
1034,cross/aligned,sketch1,1,10
1035,cross/aligned,always_multiD,1,11
1035,cross/aligned,union4_bonf,1,11
1035,cross/aligned,dci_v3,1,11
1035,cross/aligned,dci_v3_a8,1,11
1035,cross/aligned,best_axis_oracle,1,7
1035,cross/aligned,every_k2,0,6
1035,cross/aligned,adwin,0,0
1035,cross/aligned,mcusum,1,6
1035,cross/aligned,sketch1,1,11
1036,cross/aligned,always_multiD,1,11
1036,cross/aligned,union4_bonf,1,11
1036,cross/aligned,dci_v3,1,11
1036,cross/aligned,dci_v3_a8,1,11
1036,cross/aligned,best_axis_oracle,1,6
1036,cross/aligned,every_k2,1,5
1036,cross/aligned,adwin,0,0
1036,cross/aligned,mcusum,1,4
1036,cross/aligned,sketch1,1,11
1037,cross/aligned,always_multiD,1,11
1037,cross/aligned,union4_bonf,1,11
1037,cross/aligned,dci_v3,1,11
1037,cross/aligned,dci_v3_a8,1,11
1037,cross/aligned,best_axis_oracle,1,7
1037,cross/aligned,every_k2,1,5
1037,cross/aligned,adwin,0,0
1037,cross/aligned,mcusum,1,6
1037,cross/aligned,sketch1,1,11
1038,cross/aligned,always_multiD,1,11
1038,cross/aligned,union4_bonf,1,11
1038,cross/aligned,dci_v3,1,11
1038,cross/aligned,dci_v3_a8,1,11
1038,cross/aligned,best_axis_oracle,1,6
1038,cross/aligned,every_k2,0,6
1038,cross/aligned,adwin,0,0
1038,cross/aligned,mcusum,1,4
1038,cross/aligned,sketch1,1,11
1039,cross/aligned,always_multiD,1,16
1039,cross/aligned,union4_bonf,1,16
1039,cross/aligned,dci_v3,1,16
1039,cross/aligned,dci_v3_a8,1,16
1039,cross/aligned,best_axis_oracle,1,11
1039,cross/aligned,every_k2,1,7
1039,cross/aligned,adwin,0,0
1039,cross/aligned,mcusum,1,11
1039,cross/aligned,sketch1,0,16
1040,cross/aligned,always_multiD,1,11
1040,cross/aligned,union4_bonf,1,11
1040,cross/aligned,dci_v3,1,11
1040,cross/aligned,dci_v3_a8,1,11
1040,cross/aligned,best_axis_oracle,1,6
1040,cross/aligned,every_k2,1,5
1040,cross/aligned,adwin,0,0
1040,cross/aligned,mcusum,1,4
1040,cross/aligned,sketch1,1,11
1041,cross/aligned,always_multiD,1,11
1041,cross/aligned,union4_bonf,1,11
1041,cross/aligned,dci_v3,1,11
1041,cross/aligned,dci_v3_a8,1,11
1041,cross/aligned,best_axis_oracle,1,9
1041,cross/aligned,every_k2,1,5
1041,cross/aligned,adwin,0,0
1041,cross/aligned,mcusum,1,5
1041,cross/aligned,sketch1,1,10
1042,cross/aligned,always_multiD,1,11
1042,cross/aligned,union4_bonf,1,11
1042,cross/aligned,dci_v3,1,11
1042,cross/aligned,dci_v3_a8,1,11
1042,cross/aligned,best_axis_oracle,1,9
1042,cross/aligned,every_k2,0,6
1042,cross/aligned,adwin,0,0
1042,cross/aligned,mcusum,1,7
1042,cross/aligned,sketch1,1,10
1043,cross/aligned,always_multiD,1,11
1043,cross/aligned,union4_bonf,1,11
1043,cross/aligned,dci_v3,1,11
1043,cross/aligned,dci_v3_a8,1,11
1043,cross/aligned,best_axis_oracle,1,9
1043,cross/aligned,every_k2,1,5
1043,cross/aligned,adwin,0,0
1043,cross/aligned,mcusum,1,5
1043,cross/aligned,sketch1,1,10
1044,cross/aligned,always_multiD,1,11
1044,cross/aligned,union4_bonf,1,11
1044,cross/aligned,dci_v3,1,11
1044,cross/aligned,dci_v3_a8,1,11
1044,cross/aligned,best_axis_oracle,1,9
1044,cross/aligned,every_k2,0,6
1044,cross/aligned,adwin,0,0
1044,cross/aligned,mcusum,1,5
1044,cross/aligned,sketch1,1,10
1045,cross/aligned,always_multiD,1,11
1045,cross/aligned,union4_bonf,1,11
1045,cross/aligned,dci_v3,1,11
1045,cross/aligned,dci_v3_a8,1,11
1045,cross/aligned,best_axis_oracle,1,11
1045,cross/aligned,every_k2,0,6
1045,cross/aligned,adwin,0,0
1045,cross/aligned,mcusum,1,11
1045,cross/aligned,sketch1,0,0
1046,cross/aligned,always_multiD,1,11
1046,cross/aligned,union4_bonf,1,11
1046,cross/aligned,dci_v3,1,11
1046,cross/aligned,dci_v3_a8,1,11
1046,cross/aligned,best_axis_oracle,1,11
1046,cross/aligned,every_k2,1,5
1046,cross/aligned,adwin,0,0
1046,cross/aligned,mcusum,1,11
1046,cross/aligned,sketch1,1,0
1047,cross/aligned,always_multiD,1,16
1047,cross/aligned,union4_bonf,1,16
1047,cross/aligned,dci_v3,1,16
1047,cross/aligned,dci_v3_a8,1,16
1047,cross/aligned,best_axis_oracle,1,1
1047,cross/aligned,every_k2,1,7
1047,cross/aligned,adwin,0,0
1047,cross/aligned,mcusum,1,14
1047,cross/aligned,sketch1,1,5
1048,cross/aligned,always_multiD,1,11
1048,cross/aligned,union4_bonf,1,11
1048,cross/aligned,dci_v3,1,11
1048,cross/aligned,dci_v3_a8,1,11
1048,cross/aligned,best_axis_oracle,1,11
1048,cross/aligned,every_k2,1,5
1048,cross/aligned,adwin,0,0
1048,cross/aligned,mcusum,1,11
1048,cross/aligned,sketch1,1,0
1049,cross/aligned,always_multiD,1,11
1049,cross/aligned,union4_bonf,1,11
1049,cross/aligned,dci_v3,1,11
1049,cross/aligned,dci_v3_a8,1,11
1049,cross/aligned,best_axis_oracle,1,11
1049,cross/aligned,every_k2,1,5
1049,cross/aligned,adwin,0,0
1049,cross/aligned,mcusum,1,11
1049,cross/aligned,sketch1,1,0
1050,cross/aligned,always_multiD,1,11
1050,cross/aligned,union4_bonf,1,11
1050,cross/aligned,dci_v3,1,11
1050,cross/aligned,dci_v3_a8,1,11
1050,cross/aligned,best_axis_oracle,1,11
1050,cross/aligned,every_k2,0,6
1050,cross/aligned,adwin,0,0
1050,cross/aligned,mcusum,1,11
1050,cross/aligned,sketch1,1,0
1051,cross/aligned,always_multiD,1,16
1051,cross/aligned,union4_bonf,1,16
1051,cross/aligned,dci_v3,1,16
1051,cross/aligned,dci_v3_a8,1,16
1051,cross/aligned,best_axis_oracle,1,0
1051,cross/aligned,every_k2,1,7
1051,cross/aligned,adwin,0,0
1051,cross/aligned,mcusum,1,14
1051,cross/aligned,sketch1,1,5
1052,cross/aligned,always_multiD,1,11
1052,cross/aligned,union4_bonf,1,11
1052,cross/aligned,dci_v3,1,11
1052,cross/aligned,dci_v3_a8,1,11
1052,cross/aligned,best_axis_oracle,1,11
1052,cross/aligned,every_k2,1,5
1052,cross/aligned,adwin,0,0
1052,cross/aligned,mcusum,1,11
1052,cross/aligned,sketch1,0,0
1053,cross/aligned,always_multiD,1,11
1053,cross/aligned,union4_bonf,1,11
1053,cross/aligned,dci_v3,1,11
1053,cross/aligned,dci_v3_a8,1,11
1053,cross/aligned,best_axis_oracle,1,11
1053,cross/aligned,every_k2,1,5
1053,cross/aligned,adwin,0,0
1053,cross/aligned,mcusum,1,11
1053,cross/aligned,sketch1,1,0
1054,cross/aligned,always_multiD,1,16
1054,cross/aligned,union4_bonf,1,16
1054,cross/aligned,dci_v3,1,16
1054,cross/aligned,dci_v3_a8,1,16
1054,cross/aligned,best_axis_oracle,1,0
1054,cross/aligned,every_k2,0,9
1054,cross/aligned,adwin,0,0
1054,cross/aligned,mcusum,1,14
1054,cross/aligned,sketch1,1,5
1055,cross/aligned,always_multiD,1,11
1055,cross/aligned,union4_bonf,1,11
1055,cross/aligned,dci_v3,1,11
1055,cross/aligned,dci_v3_a8,1,11
1055,cross/aligned,best_axis_oracle,1,11
1055,cross/aligned,every_k2,1,5
1055,cross/aligned,adwin,0,0
1055,cross/aligned,mcusum,1,11
1055,cross/aligned,sketch1,1,0
1056,cross/aligned,always_multiD,1,16
1056,cross/aligned,union4_bonf,1,16
1056,cross/aligned,dci_v3,1,16
1056,cross/aligned,dci_v3_a8,1,16
1056,cross/aligned,best_axis_oracle,1,1
1056,cross/aligned,every_k2,0,9
1056,cross/aligned,adwin,0,0
1056,cross/aligned,mcusum,1,6
1056,cross/aligned,sketch1,1,5
1057,cross/aligned,always_multiD,1,16
1057,cross/aligned,union4_bonf,1,16
1057,cross/aligned,dci_v3,1,16
1057,cross/aligned,dci_v3_a8,1,16
1057,cross/aligned,best_axis_oracle,1,2
1057,cross/aligned,every_k2,0,9
1057,cross/aligned,adwin,0,0
1057,cross/aligned,mcusum,1,6
1057,cross/aligned,sketch1,1,5
1058,cross/aligned,always_multiD,1,9
1058,cross/aligned,union4_bonf,1,11
1058,cross/aligned,dci_v3,1,11
1058,cross/aligned,dci_v3_a8,1,10
1058,cross/aligned,best_axis_oracle,1,11
1058,cross/aligned,every_k2,1,4
1058,cross/aligned,adwin,0,0
1058,cross/aligned,mcusum,1,0
1058,cross/aligned,sketch1,0,0
1059,cross/aligned,always_multiD,1,16
1059,cross/aligned,union4_bonf,1,16
1059,cross/aligned,dci_v3,1,16
1059,cross/aligned,dci_v3_a8,1,16
1059,cross/aligned,best_axis_oracle,1,1
1059,cross/aligned,every_k2,0,9
1059,cross/aligned,adwin,0,0
1059,cross/aligned,mcusum,1,6
1059,cross/aligned,sketch1,1,5
1060,cross/aligned,always_multiD,1,11
1060,cross/aligned,union4_bonf,1,11
1060,cross/aligned,dci_v3,1,11
1060,cross/aligned,dci_v3_a8,1,11
1060,cross/aligned,best_axis_oracle,1,11
1060,cross/aligned,every_k2,0,6
1060,cross/aligned,adwin,0,0
1060,cross/aligned,mcusum,1,3
1060,cross/aligned,sketch1,1,0
1061,cross/aligned,always_multiD,1,16
1061,cross/aligned,union4_bonf,1,16
1061,cross/aligned,dci_v3,1,16
1061,cross/aligned,dci_v3_a8,1,16
1061,cross/aligned,best_axis_oracle,1,2
1061,cross/aligned,every_k2,1,7
1061,cross/aligned,adwin,0,0
1061,cross/aligned,mcusum,1,6
1061,cross/aligned,sketch1,1,5
1062,cross/aligned,always_multiD,1,11
1062,cross/aligned,union4_bonf,1,11
1062,cross/aligned,dci_v3,1,11
1062,cross/aligned,dci_v3_a8,1,11
1062,cross/aligned,best_axis_oracle,1,11
1062,cross/aligned,every_k2,1,5
1062,cross/aligned,adwin,0,0
1062,cross/aligned,mcusum,1,1
1062,cross/aligned,sketch1,0,0
1063,cross/aligned,always_multiD,1,11
1063,cross/aligned,union4_bonf,1,11
1063,cross/aligned,dci_v3,1,11
1063,cross/aligned,dci_v3_a8,1,11
1063,cross/aligned,best_axis_oracle,1,11
1063,cross/aligned,every_k2,1,5
1063,cross/aligned,adwin,0,0
1063,cross/aligned,mcusum,1,1
1063,cross/aligned,sketch1,0,0
1064,cross/aligned,always_multiD,1,11
1064,cross/aligned,union4_bonf,1,11
1064,cross/aligned,dci_v3,1,11
1064,cross/aligned,dci_v3_a8,1,11
1064,cross/aligned,best_axis_oracle,1,11
1064,cross/aligned,every_k2,0,6
1064,cross/aligned,adwin,0,0
1064,cross/aligned,mcusum,1,5
1064,cross/aligned,sketch1,1,0
1065,cross/aligned,always_multiD,1,16
1065,cross/aligned,union4_bonf,1,16
1065,cross/aligned,dci_v3,1,16
1065,cross/aligned,dci_v3_a8,1,16
1065,cross/aligned,best_axis_oracle,1,2
1065,cross/aligned,every_k2,0,9
1065,cross/aligned,adwin,0,0
1065,cross/aligned,mcusum,1,6
1065,cross/aligned,sketch1,1,5
1066,cross/aligned,always_multiD,1,16
1066,cross/aligned,union4_bonf,1,16
1066,cross/aligned,dci_v3,1,16
1066,cross/aligned,dci_v3_a8,1,16
1066,cross/aligned,best_axis_oracle,1,1
1066,cross/aligned,every_k2,1,7
1066,cross/aligned,adwin,0,0
1066,cross/aligned,mcusum,1,5
1066,cross/aligned,sketch1,1,5
1067,cross/aligned,always_multiD,1,16
1067,cross/aligned,union4_bonf,1,16
1067,cross/aligned,dci_v3,1,16
1067,cross/aligned,dci_v3_a8,1,16
1067,cross/aligned,best_axis_oracle,1,6
1067,cross/aligned,every_k2,1,7
1067,cross/aligned,adwin,0,0
1067,cross/aligned,mcusum,1,14
1067,cross/aligned,sketch1,1,7
1068,cross/aligned,always_multiD,1,11
1068,cross/aligned,union4_bonf,1,11
1068,cross/aligned,dci_v3,1,11
1068,cross/aligned,dci_v3_a8,1,11
1068,cross/aligned,best_axis_oracle,1,11
1068,cross/aligned,every_k2,1,5
1068,cross/aligned,adwin,0,0
1068,cross/aligned,mcusum,1,11
1068,cross/aligned,sketch1,1,2
1069,cross/aligned,always_multiD,1,16
1069,cross/aligned,union4_bonf,1,16
1069,cross/aligned,dci_v3,1,16
1069,cross/aligned,dci_v3_a8,1,16
1069,cross/aligned,best_axis_oracle,1,6
1069,cross/aligned,every_k2,0,9
1069,cross/aligned,adwin,0,0
1069,cross/aligned,mcusum,1,14
1069,cross/aligned,sketch1,1,7
1070,cross/aligned,always_multiD,1,16
1070,cross/aligned,union4_bonf,1,16
1070,cross/aligned,dci_v3,1,16
1070,cross/aligned,dci_v3_a8,1,16
1070,cross/aligned,best_axis_oracle,1,6
1070,cross/aligned,every_k2,1,7
1070,cross/aligned,adwin,0,0
1070,cross/aligned,mcusum,1,14
1070,cross/aligned,sketch1,1,5
1071,cross/aligned,always_multiD,1,11
1071,cross/aligned,union4_bonf,1,11
1071,cross/aligned,dci_v3,1,11
1071,cross/aligned,dci_v3_a8,1,11
1071,cross/aligned,best_axis_oracle,1,11
1071,cross/aligned,every_k2,1,5
1071,cross/aligned,adwin,0,0
1071,cross/aligned,mcusum,1,11
1071,cross/aligned,sketch1,1,0
1072,cross/aligned,always_multiD,1,11
1072,cross/aligned,union4_bonf,1,11
1072,cross/aligned,dci_v3,1,11
1072,cross/aligned,dci_v3_a8,1,11
1072,cross/aligned,best_axis_oracle,1,11
1072,cross/aligned,every_k2,0,6
1072,cross/aligned,adwin,0,0
1072,cross/aligned,mcusum,1,11
1072,cross/aligned,sketch1,1,2
1073,cross/aligned,always_multiD,1,16
1073,cross/aligned,union4_bonf,1,16
1073,cross/aligned,dci_v3,1,16
1073,cross/aligned,dci_v3_a8,1,16
1073,cross/aligned,best_axis_oracle,1,9
1073,cross/aligned,every_k2,0,9
1073,cross/aligned,adwin,0,0
1073,cross/aligned,mcusum,1,14
1073,cross/aligned,sketch1,1,5
1074,cross/aligned,always_multiD,1,16
1074,cross/aligned,union4_bonf,1,16
1074,cross/aligned,dci_v3,1,16
1074,cross/aligned,dci_v3_a8,1,16
1074,cross/aligned,best_axis_oracle,1,9
1074,cross/aligned,every_k2,1,7
1074,cross/aligned,adwin,0,0
1074,cross/aligned,mcusum,1,14
1074,cross/aligned,sketch1,1,5
1075,cross/aligned,always_multiD,1,11
1075,cross/aligned,union4_bonf,1,11
1075,cross/aligned,dci_v3,1,11
1075,cross/aligned,dci_v3_a8,1,11
1075,cross/aligned,best_axis_oracle,1,11
1075,cross/aligned,every_k2,0,6
1075,cross/aligned,adwin,0,0
1075,cross/aligned,mcusum,1,11
1075,cross/aligned,sketch1,0,1
1076,cross/aligned,always_multiD,1,11
1076,cross/aligned,union4_bonf,1,11
1076,cross/aligned,dci_v3,1,11
1076,cross/aligned,dci_v3_a8,1,11
1076,cross/aligned,best_axis_oracle,1,11
1076,cross/aligned,every_k2,1,5
1076,cross/aligned,adwin,0,0
1076,cross/aligned,mcusum,1,11
1076,cross/aligned,sketch1,0,1
1077,cross/aligned,always_multiD,1,16
1077,cross/aligned,union4_bonf,1,16
1077,cross/aligned,dci_v3,1,16
1077,cross/aligned,dci_v3_a8,1,16
1077,cross/aligned,best_axis_oracle,1,9
1077,cross/aligned,every_k2,1,7
1077,cross/aligned,adwin,0,0
1077,cross/aligned,mcusum,1,14
1077,cross/aligned,sketch1,1,5
1078,cross/aligned,always_multiD,1,11
1078,cross/aligned,union4_bonf,1,11
1078,cross/aligned,dci_v3,1,11
1078,cross/aligned,dci_v3_a8,1,11
1078,cross/aligned,best_axis_oracle,1,11
1078,cross/aligned,every_k2,1,5
1078,cross/aligned,adwin,0,0
1078,cross/aligned,mcusum,1,0
1078,cross/aligned,sketch1,0,0
1079,cross/aligned,always_multiD,1,11
1079,cross/aligned,union4_bonf,1,11
1079,cross/aligned,dci_v3,1,11
1079,cross/aligned,dci_v3_a8,1,11
1079,cross/aligned,best_axis_oracle,1,11
1079,cross/aligned,every_k2,0,6
1079,cross/aligned,adwin,0,0
1079,cross/aligned,mcusum,1,3
1079,cross/aligned,sketch1,1,0
1080,cross/aligned,always_multiD,1,11
1080,cross/aligned,union4_bonf,1,11
1080,cross/aligned,dci_v3,1,11
1080,cross/aligned,dci_v3_a8,1,11
1080,cross/aligned,best_axis_oracle,1,11
1080,cross/aligned,every_k2,1,5
1080,cross/aligned,adwin,0,0
1080,cross/aligned,mcusum,1,0
1080,cross/aligned,sketch1,0,0
1081,cross/aligned,always_multiD,1,11
1081,cross/aligned,union4_bonf,1,11
1081,cross/aligned,dci_v3,1,11
1081,cross/aligned,dci_v3_a8,1,11
1081,cross/aligned,best_axis_oracle,1,11
1081,cross/aligned,every_k2,1,5
1081,cross/aligned,adwin,0,0
1081,cross/aligned,mcusum,1,0
1081,cross/aligned,sketch1,0,0
1082,cross/aligned,always_multiD,1,16
1082,cross/aligned,union4_bonf,1,16
1082,cross/aligned,dci_v3,1,16
1082,cross/aligned,dci_v3_a8,1,16
1082,cross/aligned,best_axis_oracle,1,8
1082,cross/aligned,every_k2,1,7
1082,cross/aligned,adwin,0,0
1082,cross/aligned,mcusum,1,6
1082,cross/aligned,sketch1,1,5
1083,cross/aligned,always_multiD,1,16
1083,cross/aligned,union4_bonf,1,16
1083,cross/aligned,dci_v3,1,16
1083,cross/aligned,dci_v3_a8,1,16
1083,cross/aligned,best_axis_oracle,1,8
1083,cross/aligned,every_k2,1,7
1083,cross/aligned,adwin,0,0
1083,cross/aligned,mcusum,1,6
1083,cross/aligned,sketch1,1,5
1084,cross/aligned,always_multiD,1,11
1084,cross/aligned,union4_bonf,1,11
1084,cross/aligned,dci_v3,1,11
1084,cross/aligned,dci_v3_a8,1,11
1084,cross/aligned,best_axis_oracle,1,11
1084,cross/aligned,every_k2,1,5
1084,cross/aligned,adwin,0,0
1084,cross/aligned,mcusum,1,0
1084,cross/aligned,sketch1,0,0
1085,cross/aligned,always_multiD,1,16
1085,cross/aligned,union4_bonf,1,16
1085,cross/aligned,dci_v3,1,16
1085,cross/aligned,dci_v3_a8,1,16
1085,cross/aligned,best_axis_oracle,1,11
1085,cross/aligned,every_k2,0,9
1085,cross/aligned,adwin,0,0
1085,cross/aligned,mcusum,1,5
1085,cross/aligned,sketch1,1,5
1086,cross/aligned,always_multiD,1,11
1086,cross/aligned,union4_bonf,1,11
1086,cross/aligned,dci_v3,1,11
1086,cross/aligned,dci_v3_a8,1,11
1086,cross/aligned,best_axis_oracle,1,11
1086,cross/aligned,every_k2,0,6
1086,cross/aligned,adwin,0,0
1086,cross/aligned,mcusum,1,3
1086,cross/aligned,sketch1,1,0
1087,cross/aligned,always_multiD,1,11
1087,cross/aligned,union4_bonf,1,11
1087,cross/aligned,dci_v3,1,11
1087,cross/aligned,dci_v3_a8,1,11
1087,cross/aligned,best_axis_oracle,1,11
1087,cross/aligned,every_k2,1,5
1087,cross/aligned,adwin,0,0
1087,cross/aligned,mcusum,1,3
1087,cross/aligned,sketch1,1,0
1088,cross/aligned,always_multiD,1,11
1088,cross/aligned,union4_bonf,1,11
1088,cross/aligned,dci_v3,1,11
1088,cross/aligned,dci_v3_a8,1,11
1088,cross/aligned,best_axis_oracle,1,11
1088,cross/aligned,every_k2,1,5
1088,cross/aligned,adwin,0,0
1088,cross/aligned,mcusum,1,0
1088,cross/aligned,sketch1,0,0
1089,cross/aligned,always_multiD,1,11
1089,cross/aligned,union4_bonf,1,12
1089,cross/aligned,dci_v3,1,12
1089,cross/aligned,dci_v3_a8,1,11
1089,cross/aligned,best_axis_oracle,1,11
1089,cross/aligned,every_k2,0,6
1089,cross/aligned,adwin,0,0
1089,cross/aligned,mcusum,1,11
1089,cross/aligned,sketch1,1,12
1090,cross/aligned,always_multiD,1,11
1090,cross/aligned,union4_bonf,1,12
1090,cross/aligned,dci_v3,1,12
1090,cross/aligned,dci_v3_a8,1,12
1090,cross/aligned,best_axis_oracle,1,7
1090,cross/aligned,every_k2,0,6
1090,cross/aligned,adwin,0,0
1090,cross/aligned,mcusum,1,10
1090,cross/aligned,sketch1,0,12
1091,cross/aligned,always_multiD,1,11
1091,cross/aligned,union4_bonf,1,12
1091,cross/aligned,dci_v3,1,12
1091,cross/aligned,dci_v3_a8,1,12
1091,cross/aligned,best_axis_oracle,1,11
1091,cross/aligned,every_k2,1,5
1091,cross/aligned,adwin,0,0
1091,cross/aligned,mcusum,1,11
1091,cross/aligned,sketch1,1,12
1092,cross/aligned,always_multiD,1,11
1092,cross/aligned,union4_bonf,1,11
1092,cross/aligned,dci_v3,1,11
1092,cross/aligned,dci_v3_a8,1,11
1092,cross/aligned,best_axis_oracle,1,11
1092,cross/aligned,every_k2,0,6
1092,cross/aligned,adwin,0,0
1092,cross/aligned,mcusum,1,11
1092,cross/aligned,sketch1,1,11
1093,cross/aligned,always_multiD,1,11
1093,cross/aligned,union4_bonf,1,11
1093,cross/aligned,dci_v3,1,11
1093,cross/aligned,dci_v3_a8,1,11
1093,cross/aligned,best_axis_oracle,1,11
1093,cross/aligned,every_k2,0,6
1093,cross/aligned,adwin,0,0
1093,cross/aligned,mcusum,1,11
1093,cross/aligned,sketch1,1,11
1094,cross/aligned,always_multiD,1,11
1094,cross/aligned,union4_bonf,1,11
1094,cross/aligned,dci_v3,1,11
1094,cross/aligned,dci_v3_a8,1,11
1094,cross/aligned,best_axis_oracle,1,11
1094,cross/aligned,every_k2,0,6
1094,cross/aligned,adwin,0,0
1094,cross/aligned,mcusum,1,11
1094,cross/aligned,sketch1,1,11
1095,cross/aligned,always_multiD,1,11
1095,cross/aligned,union4_bonf,1,11
1095,cross/aligned,dci_v3,1,11
1095,cross/aligned,dci_v3_a8,1,11
1095,cross/aligned,best_axis_oracle,1,11
1095,cross/aligned,every_k2,0,6
1095,cross/aligned,adwin,0,0
1095,cross/aligned,mcusum,1,11
1095,cross/aligned,sketch1,1,10
1096,cross/aligned,always_multiD,1,11
1096,cross/aligned,union4_bonf,1,11
1096,cross/aligned,dci_v3,1,11
1096,cross/aligned,dci_v3_a8,1,11
1096,cross/aligned,best_axis_oracle,1,7
1096,cross/aligned,every_k2,1,5
1096,cross/aligned,adwin,0,0
1096,cross/aligned,mcusum,1,11
1096,cross/aligned,sketch1,1,11
1097,cross/aligned,always_multiD,1,11
1097,cross/aligned,union4_bonf,1,11
1097,cross/aligned,dci_v3,1,11
1097,cross/aligned,dci_v3_a8,1,11
1097,cross/aligned,best_axis_oracle,1,10
1097,cross/aligned,every_k2,0,6
1097,cross/aligned,adwin,0,0
1097,cross/aligned,mcusum,1,11
1097,cross/aligned,sketch1,1,11
1098,cross/aligned,always_multiD,1,11
1098,cross/aligned,union4_bonf,1,11
1098,cross/aligned,dci_v3,1,11
1098,cross/aligned,dci_v3_a8,1,11
1098,cross/aligned,best_axis_oracle,1,11
1098,cross/aligned,every_k2,1,5
1098,cross/aligned,adwin,0,0
1098,cross/aligned,mcusum,1,11
1098,cross/aligned,sketch1,1,11
1099,cross/aligned,always_multiD,1,11
1099,cross/aligned,union4_bonf,1,11
1099,cross/aligned,dci_v3,1,11
1099,cross/aligned,dci_v3_a8,1,11
1099,cross/aligned,best_axis_oracle,1,11
1099,cross/aligned,every_k2,1,5
1099,cross/aligned,adwin,0,0
1099,cross/aligned,mcusum,1,11
1099,cross/aligned,sketch1,1,11
1100,cross/aligned,always_multiD,1,11
1100,cross/aligned,union4_bonf,1,11
1100,cross/aligned,dci_v3,1,11
1100,cross/aligned,dci_v3_a8,1,11
1100,cross/aligned,best_axis_oracle,1,11
1100,cross/aligned,every_k2,1,5
1100,cross/aligned,adwin,0,0
1100,cross/aligned,mcusum,1,11
1100,cross/aligned,sketch1,1,11
1101,cross/aligned,always_multiD,1,11
1101,cross/aligned,union4_bonf,1,11
1101,cross/aligned,dci_v3,1,11
1101,cross/aligned,dci_v3_a8,1,11
1101,cross/aligned,best_axis_oracle,1,1
1101,cross/aligned,every_k2,0,6
1101,cross/aligned,adwin,0,0
1101,cross/aligned,mcusum,1,6
1101,cross/aligned,sketch1,1,11
1102,cross/aligned,always_multiD,1,11
1102,cross/aligned,union4_bonf,1,11
1102,cross/aligned,dci_v3,1,11
1102,cross/aligned,dci_v3_a8,1,11
1102,cross/aligned,best_axis_oracle,1,11
1102,cross/aligned,every_k2,1,5
1102,cross/aligned,adwin,0,0
1102,cross/aligned,mcusum,1,11
1102,cross/aligned,sketch1,1,11
1103,cross/aligned,always_multiD,1,11
1103,cross/aligned,union4_bonf,1,11
1103,cross/aligned,dci_v3,1,11
1103,cross/aligned,dci_v3_a8,1,11
1103,cross/aligned,best_axis_oracle,1,1
1103,cross/aligned,every_k2,0,6
1103,cross/aligned,adwin,0,0
1103,cross/aligned,mcusum,1,11
1103,cross/aligned,sketch1,1,7
1104,cross/aligned,always_multiD,1,11
1104,cross/aligned,union4_bonf,1,11
1104,cross/aligned,dci_v3,1,11
1104,cross/aligned,dci_v3_a8,1,11
1104,cross/aligned,best_axis_oracle,1,11
1104,cross/aligned,every_k2,1,5
1104,cross/aligned,adwin,0,0
1104,cross/aligned,mcusum,1,11
1104,cross/aligned,sketch1,1,11
1105,cross/aligned,always_multiD,1,11
1105,cross/aligned,union4_bonf,1,11
1105,cross/aligned,dci_v3,1,11
1105,cross/aligned,dci_v3_a8,1,11
1105,cross/aligned,best_axis_oracle,1,11
1105,cross/aligned,every_k2,1,5
1105,cross/aligned,adwin,0,0
1105,cross/aligned,mcusum,1,11
1105,cross/aligned,sketch1,1,11
1106,cross/aligned,always_multiD,1,11
1106,cross/aligned,union4_bonf,1,12
1106,cross/aligned,dci_v3,1,12
1106,cross/aligned,dci_v3_a8,1,12
1106,cross/aligned,best_axis_oracle,1,1
1106,cross/aligned,every_k2,1,5
1106,cross/aligned,adwin,0,0
1106,cross/aligned,mcusum,1,11
1106,cross/aligned,sketch1,0,12
1107,cross/aligned,always_multiD,1,11
1107,cross/aligned,union4_bonf,1,12
1107,cross/aligned,dci_v3,1,12
1107,cross/aligned,dci_v3_a8,1,12
1107,cross/aligned,best_axis_oracle,1,1
1107,cross/aligned,every_k2,1,5
1107,cross/aligned,adwin,0,0
1107,cross/aligned,mcusum,1,5
1107,cross/aligned,sketch1,0,12
1108,cross/aligned,always_multiD,1,11
1108,cross/aligned,union4_bonf,1,12
1108,cross/aligned,dci_v3,1,12
1108,cross/aligned,dci_v3_a8,1,12
1108,cross/aligned,best_axis_oracle,1,1
1108,cross/aligned,every_k2,1,5
1108,cross/aligned,adwin,0,0
1108,cross/aligned,mcusum,1,11
1108,cross/aligned,sketch1,0,12
1109,cross/aligned,always_multiD,1,11
1109,cross/aligned,union4_bonf,1,12
1109,cross/aligned,dci_v3,1,12
1109,cross/aligned,dci_v3_a8,1,12
1109,cross/aligned,best_axis_oracle,1,1
1109,cross/aligned,every_k2,1,5
1109,cross/aligned,adwin,0,0
1109,cross/aligned,mcusum,1,11
1109,cross/aligned,sketch1,0,12
1110,cross/aligned,always_multiD,1,11
1110,cross/aligned,union4_bonf,1,11
1110,cross/aligned,dci_v3,1,11
1110,cross/aligned,dci_v3_a8,1,11
1110,cross/aligned,best_axis_oracle,1,11
1110,cross/aligned,every_k2,0,6
1110,cross/aligned,adwin,0,0
1110,cross/aligned,mcusum,1,11
1110,cross/aligned,sketch1,1,11
1111,cross/aligned,always_multiD,1,11
1111,cross/aligned,union4_bonf,1,12
1111,cross/aligned,dci_v3,1,12
1111,cross/aligned,dci_v3_a8,1,12
1111,cross/aligned,best_axis_oracle,1,7
1111,cross/aligned,every_k2,1,5
1111,cross/aligned,adwin,0,0
1111,cross/aligned,mcusum,1,10
1111,cross/aligned,sketch1,0,6
1112,cross/aligned,always_multiD,1,11
1112,cross/aligned,union4_bonf,1,11
1112,cross/aligned,dci_v3,1,11
1112,cross/aligned,dci_v3_a8,1,11
1112,cross/aligned,best_axis_oracle,1,7
1112,cross/aligned,every_k2,1,5
1112,cross/aligned,adwin,0,0
1112,cross/aligned,mcusum,1,11
1112,cross/aligned,sketch1,1,4
1113,cross/aligned,always_multiD,1,11
1113,cross/aligned,union4_bonf,1,11
1113,cross/aligned,dci_v3,1,11
1113,cross/aligned,dci_v3_a8,1,11
1113,cross/aligned,best_axis_oracle,1,4
1113,cross/aligned,every_k2,0,6
1113,cross/aligned,adwin,0,0
1113,cross/aligned,mcusum,1,11
1113,cross/aligned,sketch1,1,3
1114,cross/aligned,always_multiD,1,11
1114,cross/aligned,union4_bonf,1,11
1114,cross/aligned,dci_v3,1,11
1114,cross/aligned,dci_v3_a8,1,11
1114,cross/aligned,best_axis_oracle,1,11
1114,cross/aligned,every_k2,1,5
1114,cross/aligned,adwin,0,0
1114,cross/aligned,mcusum,1,11
1114,cross/aligned,sketch1,1,8
1115,cross/aligned,always_multiD,1,11
1115,cross/aligned,union4_bonf,1,11
1115,cross/aligned,dci_v3,1,11
1115,cross/aligned,dci_v3_a8,1,11
1115,cross/aligned,best_axis_oracle,1,7
1115,cross/aligned,every_k2,1,5
1115,cross/aligned,adwin,0,0
1115,cross/aligned,mcusum,1,11
1115,cross/aligned,sketch1,1,5
1116,cross/aligned,always_multiD,1,11
1116,cross/aligned,union4_bonf,1,12
1116,cross/aligned,dci_v3,1,12
1116,cross/aligned,dci_v3_a8,1,12
1116,cross/aligned,best_axis_oracle,1,5
1116,cross/aligned,every_k2,0,6
1116,cross/aligned,adwin,0,0
1116,cross/aligned,mcusum,1,11
1116,cross/aligned,sketch1,0,6
1117,cross/aligned,always_multiD,1,11
1117,cross/aligned,union4_bonf,1,11
1117,cross/aligned,dci_v3,1,11
1117,cross/aligned,dci_v3_a8,1,11
1117,cross/aligned,best_axis_oracle,1,11
1117,cross/aligned,every_k2,1,5
1117,cross/aligned,adwin,0,0
1117,cross/aligned,mcusum,1,11
1117,cross/aligned,sketch1,1,9
1118,cross/aligned,always_multiD,1,11
1118,cross/aligned,union4_bonf,1,11
1118,cross/aligned,dci_v3,1,11
1118,cross/aligned,dci_v3_a8,1,11
1118,cross/aligned,best_axis_oracle,1,7
1118,cross/aligned,every_k2,1,5
1118,cross/aligned,adwin,0,0
1118,cross/aligned,mcusum,1,11
1118,cross/aligned,sketch1,1,5
1119,cross/aligned,always_multiD,1,11
1119,cross/aligned,union4_bonf,1,11
1119,cross/aligned,dci_v3,1,11
1119,cross/aligned,dci_v3_a8,1,11
1119,cross/aligned,best_axis_oracle,1,11
1119,cross/aligned,every_k2,1,5
1119,cross/aligned,adwin,0,0
1119,cross/aligned,mcusum,1,11
1119,cross/aligned,sketch1,1,11
1120,cross/aligned,always_multiD,1,11
1120,cross/aligned,union4_bonf,1,12
1120,cross/aligned,dci_v3,1,12
1120,cross/aligned,dci_v3_a8,1,12
1120,cross/aligned,best_axis_oracle,1,5
1120,cross/aligned,every_k2,0,6
1120,cross/aligned,adwin,0,0
1120,cross/aligned,mcusum,1,10
1120,cross/aligned,sketch1,0,3
1121,cross/aligned,always_multiD,1,11
1121,cross/aligned,union4_bonf,1,11
1121,cross/aligned,dci_v3,1,11
1121,cross/aligned,dci_v3_a8,1,11
1121,cross/aligned,best_axis_oracle,1,11
1121,cross/aligned,every_k2,0,6
1121,cross/aligned,adwin,0,0
1121,cross/aligned,mcusum,1,11
1121,cross/aligned,sketch1,1,9
1122,cross/aligned,always_multiD,1,11
1122,cross/aligned,union4_bonf,1,12
1122,cross/aligned,dci_v3,1,12
1122,cross/aligned,dci_v3_a8,1,12
1122,cross/aligned,best_axis_oracle,1,2
1122,cross/aligned,every_k2,1,5
1122,cross/aligned,adwin,0,0
1122,cross/aligned,mcusum,1,11
1122,cross/aligned,sketch1,0,12
1123,cross/aligned,always_multiD,1,11
1123,cross/aligned,union4_bonf,1,11
1123,cross/aligned,dci_v3,1,11
1123,cross/aligned,dci_v3_a8,1,11
1123,cross/aligned,best_axis_oracle,1,5
1123,cross/aligned,every_k2,0,6
1123,cross/aligned,adwin,0,0
1123,cross/aligned,mcusum,1,11
1123,cross/aligned,sketch1,1,7
1124,cross/aligned,always_multiD,1,11
1124,cross/aligned,union4_bonf,1,11
1124,cross/aligned,dci_v3,1,11
1124,cross/aligned,dci_v3_a8,1,11
1124,cross/aligned,best_axis_oracle,1,5
1124,cross/aligned,every_k2,0,6
1124,cross/aligned,adwin,0,0
1124,cross/aligned,mcusum,1,11
1124,cross/aligned,sketch1,1,7
1125,cross/aligned,always_multiD,1,11
1125,cross/aligned,union4_bonf,1,11
1125,cross/aligned,dci_v3,1,11
1125,cross/aligned,dci_v3_a8,1,11
1125,cross/aligned,best_axis_oracle,1,11
1125,cross/aligned,every_k2,0,6
1125,cross/aligned,adwin,0,0
1125,cross/aligned,mcusum,1,11
1125,cross/aligned,sketch1,1,11
1126,cross/aligned,always_multiD,1,11
1126,cross/aligned,union4_bonf,1,12
1126,cross/aligned,dci_v3,1,12
1126,cross/aligned,dci_v3_a8,1,12
1126,cross/aligned,best_axis_oracle,1,2
1126,cross/aligned,every_k2,0,6
1126,cross/aligned,adwin,0,0
1126,cross/aligned,mcusum,1,11
1126,cross/aligned,sketch1,0,12
1127,cross/aligned,always_multiD,1,11
1127,cross/aligned,union4_bonf,1,12
1127,cross/aligned,dci_v3,1,12
1127,cross/aligned,dci_v3_a8,1,12
1127,cross/aligned,best_axis_oracle,1,2
1127,cross/aligned,every_k2,0,6
1127,cross/aligned,adwin,0,0
1127,cross/aligned,mcusum,1,11
1127,cross/aligned,sketch1,0,12
1128,cross/aligned,always_multiD,1,11
1128,cross/aligned,union4_bonf,1,11
1128,cross/aligned,dci_v3,1,11
1128,cross/aligned,dci_v3_a8,1,11
1128,cross/aligned,best_axis_oracle,1,11
1128,cross/aligned,every_k2,0,6
1128,cross/aligned,adwin,0,0
1128,cross/aligned,mcusum,1,11
1128,cross/aligned,sketch1,1,9
1129,cross/aligned,always_multiD,1,11
1129,cross/aligned,union4_bonf,1,12
1129,cross/aligned,dci_v3,1,12
1129,cross/aligned,dci_v3_a8,1,12
1129,cross/aligned,best_axis_oracle,1,2
1129,cross/aligned,every_k2,0,6
1129,cross/aligned,adwin,0,0
1129,cross/aligned,mcusum,1,10
1129,cross/aligned,sketch1,0,12
1130,cross/aligned,always_multiD,1,11
1130,cross/aligned,union4_bonf,1,11
1130,cross/aligned,dci_v3,1,11
1130,cross/aligned,dci_v3_a8,1,11
1130,cross/aligned,best_axis_oracle,1,3
1130,cross/aligned,every_k2,1,5
1130,cross/aligned,adwin,0,0
1130,cross/aligned,mcusum,1,10
1130,cross/aligned,sketch1,1,9
1131,cross/aligned,always_multiD,1,11
1131,cross/aligned,union4_bonf,1,11
1131,cross/aligned,dci_v3,1,11
1131,cross/aligned,dci_v3_a8,1,11
1131,cross/aligned,best_axis_oracle,1,11
1131,cross/aligned,every_k2,0,6
1131,cross/aligned,adwin,0,0
1131,cross/aligned,mcusum,1,11
1131,cross/aligned,sketch1,1,11
1132,cross/aligned,always_multiD,1,11
1132,cross/aligned,union4_bonf,1,11
1132,cross/aligned,dci_v3,1,11
1132,cross/aligned,dci_v3_a8,1,11
1132,cross/aligned,best_axis_oracle,1,11
1132,cross/aligned,every_k2,1,5
1132,cross/aligned,adwin,0,0
1132,cross/aligned,mcusum,1,11
1132,cross/aligned,sketch1,1,11
1133,cross/aligned,always_multiD,1,10
1133,cross/aligned,union4_bonf,1,10
1133,cross/aligned,dci_v3,1,10
1133,cross/aligned,dci_v3_a8,1,10
1133,cross/aligned,best_axis_oracle,1,1
1133,cross/aligned,every_k2,0,6
1133,cross/aligned,adwin,0,0
1133,cross/aligned,mcusum,1,7
1133,cross/aligned,sketch1,1,6
1134,cross/aligned,always_multiD,1,11
1134,cross/aligned,union4_bonf,1,11
1134,cross/aligned,dci_v3,1,11
1134,cross/aligned,dci_v3_a8,1,11
1134,cross/aligned,best_axis_oracle,1,6
1134,cross/aligned,every_k2,1,5
1134,cross/aligned,adwin,0,0
1134,cross/aligned,mcusum,1,11
1134,cross/aligned,sketch1,1,8
1135,cross/aligned,always_multiD,1,11
1135,cross/aligned,union4_bonf,1,10
1135,cross/aligned,dci_v3,1,10
1135,cross/aligned,dci_v3_a8,1,10
1135,cross/aligned,best_axis_oracle,1,1
1135,cross/aligned,every_k2,0,6
1135,cross/aligned,adwin,0,0
1135,cross/aligned,mcusum,1,8
1135,cross/aligned,sketch1,1,9
1136,cross/aligned,always_multiD,1,11
1136,cross/aligned,union4_bonf,1,12
1136,cross/aligned,dci_v3,1,12
1136,cross/aligned,dci_v3_a8,1,12
1136,cross/aligned,best_axis_oracle,1,3
1136,cross/aligned,every_k2,0,6
1136,cross/aligned,adwin,0,0
1136,cross/aligned,mcusum,1,9
1136,cross/aligned,sketch1,0,7
1137,cross/aligned,always_multiD,1,11
1137,cross/aligned,union4_bonf,1,11
1137,cross/aligned,dci_v3,1,11
1137,cross/aligned,dci_v3_a8,1,11
1137,cross/aligned,best_axis_oracle,1,6
1137,cross/aligned,every_k2,0,6
1137,cross/aligned,adwin,0,0
1137,cross/aligned,mcusum,1,11
1137,cross/aligned,sketch1,1,8
1138,cross/aligned,always_multiD,1,11
1138,cross/aligned,union4_bonf,1,11
1138,cross/aligned,dci_v3,1,11
1138,cross/aligned,dci_v3_a8,1,11
1138,cross/aligned,best_axis_oracle,1,6
1138,cross/aligned,every_k2,0,6
1138,cross/aligned,adwin,0,0
1138,cross/aligned,mcusum,1,11
1138,cross/aligned,sketch1,1,8
1139,cross/aligned,always_multiD,1,11
1139,cross/aligned,union4_bonf,1,11
1139,cross/aligned,dci_v3,1,11
1139,cross/aligned,dci_v3_a8,1,11
1139,cross/aligned,best_axis_oracle,1,4
1139,cross/aligned,every_k2,1,5
1139,cross/aligned,adwin,0,0
1139,cross/aligned,mcusum,1,8
1139,cross/aligned,sketch1,1,8
1140,cross/aligned,always_multiD,1,11
1140,cross/aligned,union4_bonf,1,11
1140,cross/aligned,dci_v3,1,11
1140,cross/aligned,dci_v3_a8,1,11
1140,cross/aligned,best_axis_oracle,1,1
1140,cross/aligned,every_k2,1,5
1140,cross/aligned,adwin,0,0
1140,cross/aligned,mcusum,1,8
1140,cross/aligned,sketch1,1,7
1141,cross/aligned,always_multiD,1,11
1141,cross/aligned,union4_bonf,1,11
1141,cross/aligned,dci_v3,1,11
1141,cross/aligned,dci_v3_a8,1,11
1141,cross/aligned,best_axis_oracle,1,6
1141,cross/aligned,every_k2,1,5
1141,cross/aligned,adwin,0,0
1141,cross/aligned,mcusum,1,11
1141,cross/aligned,sketch1,1,8
1142,cross/aligned,always_multiD,1,11
1142,cross/aligned,union4_bonf,1,12
1142,cross/aligned,dci_v3,1,12
1142,cross/aligned,dci_v3_a8,1,12
1142,cross/aligned,best_axis_oracle,1,6
1142,cross/aligned,every_k2,1,5
1142,cross/aligned,adwin,0,0
1142,cross/aligned,mcusum,1,8
1142,cross/aligned,sketch1,0,9
1143,cross/aligned,always_multiD,1,11
1143,cross/aligned,union4_bonf,1,11
1143,cross/aligned,dci_v3,1,11
1143,cross/aligned,dci_v3_a8,1,11
1143,cross/aligned,best_axis_oracle,1,6
1143,cross/aligned,every_k2,1,5
1143,cross/aligned,adwin,0,0
1143,cross/aligned,mcusum,1,11
1143,cross/aligned,sketch1,1,8
1144,cross/aligned,always_multiD,1,11
1144,cross/aligned,union4_bonf,1,12
1144,cross/aligned,dci_v3,1,12
1144,cross/aligned,dci_v3_a8,1,12
1144,cross/aligned,best_axis_oracle,1,2
1144,cross/aligned,every_k2,0,6
1144,cross/aligned,adwin,0,0
1144,cross/aligned,mcusum,1,11
1144,cross/aligned,sketch1,0,1
1145,cross/aligned,always_multiD,1,11
1145,cross/aligned,union4_bonf,1,11
1145,cross/aligned,dci_v3,1,11
1145,cross/aligned,dci_v3_a8,1,11
1145,cross/aligned,best_axis_oracle,1,10
1145,cross/aligned,every_k2,0,6
1145,cross/aligned,adwin,0,0
1145,cross/aligned,mcusum,1,7
1145,cross/aligned,sketch1,1,11
1146,cross/aligned,always_multiD,1,11
1146,cross/aligned,union4_bonf,1,10
1146,cross/aligned,dci_v3,1,10
1146,cross/aligned,dci_v3_a8,1,10
1146,cross/aligned,best_axis_oracle,1,7
1146,cross/aligned,every_k2,0,6
1146,cross/aligned,adwin,0,0
1146,cross/aligned,mcusum,1,7
1146,cross/aligned,sketch1,0,9
1147,cross/aligned,always_multiD,1,11
1147,cross/aligned,union4_bonf,1,11
1147,cross/aligned,dci_v3,1,11
1147,cross/aligned,dci_v3_a8,1,11
1147,cross/aligned,best_axis_oracle,1,7
1147,cross/aligned,every_k2,1,5
1147,cross/aligned,adwin,0,0
1147,cross/aligned,mcusum,1,9
1147,cross/aligned,sketch1,1,8
1148,cross/aligned,always_multiD,1,11
1148,cross/aligned,union4_bonf,1,11
1148,cross/aligned,dci_v3,1,11
1148,cross/aligned,dci_v3_a8,1,11
1148,cross/aligned,best_axis_oracle,1,7
1148,cross/aligned,every_k2,1,5
1148,cross/aligned,adwin,0,0
1148,cross/aligned,mcusum,1,9
1148,cross/aligned,sketch1,1,8
1149,cross/aligned,always_multiD,1,11
1149,cross/aligned,union4_bonf,1,11
1149,cross/aligned,dci_v3,1,11
1149,cross/aligned,dci_v3_a8,1,11
1149,cross/aligned,best_axis_oracle,1,10
1149,cross/aligned,every_k2,0,6
1149,cross/aligned,adwin,0,0
1149,cross/aligned,mcusum,1,7
1149,cross/aligned,sketch1,1,11
1150,cross/aligned,always_multiD,1,11
1150,cross/aligned,union4_bonf,1,12
1150,cross/aligned,dci_v3,1,12
1150,cross/aligned,dci_v3_a8,1,12
1150,cross/aligned,best_axis_oracle,1,2
1150,cross/aligned,every_k2,0,6
1150,cross/aligned,adwin,0,0
1150,cross/aligned,mcusum,1,11
1150,cross/aligned,sketch1,0,1
1151,cross/aligned,always_multiD,1,11
1151,cross/aligned,union4_bonf,1,12
1151,cross/aligned,dci_v3,1,12
1151,cross/aligned,dci_v3_a8,1,12
1151,cross/aligned,best_axis_oracle,1,2
1151,cross/aligned,every_k2,1,5
1151,cross/aligned,adwin,0,0
1151,cross/aligned,mcusum,1,11
1151,cross/aligned,sketch1,0,1
1152,cross/aligned,always_multiD,1,11
1152,cross/aligned,union4_bonf,1,11
1152,cross/aligned,dci_v3,1,11
1152,cross/aligned,dci_v3_a8,1,11
1152,cross/aligned,best_axis_oracle,1,9
1152,cross/aligned,every_k2,0,6
1152,cross/aligned,adwin,0,0
1152,cross/aligned,mcusum,1,5
1152,cross/aligned,sketch1,1,10
1153,cross/aligned,always_multiD,1,11
1153,cross/aligned,union4_bonf,1,11
1153,cross/aligned,dci_v3,1,11
1153,cross/aligned,dci_v3_a8,1,11
1153,cross/aligned,best_axis_oracle,1,9
1153,cross/aligned,every_k2,1,5
1153,cross/aligned,adwin,0,0
1153,cross/aligned,mcusum,1,5
1153,cross/aligned,sketch1,0,11
1154,cross/aligned,always_multiD,1,11
1154,cross/aligned,union4_bonf,1,11
1154,cross/aligned,dci_v3,1,11
1154,cross/aligned,dci_v3_a8,1,11
1154,cross/aligned,best_axis_oracle,1,8
1154,cross/aligned,every_k2,1,5
1154,cross/aligned,adwin,0,0
1154,cross/aligned,mcusum,1,5
1154,cross/aligned,sketch1,1,6
1155,cross/aligned,always_multiD,1,11
1155,cross/aligned,union4_bonf,1,12
1155,cross/aligned,dci_v3,1,12
1155,cross/aligned,dci_v3_a8,1,12
1155,cross/aligned,best_axis_oracle,1,10
1155,cross/aligned,every_k2,0,6
1155,cross/aligned,adwin,0,0
1155,cross/aligned,mcusum,1,11
1155,cross/aligned,sketch1,1,12
1156,cross/aligned,always_multiD,1,11
1156,cross/aligned,union4_bonf,1,11
1156,cross/aligned,dci_v3,1,11
1156,cross/aligned,dci_v3_a8,1,11
1156,cross/aligned,best_axis_oracle,1,8
1156,cross/aligned,every_k2,1,5
1156,cross/aligned,adwin,0,0
1156,cross/aligned,mcusum,1,11
1156,cross/aligned,sketch1,1,11
1157,cross/aligned,always_multiD,1,11
1157,cross/aligned,union4_bonf,1,11
1157,cross/aligned,dci_v3,1,11
1157,cross/aligned,dci_v3_a8,1,11
1157,cross/aligned,best_axis_oracle,1,8
1157,cross/aligned,every_k2,0,6
1157,cross/aligned,adwin,0,0
1157,cross/aligned,mcusum,1,11
1157,cross/aligned,sketch1,1,11
1158,cross/aligned,always_multiD,1,11
1158,cross/aligned,union4_bonf,1,11
1158,cross/aligned,dci_v3,1,11
1158,cross/aligned,dci_v3_a8,1,11
1158,cross/aligned,best_axis_oracle,1,10
1158,cross/aligned,every_k2,1,5
1158,cross/aligned,adwin,0,0
1158,cross/aligned,mcusum,1,11
1158,cross/aligned,sketch1,1,11
1159,cross/aligned,always_multiD,1,11
1159,cross/aligned,union4_bonf,1,11
1159,cross/aligned,dci_v3,1,11
1159,cross/aligned,dci_v3_a8,1,11
1159,cross/aligned,best_axis_oracle,1,8
1159,cross/aligned,every_k2,0,6
1159,cross/aligned,adwin,0,0
1159,cross/aligned,mcusum,1,11
1159,cross/aligned,sketch1,1,11
1160,cross/aligned,always_multiD,1,11
1160,cross/aligned,union4_bonf,1,11
1160,cross/aligned,dci_v3,1,11
1160,cross/aligned,dci_v3_a8,1,11
1160,cross/aligned,best_axis_oracle,1,10
1160,cross/aligned,every_k2,1,5
1160,cross/aligned,adwin,0,0
1160,cross/aligned,mcusum,1,11
1160,cross/aligned,sketch1,1,11
1161,cross/aligned,always_multiD,1,11
1161,cross/aligned,union4_bonf,1,11
1161,cross/aligned,dci_v3,1,11
1161,cross/aligned,dci_v3_a8,1,11
1161,cross/aligned,best_axis_oracle,1,8
1161,cross/aligned,every_k2,1,5
1161,cross/aligned,adwin,0,0
1161,cross/aligned,mcusum,1,11
1161,cross/aligned,sketch1,1,11
1162,cross/aligned,always_multiD,1,11
1162,cross/aligned,union4_bonf,1,12
1162,cross/aligned,dci_v3,1,12
1162,cross/aligned,dci_v3_a8,1,12
1162,cross/aligned,best_axis_oracle,1,10
1162,cross/aligned,every_k2,0,6
1162,cross/aligned,adwin,0,0
1162,cross/aligned,mcusum,1,11
1162,cross/aligned,sketch1,1,12
1163,cross/aligned,always_multiD,1,11
1163,cross/aligned,union4_bonf,1,11
1163,cross/aligned,dci_v3,1,11
1163,cross/aligned,dci_v3_a8,1,11
1163,cross/aligned,best_axis_oracle,1,10
1163,cross/aligned,every_k2,0,6
1163,cross/aligned,adwin,0,0
1163,cross/aligned,mcusum,1,11
1163,cross/aligned,sketch1,1,11
1164,cross/aligned,always_multiD,1,11
1164,cross/aligned,union4_bonf,1,11
1164,cross/aligned,dci_v3,1,11
1164,cross/aligned,dci_v3_a8,1,11
1164,cross/aligned,best_axis_oracle,1,8
1164,cross/aligned,every_k2,1,5
1164,cross/aligned,adwin,0,0
1164,cross/aligned,mcusum,1,11
1164,cross/aligned,sketch1,1,11
1165,cross/aligned,always_multiD,1,11
1165,cross/aligned,union4_bonf,1,12
1165,cross/aligned,dci_v3,1,12
1165,cross/aligned,dci_v3_a8,1,12
1165,cross/aligned,best_axis_oracle,1,6
1165,cross/aligned,every_k2,0,6
1165,cross/aligned,adwin,0,0
1165,cross/aligned,mcusum,1,11
1165,cross/aligned,sketch1,1,12
1166,cross/aligned,always_multiD,1,11
1166,cross/aligned,union4_bonf,1,12
1166,cross/aligned,dci_v3,1,12
1166,cross/aligned,dci_v3_a8,1,12
1166,cross/aligned,best_axis_oracle,1,1
1166,cross/aligned,every_k2,1,5
1166,cross/aligned,adwin,0,0
1166,cross/aligned,mcusum,1,7
1166,cross/aligned,sketch1,0,2
1167,cross/aligned,always_multiD,1,11
1167,cross/aligned,union4_bonf,1,12
1167,cross/aligned,dci_v3,1,12
1167,cross/aligned,dci_v3_a8,1,12
1167,cross/aligned,best_axis_oracle,1,2
1167,cross/aligned,every_k2,1,5
1167,cross/aligned,adwin,0,0
1167,cross/aligned,mcusum,1,11
1167,cross/aligned,sketch1,0,2
1168,cross/aligned,always_multiD,1,11
1168,cross/aligned,union4_bonf,1,11
1168,cross/aligned,dci_v3,1,11
1168,cross/aligned,dci_v3_a8,1,11
1168,cross/aligned,best_axis_oracle,1,0
1168,cross/aligned,every_k2,0,6
1168,cross/aligned,adwin,0,0
1168,cross/aligned,mcusum,1,11
1168,cross/aligned,sketch1,1,0
1169,cross/aligned,always_multiD,1,11
1169,cross/aligned,union4_bonf,1,11
1169,cross/aligned,dci_v3,1,11
1169,cross/aligned,dci_v3_a8,1,11
1169,cross/aligned,best_axis_oracle,1,0
1169,cross/aligned,every_k2,0,6
1169,cross/aligned,adwin,0,0
1169,cross/aligned,mcusum,1,11
1169,cross/aligned,sketch1,1,0
1170,cross/aligned,always_multiD,1,11
1170,cross/aligned,union4_bonf,1,12
1170,cross/aligned,dci_v3,1,12
1170,cross/aligned,dci_v3_a8,1,12
1170,cross/aligned,best_axis_oracle,1,1
1170,cross/aligned,every_k2,0,6
1170,cross/aligned,adwin,0,0
1170,cross/aligned,mcusum,1,7
1170,cross/aligned,sketch1,0,2
1171,cross/aligned,always_multiD,1,11
1171,cross/aligned,union4_bonf,1,11
1171,cross/aligned,dci_v3,1,11
1171,cross/aligned,dci_v3_a8,1,11
1171,cross/aligned,best_axis_oracle,1,0
1171,cross/aligned,every_k2,1,5
1171,cross/aligned,adwin,0,0
1171,cross/aligned,mcusum,1,11
1171,cross/aligned,sketch1,1,1
1172,cross/aligned,always_multiD,1,11
1172,cross/aligned,union4_bonf,1,11
1172,cross/aligned,dci_v3,1,11
1172,cross/aligned,dci_v3_a8,1,11
1172,cross/aligned,best_axis_oracle,1,1
1172,cross/aligned,every_k2,0,6
1172,cross/aligned,adwin,0,0
1172,cross/aligned,mcusum,1,11
1172,cross/aligned,sketch1,1,0
1173,cross/aligned,always_multiD,1,11
1173,cross/aligned,union4_bonf,1,11
1173,cross/aligned,dci_v3,1,11
1173,cross/aligned,dci_v3_a8,1,11
1173,cross/aligned,best_axis_oracle,1,0
1173,cross/aligned,every_k2,0,6
1173,cross/aligned,adwin,0,0
1173,cross/aligned,mcusum,1,11
1173,cross/aligned,sketch1,1,0
1174,cross/aligned,always_multiD,1,11
1174,cross/aligned,union4_bonf,1,12
1174,cross/aligned,dci_v3,1,12
1174,cross/aligned,dci_v3_a8,1,12
1174,cross/aligned,best_axis_oracle,1,1
1174,cross/aligned,every_k2,1,5
1174,cross/aligned,adwin,0,0
1174,cross/aligned,mcusum,1,7
1174,cross/aligned,sketch1,0,2
1175,cross/aligned,always_multiD,1,11
1175,cross/aligned,union4_bonf,1,12
1175,cross/aligned,dci_v3,1,12
1175,cross/aligned,dci_v3_a8,1,11
1175,cross/aligned,best_axis_oracle,1,1
1175,cross/aligned,every_k2,0,6
1175,cross/aligned,adwin,0,0
1175,cross/aligned,mcusum,1,11
1175,cross/aligned,sketch1,0,1
1176,cross/aligned,always_multiD,1,11
1176,cross/aligned,union4_bonf,1,11
1176,cross/aligned,dci_v3,1,11
1176,cross/aligned,dci_v3_a8,1,11
1176,cross/aligned,best_axis_oracle,1,1
1176,cross/aligned,every_k2,1,5
1176,cross/aligned,adwin,0,0
1176,cross/aligned,mcusum,1,11
1176,cross/aligned,sketch1,1,0
1177,cross/aligned,always_multiD,1,11
1177,cross/aligned,union4_bonf,1,11
1177,cross/aligned,dci_v3,1,11
1177,cross/aligned,dci_v3_a8,1,11
1177,cross/aligned,best_axis_oracle,1,9
1177,cross/aligned,every_k2,1,5
1177,cross/aligned,adwin,0,0
1177,cross/aligned,mcusum,1,6
1177,cross/aligned,sketch1,1,10
1178,cross/aligned,always_multiD,1,11
1178,cross/aligned,union4_bonf,1,12
1178,cross/aligned,dci_v3,1,12
1178,cross/aligned,dci_v3_a8,1,11
1178,cross/aligned,best_axis_oracle,1,9
1178,cross/aligned,every_k2,0,6
1178,cross/aligned,adwin,0,0
1178,cross/aligned,mcusum,1,6
1178,cross/aligned,sketch1,0,12
1179,cross/aligned,always_multiD,1,11
1179,cross/aligned,union4_bonf,1,11
1179,cross/aligned,dci_v3,1,11
1179,cross/aligned,dci_v3_a8,1,11
1179,cross/aligned,best_axis_oracle,1,9
1179,cross/aligned,every_k2,0,6
1179,cross/aligned,adwin,0,0
1179,cross/aligned,mcusum,1,6
1179,cross/aligned,sketch1,1,10
1180,cross/aligned,always_multiD,1,11
1180,cross/aligned,union4_bonf,1,11
1180,cross/aligned,dci_v3,1,11
1180,cross/aligned,dci_v3_a8,1,11
1180,cross/aligned,best_axis_oracle,1,9
1180,cross/aligned,every_k2,0,6
1180,cross/aligned,adwin,0,0
1180,cross/aligned,mcusum,1,6
1180,cross/aligned,sketch1,1,10
1181,cross/aligned,always_multiD,1,11
1181,cross/aligned,union4_bonf,1,12
1181,cross/aligned,dci_v3,1,12
1181,cross/aligned,dci_v3_a8,1,12
1181,cross/aligned,best_axis_oracle,1,11
1181,cross/aligned,every_k2,1,5
1181,cross/aligned,adwin,0,0
1181,cross/aligned,mcusum,1,6
1181,cross/aligned,sketch1,0,11
1182,cross/aligned,always_multiD,1,11
1182,cross/aligned,union4_bonf,1,11
1182,cross/aligned,dci_v3,1,11
1182,cross/aligned,dci_v3_a8,1,11
1182,cross/aligned,best_axis_oracle,1,11
1182,cross/aligned,every_k2,0,6
1182,cross/aligned,adwin,0,0
1182,cross/aligned,mcusum,1,9
1182,cross/aligned,sketch1,1,11
1183,cross/aligned,always_multiD,1,11
1183,cross/aligned,union4_bonf,1,12
1183,cross/aligned,dci_v3,1,12
1183,cross/aligned,dci_v3_a8,1,12
1183,cross/aligned,best_axis_oracle,1,9
1183,cross/aligned,every_k2,0,6
1183,cross/aligned,adwin,0,0
1183,cross/aligned,mcusum,1,6
1183,cross/aligned,sketch1,0,12
1184,cross/aligned,always_multiD,1,11
1184,cross/aligned,union4_bonf,1,11
1184,cross/aligned,dci_v3,1,11
1184,cross/aligned,dci_v3_a8,1,11
1184,cross/aligned,best_axis_oracle,1,9
1184,cross/aligned,every_k2,0,6
1184,cross/aligned,adwin,0,0
1184,cross/aligned,mcusum,1,6
1184,cross/aligned,sketch1,1,10
1185,cross/aligned,always_multiD,1,11
1185,cross/aligned,union4_bonf,1,11
1185,cross/aligned,dci_v3,1,11
1185,cross/aligned,dci_v3_a8,1,11
1185,cross/aligned,best_axis_oracle,1,11
1185,cross/aligned,every_k2,1,5
1185,cross/aligned,adwin,0,0
1185,cross/aligned,mcusum,1,9
1185,cross/aligned,sketch1,1,11
1186,cross/aligned,always_multiD,1,11
1186,cross/aligned,union4_bonf,1,11
1186,cross/aligned,dci_v3,1,11
1186,cross/aligned,dci_v3_a8,1,11
1186,cross/aligned,best_axis_oracle,1,11
1186,cross/aligned,every_k2,0,6
1186,cross/aligned,adwin,0,0
1186,cross/aligned,mcusum,1,7
1186,cross/aligned,sketch1,1,10
1187,cross/aligned,always_multiD,1,11
1187,cross/aligned,union4_bonf,1,12
1187,cross/aligned,dci_v3,1,12
1187,cross/aligned,dci_v3_a8,1,12
1187,cross/aligned,best_axis_oracle,1,9
1187,cross/aligned,every_k2,0,6
1187,cross/aligned,adwin,0,0
1187,cross/aligned,mcusum,1,6
1187,cross/aligned,sketch1,0,12
1188,cross/aligned,always_multiD,1,11
1188,cross/aligned,union4_bonf,1,11
1188,cross/aligned,dci_v3,1,11
1188,cross/aligned,dci_v3_a8,1,11
1188,cross/aligned,best_axis_oracle,1,1
1188,cross/aligned,every_k2,0,6
1188,cross/aligned,adwin,0,0
1188,cross/aligned,mcusum,1,11
1188,cross/aligned,sketch1,1,0
1189,cross/aligned,always_multiD,1,11
1189,cross/aligned,union4_bonf,1,12
1189,cross/aligned,dci_v3,1,12
1189,cross/aligned,dci_v3_a8,1,12
1189,cross/aligned,best_axis_oracle,1,1
1189,cross/aligned,every_k2,1,5
1189,cross/aligned,adwin,0,0
1189,cross/aligned,mcusum,1,11
1189,cross/aligned,sketch1,0,1
1190,cross/aligned,always_multiD,1,11
1190,cross/aligned,union4_bonf,1,11
1190,cross/aligned,dci_v3,1,11
1190,cross/aligned,dci_v3_a8,1,11
1190,cross/aligned,best_axis_oracle,1,1
1190,cross/aligned,every_k2,1,5
1190,cross/aligned,adwin,0,0
1190,cross/aligned,mcusum,1,11
1190,cross/aligned,sketch1,1,0
1191,cross/aligned,always_multiD,1,11
1191,cross/aligned,union4_bonf,1,11
1191,cross/aligned,dci_v3,1,11
1191,cross/aligned,dci_v3_a8,1,11
1191,cross/aligned,best_axis_oracle,1,1
1191,cross/aligned,every_k2,1,5
1191,cross/aligned,adwin,0,0
1191,cross/aligned,mcusum,1,11
1191,cross/aligned,sketch1,1,0
1192,cross/aligned,always_multiD,1,11
1192,cross/aligned,union4_bonf,1,12
1192,cross/aligned,dci_v3,1,12
1192,cross/aligned,dci_v3_a8,1,12
1192,cross/aligned,best_axis_oracle,1,1
1192,cross/aligned,every_k2,1,5
1192,cross/aligned,adwin,0,0
1192,cross/aligned,mcusum,1,11
1192,cross/aligned,sketch1,0,2
1193,cross/aligned,always_multiD,1,11
1193,cross/aligned,union4_bonf,1,11
1193,cross/aligned,dci_v3,1,11
1193,cross/aligned,dci_v3_a8,1,11
1193,cross/aligned,best_axis_oracle,1,2
1193,cross/aligned,every_k2,1,5
1193,cross/aligned,adwin,0,0
1193,cross/aligned,mcusum,1,11
1193,cross/aligned,sketch1,1,2
1194,cross/aligned,always_multiD,1,11
1194,cross/aligned,union4_bonf,1,11
1194,cross/aligned,dci_v3,1,11
1194,cross/aligned,dci_v3_a8,1,11
1194,cross/aligned,best_axis_oracle,1,0
1194,cross/aligned,every_k2,0,6
1194,cross/aligned,adwin,0,0
1194,cross/aligned,mcusum,1,11
1194,cross/aligned,sketch1,1,1
1195,cross/aligned,always_multiD,1,11
1195,cross/aligned,union4_bonf,1,11
1195,cross/aligned,dci_v3,1,11
1195,cross/aligned,dci_v3_a8,1,11
1195,cross/aligned,best_axis_oracle,1,0
1195,cross/aligned,every_k2,0,6
1195,cross/aligned,adwin,0,0
1195,cross/aligned,mcusum,1,11
1195,cross/aligned,sketch1,1,1
1196,cross/aligned,always_multiD,1,11
1196,cross/aligned,union4_bonf,1,12
1196,cross/aligned,dci_v3,1,12
1196,cross/aligned,dci_v3_a8,1,12
1196,cross/aligned,best_axis_oracle,1,1
1196,cross/aligned,every_k2,1,5
1196,cross/aligned,adwin,0,0
1196,cross/aligned,mcusum,1,11
1196,cross/aligned,sketch1,0,2
1197,cross/aligned,always_multiD,1,11
1197,cross/aligned,union4_bonf,1,12
1197,cross/aligned,dci_v3,1,12
1197,cross/aligned,dci_v3_a8,1,12
1197,cross/aligned,best_axis_oracle,1,1
1197,cross/aligned,every_k2,0,6
1197,cross/aligned,adwin,0,0
1197,cross/aligned,mcusum,1,10
1197,cross/aligned,sketch1,0,1
1198,cross/aligned,always_multiD,1,11
1198,cross/aligned,union4_bonf,1,11
1198,cross/aligned,dci_v3,1,11
1198,cross/aligned,dci_v3_a8,1,11
1198,cross/aligned,best_axis_oracle,1,0
1198,cross/aligned,every_k2,0,6
1198,cross/aligned,adwin,0,0
1198,cross/aligned,mcusum,1,11
1198,cross/aligned,sketch1,1,1
1199,cross/aligned,always_multiD,1,3
1199,cross/aligned,union4_bonf,1,4
1199,cross/aligned,dci_v3,1,4
1199,cross/aligned,dci_v3_a8,1,4
1199,cross/aligned,best_axis_oracle,1,1
1199,cross/aligned,every_k2,1,1
1199,cross/aligned,adwin,0,0
1199,cross/aligned,mcusum,1,0
1199,cross/aligned,sketch1,0,1
1200,cross/aligned,always_multiD,1,3
1200,cross/aligned,union4_bonf,1,5
1200,cross/aligned,dci_v3,1,5
1200,cross/aligned,dci_v3_a8,1,5
1200,cross/aligned,best_axis_oracle,1,0
1200,cross/aligned,every_k2,1,1
1200,cross/aligned,adwin,0,0
1200,cross/aligned,mcusum,1,0
1200,cross/aligned,sketch1,1,0
1201,cross/aligned,always_multiD,1,4
1201,cross/aligned,union4_bonf,1,3
1201,cross/aligned,dci_v3,1,3
1201,cross/aligned,dci_v3_a8,1,4
1201,cross/aligned,best_axis_oracle,1,1
1201,cross/aligned,every_k2,0,3
1201,cross/aligned,adwin,0,0
1201,cross/aligned,mcusum,1,0
1201,cross/aligned,sketch1,1,0
1202,cross/aligned,always_multiD,1,3
1202,cross/aligned,union4_bonf,1,5
1202,cross/aligned,dci_v3,1,5
1202,cross/aligned,dci_v3_a8,1,5
1202,cross/aligned,best_axis_oracle,1,0
1202,cross/aligned,every_k2,0,2
1202,cross/aligned,adwin,0,0
1202,cross/aligned,mcusum,1,0
1202,cross/aligned,sketch1,1,0
1203,cross/aligned,always_multiD,1,4
1203,cross/aligned,union4_bonf,1,3
1203,cross/aligned,dci_v3,1,3
1203,cross/aligned,dci_v3_a8,1,3
1203,cross/aligned,best_axis_oracle,1,1
1203,cross/aligned,every_k2,0,3
1203,cross/aligned,adwin,0,0
1203,cross/aligned,mcusum,1,0
1203,cross/aligned,sketch1,1,0
1204,cross/aligned,always_multiD,1,11
1204,cross/aligned,union4_bonf,1,5
1204,cross/aligned,dci_v3,1,5
1204,cross/aligned,dci_v3_a8,1,5
1204,cross/aligned,best_axis_oracle,1,0
1204,cross/aligned,every_k2,0,6
1204,cross/aligned,adwin,0,0
1204,cross/aligned,mcusum,1,1
1204,cross/aligned,sketch1,1,10
1205,cross/aligned,always_multiD,1,10
1205,cross/aligned,union4_bonf,1,2
1205,cross/aligned,dci_v3,1,2
1205,cross/aligned,dci_v3_a8,1,3
1205,cross/aligned,best_axis_oracle,1,1
1205,cross/aligned,every_k2,0,6
1205,cross/aligned,adwin,0,0
1205,cross/aligned,mcusum,1,1
1205,cross/aligned,sketch1,1,7
1206,cross/aligned,always_multiD,1,4
1206,cross/aligned,union4_bonf,1,7
1206,cross/aligned,dci_v3,1,7
1206,cross/aligned,dci_v3_a8,1,6
1206,cross/aligned,best_axis_oracle,1,0
1206,cross/aligned,every_k2,1,2
1206,cross/aligned,adwin,0,0
1206,cross/aligned,mcusum,1,0
1206,cross/aligned,sketch1,1,1
1207,cross/aligned,always_multiD,1,4
1207,cross/aligned,union4_bonf,1,7
1207,cross/aligned,dci_v3,1,7
1207,cross/aligned,dci_v3_a8,1,6
1207,cross/aligned,best_axis_oracle,1,0
1207,cross/aligned,every_k2,1,2
1207,cross/aligned,adwin,0,0
1207,cross/aligned,mcusum,1,0
1207,cross/aligned,sketch1,1,1
1208,cross/aligned,always_multiD,1,3
1208,cross/aligned,union4_bonf,1,5
1208,cross/aligned,dci_v3,1,5
1208,cross/aligned,dci_v3_a8,1,4
1208,cross/aligned,best_axis_oracle,1,0
1208,cross/aligned,every_k2,1,1
1208,cross/aligned,adwin,0,0
1208,cross/aligned,mcusum,1,0
1208,cross/aligned,sketch1,1,0
1209,cross/aligned,always_multiD,1,4
1209,cross/aligned,union4_bonf,1,3
1209,cross/aligned,dci_v3,1,3
1209,cross/aligned,dci_v3_a8,1,3
1209,cross/aligned,best_axis_oracle,1,1
1209,cross/aligned,every_k2,1,1
1209,cross/aligned,adwin,0,0
1209,cross/aligned,mcusum,1,0
1209,cross/aligned,sketch1,1,0
1210,cross/aligned,always_multiD,1,11
1210,cross/aligned,union4_bonf,1,12
1210,cross/aligned,dci_v3,1,12
1210,cross/aligned,dci_v3_a8,1,12
1210,cross/aligned,best_axis_oracle,1,0
1210,cross/aligned,every_k2,0,6
1210,cross/aligned,adwin,0,0
1210,cross/aligned,mcusum,0,11
1210,cross/aligned,sketch1,1,11
1211,cross/aligned,always_multiD,1,12
1211,cross/aligned,union4_bonf,1,12
1211,cross/aligned,dci_v3,1,12
1211,cross/aligned,dci_v3_a8,1,12
1211,cross/aligned,best_axis_oracle,1,0
1211,cross/aligned,every_k2,1,5
1211,cross/aligned,adwin,0,0
1211,cross/aligned,mcusum,0,11
1211,cross/aligned,sketch1,1,13
1212,cross/aligned,always_multiD,1,12
1212,cross/aligned,union4_bonf,1,12
1212,cross/aligned,dci_v3,1,12
1212,cross/aligned,dci_v3_a8,1,12
1212,cross/aligned,best_axis_oracle,1,0
1212,cross/aligned,every_k2,0,7
1212,cross/aligned,adwin,0,0
1212,cross/aligned,mcusum,0,11
1212,cross/aligned,sketch1,1,13
1213,cross/aligned,always_multiD,1,11
1213,cross/aligned,union4_bonf,1,12
1213,cross/aligned,dci_v3,1,12
1213,cross/aligned,dci_v3_a8,1,12
1213,cross/aligned,best_axis_oracle,1,0
1213,cross/aligned,every_k2,1,5
1213,cross/aligned,adwin,0,0
1213,cross/aligned,mcusum,0,11
1213,cross/aligned,sketch1,1,11
1214,cross/aligned,always_multiD,1,11
1214,cross/aligned,union4_bonf,1,11
1214,cross/aligned,dci_v3,1,11
1214,cross/aligned,dci_v3_a8,1,11
1214,cross/aligned,best_axis_oracle,1,1
1214,cross/aligned,every_k2,0,6
1214,cross/aligned,adwin,0,0
1214,cross/aligned,mcusum,1,10
1214,cross/aligned,sketch1,1,11
1215,cross/aligned,always_multiD,1,12
1215,cross/aligned,union4_bonf,1,12
1215,cross/aligned,dci_v3,1,12
1215,cross/aligned,dci_v3_a8,1,12
1215,cross/aligned,best_axis_oracle,1,0
1215,cross/aligned,every_k2,0,7
1215,cross/aligned,adwin,0,0
1215,cross/aligned,mcusum,0,11
1215,cross/aligned,sketch1,1,13
1216,cross/aligned,always_multiD,1,12
1216,cross/aligned,union4_bonf,1,12
1216,cross/aligned,dci_v3,1,12
1216,cross/aligned,dci_v3_a8,1,12
1216,cross/aligned,best_axis_oracle,1,0
1216,cross/aligned,every_k2,1,5
1216,cross/aligned,adwin,0,0
1216,cross/aligned,mcusum,0,11
1216,cross/aligned,sketch1,1,13
1217,cross/aligned,always_multiD,1,11
1217,cross/aligned,union4_bonf,1,12
1217,cross/aligned,dci_v3,1,12
1217,cross/aligned,dci_v3_a8,1,12
1217,cross/aligned,best_axis_oracle,1,0
1217,cross/aligned,every_k2,1,5
1217,cross/aligned,adwin,0,0
1217,cross/aligned,mcusum,0,9
1217,cross/aligned,sketch1,1,11
1218,cross/aligned,always_multiD,1,11
1218,cross/aligned,union4_bonf,1,11
1218,cross/aligned,dci_v3,1,11
1218,cross/aligned,dci_v3_a8,1,11
1218,cross/aligned,best_axis_oracle,1,1
1218,cross/aligned,every_k2,0,6
1218,cross/aligned,adwin,0,0
1218,cross/aligned,mcusum,1,10
1218,cross/aligned,sketch1,1,11
1219,cross/aligned,always_multiD,1,11
1219,cross/aligned,union4_bonf,1,12
1219,cross/aligned,dci_v3,1,12
1219,cross/aligned,dci_v3_a8,1,12
1219,cross/aligned,best_axis_oracle,1,0
1219,cross/aligned,every_k2,0,6
1219,cross/aligned,adwin,0,0
1219,cross/aligned,mcusum,0,11
1219,cross/aligned,sketch1,1,11
1220,cross/aligned,always_multiD,1,11
1220,cross/aligned,union4_bonf,1,11
1220,cross/aligned,dci_v3,1,11
1220,cross/aligned,dci_v3_a8,1,11
1220,cross/aligned,best_axis_oracle,1,1
1220,cross/aligned,every_k2,1,5
1220,cross/aligned,adwin,0,0
1220,cross/aligned,mcusum,1,11
1220,cross/aligned,sketch1,1,11
1221,cross/aligned,always_multiD,1,11
1221,cross/aligned,union4_bonf,1,12
1221,cross/aligned,dci_v3,1,12
1221,cross/aligned,dci_v3_a8,1,12
1221,cross/aligned,best_axis_oracle,1,0
1221,cross/aligned,every_k2,0,6
1221,cross/aligned,adwin,0,0
1221,cross/aligned,mcusum,0,6
1221,cross/aligned,sketch1,1,11
1222,cross/aligned,always_multiD,1,11
1222,cross/aligned,union4_bonf,1,11
1222,cross/aligned,dci_v3,1,11
1222,cross/aligned,dci_v3_a8,1,11
1222,cross/aligned,best_axis_oracle,1,1
1222,cross/aligned,every_k2,0,6
1222,cross/aligned,adwin,0,0
1222,cross/aligned,mcusum,0,11
1222,cross/aligned,sketch1,0,11
1223,cross/aligned,always_multiD,1,11
1223,cross/aligned,union4_bonf,1,12
1223,cross/aligned,dci_v3,1,12
1223,cross/aligned,dci_v3_a8,1,11
1223,cross/aligned,best_axis_oracle,1,0
1223,cross/aligned,every_k2,0,6
1223,cross/aligned,adwin,0,0
1223,cross/aligned,mcusum,0,10
1223,cross/aligned,sketch1,0,11
1224,cross/aligned,always_multiD,1,11
1224,cross/aligned,union4_bonf,1,11
1224,cross/aligned,dci_v3,1,11
1224,cross/aligned,dci_v3_a8,1,11
1224,cross/aligned,best_axis_oracle,1,1
1224,cross/aligned,every_k2,0,6
1224,cross/aligned,adwin,0,0
1224,cross/aligned,mcusum,0,6
1224,cross/aligned,sketch1,1,11
1225,cross/aligned,always_multiD,1,0
1225,cross/aligned,union4_bonf,1,1
1225,cross/aligned,dci_v3,1,1
1225,cross/aligned,dci_v3_a8,1,1
1225,cross/aligned,best_axis_oracle,1,0
1225,cross/aligned,every_k2,1,0
1225,cross/aligned,adwin,0,0
1225,cross/aligned,mcusum,0,1
1225,cross/aligned,sketch1,1,0
1226,cross/aligned,always_multiD,1,12
1226,cross/aligned,union4_bonf,1,12
1226,cross/aligned,dci_v3,1,12
1226,cross/aligned,dci_v3_a8,1,12
1226,cross/aligned,best_axis_oracle,1,4
1226,cross/aligned,every_k2,0,7
1226,cross/aligned,adwin,0,0
1226,cross/aligned,mcusum,0,11
1226,cross/aligned,sketch1,1,13
1227,cross/aligned,always_multiD,1,1
1227,cross/aligned,union4_bonf,1,1
1227,cross/aligned,dci_v3,1,1
1227,cross/aligned,dci_v3_a8,1,1
1227,cross/aligned,best_axis_oracle,1,0
1227,cross/aligned,every_k2,1,0
1227,cross/aligned,adwin,0,0
1227,cross/aligned,mcusum,0,1
1227,cross/aligned,sketch1,1,2
1228,cross/aligned,always_multiD,1,11
1228,cross/aligned,union4_bonf,1,11
1228,cross/aligned,dci_v3,1,11
1228,cross/aligned,dci_v3_a8,1,11
1228,cross/aligned,best_axis_oracle,1,1
1228,cross/aligned,every_k2,0,6
1228,cross/aligned,adwin,0,0
1228,cross/aligned,mcusum,0,11
1228,cross/aligned,sketch1,0,11
1229,cross/aligned,always_multiD,1,11
1229,cross/aligned,union4_bonf,1,11
1229,cross/aligned,dci_v3,1,11
1229,cross/aligned,dci_v3_a8,1,11
1229,cross/aligned,best_axis_oracle,1,1
1229,cross/aligned,every_k2,0,6
1229,cross/aligned,adwin,0,0
1229,cross/aligned,mcusum,0,6
1229,cross/aligned,sketch1,1,11
1230,cross/aligned,always_multiD,1,12
1230,cross/aligned,union4_bonf,1,12
1230,cross/aligned,dci_v3,1,12
1230,cross/aligned,dci_v3_a8,1,12
1230,cross/aligned,best_axis_oracle,1,0
1230,cross/aligned,every_k2,0,7
1230,cross/aligned,adwin,0,0
1230,cross/aligned,mcusum,0,4
1230,cross/aligned,sketch1,1,13
1231,cross/aligned,always_multiD,1,12
1231,cross/aligned,union4_bonf,1,12
1231,cross/aligned,dci_v3,1,12
1231,cross/aligned,dci_v3_a8,1,12
1231,cross/aligned,best_axis_oracle,1,0
1231,cross/aligned,every_k2,1,5
1231,cross/aligned,adwin,0,0
1231,cross/aligned,mcusum,0,4
1231,cross/aligned,sketch1,1,13
1232,cross/aligned,always_multiD,1,11
1232,cross/aligned,union4_bonf,1,11
1232,cross/aligned,dci_v3,1,11
1232,cross/aligned,dci_v3_a8,1,11
1232,cross/aligned,best_axis_oracle,1,5
1232,cross/aligned,every_k2,0,6
1232,cross/aligned,adwin,0,0
1232,cross/aligned,mcusum,0,4
1232,cross/aligned,sketch1,1,10
1233,cross/aligned,always_multiD,1,11
1233,cross/aligned,union4_bonf,1,11
1233,cross/aligned,dci_v3,1,11
1233,cross/aligned,dci_v3_a8,1,11
1233,cross/aligned,best_axis_oracle,1,4
1233,cross/aligned,every_k2,1,5
1233,cross/aligned,adwin,0,0
1233,cross/aligned,mcusum,0,4
1233,cross/aligned,sketch1,1,10
1234,cross/aligned,always_multiD,1,11
1234,cross/aligned,union4_bonf,1,11
1234,cross/aligned,dci_v3,1,11
1234,cross/aligned,dci_v3_a8,1,11
1234,cross/aligned,best_axis_oracle,1,5
1234,cross/aligned,every_k2,0,6
1234,cross/aligned,adwin,0,0
1234,cross/aligned,mcusum,0,3
1234,cross/aligned,sketch1,1,9
1235,cross/aligned,always_multiD,1,11
1235,cross/aligned,union4_bonf,1,12
1235,cross/aligned,dci_v3,1,12
1235,cross/aligned,dci_v3_a8,1,12
1235,cross/aligned,best_axis_oracle,1,5
1235,cross/aligned,every_k2,0,6
1235,cross/aligned,adwin,0,0
1235,cross/aligned,mcusum,0,5
1235,cross/aligned,sketch1,0,9
1236,cross/aligned,always_multiD,1,10
1236,cross/aligned,union4_bonf,1,10
1236,cross/aligned,dci_v3,1,10
1236,cross/aligned,dci_v3_a8,1,10
1236,cross/aligned,best_axis_oracle,1,8
1236,cross/aligned,every_k2,0,6
1236,cross/aligned,adwin,0,0
1236,cross/aligned,mcusum,0,4
1236,cross/aligned,sketch1,1,8
1237,cross/aligned,always_multiD,1,10
1237,cross/aligned,union4_bonf,1,11
1237,cross/aligned,dci_v3,1,11
1237,cross/aligned,dci_v3_a8,1,11
1237,cross/aligned,best_axis_oracle,1,6
1237,cross/aligned,every_k2,0,6
1237,cross/aligned,adwin,0,0
1237,cross/aligned,mcusum,0,4
1237,cross/aligned,sketch1,1,8
1238,cross/aligned,always_multiD,1,11
1238,cross/aligned,union4_bonf,1,11
1238,cross/aligned,dci_v3,1,11
1238,cross/aligned,dci_v3_a8,1,11
1238,cross/aligned,best_axis_oracle,1,5
1238,cross/aligned,every_k2,0,6
1238,cross/aligned,adwin,0,0
1238,cross/aligned,mcusum,0,4
1238,cross/aligned,sketch1,1,10
1239,cross/aligned,always_multiD,1,11
1239,cross/aligned,union4_bonf,1,12
1239,cross/aligned,dci_v3,1,12
1239,cross/aligned,dci_v3_a8,1,12
1239,cross/aligned,best_axis_oracle,1,2
1239,cross/aligned,every_k2,0,6
1239,cross/aligned,adwin,0,0
1239,cross/aligned,mcusum,0,4
1239,cross/aligned,sketch1,1,10
1240,cross/aligned,always_multiD,1,11
1240,cross/aligned,union4_bonf,1,12
1240,cross/aligned,dci_v3,1,12
1240,cross/aligned,dci_v3_a8,1,12
1240,cross/aligned,best_axis_oracle,1,7
1240,cross/aligned,every_k2,0,6
1240,cross/aligned,adwin,0,0
1240,cross/aligned,mcusum,0,4
1240,cross/aligned,sketch1,0,8
1241,cross/aligned,always_multiD,1,11
1241,cross/aligned,union4_bonf,1,11
1241,cross/aligned,dci_v3,1,11
1241,cross/aligned,dci_v3_a8,1,11
1241,cross/aligned,best_axis_oracle,1,5
1241,cross/aligned,every_k2,1,5
1241,cross/aligned,adwin,0,0
1241,cross/aligned,mcusum,0,4
1241,cross/aligned,sketch1,1,10
1242,cross/aligned,always_multiD,1,11
1242,cross/aligned,union4_bonf,1,11
1242,cross/aligned,dci_v3,1,11
1242,cross/aligned,dci_v3_a8,1,11
1242,cross/aligned,best_axis_oracle,1,9
1242,cross/aligned,every_k2,0,6
1242,cross/aligned,adwin,0,0
1242,cross/aligned,mcusum,0,4
1242,cross/aligned,sketch1,0,8
1243,cross/aligned,always_multiD,1,11
1243,cross/aligned,union4_bonf,1,10
1243,cross/aligned,dci_v3,1,10
1243,cross/aligned,dci_v3_a8,1,10
1243,cross/aligned,best_axis_oracle,1,5
1243,cross/aligned,every_k2,1,5
1243,cross/aligned,adwin,0,0
1243,cross/aligned,mcusum,0,4
1243,cross/aligned,sketch1,1,11
1244,cross/aligned,always_multiD,1,11
1244,cross/aligned,union4_bonf,1,9
1244,cross/aligned,dci_v3,1,11
1244,cross/aligned,dci_v3_a8,1,11
1244,cross/aligned,best_axis_oracle,1,7
1244,cross/aligned,every_k2,0,6
1244,cross/aligned,adwin,0,0
1244,cross/aligned,mcusum,0,3
1244,cross/aligned,sketch1,0,9
1245,cross/aligned,always_multiD,1,11
1245,cross/aligned,union4_bonf,1,9
1245,cross/aligned,dci_v3,1,11
1245,cross/aligned,dci_v3_a8,1,11
1245,cross/aligned,best_axis_oracle,1,7
1245,cross/aligned,every_k2,1,5
1245,cross/aligned,adwin,0,0
1245,cross/aligned,mcusum,0,3
1245,cross/aligned,sketch1,0,9
1246,cross/aligned,always_multiD,1,11
1246,cross/aligned,union4_bonf,1,10
1246,cross/aligned,dci_v3,1,10
1246,cross/aligned,dci_v3_a8,1,10
1246,cross/aligned,best_axis_oracle,1,5
1246,cross/aligned,every_k2,1,5
1246,cross/aligned,adwin,0,0
1246,cross/aligned,mcusum,0,4
1246,cross/aligned,sketch1,1,11
1247,cross/aligned,always_multiD,1,11
1247,cross/aligned,union4_bonf,1,9
1247,cross/aligned,dci_v3,1,9
1247,cross/aligned,dci_v3_a8,1,10
1247,cross/aligned,best_axis_oracle,1,7
1247,cross/aligned,every_k2,0,6
1247,cross/aligned,adwin,0,0
1247,cross/aligned,mcusum,0,4
1247,cross/aligned,sketch1,1,11
1248,cross/aligned,always_multiD,1,10
1248,cross/aligned,union4_bonf,1,10
1248,cross/aligned,dci_v3,1,10
1248,cross/aligned,dci_v3_a8,1,10
1248,cross/aligned,best_axis_oracle,1,0
1248,cross/aligned,every_k2,1,4
1248,cross/aligned,adwin,0,0
1248,cross/aligned,mcusum,0,3
1248,cross/aligned,sketch1,1,9
1249,cross/aligned,always_multiD,1,12
1249,cross/aligned,union4_bonf,1,11
1249,cross/aligned,dci_v3,1,12
1249,cross/aligned,dci_v3_a8,1,12
1249,cross/aligned,best_axis_oracle,1,4
1249,cross/aligned,every_k2,1,5
1249,cross/aligned,adwin,0,0
1249,cross/aligned,mcusum,0,4
1249,cross/aligned,sketch1,1,13
1250,cross/aligned,always_multiD,1,9
1250,cross/aligned,union4_bonf,1,9
1250,cross/aligned,dci_v3,1,9
1250,cross/aligned,dci_v3_a8,1,9
1250,cross/aligned,best_axis_oracle,1,3
1250,cross/aligned,every_k2,1,4
1250,cross/aligned,adwin,0,0
1250,cross/aligned,mcusum,0,2
1250,cross/aligned,sketch1,1,6
1251,cross/aligned,always_multiD,1,9
1251,cross/aligned,union4_bonf,1,9
1251,cross/aligned,dci_v3,1,9
1251,cross/aligned,dci_v3_a8,1,9
1251,cross/aligned,best_axis_oracle,1,3
1251,cross/aligned,every_k2,1,4
1251,cross/aligned,adwin,0,0
1251,cross/aligned,mcusum,0,2
1251,cross/aligned,sketch1,1,6
1252,cross/aligned,always_multiD,1,11
1252,cross/aligned,union4_bonf,1,12
1252,cross/aligned,dci_v3,1,12
1252,cross/aligned,dci_v3_a8,1,12
1252,cross/aligned,best_axis_oracle,1,6
1252,cross/aligned,every_k2,1,5
1252,cross/aligned,adwin,0,0
1252,cross/aligned,mcusum,0,3
1252,cross/aligned,sketch1,1,9
1253,cross/aligned,always_multiD,1,11
1253,cross/aligned,union4_bonf,1,9
1253,cross/aligned,dci_v3,1,9
1253,cross/aligned,dci_v3_a8,1,9
1253,cross/aligned,best_axis_oracle,1,7
1253,cross/aligned,every_k2,1,5
1253,cross/aligned,adwin,0,0
1253,cross/aligned,mcusum,0,4
1253,cross/aligned,sketch1,1,11
1254,cross/aligned,always_multiD,1,9
1254,cross/aligned,union4_bonf,1,8
1254,cross/aligned,dci_v3,1,10
1254,cross/aligned,dci_v3_a8,1,10
1254,cross/aligned,best_axis_oracle,1,4
1254,cross/aligned,every_k2,1,5
1254,cross/aligned,adwin,0,0
1254,cross/aligned,mcusum,0,3
1254,cross/aligned,sketch1,0,7
1255,cross/aligned,always_multiD,1,10
1255,cross/aligned,union4_bonf,1,11
1255,cross/aligned,dci_v3,1,11
1255,cross/aligned,dci_v3_a8,1,11
1255,cross/aligned,best_axis_oracle,1,6
1255,cross/aligned,every_k2,0,5
1255,cross/aligned,adwin,0,0
1255,cross/aligned,mcusum,0,3
1255,cross/aligned,sketch1,1,7
1256,cross/aligned,always_multiD,1,8
1256,cross/aligned,union4_bonf,1,8
1256,cross/aligned,dci_v3,1,8
1256,cross/aligned,dci_v3_a8,1,8
1256,cross/aligned,best_axis_oracle,1,0
1256,cross/aligned,every_k2,0,5
1256,cross/aligned,adwin,0,0
1256,cross/aligned,mcusum,0,3
1256,cross/aligned,sketch1,1,9
1257,cross/aligned,always_multiD,1,12
1257,cross/aligned,union4_bonf,1,12
1257,cross/aligned,dci_v3,1,12
1257,cross/aligned,dci_v3_a8,1,12
1257,cross/aligned,best_axis_oracle,1,2
1257,cross/aligned,every_k2,1,5
1257,cross/aligned,adwin,0,0
1257,cross/aligned,mcusum,0,3
1257,cross/aligned,sketch1,0,11
1258,cross/aligned,always_multiD,1,10
1258,cross/aligned,union4_bonf,1,9
1258,cross/aligned,dci_v3,1,10
1258,cross/aligned,dci_v3_a8,1,10
1258,cross/aligned,best_axis_oracle,1,8
1258,cross/aligned,every_k2,0,5
1258,cross/aligned,adwin,0,0
1258,cross/aligned,mcusum,0,4
1258,cross/aligned,sketch1,1,9
1259,cross/aligned,always_multiD,1,10
1259,cross/aligned,union4_bonf,1,9
1259,cross/aligned,dci_v3,1,9
1259,cross/aligned,dci_v3_a8,1,10
1259,cross/aligned,best_axis_oracle,1,6
1259,cross/aligned,every_k2,0,5
1259,cross/aligned,adwin,0,0
1259,cross/aligned,mcusum,0,3
1259,cross/aligned,sketch1,1,6
1260,cross/aligned,always_multiD,1,10
1260,cross/aligned,union4_bonf,1,9
1260,cross/aligned,dci_v3,1,10
1260,cross/aligned,dci_v3_a8,1,10
1260,cross/aligned,best_axis_oracle,1,8
1260,cross/aligned,every_k2,1,5
1260,cross/aligned,adwin,0,0
1260,cross/aligned,mcusum,0,4
1260,cross/aligned,sketch1,1,11
1261,cross/aligned,always_multiD,1,9
1261,cross/aligned,union4_bonf,1,6
1261,cross/aligned,dci_v3,1,6
1261,cross/aligned,dci_v3_a8,1,6
1261,cross/aligned,best_axis_oracle,1,2
1261,cross/aligned,every_k2,0,4
1261,cross/aligned,adwin,0,0
1261,cross/aligned,mcusum,0,2
1261,cross/aligned,sketch1,1,9
1262,cross/aligned,always_multiD,1,7
1262,cross/aligned,union4_bonf,1,8
1262,cross/aligned,dci_v3,1,8
1262,cross/aligned,dci_v3_a8,1,8
1262,cross/aligned,best_axis_oracle,1,0
1262,cross/aligned,every_k2,0,4
1262,cross/aligned,adwin,0,0
1262,cross/aligned,mcusum,0,3
1262,cross/aligned,sketch1,1,5
1263,cross/aligned,always_multiD,1,10
1263,cross/aligned,union4_bonf,1,9
1263,cross/aligned,dci_v3,1,10
1263,cross/aligned,dci_v3_a8,1,10
1263,cross/aligned,best_axis_oracle,1,8
1263,cross/aligned,every_k2,0,5
1263,cross/aligned,adwin,0,0
1263,cross/aligned,mcusum,0,4
1263,cross/aligned,sketch1,1,11
1264,cross/aligned,always_multiD,1,7
1264,cross/aligned,union4_bonf,1,6
1264,cross/aligned,dci_v3,1,7
1264,cross/aligned,dci_v3_a8,1,7
1264,cross/aligned,best_axis_oracle,1,1
1264,cross/aligned,every_k2,1,3
1264,cross/aligned,adwin,0,0
1264,cross/aligned,mcusum,0,3
1264,cross/aligned,sketch1,1,7
1265,cross/aligned,always_multiD,1,11
1265,cross/aligned,union4_bonf,1,12
1265,cross/aligned,dci_v3,1,12
1265,cross/aligned,dci_v3_a8,1,11
1265,cross/aligned,best_axis_oracle,1,0
1265,cross/aligned,every_k2,1,5
1265,cross/aligned,adwin,0,0
1265,cross/aligned,mcusum,0,8
1265,cross/aligned,sketch1,0,10
1266,cross/aligned,always_multiD,1,12
1266,cross/aligned,union4_bonf,1,11
1266,cross/aligned,dci_v3,1,12
1266,cross/aligned,dci_v3_a8,1,12
1266,cross/aligned,best_axis_oracle,1,0
1266,cross/aligned,every_k2,0,7
1266,cross/aligned,adwin,0,0
1266,cross/aligned,mcusum,0,7
1266,cross/aligned,sketch1,0,11
1267,cross/aligned,always_multiD,1,12
1267,cross/aligned,union4_bonf,1,11
1267,cross/aligned,dci_v3,1,12
1267,cross/aligned,dci_v3_a8,1,12
1267,cross/aligned,best_axis_oracle,1,0
1267,cross/aligned,every_k2,1,5
1267,cross/aligned,adwin,0,0
1267,cross/aligned,mcusum,0,7
1267,cross/aligned,sketch1,0,11
1268,cross/aligned,always_multiD,1,10
1268,cross/aligned,union4_bonf,1,9
1268,cross/aligned,dci_v3,1,10
1268,cross/aligned,dci_v3_a8,1,10
1268,cross/aligned,best_axis_oracle,1,0
1268,cross/aligned,every_k2,0,6
1268,cross/aligned,adwin,0,0
1268,cross/aligned,mcusum,0,5
1268,cross/aligned,sketch1,1,10
1269,cross/aligned,always_multiD,1,11
1269,cross/aligned,union4_bonf,1,12
1269,cross/aligned,dci_v3,1,12
1269,cross/aligned,dci_v3_a8,1,12
1269,cross/aligned,best_axis_oracle,1,11
1269,cross/aligned,every_k2,0,6
1269,cross/aligned,adwin,0,0
1269,cross/aligned,mcusum,0,3
1269,cross/aligned,sketch1,1,6
1270,cross/aligned,always_multiD,1,10
1270,cross/aligned,union4_bonf,1,10
1270,cross/aligned,dci_v3,1,10
1270,cross/aligned,dci_v3_a8,1,10
1270,cross/aligned,best_axis_oracle,1,0
1270,cross/aligned,every_k2,0,5
1270,cross/aligned,adwin,0,0
1270,cross/aligned,mcusum,0,6
1270,cross/aligned,sketch1,1,10
1271,cross/aligned,always_multiD,1,11
1271,cross/aligned,union4_bonf,1,10
1271,cross/aligned,dci_v3,1,10
1271,cross/aligned,dci_v3_a8,1,10
1271,cross/aligned,best_axis_oracle,1,1
1271,cross/aligned,every_k2,0,6
1271,cross/aligned,adwin,0,0
1271,cross/aligned,mcusum,0,7
1271,cross/aligned,sketch1,0,10
1272,cross/aligned,always_multiD,1,11
1272,cross/aligned,union4_bonf,1,12
1272,cross/aligned,dci_v3,1,12
1272,cross/aligned,dci_v3_a8,1,11
1272,cross/aligned,best_axis_oracle,1,0
1272,cross/aligned,every_k2,1,5
1272,cross/aligned,adwin,0,0
1272,cross/aligned,mcusum,0,8
1272,cross/aligned,sketch1,0,10
1273,cross/aligned,always_multiD,1,10
1273,cross/aligned,union4_bonf,1,10
1273,cross/aligned,dci_v3,1,10
1273,cross/aligned,dci_v3_a8,1,10
1273,cross/aligned,best_axis_oracle,1,0
1273,cross/aligned,every_k2,0,5
1273,cross/aligned,adwin,0,0
1273,cross/aligned,mcusum,0,6
1273,cross/aligned,sketch1,1,10
1274,cross/aligned,always_multiD,1,10
1274,cross/aligned,union4_bonf,1,9
1274,cross/aligned,dci_v3,1,9
1274,cross/aligned,dci_v3_a8,1,9
1274,cross/aligned,best_axis_oracle,1,1
1274,cross/aligned,every_k2,0,5
1274,cross/aligned,adwin,0,0
1274,cross/aligned,mcusum,1,4
1274,cross/aligned,sketch1,1,10
1275,cross/aligned,always_multiD,1,9
1275,cross/aligned,union4_bonf,1,10
1275,cross/aligned,dci_v3,1,10
1275,cross/aligned,dci_v3_a8,1,10
1275,cross/aligned,best_axis_oracle,1,0
1275,cross/aligned,every_k2,1,4
1275,cross/aligned,adwin,0,0
1275,cross/aligned,mcusum,0,6
1275,cross/aligned,sketch1,1,9
1276,cross/aligned,always_multiD,1,11
1276,cross/aligned,union4_bonf,1,11
1276,cross/aligned,dci_v3,1,11
1276,cross/aligned,dci_v3_a8,1,11
1276,cross/aligned,best_axis_oracle,1,1
1276,cross/aligned,every_k2,1,5
1276,cross/aligned,adwin,0,0
1276,cross/aligned,mcusum,1,11
1276,cross/aligned,sketch1,1,11
1277,cross/aligned,always_multiD,1,12
1277,cross/aligned,union4_bonf,1,12
1277,cross/aligned,dci_v3,1,12
1277,cross/aligned,dci_v3_a8,1,12
1277,cross/aligned,best_axis_oracle,1,0
1277,cross/aligned,every_k2,0,7
1277,cross/aligned,adwin,0,0
1277,cross/aligned,mcusum,0,11
1277,cross/aligned,sketch1,1,13
1278,cross/aligned,always_multiD,1,11
1278,cross/aligned,union4_bonf,1,11
1278,cross/aligned,dci_v3,1,11
1278,cross/aligned,dci_v3_a8,1,11
1278,cross/aligned,best_axis_oracle,1,1
1278,cross/aligned,every_k2,1,5
1278,cross/aligned,adwin,0,0
1278,cross/aligned,mcusum,1,11
1278,cross/aligned,sketch1,1,11
1279,cross/aligned,always_multiD,1,11
1279,cross/aligned,union4_bonf,1,12
1279,cross/aligned,dci_v3,1,12
1279,cross/aligned,dci_v3_a8,1,11
1279,cross/aligned,best_axis_oracle,1,0
1279,cross/aligned,every_k2,1,5
1279,cross/aligned,adwin,0,0
1279,cross/aligned,mcusum,0,11
1279,cross/aligned,sketch1,1,11
1280,cross/aligned,always_multiD,1,11
1280,cross/aligned,union4_bonf,1,12
1280,cross/aligned,dci_v3,1,12
1280,cross/aligned,dci_v3_a8,1,12
1280,cross/aligned,best_axis_oracle,1,0
1280,cross/aligned,every_k2,1,5
1280,cross/aligned,adwin,0,0
1280,cross/aligned,mcusum,0,11
1280,cross/aligned,sketch1,1,11
1281,cross/aligned,always_multiD,1,11
1281,cross/aligned,union4_bonf,1,11
1281,cross/aligned,dci_v3,1,11
1281,cross/aligned,dci_v3_a8,1,11
1281,cross/aligned,best_axis_oracle,1,1
1281,cross/aligned,every_k2,1,5
1281,cross/aligned,adwin,0,0
1281,cross/aligned,mcusum,1,11
1281,cross/aligned,sketch1,1,11
1282,cross/aligned,always_multiD,1,12
1282,cross/aligned,union4_bonf,1,12
1282,cross/aligned,dci_v3,1,12
1282,cross/aligned,dci_v3_a8,1,12
1282,cross/aligned,best_axis_oracle,1,0
1282,cross/aligned,every_k2,0,7
1282,cross/aligned,adwin,0,0
1282,cross/aligned,mcusum,0,11
1282,cross/aligned,sketch1,1,13
1283,cross/aligned,always_multiD,1,12
1283,cross/aligned,union4_bonf,1,12
1283,cross/aligned,dci_v3,1,12
1283,cross/aligned,dci_v3_a8,1,12
1283,cross/aligned,best_axis_oracle,1,0
1283,cross/aligned,every_k2,1,5
1283,cross/aligned,adwin,0,0
1283,cross/aligned,mcusum,0,11
1283,cross/aligned,sketch1,1,13
1284,cross/aligned,always_multiD,1,11
1284,cross/aligned,union4_bonf,1,11
1284,cross/aligned,dci_v3,1,11
1284,cross/aligned,dci_v3_a8,1,11
1284,cross/aligned,best_axis_oracle,1,1
1284,cross/aligned,every_k2,1,5
1284,cross/aligned,adwin,0,0
1284,cross/aligned,mcusum,1,11
1284,cross/aligned,sketch1,1,11
1285,cross/aligned,always_multiD,1,11
1285,cross/aligned,union4_bonf,1,12
1285,cross/aligned,dci_v3,1,12
1285,cross/aligned,dci_v3_a8,1,12
1285,cross/aligned,best_axis_oracle,1,0
1285,cross/aligned,every_k2,1,5
1285,cross/aligned,adwin,0,0
1285,cross/aligned,mcusum,0,11
1285,cross/aligned,sketch1,1,11
1286,cross/aligned,always_multiD,1,11
1286,cross/aligned,union4_bonf,1,12
1286,cross/aligned,dci_v3,1,12
1286,cross/aligned,dci_v3_a8,1,11
1286,cross/aligned,best_axis_oracle,1,0
1286,cross/aligned,every_k2,0,6
1286,cross/aligned,adwin,0,0
1286,cross/aligned,mcusum,0,11
1286,cross/aligned,sketch1,1,11
1287,cross/aligned,always_multiD,1,3
1287,cross/aligned,union4_bonf,1,0
1287,cross/aligned,dci_v3,1,0
1287,cross/aligned,dci_v3_a8,1,0
1287,cross/aligned,best_axis_oracle,1,1
1287,cross/aligned,every_k2,0,2
1287,cross/aligned,adwin,0,0
1287,cross/aligned,mcusum,0,1
1287,cross/aligned,sketch1,1,5
1288,cross/aligned,always_multiD,1,1
1288,cross/aligned,union4_bonf,1,1
1288,cross/aligned,dci_v3,1,1
1288,cross/aligned,dci_v3_a8,1,1
1288,cross/aligned,best_axis_oracle,1,0
1288,cross/aligned,every_k2,0,1
1288,cross/aligned,adwin,0,0
1288,cross/aligned,mcusum,0,0
1288,cross/aligned,sketch1,1,3
1289,cross/aligned,always_multiD,1,1
1289,cross/aligned,union4_bonf,1,1
1289,cross/aligned,dci_v3,1,1
1289,cross/aligned,dci_v3_a8,1,1
1289,cross/aligned,best_axis_oracle,1,0
1289,cross/aligned,every_k2,1,1
1289,cross/aligned,adwin,0,0
1289,cross/aligned,mcusum,0,1
1289,cross/aligned,sketch1,1,1
1290,cross/aligned,always_multiD,1,1
1290,cross/aligned,union4_bonf,1,1
1290,cross/aligned,dci_v3,1,1
1290,cross/aligned,dci_v3_a8,1,1
1290,cross/aligned,best_axis_oracle,1,0
1290,cross/aligned,every_k2,0,1
1290,cross/aligned,adwin,0,0
1290,cross/aligned,mcusum,0,0
1290,cross/aligned,sketch1,1,3
1291,cross/aligned,always_multiD,1,4
1291,cross/aligned,union4_bonf,1,5
1291,cross/aligned,dci_v3,1,5
1291,cross/aligned,dci_v3_a8,1,5
1291,cross/aligned,best_axis_oracle,1,0
1291,cross/aligned,every_k2,0,2
1291,cross/aligned,adwin,0,0
1291,cross/aligned,mcusum,0,1
1291,cross/aligned,sketch1,1,7
1292,cross/aligned,always_multiD,1,0
1292,cross/aligned,union4_bonf,1,2
1292,cross/aligned,dci_v3,1,2
1292,cross/aligned,dci_v3_a8,1,1
1292,cross/aligned,best_axis_oracle,1,0
1292,cross/aligned,every_k2,0,0
1292,cross/aligned,adwin,0,0
1292,cross/aligned,mcusum,0,1
1292,cross/aligned,sketch1,1,0
1293,cross/aligned,always_multiD,1,4
1293,cross/aligned,union4_bonf,1,2
1293,cross/aligned,dci_v3,1,2
1293,cross/aligned,dci_v3_a8,1,2
1293,cross/aligned,best_axis_oracle,1,1
1293,cross/aligned,every_k2,1,2
1293,cross/aligned,adwin,0,0
1293,cross/aligned,mcusum,0,1
1293,cross/aligned,sketch1,1,7
1294,cross/aligned,always_multiD,1,1
1294,cross/aligned,union4_bonf,1,1
1294,cross/aligned,dci_v3,1,1
1294,cross/aligned,dci_v3_a8,1,0
1294,cross/aligned,best_axis_oracle,1,0
1294,cross/aligned,every_k2,0,0
1294,cross/aligned,adwin,0,0
1294,cross/aligned,mcusum,0,1
1294,cross/aligned,sketch1,1,1
1295,cross/aligned,always_multiD,1,1
1295,cross/aligned,union4_bonf,1,1
1295,cross/aligned,dci_v3,1,1
1295,cross/aligned,dci_v3_a8,1,1
1295,cross/aligned,best_axis_oracle,1,0
1295,cross/aligned,every_k2,1,0
1295,cross/aligned,adwin,0,0
1295,cross/aligned,mcusum,0,1
1295,cross/aligned,sketch1,1,5
1296,cross/aligned,always_multiD,1,0
1296,cross/aligned,union4_bonf,1,0
1296,cross/aligned,dci_v3,1,0
1296,cross/aligned,dci_v3_a8,1,0
1296,cross/aligned,best_axis_oracle,1,1
1296,cross/aligned,every_k2,1,0
1296,cross/aligned,adwin,0,0
1296,cross/aligned,mcusum,0,0
1296,cross/aligned,sketch1,1,0
1297,cross/aligned,always_multiD,1,1
1297,cross/aligned,union4_bonf,1,0
1297,cross/aligned,dci_v3,1,0
1297,cross/aligned,dci_v3_a8,1,0
1297,cross/aligned,best_axis_oracle,1,1
1297,cross/aligned,every_k2,0,0
1297,cross/aligned,adwin,0,0
1297,cross/aligned,mcusum,0,0
1297,cross/aligned,sketch1,1,1
1298,cross/aligned,always_multiD,1,11
1298,cross/aligned,union4_bonf,1,12
1298,cross/aligned,dci_v3,1,12
1298,cross/aligned,dci_v3_a8,1,12
1298,cross/aligned,best_axis_oracle,1,0
1298,cross/aligned,every_k2,0,6
1298,cross/aligned,adwin,0,0
1298,cross/aligned,mcusum,0,4
1298,cross/aligned,sketch1,0,11
1299,cross/aligned,always_multiD,1,11
1299,cross/aligned,union4_bonf,1,11
1299,cross/aligned,dci_v3,1,11
1299,cross/aligned,dci_v3_a8,1,11
1299,cross/aligned,best_axis_oracle,1,1
1299,cross/aligned,every_k2,1,5
1299,cross/aligned,adwin,0,0
1299,cross/aligned,mcusum,0,9
1299,cross/aligned,sketch1,0,11
1300,cross/aligned,always_multiD,1,11
1300,cross/aligned,union4_bonf,1,12
1300,cross/aligned,dci_v3,1,12
1300,cross/aligned,dci_v3_a8,1,12
1300,cross/aligned,best_axis_oracle,1,0
1300,cross/aligned,every_k2,0,6
1300,cross/aligned,adwin,0,0
1300,cross/aligned,mcusum,0,4
1300,cross/aligned,sketch1,0,11
1301,cross/aligned,always_multiD,1,11
1301,cross/aligned,union4_bonf,1,12
1301,cross/aligned,dci_v3,1,12
1301,cross/aligned,dci_v3_a8,1,12
1301,cross/aligned,best_axis_oracle,1,0
1301,cross/aligned,every_k2,0,6
1301,cross/aligned,adwin,0,0
1301,cross/aligned,mcusum,0,4
1301,cross/aligned,sketch1,0,11
1302,cross/aligned,always_multiD,1,11
1302,cross/aligned,union4_bonf,1,11
1302,cross/aligned,dci_v3,1,11
1302,cross/aligned,dci_v3_a8,1,11
1302,cross/aligned,best_axis_oracle,1,1
1302,cross/aligned,every_k2,1,5
1302,cross/aligned,adwin,0,0
1302,cross/aligned,mcusum,0,10
1302,cross/aligned,sketch1,1,11
1303,cross/aligned,always_multiD,1,10
1303,cross/aligned,union4_bonf,1,11
1303,cross/aligned,dci_v3,1,11
1303,cross/aligned,dci_v3_a8,1,11
1303,cross/aligned,best_axis_oracle,1,0
1303,cross/aligned,every_k2,0,5
1303,cross/aligned,adwin,0,0
1303,cross/aligned,mcusum,0,5
1303,cross/aligned,sketch1,0,8
1304,cross/aligned,always_multiD,1,12
1304,cross/aligned,union4_bonf,1,12
1304,cross/aligned,dci_v3,1,12
1304,cross/aligned,dci_v3_a8,1,12
1304,cross/aligned,best_axis_oracle,1,0
1304,cross/aligned,every_k2,1,5
1304,cross/aligned,adwin,0,0
1304,cross/aligned,mcusum,0,7
1304,cross/aligned,sketch1,0,12
1305,cross/aligned,always_multiD,1,11
1305,cross/aligned,union4_bonf,1,11
1305,cross/aligned,dci_v3,1,11
1305,cross/aligned,dci_v3_a8,1,11
1305,cross/aligned,best_axis_oracle,1,1
1305,cross/aligned,every_k2,1,5
1305,cross/aligned,adwin,0,0
1305,cross/aligned,mcusum,0,9
1305,cross/aligned,sketch1,0,11
1306,cross/aligned,always_multiD,1,11
1306,cross/aligned,union4_bonf,1,12
1306,cross/aligned,dci_v3,1,12
1306,cross/aligned,dci_v3_a8,1,12
1306,cross/aligned,best_axis_oracle,1,0
1306,cross/aligned,every_k2,0,6
1306,cross/aligned,adwin,0,0
1306,cross/aligned,mcusum,0,9
1306,cross/aligned,sketch1,0,11
1307,cross/aligned,always_multiD,1,10
1307,cross/aligned,union4_bonf,1,10
1307,cross/aligned,dci_v3,1,10
1307,cross/aligned,dci_v3_a8,1,10
1307,cross/aligned,best_axis_oracle,1,2
1307,cross/aligned,every_k2,0,5
1307,cross/aligned,adwin,0,0
1307,cross/aligned,mcusum,0,4
1307,cross/aligned,sketch1,0,8
1308,cross/aligned,always_multiD,1,10
1308,cross/aligned,union4_bonf,1,11
1308,cross/aligned,dci_v3,1,11
1308,cross/aligned,dci_v3_a8,1,11
1308,cross/aligned,best_axis_oracle,1,0
1308,cross/aligned,every_k2,1,5
1308,cross/aligned,adwin,0,0
1308,cross/aligned,mcusum,0,5
1308,cross/aligned,sketch1,0,8
1309,cross/aligned,always_multiD,1,7
1309,cross/aligned,union4_bonf,1,0
1309,cross/aligned,dci_v3,1,0
1309,cross/aligned,dci_v3_a8,1,0
1309,cross/aligned,best_axis_oracle,1,1
1309,cross/aligned,every_k2,0,4
1309,cross/aligned,adwin,0,0
1309,cross/aligned,mcusum,0,1
1309,cross/aligned,sketch1,1,7
1310,cross/aligned,always_multiD,1,7
1310,cross/aligned,union4_bonf,1,1
1310,cross/aligned,dci_v3,1,2
1310,cross/aligned,dci_v3_a8,1,2
1310,cross/aligned,best_axis_oracle,1,0
1310,cross/aligned,every_k2,1,3
1310,cross/aligned,adwin,0,0
1310,cross/aligned,mcusum,0,1
1310,cross/aligned,sketch1,1,11
1311,cross/aligned,always_multiD,1,5
1311,cross/aligned,union4_bonf,1,0
1311,cross/aligned,dci_v3,1,0
1311,cross/aligned,dci_v3_a8,1,0
1311,cross/aligned,best_axis_oracle,1,0
1311,cross/aligned,every_k2,0,1
1311,cross/aligned,adwin,0,0
1311,cross/aligned,mcusum,0,1
1311,cross/aligned,sketch1,1,7
1312,cross/aligned,always_multiD,1,3
1312,cross/aligned,union4_bonf,1,1
1312,cross/aligned,dci_v3,1,1
1312,cross/aligned,dci_v3_a8,1,1
1312,cross/aligned,best_axis_oracle,1,0
1312,cross/aligned,every_k2,1,1
1312,cross/aligned,adwin,0,0
1312,cross/aligned,mcusum,0,1
1312,cross/aligned,sketch1,1,8
1313,cross/aligned,always_multiD,1,5
1313,cross/aligned,union4_bonf,1,1
1313,cross/aligned,dci_v3,1,1
1313,cross/aligned,dci_v3_a8,1,2
1313,cross/aligned,best_axis_oracle,1,0
1313,cross/aligned,every_k2,0,4
1313,cross/aligned,adwin,0,0
1313,cross/aligned,mcusum,0,1
1313,cross/aligned,sketch1,1,8
1314,cross/aligned,always_multiD,1,8
1314,cross/aligned,union4_bonf,1,0
1314,cross/aligned,dci_v3,1,0
1314,cross/aligned,dci_v3_a8,1,2
1314,cross/aligned,best_axis_oracle,1,1
1314,cross/aligned,every_k2,1,4
1314,cross/aligned,adwin,0,0
1314,cross/aligned,mcusum,0,1
1314,cross/aligned,sketch1,1,9
1315,cross/aligned,always_multiD,1,5
1315,cross/aligned,union4_bonf,1,1
1315,cross/aligned,dci_v3,1,1
1315,cross/aligned,dci_v3_a8,1,1
1315,cross/aligned,best_axis_oracle,1,0
1315,cross/aligned,every_k2,0,4
1315,cross/aligned,adwin,0,0
1315,cross/aligned,mcusum,0,1
1315,cross/aligned,sketch1,1,8
1316,cross/aligned,always_multiD,1,7
1316,cross/aligned,union4_bonf,1,0
1316,cross/aligned,dci_v3,1,0
1316,cross/aligned,dci_v3_a8,1,0
1316,cross/aligned,best_axis_oracle,1,1
1316,cross/aligned,every_k2,1,3
1316,cross/aligned,adwin,0,0
1316,cross/aligned,mcusum,0,1
1316,cross/aligned,sketch1,1,7
1317,cross/aligned,always_multiD,1,7
1317,cross/aligned,union4_bonf,1,0
1317,cross/aligned,dci_v3,1,0
1317,cross/aligned,dci_v3_a8,1,2
1317,cross/aligned,best_axis_oracle,1,1
1317,cross/aligned,every_k2,1,3
1317,cross/aligned,adwin,0,0
1317,cross/aligned,mcusum,0,1
1317,cross/aligned,sketch1,1,7
1318,cross/aligned,always_multiD,1,7
1318,cross/aligned,union4_bonf,1,0
1318,cross/aligned,dci_v3,1,0
1318,cross/aligned,dci_v3_a8,1,0
1318,cross/aligned,best_axis_oracle,1,1
1318,cross/aligned,every_k2,1,3
1318,cross/aligned,adwin,0,0
1318,cross/aligned,mcusum,0,1
1318,cross/aligned,sketch1,1,7
1319,cross/aligned,always_multiD,1,8
1319,cross/aligned,union4_bonf,1,0
1319,cross/aligned,dci_v3,1,0
1319,cross/aligned,dci_v3_a8,1,0
1319,cross/aligned,best_axis_oracle,1,1
1319,cross/aligned,every_k2,1,4
1319,cross/aligned,adwin,0,0
1319,cross/aligned,mcusum,0,1
1319,cross/aligned,sketch1,1,9
1320,cross/aligned,always_multiD,1,1
1320,cross/aligned,union4_bonf,1,2
1320,cross/aligned,dci_v3,1,2
1320,cross/aligned,dci_v3_a8,1,2
1320,cross/aligned,best_axis_oracle,1,0
1320,cross/aligned,every_k2,0,0
1320,cross/aligned,adwin,0,0
1320,cross/aligned,mcusum,0,1
1320,cross/aligned,sketch1,1,0
1321,cross/aligned,always_multiD,1,0
1321,cross/aligned,union4_bonf,1,2
1321,cross/aligned,dci_v3,1,2
1321,cross/aligned,dci_v3_a8,1,2
1321,cross/aligned,best_axis_oracle,1,0
1321,cross/aligned,every_k2,1,0
1321,cross/aligned,adwin,0,0
1321,cross/aligned,mcusum,1,0
1321,cross/aligned,sketch1,1,0
1322,cross/aligned,always_multiD,1,2
1322,cross/aligned,union4_bonf,1,1
1322,cross/aligned,dci_v3,1,1
1322,cross/aligned,dci_v3_a8,1,1
1322,cross/aligned,best_axis_oracle,1,0
1322,cross/aligned,every_k2,0,1
1322,cross/aligned,adwin,0,0
1322,cross/aligned,mcusum,0,1
1322,cross/aligned,sketch1,1,2
1323,cross/aligned,always_multiD,1,1
1323,cross/aligned,union4_bonf,1,0
1323,cross/aligned,dci_v3,1,0
1323,cross/aligned,dci_v3_a8,1,0
1323,cross/aligned,best_axis_oracle,1,1
1323,cross/aligned,every_k2,1,1
1323,cross/aligned,adwin,0,0
1323,cross/aligned,mcusum,0,1
1323,cross/aligned,sketch1,1,0
1324,cross/aligned,always_multiD,1,1
1324,cross/aligned,union4_bonf,1,0
1324,cross/aligned,dci_v3,1,0
1324,cross/aligned,dci_v3_a8,1,0
1324,cross/aligned,best_axis_oracle,1,1
1324,cross/aligned,every_k2,1,0
1324,cross/aligned,adwin,0,0
1324,cross/aligned,mcusum,0,1
1324,cross/aligned,sketch1,1,0
1325,cross/aligned,always_multiD,1,2
1325,cross/aligned,union4_bonf,1,1
1325,cross/aligned,dci_v3,1,1
1325,cross/aligned,dci_v3_a8,1,2
1325,cross/aligned,best_axis_oracle,1,0
1325,cross/aligned,every_k2,1,1
1325,cross/aligned,adwin,0,0
1325,cross/aligned,mcusum,0,1
1325,cross/aligned,sketch1,1,2
1326,cross/aligned,always_multiD,1,1
1326,cross/aligned,union4_bonf,1,1
1326,cross/aligned,dci_v3,1,1
1326,cross/aligned,dci_v3_a8,1,1
1326,cross/aligned,best_axis_oracle,1,0
1326,cross/aligned,every_k2,0,1
1326,cross/aligned,adwin,0,0
1326,cross/aligned,mcusum,1,0
1326,cross/aligned,sketch1,1,2
1327,cross/aligned,always_multiD,1,1
1327,cross/aligned,union4_bonf,1,0
1327,cross/aligned,dci_v3,1,0
1327,cross/aligned,dci_v3_a8,1,1
1327,cross/aligned,best_axis_oracle,1,1
1327,cross/aligned,every_k2,0,1
1327,cross/aligned,adwin,0,0
1327,cross/aligned,mcusum,0,1
1327,cross/aligned,sketch1,1,0
1328,cross/aligned,always_multiD,1,1
1328,cross/aligned,union4_bonf,1,1
1328,cross/aligned,dci_v3,1,1
1328,cross/aligned,dci_v3_a8,1,1
1328,cross/aligned,best_axis_oracle,1,0
1328,cross/aligned,every_k2,0,1
1328,cross/aligned,adwin,0,0
1328,cross/aligned,mcusum,1,0
1328,cross/aligned,sketch1,1,2
1329,cross/aligned,always_multiD,1,1
1329,cross/aligned,union4_bonf,1,0
1329,cross/aligned,dci_v3,1,0
1329,cross/aligned,dci_v3_a8,1,0
1329,cross/aligned,best_axis_oracle,1,1
1329,cross/aligned,every_k2,1,1
1329,cross/aligned,adwin,0,0
1329,cross/aligned,mcusum,0,1
1329,cross/aligned,sketch1,1,0
1330,cross/aligned,always_multiD,1,0
1330,cross/aligned,union4_bonf,1,2
1330,cross/aligned,dci_v3,1,2
1330,cross/aligned,dci_v3_a8,1,2
1330,cross/aligned,best_axis_oracle,1,0
1330,cross/aligned,every_k2,0,0
1330,cross/aligned,adwin,0,0
1330,cross/aligned,mcusum,1,0
1330,cross/aligned,sketch1,1,0
1331,cross/offaxis,always_multiD,1,11
1331,cross/offaxis,union4_bonf,1,10
1331,cross/offaxis,dci_v3,1,11
1331,cross/offaxis,dci_v3_a8,1,11
1331,cross/offaxis,best_axis_oracle,1,0
1331,cross/offaxis,every_k2,0,6
1331,cross/offaxis,adwin,0,0
1331,cross/offaxis,mcusum,0,7
1331,cross/offaxis,sketch1,1,8
1332,cross/aligned,always_multiD,1,11
1332,cross/aligned,union4_bonf,1,11
1332,cross/aligned,dci_v3,1,11
1332,cross/aligned,dci_v3_a8,1,11
1332,cross/aligned,best_axis_oracle,1,0
1332,cross/aligned,every_k2,0,6
1332,cross/aligned,adwin,0,0
1332,cross/aligned,mcusum,0,9
1332,cross/aligned,sketch1,1,11
1333,cross/offaxis,always_multiD,1,11
1333,cross/offaxis,union4_bonf,1,10
1333,cross/offaxis,dci_v3,1,11
1333,cross/offaxis,dci_v3_a8,1,11
1333,cross/offaxis,best_axis_oracle,1,0
1333,cross/offaxis,every_k2,0,6
1333,cross/offaxis,adwin,0,0
1333,cross/offaxis,mcusum,0,5
1333,cross/offaxis,sketch1,1,8
1334,cross/offaxis,always_multiD,1,11
1334,cross/offaxis,union4_bonf,1,11
1334,cross/offaxis,dci_v3,1,11
1334,cross/offaxis,dci_v3_a8,1,11
1334,cross/offaxis,best_axis_oracle,1,0
1334,cross/offaxis,every_k2,0,6
1334,cross/offaxis,adwin,0,0
1334,cross/offaxis,mcusum,0,9
1334,cross/offaxis,sketch1,1,11
1335,cross/offaxis,always_multiD,1,11
1335,cross/offaxis,union4_bonf,1,11
1335,cross/offaxis,dci_v3,1,11
1335,cross/offaxis,dci_v3_a8,1,11
1335,cross/offaxis,best_axis_oracle,1,0
1335,cross/offaxis,every_k2,0,6
1335,cross/offaxis,adwin,0,0
1335,cross/offaxis,mcusum,0,8
1335,cross/offaxis,sketch1,1,11
1336,cross/aligned,always_multiD,1,11
1336,cross/aligned,union4_bonf,1,11
1336,cross/aligned,dci_v3,1,11
1336,cross/aligned,dci_v3_a8,1,11
1336,cross/aligned,best_axis_oracle,1,0
1336,cross/aligned,every_k2,1,5
1336,cross/aligned,adwin,0,0
1336,cross/aligned,mcusum,0,11
1336,cross/aligned,sketch1,1,11
1337,cross/aligned,always_multiD,1,11
1337,cross/aligned,union4_bonf,1,11
1337,cross/aligned,dci_v3,1,11
1337,cross/aligned,dci_v3_a8,1,11
1337,cross/aligned,best_axis_oracle,1,0
1337,cross/aligned,every_k2,0,6
1337,cross/aligned,adwin,0,0
1337,cross/aligned,mcusum,0,9
1337,cross/aligned,sketch1,1,11
1338,cross/aligned,always_multiD,1,11
1338,cross/aligned,union4_bonf,1,10
1338,cross/aligned,dci_v3,1,10
1338,cross/aligned,dci_v3_a8,1,10
1338,cross/aligned,best_axis_oracle,1,0
1338,cross/aligned,every_k2,0,6
1338,cross/aligned,adwin,0,0
1338,cross/aligned,mcusum,0,7
1338,cross/aligned,sketch1,1,11
1339,cross/aligned,always_multiD,1,11
1339,cross/aligned,union4_bonf,1,11
1339,cross/aligned,dci_v3,1,11
1339,cross/aligned,dci_v3_a8,1,11
1339,cross/aligned,best_axis_oracle,1,0
1339,cross/aligned,every_k2,1,5
1339,cross/aligned,adwin,0,0
1339,cross/aligned,mcusum,0,11
1339,cross/aligned,sketch1,1,11
1340,cross/aligned,always_multiD,1,11
1340,cross/aligned,union4_bonf,1,11
1340,cross/aligned,dci_v3,1,11
1340,cross/aligned,dci_v3_a8,1,11
1340,cross/aligned,best_axis_oracle,1,0
1340,cross/aligned,every_k2,1,5
1340,cross/aligned,adwin,0,0
1340,cross/aligned,mcusum,0,9
1340,cross/aligned,sketch1,1,11
1341,cross/offaxis,always_multiD,1,11
1341,cross/offaxis,union4_bonf,1,11
1341,cross/offaxis,dci_v3,1,11
1341,cross/offaxis,dci_v3_a8,1,11
1341,cross/offaxis,best_axis_oracle,1,0
1341,cross/offaxis,every_k2,0,6
1341,cross/offaxis,adwin,0,0
1341,cross/offaxis,mcusum,0,11
1341,cross/offaxis,sketch1,1,11
1342,cross/aligned,always_multiD,1,11
1342,cross/aligned,union4_bonf,1,11
1342,cross/aligned,dci_v3,1,11
1342,cross/aligned,dci_v3_a8,1,11
1342,cross/aligned,best_axis_oracle,1,0
1342,cross/aligned,every_k2,1,5
1342,cross/aligned,adwin,0,0
1342,cross/aligned,mcusum,0,10
1342,cross/aligned,sketch1,0,11
1343,cross/aligned,always_multiD,1,11
1343,cross/aligned,union4_bonf,1,0
1343,cross/aligned,dci_v3,1,9
1343,cross/aligned,dci_v3_a8,1,9
1343,cross/aligned,best_axis_oracle,1,0
1343,cross/aligned,every_k2,1,5
1343,cross/aligned,adwin,0,0
1343,cross/aligned,mcusum,0,0
1343,cross/aligned,sketch1,0,0
1344,cross/aligned,always_multiD,1,11
1344,cross/aligned,union4_bonf,1,11
1344,cross/aligned,dci_v3,1,11
1344,cross/aligned,dci_v3_a8,1,11
1344,cross/aligned,best_axis_oracle,1,0
1344,cross/aligned,every_k2,0,6
1344,cross/aligned,adwin,0,0
1344,cross/aligned,mcusum,0,1
1344,cross/aligned,sketch1,0,11
1345,cross/offaxis,always_multiD,1,10
1345,cross/offaxis,union4_bonf,1,0
1345,cross/offaxis,dci_v3,1,10
1345,cross/offaxis,dci_v3_a8,1,10
1345,cross/offaxis,best_axis_oracle,1,0
1345,cross/offaxis,every_k2,1,4
1345,cross/offaxis,adwin,0,0
1345,cross/offaxis,mcusum,0,1
1345,cross/offaxis,sketch1,1,0
1346,cross/offaxis,always_multiD,1,11
1346,cross/offaxis,union4_bonf,1,0
1346,cross/offaxis,dci_v3,1,11
1346,cross/offaxis,dci_v3_a8,1,11
1346,cross/offaxis,best_axis_oracle,1,0
1346,cross/offaxis,every_k2,1,5
1346,cross/offaxis,adwin,0,0
1346,cross/offaxis,mcusum,0,1
1346,cross/offaxis,sketch1,1,0
1347,cross/offaxis,always_multiD,1,11
1347,cross/offaxis,union4_bonf,1,0
1347,cross/offaxis,dci_v3,1,11
1347,cross/offaxis,dci_v3_a8,1,11
1347,cross/offaxis,best_axis_oracle,1,0
1347,cross/offaxis,every_k2,0,6
1347,cross/offaxis,adwin,0,0
1347,cross/offaxis,mcusum,0,1
1347,cross/offaxis,sketch1,1,0
1348,cross/aligned,always_multiD,1,11
1348,cross/aligned,union4_bonf,1,11
1348,cross/aligned,dci_v3,1,11
1348,cross/aligned,dci_v3_a8,1,11
1348,cross/aligned,best_axis_oracle,1,0
1348,cross/aligned,every_k2,0,6
1348,cross/aligned,adwin,0,0
1348,cross/aligned,mcusum,0,2
1348,cross/aligned,sketch1,0,11
1349,cross/aligned,always_multiD,1,10
1349,cross/aligned,union4_bonf,1,0
1349,cross/aligned,dci_v3,1,1
1349,cross/aligned,dci_v3_a8,1,2
1349,cross/aligned,best_axis_oracle,1,0
1349,cross/aligned,every_k2,1,5
1349,cross/aligned,adwin,0,0
1349,cross/aligned,mcusum,0,0
1349,cross/aligned,sketch1,0,0
1350,cross/offaxis,always_multiD,1,7
1350,cross/offaxis,union4_bonf,1,0
1350,cross/offaxis,dci_v3,1,7
1350,cross/offaxis,dci_v3_a8,1,7
1350,cross/offaxis,best_axis_oracle,1,0
1350,cross/offaxis,every_k2,0,4
1350,cross/offaxis,adwin,0,0
1350,cross/offaxis,mcusum,0,1
1350,cross/offaxis,sketch1,1,0
1351,cross/offaxis,always_multiD,1,11
1351,cross/offaxis,union4_bonf,1,0
1351,cross/offaxis,dci_v3,1,11
1351,cross/offaxis,dci_v3_a8,1,11
1351,cross/offaxis,best_axis_oracle,1,0
1351,cross/offaxis,every_k2,1,5
1351,cross/offaxis,adwin,0,0
1351,cross/offaxis,mcusum,0,1
1351,cross/offaxis,sketch1,1,0
1352,cross/offaxis,always_multiD,1,0
1352,cross/offaxis,union4_bonf,1,0
1352,cross/offaxis,dci_v3,1,0
1352,cross/offaxis,dci_v3_a8,1,0
1352,cross/offaxis,best_axis_oracle,1,0
1352,cross/offaxis,every_k2,0,0
1352,cross/offaxis,adwin,0,0
1352,cross/offaxis,mcusum,0,0
1352,cross/offaxis,sketch1,1,0
1353,cross/offaxis,always_multiD,1,2
1353,cross/offaxis,union4_bonf,1,1
1353,cross/offaxis,dci_v3,1,2
1353,cross/offaxis,dci_v3_a8,1,2
1353,cross/offaxis,best_axis_oracle,1,0
1353,cross/offaxis,every_k2,0,1
1353,cross/offaxis,adwin,0,0
1353,cross/offaxis,mcusum,0,1
1353,cross/offaxis,sketch1,1,1
1354,cross/offaxis,always_multiD,1,4
1354,cross/offaxis,union4_bonf,1,4
1354,cross/offaxis,dci_v3,1,4
1354,cross/offaxis,dci_v3_a8,1,4
1354,cross/offaxis,best_axis_oracle,1,0
1354,cross/offaxis,every_k2,1,1
1354,cross/offaxis,adwin,0,0
1354,cross/offaxis,mcusum,0,1
1354,cross/offaxis,sketch1,1,2
1355,cross/offaxis,always_multiD,1,4
1355,cross/offaxis,union4_bonf,1,4
1355,cross/offaxis,dci_v3,1,4
1355,cross/offaxis,dci_v3_a8,1,4
1355,cross/offaxis,best_axis_oracle,1,0
1355,cross/offaxis,every_k2,0,2
1355,cross/offaxis,adwin,0,0
1355,cross/offaxis,mcusum,0,1
1355,cross/offaxis,sketch1,1,3
1356,cross/aligned,always_multiD,1,3
1356,cross/aligned,union4_bonf,1,2
1356,cross/aligned,dci_v3,1,2
1356,cross/aligned,dci_v3_a8,1,2
1356,cross/aligned,best_axis_oracle,1,1
1356,cross/aligned,every_k2,1,2
1356,cross/aligned,adwin,0,0
1356,cross/aligned,mcusum,0,0
1356,cross/aligned,sketch1,1,0
1357,cross/offaxis,always_multiD,1,4
1357,cross/offaxis,union4_bonf,1,4
1357,cross/offaxis,dci_v3,1,4
1357,cross/offaxis,dci_v3_a8,1,4
1357,cross/offaxis,best_axis_oracle,1,0
1357,cross/offaxis,every_k2,0,3
1357,cross/offaxis,adwin,0,0
1357,cross/offaxis,mcusum,0,1
1357,cross/offaxis,sketch1,1,2
1358,cross/offaxis,always_multiD,1,2
1358,cross/offaxis,union4_bonf,1,1
1358,cross/offaxis,dci_v3,1,2
1358,cross/offaxis,dci_v3_a8,1,2
1358,cross/offaxis,best_axis_oracle,1,1
1358,cross/offaxis,every_k2,0,2
1358,cross/offaxis,adwin,0,0
1358,cross/offaxis,mcusum,0,0
1358,cross/offaxis,sketch1,1,1
1359,cross/aligned,always_multiD,1,4
1359,cross/aligned,union4_bonf,1,3
1359,cross/aligned,dci_v3,1,3
1359,cross/aligned,dci_v3_a8,1,3
1359,cross/aligned,best_axis_oracle,1,0
1359,cross/aligned,every_k2,1,1
1359,cross/aligned,adwin,0,0
1359,cross/aligned,mcusum,0,0
1359,cross/aligned,sketch1,0,1
1360,cross/aligned,always_multiD,1,3
1360,cross/aligned,union4_bonf,1,2
1360,cross/aligned,dci_v3,1,2
1360,cross/aligned,dci_v3_a8,1,2
1360,cross/aligned,best_axis_oracle,1,1
1360,cross/aligned,every_k2,0,1
1360,cross/aligned,adwin,0,0
1360,cross/aligned,mcusum,0,0
1360,cross/aligned,sketch1,1,0
1361,cross/offaxis,always_multiD,1,3
1361,cross/offaxis,union4_bonf,1,3
1361,cross/offaxis,dci_v3,1,3
1361,cross/offaxis,dci_v3_a8,1,3
1361,cross/offaxis,best_axis_oracle,1,0
1361,cross/offaxis,every_k2,0,1
1361,cross/offaxis,adwin,0,0
1361,cross/offaxis,mcusum,0,1
1361,cross/offaxis,sketch1,1,2
1362,cross/offaxis,always_multiD,1,7
1362,cross/offaxis,union4_bonf,1,5
1362,cross/offaxis,dci_v3,1,7
1362,cross/offaxis,dci_v3_a8,1,7
1362,cross/offaxis,best_axis_oracle,1,1
1362,cross/offaxis,every_k2,1,4
1362,cross/offaxis,adwin,0,0
1362,cross/offaxis,mcusum,0,1
1362,cross/offaxis,sketch1,1,5
1363,cross/offaxis,always_multiD,1,4
1363,cross/offaxis,union4_bonf,1,4
1363,cross/offaxis,dci_v3,1,4
1363,cross/offaxis,dci_v3_a8,1,4
1363,cross/offaxis,best_axis_oracle,1,0
1363,cross/offaxis,every_k2,0,2
1363,cross/offaxis,adwin,0,0
1363,cross/offaxis,mcusum,0,1
1363,cross/offaxis,sketch1,1,3
1364,cross/offaxis,always_multiD,1,4
1364,cross/offaxis,union4_bonf,1,3
1364,cross/offaxis,dci_v3,1,4
1364,cross/offaxis,dci_v3_a8,1,4
1364,cross/offaxis,best_axis_oracle,1,0
1364,cross/offaxis,every_k2,0,3
1364,cross/offaxis,adwin,0,0
1364,cross/offaxis,mcusum,0,1
1364,cross/offaxis,sketch1,1,5
1365,cross/aligned,always_multiD,1,4
1365,cross/aligned,union4_bonf,1,3
1365,cross/aligned,dci_v3,1,3
1365,cross/aligned,dci_v3_a8,1,3
1365,cross/aligned,best_axis_oracle,1,2
1365,cross/aligned,every_k2,1,2
1365,cross/aligned,adwin,0,0
1365,cross/aligned,mcusum,0,0
1365,cross/aligned,sketch1,0,7
1366,cross/aligned,always_multiD,1,5
1366,cross/aligned,union4_bonf,1,5
1366,cross/aligned,dci_v3,1,5
1366,cross/aligned,dci_v3_a8,1,5
1366,cross/aligned,best_axis_oracle,1,0
1366,cross/aligned,every_k2,1,2
1366,cross/aligned,adwin,0,0
1366,cross/aligned,mcusum,0,0
1366,cross/aligned,sketch1,0,8
1367,cross/aligned,always_multiD,1,2
1367,cross/aligned,union4_bonf,1,1
1367,cross/aligned,dci_v3,1,2
1367,cross/aligned,dci_v3_a8,1,2
1367,cross/aligned,best_axis_oracle,1,0
1367,cross/aligned,every_k2,1,0
1367,cross/aligned,adwin,0,0
1367,cross/aligned,mcusum,0,0
1367,cross/aligned,sketch1,0,4
1368,cross/offaxis,always_multiD,1,5
1368,cross/offaxis,union4_bonf,1,5
1368,cross/offaxis,dci_v3,1,5
1368,cross/offaxis,dci_v3_a8,1,5
1368,cross/offaxis,best_axis_oracle,1,0
1368,cross/offaxis,every_k2,0,3
1368,cross/offaxis,adwin,0,0
1368,cross/offaxis,mcusum,0,1
1368,cross/offaxis,sketch1,1,8
1369,cross/aligned,always_multiD,1,4
1369,cross/aligned,union4_bonf,1,3
1369,cross/aligned,dci_v3,1,3
1369,cross/aligned,dci_v3_a8,1,4
1369,cross/aligned,best_axis_oracle,1,2
1369,cross/aligned,every_k2,0,2
1369,cross/aligned,adwin,0,0
1369,cross/aligned,mcusum,0,0
1369,cross/aligned,sketch1,0,7
1370,cross/aligned,always_multiD,1,5
1370,cross/aligned,union4_bonf,1,3
1370,cross/aligned,dci_v3,1,5
1370,cross/aligned,dci_v3_a8,1,5
1370,cross/aligned,best_axis_oracle,1,0
1370,cross/aligned,every_k2,1,2
1370,cross/aligned,adwin,0,0
1370,cross/aligned,mcusum,0,1
1370,cross/aligned,sketch1,0,8
1371,cross/aligned,always_multiD,1,4
1371,cross/aligned,union4_bonf,1,3
1371,cross/aligned,dci_v3,1,3
1371,cross/aligned,dci_v3_a8,1,3
1371,cross/aligned,best_axis_oracle,1,2
1371,cross/aligned,every_k2,1,2
1371,cross/aligned,adwin,0,0
1371,cross/aligned,mcusum,0,0
1371,cross/aligned,sketch1,0,7
1372,cross/offaxis,always_multiD,1,6
1372,cross/offaxis,union4_bonf,1,4
1372,cross/offaxis,dci_v3,1,6
1372,cross/offaxis,dci_v3_a8,1,6
1372,cross/offaxis,best_axis_oracle,1,1
1372,cross/offaxis,every_k2,1,3
1372,cross/offaxis,adwin,0,0
1372,cross/offaxis,mcusum,0,1
1372,cross/offaxis,sketch1,1,7
1373,cross/offaxis,always_multiD,1,6
1373,cross/offaxis,union4_bonf,1,4
1373,cross/offaxis,dci_v3,1,6
1373,cross/offaxis,dci_v3_a8,1,6
1373,cross/offaxis,best_axis_oracle,1,1
1373,cross/offaxis,every_k2,1,3
1373,cross/offaxis,adwin,0,0
1373,cross/offaxis,mcusum,0,1
1373,cross/offaxis,sketch1,1,7
1374,cross/aligned,always_multiD,1,11
1374,cross/aligned,union4_bonf,1,6
1374,cross/aligned,dci_v3,1,11
1374,cross/aligned,dci_v3_a8,1,11
1374,cross/aligned,best_axis_oracle,1,0
1374,cross/aligned,every_k2,1,5
1374,cross/aligned,adwin,0,0
1374,cross/aligned,mcusum,0,1
1374,cross/aligned,sketch1,0,9
1375,cross/offaxis,always_multiD,1,4
1375,cross/offaxis,union4_bonf,1,2
1375,cross/offaxis,dci_v3,1,4
1375,cross/offaxis,dci_v3_a8,1,4
1375,cross/offaxis,best_axis_oracle,1,2
1375,cross/offaxis,every_k2,0,3
1375,cross/offaxis,adwin,0,0
1375,cross/offaxis,mcusum,0,1
1375,cross/offaxis,sketch1,1,3
1376,cross/offaxis,always_multiD,1,4
1376,cross/offaxis,union4_bonf,1,2
1376,cross/offaxis,dci_v3,1,4
1376,cross/offaxis,dci_v3_a8,1,4
1376,cross/offaxis,best_axis_oracle,1,2
1376,cross/offaxis,every_k2,1,1
1376,cross/offaxis,adwin,0,0
1376,cross/offaxis,mcusum,0,1
1376,cross/offaxis,sketch1,1,3
1377,cross/aligned,always_multiD,1,6
1377,cross/aligned,union4_bonf,1,4
1377,cross/aligned,dci_v3,1,5
1377,cross/aligned,dci_v3_a8,1,5
1377,cross/aligned,best_axis_oracle,1,3
1377,cross/aligned,every_k2,0,4
1377,cross/aligned,adwin,0,0
1377,cross/aligned,mcusum,0,0
1377,cross/aligned,sketch1,0,3
1378,cross/offaxis,always_multiD,1,4
1378,cross/offaxis,union4_bonf,1,2
1378,cross/offaxis,dci_v3,1,4
1378,cross/offaxis,dci_v3_a8,1,4
1378,cross/offaxis,best_axis_oracle,1,2
1378,cross/offaxis,every_k2,1,1
1378,cross/offaxis,adwin,0,0
1378,cross/offaxis,mcusum,0,1
1378,cross/offaxis,sketch1,1,3
1379,cross/aligned,always_multiD,1,2
1379,cross/aligned,union4_bonf,1,1
1379,cross/aligned,dci_v3,1,1
1379,cross/aligned,dci_v3_a8,1,1
1379,cross/aligned,best_axis_oracle,1,1
1379,cross/aligned,every_k2,0,1
1379,cross/aligned,adwin,0,0
1379,cross/aligned,mcusum,0,0
1379,cross/aligned,sketch1,0,3
1380,cross/offaxis,always_multiD,1,7
1380,cross/offaxis,union4_bonf,1,6
1380,cross/offaxis,dci_v3,1,7
1380,cross/offaxis,dci_v3_a8,1,7
1380,cross/offaxis,best_axis_oracle,1,5
1380,cross/offaxis,every_k2,1,2
1380,cross/offaxis,adwin,0,0
1380,cross/offaxis,mcusum,0,1
1380,cross/offaxis,sketch1,1,4
1381,cross/aligned,always_multiD,1,5
1381,cross/aligned,union4_bonf,1,4
1381,cross/aligned,dci_v3,1,5
1381,cross/aligned,dci_v3_a8,1,5
1381,cross/aligned,best_axis_oracle,1,2
1381,cross/aligned,every_k2,1,1
1381,cross/aligned,adwin,0,0
1381,cross/aligned,mcusum,0,0
1381,cross/aligned,sketch1,0,4
1382,cross/offaxis,always_multiD,1,7
1382,cross/offaxis,union4_bonf,1,6
1382,cross/offaxis,dci_v3,1,7
1382,cross/offaxis,dci_v3_a8,1,7
1382,cross/offaxis,best_axis_oracle,1,5
1382,cross/offaxis,every_k2,1,2
1382,cross/offaxis,adwin,0,0
1382,cross/offaxis,mcusum,0,1
1382,cross/offaxis,sketch1,1,4
1383,cross/aligned,always_multiD,1,5
1383,cross/aligned,union4_bonf,1,4
1383,cross/aligned,dci_v3,1,5
1383,cross/aligned,dci_v3_a8,1,5
1383,cross/aligned,best_axis_oracle,1,2
1383,cross/aligned,every_k2,0,4
1383,cross/aligned,adwin,0,0
1383,cross/aligned,mcusum,0,0
1383,cross/aligned,sketch1,0,4
1384,cross/aligned,always_multiD,1,4
1384,cross/aligned,union4_bonf,1,2
1384,cross/aligned,dci_v3,1,4
1384,cross/aligned,dci_v3_a8,1,4
1384,cross/aligned,best_axis_oracle,1,1
1384,cross/aligned,every_k2,0,1
1384,cross/aligned,adwin,0,0
1384,cross/aligned,mcusum,0,0
1384,cross/aligned,sketch1,0,2
1385,cross/aligned,always_multiD,1,4
1385,cross/aligned,union4_bonf,1,2
1385,cross/aligned,dci_v3,1,4
1385,cross/aligned,dci_v3_a8,1,4
1385,cross/aligned,best_axis_oracle,1,1
1385,cross/aligned,every_k2,0,1
1385,cross/aligned,adwin,0,0
1385,cross/aligned,mcusum,0,0
1385,cross/aligned,sketch1,0,2
1386,cross/offaxis,always_multiD,1,7
1386,cross/offaxis,union4_bonf,1,3
1386,cross/offaxis,dci_v3,1,7
1386,cross/offaxis,dci_v3_a8,1,7
1386,cross/offaxis,best_axis_oracle,1,0
1386,cross/offaxis,every_k2,0,3
1386,cross/offaxis,adwin,0,0
1386,cross/offaxis,mcusum,0,2
1386,cross/offaxis,sketch1,1,6
1387,cross/offaxis,always_multiD,1,11
1387,cross/offaxis,union4_bonf,1,5
1387,cross/offaxis,dci_v3,1,11
1387,cross/offaxis,dci_v3_a8,1,11
1387,cross/offaxis,best_axis_oracle,1,8
1387,cross/offaxis,every_k2,0,6
1387,cross/offaxis,adwin,0,0
1387,cross/offaxis,mcusum,0,2
1387,cross/offaxis,sketch1,1,6
1388,cross/aligned,always_multiD,1,6
1388,cross/aligned,union4_bonf,1,4
1388,cross/aligned,dci_v3,1,4
1388,cross/aligned,dci_v3_a8,1,4
1388,cross/aligned,best_axis_oracle,1,0
1388,cross/aligned,every_k2,0,3
1388,cross/aligned,adwin,0,0
1388,cross/aligned,mcusum,0,1
1388,cross/aligned,sketch1,1,7
1389,cross/aligned,always_multiD,1,8
1389,cross/aligned,union4_bonf,1,5
1389,cross/aligned,dci_v3,1,5
1389,cross/aligned,dci_v3_a8,1,6
1389,cross/aligned,best_axis_oracle,1,1
1389,cross/aligned,every_k2,1,4
1389,cross/aligned,adwin,0,0
1389,cross/aligned,mcusum,0,1
1389,cross/aligned,sketch1,1,1
1390,cross/aligned,always_multiD,1,10
1390,cross/aligned,union4_bonf,1,3
1390,cross/aligned,dci_v3,1,5
1390,cross/aligned,dci_v3_a8,1,6
1390,cross/aligned,best_axis_oracle,1,0
1390,cross/aligned,every_k2,1,5
1390,cross/aligned,adwin,0,0
1390,cross/aligned,mcusum,0,2
1390,cross/aligned,sketch1,1,9
1391,cross/offaxis,always_multiD,1,9
1391,cross/offaxis,union4_bonf,1,7
1391,cross/offaxis,dci_v3,1,9
1391,cross/offaxis,dci_v3_a8,1,9
1391,cross/offaxis,best_axis_oracle,1,0
1391,cross/offaxis,every_k2,1,5
1391,cross/offaxis,adwin,0,0
1391,cross/offaxis,mcusum,0,3
1391,cross/offaxis,sketch1,1,9
1392,cross/offaxis,always_multiD,1,11
1392,cross/offaxis,union4_bonf,1,5
1392,cross/offaxis,dci_v3,1,11
1392,cross/offaxis,dci_v3_a8,1,11
1392,cross/offaxis,best_axis_oracle,1,8
1392,cross/offaxis,every_k2,1,5
1392,cross/offaxis,adwin,0,0
1392,cross/offaxis,mcusum,0,2
1392,cross/offaxis,sketch1,1,6
1393,cross/aligned,always_multiD,1,10
1393,cross/aligned,union4_bonf,1,3
1393,cross/aligned,dci_v3,1,5
1393,cross/aligned,dci_v3_a8,1,5
1393,cross/aligned,best_axis_oracle,1,0
1393,cross/aligned,every_k2,1,5
1393,cross/aligned,adwin,0,0
1393,cross/aligned,mcusum,0,2
1393,cross/aligned,sketch1,1,9
1394,cross/aligned,always_multiD,1,10
1394,cross/aligned,union4_bonf,1,6
1394,cross/aligned,dci_v3,1,7
1394,cross/aligned,dci_v3_a8,1,8
1394,cross/aligned,best_axis_oracle,1,0
1394,cross/aligned,every_k2,0,5
1394,cross/aligned,adwin,0,0
1394,cross/aligned,mcusum,0,3
1394,cross/aligned,sketch1,1,9
1395,cross/aligned,always_multiD,1,8
1395,cross/aligned,union4_bonf,1,5
1395,cross/aligned,dci_v3,1,5
1395,cross/aligned,dci_v3_a8,1,5
1395,cross/aligned,best_axis_oracle,1,1
1395,cross/aligned,every_k2,0,4
1395,cross/aligned,adwin,0,0
1395,cross/aligned,mcusum,0,1
1395,cross/aligned,sketch1,1,1
1396,cross/aligned,always_multiD,1,10
1396,cross/aligned,union4_bonf,1,6
1396,cross/aligned,dci_v3,1,7
1396,cross/aligned,dci_v3_a8,1,7
1396,cross/aligned,best_axis_oracle,1,0
1396,cross/aligned,every_k2,0,5
1396,cross/aligned,adwin,0,0
1396,cross/aligned,mcusum,0,3
1396,cross/aligned,sketch1,1,9
1397,cross/offaxis,always_multiD,1,11
1397,cross/offaxis,union4_bonf,1,11
1397,cross/offaxis,dci_v3,1,11
1397,cross/offaxis,dci_v3_a8,1,11
1397,cross/offaxis,best_axis_oracle,1,0
1397,cross/offaxis,every_k2,1,5
1397,cross/offaxis,adwin,0,0
1397,cross/offaxis,mcusum,0,11
1397,cross/offaxis,sketch1,1,11
1398,cross/offaxis,always_multiD,1,11
1398,cross/offaxis,union4_bonf,1,11
1398,cross/offaxis,dci_v3,1,11
1398,cross/offaxis,dci_v3_a8,1,11
1398,cross/offaxis,best_axis_oracle,1,0
1398,cross/offaxis,every_k2,0,6
1398,cross/offaxis,adwin,0,0
1398,cross/offaxis,mcusum,0,11
1398,cross/offaxis,sketch1,1,11
1399,cross/offaxis,always_multiD,1,11
1399,cross/offaxis,union4_bonf,1,11
1399,cross/offaxis,dci_v3,1,11
1399,cross/offaxis,dci_v3_a8,1,11
1399,cross/offaxis,best_axis_oracle,1,0
1399,cross/offaxis,every_k2,0,6
1399,cross/offaxis,adwin,0,0
1399,cross/offaxis,mcusum,0,11
1399,cross/offaxis,sketch1,1,11
1400,cross/aligned,always_multiD,1,11
1400,cross/aligned,union4_bonf,1,11
1400,cross/aligned,dci_v3,1,11
1400,cross/aligned,dci_v3_a8,1,11
1400,cross/aligned,best_axis_oracle,1,0
1400,cross/aligned,every_k2,1,5
1400,cross/aligned,adwin,0,0
1400,cross/aligned,mcusum,0,11
1400,cross/aligned,sketch1,1,11
1401,cross/aligned,always_multiD,1,11
1401,cross/aligned,union4_bonf,1,11
1401,cross/aligned,dci_v3,1,11
1401,cross/aligned,dci_v3_a8,1,11
1401,cross/aligned,best_axis_oracle,1,0
1401,cross/aligned,every_k2,0,6
1401,cross/aligned,adwin,0,0
1401,cross/aligned,mcusum,0,11
1401,cross/aligned,sketch1,1,11
1402,cross/offaxis,always_multiD,1,11
1402,cross/offaxis,union4_bonf,1,11
1402,cross/offaxis,dci_v3,1,11
1402,cross/offaxis,dci_v3_a8,1,11
1402,cross/offaxis,best_axis_oracle,1,0
1402,cross/offaxis,every_k2,1,5
1402,cross/offaxis,adwin,0,0
1402,cross/offaxis,mcusum,0,11
1402,cross/offaxis,sketch1,1,11
1403,cross/offaxis,always_multiD,1,11
1403,cross/offaxis,union4_bonf,1,11
1403,cross/offaxis,dci_v3,1,11
1403,cross/offaxis,dci_v3_a8,1,11
1403,cross/offaxis,best_axis_oracle,1,0
1403,cross/offaxis,every_k2,0,6
1403,cross/offaxis,adwin,0,0
1403,cross/offaxis,mcusum,0,11
1403,cross/offaxis,sketch1,1,11
1404,cross/offaxis,always_multiD,1,11
1404,cross/offaxis,union4_bonf,1,11
1404,cross/offaxis,dci_v3,1,11
1404,cross/offaxis,dci_v3_a8,1,11
1404,cross/offaxis,best_axis_oracle,1,0
1404,cross/offaxis,every_k2,0,6
1404,cross/offaxis,adwin,0,0
1404,cross/offaxis,mcusum,0,11
1404,cross/offaxis,sketch1,1,11
1405,cross/aligned,always_multiD,1,11
1405,cross/aligned,union4_bonf,1,11
1405,cross/aligned,dci_v3,1,11
1405,cross/aligned,dci_v3_a8,1,11
1405,cross/aligned,best_axis_oracle,1,0
1405,cross/aligned,every_k2,1,5
1405,cross/aligned,adwin,0,0
1405,cross/aligned,mcusum,0,11
1405,cross/aligned,sketch1,1,11
1406,cross/aligned,always_multiD,1,11
1406,cross/aligned,union4_bonf,1,11
1406,cross/aligned,dci_v3,1,11
1406,cross/aligned,dci_v3_a8,1,11
1406,cross/aligned,best_axis_oracle,1,0
1406,cross/aligned,every_k2,1,5
1406,cross/aligned,adwin,0,0
1406,cross/aligned,mcusum,0,11
1406,cross/aligned,sketch1,1,11
1407,cross/offaxis,always_multiD,1,11
1407,cross/offaxis,union4_bonf,1,11
1407,cross/offaxis,dci_v3,1,11
1407,cross/offaxis,dci_v3_a8,1,11
1407,cross/offaxis,best_axis_oracle,1,0
1407,cross/offaxis,every_k2,1,5
1407,cross/offaxis,adwin,0,0
1407,cross/offaxis,mcusum,0,11
1407,cross/offaxis,sketch1,1,11
1408,cross/aligned,always_multiD,1,0
1408,cross/aligned,union4_bonf,1,0
1408,cross/aligned,dci_v3,1,0
1408,cross/aligned,dci_v3_a8,1,0
1408,cross/aligned,best_axis_oracle,1,0
1408,cross/aligned,every_k2,0,0
1408,cross/aligned,adwin,0,0
1408,cross/aligned,mcusum,0,0
1408,cross/aligned,sketch1,0,0
1409,cross/aligned,always_multiD,1,0
1409,cross/aligned,union4_bonf,1,0
1409,cross/aligned,dci_v3,1,0
1409,cross/aligned,dci_v3_a8,1,0
1409,cross/aligned,best_axis_oracle,1,0
1409,cross/aligned,every_k2,1,0
1409,cross/aligned,adwin,0,0
1409,cross/aligned,mcusum,0,0
1409,cross/aligned,sketch1,0,0
1410,cross/aligned,always_multiD,1,0
1410,cross/aligned,union4_bonf,1,0
1410,cross/aligned,dci_v3,1,0
1410,cross/aligned,dci_v3_a8,1,0
1410,cross/aligned,best_axis_oracle,1,0
1410,cross/aligned,every_k2,0,0
1410,cross/aligned,adwin,0,0
1410,cross/aligned,mcusum,0,0
1410,cross/aligned,sketch1,0,0
1411,cross/offaxis,always_multiD,1,0
1411,cross/offaxis,union4_bonf,1,0
1411,cross/offaxis,dci_v3,1,0
1411,cross/offaxis,dci_v3_a8,1,0
1411,cross/offaxis,best_axis_oracle,1,0
1411,cross/offaxis,every_k2,1,0
1411,cross/offaxis,adwin,0,0
1411,cross/offaxis,mcusum,0,0
1411,cross/offaxis,sketch1,1,0
1412,cross/aligned,always_multiD,1,0
1412,cross/aligned,union4_bonf,1,0
1412,cross/aligned,dci_v3,1,0
1412,cross/aligned,dci_v3_a8,1,0
1412,cross/aligned,best_axis_oracle,1,0
1412,cross/aligned,every_k2,0,0
1412,cross/aligned,adwin,0,0
1412,cross/aligned,mcusum,0,0
1412,cross/aligned,sketch1,0,0
1413,cross/aligned,always_multiD,1,0
1413,cross/aligned,union4_bonf,1,0
1413,cross/aligned,dci_v3,1,0
1413,cross/aligned,dci_v3_a8,1,0
1413,cross/aligned,best_axis_oracle,1,0
1413,cross/aligned,every_k2,0,0
1413,cross/aligned,adwin,0,0
1413,cross/aligned,mcusum,0,0
1413,cross/aligned,sketch1,0,0
1414,cross/aligned,always_multiD,1,0
1414,cross/aligned,union4_bonf,1,0
1414,cross/aligned,dci_v3,1,0
1414,cross/aligned,dci_v3_a8,1,0
1414,cross/aligned,best_axis_oracle,1,0
1414,cross/aligned,every_k2,0,0
1414,cross/aligned,adwin,0,0
1414,cross/aligned,mcusum,0,0
1414,cross/aligned,sketch1,0,0
1415,cross/aligned,always_multiD,1,0
1415,cross/aligned,union4_bonf,1,0
1415,cross/aligned,dci_v3,1,0
1415,cross/aligned,dci_v3_a8,1,0
1415,cross/aligned,best_axis_oracle,1,0
1415,cross/aligned,every_k2,0,0
1415,cross/aligned,adwin,0,0
1415,cross/aligned,mcusum,0,0
1415,cross/aligned,sketch1,0,0
1416,cross/aligned,always_multiD,1,0
1416,cross/aligned,union4_bonf,1,0
1416,cross/aligned,dci_v3,1,0
1416,cross/aligned,dci_v3_a8,1,0
1416,cross/aligned,best_axis_oracle,1,0
1416,cross/aligned,every_k2,1,0
1416,cross/aligned,adwin,0,0
1416,cross/aligned,mcusum,0,0
1416,cross/aligned,sketch1,0,0
1417,cross/aligned,always_multiD,1,0
1417,cross/aligned,union4_bonf,1,0
1417,cross/aligned,dci_v3,1,0
1417,cross/aligned,dci_v3_a8,1,0
1417,cross/aligned,best_axis_oracle,1,0
1417,cross/aligned,every_k2,1,0
1417,cross/aligned,adwin,0,0
1417,cross/aligned,mcusum,0,0
1417,cross/aligned,sketch1,0,0
1418,cross/offaxis,always_multiD,1,0
1418,cross/offaxis,union4_bonf,1,0
1418,cross/offaxis,dci_v3,1,0
1418,cross/offaxis,dci_v3_a8,1,0
1418,cross/offaxis,best_axis_oracle,1,0
1418,cross/offaxis,every_k2,0,0
1418,cross/offaxis,adwin,0,0
1418,cross/offaxis,mcusum,0,0
1418,cross/offaxis,sketch1,1,0
1419,cross/offaxis,always_multiD,1,11
1419,cross/offaxis,union4_bonf,1,7
1419,cross/offaxis,dci_v3,1,11
1419,cross/offaxis,dci_v3_a8,1,11
1419,cross/offaxis,best_axis_oracle,1,0
1419,cross/offaxis,every_k2,1,5
1419,cross/offaxis,adwin,0,0
1419,cross/offaxis,mcusum,0,2
1419,cross/offaxis,sketch1,1,10
1420,cross/offaxis,always_multiD,1,6
1420,cross/offaxis,union4_bonf,1,1
1420,cross/offaxis,dci_v3,1,6
1420,cross/offaxis,dci_v3_a8,1,6
1420,cross/offaxis,best_axis_oracle,1,0
1420,cross/offaxis,every_k2,0,3
1420,cross/offaxis,adwin,0,0
1420,cross/offaxis,mcusum,0,1
1420,cross/offaxis,sketch1,1,9
1421,cross/aligned,always_multiD,1,7
1421,cross/aligned,union4_bonf,1,3
1421,cross/aligned,dci_v3,1,4
1421,cross/aligned,dci_v3_a8,1,6
1421,cross/aligned,best_axis_oracle,1,0
1421,cross/aligned,every_k2,1,3
1421,cross/aligned,adwin,0,0
1421,cross/aligned,mcusum,0,1
1421,cross/aligned,sketch1,1,8
1422,cross/aligned,always_multiD,1,7
1422,cross/aligned,union4_bonf,1,3
1422,cross/aligned,dci_v3,1,7
1422,cross/aligned,dci_v3_a8,1,7
1422,cross/aligned,best_axis_oracle,1,0
1422,cross/aligned,every_k2,1,4
1422,cross/aligned,adwin,0,0
1422,cross/aligned,mcusum,0,1
1422,cross/aligned,sketch1,0,10
1423,cross/aligned,always_multiD,1,10
1423,cross/aligned,union4_bonf,1,3
1423,cross/aligned,dci_v3,1,7
1423,cross/aligned,dci_v3_a8,1,7
1423,cross/aligned,best_axis_oracle,1,0
1423,cross/aligned,every_k2,0,5
1423,cross/aligned,adwin,0,0
1423,cross/aligned,mcusum,0,1
1423,cross/aligned,sketch1,1,11
1424,cross/aligned,always_multiD,1,7
1424,cross/aligned,union4_bonf,1,3
1424,cross/aligned,dci_v3,1,4
1424,cross/aligned,dci_v3_a8,1,4
1424,cross/aligned,best_axis_oracle,1,0
1424,cross/aligned,every_k2,0,4
1424,cross/aligned,adwin,0,0
1424,cross/aligned,mcusum,0,1
1424,cross/aligned,sketch1,1,8
1425,cross/aligned,always_multiD,1,10
1425,cross/aligned,union4_bonf,1,3
1425,cross/aligned,dci_v3,1,7
1425,cross/aligned,dci_v3_a8,1,7
1425,cross/aligned,best_axis_oracle,1,0
1425,cross/aligned,every_k2,1,5
1425,cross/aligned,adwin,0,0
1425,cross/aligned,mcusum,0,1
1425,cross/aligned,sketch1,1,11
1426,cross/offaxis,always_multiD,1,6
1426,cross/offaxis,union4_bonf,1,1
1426,cross/offaxis,dci_v3,1,6
1426,cross/offaxis,dci_v3_a8,1,6
1426,cross/offaxis,best_axis_oracle,1,0
1426,cross/offaxis,every_k2,1,3
1426,cross/offaxis,adwin,0,0
1426,cross/offaxis,mcusum,0,1
1426,cross/offaxis,sketch1,1,9
1427,cross/aligned,always_multiD,1,7
1427,cross/aligned,union4_bonf,1,3
1427,cross/aligned,dci_v3,1,7
1427,cross/aligned,dci_v3_a8,1,7
1427,cross/aligned,best_axis_oracle,1,0
1427,cross/aligned,every_k2,0,3
1427,cross/aligned,adwin,0,0
1427,cross/aligned,mcusum,0,1
1427,cross/aligned,sketch1,0,10
1428,cross/offaxis,always_multiD,1,11
1428,cross/offaxis,union4_bonf,1,7
1428,cross/offaxis,dci_v3,1,11
1428,cross/offaxis,dci_v3_a8,1,11
1428,cross/offaxis,best_axis_oracle,1,0
1428,cross/offaxis,every_k2,1,5
1428,cross/offaxis,adwin,0,0
1428,cross/offaxis,mcusum,0,2
1428,cross/offaxis,sketch1,1,10
1429,cross/offaxis,always_multiD,1,6
1429,cross/offaxis,union4_bonf,1,1
1429,cross/offaxis,dci_v3,1,6
1429,cross/offaxis,dci_v3_a8,1,6
1429,cross/offaxis,best_axis_oracle,1,0
1429,cross/offaxis,every_k2,0,3
1429,cross/offaxis,adwin,0,0
1429,cross/offaxis,mcusum,0,1
1429,cross/offaxis,sketch1,1,9
1430,cross/aligned,always_multiD,1,0
1430,cross/aligned,union4_bonf,1,0
1430,cross/aligned,dci_v3,1,0
1430,cross/aligned,dci_v3_a8,1,0
1430,cross/aligned,best_axis_oracle,1,0
1430,cross/aligned,every_k2,1,0
1430,cross/aligned,adwin,0,0
1430,cross/aligned,mcusum,0,0
1430,cross/aligned,sketch1,0,0
1431,cross/offaxis,always_multiD,1,0
1431,cross/offaxis,union4_bonf,1,0
1431,cross/offaxis,dci_v3,1,0
1431,cross/offaxis,dci_v3_a8,1,0
1431,cross/offaxis,best_axis_oracle,1,0
1431,cross/offaxis,every_k2,0,0
1431,cross/offaxis,adwin,0,0
1431,cross/offaxis,mcusum,0,0
1431,cross/offaxis,sketch1,1,0
1432,cross/aligned,always_multiD,1,0
1432,cross/aligned,union4_bonf,1,0
1432,cross/aligned,dci_v3,1,0
1432,cross/aligned,dci_v3_a8,1,0
1432,cross/aligned,best_axis_oracle,1,0
1432,cross/aligned,every_k2,1,0
1432,cross/aligned,adwin,0,0
1432,cross/aligned,mcusum,0,0
1432,cross/aligned,sketch1,0,0
1433,cross/aligned,always_multiD,1,0
1433,cross/aligned,union4_bonf,1,0
1433,cross/aligned,dci_v3,1,0
1433,cross/aligned,dci_v3_a8,1,0
1433,cross/aligned,best_axis_oracle,1,0
1433,cross/aligned,every_k2,0,0
1433,cross/aligned,adwin,0,0
1433,cross/aligned,mcusum,0,0
1433,cross/aligned,sketch1,0,0
1434,cross/offaxis,always_multiD,1,0
1434,cross/offaxis,union4_bonf,1,0
1434,cross/offaxis,dci_v3,1,0
1434,cross/offaxis,dci_v3_a8,1,0
1434,cross/offaxis,best_axis_oracle,1,0
1434,cross/offaxis,every_k2,0,0
1434,cross/offaxis,adwin,0,0
1434,cross/offaxis,mcusum,0,0
1434,cross/offaxis,sketch1,1,0
1435,cross/aligned,always_multiD,1,0
1435,cross/aligned,union4_bonf,1,0
1435,cross/aligned,dci_v3,1,0
1435,cross/aligned,dci_v3_a8,1,0
1435,cross/aligned,best_axis_oracle,1,0
1435,cross/aligned,every_k2,0,0
1435,cross/aligned,adwin,0,0
1435,cross/aligned,mcusum,0,0
1435,cross/aligned,sketch1,0,0
1436,cross/offaxis,always_multiD,1,0
1436,cross/offaxis,union4_bonf,1,0
1436,cross/offaxis,dci_v3,1,0
1436,cross/offaxis,dci_v3_a8,1,0
1436,cross/offaxis,best_axis_oracle,1,0
1436,cross/offaxis,every_k2,1,0
1436,cross/offaxis,adwin,0,0
1436,cross/offaxis,mcusum,0,0
1436,cross/offaxis,sketch1,1,0
1437,cross/offaxis,always_multiD,1,0
1437,cross/offaxis,union4_bonf,1,0
1437,cross/offaxis,dci_v3,1,0
1437,cross/offaxis,dci_v3_a8,1,0
1437,cross/offaxis,best_axis_oracle,1,0
1437,cross/offaxis,every_k2,1,0
1437,cross/offaxis,adwin,0,0
1437,cross/offaxis,mcusum,0,0
1437,cross/offaxis,sketch1,1,0
1438,cross/offaxis,always_multiD,1,0
1438,cross/offaxis,union4_bonf,1,0
1438,cross/offaxis,dci_v3,1,0
1438,cross/offaxis,dci_v3_a8,1,0
1438,cross/offaxis,best_axis_oracle,1,0
1438,cross/offaxis,every_k2,0,0
1438,cross/offaxis,adwin,0,0
1438,cross/offaxis,mcusum,0,0
1438,cross/offaxis,sketch1,1,0
1439,cross/aligned,always_multiD,1,0
1439,cross/aligned,union4_bonf,1,0
1439,cross/aligned,dci_v3,1,0
1439,cross/aligned,dci_v3_a8,1,0
1439,cross/aligned,best_axis_oracle,1,0
1439,cross/aligned,every_k2,0,0
1439,cross/aligned,adwin,0,0
1439,cross/aligned,mcusum,0,0
1439,cross/aligned,sketch1,0,0
1440,cross/offaxis,always_multiD,1,0
1440,cross/offaxis,union4_bonf,1,0
1440,cross/offaxis,dci_v3,1,0
1440,cross/offaxis,dci_v3_a8,1,0
1440,cross/offaxis,best_axis_oracle,1,0
1440,cross/offaxis,every_k2,1,0
1440,cross/offaxis,adwin,0,0
1440,cross/offaxis,mcusum,0,0
1440,cross/offaxis,sketch1,1,0
1441,cross/offaxis,always_multiD,1,1
1441,cross/offaxis,union4_bonf,1,0
1441,cross/offaxis,dci_v3,1,1
1441,cross/offaxis,dci_v3_a8,1,1
1441,cross/offaxis,best_axis_oracle,1,0
1441,cross/offaxis,every_k2,1,1
1441,cross/offaxis,adwin,0,0
1441,cross/offaxis,mcusum,0,0
1441,cross/offaxis,sketch1,1,0
1442,cross/offaxis,always_multiD,1,1
1442,cross/offaxis,union4_bonf,1,0
1442,cross/offaxis,dci_v3,1,1
1442,cross/offaxis,dci_v3_a8,1,1
1442,cross/offaxis,best_axis_oracle,1,0
1442,cross/offaxis,every_k2,0,0
1442,cross/offaxis,adwin,0,0
1442,cross/offaxis,mcusum,0,0
1442,cross/offaxis,sketch1,1,0
1443,cross/offaxis,always_multiD,1,0
1443,cross/offaxis,union4_bonf,1,0
1443,cross/offaxis,dci_v3,1,0
1443,cross/offaxis,dci_v3_a8,1,0
1443,cross/offaxis,best_axis_oracle,1,0
1443,cross/offaxis,every_k2,0,0
1443,cross/offaxis,adwin,0,0
1443,cross/offaxis,mcusum,0,0
1443,cross/offaxis,sketch1,1,0
1444,cross/aligned,always_multiD,1,0
1444,cross/aligned,union4_bonf,1,0
1444,cross/aligned,dci_v3,1,0
1444,cross/aligned,dci_v3_a8,1,0
1444,cross/aligned,best_axis_oracle,1,0
1444,cross/aligned,every_k2,0,0
1444,cross/aligned,adwin,0,0
1444,cross/aligned,mcusum,0,0
1444,cross/aligned,sketch1,0,1
1445,cross/offaxis,always_multiD,1,0
1445,cross/offaxis,union4_bonf,1,0
1445,cross/offaxis,dci_v3,1,0
1445,cross/offaxis,dci_v3_a8,1,0
1445,cross/offaxis,best_axis_oracle,1,0
1445,cross/offaxis,every_k2,1,0
1445,cross/offaxis,adwin,0,0
1445,cross/offaxis,mcusum,0,0
1445,cross/offaxis,sketch1,1,0
1446,cross/aligned,always_multiD,1,0
1446,cross/aligned,union4_bonf,1,0
1446,cross/aligned,dci_v3,1,0
1446,cross/aligned,dci_v3_a8,1,0
1446,cross/aligned,best_axis_oracle,1,0
1446,cross/aligned,every_k2,1,0
1446,cross/aligned,adwin,0,0
1446,cross/aligned,mcusum,0,0
1446,cross/aligned,sketch1,0,1
1447,cross/offaxis,always_multiD,1,1
1447,cross/offaxis,union4_bonf,1,1
1447,cross/offaxis,dci_v3,1,1
1447,cross/offaxis,dci_v3_a8,1,1
1447,cross/offaxis,best_axis_oracle,1,0
1447,cross/offaxis,every_k2,0,1
1447,cross/offaxis,adwin,0,0
1447,cross/offaxis,mcusum,0,0
1447,cross/offaxis,sketch1,1,1
1448,cross/aligned,always_multiD,1,0
1448,cross/aligned,union4_bonf,1,0
1448,cross/aligned,dci_v3,1,0
1448,cross/aligned,dci_v3_a8,1,0
1448,cross/aligned,best_axis_oracle,1,0
1448,cross/aligned,every_k2,1,0
1448,cross/aligned,adwin,0,0
1448,cross/aligned,mcusum,0,0
1448,cross/aligned,sketch1,0,0
1449,cross/aligned,always_multiD,1,0
1449,cross/aligned,union4_bonf,1,0
1449,cross/aligned,dci_v3,1,0
1449,cross/aligned,dci_v3_a8,1,0
1449,cross/aligned,best_axis_oracle,1,0
1449,cross/aligned,every_k2,0,0
1449,cross/aligned,adwin,0,0
1449,cross/aligned,mcusum,0,0
1449,cross/aligned,sketch1,0,0
1450,cross/aligned,always_multiD,1,0
1450,cross/aligned,union4_bonf,1,0
1450,cross/aligned,dci_v3,1,0
1450,cross/aligned,dci_v3_a8,1,0
1450,cross/aligned,best_axis_oracle,1,0
1450,cross/aligned,every_k2,0,0
1450,cross/aligned,adwin,0,0
1450,cross/aligned,mcusum,0,0
1450,cross/aligned,sketch1,0,0
1451,cross/offaxis,always_multiD,1,0
1451,cross/offaxis,union4_bonf,1,0
1451,cross/offaxis,dci_v3,1,0
1451,cross/offaxis,dci_v3_a8,1,0
1451,cross/offaxis,best_axis_oracle,1,0
1451,cross/offaxis,every_k2,1,0
1451,cross/offaxis,adwin,0,0
1451,cross/offaxis,mcusum,0,0
1451,cross/offaxis,sketch1,1,0
1452,within/aligned,always_multiD,1,3
1452,within/aligned,union4_bonf,1,3
1452,within/aligned,dci_v3,1,3
1452,within/aligned,dci_v3_a8,1,3
1452,within/aligned,best_axis_oracle,1,0
1452,within/aligned,every_k2,1,1
1452,within/aligned,adwin,0,0
1452,within/aligned,mcusum,1,0
1452,within/aligned,sketch1,1,3
1453,within/aligned,always_multiD,1,11
1453,within/aligned,union4_bonf,1,11
1453,within/aligned,dci_v3,1,11
1453,within/aligned,dci_v3_a8,1,11
1453,within/aligned,best_axis_oracle,1,0
1453,within/aligned,every_k2,1,5
1453,within/aligned,adwin,0,0
1453,within/aligned,mcusum,1,11
1453,within/aligned,sketch1,1,11
1454,within/aligned,always_multiD,1,2
1454,within/aligned,union4_bonf,1,2
1454,within/aligned,dci_v3,1,2
1454,within/aligned,dci_v3_a8,1,2
1454,within/aligned,best_axis_oracle,1,0
1454,within/aligned,every_k2,0,1
1454,within/aligned,adwin,0,0
1454,within/aligned,mcusum,1,2
1454,within/aligned,sketch1,1,2
1455,within/aligned,always_multiD,1,2
1455,within/aligned,union4_bonf,1,2
1455,within/aligned,dci_v3,1,2
1455,within/aligned,dci_v3_a8,1,2
1455,within/aligned,best_axis_oracle,1,0
1455,within/aligned,every_k2,1,1
1455,within/aligned,adwin,0,0
1455,within/aligned,mcusum,1,0
1455,within/aligned,sketch1,1,2
1456,within/aligned,always_multiD,1,1
1456,within/aligned,union4_bonf,1,3
1456,within/aligned,dci_v3,1,3
1456,within/aligned,dci_v3_a8,1,3
1456,within/aligned,best_axis_oracle,1,0
1456,within/aligned,every_k2,1,0
1456,within/aligned,adwin,0,0
1456,within/aligned,mcusum,1,0
1456,within/aligned,sketch1,1,3
1457,within/aligned,always_multiD,1,0
1457,within/aligned,union4_bonf,1,0
1457,within/aligned,dci_v3,1,0
1457,within/aligned,dci_v3_a8,1,0
1457,within/aligned,best_axis_oracle,1,0
1457,within/aligned,every_k2,0,0
1457,within/aligned,adwin,0,0
1457,within/aligned,mcusum,1,0
1457,within/aligned,sketch1,1,0
1458,within/aligned,always_multiD,1,6
1458,within/aligned,union4_bonf,1,6
1458,within/aligned,dci_v3,1,6
1458,within/aligned,dci_v3_a8,1,6
1458,within/aligned,best_axis_oracle,1,0
1458,within/aligned,every_k2,0,4
1458,within/aligned,adwin,0,0
1458,within/aligned,mcusum,1,0
1458,within/aligned,sketch1,1,4
1459,within/aligned,always_multiD,1,0
1459,within/aligned,union4_bonf,1,0
1459,within/aligned,dci_v3,1,0
1459,within/aligned,dci_v3_a8,1,0
1459,within/aligned,best_axis_oracle,1,0
1459,within/aligned,every_k2,0,0
1459,within/aligned,adwin,0,0
1459,within/aligned,mcusum,1,0
1459,within/aligned,sketch1,1,0
1460,within/aligned,always_multiD,1,3
1460,within/aligned,union4_bonf,1,7
1460,within/aligned,dci_v3,1,7
1460,within/aligned,dci_v3_a8,1,5
1460,within/aligned,best_axis_oracle,1,0
1460,within/aligned,every_k2,1,2
1460,within/aligned,adwin,0,0
1460,within/aligned,mcusum,1,0
1460,within/aligned,sketch1,1,2
1461,within/aligned,always_multiD,1,5
1461,within/aligned,union4_bonf,1,5
1461,within/aligned,dci_v3,1,5
1461,within/aligned,dci_v3_a8,1,5
1461,within/aligned,best_axis_oracle,1,0
1461,within/aligned,every_k2,1,1
1461,within/aligned,adwin,0,0
1461,within/aligned,mcusum,1,0
1461,within/aligned,sketch1,1,5
1462,within/aligned,always_multiD,1,1
1462,within/aligned,union4_bonf,1,0
1462,within/aligned,dci_v3,1,0
1462,within/aligned,dci_v3_a8,1,0
1462,within/aligned,best_axis_oracle,1,0
1462,within/aligned,every_k2,1,1
1462,within/aligned,adwin,0,0
1462,within/aligned,mcusum,1,0
1462,within/aligned,sketch1,1,0
1463,within/aligned,always_multiD,1,0
1463,within/aligned,union4_bonf,1,0
1463,within/aligned,dci_v3,1,0
1463,within/aligned,dci_v3_a8,1,0
1463,within/aligned,best_axis_oracle,1,0
1463,within/aligned,every_k2,0,0
1463,within/aligned,adwin,0,0
1463,within/aligned,mcusum,1,0
1463,within/aligned,sketch1,1,0
1464,within/aligned,always_multiD,1,3
1464,within/aligned,union4_bonf,1,2
1464,within/aligned,dci_v3,1,2
1464,within/aligned,dci_v3_a8,1,3
1464,within/aligned,best_axis_oracle,1,0
1464,within/aligned,every_k2,1,2
1464,within/aligned,adwin,0,0
1464,within/aligned,mcusum,1,0
1464,within/aligned,sketch1,1,2
1465,within/aligned,always_multiD,1,1
1465,within/aligned,union4_bonf,1,1
1465,within/aligned,dci_v3,1,1
1465,within/aligned,dci_v3_a8,1,1
1465,within/aligned,best_axis_oracle,1,0
1465,within/aligned,every_k2,1,0
1465,within/aligned,adwin,0,0
1465,within/aligned,mcusum,1,0
1465,within/aligned,sketch1,1,1
1466,within/aligned,always_multiD,1,4
1466,within/aligned,union4_bonf,1,4
1466,within/aligned,dci_v3,1,4
1466,within/aligned,dci_v3_a8,1,4
1466,within/aligned,best_axis_oracle,1,0
1466,within/aligned,every_k2,1,2
1466,within/aligned,adwin,0,0
1466,within/aligned,mcusum,1,0
1466,within/aligned,sketch1,0,5
1467,within/aligned,always_multiD,1,0
1467,within/aligned,union4_bonf,1,3
1467,within/aligned,dci_v3,1,3
1467,within/aligned,dci_v3_a8,1,3
1467,within/aligned,best_axis_oracle,1,0
1467,within/aligned,every_k2,1,0
1467,within/aligned,adwin,0,0
1467,within/aligned,mcusum,1,0
1467,within/aligned,sketch1,1,1
1468,within/aligned,always_multiD,1,0
1468,within/aligned,union4_bonf,1,0
1468,within/aligned,dci_v3,1,0
1468,within/aligned,dci_v3_a8,1,0
1468,within/aligned,best_axis_oracle,1,0
1468,within/aligned,every_k2,0,0
1468,within/aligned,adwin,0,0
1468,within/aligned,mcusum,1,0
1468,within/aligned,sketch1,1,0
1469,within/aligned,always_multiD,1,6
1469,within/aligned,union4_bonf,1,6
1469,within/aligned,dci_v3,1,6
1469,within/aligned,dci_v3_a8,1,6
1469,within/aligned,best_axis_oracle,1,0
1469,within/aligned,every_k2,1,3
1469,within/aligned,adwin,0,0
1469,within/aligned,mcusum,1,6
1469,within/aligned,sketch1,1,6
1470,within/aligned,always_multiD,1,3
1470,within/aligned,union4_bonf,1,0
1470,within/aligned,dci_v3,1,0
1470,within/aligned,dci_v3_a8,1,0
1470,within/aligned,best_axis_oracle,1,0
1470,within/aligned,every_k2,1,2
1470,within/aligned,adwin,0,0
1470,within/aligned,mcusum,1,0
1470,within/aligned,sketch1,1,0
1471,within/aligned,always_multiD,1,0
1471,within/aligned,union4_bonf,1,0
1471,within/aligned,dci_v3,1,0
1471,within/aligned,dci_v3_a8,1,0
1471,within/aligned,best_axis_oracle,1,0
1471,within/aligned,every_k2,0,0
1471,within/aligned,adwin,0,0
1471,within/aligned,mcusum,1,0
1471,within/aligned,sketch1,1,0
1472,within/aligned,always_multiD,1,11
1472,within/aligned,union4_bonf,1,6
1472,within/aligned,dci_v3,1,6
1472,within/aligned,dci_v3_a8,1,6
1472,within/aligned,best_axis_oracle,1,2
1472,within/aligned,every_k2,0,6
1472,within/aligned,adwin,0,0
1472,within/aligned,mcusum,1,6
1472,within/aligned,sketch1,1,8
1473,within/aligned,always_multiD,1,8
1473,within/aligned,union4_bonf,1,8
1473,within/aligned,dci_v3,1,8
1473,within/aligned,dci_v3_a8,1,8
1473,within/aligned,best_axis_oracle,1,1
1473,within/aligned,every_k2,1,3
1473,within/aligned,adwin,0,0
1473,within/aligned,mcusum,1,8
1473,within/aligned,sketch1,1,7
1474,within/aligned,always_multiD,1,4
1474,within/aligned,union4_bonf,1,4
1474,within/aligned,dci_v3,1,4
1474,within/aligned,dci_v3_a8,1,4
1474,within/aligned,best_axis_oracle,1,0
1474,within/aligned,every_k2,0,2
1474,within/aligned,adwin,0,0
1474,within/aligned,mcusum,1,4
1474,within/aligned,sketch1,1,4
1475,within/aligned,always_multiD,1,2
1475,within/aligned,union4_bonf,1,2
1475,within/aligned,dci_v3,1,2
1475,within/aligned,dci_v3_a8,1,2
1475,within/aligned,best_axis_oracle,1,0
1475,within/aligned,every_k2,0,1
1475,within/aligned,adwin,0,0
1475,within/aligned,mcusum,1,0
1475,within/aligned,sketch1,1,2
1476,within/aligned,always_multiD,1,8
1476,within/aligned,union4_bonf,1,9
1476,within/aligned,dci_v3,1,9
1476,within/aligned,dci_v3_a8,1,9
1476,within/aligned,best_axis_oracle,1,0
1476,within/aligned,every_k2,1,3
1476,within/aligned,adwin,0,0
1476,within/aligned,mcusum,1,0
1476,within/aligned,sketch1,1,8
1477,within/aligned,always_multiD,1,0
1477,within/aligned,union4_bonf,1,0
1477,within/aligned,dci_v3,1,0
1477,within/aligned,dci_v3_a8,1,0
1477,within/aligned,best_axis_oracle,1,0
1477,within/aligned,every_k2,1,0
1477,within/aligned,adwin,0,0
1477,within/aligned,mcusum,1,0
1477,within/aligned,sketch1,1,0
1478,within/aligned,always_multiD,1,0
1478,within/aligned,union4_bonf,1,0
1478,within/aligned,dci_v3,1,0
1478,within/aligned,dci_v3_a8,1,0
1478,within/aligned,best_axis_oracle,1,0
1478,within/aligned,every_k2,0,0
1478,within/aligned,adwin,0,0
1478,within/aligned,mcusum,1,0
1478,within/aligned,sketch1,1,0
1479,within/aligned,always_multiD,1,12
1479,within/aligned,union4_bonf,1,11
1479,within/aligned,dci_v3,1,11
1479,within/aligned,dci_v3_a8,1,11
1479,within/aligned,best_axis_oracle,1,0
1479,within/aligned,every_k2,1,6
1479,within/aligned,adwin,0,0
1479,within/aligned,mcusum,1,3
1479,within/aligned,sketch1,1,11
1480,within/aligned,always_multiD,1,3
1480,within/aligned,union4_bonf,1,3
1480,within/aligned,dci_v3,1,3
1480,within/aligned,dci_v3_a8,1,3
1480,within/aligned,best_axis_oracle,1,0
1480,within/aligned,every_k2,1,1
1480,within/aligned,adwin,0,0
1480,within/aligned,mcusum,1,0
1480,within/aligned,sketch1,1,3
1481,within/aligned,always_multiD,1,10
1481,within/aligned,union4_bonf,1,9
1481,within/aligned,dci_v3,1,9
1481,within/aligned,dci_v3_a8,1,9
1481,within/aligned,best_axis_oracle,1,0
1481,within/aligned,every_k2,0,5
1481,within/aligned,adwin,0,0
1481,within/aligned,mcusum,1,7
1481,within/aligned,sketch1,1,10
1482,within/aligned,always_multiD,1,7
1482,within/aligned,union4_bonf,1,7
1482,within/aligned,dci_v3,1,7
1482,within/aligned,dci_v3_a8,1,7
1482,within/aligned,best_axis_oracle,1,0
1482,within/aligned,every_k2,1,3
1482,within/aligned,adwin,0,0
1482,within/aligned,mcusum,1,7
1482,within/aligned,sketch1,1,7
1483,within/aligned,always_multiD,1,1
1483,within/aligned,union4_bonf,1,0
1483,within/aligned,dci_v3,1,0
1483,within/aligned,dci_v3_a8,1,0
1483,within/aligned,best_axis_oracle,1,0
1483,within/aligned,every_k2,1,1
1483,within/aligned,adwin,0,0
1483,within/aligned,mcusum,0,0
1483,within/aligned,sketch1,0,0
1484,within/aligned,always_multiD,1,8
1484,within/aligned,union4_bonf,1,8
1484,within/aligned,dci_v3,1,8
1484,within/aligned,dci_v3_a8,1,8
1484,within/aligned,best_axis_oracle,1,0
1484,within/aligned,every_k2,0,5
1484,within/aligned,adwin,0,0
1484,within/aligned,mcusum,1,8
1484,within/aligned,sketch1,1,7
1485,within/aligned,always_multiD,1,3
1485,within/aligned,union4_bonf,1,8
1485,within/aligned,dci_v3,1,8
1485,within/aligned,dci_v3_a8,1,8
1485,within/aligned,best_axis_oracle,1,0
1485,within/aligned,every_k2,1,2
1485,within/aligned,adwin,0,0
1485,within/aligned,mcusum,1,0
1485,within/aligned,sketch1,1,2
1486,within/aligned,always_multiD,1,0
1486,within/aligned,union4_bonf,1,0
1486,within/aligned,dci_v3,1,0
1486,within/aligned,dci_v3_a8,1,0
1486,within/aligned,best_axis_oracle,1,0
1486,within/aligned,every_k2,1,0
1486,within/aligned,adwin,0,0
1486,within/aligned,mcusum,0,0
1486,within/aligned,sketch1,0,0
1487,within/aligned,always_multiD,1,1
1487,within/aligned,union4_bonf,1,1
1487,within/aligned,dci_v3,1,1
1487,within/aligned,dci_v3_a8,1,1
1487,within/aligned,best_axis_oracle,1,0
1487,within/aligned,every_k2,1,0
1487,within/aligned,adwin,0,0
1487,within/aligned,mcusum,1,0
1487,within/aligned,sketch1,1,1
1488,within/aligned,always_multiD,1,0
1488,within/aligned,union4_bonf,1,0
1488,within/aligned,dci_v3,1,0
1488,within/aligned,dci_v3_a8,1,0
1488,within/aligned,best_axis_oracle,1,0
1488,within/aligned,every_k2,0,0
1488,within/aligned,adwin,0,0
1488,within/aligned,mcusum,1,0
1488,within/aligned,sketch1,1,0
1489,within/aligned,always_multiD,1,4
1489,within/aligned,union4_bonf,1,4
1489,within/aligned,dci_v3,1,4
1489,within/aligned,dci_v3_a8,1,4
1489,within/aligned,best_axis_oracle,1,0
1489,within/aligned,every_k2,0,2
1489,within/aligned,adwin,0,0
1489,within/aligned,mcusum,1,4
1489,within/aligned,sketch1,1,4
1490,within/aligned,always_multiD,1,2
1490,within/aligned,union4_bonf,1,4
1490,within/aligned,dci_v3,1,4
1490,within/aligned,dci_v3_a8,1,4
1490,within/aligned,best_axis_oracle,1,0
1490,within/aligned,every_k2,0,1
1490,within/aligned,adwin,0,0
1490,within/aligned,mcusum,1,0
1490,within/aligned,sketch1,1,4
1491,within/aligned,always_multiD,1,7
1491,within/aligned,union4_bonf,1,7
1491,within/aligned,dci_v3,1,7
1491,within/aligned,dci_v3_a8,1,7
1491,within/aligned,best_axis_oracle,1,0
1491,within/aligned,every_k2,0,4
1491,within/aligned,adwin,0,0
1491,within/aligned,mcusum,1,5
1491,within/aligned,sketch1,1,7
1492,within/aligned,always_multiD,1,4
1492,within/aligned,union4_bonf,1,4
1492,within/aligned,dci_v3,1,4
1492,within/aligned,dci_v3_a8,1,4
1492,within/aligned,best_axis_oracle,1,0
1492,within/aligned,every_k2,1,2
1492,within/aligned,adwin,0,0
1492,within/aligned,mcusum,1,4
1492,within/aligned,sketch1,1,4
1493,within/aligned,always_multiD,1,1
1493,within/aligned,union4_bonf,1,1
1493,within/aligned,dci_v3,1,1
1493,within/aligned,dci_v3_a8,1,1
1493,within/aligned,best_axis_oracle,1,0
1493,within/aligned,every_k2,1,0
1493,within/aligned,adwin,0,0
1493,within/aligned,mcusum,1,0
1493,within/aligned,sketch1,1,1
1494,within/aligned,always_multiD,1,9
1494,within/aligned,union4_bonf,1,9
1494,within/aligned,dci_v3,1,9
1494,within/aligned,dci_v3_a8,1,9
1494,within/aligned,best_axis_oracle,1,0
1494,within/aligned,every_k2,0,5
1494,within/aligned,adwin,0,0
1494,within/aligned,mcusum,1,5
1494,within/aligned,sketch1,1,9
1495,within/aligned,always_multiD,1,12
1495,within/aligned,union4_bonf,1,12
1495,within/aligned,dci_v3,1,12
1495,within/aligned,dci_v3_a8,1,12
1495,within/aligned,best_axis_oracle,1,1
1495,within/aligned,every_k2,0,6
1495,within/aligned,adwin,0,0
1495,within/aligned,mcusum,1,3
1495,within/aligned,sketch1,1,10
1496,within/aligned,always_multiD,1,5
1496,within/aligned,union4_bonf,1,5
1496,within/aligned,dci_v3,1,5
1496,within/aligned,dci_v3_a8,1,5
1496,within/aligned,best_axis_oracle,1,0
1496,within/aligned,every_k2,0,3
1496,within/aligned,adwin,0,0
1496,within/aligned,mcusum,1,5
1496,within/aligned,sketch1,1,4
1497,within/aligned,always_multiD,1,0
1497,within/aligned,union4_bonf,1,0
1497,within/aligned,dci_v3,1,0
1497,within/aligned,dci_v3_a8,1,0
1497,within/aligned,best_axis_oracle,1,0
1497,within/aligned,every_k2,0,0
1497,within/aligned,adwin,0,0
1497,within/aligned,mcusum,0,0
1497,within/aligned,sketch1,0,0
1498,within/aligned,always_multiD,1,8
1498,within/aligned,union4_bonf,1,8
1498,within/aligned,dci_v3,1,8
1498,within/aligned,dci_v3_a8,1,8
1498,within/aligned,best_axis_oracle,1,0
1498,within/aligned,every_k2,0,5
1498,within/aligned,adwin,0,0
1498,within/aligned,mcusum,1,8
1498,within/aligned,sketch1,1,7
1499,within/aligned,always_multiD,1,0
1499,within/aligned,union4_bonf,1,0
1499,within/aligned,dci_v3,1,0
1499,within/aligned,dci_v3_a8,1,0
1499,within/aligned,best_axis_oracle,1,0
1499,within/aligned,every_k2,0,0
1499,within/aligned,adwin,0,0
1499,within/aligned,mcusum,1,0
1499,within/aligned,sketch1,1,0
1500,within/aligned,always_multiD,1,8
1500,within/aligned,union4_bonf,1,12
1500,within/aligned,dci_v3,1,12
1500,within/aligned,dci_v3_a8,1,13
1500,within/aligned,best_axis_oracle,1,3
1500,within/aligned,every_k2,1,3
1500,within/aligned,adwin,0,0
1500,within/aligned,mcusum,1,4
1500,within/aligned,sketch1,1,8
1501,within/aligned,always_multiD,1,0
1501,within/aligned,union4_bonf,1,0
1501,within/aligned,dci_v3,1,0
1501,within/aligned,dci_v3_a8,1,0
1501,within/aligned,best_axis_oracle,1,0
1501,within/aligned,every_k2,1,0
1501,within/aligned,adwin,0,0
1501,within/aligned,mcusum,1,0
1501,within/aligned,sketch1,1,0
1502,within/aligned,always_multiD,1,11
1502,within/aligned,union4_bonf,1,11
1502,within/aligned,dci_v3,1,11
1502,within/aligned,dci_v3_a8,1,11
1502,within/aligned,best_axis_oracle,1,0
1502,within/aligned,every_k2,0,6
1502,within/aligned,adwin,0,0
1502,within/aligned,mcusum,1,11
1502,within/aligned,sketch1,1,11
1503,within/aligned,always_multiD,1,11
1503,within/aligned,union4_bonf,1,11
1503,within/aligned,dci_v3,1,11
1503,within/aligned,dci_v3_a8,1,11
1503,within/aligned,best_axis_oracle,1,11
1503,within/aligned,every_k2,0,6
1503,within/aligned,adwin,0,0
1503,within/aligned,mcusum,1,3
1503,within/aligned,sketch1,1,1
1504,within/offaxis,always_multiD,1,18
1504,within/offaxis,union4_bonf,1,14
1504,within/offaxis,dci_v3,1,16
1504,within/offaxis,dci_v3_a8,1,17
1504,within/offaxis,best_axis_oracle,1,2
1504,within/offaxis,every_k2,0,10
1504,within/offaxis,adwin,0,0
1504,within/offaxis,mcusum,1,4
1504,within/offaxis,sketch1,0,15
1505,within/aligned,always_multiD,1,20
1505,within/aligned,union4_bonf,1,20
1505,within/aligned,dci_v3,1,20
1505,within/aligned,dci_v3_a8,1,20
1505,within/aligned,best_axis_oracle,1,11
1505,within/aligned,every_k2,1,9
1505,within/aligned,adwin,0,0
1505,within/aligned,mcusum,1,12
1505,within/aligned,sketch1,1,17
1506,within/aligned,always_multiD,1,11
1506,within/aligned,union4_bonf,1,11
1506,within/aligned,dci_v3,1,11
1506,within/aligned,dci_v3_a8,1,11
1506,within/aligned,best_axis_oracle,1,11
1506,within/aligned,every_k2,0,6
1506,within/aligned,adwin,0,0
1506,within/aligned,mcusum,1,3
1506,within/aligned,sketch1,1,0
1507,within/aligned,always_multiD,1,11
1507,within/aligned,union4_bonf,1,12
1507,within/aligned,dci_v3,1,12
1507,within/aligned,dci_v3_a8,1,12
1507,within/aligned,best_axis_oracle,1,1
1507,within/aligned,every_k2,1,5
1507,within/aligned,adwin,0,0
1507,within/aligned,mcusum,1,11
1507,within/aligned,sketch1,1,11
1508,within/aligned,always_multiD,1,11
1508,within/aligned,union4_bonf,1,12
1508,within/aligned,dci_v3,1,12
1508,within/aligned,dci_v3_a8,1,12
1508,within/aligned,best_axis_oracle,1,8
1508,within/aligned,every_k2,0,6
1508,within/aligned,adwin,0,0
1508,within/aligned,mcusum,1,11
1508,within/aligned,sketch1,1,11
1509,within/aligned,always_multiD,1,11
1509,within/aligned,union4_bonf,1,11
1509,within/aligned,dci_v3,1,11
1509,within/aligned,dci_v3_a8,1,11
1509,within/aligned,best_axis_oracle,1,9
1509,within/aligned,every_k2,0,6
1509,within/aligned,adwin,0,0
1509,within/aligned,mcusum,1,11
1509,within/aligned,sketch1,1,7
1510,within/aligned,always_multiD,1,12
1510,within/aligned,union4_bonf,1,12
1510,within/aligned,dci_v3,1,12
1510,within/aligned,dci_v3_a8,1,12
1510,within/aligned,best_axis_oracle,1,1
1510,within/aligned,every_k2,0,7
1510,within/aligned,adwin,0,0
1510,within/aligned,mcusum,1,11
1510,within/aligned,sketch1,1,11
1511,within/aligned,always_multiD,1,20
1511,within/aligned,union4_bonf,1,20
1511,within/aligned,dci_v3,1,20
1511,within/aligned,dci_v3_a8,1,20
1511,within/aligned,best_axis_oracle,1,9
1511,within/aligned,every_k2,0,11
1511,within/aligned,adwin,0,0
1511,within/aligned,mcusum,1,5
1511,within/aligned,sketch1,1,15
1512,within/aligned,always_multiD,1,11
1512,within/aligned,union4_bonf,1,11
1512,within/aligned,dci_v3,1,11
1512,within/aligned,dci_v3_a8,1,11
1512,within/aligned,best_axis_oracle,1,3
1512,within/aligned,every_k2,0,6
1512,within/aligned,adwin,0,0
1512,within/aligned,mcusum,1,11
1512,within/aligned,sketch1,1,11
1513,within/aligned,always_multiD,1,11
1513,within/aligned,union4_bonf,1,11
1513,within/aligned,dci_v3,1,11
1513,within/aligned,dci_v3_a8,1,11
1513,within/aligned,best_axis_oracle,1,1
1513,within/aligned,every_k2,1,5
1513,within/aligned,adwin,0,0
1513,within/aligned,mcusum,1,11
1513,within/aligned,sketch1,1,12
1514,within/aligned,always_multiD,1,10
1514,within/aligned,union4_bonf,1,10
1514,within/aligned,dci_v3,1,10
1514,within/aligned,dci_v3_a8,1,10
1514,within/aligned,best_axis_oracle,1,1
1514,within/aligned,every_k2,0,6
1514,within/aligned,adwin,0,0
1514,within/aligned,mcusum,1,9
1514,within/aligned,sketch1,1,9
1515,within/aligned,always_multiD,1,11
1515,within/aligned,union4_bonf,1,11
1515,within/aligned,dci_v3,1,11
1515,within/aligned,dci_v3_a8,1,11
1515,within/aligned,best_axis_oracle,1,1
1515,within/aligned,every_k2,1,5
1515,within/aligned,adwin,0,0
1515,within/aligned,mcusum,1,5
1515,within/aligned,sketch1,1,11
1516,within/aligned,always_multiD,1,9
1516,within/aligned,union4_bonf,1,9
1516,within/aligned,dci_v3,1,9
1516,within/aligned,dci_v3_a8,1,10
1516,within/aligned,best_axis_oracle,1,0
1516,within/aligned,every_k2,0,5
1516,within/aligned,adwin,0,0
1516,within/aligned,mcusum,0,1
1516,within/aligned,sketch1,1,0
1517,within/aligned,always_multiD,1,7
1517,within/aligned,union4_bonf,1,0
1517,within/aligned,dci_v3,1,0
1517,within/aligned,dci_v3_a8,1,1
1517,within/aligned,best_axis_oracle,1,0
1517,within/aligned,every_k2,1,4
1517,within/aligned,adwin,0,0
1517,within/aligned,mcusum,0,1
1517,within/aligned,sketch1,1,1
1518,within/aligned,always_multiD,1,11
1518,within/aligned,union4_bonf,1,11
1518,within/aligned,dci_v3,1,11
1518,within/aligned,dci_v3_a8,1,11
1518,within/aligned,best_axis_oracle,1,1
1518,within/aligned,every_k2,0,6
1518,within/aligned,adwin,0,0
1518,within/aligned,mcusum,1,5
1518,within/aligned,sketch1,1,11
1519,within/aligned,always_multiD,1,11
1519,within/aligned,union4_bonf,1,11
1519,within/aligned,dci_v3,1,11
1519,within/aligned,dci_v3_a8,1,11
1519,within/aligned,best_axis_oracle,1,1
1519,within/aligned,every_k2,0,6
1519,within/aligned,adwin,0,0
1519,within/aligned,mcusum,1,5
1519,within/aligned,sketch1,1,11
1520,within/aligned,always_multiD,1,12
1520,within/aligned,union4_bonf,1,12
1520,within/aligned,dci_v3,1,12
1520,within/aligned,dci_v3_a8,1,12
1520,within/aligned,best_axis_oracle,1,1
1520,within/aligned,every_k2,0,7
1520,within/aligned,adwin,0,0
1520,within/aligned,mcusum,1,11
1520,within/aligned,sketch1,1,11
1521,within/aligned,always_multiD,1,11
1521,within/aligned,union4_bonf,1,11
1521,within/aligned,dci_v3,1,11
1521,within/aligned,dci_v3_a8,1,11
1521,within/aligned,best_axis_oracle,1,0
1521,within/aligned,every_k2,1,5
1521,within/aligned,adwin,0,0
1521,within/aligned,mcusum,1,5
1521,within/aligned,sketch1,1,12
1522,within/aligned,always_multiD,1,11
1522,within/aligned,union4_bonf,1,10
1522,within/aligned,dci_v3,1,10
1522,within/aligned,dci_v3_a8,1,10
1522,within/aligned,best_axis_oracle,1,1
1522,within/aligned,every_k2,0,6
1522,within/aligned,adwin,0,0
1522,within/aligned,mcusum,1,1
1522,within/aligned,sketch1,1,4
1523,within/aligned,always_multiD,1,11
1523,within/aligned,union4_bonf,1,9
1523,within/aligned,dci_v3,1,9
1523,within/aligned,dci_v3_a8,1,9
1523,within/aligned,best_axis_oracle,1,2
1523,within/aligned,every_k2,1,5
1523,within/aligned,adwin,0,0
1523,within/aligned,mcusum,1,1
1523,within/aligned,sketch1,1,2
1524,within/aligned,always_multiD,1,12
1524,within/aligned,union4_bonf,1,12
1524,within/aligned,dci_v3,1,12
1524,within/aligned,dci_v3_a8,1,12
1524,within/aligned,best_axis_oracle,1,1
1524,within/aligned,every_k2,1,6
1524,within/aligned,adwin,0,0
1524,within/aligned,mcusum,1,7
1524,within/aligned,sketch1,1,3
1525,within/offaxis,always_multiD,1,18
1525,within/offaxis,union4_bonf,1,14
1525,within/offaxis,dci_v3,1,16
1525,within/offaxis,dci_v3_a8,1,16
1525,within/offaxis,best_axis_oracle,1,2
1525,within/offaxis,every_k2,0,10
1525,within/offaxis,adwin,0,0
1525,within/offaxis,mcusum,1,6
1525,within/offaxis,sketch1,0,15
1526,within/aligned,always_multiD,1,11
1526,within/aligned,union4_bonf,1,11
1526,within/aligned,dci_v3,1,11
1526,within/aligned,dci_v3_a8,1,11
1526,within/aligned,best_axis_oracle,1,11
1526,within/aligned,every_k2,0,6
1526,within/aligned,adwin,0,0
1526,within/aligned,mcusum,1,3
1526,within/aligned,sketch1,1,0
1527,within/aligned,always_multiD,1,11
1527,within/aligned,union4_bonf,1,12
1527,within/aligned,dci_v3,1,12
1527,within/aligned,dci_v3_a8,1,12
1527,within/aligned,best_axis_oracle,1,0
1527,within/aligned,every_k2,0,6
1527,within/aligned,adwin,0,0
1527,within/aligned,mcusum,1,11
1527,within/aligned,sketch1,1,11
1528,within/aligned,always_multiD,1,14
1528,within/aligned,union4_bonf,1,12
1528,within/aligned,dci_v3,1,12
1528,within/aligned,dci_v3_a8,1,11
1528,within/aligned,best_axis_oracle,1,0
1528,within/aligned,every_k2,0,7
1528,within/aligned,adwin,0,0
1528,within/aligned,mcusum,1,11
1528,within/aligned,sketch1,0,12
1529,within/aligned,always_multiD,1,12
1529,within/aligned,union4_bonf,1,12
1529,within/aligned,dci_v3,1,12
1529,within/aligned,dci_v3_a8,1,12
1529,within/aligned,best_axis_oracle,1,4
1529,within/aligned,every_k2,0,6
1529,within/aligned,adwin,0,0
1529,within/aligned,mcusum,1,11
1529,within/aligned,sketch1,0,11
1530,within/aligned,always_multiD,1,11
1530,within/aligned,union4_bonf,1,11
1530,within/aligned,dci_v3,1,11
1530,within/aligned,dci_v3_a8,1,11
1530,within/aligned,best_axis_oracle,1,1
1530,within/aligned,every_k2,0,6
1530,within/aligned,adwin,0,0
1530,within/aligned,mcusum,1,11
1530,within/aligned,sketch1,1,11
1531,within/aligned,always_multiD,1,20
1531,within/aligned,union4_bonf,1,20
1531,within/aligned,dci_v3,1,20
1531,within/aligned,dci_v3_a8,1,20
1531,within/aligned,best_axis_oracle,1,1
1531,within/aligned,every_k2,0,11
1531,within/aligned,adwin,0,0
1531,within/aligned,mcusum,1,6
1531,within/aligned,sketch1,0,9
1532,within/aligned,always_multiD,1,12
1532,within/aligned,union4_bonf,1,12
1532,within/aligned,dci_v3,1,12
1532,within/aligned,dci_v3_a8,1,12
1532,within/aligned,best_axis_oracle,1,1
1532,within/aligned,every_k2,1,5
1532,within/aligned,adwin,0,0
1532,within/aligned,mcusum,1,2
1532,within/aligned,sketch1,1,11
1533,within/aligned,always_multiD,1,12
1533,within/aligned,union4_bonf,1,12
1533,within/aligned,dci_v3,1,12
1533,within/aligned,dci_v3_a8,1,12
1533,within/aligned,best_axis_oracle,1,1
1533,within/aligned,every_k2,1,5
1533,within/aligned,adwin,0,0
1533,within/aligned,mcusum,1,11
1533,within/aligned,sketch1,1,12
1534,within/offaxis,always_multiD,1,18
1534,within/offaxis,union4_bonf,1,14
1534,within/offaxis,dci_v3,1,16
1534,within/offaxis,dci_v3_a8,1,16
1534,within/offaxis,best_axis_oracle,1,5
1534,within/offaxis,every_k2,1,8
1534,within/offaxis,adwin,0,0
1534,within/offaxis,mcusum,1,12
1534,within/offaxis,sketch1,0,15
1535,within/offaxis,always_multiD,1,18
1535,within/offaxis,union4_bonf,1,14
1535,within/offaxis,dci_v3,1,16
1535,within/offaxis,dci_v3_a8,1,16
1535,within/offaxis,best_axis_oracle,1,2
1535,within/offaxis,every_k2,0,10
1535,within/offaxis,adwin,0,0
1535,within/offaxis,mcusum,1,7
1535,within/offaxis,sketch1,0,15
1536,within/aligned,always_multiD,1,11
1536,within/aligned,union4_bonf,1,11
1536,within/aligned,dci_v3,1,11
1536,within/aligned,dci_v3_a8,1,11
1536,within/aligned,best_axis_oracle,1,1
1536,within/aligned,every_k2,1,5
1536,within/aligned,adwin,0,0
1536,within/aligned,mcusum,1,9
1536,within/aligned,sketch1,1,12
1537,within/offaxis,always_multiD,1,18
1537,within/offaxis,union4_bonf,1,14
1537,within/offaxis,dci_v3,1,16
1537,within/offaxis,dci_v3_a8,1,16
1537,within/offaxis,best_axis_oracle,1,2
1537,within/offaxis,every_k2,0,10
1537,within/offaxis,adwin,0,0
1537,within/offaxis,mcusum,1,4
1537,within/offaxis,sketch1,0,15
1538,within/aligned,always_multiD,1,11
1538,within/aligned,union4_bonf,1,11
1538,within/aligned,dci_v3,1,11
1538,within/aligned,dci_v3_a8,1,11
1538,within/aligned,best_axis_oracle,1,0
1538,within/aligned,every_k2,0,6
1538,within/aligned,adwin,0,0
1538,within/aligned,mcusum,1,11
1538,within/aligned,sketch1,1,11
1539,within/aligned,always_multiD,1,11
1539,within/aligned,union4_bonf,1,11
1539,within/aligned,dci_v3,1,11
1539,within/aligned,dci_v3_a8,1,11
1539,within/aligned,best_axis_oracle,1,0
1539,within/aligned,every_k2,1,5
1539,within/aligned,adwin,0,0
1539,within/aligned,mcusum,1,2
1539,within/aligned,sketch1,1,0
1540,within/aligned,always_multiD,1,11
1540,within/aligned,union4_bonf,1,12
1540,within/aligned,dci_v3,1,12
1540,within/aligned,dci_v3_a8,1,12
1540,within/aligned,best_axis_oracle,1,2
1540,within/aligned,every_k2,1,5
1540,within/aligned,adwin,0,0
1540,within/aligned,mcusum,1,11
1540,within/aligned,sketch1,1,7
1541,within/aligned,always_multiD,1,1
1541,within/aligned,union4_bonf,1,1
1541,within/aligned,dci_v3,1,1
1541,within/aligned,dci_v3_a8,1,1
1541,within/aligned,best_axis_oracle,1,1
1541,within/aligned,every_k2,1,0
1541,within/aligned,adwin,0,0
1541,within/aligned,mcusum,1,0
1541,within/aligned,sketch1,1,0
1542,within/offaxis,always_multiD,1,18
1542,within/offaxis,union4_bonf,1,14
1542,within/offaxis,dci_v3,1,16
1542,within/offaxis,dci_v3_a8,1,16
1542,within/offaxis,best_axis_oracle,1,11
1542,within/offaxis,every_k2,1,8
1542,within/offaxis,adwin,0,0
1542,within/offaxis,mcusum,1,10
1542,within/offaxis,sketch1,0,15
1543,within/aligned,always_multiD,1,11
1543,within/aligned,union4_bonf,1,11
1543,within/aligned,dci_v3,1,11
1543,within/aligned,dci_v3_a8,1,11
1543,within/aligned,best_axis_oracle,1,8
1543,within/aligned,every_k2,1,5
1543,within/aligned,adwin,0,0
1543,within/aligned,mcusum,1,11
1543,within/aligned,sketch1,1,11
1544,within/aligned,always_multiD,1,12
1544,within/aligned,union4_bonf,1,12
1544,within/aligned,dci_v3,1,12
1544,within/aligned,dci_v3_a8,1,12
1544,within/aligned,best_axis_oracle,1,10
1544,within/aligned,every_k2,1,6
1544,within/aligned,adwin,0,0
1544,within/aligned,mcusum,1,11
1544,within/aligned,sketch1,1,11
1545,within/aligned,always_multiD,1,11
1545,within/aligned,union4_bonf,1,11
1545,within/aligned,dci_v3,1,11
1545,within/aligned,dci_v3_a8,1,11
1545,within/aligned,best_axis_oracle,1,5
1545,within/aligned,every_k2,1,5
1545,within/aligned,adwin,0,0
1545,within/aligned,mcusum,1,11
1545,within/aligned,sketch1,1,11
1546,within/aligned,always_multiD,1,11
1546,within/aligned,union4_bonf,1,11
1546,within/aligned,dci_v3,1,11
1546,within/aligned,dci_v3_a8,1,11
1546,within/aligned,best_axis_oracle,1,10
1546,within/aligned,every_k2,1,5
1546,within/aligned,adwin,0,0
1546,within/aligned,mcusum,1,11
1546,within/aligned,sketch1,1,11
1547,within/aligned,always_multiD,1,12
1547,within/aligned,union4_bonf,1,12
1547,within/aligned,dci_v3,1,12
1547,within/aligned,dci_v3_a8,1,12
1547,within/aligned,best_axis_oracle,1,10
1547,within/aligned,every_k2,1,5
1547,within/aligned,adwin,0,0
1547,within/aligned,mcusum,1,11
1547,within/aligned,sketch1,1,12
1548,within/aligned,always_multiD,1,11
1548,within/aligned,union4_bonf,1,11
1548,within/aligned,dci_v3,1,11
1548,within/aligned,dci_v3_a8,1,11
1548,within/aligned,best_axis_oracle,1,11
1548,within/aligned,every_k2,1,5
1548,within/aligned,adwin,0,0
1548,within/aligned,mcusum,1,11
1548,within/aligned,sketch1,1,11
1549,within/aligned,always_multiD,1,11
1549,within/aligned,union4_bonf,1,11
1549,within/aligned,dci_v3,1,11
1549,within/aligned,dci_v3_a8,1,11
1549,within/aligned,best_axis_oracle,1,10
1549,within/aligned,every_k2,1,5
1549,within/aligned,adwin,0,0
1549,within/aligned,mcusum,1,11
1549,within/aligned,sketch1,1,9
1550,within/offaxis,always_multiD,1,18
1550,within/offaxis,union4_bonf,1,14
1550,within/offaxis,dci_v3,1,16
1550,within/offaxis,dci_v3_a8,1,16
1550,within/offaxis,best_axis_oracle,1,11
1550,within/offaxis,every_k2,1,8
1550,within/offaxis,adwin,0,0
1550,within/offaxis,mcusum,1,12
1550,within/offaxis,sketch1,0,15
1551,within/aligned,always_multiD,1,11
1551,within/aligned,union4_bonf,1,11
1551,within/aligned,dci_v3,1,11
1551,within/aligned,dci_v3_a8,1,11
1551,within/aligned,best_axis_oracle,1,11
1551,within/aligned,every_k2,1,5
1551,within/aligned,adwin,0,0
1551,within/aligned,mcusum,1,11
1551,within/aligned,sketch1,1,11
1552,within/aligned,always_multiD,0,1
1552,within/aligned,union4_bonf,0,0
1552,within/aligned,dci_v3,0,0
1552,within/aligned,dci_v3_a8,0,0
1552,within/aligned,best_axis_oracle,1,3
1552,within/aligned,every_k2,0,0
1552,within/aligned,adwin,0,0
1552,within/aligned,mcusum,0,0
1552,within/aligned,sketch1,0,1
1553,within/aligned,always_multiD,0,1
1553,within/aligned,union4_bonf,0,0
1553,within/aligned,dci_v3,0,1
1553,within/aligned,dci_v3_a8,0,1
1553,within/aligned,best_axis_oracle,1,1
1553,within/aligned,every_k2,0,1
1553,within/aligned,adwin,0,0
1553,within/aligned,mcusum,0,0
1553,within/aligned,sketch1,0,3
1554,within/aligned,always_multiD,0,0
1554,within/aligned,union4_bonf,0,0
1554,within/aligned,dci_v3,0,0
1554,within/aligned,dci_v3_a8,0,0
1554,within/aligned,best_axis_oracle,0,0
1554,within/aligned,every_k2,0,0
1554,within/aligned,adwin,0,0
1554,within/aligned,mcusum,0,0
1554,within/aligned,sketch1,0,1
1555,within/aligned,always_multiD,0,0
1555,within/aligned,union4_bonf,0,0
1555,within/aligned,dci_v3,0,0
1555,within/aligned,dci_v3_a8,0,0
1555,within/aligned,best_axis_oracle,0,0
1555,within/aligned,every_k2,0,0
1555,within/aligned,adwin,0,0
1555,within/aligned,mcusum,0,0
1555,within/aligned,sketch1,0,0
1556,within/aligned,always_multiD,0,1
1556,within/aligned,union4_bonf,1,0
1556,within/aligned,dci_v3,1,1
1556,within/aligned,dci_v3_a8,1,1
1556,within/aligned,best_axis_oracle,1,1
1556,within/aligned,every_k2,0,0
1556,within/aligned,adwin,0,0
1556,within/aligned,mcusum,0,0
1556,within/aligned,sketch1,0,2
1557,within/aligned,always_multiD,1,2
1557,within/aligned,union4_bonf,1,2
1557,within/aligned,dci_v3,1,3
1557,within/aligned,dci_v3_a8,1,3
1557,within/aligned,best_axis_oracle,1,0
1557,within/aligned,every_k2,1,1
1557,within/aligned,adwin,0,0
1557,within/aligned,mcusum,0,0
1557,within/aligned,sketch1,1,3
1558,within/aligned,always_multiD,0,1
1558,within/aligned,union4_bonf,0,1
1558,within/aligned,dci_v3,0,1
1558,within/aligned,dci_v3_a8,0,1
1558,within/aligned,best_axis_oracle,1,1
1558,within/aligned,every_k2,0,0
1558,within/aligned,adwin,0,0
1558,within/aligned,mcusum,0,0
1558,within/aligned,sketch1,0,1
1559,within/aligned,always_multiD,0,1
1559,within/aligned,union4_bonf,0,1
1559,within/aligned,dci_v3,0,1
1559,within/aligned,dci_v3_a8,0,1
1559,within/aligned,best_axis_oracle,1,1
1559,within/aligned,every_k2,0,1
1559,within/aligned,adwin,0,0
1559,within/aligned,mcusum,0,0
1559,within/aligned,sketch1,0,1
1560,within/aligned,always_multiD,1,0
1560,within/aligned,union4_bonf,0,0
1560,within/aligned,dci_v3,0,0
1560,within/aligned,dci_v3_a8,0,0
1560,within/aligned,best_axis_oracle,1,2
1560,within/aligned,every_k2,0,0
1560,within/aligned,adwin,0,0
1560,within/aligned,mcusum,0,0
1560,within/aligned,sketch1,0,0
1561,within/aligned,always_multiD,0,4
1561,within/aligned,union4_bonf,0,3
1561,within/aligned,dci_v3,0,4
1561,within/aligned,dci_v3_a8,0,4
1561,within/aligned,best_axis_oracle,1,1
1561,within/aligned,every_k2,0,3
1561,within/aligned,adwin,0,0
1561,within/aligned,mcusum,0,0
1561,within/aligned,sketch1,0,4
1562,within/aligned,always_multiD,1,1
1562,within/aligned,union4_bonf,1,1
1562,within/aligned,dci_v3,1,1
1562,within/aligned,dci_v3_a8,1,1
1562,within/aligned,best_axis_oracle,1,1
1562,within/aligned,every_k2,1,0
1562,within/aligned,adwin,0,0
1562,within/aligned,mcusum,0,0
1562,within/aligned,sketch1,0,1
1563,within/aligned,always_multiD,1,5
1563,within/aligned,union4_bonf,1,3
1563,within/aligned,dci_v3,1,3
1563,within/aligned,dci_v3_a8,1,3
1563,within/aligned,best_axis_oracle,1,2
1563,within/aligned,every_k2,1,2
1563,within/aligned,adwin,0,0
1563,within/aligned,mcusum,0,0
1563,within/aligned,sketch1,0,1
1564,within/aligned,always_multiD,1,11
1564,within/aligned,union4_bonf,1,11
1564,within/aligned,dci_v3,1,11
1564,within/aligned,dci_v3_a8,1,11
1564,within/aligned,best_axis_oracle,1,0
1564,within/aligned,every_k2,0,6
1564,within/aligned,adwin,0,0
1564,within/aligned,mcusum,0,2
1564,within/aligned,sketch1,1,11
1565,within/aligned,always_multiD,0,0
1565,within/aligned,union4_bonf,0,0
1565,within/aligned,dci_v3,0,0
1565,within/aligned,dci_v3_a8,0,0
1565,within/aligned,best_axis_oracle,0,0
1565,within/aligned,every_k2,0,0
1565,within/aligned,adwin,0,0
1565,within/aligned,mcusum,0,0
1565,within/aligned,sketch1,0,0
1566,within/aligned,always_multiD,0,0
1566,within/aligned,union4_bonf,0,0
1566,within/aligned,dci_v3,0,0
1566,within/aligned,dci_v3_a8,0,0
1566,within/aligned,best_axis_oracle,0,0
1566,within/aligned,every_k2,0,0
1566,within/aligned,adwin,0,0
1566,within/aligned,mcusum,0,0
1566,within/aligned,sketch1,0,0
1567,within/aligned,always_multiD,1,1
1567,within/aligned,union4_bonf,1,1
1567,within/aligned,dci_v3,1,1
1567,within/aligned,dci_v3_a8,1,1
1567,within/aligned,best_axis_oracle,1,0
1567,within/aligned,every_k2,1,0
1567,within/aligned,adwin,0,0
1567,within/aligned,mcusum,0,0
1567,within/aligned,sketch1,0,1
1568,within/aligned,always_multiD,0,2
1568,within/aligned,union4_bonf,0,2
1568,within/aligned,dci_v3,0,2
1568,within/aligned,dci_v3_a8,0,2
1568,within/aligned,best_axis_oracle,1,2
1568,within/aligned,every_k2,0,0
1568,within/aligned,adwin,0,0
1568,within/aligned,mcusum,0,0
1568,within/aligned,sketch1,0,1
1569,control,always_multiD,0,4
1569,control,union4_bonf,0,5
1569,control,dci_v3,0,5
1569,control,dci_v3_a8,0,4
1569,control,best_axis_oracle,0,0
1569,control,every_k2,0,2
1569,control,adwin,0,0
1569,control,mcusum,0,4
1569,control,sketch1,0,6
1570,control,always_multiD,0,4
1570,control,union4_bonf,0,5
1570,control,dci_v3,0,5
1570,control,dci_v3_a8,0,5
1570,control,best_axis_oracle,0,0
1570,control,every_k2,0,2
1570,control,adwin,0,0
1570,control,mcusum,0,0
1570,control,sketch1,0,5
1571,control,always_multiD,0,0
1571,control,union4_bonf,0,0
1571,control,dci_v3,0,0
1571,control,dci_v3_a8,0,0
1571,control,best_axis_oracle,0,0
1571,control,every_k2,0,0
1571,control,adwin,0,0
1571,control,mcusum,0,0
1571,control,sketch1,0,0
1572,control,always_multiD,0,1
1572,control,union4_bonf,0,0
1572,control,dci_v3,0,0
1572,control,dci_v3_a8,0,1
1572,control,best_axis_oracle,0,0
1572,control,every_k2,0,1
1572,control,adwin,0,0
1572,control,mcusum,0,0
1572,control,sketch1,0,0
1573,control,always_multiD,0,0
1573,control,union4_bonf,0,0
1573,control,dci_v3,0,0
1573,control,dci_v3_a8,0,0
1573,control,best_axis_oracle,0,0
1573,control,every_k2,0,0
1573,control,adwin,0,0
1573,control,mcusum,0,0
1573,control,sketch1,0,0
1574,control,always_multiD,0,0
1574,control,union4_bonf,0,0
1574,control,dci_v3,0,0
1574,control,dci_v3_a8,0,0
1574,control,best_axis_oracle,0,0
1574,control,every_k2,0,0
1574,control,adwin,0,0
1574,control,mcusum,0,0
1574,control,sketch1,0,0
1575,control,always_multiD,0,2
1575,control,union4_bonf,0,2
1575,control,dci_v3,0,2
1575,control,dci_v3_a8,0,2
1575,control,best_axis_oracle,0,0
1575,control,every_k2,0,1
1575,control,adwin,0,0
1575,control,mcusum,0,2
1575,control,sketch1,0,2
1576,control,always_multiD,0,0
1576,control,union4_bonf,0,2
1576,control,dci_v3,0,2
1576,control,dci_v3_a8,0,2
1576,control,best_axis_oracle,0,0
1576,control,every_k2,0,0
1576,control,adwin,0,0
1576,control,mcusum,0,0
1576,control,sketch1,0,2
1577,control,always_multiD,0,2
1577,control,union4_bonf,0,4
1577,control,dci_v3,0,4
1577,control,dci_v3_a8,0,3
1577,control,best_axis_oracle,0,0
1577,control,every_k2,0,1
1577,control,adwin,0,0
1577,control,mcusum,0,0
1577,control,sketch1,0,4
1578,control,always_multiD,0,0
1578,control,union4_bonf,0,0
1578,control,dci_v3,0,0
1578,control,dci_v3_a8,0,0
1578,control,best_axis_oracle,0,0
1578,control,every_k2,0,0
1578,control,adwin,0,0
1578,control,mcusum,0,0
1578,control,sketch1,0,0
1579,control,always_multiD,0,0
1579,control,union4_bonf,0,0
1579,control,dci_v3,0,0
1579,control,dci_v3_a8,0,0
1579,control,best_axis_oracle,0,0
1579,control,every_k2,0,0
1579,control,adwin,0,0
1579,control,mcusum,0,0
1579,control,sketch1,0,0
1580,control,always_multiD,0,0
1580,control,union4_bonf,0,2
1580,control,dci_v3,0,2
1580,control,dci_v3_a8,0,2
1580,control,best_axis_oracle,0,0
1580,control,every_k2,0,0
1580,control,adwin,0,0
1580,control,mcusum,0,0
1580,control,sketch1,0,2
1581,control,always_multiD,0,2
1581,control,union4_bonf,0,2
1581,control,dci_v3,0,2
1581,control,dci_v3_a8,0,2
1581,control,best_axis_oracle,0,0
1581,control,every_k2,0,1
1581,control,adwin,0,0
1581,control,mcusum,0,2
1581,control,sketch1,0,2
1582,control,always_multiD,0,0
1582,control,union4_bonf,0,0
1582,control,dci_v3,0,0
1582,control,dci_v3_a8,0,0
1582,control,best_axis_oracle,0,0
1582,control,every_k2,0,0
1582,control,adwin,0,0
1582,control,mcusum,0,0
1582,control,sketch1,0,0
1583,control,always_multiD,0,6
1583,control,union4_bonf,0,8
1583,control,dci_v3,0,8
1583,control,dci_v3_a8,0,7
1583,control,best_axis_oracle,0,0
1583,control,every_k2,0,3
1583,control,adwin,0,0
1583,control,mcusum,0,6
1583,control,sketch1,0,8
1584,control,always_multiD,0,2
1584,control,union4_bonf,0,2
1584,control,dci_v3,0,2
1584,control,dci_v3_a8,0,2
1584,control,best_axis_oracle,0,0
1584,control,every_k2,0,1
1584,control,adwin,0,0
1584,control,mcusum,0,0
1584,control,sketch1,0,2
1585,control,always_multiD,0,8
1585,control,union4_bonf,0,8
1585,control,dci_v3,0,8
1585,control,dci_v3_a8,0,8
1585,control,best_axis_oracle,0,0
1585,control,every_k2,0,3
1585,control,adwin,0,0
1585,control,mcusum,0,8
1585,control,sketch1,0,8
1586,control,always_multiD,0,0
1586,control,union4_bonf,0,0
1586,control,dci_v3,0,0
1586,control,dci_v3_a8,0,0
1586,control,best_axis_oracle,0,0
1586,control,every_k2,0,0
1586,control,adwin,0,0
1586,control,mcusum,0,0
1586,control,sketch1,0,0
1587,control,always_multiD,0,0
1587,control,union4_bonf,0,0
1587,control,dci_v3,0,0
1587,control,dci_v3_a8,0,0
1587,control,best_axis_oracle,0,0
1587,control,every_k2,0,0
1587,control,adwin,0,0
1587,control,mcusum,0,0
1587,control,sketch1,0,0
1588,control,always_multiD,0,0
1588,control,union4_bonf,0,0
1588,control,dci_v3,0,0
1588,control,dci_v3_a8,0,0
1588,control,best_axis_oracle,0,0
1588,control,every_k2,0,0
1588,control,adwin,0,0
1588,control,mcusum,0,0
1588,control,sketch1,0,0
1589,control,always_multiD,0,7
1589,control,union4_bonf,0,7
1589,control,dci_v3,0,7
1589,control,dci_v3_a8,0,7
1589,control,best_axis_oracle,0,0
1589,control,every_k2,0,4
1589,control,adwin,0,0
1589,control,mcusum,0,7
1589,control,sketch1,0,7
1590,control,always_multiD,0,0
1590,control,union4_bonf,0,0
1590,control,dci_v3,0,0
1590,control,dci_v3_a8,0,0
1590,control,best_axis_oracle,0,0
1590,control,every_k2,0,0
1590,control,adwin,0,0
1590,control,mcusum,0,0
1590,control,sketch1,0,0
1591,control,always_multiD,0,4
1591,control,union4_bonf,0,4
1591,control,dci_v3,0,4
1591,control,dci_v3_a8,0,4
1591,control,best_axis_oracle,0,0
1591,control,every_k2,0,2
1591,control,adwin,0,0
1591,control,mcusum,0,4
1591,control,sketch1,0,4
1592,control,always_multiD,0,1
1592,control,union4_bonf,0,0
1592,control,dci_v3,0,0
1592,control,dci_v3_a8,0,0
1592,control,best_axis_oracle,0,0
1592,control,every_k2,0,1
1592,control,adwin,0,0
1592,control,mcusum,0,0
1592,control,sketch1,0,3
1593,control,always_multiD,0,0
1593,control,union4_bonf,0,0
1593,control,dci_v3,0,0
1593,control,dci_v3_a8,0,0
1593,control,best_axis_oracle,0,0
1593,control,every_k2,0,0
1593,control,adwin,0,0
1593,control,mcusum,0,0
1593,control,sketch1,0,0
1594,control,always_multiD,0,0
1594,control,union4_bonf,0,0
1594,control,dci_v3,0,0
1594,control,dci_v3_a8,0,0
1594,control,best_axis_oracle,0,0
1594,control,every_k2,0,0
1594,control,adwin,0,0
1594,control,mcusum,0,0
1594,control,sketch1,0,0
1595,control,always_multiD,0,0
1595,control,union4_bonf,0,0
1595,control,dci_v3,0,0
1595,control,dci_v3_a8,0,0
1595,control,best_axis_oracle,0,0
1595,control,every_k2,0,0
1595,control,adwin,0,0
1595,control,mcusum,0,0
1595,control,sketch1,0,0
1596,control,always_multiD,0,0
1596,control,union4_bonf,0,0
1596,control,dci_v3,0,0
1596,control,dci_v3_a8,0,0
1596,control,best_axis_oracle,0,0
1596,control,every_k2,0,0
1596,control,adwin,0,0
1596,control,mcusum,0,0
1596,control,sketch1,0,0
1597,control,always_multiD,0,2
1597,control,union4_bonf,0,2
1597,control,dci_v3,0,2
1597,control,dci_v3_a8,0,2
1597,control,best_axis_oracle,0,0
1597,control,every_k2,0,1
1597,control,adwin,0,0
1597,control,mcusum,0,0
1597,control,sketch1,0,2
1598,control,always_multiD,0,6
1598,control,union4_bonf,0,8
1598,control,dci_v3,0,8
1598,control,dci_v3_a8,0,8
1598,control,best_axis_oracle,0,0
1598,control,every_k2,0,3
1598,control,adwin,0,0
1598,control,mcusum,0,6
1598,control,sketch1,0,8
1599,control,always_multiD,0,0
1599,control,union4_bonf,0,0
1599,control,dci_v3,0,0
1599,control,dci_v3_a8,0,0
1599,control,best_axis_oracle,0,0
1599,control,every_k2,0,0
1599,control,adwin,0,0
1599,control,mcusum,0,0
1599,control,sketch1,0,0
1600,control,always_multiD,0,0
1600,control,union4_bonf,0,0
1600,control,dci_v3,0,0
1600,control,dci_v3_a8,0,0
1600,control,best_axis_oracle,0,0
1600,control,every_k2,0,0
1600,control,adwin,0,0
1600,control,mcusum,0,0
1600,control,sketch1,0,0
1601,control,always_multiD,0,2
1601,control,union4_bonf,0,2
1601,control,dci_v3,0,2
1601,control,dci_v3_a8,0,2
1601,control,best_axis_oracle,0,0
1601,control,every_k2,0,1
1601,control,adwin,0,0
1601,control,mcusum,0,0
1601,control,sketch1,0,2
1602,control,always_multiD,0,0
1602,control,union4_bonf,0,1
1602,control,dci_v3,0,1
1602,control,dci_v3_a8,0,1
1602,control,best_axis_oracle,0,0
1602,control,every_k2,0,0
1602,control,adwin,0,0
1602,control,mcusum,0,0
1602,control,sketch1,0,1
1603,control,always_multiD,0,2
1603,control,union4_bonf,0,3
1603,control,dci_v3,0,3
1603,control,dci_v3_a8,0,3
1603,control,best_axis_oracle,0,0
1603,control,every_k2,0,1
1603,control,adwin,0,0
1603,control,mcusum,0,0
1603,control,sketch1,0,3
1604,control,always_multiD,0,1
1604,control,union4_bonf,0,0
1604,control,dci_v3,0,0
1604,control,dci_v3_a8,0,0
1604,control,best_axis_oracle,0,0
1604,control,every_k2,0,0
1604,control,adwin,0,0
1604,control,mcusum,0,0
1604,control,sketch1,0,1
1605,control,always_multiD,0,1
1605,control,union4_bonf,0,0
1605,control,dci_v3,0,0
1605,control,dci_v3_a8,0,0
1605,control,best_axis_oracle,0,0
1605,control,every_k2,0,0
1605,control,adwin,0,0
1605,control,mcusum,0,0
1605,control,sketch1,0,0
1606,control,always_multiD,0,6
1606,control,union4_bonf,0,13
1606,control,dci_v3,0,13
1606,control,dci_v3_a8,0,13
1606,control,best_axis_oracle,0,0
1606,control,every_k2,0,4
1606,control,adwin,0,0
1606,control,mcusum,0,1
1606,control,sketch1,0,13
1607,control,always_multiD,0,6
1607,control,union4_bonf,0,6
1607,control,dci_v3,0,6
1607,control,dci_v3_a8,0,7
1607,control,best_axis_oracle,0,0
1607,control,every_k2,0,4
1607,control,adwin,0,0
1607,control,mcusum,0,0
1607,control,sketch1,0,2
1608,control,always_multiD,0,1
1608,control,union4_bonf,0,3
1608,control,dci_v3,0,3
1608,control,dci_v3_a8,0,2
1608,control,best_axis_oracle,0,0
1608,control,every_k2,0,1
1608,control,adwin,0,0
1608,control,mcusum,0,0
1608,control,sketch1,0,2
1609,control,always_multiD,0,2
1609,control,union4_bonf,0,2
1609,control,dci_v3,0,2
1609,control,dci_v3_a8,0,2
1609,control,best_axis_oracle,0,0
1609,control,every_k2,0,1
1609,control,adwin,0,0
1609,control,mcusum,0,0
1609,control,sketch1,0,0
1610,control,always_multiD,0,0
1610,control,union4_bonf,0,0
1610,control,dci_v3,0,0
1610,control,dci_v3_a8,0,0
1610,control,best_axis_oracle,0,0
1610,control,every_k2,0,0
1610,control,adwin,0,0
1610,control,mcusum,0,0
1610,control,sketch1,0,1
1611,control,always_multiD,0,3
1611,control,union4_bonf,0,3
1611,control,dci_v3,0,3
1611,control,dci_v3_a8,0,3
1611,control,best_axis_oracle,0,0
1611,control,every_k2,0,1
1611,control,adwin,0,0
1611,control,mcusum,0,0
1611,control,sketch1,0,1
1612,control,always_multiD,0,1
1612,control,union4_bonf,0,1
1612,control,dci_v3,0,1
1612,control,dci_v3_a8,0,1
1612,control,best_axis_oracle,0,0
1612,control,every_k2,0,1
1612,control,adwin,0,0
1612,control,mcusum,0,0
1612,control,sketch1,0,0
1613,control,always_multiD,0,10
1613,control,union4_bonf,0,3
1613,control,dci_v3,0,8
1613,control,dci_v3_a8,0,8
1613,control,best_axis_oracle,0,0
1613,control,every_k2,0,5
1613,control,adwin,0,0
1613,control,mcusum,0,2
1613,control,sketch1,0,6
1614,control,always_multiD,0,3
1614,control,union4_bonf,0,2
1614,control,dci_v3,0,2
1614,control,dci_v3_a8,0,2
1614,control,best_axis_oracle,0,0
1614,control,every_k2,0,2
1614,control,adwin,0,0
1614,control,mcusum,0,1
1614,control,sketch1,0,2
1615,control,always_multiD,0,0
1615,control,union4_bonf,0,0
1615,control,dci_v3,0,0
1615,control,dci_v3_a8,0,0
1615,control,best_axis_oracle,0,0
1615,control,every_k2,0,0
1615,control,adwin,0,0
1615,control,mcusum,0,0
1615,control,sketch1,0,0
1616,control,always_multiD,0,7
1616,control,union4_bonf,0,2
1616,control,dci_v3,0,2
1616,control,dci_v3_a8,0,2
1616,control,best_axis_oracle,0,0
1616,control,every_k2,0,3
1616,control,adwin,0,0
1616,control,mcusum,0,0
1616,control,sketch1,0,1
1617,control,always_multiD,0,0
1617,control,union4_bonf,0,1
1617,control,dci_v3,0,1
1617,control,dci_v3_a8,0,1
1617,control,best_axis_oracle,0,0
1617,control,every_k2,0,0
1617,control,adwin,0,0
1617,control,mcusum,0,0
1617,control,sketch1,0,0
1618,control,always_multiD,0,9
1618,control,union4_bonf,0,9
1618,control,dci_v3,0,9
1618,control,dci_v3_a8,0,9
1618,control,best_axis_oracle,0,0
1618,control,every_k2,0,4
1618,control,adwin,0,0
1618,control,mcusum,0,1
1618,control,sketch1,0,6
1619,control,always_multiD,0,0
1619,control,union4_bonf,0,2
1619,control,dci_v3,0,2
1619,control,dci_v3_a8,0,1
1619,control,best_axis_oracle,0,0
1619,control,every_k2,0,0
1619,control,adwin,0,0
1619,control,mcusum,0,0
1619,control,sketch1,0,0
1620,control,always_multiD,0,0
1620,control,union4_bonf,0,0
1620,control,dci_v3,0,0
1620,control,dci_v3_a8,0,0
1620,control,best_axis_oracle,0,0
1620,control,every_k2,0,0
1620,control,adwin,0,0
1620,control,mcusum,0,0
1620,control,sketch1,0,0
1621,control,always_multiD,0,0
1621,control,union4_bonf,0,0
1621,control,dci_v3,0,0
1621,control,dci_v3_a8,0,0
1621,control,best_axis_oracle,0,0
1621,control,every_k2,0,0
1621,control,adwin,0,0
1621,control,mcusum,0,0
1621,control,sketch1,0,0
1622,control,always_multiD,0,0
1622,control,union4_bonf,0,0
1622,control,dci_v3,0,0
1622,control,dci_v3_a8,0,0
1622,control,best_axis_oracle,0,0
1622,control,every_k2,0,0
1622,control,adwin,0,0
1622,control,mcusum,0,0
1622,control,sketch1,0,0
1623,control,always_multiD,0,1
1623,control,union4_bonf,0,0
1623,control,dci_v3,0,0
1623,control,dci_v3_a8,0,0
1623,control,best_axis_oracle,0,0
1623,control,every_k2,0,0
1623,control,adwin,0,0
1623,control,mcusum,0,0
1623,control,sketch1,0,1
1624,control,always_multiD,0,1
1624,control,union4_bonf,0,1
1624,control,dci_v3,0,1
1624,control,dci_v3_a8,0,1
1624,control,best_axis_oracle,0,0
1624,control,every_k2,0,1
1624,control,adwin,0,0
1624,control,mcusum,0,0
1624,control,sketch1,0,0
1625,control,always_multiD,0,0
1625,control,union4_bonf,0,0
1625,control,dci_v3,0,0
1625,control,dci_v3_a8,0,0
1625,control,best_axis_oracle,0,0
1625,control,every_k2,0,0
1625,control,adwin,0,0
1625,control,mcusum,0,0
1625,control,sketch1,0,1
1626,control,always_multiD,0,2
1626,control,union4_bonf,0,3
1626,control,dci_v3,0,3
1626,control,dci_v3_a8,0,3
1626,control,best_axis_oracle,0,0
1626,control,every_k2,0,0
1626,control,adwin,0,0
1626,control,mcusum,0,0
1626,control,sketch1,0,0
1627,control,always_multiD,0,1
1627,control,union4_bonf,0,0
1627,control,dci_v3,0,0
1627,control,dci_v3_a8,0,0
1627,control,best_axis_oracle,0,0
1627,control,every_k2,0,1
1627,control,adwin,0,0
1627,control,mcusum,0,0
1627,control,sketch1,0,1
1628,control,always_multiD,0,2
1628,control,union4_bonf,0,2
1628,control,dci_v3,0,2
1628,control,dci_v3_a8,0,2
1628,control,best_axis_oracle,0,0
1628,control,every_k2,0,2
1628,control,adwin,0,0
1628,control,mcusum,0,0
1628,control,sketch1,0,2
1629,control,always_multiD,0,1
1629,control,union4_bonf,0,0
1629,control,dci_v3,0,0
1629,control,dci_v3_a8,0,0
1629,control,best_axis_oracle,0,0
1629,control,every_k2,0,0
1629,control,adwin,0,0
1629,control,mcusum,0,0
1629,control,sketch1,0,1
1630,control,always_multiD,0,0
1630,control,union4_bonf,0,0
1630,control,dci_v3,0,0
1630,control,dci_v3_a8,0,0
1630,control,best_axis_oracle,0,0
1630,control,every_k2,0,0
1630,control,adwin,0,0
1630,control,mcusum,0,0
1630,control,sketch1,0,0
1631,control,always_multiD,0,1
1631,control,union4_bonf,0,1
1631,control,dci_v3,0,2
1631,control,dci_v3_a8,0,2
1631,control,best_axis_oracle,0,0
1631,control,every_k2,0,0
1631,control,adwin,0,0
1631,control,mcusum,0,0
1631,control,sketch1,0,2
1632,control,always_multiD,0,0
1632,control,union4_bonf,0,0
1632,control,dci_v3,0,0
1632,control,dci_v3_a8,0,0
1632,control,best_axis_oracle,0,0
1632,control,every_k2,0,0
1632,control,adwin,0,0
1632,control,mcusum,0,0
1632,control,sketch1,0,0
1633,control,always_multiD,0,2
1633,control,union4_bonf,0,2
1633,control,dci_v3,0,2
1633,control,dci_v3_a8,0,2
1633,control,best_axis_oracle,0,0
1633,control,every_k2,0,2
1633,control,adwin,0,0
1633,control,mcusum,0,0
1633,control,sketch1,0,1
1634,control,always_multiD,0,21
1634,control,union4_bonf,0,19
1634,control,dci_v3,0,19
1634,control,dci_v3_a8,0,20
1634,control,best_axis_oracle,0,0
1634,control,every_k2,0,10
1634,control,adwin,0,0
1634,control,mcusum,0,3
1634,control,sketch1,0,21
1635,control,always_multiD,0,0
1635,control,union4_bonf,0,1
1635,control,dci_v3,0,1
1635,control,dci_v3_a8,0,1
1635,control,best_axis_oracle,0,0
1635,control,every_k2,0,0
1635,control,adwin,0,0
1635,control,mcusum,0,0
1635,control,sketch1,0,0
1636,control,always_multiD,0,0
1636,control,union4_bonf,0,0
1636,control,dci_v3,0,0
1636,control,dci_v3_a8,0,0
1636,control,best_axis_oracle,0,0
1636,control,every_k2,0,0
1636,control,adwin,0,0
1636,control,mcusum,0,0
1636,control,sketch1,0,1
1637,control,always_multiD,0,2
1637,control,union4_bonf,0,2
1637,control,dci_v3,0,2
1637,control,dci_v3_a8,0,2
1637,control,best_axis_oracle,0,0
1637,control,every_k2,0,1
1637,control,adwin,0,0
1637,control,mcusum,0,0
1637,control,sketch1,0,2
1638,control,always_multiD,0,4
1638,control,union4_bonf,0,2
1638,control,dci_v3,0,2
1638,control,dci_v3_a8,0,2
1638,control,best_axis_oracle,0,0
1638,control,every_k2,0,2
1638,control,adwin,0,0
1638,control,mcusum,0,0
1638,control,sketch1,0,1
1639,control,always_multiD,0,0
1639,control,union4_bonf,0,0
1639,control,dci_v3,0,0
1639,control,dci_v3_a8,0,0
1639,control,best_axis_oracle,0,0
1639,control,every_k2,0,0
1639,control,adwin,0,0
1639,control,mcusum,0,0
1639,control,sketch1,0,0
1640,control,always_multiD,0,4
1640,control,union4_bonf,0,4
1640,control,dci_v3,0,4
1640,control,dci_v3_a8,0,4
1640,control,best_axis_oracle,0,0
1640,control,every_k2,0,2
1640,control,adwin,0,0
1640,control,mcusum,0,0
1640,control,sketch1,0,4
1641,control,always_multiD,0,1
1641,control,union4_bonf,0,1
1641,control,dci_v3,0,1
1641,control,dci_v3_a8,0,1
1641,control,best_axis_oracle,0,0
1641,control,every_k2,0,1
1641,control,adwin,0,0
1641,control,mcusum,0,0
1641,control,sketch1,0,1
1642,control,always_multiD,0,2
1642,control,union4_bonf,0,2
1642,control,dci_v3,0,2
1642,control,dci_v3_a8,0,2
1642,control,best_axis_oracle,0,0
1642,control,every_k2,0,2
1642,control,adwin,0,0
1642,control,mcusum,0,0
1642,control,sketch1,0,3
1643,control,always_multiD,0,0
1643,control,union4_bonf,0,0
1643,control,dci_v3,0,0
1643,control,dci_v3_a8,0,0
1643,control,best_axis_oracle,0,0
1643,control,every_k2,0,0
1643,control,adwin,0,0
1643,control,mcusum,0,0
1643,control,sketch1,0,0
1644,control,always_multiD,0,3
1644,control,union4_bonf,0,2
1644,control,dci_v3,0,2
1644,control,dci_v3_a8,0,2
1644,control,best_axis_oracle,0,0
1644,control,every_k2,0,1
1644,control,adwin,0,0
1644,control,mcusum,0,0
1644,control,sketch1,0,0
1645,control,always_multiD,0,4
1645,control,union4_bonf,0,5
1645,control,dci_v3,0,5
1645,control,dci_v3_a8,0,5
1645,control,best_axis_oracle,0,0
1645,control,every_k2,0,2
1645,control,adwin,0,0
1645,control,mcusum,0,0
1645,control,sketch1,0,2
1646,control,always_multiD,0,3
1646,control,union4_bonf,0,4
1646,control,dci_v3,0,4
1646,control,dci_v3_a8,0,4
1646,control,best_axis_oracle,0,0
1646,control,every_k2,0,1
1646,control,adwin,0,0
1646,control,mcusum,0,0
1646,control,sketch1,0,3
1647,control,always_multiD,0,9
1647,control,union4_bonf,0,10
1647,control,dci_v3,0,10
1647,control,dci_v3_a8,0,10
1647,control,best_axis_oracle,0,0
1647,control,every_k2,0,4
1647,control,adwin,0,0
1647,control,mcusum,0,1
1647,control,sketch1,0,8
1648,control,always_multiD,0,0
1648,control,union4_bonf,0,0
1648,control,dci_v3,0,0
1648,control,dci_v3_a8,0,0
1648,control,best_axis_oracle,0,0
1648,control,every_k2,0,0
1648,control,adwin,0,0
1648,control,mcusum,0,0
1648,control,sketch1,0,0
1649,control,always_multiD,0,0
1649,control,union4_bonf,0,0
1649,control,dci_v3,0,0
1649,control,dci_v3_a8,0,0
1649,control,best_axis_oracle,0,0
1649,control,every_k2,0,0
1649,control,adwin,0,0
1649,control,mcusum,0,0
1649,control,sketch1,0,0
1650,control,always_multiD,0,1
1650,control,union4_bonf,0,0
1650,control,dci_v3,0,0
1650,control,dci_v3_a8,0,1
1650,control,best_axis_oracle,0,0
1650,control,every_k2,0,1
1650,control,adwin,0,0
1650,control,mcusum,0,0
1650,control,sketch1,0,1
1651,control,always_multiD,0,0
1651,control,union4_bonf,0,0
1651,control,dci_v3,0,0
1651,control,dci_v3_a8,0,0
1651,control,best_axis_oracle,0,0
1651,control,every_k2,0,0
1651,control,adwin,0,0
1651,control,mcusum,0,0
1651,control,sketch1,0,0
1652,control,always_multiD,0,1
1652,control,union4_bonf,0,1
1652,control,dci_v3,0,1
1652,control,dci_v3_a8,0,1
1652,control,best_axis_oracle,0,0
1652,control,every_k2,0,0
1652,control,adwin,0,0
1652,control,mcusum,0,0
1652,control,sketch1,0,0
1653,control,always_multiD,0,0
1653,control,union4_bonf,0,1
1653,control,dci_v3,0,1
1653,control,dci_v3_a8,0,1
1653,control,best_axis_oracle,0,0
1653,control,every_k2,0,0
1653,control,adwin,0,0
1653,control,mcusum,0,0
1653,control,sketch1,0,0
1654,control,always_multiD,0,2
1654,control,union4_bonf,0,2
1654,control,dci_v3,0,2
1654,control,dci_v3_a8,0,2
1654,control,best_axis_oracle,0,0
1654,control,every_k2,0,1
1654,control,adwin,0,0
1654,control,mcusum,0,2
1654,control,sketch1,0,2
1655,control,always_multiD,0,0
1655,control,union4_bonf,0,0
1655,control,dci_v3,0,0
1655,control,dci_v3_a8,0,0
1655,control,best_axis_oracle,0,0
1655,control,every_k2,0,0
1655,control,adwin,0,0
1655,control,mcusum,0,0
1655,control,sketch1,0,0
1656,control,always_multiD,0,0
1656,control,union4_bonf,0,0
1656,control,dci_v3,0,0
1656,control,dci_v3_a8,0,0
1656,control,best_axis_oracle,0,0
1656,control,every_k2,0,0
1656,control,adwin,0,0
1656,control,mcusum,0,0
1656,control,sketch1,0,0
1657,control,always_multiD,0,1
1657,control,union4_bonf,0,1
1657,control,dci_v3,0,1
1657,control,dci_v3_a8,0,1
1657,control,best_axis_oracle,0,0
1657,control,every_k2,0,1
1657,control,adwin,0,0
1657,control,mcusum,0,0
1657,control,sketch1,0,1
1658,control,always_multiD,0,0
1658,control,union4_bonf,0,1
1658,control,dci_v3,0,1
1658,control,dci_v3_a8,0,0
1658,control,best_axis_oracle,0,0
1658,control,every_k2,0,0
1658,control,adwin,0,0
1658,control,mcusum,0,0
1658,control,sketch1,0,1
1659,control,always_multiD,0,17
1659,control,union4_bonf,0,17
1659,control,dci_v3,0,17
1659,control,dci_v3_a8,0,17
1659,control,best_axis_oracle,0,0
1659,control,every_k2,0,8
1659,control,adwin,0,0
1659,control,mcusum,0,15
1659,control,sketch1,0,11
1660,control,always_multiD,0,0
1660,control,union4_bonf,0,0
1660,control,dci_v3,0,0
1660,control,dci_v3_a8,0,0
1660,control,best_axis_oracle,0,0
1660,control,every_k2,0,0
1660,control,adwin,0,0
1660,control,mcusum,0,0
1660,control,sketch1,0,0
1661,control,always_multiD,0,1
1661,control,union4_bonf,0,1
1661,control,dci_v3,0,1
1661,control,dci_v3_a8,0,1
1661,control,best_axis_oracle,0,0
1661,control,every_k2,0,0
1661,control,adwin,0,0
1661,control,mcusum,0,0
1661,control,sketch1,0,1
1662,control,always_multiD,0,1
1662,control,union4_bonf,0,1
1662,control,dci_v3,0,1
1662,control,dci_v3_a8,0,1
1662,control,best_axis_oracle,0,0
1662,control,every_k2,0,1
1662,control,adwin,0,0
1662,control,mcusum,0,0
1662,control,sketch1,0,1
1663,control,always_multiD,0,0
1663,control,union4_bonf,0,1
1663,control,dci_v3,0,1
1663,control,dci_v3_a8,0,0
1663,control,best_axis_oracle,0,0
1663,control,every_k2,0,0
1663,control,adwin,0,0
1663,control,mcusum,0,0
1663,control,sketch1,0,1
1664,control,always_multiD,0,0
1664,control,union4_bonf,0,1
1664,control,dci_v3,0,1
1664,control,dci_v3_a8,0,1
1664,control,best_axis_oracle,0,0
1664,control,every_k2,0,0
1664,control,adwin,0,0
1664,control,mcusum,0,0
1664,control,sketch1,0,0
1665,control,always_multiD,0,5
1665,control,union4_bonf,0,5
1665,control,dci_v3,0,5
1665,control,dci_v3_a8,0,4
1665,control,best_axis_oracle,0,0
1665,control,every_k2,0,3
1665,control,adwin,0,0
1665,control,mcusum,0,0
1665,control,sketch1,0,5
1666,control,always_multiD,0,0
1666,control,union4_bonf,0,0
1666,control,dci_v3,0,0
1666,control,dci_v3_a8,0,0
1666,control,best_axis_oracle,0,0
1666,control,every_k2,0,0
1666,control,adwin,0,0
1666,control,mcusum,0,0
1666,control,sketch1,0,0
1667,control,always_multiD,0,2
1667,control,union4_bonf,0,2
1667,control,dci_v3,0,2
1667,control,dci_v3_a8,0,2
1667,control,best_axis_oracle,0,0
1667,control,every_k2,0,1
1667,control,adwin,0,0
1667,control,mcusum,0,0
1667,control,sketch1,0,2
1668,control,always_multiD,0,2
1668,control,union4_bonf,0,2
1668,control,dci_v3,0,2
1668,control,dci_v3_a8,0,2
1668,control,best_axis_oracle,0,0
1668,control,every_k2,0,1
1668,control,adwin,0,0
1668,control,mcusum,0,0
1668,control,sketch1,0,2
1669,control,always_multiD,0,5
1669,control,union4_bonf,0,3
1669,control,dci_v3,0,3
1669,control,dci_v3_a8,0,4
1669,control,best_axis_oracle,0,0
1669,control,every_k2,0,1
1669,control,adwin,0,0
1669,control,mcusum,0,0
1669,control,sketch1,0,1
