id,arm,cluster_a,start_a,cluster_b,start_b,R_at_onset,DCI_at_onset,minR_onset_p2,esc_windows,b_SR,b_SV,b_ST,b_SA,b_SP
0,cross,96,30065,100,5065,0.7179,1.0,0.5216,6,0.4288,1.0,0.0,0.0,0.8879
1,cross,96,45065,100,6065,1.0,2.2408,1.0,0,0.3983,1.0,0.0,0.0,0.8879
2,cross,96,55065,100,16065,0.9295,1.0,0.9287,0,0.4559,1.0,0.0,0.0,0.8165
3,cross,96,17065,100,7065,0.9656,1.0001,0.9637,0,0.4289,1.0,0.0,0.0,0.8879
4,cross,96,33065,100,10065,0.965,1.0,0.9638,0,0.4305,1.0,0.0,0.0,0.8879
5,cross,96,39065,100,12065,1.2624,1.8366,0.7496,5,0.4188,1.0,0.0,0.0,0.8879
6,cross,96,24065,100,15065,0.7482,1.0,0.7482,0,0.3852,1.0,0.0,0.0,0.8879
7,cross,96,26065,100,13065,0.522,1.0001,0.522,0,0.3503,1.0,0.0,0.0,0.9101
8,cross,96,37065,100,65,0.8427,1.0,0.8426,0,0.4642,1.0,0.0,0.0,0.5804
9,cross,96,24065,100,20065,0.7482,1.0,0.7482,0,0.4411,1.0,0.0,0.0,0.8479
10,cross,96,8065,100,18065,0.9048,1.0,0.9048,0,0.4385,1.0,0.0,0.0,0.8879
11,cross,96,4065,31,6065,1.0,1.0894,1.0,0,0.4409,1.0,0.0,0.0,0.6519
12,cross,96,1065,31,1065,0.5976,1.5786,0.5604,0,0.345,1.0,0.0,0.0,0.8071
13,cross,96,45065,31,2065,1.0,2.2627,1.0,1,0.4494,1.0,0.0,0.0,0.629
14,cross,96,26065,31,1065,0.5222,1.0001,0.5222,0,0.3146,1.0,0.0,0.0,0.8071
15,cross,96,48065,31,8065,0.4378,1.0001,0.4378,0,0.4104,1.0,0.0,0.0,0.7655
16,cross,96,35065,31,1065,1.0,1.0716,1.0,0,0.3877,1.0,0.0,0.0,0.8071
17,cross,96,26065,31,2065,0.5216,1.0001,0.5216,0,0.4134,1.0,0.0,0.0,0.629
18,cross,96,20065,31,2065,0.7009,1.0,0.5605,0,0.4494,1.0,0.0,0.0,0.629
19,cross,96,11065,31,65,0.6091,1.0001,0.6091,0,0.4111,1.0,0.0,0.0,0.7777
20,cross,96,56065,31,65,0.9528,1.0005,0.9484,9,0.4111,1.0,0.0,0.0,0.7777
21,cross,96,1065,31,6065,0.6134,1.6025,0.5835,0,0.4171,1.0,0.0,0.0,0.6519
22,cross,96,48065,77,7065,0.4375,1.0001,0.4375,0,0.4597,1.0,0.0,0.0,0.7976
23,cross,96,24065,77,65,0.7482,1.0,0.7482,0,0.4089,1.0,0.0,0.0,0.8526
24,cross,96,57065,77,4065,0.695,1.0003,0.695,0,0.4638,1.0,0.0,0.0,0.5983
25,cross,96,18065,77,7065,0.3962,1.0001,0.3962,0,0.4597,1.0,0.0,0.0,0.7976
26,cross,96,23065,77,4065,0.7891,1.0,0.7891,0,0.4638,1.0,0.0,0.0,0.5983
27,cross,96,57065,77,7065,0.6951,1.0003,0.6951,0,0.4597,1.0,0.0,0.0,0.7976
28,cross,96,37065,77,3065,0.8427,1.0,0.8427,0,0.4686,1.0,0.0,0.0,0.6001
29,cross,96,16065,77,65,0.8863,1.0,0.8862,0,0.4349,1.0,0.0,0.0,0.8526
30,cross,96,7065,77,1065,0.5761,1.0001,0.3908,11,0.4639,1.0,0.0,0.0,0.631
31,cross,96,57065,77,4065,0.695,1.0003,0.695,0,0.4638,1.0,0.0,0.0,0.5983
32,cross,96,56065,77,7065,0.9535,1.0005,0.9482,9,0.4597,1.0,0.0,0.0,0.7976
33,cross,96,2065,178,1065,0.901,1.0001,0.901,0,0.3881,1.0,0.0,0.0,0.9202
34,cross,96,55065,178,4065,0.9295,1.0,0.9285,0,0.4517,1.0,0.0,0.0,0.6588
35,cross,96,2065,178,3065,0.9011,1.0001,0.9011,0,0.3531,1.0,0.0,0.0,0.571
36,cross,96,8065,178,2065,0.9048,1.0,0.9048,0,0.3819,1.0,0.0,0.0,0.792
37,cross,96,51065,178,2065,0.7904,1.0001,0.7904,0,0.3819,1.0,0.0,0.0,0.792
38,cross,96,42065,178,5065,0.9246,1.0,0.9246,0,0.4362,1.0,0.0,0.0,0.806
39,cross,96,40065,178,65,0.7915,1.0,0.7915,0,0.4545,1.0,0.0,0.0,0.6334
40,cross,96,24065,178,2065,0.7483,1.0,0.7483,0,0.3386,1.0,0.0,0.0,0.792
41,cross,96,51065,178,3065,0.7904,1.0001,0.7904,0,0.3936,1.0,0.0,0.0,0.571
42,cross,96,54065,178,65,0.646,1.1875,0.646,0,0.4545,1.0,0.0,0.0,0.6334
43,cross,96,26065,178,3065,0.5221,1.0001,0.5221,0,0.3241,1.0,0.0,0.0,0.571
44,cross,96,65,33,65,1.0,1.5978,1.0,7,0.1959,1.0,0.0,0.0,1.0
45,cross,96,55065,33,1065,0.9295,1.0,0.9288,0,0.4681,1.0,0.0,0.0,0.8594
46,cross,96,54065,33,1065,0.646,1.1875,0.646,0,0.4681,1.0,0.0,0.0,0.8594
47,cross,96,51065,33,1065,0.7903,1.0001,0.7903,0,0.4681,1.0,0.0,0.0,0.8594
48,cross,96,32065,33,4065,0.8604,1.0,0.8604,0,0.2819,1.0,0.0,0.0,0.9055
49,cross,96,4065,33,4065,1.0,1.1058,0.1094,11,0.3376,1.0,0.0,0.0,0.9055
50,cross,96,21065,33,1065,0.8724,1.0001,0.8724,0,0.4681,1.0,0.0,0.0,0.8594
51,cross,96,44065,33,4065,0.9042,1.0001,0.9041,0,0.3376,1.0,0.0,0.0,0.9055
52,cross,96,8065,33,3065,0.9048,1.0,0.9048,0,0.4588,1.0,0.0,0.0,0.5939
53,cross,96,9065,33,2065,0.8902,1.9981,0.7426,0,0.2054,1.0,0.0,0.0,1.0
54,cross,96,37065,33,2065,0.8429,1.0,0.8429,0,0.3243,1.0,0.0,0.0,1.0
55,cross,96,11065,3,2065,0.6096,1.0001,0.6095,0,0.1667,1.0,0.0,0.0,0.7902
56,cross,96,21065,3,1065,0.8729,1.0001,0.8728,0,0.1667,1.0,0.0,0.0,0.5889
57,cross,96,56065,3,2065,0.949,1.0005,0.9483,9,0.1667,1.0,0.0,0.0,0.7902
58,cross,96,14065,3,1065,0.383,1.4154,0.3495,1,0.1667,1.0,0.0,0.0,0.5889
59,cross,96,27065,3,65,0.6001,1.0,0.4883,5,0.1667,1.0,0.0,0.0,0.788
60,cross,96,31065,3,65,0.4737,1.0,0.3832,1,0.1667,1.0,0.0,0.0,0.788
61,cross,96,16065,3,2065,0.8859,1.0,0.8859,0,0.1667,1.0,0.0,0.0,0.7902
62,cross,96,52065,3,3065,0.8811,1.0,0.881,0,0.1667,1.0,0.0,0.0,0.5838
63,cross,96,35065,3,65,1.0,1.1008,1.0,0,0.1667,1.0,0.0,0.0,0.788
64,cross,96,35065,3,3065,1.0,1.1008,1.0,0,0.1667,1.0,0.0,0.0,0.5838
65,cross,96,46065,3,2065,0.9515,1.0001,0.9514,0,0.1667,1.0,0.0,0.0,0.7902
66,cross,96,33065,11,65,0.9652,1.0,0.9631,0,0.4591,1.0,0.0,0.0,0.704
67,cross,96,27065,11,65,0.7567,1.0,0.4625,8,0.4591,1.0,0.0,0.0,0.704
68,cross,96,33065,11,65,0.9652,1.0,0.9631,0,0.4591,1.0,0.0,0.0,0.704
69,cross,96,3065,11,65,0.4302,1.0006,0.4302,0,0.4591,1.0,0.0,0.0,0.704
70,cross,96,54065,11,1065,0.646,1.1875,0.646,0,0.4603,1.0,0.0,0.0,0.6056
71,cross,96,47065,11,3065,0.8295,1.0001,0.8295,0,0.4551,1.0,0.0,0.0,0.6909
72,cross,96,1065,11,2065,0.6197,1.6116,0.4965,0,0.4464,1.0,0.0,0.0,0.8908
73,cross,96,28065,11,3065,0.6053,1.0003,0.6053,0,0.4368,1.0,0.0,0.0,0.6909
74,cross,96,8065,11,1065,0.9048,1.0,0.9048,0,0.4603,1.0,0.0,0.0,0.6056
75,cross,96,42065,11,2065,0.9246,1.0,0.9245,0,0.4619,1.0,0.0,0.0,0.8908
76,cross,96,41065,11,65,0.8876,1.0001,0.8876,0,0.4591,1.0,0.0,0.0,0.704
77,cross,96,1065,56,65,0.5864,1.5611,0.5257,0,0.2953,1.0,0.0,0.0,0.6428
78,cross,96,39065,56,65,1.222,1.8253,0.4801,9,0.2953,1.0,0.0,0.0,0.6428
79,cross,96,53065,56,1065,0.9608,1.0,0.9604,0,0.2323,1.0,0.0,0.0,0.7135
80,cross,96,22065,56,2065,1.0,1.9717,0.1105,11,0.3701,1.0,0.0,0.0,0.7402
81,cross,96,29065,56,2065,0.8912,1.0001,0.8911,0,0.3224,1.0,0.0,0.0,0.7402
82,cross,96,39065,56,1065,1.1228,1.8016,0.6057,7,0.1754,1.0,0.0,0.0,0.7135
83,cross,96,23065,56,1065,0.7898,1.0,0.7897,0,0.2323,1.0,0.0,0.0,0.7135
84,cross,96,27065,56,65,0.696,1.0,0.4872,6,0.3483,1.0,0.0,0.0,0.6428
85,cross,96,45065,56,1065,1.0,2.1376,0.2726,11,0.2323,1.0,0.0,0.0,0.7135
86,cross,96,28065,56,65,0.6058,1.0003,0.6058,0,0.2953,1.0,0.0,0.0,0.6428
87,cross,96,29065,56,65,0.8912,1.0001,0.8911,0,0.2953,1.0,0.0,0.0,0.6428
88,cross,96,27065,16,2065,0.7384,1.0,0.4298,8,0.4258,1.0,0.0,0.0,0.7162
89,cross,96,14065,16,1065,0.3989,1.4668,0.3989,0,0.4157,1.0,0.0,0.0,0.6629
90,cross,96,37065,16,1065,0.8428,1.0,0.8428,0,0.4157,1.0,0.0,0.0,0.6629
91,cross,96,27065,16,2065,0.7384,1.0,0.4298,8,0.4258,1.0,0.0,0.0,0.7162
92,cross,96,44065,16,65,0.9042,1.0001,0.9041,0,0.4271,1.0,0.0,0.0,0.567
93,cross,96,55065,16,2065,0.9294,1.0,0.9284,0,0.4258,1.0,0.0,0.0,0.7162
94,cross,96,46065,16,65,0.9518,1.0001,0.9517,0,0.4271,1.0,0.0,0.0,0.567
95,cross,96,16065,16,2065,0.8863,1.0,0.8862,0,0.4258,1.0,0.0,0.0,0.7162
96,cross,96,56065,16,65,0.953,1.0005,0.9463,9,0.4271,1.0,0.0,0.0,0.567
97,cross,96,56065,16,2065,0.953,1.0005,0.9464,9,0.4258,1.0,0.0,0.0,0.7162
98,cross,96,13065,16,2065,1.0,1.9684,0.4124,9,0.4258,1.0,0.0,0.0,0.7162
99,cross,96,42065,53,65,0.9246,1.0,0.9245,0,0.4564,1.0,0.0,0.0,0.7928
100,cross,96,42065,53,1065,0.9246,1.0,0.9245,0,0.4483,1.0,0.0,0.0,0.8492
101,cross,96,34065,53,1065,0.7973,1.0001,0.7973,0,0.4483,1.0,0.0,0.0,0.8492
102,cross,96,26065,53,2065,0.5217,1.0001,0.5217,0,0.3944,1.0,0.0,0.0,0.6386
103,cross,96,12065,53,65,0.6964,1.0001,0.3548,9,0.4564,1.0,0.0,0.0,0.7928
104,cross,96,25065,53,65,0.9561,1.0,0.956,0,0.4564,1.0,0.0,0.0,0.7928
105,cross,96,6065,53,1065,0.4466,1.0003,0.4466,0,0.4273,1.0,0.0,0.0,0.8492
106,cross,96,27065,53,65,0.7552,1.0,0.4016,9,0.4564,1.0,0.0,0.0,0.7928
107,cross,96,41065,53,1065,0.8877,1.0001,0.8877,0,0.4483,1.0,0.0,0.0,0.8492
108,cross,96,54065,53,1065,0.646,1.1875,0.646,0,0.4483,1.0,0.0,0.0,0.8492
109,cross,96,33065,53,65,0.9651,1.0,0.9624,0,0.4564,1.0,0.0,0.0,0.7928
110,cross,96,44065,14,1065,0.9042,1.0001,0.9041,0,0.4477,1.0,0.0,0.0,0.5926
111,cross,96,24065,14,65,0.7483,1.0,0.7483,0,0.3304,1.0,0.0,0.0,0.7792
112,cross,96,53065,14,1065,0.9609,1.0,0.96,0,0.4477,1.0,0.0,0.0,0.5926
113,cross,96,13065,14,1065,1.0,1.9727,0.3684,9,0.4477,1.0,0.0,0.0,0.5926
114,cross,96,39065,14,1065,1.2624,1.8369,0.3434,10,0.4266,1.0,0.0,0.0,0.5926
115,cross,96,25065,14,65,0.956,1.0,0.9559,0,0.3745,1.0,0.0,0.0,0.7792
116,cross,96,1065,14,1065,0.6155,1.6055,0.4932,0,0.4266,1.0,0.0,0.0,0.5926
117,cross,96,28065,14,65,0.6057,1.0003,0.6057,0,0.3304,1.0,0.0,0.0,0.7792
118,cross,96,57065,14,1065,0.6951,1.0003,0.6951,0,0.4477,1.0,0.0,0.0,0.5926
119,cross,96,1065,14,1065,0.6155,1.6055,0.4932,0,0.4266,1.0,0.0,0.0,0.5926
120,cross,96,27065,14,1065,0.7505,1.0,0.418,9,0.4477,1.0,0.0,0.0,0.5926
121,cross,100,5065,96,3065,0.8775,1.0001,0.7311,0,0.4288,1.0,0.0,0.0,0.8879
122,cross,100,10065,96,38065,0.8971,1.0002,0.8866,0,0.4065,1.0,0.0,0.0,0.8879
123,cross,100,1065,96,51065,0.8243,1.0272,0.8243,0,0.4455,1.0,0.0,0.0,0.8468
124,cross,100,20065,96,32065,0.9559,1.0374,0.5727,0,0.4433,1.0,0.0,0.0,0.8892
125,cross,100,11065,96,29065,0.9661,1.0014,0.9322,0,0.4199,1.0,0.0,0.0,0.8879
126,cross,100,15065,96,53065,0.6643,1.0339,0.6643,0,0.4239,1.0,0.0,0.0,0.8879
127,cross,100,6065,96,25065,0.9841,1.0283,0.5847,0,0.4288,1.0,0.0,0.0,0.8879
128,cross,100,9065,96,2065,0.8576,1.0003,0.8415,0,0.4104,1.0,0.0,0.0,0.8879
129,cross,100,13065,96,51065,0.689,1.0152,0.689,0,0.4143,1.0,0.0,0.0,0.8879
130,cross,100,16065,96,17065,0.1863,1.0502,0.1863,1,0.4548,1.0,0.0,0.0,0.8966
131,cross,100,6065,96,20065,0.9841,1.0283,0.5847,0,0.4288,1.0,0.0,0.0,0.8879
132,cross,100,2065,31,8065,0.5591,1.0408,0.557,0,0.2007,1.0,0.0,0.0,0.8507
133,cross,100,65,31,2065,0.0852,1.4555,0.0852,18,0.2222,1.0,0.0,0.0,0.7678
134,cross,100,17065,31,5065,0.5839,1.0486,0.5449,0,0.1767,1.0,0.0,0.0,0.8033
135,cross,100,7065,31,3065,0.8385,1.0002,0.8385,0,0.1893,1.0,0.0,0.0,0.8749
136,cross,100,16065,31,7065,0.5361,1.0613,0.3081,5,0.1943,1.0,0.0,0.0,0.5854
137,cross,100,11065,31,2065,0.9781,1.0014,0.9638,0,0.2204,1.0,0.0,0.0,0.6901
138,cross,100,16065,31,7065,0.5361,1.0613,0.3081,5,0.1943,1.0,0.0,0.0,0.5854
139,cross,100,1065,31,2065,0.7987,1.0261,0.6964,0,0.1459,1.0,0.0,0.0,0.6598
140,cross,100,10065,31,1065,0.9431,1.0002,0.9205,0,0.2204,1.0,0.0,0.0,0.8758
141,cross,100,18065,31,8065,0.7013,1.1803,0.5794,0,0.1795,1.0,0.0,0.0,0.8507
142,cross,100,9065,31,4065,0.887,1.0003,0.882,0,0.2045,1.0,0.0,0.0,0.8343
143,cross,100,2065,77,65,0.5226,1.0373,0.5029,0,0.1486,1.0,0.0,0.0,0.9452
144,cross,100,9065,77,65,0.8959,1.0003,0.8869,0,0.1365,1.0,0.0,0.0,0.9452
145,cross,100,19065,77,4065,0.6469,1.0026,0.6329,0,0.1312,1.0,0.0,0.0,0.5885
146,cross,100,12065,77,6065,0.7241,1.0181,0.4694,0,0.2109,1.0,0.0,0.0,0.8861
147,cross,100,16065,77,3065,0.6163,1.0517,0.4697,8,0.1375,1.0,0.0,0.0,0.6423
148,cross,100,15065,77,1065,0.6777,1.0271,0.473,0,0.2742,1.0,0.0,0.0,0.6321
149,cross,100,16065,77,6065,0.6249,1.05,0.5485,0,0.1281,1.0,0.0,0.0,0.8875
150,cross,100,11065,77,5065,0.9757,1.0014,0.9404,0,0.2719,1.0,0.0,0.0,0.8095
151,cross,100,15065,77,2065,0.6193,1.0229,0.5249,5,0.1622,1.0,0.0,0.0,0.9075
152,cross,100,19065,77,3065,0.6436,1.0026,0.6294,0,0.1453,1.0,0.0,0.0,0.6497
153,cross,100,4065,77,2065,0.4746,1.0199,0.4159,0,0.1769,1.0,0.0,0.0,0.9075
154,cross,100,6065,178,2065,0.9814,1.0277,0.8714,0,0.158,1.0,0.0,0.0,0.9136
155,cross,100,13065,178,4065,0.7077,1.0152,0.6976,0,0.243,1.0,0.0,0.0,0.6599
156,cross,100,8065,178,4065,0.8474,1.0001,0.7801,0,0.1713,1.0,0.0,0.0,0.6599
157,cross,100,15065,178,4065,0.6567,1.025,0.4028,3,0.2223,1.0,0.0,0.0,0.6599
158,cross,100,12065,178,5065,0.7214,1.0153,0.476,0,0.1354,1.0,0.0,0.0,0.7991
159,cross,100,17065,178,1065,0.577,1.048,0.3658,2,0.1613,1.0,0.0,0.0,0.8879
160,cross,100,5065,178,4065,0.8224,1.0001,0.7467,0,0.1713,1.0,0.0,0.0,0.6599
161,cross,100,5065,178,3065,0.8264,1.0001,0.7773,0,0.182,1.0,0.0,0.0,0.6152
162,cross,100,20065,178,65,0.8985,1.0343,0.8906,0,0.1423,1.0,0.0,0.0,0.6103
163,cross,100,14065,178,3065,0.5611,1.0464,0.404,0,0.1859,1.0,0.0,0.0,0.6152
164,cross,100,10065,178,4065,0.9557,1.0002,0.9395,0,0.1582,1.0,0.0,0.0,0.6599
165,cross,100,19065,33,1065,0.644,1.0026,0.6424,0,0.1435,1.0,0.0,0.0,0.7917
166,cross,100,14065,33,65,0.6122,1.0603,0.6122,0,0.3839,1.0,0.0,0.0,0.8879
167,cross,100,6065,33,65,0.9837,1.0282,0.7579,0,0.3794,1.0,0.0,0.0,0.8879
168,cross,100,10065,33,1065,0.943,1.0002,0.943,0,0.2207,1.0,0.0,0.0,0.8085
169,cross,100,11065,33,1065,0.9744,1.0014,0.9712,0,0.298,1.0,0.0,0.0,0.8085
170,cross,100,12065,33,3065,0.7288,1.0167,0.3812,0,0.1783,1.0,0.0,0.0,0.626
171,cross,100,19065,33,65,0.5758,1.0027,0.5646,0,0.4175,1.0,0.0,0.0,0.8407
172,cross,100,65,33,1065,0.0921,1.4572,0.087,18,0.2997,1.0,0.0,0.0,0.7506
173,cross,100,3065,33,3065,0.6079,1.0383,0.4609,0,0.1862,1.0,0.0,0.0,0.626
174,cross,100,65,33,65,0.0983,1.4572,0.0983,18,0.3643,1.0,0.0,0.0,0.7737
175,cross,100,12065,33,65,0.5624,1.0322,0.5624,0,0.4041,1.0,0.0,0.0,0.8879
176,cross,100,9065,3,1065,0.8576,1.0003,0.6353,0,0.4104,1.0,0.0,0.0,0.6029
177,cross,100,9065,3,3065,0.8576,1.0003,0.6351,0,0.4104,1.0,0.0,0.0,0.5598
178,cross,100,10065,3,65,0.8971,1.0002,0.6474,3,0.4065,1.0,0.0,0.0,0.7898
179,cross,100,14065,3,3065,0.614,1.0618,0.614,0,0.4045,1.0,0.0,0.0,0.5598
180,cross,100,14065,3,1065,0.614,1.0618,0.614,0,0.4045,1.0,0.0,0.0,0.6029
181,cross,100,17065,3,2065,0.6726,1.0562,0.6726,0,0.3903,1.0,0.0,0.0,0.8019
182,cross,100,19065,3,65,0.572,1.0027,0.4338,8,0.4322,1.0,0.0,0.0,0.7979
183,cross,100,19065,3,3065,0.572,1.0027,0.4403,7,0.4322,1.0,0.0,0.0,0.5854
184,cross,100,14065,3,65,0.614,1.0618,0.614,0,0.4045,1.0,0.0,0.0,0.7898
185,cross,100,1065,3,2065,0.8351,1.027,0.8351,0,0.4235,1.0,0.0,0.0,0.8336
186,cross,100,6065,3,65,0.9839,1.0282,0.5824,0,0.4004,1.0,0.0,0.0,0.7898
187,cross,100,12065,11,1065,0.7286,1.017,0.4582,0,0.1847,1.0,0.0,0.0,0.5593
188,cross,100,4065,11,1065,0.4762,1.0199,0.4301,0,0.1856,1.0,0.0,0.0,0.5593
189,cross,100,11065,11,1065,0.9762,1.0014,0.9206,0,0.2627,1.0,0.0,0.0,0.5593
190,cross,100,11065,11,65,0.9764,1.0014,0.9196,0,0.2598,1.0,0.0,0.0,0.7389
191,cross,100,3065,11,3065,0.6026,1.0373,0.5061,0,0.1752,1.0,0.0,0.0,0.755
192,cross,100,17065,11,2065,0.6241,1.0521,0.3408,5,0.2687,1.0,0.0,0.0,0.8584
193,cross,100,14065,11,3065,0.5709,1.0482,0.5068,0,0.2121,1.0,0.0,0.0,0.755
194,cross,100,2065,11,2065,0.5638,1.0411,0.4024,0,0.2056,1.0,0.0,0.0,0.8584
195,cross,100,13065,11,65,0.7044,1.0152,0.6516,0,0.2733,1.0,0.0,0.0,0.7389
196,cross,100,10065,11,3065,0.9536,1.0002,0.9449,0,0.1688,1.0,0.0,0.0,0.755
197,cross,100,11065,11,1065,0.9762,1.0014,0.9206,0,0.2627,1.0,0.0,0.0,0.5593
198,cross,100,15065,56,2065,0.652,1.0247,0.3535,5,0.2136,1.0,0.0,0.0,0.8349
199,cross,100,20065,56,1065,0.9484,1.0369,0.6466,0,0.3828,1.0,0.0,0.0,0.7465
200,cross,100,15065,56,2065,0.652,1.0247,0.3535,5,0.2136,1.0,0.0,0.0,0.8349
201,cross,100,5065,56,65,0.8503,1.0001,0.8392,0,0.2543,1.0,0.0,0.0,0.6666
202,cross,100,18065,56,1065,0.7029,1.1863,0.5297,0,0.319,1.0,0.0,0.0,0.7135
203,cross,100,10065,56,1065,0.9213,1.0002,0.87,0,0.3142,1.0,0.0,0.0,0.7135
204,cross,100,19065,56,1065,0.5901,1.0027,0.5615,0,0.3618,1.0,0.0,0.0,0.7673
205,cross,100,13065,56,2065,0.713,1.0152,0.5427,0,0.1943,1.0,0.0,0.0,0.8349
206,cross,100,11065,56,65,0.9778,1.0014,0.9262,0,0.2283,1.0,0.0,0.0,0.6666
207,cross,100,19065,56,65,0.6001,1.0027,0.5921,0,0.3223,1.0,0.0,0.0,0.7003
208,cross,100,19065,56,1065,0.5901,1.0027,0.5615,0,0.3618,1.0,0.0,0.0,0.7673
209,cross,100,14065,16,65,0.5442,1.0437,0.4884,0,0.1443,1.0,0.0,0.0,0.6247
210,cross,100,12065,16,2065,0.7169,1.0149,0.3828,0,0.124,1.0,0.0,0.0,0.7436
211,cross,100,12065,16,65,0.718,1.015,0.3813,0,0.1263,1.0,0.0,0.0,0.6247
212,cross,100,9065,16,1065,0.8989,1.0003,0.8888,0,0.1121,1.0,0.0,0.0,0.7343
213,cross,100,9065,16,1065,0.8989,1.0003,0.8888,0,0.1121,1.0,0.0,0.0,0.7343
214,cross,100,4065,16,1065,0.4625,1.0198,0.4388,0,0.1128,1.0,0.0,0.0,0.7343
215,cross,100,17065,16,1065,0.5695,1.0474,0.3592,9,0.1444,1.0,0.0,0.0,0.7343
216,cross,100,9065,16,65,0.8978,1.0003,0.8872,0,0.1212,1.0,0.0,0.0,0.6247
217,cross,100,65,16,65,0.0807,1.4531,0.0807,18,0.1668,1.0,0.0,0.0,0.7584
218,cross,100,18065,16,1065,0.6989,1.177,0.5741,0,0.1134,1.0,0.0,0.0,0.7343
219,cross,100,16065,16,2065,0.6184,1.0513,0.5057,5,0.1354,1.0,0.0,0.0,0.7301
220,cross,100,2065,53,2065,0.5352,1.0368,0.4948,0,0.1396,1.0,0.0,0.0,0.6035
221,cross,100,14065,53,2065,0.5522,1.0449,0.5378,0,0.1637,1.0,0.0,0.0,0.6035
222,cross,100,9065,53,2065,0.8966,1.0003,0.8938,0,0.1309,1.0,0.0,0.0,0.6035
223,cross,100,8065,53,1065,0.8443,1.0001,0.7368,0,0.1639,1.0,0.0,0.0,0.8715
224,cross,100,3065,53,1065,0.5928,1.0358,0.5119,0,0.1573,1.0,0.0,0.0,0.8715
225,cross,100,10065,53,65,0.9526,1.0002,0.923,0,0.174,1.0,0.0,0.0,0.7604
226,cross,100,10065,53,2065,0.9609,1.0002,0.9504,0,0.1298,1.0,0.0,0.0,0.6035
227,cross,100,15065,53,65,0.6657,1.0257,0.3827,0,0.2413,1.0,0.0,0.0,0.7604
228,cross,100,4065,53,2065,0.466,1.0198,0.4025,0,0.1304,1.0,0.0,0.0,0.6035
229,cross,100,19065,53,65,0.6498,1.0026,0.6458,0,0.1186,1.0,0.0,0.0,0.8433
230,cross,100,17065,53,1065,0.6015,1.0502,0.3317,4,0.2165,1.0,0.0,0.0,0.8715
231,cross,100,10065,14,65,0.9682,1.0002,0.9167,0,0.0862,1.0,0.0,0.0,0.7792
232,cross,100,14065,14,1065,0.5625,1.0466,0.5058,0,0.1895,1.0,0.0,0.0,0.6651
233,cross,100,18065,14,65,0.6978,1.1757,0.5396,0,0.0885,1.0,0.0,0.0,0.7792
234,cross,100,13065,14,1065,0.7089,1.0152,0.6759,0,0.232,1.0,0.0,0.0,0.6651
235,cross,100,19065,14,65,0.6501,1.0026,0.6324,0,0.1172,1.0,0.0,0.0,0.79
236,cross,100,17065,14,65,0.5507,1.0458,0.2961,5,0.1025,1.0,0.0,0.0,0.7792
237,cross,100,17065,14,1065,0.6008,1.0501,0.3597,3,0.215,1.0,0.0,0.0,0.6651
238,cross,100,5065,14,1065,0.8189,1.0001,0.7189,0,0.1625,1.0,0.0,0.0,0.6651
239,cross,100,7065,14,1065,0.8217,1.0002,0.6583,0,0.1642,1.0,0.0,0.0,0.6651
240,cross,100,15065,14,1065,0.651,1.0246,0.3654,8,0.2117,1.0,0.0,0.0,0.6651
241,cross,100,19065,14,1065,0.6516,1.0026,0.6408,0,0.1107,1.0,0.0,0.0,0.6125
242,cross,31,1065,96,44065,1.0,1.6091,0.485,0,0.3511,1.0,0.0,0.0,0.7589
243,cross,31,3065,96,38065,1.0,1.8317,1.0,0,0.3869,1.0,0.0,0.0,0.6593
244,cross,31,2065,96,52065,0.6524,2.2234,0.6524,0,0.3969,1.0,0.0,0.0,0.8529
245,cross,31,8065,96,12065,1.0,1.4676,0.6637,0,0.4344,1.0,0.0,0.0,0.6755
246,cross,31,1065,96,19065,1.0,1.6615,0.6189,0,0.4116,1.0,0.0,0.0,0.7589
247,cross,31,3065,96,6065,1.0,1.8728,0.7457,0,0.419,1.0,0.0,0.0,0.6593
248,cross,31,6065,96,26065,0.5427,1.8603,0.5133,1,0.1722,1.0,0.0,0.0,0.7881
249,cross,31,65,96,33065,0.7808,1.8405,0.5387,1,0.4133,1.0,0.0,0.0,0.7639
250,cross,31,7065,96,18065,1.0,1.351,0.6195,0,0.3984,1.0,0.0,0.0,0.8071
251,cross,31,65,96,42065,0.8016,1.8064,0.5093,1,0.3792,1.0,0.0,0.0,0.7639
252,cross,31,3065,96,33065,1.0,1.8728,0.7457,0,0.419,1.0,0.0,0.0,0.6593
253,cross,31,7065,100,11065,1.0,1.2316,0.4045,0,0.1804,1.0,0.0,0.0,0.8572
254,cross,31,8065,100,10065,0.734,1.3604,0.734,0,0.1304,1.0,0.0,0.0,0.6692
255,cross,31,7065,100,8065,1.0,1.2402,1.0,0,0.2,1.0,0.0,0.0,0.8572
256,cross,31,65,100,1065,0.7093,1.6027,0.7093,1,0.1951,1.0,0.0,0.0,0.7491
257,cross,31,1065,100,9065,0.8903,1.4709,0.7854,0,0.1887,1.0,0.0,0.0,0.8268
258,cross,31,65,100,5065,0.6717,1.572,0.6717,1,0.1658,1.0,0.0,0.0,0.7565
259,cross,31,1065,100,65,1.0,1.5575,0.4323,0,0.2927,1.0,0.0,0.0,0.5598
260,cross,31,1065,100,20065,1.0,1.5341,0.832,0,0.2656,1.0,0.0,0.0,0.8338
261,cross,31,5065,100,1065,1.0,1.658,1.0,0,0.2516,1.0,0.0,0.0,0.83
262,cross,31,8065,100,20065,0.8413,1.3739,0.6445,0,0.167,1.0,0.0,0.0,0.6061
263,cross,31,6065,100,20065,0.7583,2.046,0.6595,0,0.3155,1.0,0.0,0.0,0.7924
264,cross,31,5065,77,1065,1.0,1.8123,0.8163,0,0.3321,1.0,0.0,0.0,0.6798
265,cross,31,4065,77,6065,1.0,1.4781,0.8456,0,0.252,1.0,0.0,0.0,0.8093
266,cross,31,2065,77,6065,0.6767,2.1721,0.4937,0,0.3183,1.0,0.0,0.0,0.8112
267,cross,31,3065,77,1065,1.0,1.6488,0.8466,0,0.2648,1.0,0.0,0.0,0.7182
268,cross,31,3065,77,5065,1.0,1.6351,0.7565,0,0.2557,1.0,0.0,0.0,0.7673
269,cross,31,4065,77,65,1.0,1.4282,0.98,1,0.1513,1.0,0.0,0.0,0.854
270,cross,31,7065,77,3065,1.0,1.3137,1.0,0,0.338,1.0,0.0,0.0,0.6233
271,cross,31,2065,77,2065,0.5974,1.9378,0.4662,0,0.1658,1.0,0.0,0.0,0.7867
272,cross,31,4065,77,1065,1.0,1.4738,0.9141,0,0.2436,1.0,0.0,0.0,0.7113
273,cross,31,4065,77,1065,1.0,1.4738,0.9141,0,0.2436,1.0,0.0,0.0,0.7113
274,cross,31,2065,77,4065,0.6766,2.165,0.4353,0,0.3118,1.0,0.0,0.0,0.6368
275,cross,31,1065,178,3065,0.811,1.4472,0.6996,0,0.1579,1.0,0.0,0.0,0.6
276,cross,31,7065,178,65,1.0,1.2798,1.0,0,0.279,1.0,0.0,0.0,0.6603
277,cross,31,3065,178,65,1.0,1.5838,1.0,0,0.2207,1.0,0.0,0.0,0.7771
278,cross,31,3065,178,5065,1.0,1.5131,1.0,0,0.1688,1.0,0.0,0.0,0.7192
279,cross,31,6065,178,4065,0.7252,2.0193,0.581,0,0.2926,1.0,0.0,0.0,0.698
280,cross,31,1065,178,3065,0.811,1.4472,0.6996,0,0.1579,1.0,0.0,0.0,0.6
281,cross,31,3065,178,65,1.0,1.5838,1.0,0,0.2207,1.0,0.0,0.0,0.7771
282,cross,31,5065,178,2065,1.0,1.4916,0.6842,0,0.1434,1.0,0.0,0.0,0.775
283,cross,31,7065,178,3065,1.0,1.2218,1.0,0,0.157,1.0,0.0,0.0,0.6715
284,cross,31,2065,178,65,0.6684,2.1119,0.5886,0,0.2707,1.0,0.0,0.0,0.6705
285,cross,31,3065,178,1065,1.0,1.4931,0.6955,0,0.153,1.0,0.0,0.0,0.6585
286,cross,31,8065,33,4065,1.2638,1.4165,1.0819,0,0.2948,1.0,0.0,0.0,0.6973
287,cross,31,7065,33,4065,1.0,1.2456,1.0,0,0.2116,1.0,0.0,0.0,0.8213
288,cross,31,3065,33,1065,1.0,1.6746,1.0,0,0.2817,1.0,0.0,0.0,0.7618
289,cross,31,4065,33,65,1.0,1.5459,0.7132,0,0.3764,1.0,0.0,0.0,0.8696
290,cross,31,6065,33,2065,0.583,1.8979,0.4302,2,0.1996,1.0,0.0,0.0,0.7881
291,cross,31,6065,33,3065,0.7601,2.0475,0.5792,0,0.3167,1.0,0.0,0.0,0.6432
292,cross,31,3065,33,3065,1.0,1.6083,0.7981,0,0.2376,1.0,0.0,0.0,0.7927
293,cross,31,65,33,1065,0.8011,1.7168,0.6249,1,0.2979,1.0,0.0,0.0,0.8353
294,cross,31,1065,33,3065,1.0,1.5349,0.4855,2,0.2665,1.0,0.0,0.0,0.633
295,cross,31,65,33,4065,0.7608,1.6534,0.7608,1,0.2416,1.0,0.0,0.0,0.8122
296,cross,31,65,33,2065,0.7754,1.6717,0.4765,2,0.258,1.0,0.0,0.0,0.7639
297,cross,31,1065,3,65,1.0,1.6316,0.6594,0,0.3767,1.0,0.0,0.0,0.8886
298,cross,31,8065,3,1065,1.0,1.4568,0.926,0,0.4082,1.0,0.0,0.0,0.859
299,cross,31,3065,3,65,1.0,1.8317,0.8843,0,0.3869,1.0,0.0,0.0,0.7237
300,cross,31,3065,3,2065,1.0,1.8317,0.8747,0,0.3869,1.0,0.0,0.0,0.7516
301,cross,31,1065,3,2065,1.0,1.6316,0.6484,0,0.3767,1.0,0.0,0.0,0.8339
302,cross,31,8065,3,1065,1.0,1.4568,0.926,0,0.4082,1.0,0.0,0.0,0.859
303,cross,31,4065,3,65,1.0,1.558,0.9043,0,0.398,1.0,0.0,0.0,0.8243
304,cross,31,1065,3,2065,1.0,1.6316,0.6484,0,0.3767,1.0,0.0,0.0,0.8339
305,cross,31,4065,3,3065,1.0,1.558,0.9009,0,0.398,1.0,0.0,0.0,0.6198
306,cross,31,7065,3,2065,1.0,1.3264,0.8676,0,0.3589,1.0,0.0,0.0,0.7886
307,cross,31,2065,3,2065,0.6704,2.206,0.6704,0,0.3571,1.0,0.0,0.0,0.8224
308,cross,31,7065,11,1065,1.0,1.2928,1.0,0,0.3024,1.0,0.0,0.0,0.5959
309,cross,31,5065,11,2065,1.0,1.7969,0.7618,0,0.3245,1.0,0.0,0.0,0.8015
310,cross,31,2065,11,1065,0.6748,2.1443,0.5448,0,0.2946,1.0,0.0,0.0,0.5889
311,cross,31,8065,11,2065,0.8961,1.38,0.6002,0,0.1843,1.0,0.0,0.0,0.7007
312,cross,31,8065,11,3065,0.8126,1.3705,0.589,0,0.1577,1.0,0.0,0.0,0.7654
313,cross,31,7065,11,2065,1.0,1.2976,1.0,0,0.3106,1.0,0.0,0.0,0.8442
314,cross,31,65,11,65,0.7768,1.6736,0.6929,1,0.2597,1.0,0.0,0.0,0.7483
315,cross,31,4065,11,3065,1.0,1.4539,1.0,0,0.2044,1.0,0.0,0.0,0.798
316,cross,31,6065,11,65,0.7645,2.051,0.6525,0,0.3199,1.0,0.0,0.0,0.7449
317,cross,31,65,11,2065,0.7862,1.6876,0.5849,1,0.2721,1.0,0.0,0.0,0.8154
318,cross,31,7065,11,2065,1.0,1.2976,1.0,0,0.3106,1.0,0.0,0.0,0.8442
319,cross,31,6065,56,65,0.5358,1.8536,0.5017,7,0.1674,1.0,0.0,0.0,0.682
320,cross,31,7065,56,1065,1.0,1.2565,0.773,6,0.2343,1.0,0.0,0.0,0.7506
321,cross,31,5065,56,1065,1.0,1.5812,0.7275,3,0.2058,1.0,0.0,0.0,0.7978
322,cross,31,5065,56,1065,1.0,1.5812,0.7275,3,0.2058,1.0,0.0,0.0,0.7978
323,cross,31,6065,56,65,0.5358,1.8536,0.5017,7,0.1674,1.0,0.0,0.0,0.682
324,cross,31,65,56,2065,0.7075,1.6011,0.5981,3,0.1936,1.0,0.0,0.0,0.8298
325,cross,31,8065,56,65,1.1875,1.4086,0.9185,6,0.2704,1.0,0.0,0.0,0.8089
326,cross,31,3065,56,65,1.0,1.5949,0.7945,7,0.2284,1.0,0.0,0.0,0.7242
327,cross,31,65,56,2065,0.7075,1.6011,0.5981,3,0.1936,1.0,0.0,0.0,0.8298
328,cross,31,1065,56,1065,1.0,1.5308,0.5832,6,0.2618,1.0,0.0,0.0,0.7936
329,cross,31,4065,56,65,1.0,1.4761,1.0,0,0.2481,1.0,0.0,0.0,0.6727
330,cross,31,5065,16,2065,1.0,1.594,0.7187,0,0.2138,1.0,0.0,0.0,0.7467
331,cross,31,4065,16,65,1.0,1.4218,1.0,0,0.1377,1.0,0.0,0.0,0.6636
332,cross,31,8065,16,1065,0.6733,1.3517,0.5684,0,0.1073,1.0,0.0,0.0,0.7343
333,cross,31,4065,16,1065,1.0,1.4153,1.0,0,0.1235,1.0,0.0,0.0,0.7159
334,cross,31,3065,16,1065,1.0,1.4706,0.7547,0,0.1346,1.0,0.0,0.0,0.7653
335,cross,31,8065,16,65,0.693,1.3546,0.5676,0,0.115,1.0,0.0,0.0,0.8464
336,cross,31,5065,16,65,1.0,1.5981,0.6727,0,0.2164,1.0,0.0,0.0,0.6386
337,cross,31,7065,16,1065,1.0,1.2311,1.0,0,0.1792,1.0,0.0,0.0,0.7575
338,cross,31,5065,16,1065,1.0,1.562,0.7662,0,0.1934,1.0,0.0,0.0,0.7363
339,cross,31,2065,16,65,0.6214,1.9861,0.4712,0,0.1932,1.0,0.0,0.0,0.6609
340,cross,31,65,16,1065,0.6446,1.5517,0.5757,1,0.1457,1.0,0.0,0.0,0.719
341,cross,31,7065,53,65,1.0,1.2849,1.0,0,0.2883,1.0,0.0,0.0,0.7865
342,cross,31,65,53,1065,0.7382,1.6293,0.475,1,0.2198,1.0,0.0,0.0,0.7724
343,cross,31,4065,53,2065,1.0,1.4308,1.0,0,0.1567,1.0,0.0,0.0,0.6878
344,cross,31,2065,53,1065,0.6606,2.0842,0.4974,0,0.2522,1.0,0.0,0.0,0.7727
345,cross,31,5065,53,2065,1.0,1.6453,0.9056,0,0.2445,1.0,0.0,0.0,0.5785
346,cross,31,6065,53,2065,0.6627,1.9677,0.5462,0,0.2516,1.0,0.0,0.0,0.6169
347,cross,31,3065,53,65,1.0,1.5993,0.8638,0,0.2315,1.0,0.0,0.0,0.7656
348,cross,31,3065,53,2065,1.0,1.5203,0.9322,0,0.1743,1.0,0.0,0.0,0.7508
349,cross,31,65,53,1065,0.7382,1.6293,0.475,1,0.2198,1.0,0.0,0.0,0.7724
350,cross,31,2065,53,65,0.6715,2.1255,0.503,0,0.2804,1.0,0.0,0.0,0.7458
351,cross,31,6065,53,2065,0.6627,1.9677,0.5462,0,0.2516,1.0,0.0,0.0,0.6169
352,cross,31,65,14,1065,0.7365,1.6276,0.5419,1,0.2182,1.0,0.0,0.0,0.6501
353,cross,31,4065,14,1065,1.0,1.443,1.0,0,0.1822,1.0,0.0,0.0,0.6636
354,cross,31,8065,14,1065,0.7604,1.364,0.6132,0,0.1398,1.0,0.0,0.0,0.8969
355,cross,31,4065,14,1065,1.0,1.443,1.0,0,0.1822,1.0,0.0,0.0,0.6636
356,cross,31,7065,14,1065,1.0,1.269,1.0,0,0.2588,1.0,0.0,0.0,0.691
357,cross,31,1065,14,1065,1.0041,1.504,0.5298,0,0.2298,1.0,0.0,0.0,0.6298
358,cross,31,6065,14,65,0.501,1.8194,0.501,0,0.1424,1.0,0.0,0.0,0.8651
359,cross,31,3065,14,1065,1.0,1.5577,0.7793,0,0.2021,1.0,0.0,0.0,0.7639
360,cross,31,4065,14,1065,1.0,1.443,1.0,0,0.1822,1.0,0.0,0.0,0.6636
361,cross,31,6065,14,65,0.501,1.8194,0.501,0,0.1424,1.0,0.0,0.0,0.8651
362,cross,31,6065,14,1065,0.7081,2.0054,0.5425,0,0.2812,1.0,0.0,0.0,0.6696
363,cross,77,5065,96,38065,1.0,1.6362,0.495,0,0.4457,1.0,0.0,0.0,0.8605
364,cross,77,7065,96,29065,0.815,1.4475,0.7231,0,0.4636,1.0,0.0,0.0,0.7298
365,cross,77,3065,96,30065,0.4384,1.6539,0.4384,0,0.4629,1.0,0.0,0.0,0.801
366,cross,77,4065,96,55065,0.7539,1.6835,0.6905,0,0.4216,1.0,0.0,0.0,0.8478
367,cross,77,2065,96,29065,0.4055,1.2651,0.4055,3,0.4262,1.0,0.0,0.0,0.825
368,cross,77,5065,96,47065,1.0,1.6362,0.5026,0,0.4457,1.0,0.0,0.0,0.8605
369,cross,77,65,96,46065,0.3982,1.6973,0.3794,0,0.4405,1.0,0.0,0.0,0.7791
370,cross,77,4065,96,55065,0.7539,1.6835,0.6905,0,0.4216,1.0,0.0,0.0,0.8478
371,cross,77,5065,96,29065,1.0,1.6198,0.7133,0,0.4615,1.0,0.0,0.0,0.8605
372,cross,77,1065,96,58065,0.5039,1.4346,0.5039,0,0.4621,1.0,0.0,0.0,0.5902
373,cross,77,65,96,12065,0.3982,1.6973,0.3982,0,0.4405,1.0,0.0,0.0,0.7791
374,cross,77,6065,100,18065,1.0,1.3996,0.4295,1,0.2065,1.0,0.0,0.0,0.7898
375,cross,77,7065,100,3065,1.0,1.4599,0.449,0,0.2067,1.0,0.0,0.0,0.7289
376,cross,77,65,100,3065,0.3081,1.9374,0.2091,7,0.1477,1.0,0.0,0.0,0.8838
377,cross,77,3065,100,14065,0.6352,1.8866,0.5733,0,0.2495,1.0,0.0,0.0,0.7866
378,cross,77,2065,100,19065,0.4223,1.29,0.4223,0,0.1947,1.0,0.0,0.0,0.9708
379,cross,77,5065,100,19065,1.0,1.6245,1.0,0,0.1321,1.0,0.0,0.0,0.8006
380,cross,77,7065,100,7065,1.0,1.4635,0.5457,6,0.2165,1.0,0.0,0.0,0.7289
381,cross,77,6065,100,17065,1.0,1.4348,0.5087,0,0.2802,1.0,0.0,0.0,0.7912
382,cross,77,4065,100,6065,0.8846,1.6472,0.5341,0,0.1902,1.0,0.0,0.0,0.8449
383,cross,77,4065,100,14065,0.8713,1.6265,0.5482,0,0.1446,1.0,0.0,0.0,0.8449
384,cross,77,5065,100,14065,1.0,1.713,0.5992,0,0.2449,1.0,0.0,0.0,0.8633
385,cross,77,3065,31,2065,0.653,1.8658,0.5548,0,0.1515,1.0,0.0,0.0,0.633
386,cross,77,4065,31,4065,0.8816,1.6404,0.5042,0,0.1746,1.0,0.0,0.0,0.7849
387,cross,77,1065,31,1065,1.0,1.446,0.4179,0,0.3193,1.0,0.0,0.0,0.5983
388,cross,77,6065,31,1065,1.0,1.4515,0.4179,0,0.3272,1.0,0.0,0.0,0.7908
389,cross,77,6065,31,2065,1.0,1.3732,1.0,0,0.1571,1.0,0.0,0.0,0.6826
390,cross,77,5065,31,5065,1.0,1.7232,1.0,0,0.3026,1.0,0.0,0.0,0.8393
391,cross,77,4065,31,4065,0.8816,1.6404,0.5042,0,0.1746,1.0,0.0,0.0,0.7849
392,cross,77,3065,31,5065,0.5942,1.8531,0.4224,0,0.3074,1.0,0.0,0.0,0.8141
393,cross,77,7065,31,65,1.0,1.4771,1.0,0,0.2628,1.0,0.0,0.0,0.7168
394,cross,77,1065,31,8065,1.0,1.4212,0.6036,0,0.2745,1.0,0.0,0.0,0.6108
395,cross,77,2065,31,6065,0.4254,1.2927,0.4171,0,0.1665,1.0,0.0,0.0,0.625
396,cross,77,5065,178,5065,1.0,1.6506,1.0,0,0.1579,1.0,0.0,0.0,0.7954
397,cross,77,7065,178,4065,1.0,1.431,0.9583,0,0.1441,1.0,0.0,0.0,0.7895
398,cross,77,2065,178,2065,0.4271,1.294,0.4231,0,0.1518,1.0,0.0,0.0,0.9731
399,cross,77,1065,178,3065,1.0,1.4337,1.0,0,0.2944,1.0,0.0,0.0,0.8822
400,cross,77,7065,178,4065,1.0,1.431,0.9583,0,0.1441,1.0,0.0,0.0,0.7895
401,cross,77,65,178,65,0.305,1.9383,0.2967,7,0.1413,1.0,0.0,0.0,0.6252
402,cross,77,4065,178,4065,0.8761,1.6322,0.808,0,0.1566,1.0,0.0,0.0,0.6334
403,cross,77,2065,178,4065,0.422,1.2897,0.422,0,0.1977,1.0,0.0,0.0,0.6404
404,cross,77,4065,178,2065,0.8725,1.6279,0.7722,0,0.1475,1.0,0.0,0.0,0.8775
405,cross,77,3065,178,3065,0.6041,1.8626,0.6041,0,0.2955,1.0,0.0,0.0,0.6451
406,cross,77,7065,178,4065,1.0,1.431,0.9583,0,0.1441,1.0,0.0,0.0,0.7895
407,cross,77,7065,33,2065,1.0574,1.4754,0.4383,0,0.3879,1.0,0.0,0.0,0.7298
408,cross,77,7065,33,65,0.8936,1.4591,0.4095,0,0.4373,1.0,0.0,0.0,0.7298
409,cross,77,65,33,1065,0.3266,1.9267,0.3266,7,0.186,1.0,0.0,0.0,0.8315
410,cross,77,1065,33,4065,1.0,1.4583,0.4118,2,0.3737,1.0,0.0,0.0,0.618
411,cross,77,4065,33,4065,0.8757,1.6736,0.7824,0,0.2652,1.0,0.0,0.0,0.8636
412,cross,77,65,33,2065,0.3822,1.8222,0.3111,4,0.325,1.0,0.0,0.0,0.7791
413,cross,77,4065,33,4065,0.8757,1.6736,0.7824,0,0.2652,1.0,0.0,0.0,0.8636
414,cross,77,65,33,4065,0.378,1.836,0.3424,2,0.311,1.0,0.0,0.0,0.8434
415,cross,77,2065,33,2065,0.4136,1.2805,0.397,7,0.2873,1.0,0.0,0.0,0.825
416,cross,77,1065,33,1065,1.0,1.3033,1.0,0,0.135,1.0,0.0,0.0,0.6141
417,cross,77,4065,33,65,0.807,1.6881,0.5127,0,0.3683,1.0,0.0,0.0,0.8478
418,cross,77,1065,3,3065,0.5493,1.4422,0.5493,0,0.4466,1.0,0.0,0.0,0.758
419,cross,77,4065,3,65,0.7855,1.6872,0.4521,0,0.3909,1.0,0.0,0.0,0.8557
420,cross,77,1065,3,65,0.5493,1.4422,0.5493,0,0.4466,1.0,0.0,0.0,0.518
421,cross,77,3065,3,2065,0.454,1.6765,0.454,0,0.4477,1.0,0.0,0.0,0.8493
422,cross,77,3065,3,2065,0.454,1.6765,0.454,0,0.4477,1.0,0.0,0.0,0.8493
423,cross,77,3065,3,2065,0.454,1.6765,0.454,0,0.4477,1.0,0.0,0.0,0.8493
424,cross,77,1065,3,65,0.5493,1.4422,0.5493,0,0.4466,1.0,0.0,0.0,0.518
425,cross,77,6065,3,65,0.7425,1.4603,0.7425,0,0.4492,1.0,0.0,0.0,0.8317
426,cross,77,65,3,2065,0.3979,1.7236,0.3979,0,0.4166,1.0,0.0,0.0,0.8631
427,cross,77,6065,3,65,0.7425,1.4603,0.7425,0,0.4492,1.0,0.0,0.0,0.8317
428,cross,77,4065,3,65,0.7855,1.6872,0.4521,0,0.3909,1.0,0.0,0.0,0.8557
429,cross,77,65,11,65,0.3113,1.9362,0.2957,3,0.1543,1.0,0.0,0.0,0.7571
430,cross,77,1065,11,65,1.0,1.2897,0.7664,0,0.119,1.0,0.0,0.0,0.7802
431,cross,77,4065,11,3065,0.8799,1.6375,0.8458,0,0.1681,1.0,0.0,0.0,0.7106
432,cross,77,1065,11,1065,1.0,1.2986,1.0,0,0.1296,1.0,0.0,0.0,0.8996
433,cross,77,5065,11,65,1.0,1.6156,1.0,0,0.1236,1.0,0.0,0.0,0.7992
434,cross,77,4065,11,2065,0.8854,1.65,0.7119,0,0.197,1.0,0.0,0.0,0.8136
435,cross,77,1065,11,1065,1.0,1.2986,1.0,0,0.1296,1.0,0.0,0.0,0.8996
436,cross,77,5065,11,1065,1.0,1.6252,1.0,0,0.1327,1.0,0.0,0.0,0.6325
437,cross,77,65,11,2065,0.3164,1.9338,0.3094,2,0.1647,1.0,0.0,0.0,0.8002
438,cross,77,5065,11,65,1.0,1.6156,1.0,0,0.1236,1.0,0.0,0.0,0.7992
439,cross,77,1065,11,3065,1.0,1.2981,1.0,0,0.129,1.0,0.0,0.0,0.8049
440,cross,77,7065,56,65,1.1541,1.4808,0.4594,8,0.3606,1.0,0.0,0.0,0.7681
441,cross,77,65,56,1065,0.3843,1.8143,0.3322,10,0.3327,1.0,0.0,0.0,0.7811
442,cross,77,6065,56,65,1.0,1.4597,0.4177,7,0.3627,1.0,0.0,0.0,0.7493
443,cross,77,3065,56,1065,0.5127,1.7575,0.4092,3,0.3914,1.0,0.0,0.0,0.8234
444,cross,77,6065,56,1065,1.0,1.4633,0.4654,4,0.3947,1.0,0.0,0.0,0.808
445,cross,77,65,56,65,0.3701,1.858,0.3411,8,0.2877,1.0,0.0,0.0,0.6854
446,cross,77,5065,56,1065,1.0,1.6878,0.6101,0,0.3876,1.0,0.0,0.0,0.7544
447,cross,77,2065,56,1065,0.413,1.2796,0.3982,1,0.2959,1.0,0.0,0.0,0.7609
448,cross,77,2065,56,65,0.4172,1.2849,0.3976,3,0.2455,1.0,0.0,0.0,0.6697
449,cross,77,7065,56,65,1.1541,1.4808,0.4594,8,0.3606,1.0,0.0,0.0,0.7681
450,cross,77,1065,56,1065,1.0,1.4578,0.4588,1,0.3895,1.0,0.0,0.0,0.6951
451,cross,77,1065,16,65,1.0,1.3283,0.7329,0,0.1633,1.0,0.0,0.0,0.8976
452,cross,77,6065,16,1065,1.0,1.3824,0.8162,0,0.1742,1.0,0.0,0.0,0.7477
453,cross,77,6065,16,65,1.0,1.3815,0.7401,0,0.1726,1.0,0.0,0.0,0.6936
454,cross,77,1065,16,65,1.0,1.3283,0.7329,0,0.1633,1.0,0.0,0.0,0.8976
455,cross,77,1065,16,1065,1.0,1.3294,0.7965,0,0.1645,1.0,0.0,0.0,0.7295
456,cross,77,1065,16,65,1.0,1.3283,0.7329,0,0.1633,1.0,0.0,0.0,0.8976
457,cross,77,4065,16,1065,0.848,1.6055,0.7622,0,0.1036,1.0,0.0,0.0,0.7199
458,cross,77,4065,16,1065,0.848,1.6055,0.7622,0,0.1036,1.0,0.0,0.0,0.7199
459,cross,77,6065,16,65,1.0,1.3815,0.7401,0,0.1726,1.0,0.0,0.0,0.6936
460,cross,77,3065,16,2065,0.6541,1.87,0.4943,0,0.1577,1.0,0.0,0.0,0.7758
461,cross,77,5065,16,2065,1.0,1.6477,1.0,0,0.155,1.0,0.0,0.0,0.776
462,cross,77,3065,53,1065,0.6465,1.848,0.4914,0,0.1287,1.0,0.0,0.0,0.829
463,cross,77,2065,53,2065,0.426,1.2931,0.4235,0,0.1617,1.0,0.0,0.0,0.5915
464,cross,77,6065,53,65,1.0,1.3567,0.9369,0,0.1268,1.0,0.0,0.0,0.8618
465,cross,77,5065,53,2065,1.0,1.6279,1.0,0,0.1353,1.0,0.0,0.0,0.6628
466,cross,77,3065,53,2065,0.6498,1.8562,0.5147,0,0.1385,1.0,0.0,0.0,0.6554
467,cross,77,5065,53,1065,1.0,1.6161,1.0,0,0.1242,1.0,0.0,0.0,0.8433
468,cross,77,5065,53,65,1.0,1.618,1.0,0,0.1259,1.0,0.0,0.0,0.804
469,cross,77,6065,53,1065,1.0,1.3585,0.875,0,0.1302,1.0,0.0,0.0,0.8354
470,cross,77,4065,53,1065,0.8735,1.629,0.6706,0,0.1499,1.0,0.0,0.0,0.8253
471,cross,77,4065,53,1065,0.8735,1.629,0.6706,0,0.1499,1.0,0.0,0.0,0.8253
472,cross,77,4065,53,1065,0.8735,1.629,0.6706,0,0.1499,1.0,0.0,0.0,0.8253
473,cross,77,6065,14,1065,1.0,1.3583,0.8658,0,0.1298,1.0,0.0,0.0,0.6875
474,cross,77,1065,14,1065,1.0,1.2942,0.8294,0,0.1243,1.0,0.0,0.0,0.8868
475,cross,77,2065,14,65,0.4347,1.299,0.4347,0,0.0922,1.0,0.0,0.0,0.7909
476,cross,77,6065,14,1065,1.0,1.3583,0.8658,0,0.1298,1.0,0.0,0.0,0.6875
477,cross,77,4065,14,1065,0.873,1.6284,0.7284,0,0.1487,1.0,0.0,0.0,0.5318
478,cross,77,7065,14,65,1.0,1.4362,0.7335,0,0.1544,1.0,0.0,0.0,0.7997
479,cross,77,1065,14,1065,1.0,1.2942,0.8294,0,0.1243,1.0,0.0,0.0,0.8868
480,cross,77,7065,14,65,1.0,1.4362,0.7335,0,0.1544,1.0,0.0,0.0,0.7997
481,cross,77,6065,14,65,1.0,1.3758,0.8032,0,0.162,1.0,0.0,0.0,0.8321
482,cross,77,3065,14,1065,0.6463,1.8475,0.4622,0,0.1282,1.0,0.0,0.0,0.6241
483,cross,77,7065,14,65,1.0,1.4362,0.7335,0,0.1544,1.0,0.0,0.0,0.7997
484,cross,178,3065,96,35065,0.7266,2.2324,0.7223,0,0.4567,1.0,0.0,0.0,0.6486
485,cross,178,65,96,33065,1.0,1.9152,0.7602,0,0.4172,1.0,0.0,0.0,0.7494
486,cross,178,4065,96,51065,0.7377,1.5668,0.7377,0,0.4559,1.0,0.0,0.0,0.6264
487,cross,178,2065,96,39065,0.8016,2.2794,0.5024,0,0.445,1.0,0.0,0.0,0.6254
488,cross,178,1065,96,2065,1.0,2.4768,0.7904,0,0.4518,1.0,0.0,0.0,0.7193
489,cross,178,4065,96,13065,0.7377,1.5668,0.7377,0,0.4559,1.0,0.0,0.0,0.6264
490,cross,178,4065,96,8065,0.7377,1.5668,0.4374,0,0.4559,1.0,0.0,0.0,0.6264
491,cross,178,5065,96,38065,0.577,2.04,0.577,0,0.4106,1.0,0.0,0.0,0.6955
492,cross,178,65,96,32065,1.0,1.9809,0.4951,0,0.3853,1.0,0.0,0.0,0.7494
493,cross,178,2065,96,30065,0.8016,2.2794,0.6132,0,0.445,1.0,0.0,0.0,0.6254
494,cross,178,2065,96,12065,0.8016,2.2794,0.6132,0,0.445,1.0,0.0,0.0,0.6254
495,cross,178,4065,100,19065,1.123,1.9819,1.0,0,0.13,1.0,0.0,0.0,0.6224
496,cross,178,2065,100,7065,0.9028,1.7827,0.7018,0,0.1531,1.0,0.0,0.0,0.6258
497,cross,178,3065,100,9065,0.7104,1.8913,0.7104,0,0.173,1.0,0.0,0.0,0.6497
498,cross,178,2065,100,2065,0.931,1.8103,0.6843,0,0.1682,1.0,0.0,0.0,0.6258
499,cross,178,2065,100,19065,0.8841,1.7659,0.8841,0,0.1436,1.0,0.0,0.0,0.628
500,cross,178,4065,100,5065,1.2411,1.862,0.6697,0,0.1831,1.0,0.0,0.0,0.5811
501,cross,178,5065,100,65,0.5903,2.1792,0.5903,0,0.1714,1.0,0.0,0.0,0.8205
502,cross,178,65,100,13065,1.0,2.3383,0.9835,0,0.167,1.0,0.0,0.0,0.7949
503,cross,178,65,100,9065,1.0,2.2838,1.0,0,0.1051,1.0,0.0,0.0,0.8024
504,cross,178,2065,100,14065,0.958,1.8403,0.8104,0,0.1838,1.0,0.0,0.0,0.6258
505,cross,178,2065,100,18065,0.8941,1.7747,0.6438,0,0.1487,1.0,0.0,0.0,0.6258
506,cross,178,5065,31,6065,0.6207,2.1182,0.6207,0,0.1231,1.0,0.0,0.0,0.8715
507,cross,178,1065,31,3065,1.0,2.2451,1.0,0,0.3157,1.0,0.0,0.0,0.8908
508,cross,178,65,31,65,1.0,2.3264,1.0,0,0.1382,1.0,0.0,0.0,0.822
509,cross,178,65,31,1065,1.0,2.3292,1.0,0,0.1931,1.0,0.0,0.0,0.7945
510,cross,178,3065,31,7065,0.7067,1.9289,0.7067,0,0.1957,1.0,0.0,0.0,0.8415
511,cross,178,4065,31,1065,1.2068,1.6574,0.5236,0,0.2929,1.0,0.0,0.0,0.5944
512,cross,178,2065,31,3065,1.0,1.9429,0.6401,0,0.2333,1.0,0.0,0.0,0.5892
513,cross,178,4065,31,7065,1.2559,1.8381,0.8853,0,0.1938,1.0,0.0,0.0,0.8469
514,cross,178,2065,31,1065,1.0,1.9879,0.6405,0,0.2538,1.0,0.0,0.0,0.6171
515,cross,178,3065,31,1065,0.7008,2.0882,0.7008,0,0.2952,1.0,0.0,0.0,0.6412
516,cross,178,1065,31,65,1.0,2.1723,1.0,0,0.2724,1.0,0.0,0.0,0.8642
517,cross,178,5065,77,7065,0.6004,2.1604,0.5816,0,0.1542,1.0,0.0,0.0,0.6108
518,cross,178,2065,77,1065,1.0,1.8455,1.0,0,0.1865,1.0,0.0,0.0,0.8131
519,cross,178,2065,77,3065,1.0,1.8856,1.0,0,0.2063,1.0,0.0,0.0,0.8154
520,cross,178,1065,77,3065,1.0,2.0125,1.0,0,0.1449,1.0,0.0,0.0,0.6269
521,cross,178,65,77,3065,1.0,2.334,1.0,0,0.1497,1.0,0.0,0.0,0.6534
522,cross,178,3065,77,3065,0.7105,1.8903,0.7105,0,0.1724,1.0,0.0,0.0,0.8056
523,cross,178,1065,77,2065,1.0,2.1853,1.0,0,0.2805,1.0,0.0,0.0,0.8567
524,cross,178,5065,77,2065,0.5876,2.1839,0.5876,0,0.1763,1.0,0.0,0.0,0.6614
525,cross,178,65,77,4065,1.0,2.3245,1.0,0,0.1361,1.0,0.0,0.0,0.5872
526,cross,178,2065,77,4065,1.0,1.8483,1.0,0,0.1879,1.0,0.0,0.0,0.8632
527,cross,178,5065,77,3065,0.5801,2.1959,0.5801,0,0.1907,1.0,0.0,0.0,0.7983
528,cross,178,65,33,2065,1.0,2.2104,0.8128,0,0.2749,1.0,0.0,0.0,0.7494
529,cross,178,65,33,65,1.0,2.0291,0.6027,0,0.3621,1.0,0.0,0.0,0.7494
530,cross,178,2065,33,1065,1.0,1.8746,1.0,0,0.2009,1.0,0.0,0.0,0.6404
531,cross,178,2065,33,3065,0.9238,1.8029,0.7996,0,0.1642,1.0,0.0,0.0,0.9308
532,cross,178,4065,33,4065,1.0449,1.598,1.0311,0,0.354,1.0,0.0,0.0,0.6422
533,cross,178,65,33,3065,1.0,2.2972,1.0,0,0.1134,1.0,0.0,0.0,0.6452
534,cross,178,3065,33,1065,0.711,1.8859,0.6939,0,0.1697,1.0,0.0,0.0,0.6334
535,cross,178,2065,33,2065,1.0,2.1617,0.6482,0,0.3356,1.0,0.0,0.0,0.6254
536,cross,178,2065,33,3065,0.9238,1.8029,0.7996,0,0.1642,1.0,0.0,0.0,0.9308
537,cross,178,2065,33,1065,1.0,1.8746,1.0,0,0.2009,1.0,0.0,0.0,0.6404
538,cross,178,5065,33,1065,0.5831,2.1912,0.5545,0,0.1848,1.0,0.0,0.0,0.6535
539,cross,178,5065,3,1065,0.577,2.04,0.55,0,0.4106,1.0,0.0,0.0,0.8228
540,cross,178,4065,3,2065,0.7884,1.5686,0.3965,0,0.4379,1.0,0.0,0.0,0.6465
541,cross,178,3065,3,3065,0.722,2.2281,0.4904,0,0.439,1.0,0.0,0.0,0.8113
542,cross,178,5065,3,2065,0.577,2.04,0.5502,0,0.4106,1.0,0.0,0.0,0.6215
543,cross,178,4065,3,65,0.7884,1.5686,0.3967,0,0.4379,1.0,0.0,0.0,0.6781
544,cross,178,3065,3,1065,0.722,2.2281,0.4904,0,0.439,1.0,0.0,0.0,0.8247
545,cross,178,4065,3,3065,0.7884,1.5686,0.3973,0,0.4379,1.0,0.0,0.0,0.8645
546,cross,178,65,3,65,1.0,1.9809,0.5923,0,0.3853,1.0,0.0,0.0,0.813
547,cross,178,2065,3,1065,0.8488,2.273,0.4454,0,0.4228,1.0,0.0,0.0,0.8354
548,cross,178,5065,3,65,0.577,2.04,0.55,0,0.4106,1.0,0.0,0.0,0.6035
549,cross,178,4065,3,3065,0.7884,1.5686,0.3973,0,0.4379,1.0,0.0,0.0,0.8645
550,cross,178,2065,11,3065,0.905,1.7847,0.905,0,0.1543,1.0,0.0,0.0,0.7783
551,cross,178,3065,11,3065,0.7177,1.8334,0.7177,0,0.1374,1.0,0.0,0.0,0.7789
552,cross,178,1065,11,65,1.0,1.9997,1.0,0,0.1311,1.0,0.0,0.0,0.7348
553,cross,178,3065,11,65,0.7166,1.8411,0.7153,0,0.1422,1.0,0.0,0.0,0.7928
554,cross,178,2065,11,2065,0.9487,1.8294,0.9487,0,0.1782,1.0,0.0,0.0,0.671
555,cross,178,3065,11,65,0.7166,1.8411,0.7153,0,0.1422,1.0,0.0,0.0,0.7928
556,cross,178,4065,11,1065,1.1575,1.9532,1.0,0,0.1431,1.0,0.0,0.0,0.8266
557,cross,178,3065,11,65,0.7166,1.8411,0.7153,0,0.1422,1.0,0.0,0.0,0.7928
558,cross,178,2065,11,1065,0.9337,1.8131,0.9337,0,0.1697,1.0,0.0,0.0,0.83
559,cross,178,5065,11,65,0.6011,2.159,0.5949,0,0.1531,1.0,0.0,0.0,0.7821
560,cross,178,2065,11,3065,0.905,1.7847,0.905,0,0.1543,1.0,0.0,0.0,0.7783
561,cross,178,2065,56,2065,1.0,2.0369,0.8222,0,0.2759,1.0,0.0,0.0,0.6529
562,cross,178,65,56,1065,1.0,2.1936,0.7957,0,0.2833,1.0,0.0,0.0,0.7875
563,cross,178,1065,56,65,1.0,2.3407,1.0,0,0.3683,1.0,0.0,0.0,0.7022
564,cross,178,2065,56,1065,1.0,2.1755,0.6262,0,0.343,1.0,0.0,0.0,0.7108
565,cross,178,4065,56,1065,0.9894,1.5876,0.5463,0,0.372,1.0,0.0,0.0,0.7465
566,cross,178,1065,56,1065,1.0,2.3965,0.5808,0,0.3995,1.0,0.0,0.0,0.7612
567,cross,178,1065,56,2065,1.0,2.3087,1.0,0,0.3508,1.0,0.0,0.0,0.8581
568,cross,178,2065,56,1065,1.0,2.1755,0.6262,0,0.343,1.0,0.0,0.0,0.7108
569,cross,178,65,56,1065,1.0,2.1936,0.7957,0,0.2833,1.0,0.0,0.0,0.7875
570,cross,178,1065,56,1065,1.0,2.3965,0.5808,0,0.3995,1.0,0.0,0.0,0.7612
571,cross,178,3065,56,2065,0.7018,2.1171,0.7018,0,0.3156,1.0,0.0,0.0,0.6257
572,cross,178,3065,16,1065,0.7174,1.8351,0.7174,0,0.1384,1.0,0.0,0.0,0.8003
573,cross,178,5065,16,65,0.6298,2.0979,0.5883,0,0.1101,1.0,0.0,0.0,0.7964
574,cross,178,1065,16,65,1.0,2.0422,1.0,0,0.1741,1.0,0.0,0.0,0.6757
575,cross,178,5065,16,1065,0.6335,2.0893,0.6332,0,0.1048,1.0,0.0,0.0,0.7955
576,cross,178,3065,16,2065,0.7178,1.8324,0.6922,0,0.1368,1.0,0.0,0.0,0.7537
577,cross,178,65,16,1065,1.0,2.2427,1.0,0,0.0841,1.0,0.0,0.0,0.7386
578,cross,178,4065,16,65,1.1451,1.9639,1.1451,0,0.1383,1.0,0.0,0.0,0.7926
579,cross,178,5065,16,2065,0.6313,2.0944,0.6058,0,0.1079,1.0,0.0,0.0,0.7753
580,cross,178,2065,16,1065,0.8289,1.7214,0.8289,0,0.117,1.0,0.0,0.0,0.7583
581,cross,178,4065,16,2065,1.137,1.9707,1.137,0,0.1352,1.0,0.0,0.0,0.7705
582,cross,178,1065,16,1065,1.0,2.0433,1.0,0,0.1752,1.0,0.0,0.0,0.7594
583,cross,178,4065,53,65,1.1342,1.973,0.9075,0,0.1342,1.0,0.0,0.0,0.6849
584,cross,178,4065,53,65,1.1342,1.973,0.9075,0,0.1342,1.0,0.0,0.0,0.6849
585,cross,178,65,53,1065,1.0,2.2671,1.0,0,0.096,1.0,0.0,0.0,0.7931
586,cross,178,3065,53,65,0.7176,1.8341,0.7133,0,0.1378,1.0,0.0,0.0,0.6606
587,cross,178,5065,53,1065,0.619,2.1219,0.619,0,0.1256,1.0,0.0,0.0,0.7146
588,cross,178,3065,53,65,0.7176,1.8341,0.7133,0,0.1378,1.0,0.0,0.0,0.6606
589,cross,178,65,53,65,1.0,2.2921,1.0,0,0.1101,1.0,0.0,0.0,0.8076
590,cross,178,4065,53,2065,1.1054,1.9953,1.0,0,0.1238,1.0,0.0,0.0,0.8386
591,cross,178,5065,53,2065,0.6286,2.1005,0.6286,0,0.1117,1.0,0.0,0.0,0.8622
592,cross,178,65,53,1065,1.0,2.2671,1.0,0,0.096,1.0,0.0,0.0,0.7931
593,cross,178,5065,53,65,0.6068,2.1477,0.6068,0,0.1441,1.0,0.0,0.0,0.6992
594,cross,178,65,14,1065,1.0,2.2656,1.0,0,0.0952,1.0,0.0,0.0,0.6061
595,cross,178,5065,14,65,0.6461,2.0598,0.6461,0,0.0875,1.0,0.0,0.0,0.6551
596,cross,178,65,14,65,1.0,2.2151,1.0,0,0.0721,1.0,0.0,0.0,0.7741
597,cross,178,3065,14,1065,0.7204,1.8151,0.7204,0,0.1258,1.0,0.0,0.0,0.9225
598,cross,178,2065,14,65,0.787,1.6912,0.6637,0,0.0974,1.0,0.0,0.0,0.6436
599,cross,178,3065,14,65,0.721,1.8108,0.721,0,0.1231,1.0,0.0,0.0,0.6613
600,cross,178,65,14,65,1.0,2.2151,1.0,0,0.0721,1.0,0.0,0.0,0.7741
601,cross,178,65,14,65,1.0,2.2151,1.0,0,0.0721,1.0,0.0,0.0,0.7741
602,cross,178,5065,14,1065,0.6197,2.1205,0.6197,0,0.1246,1.0,0.0,0.0,0.8139
603,cross,178,1065,14,65,1.0,2.029,1.0,0,0.1615,1.0,0.0,0.0,0.8196
604,cross,178,65,14,65,1.0,2.2151,1.0,0,0.0721,1.0,0.0,0.0,0.7741
605,cross,33,65,96,34065,0.9358,1.507,0.9358,0,0.3846,1.0,0.0,0.0,0.8693
606,cross,33,1065,96,30065,1.0,2.0734,0.9437,0,0.467,1.0,0.0,0.0,0.7955
607,cross,33,3065,96,36065,1.0,2.2627,1.0,0,0.2985,1.0,0.0,0.0,0.9939
608,cross,33,2065,96,1065,0.6664,1.8789,0.6664,0,0.2272,1.0,0.0,0.0,0.8592
609,cross,33,1065,96,13065,1.0,2.0734,0.9437,0,0.467,1.0,0.0,0.0,0.7955
610,cross,33,3065,96,33065,1.0,2.2627,1.0,0,0.2985,1.0,0.0,0.0,0.9939
611,cross,33,4065,96,48065,1.0,2.0739,1.0,0,0.2551,1.0,0.0,0.0,0.9939
612,cross,33,65,96,17065,0.9358,1.507,0.9358,0,0.3846,1.0,0.0,0.0,0.8693
613,cross,33,65,96,8065,0.9358,1.507,0.8733,0,0.3846,1.0,0.0,0.0,0.8693
614,cross,33,4065,96,7065,1.0,2.0739,1.0,0,0.2551,1.0,0.0,0.0,0.9939
615,cross,33,2065,96,40065,0.6664,1.8789,0.6664,0,0.2272,1.0,0.0,0.0,0.8592
616,cross,33,2065,100,1065,0.6532,1.896,0.6532,0,0.3532,1.0,0.0,0.0,0.8967
617,cross,33,4065,100,11065,1.0,2.1338,1.0,0,0.3257,1.0,0.0,0.0,0.8818
618,cross,33,65,100,19065,0.9699,1.4914,0.9699,0,0.2665,1.0,0.0,0.0,0.8794
619,cross,33,3065,100,4065,1.0,2.2857,1.0,0,0.3356,1.0,0.0,0.0,0.8818
620,cross,33,3065,100,10065,1.0,2.2807,1.0,0,0.3277,1.0,0.0,0.0,0.8818
621,cross,33,65,100,15065,0.9814,1.4908,0.8199,0,0.1751,1.0,0.0,0.0,0.8792
622,cross,33,4065,100,3065,1.0,2.1831,1.0,0,0.3824,1.0,0.0,0.0,0.8892
623,cross,33,2065,100,65,0.6422,1.9075,0.6422,0,0.407,1.0,0.0,0.0,0.5815
624,cross,33,4065,100,16065,1.0,2.2014,1.0,0,0.4033,1.0,0.0,0.0,0.8286
625,cross,33,4065,100,6065,1.0,2.1019,1.0,0,0.2884,1.0,0.0,0.0,0.8818
626,cross,33,1065,100,1065,1.0,1.4126,1.0,0,0.2035,1.0,0.0,0.0,0.841
627,cross,33,2065,31,8065,0.6628,1.8849,0.6628,0,0.2834,1.0,0.0,0.0,0.7716
628,cross,33,4065,31,2065,1.0,2.1894,1.0,0,0.3896,1.0,0.0,0.0,0.635
629,cross,33,3065,31,4065,1.0,2.2362,1.0,0,0.2546,1.0,0.0,0.0,0.8213
630,cross,33,3065,31,4065,1.0,2.2362,1.0,0,0.2546,1.0,0.0,0.0,0.8213
631,cross,33,4065,31,65,1.0,2.1236,1.0,0,0.3139,1.0,0.0,0.0,0.7838
632,cross,33,65,31,1065,0.9821,1.4919,0.9821,0,0.1544,1.0,0.0,0.0,0.8408
633,cross,33,1065,31,3065,1.0,1.8544,1.0,0,0.3215,1.0,0.0,0.0,0.7936
634,cross,33,4065,31,4065,1.0,2.0982,1.0,0,0.284,1.0,0.0,0.0,0.8213
635,cross,33,65,31,2065,0.971,1.4911,0.971,0,0.2613,1.0,0.0,0.0,0.5841
636,cross,33,65,31,2065,0.971,1.4911,0.971,0,0.2613,1.0,0.0,0.0,0.5841
637,cross,33,2065,31,3065,0.6645,1.8824,0.6559,0,0.2626,1.0,0.0,0.0,0.8177
638,cross,33,65,77,1065,0.9574,1.4962,0.9574,0,0.3186,1.0,0.0,0.0,0.6469
639,cross,33,4065,77,4065,1.0,2.2163,1.0,0,0.4202,1.0,0.0,0.0,0.6044
640,cross,33,4065,77,4065,1.0,2.2163,1.0,0,0.4202,1.0,0.0,0.0,0.6044
641,cross,33,1065,77,1065,1.0,1.3467,1.0,0,0.1261,1.0,0.0,0.0,0.6742
642,cross,33,1065,77,5065,1.0,1.3453,1.0,0,0.1225,1.0,0.0,0.0,0.8192
643,cross,33,65,77,65,0.978,1.4899,0.978,0,0.2159,1.0,0.0,0.0,0.8453
644,cross,33,4065,77,4065,1.0,2.2163,1.0,0,0.4202,1.0,0.0,0.0,0.6044
645,cross,33,2065,77,4065,0.6424,1.9073,0.6424,0,0.4063,1.0,0.0,0.0,0.5842
646,cross,33,4065,77,4065,1.0,2.2163,1.0,0,0.4202,1.0,0.0,0.0,0.6044
647,cross,33,1065,77,2065,1.0,1.6768,0.9725,0,0.2873,1.0,0.0,0.0,0.8104
648,cross,33,4065,77,3065,1.0,2.2251,1.0,0,0.4303,1.0,0.0,0.0,0.6061
649,cross,33,3065,178,3065,1.0,2.2353,1.0,0,0.2532,1.0,0.0,0.0,0.5771
650,cross,33,65,178,1065,0.9813,1.4906,0.9813,0,0.1786,1.0,0.0,0.0,0.856
651,cross,33,2065,178,1065,0.6606,1.8876,0.6548,0,0.303,1.0,0.0,0.0,0.8546
652,cross,33,4065,178,1065,1.0,2.1372,1.0,0,0.3296,1.0,0.0,0.0,0.9263
653,cross,33,4065,178,5065,1.0,2.1662,1.0,0,0.363,1.0,0.0,0.0,0.812
654,cross,33,65,178,65,0.9673,1.4922,0.9673,0,0.2789,1.0,0.0,0.0,0.6399
655,cross,33,1065,178,1065,1.0,1.6149,1.0,0,0.2737,1.0,0.0,0.0,0.7682
656,cross,33,65,178,3065,0.9821,1.4923,0.9821,0,0.1494,1.0,0.0,0.0,0.593
657,cross,33,4065,178,65,1.0,2.1987,1.0,0,0.4002,1.0,0.0,0.0,0.6395
658,cross,33,2065,178,65,0.6475,1.9021,0.6475,0,0.3829,1.0,0.0,0.0,0.6298
659,cross,33,3065,178,1065,1.0,2.2656,1.0,0,0.3033,1.0,0.0,0.0,0.9263
660,cross,33,1065,3,2065,1.0,2.1139,0.6907,0,0.4534,1.0,0.0,0.0,0.808
661,cross,33,3065,3,3065,1.0,2.1739,1.0,0,0.2375,1.0,0.0,1.0,0.5838
662,cross,33,3065,3,2065,1.0,2.1739,1.0,0,0.2375,1.0,0.0,1.0,0.7963
663,cross,33,2065,3,65,0.6661,1.8755,0.5803,0,0.1709,1.0,0.0,0.0,0.7949
664,cross,33,2065,3,2065,0.6661,1.8755,0.5793,0,0.1709,1.0,0.0,0.0,0.8024
665,cross,33,4065,3,1065,1.0,2.0255,1.0,0,0.1957,1.0,0.0,0.0,0.5949
666,cross,33,2065,3,3065,0.6661,1.8755,0.5825,0,0.1709,1.0,0.0,0.0,0.565
667,cross,33,4065,3,3065,1.0,2.0255,1.0,0,0.1957,1.0,0.0,0.0,0.5838
668,cross,33,2065,3,65,0.6661,1.8755,0.5803,0,0.1709,1.0,0.0,0.0,0.7949
669,cross,33,4065,3,3065,1.0,2.0255,1.0,0,0.1957,1.0,0.0,0.0,0.5838
670,cross,33,65,3,65,0.9506,1.4993,0.8142,0,0.3413,1.0,0.0,0.0,0.8232
671,cross,33,65,11,65,0.9626,1.494,0.9626,0,0.2991,1.0,0.0,0.0,0.7351
672,cross,33,1065,11,1065,1.0,1.3538,1.0,0,0.1419,1.0,0.0,0.0,0.6673
673,cross,33,1065,11,3065,1.0,1.354,1.0,0,0.1423,1.0,0.0,0.0,0.771
674,cross,33,3065,11,1065,1.0,2.3246,1.0,0,0.3972,1.0,0.0,0.0,0.6116
675,cross,33,2065,11,3065,0.6472,1.9024,0.6406,0,0.3845,1.0,0.0,0.0,0.7042
676,cross,33,1065,11,3065,1.0,1.354,1.0,0,0.1423,1.0,0.0,0.0,0.771
677,cross,33,3065,11,1065,1.0,2.3246,1.0,0,0.3972,1.0,0.0,0.0,0.6116
678,cross,33,1065,11,3065,1.0,1.354,1.0,0,0.1423,1.0,0.0,0.0,0.771
679,cross,33,2065,11,2065,0.6435,1.9062,0.6168,0,0.4015,1.0,0.0,0.0,0.862
680,cross,33,3065,11,1065,1.0,2.3246,1.0,0,0.3972,1.0,0.0,0.0,0.6116
681,cross,33,2065,11,65,0.645,1.9046,0.6438,0,0.3945,1.0,0.0,0.0,0.756
682,cross,33,65,56,65,0.9816,1.491,0.9816,0,0.1706,1.0,0.0,0.0,0.6951
683,cross,33,65,56,2065,0.982,1.4917,0.982,0,0.1581,1.0,0.0,0.0,0.7923
684,cross,33,2065,56,2065,0.6667,1.8778,0.6667,0,0.2119,1.0,0.0,0.0,0.8071
685,cross,33,2065,56,1065,0.6609,1.8744,0.6205,0,0.1045,1.0,0.0,0.0,0.693
686,cross,33,4065,56,65,1.0,2.0406,1.0,0,0.2145,1.0,0.0,0.0,0.6489
687,cross,33,4065,56,2065,1.0,2.0648,1.0,0,0.244,1.0,0.0,0.0,0.7462
688,cross,33,4065,56,1065,1.0,1.9705,1.0,0,0.1248,1.0,0.0,0.0,0.7195
689,cross,33,4065,56,1065,1.0,1.9705,1.0,0,0.1248,1.0,0.0,0.0,0.7195
690,cross,33,1065,56,65,1.0,2.0978,1.0,0,0.3725,1.0,0.0,0.0,0.6969
691,cross,33,2065,56,1065,0.6609,1.8744,0.6205,0,0.1045,1.0,0.0,0.0,0.693
692,cross,33,1065,56,1065,1.0,2.1663,0.9852,0,0.4028,1.0,0.0,0.0,0.7362
693,cross,33,2065,16,2065,0.6586,1.8901,0.6394,0,0.319,1.0,0.0,0.0,0.7474
694,cross,33,2065,16,1065,0.6611,1.8871,0.644,0,0.2993,1.0,0.0,0.0,0.7489
695,cross,33,4065,16,2065,1.0,2.1489,1.0,0,0.3431,1.0,0.0,0.0,0.7283
696,cross,33,1065,16,1065,1.0,1.3853,1.0,0,0.1833,1.0,0.0,0.0,0.74
697,cross,33,1065,16,2065,1.0,1.3799,1.0,0,0.1782,1.0,0.0,0.0,0.7764
698,cross,33,3065,16,1065,1.0,2.2632,1.0,0,0.2993,1.0,0.0,0.0,0.6568
699,cross,33,65,16,65,0.9796,1.49,0.9796,0,0.2008,1.0,0.0,0.0,0.6173
700,cross,33,4065,16,2065,1.0,2.1489,1.0,0,0.3431,1.0,0.0,0.0,0.7283
701,cross,33,2065,16,1065,0.6611,1.8871,0.644,0,0.2993,1.0,0.0,0.0,0.7489
702,cross,33,2065,16,1065,0.6611,1.8871,0.644,0,0.2993,1.0,0.0,0.0,0.7489
703,cross,33,3065,16,65,1.0,2.277,1.0,0,0.3216,1.0,0.0,0.0,0.5791
704,cross,33,3065,53,1065,1.0,2.3064,1.0,0,0.3686,1.0,0.0,0.0,0.8553
705,cross,33,3065,53,65,1.0,2.3187,1.0,0,0.3878,1.0,0.0,0.0,0.7989
706,cross,33,65,53,2065,0.9764,1.49,0.9764,0,0.2287,1.0,0.0,0.0,0.6329
707,cross,33,1065,53,65,1.0,1.3508,1.0,0,0.1357,1.0,0.0,0.0,0.8066
708,cross,33,1065,53,2065,1.0,1.361,1.0,0,0.1547,1.0,0.0,0.0,0.6577
709,cross,33,65,53,65,0.9652,1.493,0.9639,0,0.2883,1.0,0.0,0.0,0.8391
710,cross,33,2065,53,65,0.6465,1.9031,0.5979,0,0.3878,1.0,0.0,0.0,0.8256
711,cross,33,1065,53,2065,1.0,1.361,1.0,0,0.1547,1.0,0.0,0.0,0.6577
712,cross,33,4065,53,65,1.0,2.2023,1.0,0,0.4043,1.0,0.0,0.0,0.7989
713,cross,33,2065,53,1065,0.6504,1.8991,0.597,0,0.3686,1.0,0.0,0.0,0.8798
714,cross,33,2065,53,2065,0.6546,1.8945,0.6478,0,0.3448,1.0,0.0,0.0,0.6376
715,cross,33,3065,14,65,1.0,2.223,1.0,4,0.2324,1.0,0.0,0.0,0.7853
716,cross,33,1065,14,65,1.0,1.3724,1.0,0,0.1702,1.0,0.0,0.0,0.8095
717,cross,33,3065,14,65,1.0,2.223,1.0,4,0.2324,1.0,0.0,0.0,0.7853
718,cross,33,2065,14,65,0.6662,1.8794,0.5904,0,0.2324,1.0,0.0,0.0,0.7574
719,cross,33,1065,14,1065,1.0,1.3518,1.0,0,0.1378,1.0,0.0,0.0,0.6636
720,cross,33,65,14,65,0.9818,1.4943,0.9442,0,0.1256,1.0,0.0,0.0,0.7513
721,cross,33,65,14,1065,0.9715,1.491,0.9715,0,0.2587,1.0,0.0,0.0,0.5917
722,cross,33,3065,14,65,1.0,2.223,1.0,4,0.2324,1.0,0.0,0.0,0.7853
723,cross,33,2065,14,65,0.6662,1.8794,0.5904,0,0.2324,1.0,0.0,0.0,0.7574
724,cross,33,3065,14,65,1.0,2.223,1.0,4,0.2324,1.0,0.0,0.0,0.7853
725,cross,33,4065,14,65,1.0,2.0779,1.0,0,0.2599,1.0,0.0,0.0,0.7853
726,cross,3,1065,96,37065,0.5886,1.0,0.5886,0,0.1644,1.0,0.0,0.0,0.7763
727,cross,3,2065,96,13065,0.5891,1.0,0.5135,0,0.1667,1.0,0.0,0.0,0.5561
728,cross,3,65,96,52065,0.589,1.0,0.5134,0,0.1667,1.0,0.0,0.0,0.7008
729,cross,3,3065,96,49065,0.5899,1.0,0.5141,0,0.1667,1.0,0.0,0.0,0.7741
730,cross,3,3065,96,44065,0.5831,1.0,0.5831,0,0.1549,1.0,0.0,0.0,0.7741
731,cross,3,3065,96,24065,0.5811,1.0,0.5811,0,0.1515,1.0,0.0,0.0,0.7741
732,cross,3,3065,96,54065,0.5899,1.0,0.5141,0,0.1667,1.0,0.0,0.0,0.7741
733,cross,3,65,96,2065,0.5802,1.0,0.5802,0,0.1515,1.0,0.0,0.0,0.7008
734,cross,3,3065,96,42065,0.5811,1.0,0.5628,0,0.1515,1.0,0.0,0.0,0.7741
735,cross,3,1065,96,44065,0.5831,1.0,0.5831,0,0.1549,1.0,0.0,0.0,0.7763
736,cross,3,2065,96,15065,0.5891,1.0,0.5135,0,0.1667,1.0,0.0,0.0,0.5561
737,cross,3,65,100,14065,0.735,1.0,0.735,0,0.4024,1.0,0.0,0.0,0.8033
738,cross,3,65,100,7065,0.7338,1.0,0.7338,0,0.4006,1.0,0.0,0.0,0.8033
739,cross,3,1065,100,5065,0.7352,1.0,0.7352,0,0.4004,1.0,0.0,0.0,0.8182
740,cross,3,1065,100,3065,0.7508,1.0,0.7508,0,0.4245,1.0,0.0,0.0,0.8182
741,cross,3,65,100,17065,0.7272,1.0,0.7272,0,0.3903,1.0,0.0,0.0,0.808
742,cross,3,1065,100,13065,0.7195,1.0,0.7195,0,0.3761,1.0,0.0,0.0,0.8256
743,cross,3,2065,100,17065,0.7274,1.0,0.7274,0,0.3903,1.0,0.0,0.0,0.5913
744,cross,3,3065,100,15065,0.7252,1.0,0.7252,0,0.3852,1.0,0.0,0.0,0.7982
745,cross,3,2065,100,8065,0.7338,1.0,0.7338,0,0.4003,1.0,0.0,0.0,0.59
746,cross,3,1065,100,6065,0.7083,1.0,0.7083,0,0.3588,1.0,0.0,0.0,0.8182
747,cross,3,2065,100,4065,0.7389,1.0,0.7389,0,0.4081,1.0,0.0,0.0,0.59
748,cross,3,65,31,3065,0.7088,1.0,0.7088,0,0.3617,1.0,0.0,0.0,0.8626
749,cross,3,3065,31,6065,0.7459,1.0,0.7459,0,0.4171,1.0,0.0,0.0,0.7636
750,cross,3,1065,31,5065,0.6993,1.0,0.6993,0,0.3447,1.0,0.0,0.0,0.8231
751,cross,3,1065,31,8065,0.719,1.0,0.7023,0,0.3754,1.0,0.0,0.0,0.808
752,cross,3,3065,31,3065,0.7101,1.0,0.7101,0,0.3617,1.0,0.0,0.0,0.7481
753,cross,3,3065,31,65,0.7196,1.0,0.6594,0,0.3764,1.0,0.0,0.0,0.7695
754,cross,3,2065,31,6065,0.7447,1.0,0.7447,0,0.4171,1.0,0.0,0.0,0.8048
755,cross,3,65,31,65,0.7182,1.0,0.6587,0,0.3764,1.0,0.0,0.0,0.7742
756,cross,3,65,31,1065,0.6981,1.0,0.6981,0,0.345,1.0,0.0,0.0,0.8247
757,cross,3,3065,31,1065,0.6994,1.0,0.6994,0,0.345,1.0,0.0,0.0,0.7787
758,cross,3,1065,31,7065,0.7359,1.0,0.6844,0,0.4016,1.0,0.0,0.0,0.6854
759,cross,3,2065,77,4065,0.7653,1.0,0.6059,0,0.449,1.0,0.0,0.0,0.8016
760,cross,3,3065,77,3065,0.7709,1.0,0.6266,0,0.4556,1.0,0.0,0.0,0.6811
761,cross,3,1065,77,2065,0.7218,1.0,0.7218,0,0.3797,1.0,0.0,0.0,0.8487
762,cross,3,2065,77,5065,0.7634,1.0,0.5907,0,0.4461,1.0,0.0,0.0,0.741
763,cross,3,2065,77,7065,0.7616,1.0,0.5808,0,0.4433,1.0,0.0,0.0,0.7048
764,cross,3,1065,77,3065,0.771,1.0,0.6267,0,0.4556,1.0,0.0,0.0,0.6478
765,cross,3,1065,77,2065,0.7218,1.0,0.7218,0,0.3797,1.0,0.0,0.0,0.8487
766,cross,3,1065,77,1065,0.7667,1.0,0.5989,0,0.449,1.0,0.0,0.0,0.6904
767,cross,3,65,77,3065,0.7694,1.0,0.6261,0,0.4556,1.0,0.0,0.0,0.6639
768,cross,3,1065,77,5065,0.7648,1.0,0.5911,0,0.4461,1.0,0.0,0.0,0.7807
769,cross,3,1065,77,6065,0.7681,1.0,0.5918,0,0.4512,1.0,0.0,0.0,0.8103
770,cross,3,3065,178,65,0.7582,1.0,0.6497,0,0.436,1.0,0.0,0.0,0.7366
771,cross,3,65,178,5065,0.7404,1.0,0.6623,0,0.4108,1.0,0.0,0.0,0.8654
772,cross,3,2065,178,5065,0.7406,1.0,0.6624,0,0.4108,1.0,0.0,0.0,0.6298
773,cross,3,3065,178,5065,0.7418,1.0,0.6628,0,0.4108,1.0,0.0,0.0,0.7516
774,cross,3,1065,178,65,0.7583,1.0,0.6497,0,0.436,1.0,0.0,0.0,0.6529
775,cross,3,65,178,5065,0.7404,1.0,0.6623,0,0.4108,1.0,0.0,0.0,0.8654
776,cross,3,3065,178,2065,0.6953,1.0,0.5632,0,0.3386,1.0,0.0,0.0,0.7542
777,cross,3,3065,178,4065,0.7557,1.0,0.6399,0,0.4321,1.0,0.0,0.0,0.758
778,cross,3,1065,178,1065,0.7272,1.0,0.6679,0,0.3881,1.0,0.0,0.0,0.7955
779,cross,3,2065,178,2065,0.6942,1.0,0.5627,0,0.3386,1.0,0.0,0.0,0.5936
780,cross,3,2065,178,3065,0.7035,1.0,0.5993,0,0.3531,1.0,0.0,0.0,0.7737
781,cross,3,2065,33,2065,0.6487,1.0,0.6487,0,0.2662,1.0,0.0,0.0,0.5561
782,cross,3,2065,33,3065,0.7607,1.0,0.6412,0,0.4419,1.0,0.0,0.0,0.7859
783,cross,3,3065,33,2065,0.6497,1.0,0.6497,0,0.2662,1.0,0.0,0.0,0.7741
784,cross,3,3065,33,4065,0.6594,1.0,0.6594,0,0.2819,1.0,0.0,0.0,0.7792
785,cross,3,1065,33,2065,0.6497,1.0,0.6497,0,0.2662,1.0,0.0,0.0,0.7763
786,cross,3,2065,33,1065,0.7692,1.0,0.6443,0,0.455,1.0,0.0,0.0,0.6919
787,cross,3,1065,33,4065,0.6595,1.0,0.6595,0,0.2819,1.0,0.0,0.0,0.7955
788,cross,3,2065,33,65,0.5823,1.0,0.5533,0,0.1549,1.0,0.0,0.0,0.5561
789,cross,3,3065,33,3065,0.762,1.0,0.6415,0,0.4419,1.0,0.0,0.0,0.7891
790,cross,3,2065,33,3065,0.7607,1.0,0.6412,0,0.4419,1.0,0.0,0.0,0.7859
791,cross,3,3065,33,1065,0.7705,1.0,0.6448,0,0.455,1.0,0.0,0.0,0.714
792,cross,3,2065,11,65,0.7611,1.0,0.6817,0,0.4424,1.0,0.0,0.0,0.7247
793,cross,3,2065,11,2065,0.7636,1.0,0.6432,0,0.4464,1.0,0.0,0.0,0.6645
794,cross,3,3065,11,1065,0.7634,1.0,0.6616,0,0.444,1.0,0.0,0.0,0.7071
795,cross,3,3065,11,3065,0.7587,1.0,0.6365,0,0.4368,1.0,0.0,0.0,0.7645
796,cross,3,3065,11,65,0.7624,1.0,0.6821,0,0.4424,1.0,0.0,0.0,0.8179
797,cross,3,65,11,1065,0.7619,1.0,0.6612,0,0.444,1.0,0.0,0.0,0.5358
798,cross,3,2065,11,2065,0.7636,1.0,0.6432,0,0.4464,1.0,0.0,0.0,0.6645
799,cross,3,3065,11,3065,0.7587,1.0,0.6365,0,0.4368,1.0,0.0,0.0,0.7645
800,cross,3,65,11,65,0.7609,1.0,0.6816,0,0.4424,1.0,0.0,0.0,0.7568
801,cross,3,65,11,2065,0.7634,1.0,0.6432,0,0.4464,1.0,0.0,0.0,0.8192
802,cross,3,1065,11,2065,0.765,1.0,0.6436,0,0.4464,1.0,0.0,0.0,0.7909
803,cross,3,2065,56,1065,0.5941,1.0,0.5941,0,0.1754,1.0,0.0,0.0,0.7006
804,cross,3,1065,56,2065,0.685,1.0,0.6264,0,0.3224,1.0,0.0,0.0,0.7881
805,cross,3,65,56,65,0.6666,1.0,0.6666,0,0.2953,1.0,0.0,0.0,0.6446
806,cross,3,2065,56,1065,0.5941,1.0,0.5941,0,0.1754,1.0,0.0,0.0,0.7006
807,cross,3,65,56,65,0.6666,1.0,0.6666,0,0.2953,1.0,0.0,0.0,0.6446
808,cross,3,1065,56,1065,0.595,1.0,0.595,0,0.1754,1.0,0.0,0.0,0.719
809,cross,3,3065,56,2065,0.6849,1.0,0.6264,0,0.3224,1.0,0.0,0.0,0.7215
810,cross,3,65,56,65,0.6666,1.0,0.6666,0,0.2953,1.0,0.0,0.0,0.6446
811,cross,3,3065,56,2065,0.6849,1.0,0.6264,0,0.3224,1.0,0.0,0.0,0.7215
812,cross,3,3065,56,2065,0.6849,1.0,0.6264,0,0.3224,1.0,0.0,0.0,0.7215
813,cross,3,65,56,1065,0.594,1.0,0.594,0,0.1754,1.0,0.0,0.0,0.8029
814,cross,3,3065,16,65,0.7337,1.0,0.6707,0,0.3983,1.0,0.0,0.0,0.6968
815,cross,3,65,16,2065,0.7312,1.0,0.6559,0,0.3966,1.0,0.0,0.0,0.7529
816,cross,3,65,16,1065,0.7226,1.0,0.6442,0,0.3831,1.0,0.0,0.0,0.7349
817,cross,3,3065,16,65,0.7337,1.0,0.6707,0,0.3983,1.0,0.0,0.0,0.6968
818,cross,3,1065,16,1065,0.724,1.0,0.6446,0,0.3831,1.0,0.0,0.0,0.7474
819,cross,3,1065,16,65,0.7338,1.0,0.6707,0,0.3983,1.0,0.0,0.0,0.6311
820,cross,3,3065,16,65,0.7337,1.0,0.6707,0,0.3983,1.0,0.0,0.0,0.6968
821,cross,3,3065,16,1065,0.7239,1.0,0.6446,0,0.3831,1.0,0.0,0.0,0.8307
822,cross,3,3065,16,1065,0.7239,1.0,0.6446,0,0.3831,1.0,0.0,0.0,0.8307
823,cross,3,1065,16,1065,0.724,1.0,0.6446,0,0.3831,1.0,0.0,0.0,0.7474
824,cross,3,65,16,2065,0.7312,1.0,0.6559,0,0.3966,1.0,0.0,0.0,0.7529
825,cross,3,65,53,1065,0.7511,1.0,0.6131,0,0.4273,1.0,0.0,0.0,0.7407
826,cross,3,1065,53,65,0.76,1.0,0.6164,0,0.4386,1.0,0.0,0.0,0.7709
827,cross,3,2065,53,1065,0.7513,1.0,0.6131,0,0.4273,1.0,0.0,0.0,0.5794
828,cross,3,1065,53,1065,0.7527,1.0,0.6135,0,0.4273,1.0,0.0,0.0,0.8084
829,cross,3,65,53,2065,0.7418,1.0,0.6442,0,0.4129,1.0,0.0,0.0,0.457
830,cross,3,3065,53,65,0.7599,1.0,0.6164,0,0.4386,1.0,0.0,0.0,0.7519
831,cross,3,2065,53,65,0.7586,1.0,0.6161,0,0.4386,1.0,0.0,0.0,0.633
832,cross,3,1065,53,1065,0.7527,1.0,0.6135,0,0.4273,1.0,0.0,0.0,0.8084
833,cross,3,2065,53,1065,0.7513,1.0,0.6131,0,0.4273,1.0,0.0,0.0,0.5794
834,cross,3,65,53,2065,0.7418,1.0,0.6442,0,0.4129,1.0,0.0,0.0,0.457
835,cross,3,65,53,65,0.7584,1.0,0.616,0,0.4386,1.0,0.0,0.0,0.6977
836,cross,3,2065,14,1065,0.7509,1.0,0.6261,0,0.4266,1.0,0.0,0.0,0.7715
837,cross,3,3065,14,1065,0.7521,1.0,0.6265,0,0.4266,1.0,0.0,0.0,0.7507
838,cross,3,65,14,1065,0.7506,1.0,0.6261,0,0.4266,1.0,0.0,0.0,0.6158
839,cross,3,2065,14,65,0.689,1.0,0.5914,0,0.3304,1.0,0.0,0.0,0.6955
840,cross,3,65,14,1065,0.7506,1.0,0.6261,0,0.4266,1.0,0.0,0.0,0.6158
841,cross,3,1065,14,1065,0.7522,1.0,0.6265,0,0.4266,1.0,0.0,0.0,0.6419
842,cross,3,65,14,65,0.6888,1.0,0.5913,0,0.3304,1.0,0.0,0.0,0.8626
843,cross,3,3065,14,65,0.69,1.0,0.5916,0,0.3304,1.0,0.0,0.0,0.7446
844,cross,3,3065,14,65,0.69,1.0,0.5916,0,0.3304,1.0,0.0,0.0,0.7446
845,cross,3,2065,14,1065,0.7509,1.0,0.6261,0,0.4266,1.0,0.0,0.0,0.7715
846,cross,3,3065,14,65,0.69,1.0,0.5916,0,0.3304,1.0,0.0,0.0,0.7446
847,cross,11,2065,96,28065,0.7405,1.0241,0.697,1,0.379,1.0,0.0,0.0,0.6069
848,cross,11,3065,96,41065,0.9097,1.0151,0.5307,0,0.4614,1.0,0.0,0.0,0.8348
849,cross,11,3065,96,45065,0.9097,1.0151,0.5342,0,0.4614,1.0,0.0,0.0,0.8348
850,cross,11,1065,96,58065,0.8405,1.0155,0.4811,0,0.4588,1.0,0.0,0.0,0.7768
851,cross,11,65,96,10065,0.9631,1.0219,0.4856,0,0.4586,1.0,0.0,0.0,0.7774
852,cross,11,65,96,42065,0.9665,1.0219,0.4707,0,0.4417,1.0,0.0,0.0,0.7774
853,cross,11,3065,96,1065,0.9097,1.0151,0.5307,0,0.4614,1.0,0.0,0.0,0.8348
854,cross,11,2065,96,27065,0.6997,1.0237,0.4023,0,0.4623,1.0,0.0,0.0,0.6069
855,cross,11,3065,96,10065,0.9097,1.0151,0.5307,0,0.4614,1.0,0.0,0.0,0.8348
856,cross,11,1065,96,42065,0.8496,1.0156,0.3719,0,0.442,1.0,0.0,0.0,0.7768
857,cross,11,2065,96,9065,0.6997,1.0237,0.441,3,0.4623,1.0,0.0,0.0,0.6069
858,cross,11,2065,100,2065,0.8083,1.0242,0.7164,0,0.2262,1.0,0.0,0.0,0.5902
859,cross,11,1065,100,5065,0.9565,1.0161,0.8939,0,0.1975,1.0,0.0,0.0,0.7898
860,cross,11,1065,100,10065,0.9611,1.0161,0.915,0,0.182,1.0,0.0,0.0,0.7898
861,cross,11,3065,100,3065,1.0253,1.014,0.834,0,0.1979,1.0,0.0,0.0,0.821
862,cross,11,2065,100,17065,0.7898,1.0243,0.5806,0,0.271,1.0,0.0,0.0,0.601
863,cross,11,3065,100,18065,1.026,1.0139,0.895,0,0.1923,1.0,0.0,0.0,0.8285
864,cross,11,2065,100,19065,0.8418,1.0239,0.8418,0,0.1334,1.0,0.0,0.0,0.5985
865,cross,11,3065,100,5065,1.0238,1.014,0.9203,0,0.2082,1.0,0.0,0.0,0.8285
866,cross,11,3065,100,15065,1.0075,1.0144,0.5597,0,0.2741,1.0,0.0,0.0,0.8285
867,cross,11,1065,100,15065,0.9337,1.0162,0.6214,0,0.2632,1.0,0.0,0.0,0.7898
868,cross,11,3065,100,5065,1.0238,1.014,0.9203,0,0.2082,1.0,0.0,0.0,0.8285
869,cross,11,3065,31,1065,0.9917,1.0146,0.8573,0,0.3158,1.0,0.0,0.0,0.8095
870,cross,11,1065,31,1065,0.9162,1.0162,0.8133,0,0.3058,1.0,0.0,0.0,0.7968
871,cross,11,3065,31,6065,1.0282,1.0138,0.8263,0,0.1654,1.0,0.0,0.0,0.6607
872,cross,11,2065,31,8065,0.7883,1.0243,0.7435,0,0.2745,1.0,0.0,0.0,0.5807
873,cross,11,2065,31,65,0.7954,1.0243,0.7867,0,0.2577,1.0,0.0,0.0,0.6089
874,cross,11,3065,31,1065,0.9917,1.0146,0.8573,0,0.3158,1.0,0.0,0.0,0.8095
875,cross,11,1065,31,7065,0.9531,1.0162,0.8899,0,0.2083,1.0,0.0,0.0,0.5857
876,cross,11,65,31,2065,0.978,1.0202,0.9266,0,0.1396,1.0,0.0,0.0,0.6169
877,cross,11,3065,31,65,1.0139,1.0143,0.9258,0,0.2533,1.0,0.0,0.0,0.9166
878,cross,11,1065,31,5065,0.9221,1.0162,0.8617,0,0.292,1.0,0.0,0.0,0.8372
879,cross,11,2065,31,3065,0.7765,1.0243,0.7176,0,0.3014,1.0,0.0,0.0,0.5338
880,cross,11,3065,77,65,1.027,1.0139,1.0087,0,0.1834,1.0,0.0,0.0,0.8262
881,cross,11,65,77,65,0.9813,1.0205,0.9693,0,0.1727,1.0,0.0,0.0,0.8428
882,cross,11,65,77,6065,0.9768,1.0201,0.9707,0,0.1296,1.0,0.0,0.0,0.7875
883,cross,11,1065,77,65,0.9635,1.0161,0.9462,0,0.1736,1.0,0.0,0.0,0.8154
884,cross,11,2065,77,7065,0.8446,1.0238,0.8446,0,0.1246,1.0,0.0,0.0,0.5593
885,cross,11,1065,77,4065,0.9749,1.0159,0.9325,0,0.1256,1.0,0.0,0.0,0.623
886,cross,11,1065,77,7065,0.9752,1.0159,0.9067,0,0.1241,1.0,0.0,0.0,0.8593
887,cross,11,1065,77,4065,0.9749,1.0159,0.9325,0,0.1256,1.0,0.0,0.0,0.623
888,cross,11,65,77,3065,0.978,1.0202,0.9648,0,0.1397,1.0,0.0,0.0,0.6478
889,cross,11,65,77,2065,0.9847,1.021,0.8419,0,0.2495,1.0,0.0,0.0,0.8294
890,cross,11,2065,77,5065,0.8467,1.0238,0.8467,0,0.1179,1.0,0.0,0.0,0.6163
891,cross,11,1065,178,1065,0.9437,1.0162,0.9437,0,0.2364,1.0,0.0,0.0,0.8103
892,cross,11,2065,178,5065,0.8324,1.024,0.8114,0,0.1618,1.0,0.0,0.0,0.5846
893,cross,11,3065,178,3065,1.0018,1.0145,0.9556,0,0.2905,1.0,0.0,0.0,0.6544
894,cross,11,1065,178,2065,0.9367,1.0162,0.9235,0,0.2553,1.0,0.0,0.0,0.8215
895,cross,11,1065,178,4065,0.9734,1.0159,0.9733,0,0.1327,1.0,0.0,0.0,0.641
896,cross,11,3065,178,65,1.0285,1.0137,1.0223,0,0.1449,1.0,0.0,0.0,0.6586
897,cross,11,65,178,1065,0.9845,1.0209,0.9845,0,0.2354,1.0,0.0,0.0,0.803
898,cross,11,1065,178,1065,0.9437,1.0162,0.9437,0,0.2364,1.0,0.0,0.0,0.8103
899,cross,11,2065,178,2065,0.7899,1.0243,0.7899,0,0.2707,1.0,0.0,0.0,0.6035
900,cross,11,2065,178,1065,0.7979,1.0243,0.7979,0,0.2519,1.0,0.0,0.0,0.5468
901,cross,11,65,178,1065,0.9845,1.0209,0.9845,0,0.2354,1.0,0.0,0.0,0.803
902,cross,11,1065,33,1065,0.9715,1.016,0.9696,0,0.1414,1.0,0.0,0.0,0.9003
903,cross,11,2065,33,4065,0.7429,1.0241,0.7384,0,0.374,1.0,0.0,0.0,0.6348
904,cross,11,3065,33,65,0.9279,1.015,0.7437,0,0.4336,1.0,0.0,0.0,0.8348
905,cross,11,1065,33,4065,0.8898,1.016,0.8807,0,0.3634,1.0,0.0,0.0,0.8014
906,cross,11,3065,33,3065,1.0284,1.0136,1.0094,0,0.1395,1.0,0.0,0.0,0.6409
907,cross,11,2065,33,3065,0.8395,1.0239,0.8325,0,0.1407,1.0,0.0,0.0,0.8586
908,cross,11,65,33,3065,0.9775,1.0202,0.9584,0,0.1351,1.0,0.0,0.0,0.6019
909,cross,11,2065,33,1065,0.8402,1.0239,0.8402,0,0.1385,1.0,0.0,0.0,0.5951
910,cross,11,2065,33,65,0.7132,1.0238,0.6371,0,0.4351,1.0,0.0,0.0,0.6069
911,cross,11,2065,33,3065,0.8395,1.0239,0.8325,0,0.1407,1.0,0.0,0.0,0.8586
912,cross,11,1065,33,2065,0.8844,1.016,0.6294,1,0.3744,1.0,0.0,0.0,0.7768
913,cross,11,2065,3,3065,0.7074,1.0238,0.3758,0,0.4468,1.0,0.0,0.0,0.7483
914,cross,11,3065,3,3065,0.9202,1.015,0.4223,0,0.4456,1.0,0.0,0.0,0.6228
915,cross,11,2065,3,2065,0.7074,1.0238,0.3755,0,0.4468,1.0,0.0,0.0,0.515
916,cross,11,3065,3,65,0.9202,1.015,0.4199,0,0.4456,1.0,0.0,0.0,0.7722
917,cross,11,2065,3,1065,0.7074,1.0238,0.3756,0,0.4468,1.0,0.0,0.0,0.8669
918,cross,11,2065,3,2065,0.7074,1.0238,0.3755,0,0.4468,1.0,0.0,0.0,0.515
919,cross,11,2065,3,3065,0.7074,1.0238,0.3758,0,0.4468,1.0,0.0,0.0,0.7483
920,cross,11,2065,3,1065,0.7074,1.0238,0.3756,0,0.4468,1.0,0.0,0.0,0.8669
921,cross,11,1065,3,2065,0.8496,1.0156,0.3935,0,0.442,1.0,0.0,0.0,0.8901
922,cross,11,2065,3,3065,0.7074,1.0238,0.3758,0,0.4468,1.0,0.0,0.0,0.7483
923,cross,11,1065,3,1065,0.8496,1.0156,0.3977,0,0.442,1.0,0.0,0.0,0.5584
924,cross,11,65,56,65,0.9804,1.0215,0.965,0,0.3439,1.0,0.0,0.0,0.6566
925,cross,11,1065,56,65,0.8987,1.0161,0.8689,0,0.3446,1.0,0.0,0.0,0.6525
926,cross,11,65,56,65,0.9804,1.0215,0.965,0,0.3439,1.0,0.0,0.0,0.6566
927,cross,11,65,56,2065,0.9821,1.0215,0.9398,0,0.3243,1.0,0.0,0.0,0.8428
928,cross,11,1065,56,65,0.8987,1.0161,0.8689,0,0.3446,1.0,0.0,0.0,0.6525
929,cross,11,65,56,65,0.9804,1.0215,0.965,0,0.3439,1.0,0.0,0.0,0.6566
930,cross,11,3065,56,1065,0.9559,1.0149,0.653,0,0.3873,1.0,0.0,0.0,0.7798
931,cross,11,1065,56,1065,0.8815,1.016,0.6337,0,0.3804,1.0,0.0,0.0,0.8021
932,cross,11,1065,56,65,0.8987,1.0161,0.8689,0,0.3446,1.0,0.0,0.0,0.6525
933,cross,11,65,56,65,0.9804,1.0215,0.965,0,0.3439,1.0,0.0,0.0,0.6566
934,cross,11,65,56,2065,0.9821,1.0215,0.9398,0,0.3243,1.0,0.0,0.0,0.8428
935,cross,11,65,16,2065,0.9787,1.0202,0.9753,0,0.1455,1.0,0.0,0.0,0.7612
936,cross,11,2065,16,1065,0.8317,1.024,0.8317,0,0.1637,1.0,0.0,0.0,0.737
937,cross,11,65,16,65,0.979,1.0203,0.9765,0,0.1487,1.0,0.0,0.0,0.6381
938,cross,11,2065,16,2065,0.8333,1.024,0.8333,0,0.1592,1.0,0.0,0.0,0.7664
939,cross,11,65,16,65,0.979,1.0203,0.9765,0,0.1487,1.0,0.0,0.0,0.6381
940,cross,11,65,16,65,0.979,1.0203,0.9765,0,0.1487,1.0,0.0,0.0,0.6381
941,cross,11,3065,16,1065,1.0284,1.0138,1.0274,0,0.1594,1.0,0.0,0.0,0.7284
942,cross,11,65,16,2065,0.9787,1.0202,0.9753,0,0.1455,1.0,0.0,0.0,0.7612
943,cross,11,3065,16,2065,1.0285,1.0137,1.0243,0,0.1552,1.0,0.0,0.0,0.7785
944,cross,11,2065,16,65,0.8321,1.024,0.8321,0,0.1626,1.0,0.0,0.0,0.7727
945,cross,11,1065,16,1065,0.9695,1.016,0.966,0,0.15,1.0,0.0,0.0,0.688
946,cross,11,2065,53,1065,0.8444,1.0238,0.8343,0,0.1252,1.0,0.0,0.0,0.6201
947,cross,11,65,53,2065,0.9765,1.0201,0.9753,0,0.1277,1.0,0.0,0.0,0.6239
948,cross,11,3065,53,2065,1.0283,1.0136,1.0283,0,0.1352,1.0,0.0,0.0,0.6669
949,cross,11,1065,53,2065,0.9744,1.0159,0.9744,0,0.1282,1.0,0.0,0.0,0.5993
950,cross,11,1065,53,2065,0.9744,1.0159,0.9744,0,0.1282,1.0,0.0,0.0,0.5993
951,cross,11,2065,53,1065,0.8444,1.0238,0.8343,0,0.1252,1.0,0.0,0.0,0.6201
952,cross,11,2065,53,2065,0.8402,1.0239,0.8402,0,0.1384,1.0,0.0,0.0,0.8724
953,cross,11,65,53,65,0.9758,1.02,0.9553,0,0.1221,1.0,0.0,0.0,0.7885
954,cross,11,65,53,65,0.9758,1.02,0.9553,0,0.1221,1.0,0.0,0.0,0.7885
955,cross,11,3065,53,65,1.0277,1.0136,1.0024,0,0.1248,1.0,0.0,0.0,0.8704
956,cross,11,3065,53,65,1.0277,1.0136,1.0024,0,0.1248,1.0,0.0,0.0,0.8704
957,cross,11,1065,14,1065,0.9763,1.0159,0.9659,0,0.1187,1.0,0.0,0.0,0.5875
958,cross,11,1065,14,1065,0.9763,1.0159,0.9659,0,0.1187,1.0,0.0,0.0,0.5875
959,cross,11,1065,14,65,0.9725,1.016,0.9454,0,0.1371,1.0,0.0,0.0,0.8321
960,cross,11,65,14,1065,0.9753,1.02,0.9653,0,0.1183,1.0,0.0,0.0,0.6173
961,cross,11,3065,14,65,1.0285,1.0137,0.989,0,0.1466,1.0,0.0,0.0,0.7955
962,cross,11,65,14,65,0.9776,1.0202,0.9527,0,0.1364,1.0,0.0,0.0,0.8316
963,cross,11,1065,14,1065,0.9763,1.0159,0.9659,0,0.1187,1.0,0.0,0.0,0.5875
964,cross,11,2065,14,65,0.8361,1.024,0.8186,0,0.151,1.0,0.0,0.0,0.6196
965,cross,11,1065,14,65,0.9725,1.016,0.9454,0,0.1371,1.0,0.0,0.0,0.8321
966,cross,11,3065,14,65,1.0285,1.0137,0.989,0,0.1466,1.0,0.0,0.0,0.7955
967,cross,11,65,14,1065,0.9753,1.02,0.9653,0,0.1183,1.0,0.0,0.0,0.6173
968,cross,56,1065,96,16065,0.7355,1.0001,0.7354,0,0.297,1.0,0.0,0.0,0.8146
969,cross,56,65,96,1065,0.7758,1.0003,0.7751,0,0.0,1.0,0.0,0.0,0.77
970,cross,56,65,96,46065,0.7758,1.0003,0.7756,0,0.0,1.0,0.0,0.0,0.77
971,cross,56,65,96,13065,0.7758,1.0003,0.7751,0,0.0,1.0,0.0,0.0,0.77
972,cross,56,2065,96,22065,0.7941,1.0008,0.794,0,0.4532,1.0,0.0,0.0,0.8037
973,cross,56,2065,96,26065,0.7952,1.0008,0.7952,0,0.3355,1.0,0.0,0.0,0.8037
974,cross,56,2065,96,17065,0.7941,1.0008,0.7935,0,0.4532,1.0,0.0,0.0,0.8037
975,cross,56,2065,96,20065,0.7941,1.0008,0.7935,0,0.4532,1.0,0.0,0.0,0.8037
976,cross,56,65,96,35065,0.7758,1.0003,0.7751,0,0.0,1.0,0.0,0.0,0.77
977,cross,56,1065,96,13065,0.7355,1.0001,0.7354,0,0.297,1.0,0.0,0.0,0.8146
978,cross,56,1065,96,31065,0.7355,1.0001,0.7354,0,0.297,1.0,0.0,0.0,0.8146
979,cross,56,65,100,16065,0.7667,1.0003,0.7667,0,0.4559,1.0,0.0,0.0,0.8157
980,cross,56,65,100,7065,0.7673,1.0003,0.7673,0,0.4289,1.0,0.0,0.0,0.8191
981,cross,56,2065,100,20065,0.7972,1.0008,0.7972,0,0.135,1.0,0.0,0.0,0.8121
982,cross,56,65,100,6065,0.7679,1.0003,0.7676,0,0.3983,1.0,0.0,0.0,0.8191
983,cross,56,2065,100,65,0.797,1.0008,0.797,0,0.1482,1.0,0.0,0.0,0.601
984,cross,56,65,100,15065,0.7675,1.0003,0.7663,0,0.4178,1.0,0.0,0.0,0.8191
985,cross,56,65,100,20065,0.7667,1.0003,0.7667,0,0.4582,1.0,0.0,0.0,0.8269
986,cross,56,2065,100,16065,0.7972,1.0008,0.7972,0,0.1292,1.0,0.0,0.0,0.855
987,cross,56,65,100,15065,0.7675,1.0003,0.7663,0,0.4178,1.0,0.0,0.0,0.8191
988,cross,56,1065,100,7065,0.7353,1.0001,0.7353,0,0.3237,1.0,0.0,0.0,0.8427
989,cross,56,1065,100,1065,0.735,1.0001,0.735,0,0.3532,1.0,0.0,0.0,0.8454
990,cross,56,1065,31,4065,0.736,1.0001,0.7351,0,0.2546,1.0,0.0,0.0,0.8822
991,cross,56,2065,31,6065,0.7971,1.0008,0.7966,0,0.1416,1.0,0.0,0.0,0.6722
992,cross,56,1065,31,5065,0.7361,1.0001,0.736,0,0.2421,1.0,0.0,0.0,0.8566
993,cross,56,1065,31,6065,0.735,1.0001,0.7347,0,0.3508,1.0,0.0,0.0,0.6886
994,cross,56,2065,31,4065,0.796,1.0008,0.7955,0,0.2614,1.0,0.0,0.0,0.8467
995,cross,56,2065,31,1065,0.7957,1.0008,0.7954,0,0.2838,1.0,0.0,0.0,0.8408
996,cross,56,1065,31,8065,0.7357,1.0001,0.7357,0,0.2838,1.0,0.0,0.0,0.8366
997,cross,56,2065,31,3065,0.7959,1.0008,0.7955,0,0.264,1.0,0.0,0.0,0.8465
998,cross,56,1065,31,4065,0.736,1.0001,0.7351,0,0.2546,1.0,0.0,0.0,0.8822
999,cross,56,1065,31,8065,0.7357,1.0001,0.7357,0,0.2838,1.0,0.0,0.0,0.8366
1000,cross,56,65,31,65,0.7676,1.0003,0.7676,0,0.4111,1.0,0.0,0.0,0.8616
1001,cross,56,1065,77,1065,0.7345,1.0001,0.7345,0,0.4062,1.0,0.0,0.0,0.6418
1002,cross,56,2065,77,6065,0.797,1.0008,0.797,0,0.1536,1.0,0.0,0.0,0.8165
1003,cross,56,2065,77,65,0.797,1.0008,0.797,0,0.1544,1.0,0.0,0.0,0.7926
1004,cross,56,2065,77,5065,0.7971,1.0008,0.7971,0,0.141,1.0,0.0,0.0,0.826
1005,cross,56,1065,77,5065,0.7345,1.0001,0.7345,0,0.401,1.0,0.0,0.0,0.8228
1006,cross,56,2065,77,7065,0.7971,1.0008,0.7971,0,0.1364,1.0,0.0,0.0,0.8427
1007,cross,56,1065,77,2065,0.7356,1.0001,0.7356,0,0.2904,1.0,0.0,0.0,0.8465
1008,cross,56,1065,77,5065,0.7345,1.0001,0.7345,0,0.401,1.0,0.0,0.0,0.8228
1009,cross,56,1065,77,2065,0.7356,1.0001,0.7356,0,0.2904,1.0,0.0,0.0,0.8465
1010,cross,56,2065,77,5065,0.7971,1.0008,0.7971,0,0.141,1.0,0.0,0.0,0.826
1011,cross,56,2065,77,1065,0.797,1.0008,0.797,0,0.1474,1.0,0.0,0.0,0.6946
1012,cross,56,2065,178,5065,0.7972,1.0008,0.7972,0,0.1343,1.0,0.0,0.0,0.8545
1013,cross,56,65,178,3065,0.768,1.0003,0.768,0,0.3936,1.0,0.0,0.0,0.6061
1014,cross,56,2065,178,4065,0.7972,1.0008,0.7972,0,0.1303,1.0,0.0,0.0,0.6895
1015,cross,56,65,178,3065,0.768,1.0003,0.768,0,0.3936,1.0,0.0,0.0,0.6061
1016,cross,56,2065,178,2065,0.7962,1.0008,0.7962,0,0.2309,1.0,0.0,0.0,0.8424
1017,cross,56,65,178,1065,0.7675,1.0003,0.7675,0,0.4198,1.0,0.0,0.0,0.8021
1018,cross,56,1065,178,65,0.7347,1.0001,0.7347,0,0.3829,1.0,0.0,0.0,0.6636
1019,cross,56,1065,178,3065,0.736,1.0001,0.736,0,0.2532,1.0,0.0,0.0,0.6798
1020,cross,56,2065,178,4065,0.7972,1.0008,0.7972,0,0.1303,1.0,0.0,0.0,0.6895
1021,cross,56,2065,178,3065,0.796,1.0008,0.796,0,0.2564,1.0,0.0,0.0,0.6933
1022,cross,56,65,178,5065,0.7671,1.0003,0.7671,0,0.4362,1.0,0.0,0.0,0.8274
1023,cross,56,2065,33,65,0.7944,1.0008,0.7944,0,0.4198,1.0,0.0,0.0,0.8037
1024,cross,56,65,33,2065,0.7694,1.0003,0.7693,0,0.3243,1.0,0.0,0.0,0.77
1025,cross,56,1065,33,65,0.7365,1.0001,0.7365,0,0.2,1.0,0.0,0.0,0.8146
1026,cross,56,2065,33,1065,0.7969,1.0008,0.7969,0,0.1608,1.0,0.0,0.0,0.8343
1027,cross,56,65,33,4065,0.7691,1.0003,0.7691,0,0.3376,1.0,0.0,0.0,0.7865
1028,cross,56,2065,33,2065,0.795,1.0008,0.7949,0,0.3584,1.0,0.0,0.0,0.8037
1029,cross,56,65,33,3065,0.7667,1.0003,0.7667,0,0.4588,1.0,0.0,0.0,0.604
1030,cross,56,65,33,2065,0.7694,1.0003,0.7693,0,0.3243,1.0,0.0,0.0,0.77
1031,cross,56,2065,33,2065,0.795,1.0008,0.7949,0,0.3584,1.0,0.0,0.0,0.8037
1032,cross,56,65,33,1065,0.7665,1.0003,0.7665,0,0.4681,1.0,0.0,0.0,0.8465
1033,cross,56,1065,33,1065,0.7344,1.0001,0.7344,0,0.4166,1.0,0.0,0.0,0.7949
1034,cross,56,1065,3,65,0.7361,1.0001,0.7358,0,0.236,1.0,0.0,0.0,0.798
1035,cross,56,65,3,1065,0.7754,1.0003,0.7746,0,0.1667,1.0,0.0,1.0,0.5635
1036,cross,56,1065,3,2065,0.7361,1.0001,0.7357,0,0.236,1.0,0.0,0.0,0.7904
1037,cross,56,65,3,1065,0.7754,1.0003,0.7746,0,0.1667,1.0,0.0,1.0,0.5635
1038,cross,56,65,3,2065,0.7754,1.0003,0.7745,0,0.1667,1.0,0.0,1.0,0.8516
1039,cross,56,2065,3,65,0.7943,1.0008,0.7935,0,0.4342,1.0,0.0,0.0,0.827
1040,cross,56,1065,3,2065,0.7361,1.0001,0.7357,0,0.236,1.0,0.0,0.0,0.7904
1041,cross,56,1065,3,3065,0.7361,1.0001,0.736,0,0.236,1.0,0.0,0.0,0.5919
1042,cross,56,1065,3,1065,0.7361,1.0001,0.7358,0,0.236,1.0,0.0,0.0,0.6266
1043,cross,56,1065,3,3065,0.7361,1.0001,0.736,0,0.236,1.0,0.0,0.0,0.5919
1044,cross,56,1065,3,3065,0.7361,1.0001,0.736,0,0.236,1.0,0.0,0.0,0.5919
1045,cross,56,65,11,2065,0.7666,1.0003,0.7666,0,0.4619,1.0,0.0,0.0,0.8267
1046,cross,56,1065,11,1065,0.7346,1.0001,0.7346,0,0.3972,1.0,0.0,0.0,0.6024
1047,cross,56,2065,11,2065,0.7971,1.0008,0.7971,0,0.1415,1.0,0.0,0.0,0.8386
1048,cross,56,1065,11,2065,0.7345,1.0001,0.7345,0,0.4015,1.0,0.0,0.0,0.84
1049,cross,56,1065,11,2065,0.7345,1.0001,0.7345,0,0.4015,1.0,0.0,0.0,0.84
1050,cross,56,1065,11,65,0.7346,1.0001,0.7346,0,0.3945,1.0,0.0,0.0,0.7849
1051,cross,56,2065,11,3065,0.7972,1.0008,0.7972,0,0.1298,1.0,0.0,0.0,0.7697
1052,cross,56,65,11,1065,0.7667,1.0003,0.7667,0,0.4603,1.0,0.0,0.0,0.5972
1053,cross,56,1065,11,2065,0.7345,1.0001,0.7345,0,0.4015,1.0,0.0,0.0,0.84
1054,cross,56,2065,11,3065,0.7972,1.0008,0.7972,0,0.1298,1.0,0.0,0.0,0.7697
1055,cross,56,1065,11,2065,0.7345,1.0001,0.7345,0,0.4015,1.0,0.0,0.0,0.84
1056,cross,56,2065,16,1065,0.7972,1.0008,0.7972,0,0.131,1.0,0.0,0.0,0.733
1057,cross,56,2065,16,65,0.7972,1.0008,0.7972,0,0.1323,1.0,0.0,0.0,0.6423
1058,cross,56,65,16,2065,0.7673,1.0003,0.7673,0,0.4258,1.0,0.0,0.0,0.7959
1059,cross,56,2065,16,1065,0.7972,1.0008,0.7972,0,0.131,1.0,0.0,0.0,0.733
1060,cross,56,1065,16,1065,0.7355,1.0001,0.7355,0,0.2993,1.0,0.0,0.0,0.7201
1061,cross,56,2065,16,65,0.7972,1.0008,0.7972,0,0.1323,1.0,0.0,0.0,0.6423
1062,cross,56,65,16,65,0.7673,1.0003,0.7673,0,0.4271,1.0,0.0,0.0,0.6269
1063,cross,56,65,16,65,0.7673,1.0003,0.7673,0,0.4271,1.0,0.0,0.0,0.6269
1064,cross,56,1065,16,65,0.7353,1.0001,0.7353,0,0.3216,1.0,0.0,0.0,0.6418
1065,cross,56,2065,16,65,0.7972,1.0008,0.7972,0,0.1323,1.0,0.0,0.0,0.6423
1066,cross,56,2065,16,2065,0.7972,1.0008,0.7972,0,0.1294,1.0,0.0,0.0,0.8151
1067,cross,56,2065,53,1065,0.7973,1.0008,0.7973,0,0.1196,1.0,0.0,0.0,0.8053
1068,cross,56,1065,53,65,0.7347,1.0001,0.7347,0,0.3878,1.0,0.0,0.0,0.7921
1069,cross,56,2065,53,1065,0.7973,1.0008,0.7973,0,0.1196,1.0,0.0,0.0,0.8053
1070,cross,56,2065,53,2065,0.7973,1.0008,0.7973,0,0.119,1.0,0.0,0.0,0.6359
1071,cross,56,1065,53,2065,0.7351,1.0001,0.7351,0,0.3448,1.0,0.0,0.0,0.6219
1072,cross,56,1065,53,65,0.7347,1.0001,0.7347,0,0.3878,1.0,0.0,0.0,0.7921
1073,cross,56,2065,53,65,0.7972,1.0008,0.7972,0,0.1303,1.0,0.0,0.0,0.789
1074,cross,56,2065,53,65,0.7972,1.0008,0.7972,0,0.1303,1.0,0.0,0.0,0.789
1075,cross,56,65,53,1065,0.7669,1.0003,0.7669,0,0.4483,1.0,0.0,0.0,0.8116
1076,cross,56,65,53,1065,0.7669,1.0003,0.7669,0,0.4483,1.0,0.0,0.0,0.8116
1077,cross,56,2065,53,65,0.7972,1.0008,0.7972,0,0.1303,1.0,0.0,0.0,0.789
1078,cross,56,65,14,1065,0.7669,1.0003,0.7669,0,0.4477,1.0,0.0,0.0,0.6182
1079,cross,56,1065,14,65,0.7362,1.0001,0.7362,0,0.2324,1.0,0.0,0.0,0.7608
1080,cross,56,65,14,65,0.7684,1.0003,0.7684,0,0.3745,1.0,0.0,0.0,0.862
1081,cross,56,65,14,65,0.7684,1.0003,0.7684,0,0.3745,1.0,0.0,0.0,0.862
1082,cross,56,2065,14,1065,0.7973,1.0008,0.7973,0,0.1189,1.0,0.0,0.0,0.6584
1083,cross,56,2065,14,1065,0.7973,1.0008,0.7973,0,0.1189,1.0,0.0,0.0,0.6584
1084,cross,56,65,14,65,0.7684,1.0003,0.7684,0,0.3745,1.0,0.0,0.0,0.862
1085,cross,56,2065,14,65,0.7973,1.0008,0.7973,0,0.1167,1.0,0.0,0.0,0.8431
1086,cross,56,1065,14,65,0.7362,1.0001,0.7362,0,0.2324,1.0,0.0,0.0,0.7608
1087,cross,56,1065,14,65,0.7362,1.0001,0.7362,0,0.2324,1.0,0.0,0.0,0.7608
1088,cross,56,65,14,65,0.7684,1.0003,0.7684,0,0.3745,1.0,0.0,0.0,0.862
1089,cross,16,65,96,14065,0.9829,1.001,0.9648,0,0.4,1.0,0.0,0.0,0.5675
1090,cross,16,65,96,28065,0.9865,1.001,0.9853,0,0.2343,1.0,0.0,0.0,0.5675
1091,cross,16,65,96,20065,0.9829,1.001,0.9648,0,0.4,1.0,0.0,0.0,0.5675
1092,cross,16,2065,96,65,0.8591,1.0002,0.8478,0,0.4039,1.0,0.0,0.0,0.837
1093,cross,16,2065,96,53065,0.8591,1.0002,0.8478,0,0.4039,1.0,0.0,0.0,0.837
1094,cross,16,2065,96,40065,0.8591,1.0002,0.8478,0,0.4039,1.0,0.0,0.0,0.837
1095,cross,16,1065,96,42065,0.8319,1.0005,0.826,0,0.385,1.0,0.0,0.0,0.5527
1096,cross,16,1065,96,9065,0.831,1.0005,0.8268,0,0.4172,1.0,0.0,0.0,0.5527
1097,cross,16,1065,96,41065,0.831,1.0005,0.8237,0,0.4172,1.0,0.0,0.0,0.5527
1098,cross,16,2065,96,28065,0.8664,1.0002,0.8661,0,0.2409,1.0,0.0,0.0,0.837
1099,cross,16,2065,96,39065,0.8591,1.0002,0.8518,0,0.4039,1.0,0.0,0.0,0.837
1100,cross,16,2065,100,3065,0.8722,1.0002,0.8687,0,0.1107,1.0,0.0,0.0,0.8751
1101,cross,16,1065,100,8065,0.8386,1.0005,0.8379,0,0.1185,1.0,0.0,0.0,0.612
1102,cross,16,2065,100,11065,0.8712,1.0002,0.8666,0,0.1337,1.0,0.0,0.0,0.8677
1103,cross,16,1065,100,3065,0.8383,1.0005,0.8342,0,0.1319,1.0,0.0,0.0,0.6046
1104,cross,16,2065,100,10065,0.8727,1.0002,0.8723,0,0.0973,1.0,0.0,0.0,0.8677
1105,cross,16,2065,100,12065,0.8724,1.0002,0.8708,0,0.1048,1.0,0.0,0.0,0.8677
1106,cross,16,65,100,11065,0.9885,1.001,0.9808,0,0.1291,1.0,0.0,0.0,0.613
1107,cross,16,65,100,9065,0.989,1.001,0.9879,0,0.0968,1.0,0.0,0.0,0.613
1108,cross,16,65,100,15065,0.9885,1.001,0.9806,0,0.1304,1.0,0.0,0.0,0.613
1109,cross,16,65,100,3065,0.9889,1.001,0.9856,0,0.1062,1.0,0.0,0.0,0.6056
1110,cross,16,2065,100,10065,0.8727,1.0002,0.8723,0,0.0973,1.0,0.0,0.0,0.8677
1111,cross,16,65,31,7065,0.9889,1.001,0.9872,0,0.1025,1.0,0.0,0.0,0.8692
1112,cross,16,1065,31,6065,0.8386,1.0005,0.8333,0,0.1203,1.0,0.0,0.0,0.7676
1113,cross,16,1065,31,3065,0.8373,1.0005,0.8295,0,0.1708,1.0,0.0,0.0,0.6098
1114,cross,16,2065,31,6065,0.8726,1.0002,0.8679,0,0.1003,1.0,0.0,0.0,0.6306
1115,cross,16,1065,31,65,0.8382,1.0005,0.8315,0,0.136,1.0,0.0,0.0,0.6316
1116,cross,16,65,31,5065,0.9881,1.001,0.9856,0,0.1509,1.0,0.0,0.0,0.6264
1117,cross,16,2065,31,7065,0.8723,1.0002,0.8718,0,0.1065,1.0,0.0,0.0,0.5536
1118,cross,16,1065,31,65,0.8382,1.0005,0.8315,0,0.136,1.0,0.0,0.0,0.6316
1119,cross,16,2065,31,3065,0.8703,1.0002,0.8672,0,0.1522,1.0,0.0,0.0,0.8186
1120,cross,16,65,31,4065,0.9882,1.001,0.9836,0,0.1449,1.0,0.0,0.0,0.6401
1121,cross,16,2065,31,7065,0.8723,1.0002,0.8718,0,0.1065,1.0,0.0,0.0,0.5536
1122,cross,16,65,77,1065,0.988,1.001,0.9876,0,0.1552,1.0,0.0,0.0,0.8395
1123,cross,16,2065,77,4065,0.8699,1.0002,0.8699,0,0.163,1.0,0.0,0.0,0.5944
1124,cross,16,2065,77,4065,0.8699,1.0002,0.8699,0,0.163,1.0,0.0,0.0,0.5944
1125,cross,16,1065,77,1065,0.8369,1.0005,0.8345,0,0.189,1.0,0.0,0.0,0.8136
1126,cross,16,65,77,1065,0.988,1.001,0.9876,0,0.1552,1.0,0.0,0.0,0.8395
1127,cross,16,65,77,1065,0.988,1.001,0.9876,0,0.1552,1.0,0.0,0.0,0.8395
1128,cross,16,1065,77,3065,0.8364,1.0005,0.8324,0,0.2091,1.0,0.0,0.0,0.8159
1129,cross,16,65,77,2065,0.9886,1.001,0.9842,0,0.1214,1.0,0.0,0.0,0.5736
1130,cross,16,1065,77,65,0.8387,1.0005,0.8384,0,0.1159,1.0,0.0,0.0,0.5788
1131,cross,16,1065,77,5065,0.8371,1.0005,0.8334,0,0.1807,1.0,0.0,0.0,0.6561
1132,cross,16,1065,77,5065,0.8371,1.0005,0.8334,0,0.1807,1.0,0.0,0.0,0.6561
1133,cross,16,1065,178,65,0.8379,1.0005,0.8358,0,0.1476,1.0,0.0,0.0,0.8035
1134,cross,16,2065,178,2065,0.8715,1.0002,0.8715,0,0.1267,1.0,0.0,0.0,0.8642
1135,cross,16,2065,178,65,0.8717,1.0002,0.8717,0,0.1222,1.0,0.0,0.0,0.6359
1136,cross,16,65,178,2065,0.9886,1.001,0.9874,0,0.1224,1.0,0.0,0.0,0.5796
1137,cross,16,2065,178,2065,0.8715,1.0002,0.8715,0,0.1267,1.0,0.0,0.0,0.8642
1138,cross,16,2065,178,2065,0.8715,1.0002,0.8715,0,0.1267,1.0,0.0,0.0,0.8642
1139,cross,16,1065,178,3065,0.8375,1.0005,0.8369,0,0.1637,1.0,0.0,0.0,0.8493
1140,cross,16,2065,178,1065,0.8718,1.0002,0.8718,0,0.1179,1.0,0.0,0.0,0.7685
1141,cross,16,2065,178,2065,0.8715,1.0002,0.8715,0,0.1267,1.0,0.0,0.0,0.8642
1142,cross,16,65,178,3065,0.9883,1.001,0.9875,0,0.1411,1.0,0.0,0.0,0.8563
1143,cross,16,2065,178,2065,0.8715,1.0002,0.8715,0,0.1267,1.0,0.0,0.0,0.8642
1144,cross,16,65,33,1065,0.9878,1.001,0.9876,0,0.1658,1.0,0.0,0.0,0.6326
1145,cross,16,2065,33,4065,0.8668,1.0002,0.8667,0,0.2338,1.0,0.0,0.0,0.8879
1146,cross,16,65,33,3065,0.9885,1.001,0.9885,0,0.1288,1.0,0.0,0.0,0.8428
1147,cross,16,2065,33,3065,0.8711,1.0002,0.8711,0,0.1341,1.0,0.0,0.0,0.6817
1148,cross,16,2065,33,3065,0.8711,1.0002,0.8711,0,0.1341,1.0,0.0,0.0,0.6817
1149,cross,16,2065,33,4065,0.8668,1.0002,0.8667,0,0.2338,1.0,0.0,0.0,0.8879
1150,cross,16,65,33,1065,0.9878,1.001,0.9876,0,0.1658,1.0,0.0,0.0,0.6326
1151,cross,16,65,33,1065,0.9878,1.001,0.9876,0,0.1658,1.0,0.0,0.0,0.6326
1152,cross,16,1065,33,4065,0.8352,1.0005,0.8351,0,0.257,1.0,0.0,0.0,0.6237
1153,cross,16,65,33,4065,0.9867,1.001,0.9864,0,0.2272,1.0,0.0,0.0,0.6028
1154,cross,16,1065,33,65,0.8325,1.0005,0.8316,0,0.3616,1.0,0.0,0.0,0.5527
1155,cross,16,65,3,1065,0.9838,1.001,0.967,0,0.3626,1.0,0.0,0.0,0.8628
1156,cross,16,1065,3,3065,0.8319,1.0005,0.8213,0,0.385,1.0,0.0,0.0,0.7757
1157,cross,16,1065,3,3065,0.8319,1.0005,0.8213,0,0.385,1.0,0.0,0.0,0.7757
1158,cross,16,2065,3,1065,0.8608,1.0002,0.8531,0,0.3677,1.0,0.0,0.0,0.5987
1159,cross,16,1065,3,3065,0.8319,1.0005,0.8213,0,0.385,1.0,0.0,0.0,0.7757
1160,cross,16,1065,3,1065,0.8319,1.0005,0.8194,0,0.385,1.0,0.0,0.0,0.8103
1161,cross,16,1065,3,65,0.8319,1.0005,0.8196,0,0.385,1.0,0.0,0.0,0.6293
1162,cross,16,65,3,1065,0.9838,1.001,0.967,0,0.3626,1.0,0.0,0.0,0.8628
1163,cross,16,1065,3,1065,0.8319,1.0005,0.8194,0,0.385,1.0,0.0,0.0,0.8103
1164,cross,16,2065,3,65,0.8608,1.0002,0.853,0,0.3677,1.0,0.0,0.0,0.7699
1165,cross,16,65,3,3065,0.9838,1.001,0.9675,0,0.3626,1.0,0.0,0.0,0.7968
1166,cross,16,65,11,65,0.9884,1.001,0.9883,0,0.1362,1.0,0.0,0.0,0.7683
1167,cross,16,65,11,2065,0.9882,1.001,0.9882,0,0.1471,1.0,0.0,0.0,0.5745
1168,cross,16,1065,11,1065,0.8374,1.0005,0.8372,0,0.1692,1.0,0.0,0.0,0.8434
1169,cross,16,2065,11,3065,0.8715,1.0002,0.8715,0,0.1267,1.0,0.0,0.0,0.7042
1170,cross,16,65,11,65,0.9884,1.001,0.9883,0,0.1362,1.0,0.0,0.0,0.7683
1171,cross,16,1065,11,3065,0.8378,1.0005,0.8374,0,0.1522,1.0,0.0,0.0,0.744
1172,cross,16,2065,11,1065,0.8708,1.0002,0.8707,0,0.1416,1.0,0.0,0.0,0.6029
1173,cross,16,1065,11,1065,0.8374,1.0005,0.8372,0,0.1692,1.0,0.0,0.0,0.8434
1174,cross,16,65,11,65,0.9884,1.001,0.9883,0,0.1362,1.0,0.0,0.0,0.7683
1175,cross,16,65,11,3065,0.9886,1.001,0.9886,0,0.1217,1.0,0.0,0.0,0.7825
1176,cross,16,1065,11,65,0.8374,1.0005,0.8373,0,0.1683,1.0,0.0,0.0,0.7724
1177,cross,16,1065,56,65,0.8358,1.0005,0.8356,0,0.2323,1.0,0.0,0.0,0.847
1178,cross,16,65,56,65,0.9871,1.001,0.9864,0,0.2036,1.0,0.0,0.0,0.7645
1179,cross,16,1065,56,65,0.8358,1.0005,0.8356,0,0.2323,1.0,0.0,0.0,0.847
1180,cross,16,1065,56,65,0.8358,1.0005,0.8356,0,0.2323,1.0,0.0,0.0,0.847
1181,cross,16,65,56,1065,0.9862,1.001,0.9835,0,0.251,1.0,0.0,0.0,0.7321
1182,cross,16,2065,56,1065,0.8657,1.0002,0.8645,0,0.2577,1.0,0.0,0.0,0.6519
1183,cross,16,65,56,65,0.9871,1.001,0.9864,0,0.2036,1.0,0.0,0.0,0.7645
1184,cross,16,1065,56,65,0.8358,1.0005,0.8356,0,0.2323,1.0,0.0,0.0,0.847
1185,cross,16,2065,56,1065,0.8657,1.0002,0.8645,0,0.2577,1.0,0.0,0.0,0.6519
1186,cross,16,1065,56,1065,0.8346,1.0005,0.833,0,0.2811,1.0,0.0,0.0,0.6864
1187,cross,16,65,56,65,0.9871,1.001,0.9864,0,0.2036,1.0,0.0,0.0,0.7645
1188,cross,16,1065,53,2065,0.8387,1.0005,0.8386,0,0.1151,1.0,0.0,0.0,0.803
1189,cross,16,65,53,2065,0.9891,1.001,0.9891,0,0.0917,1.0,0.0,0.0,0.8325
1190,cross,16,1065,53,2065,0.8387,1.0005,0.8386,0,0.1151,1.0,0.0,0.0,0.803
1191,cross,16,1065,53,2065,0.8387,1.0005,0.8386,0,0.1151,1.0,0.0,0.0,0.803
1192,cross,16,65,53,1065,0.9888,1.001,0.9888,0,0.108,1.0,0.0,0.0,0.5524
1193,cross,16,1065,53,65,0.8377,1.0005,0.8377,0,0.1576,1.0,0.0,0.0,0.6647
1194,cross,16,2065,53,2065,0.8728,1.0002,0.8728,0,0.0955,1.0,0.0,0.0,0.6154
1195,cross,16,2065,53,2065,0.8728,1.0002,0.8728,0,0.0955,1.0,0.0,0.0,0.6154
1196,cross,16,65,53,1065,0.9888,1.001,0.9888,0,0.108,1.0,0.0,0.0,0.5524
1197,cross,16,65,53,65,0.9885,1.001,0.9885,0,0.1265,1.0,0.0,0.0,0.6589
1198,cross,16,2065,53,2065,0.8728,1.0002,0.8728,0,0.0955,1.0,0.0,0.0,0.6154
1199,cross,16,65,14,1065,0.9889,1.001,0.9888,0,0.1071,1.0,0.0,0.0,0.8577
1200,cross,16,1065,14,65,0.8397,1.0005,0.8396,0,0.0744,1.0,0.0,0.0,0.6687
1201,cross,16,1065,14,1065,0.8382,1.0005,0.8382,0,0.1344,1.0,0.0,0.0,0.8384
1202,cross,16,1065,14,65,0.8397,1.0005,0.8396,0,0.0744,1.0,0.0,0.0,0.6687
1203,cross,16,1065,14,1065,0.8382,1.0005,0.8382,0,0.1344,1.0,0.0,0.0,0.8384
1204,cross,16,2065,14,65,0.8741,1.0002,0.8741,0,0.0651,1.0,0.0,0.0,0.756
1205,cross,16,2065,14,1065,0.8721,1.0002,0.8721,0,0.1116,1.0,0.0,0.0,0.6496
1206,cross,16,65,14,65,0.9896,1.001,0.9894,0,0.0629,1.0,0.0,0.0,0.618
1207,cross,16,65,14,65,0.9896,1.001,0.9894,0,0.0629,1.0,0.0,0.0,0.618
1208,cross,16,1065,14,65,0.8397,1.0005,0.8396,0,0.0744,1.0,0.0,0.0,0.6687
1209,cross,16,1065,14,1065,0.8382,1.0005,0.8382,0,0.1344,1.0,0.0,0.0,0.8384
1210,cross,53,65,96,46065,0.6701,1.3726,0.4483,2,0.4473,1.0,0.0,0.0,0.793
1211,cross,53,1065,96,17065,0.6082,1.6338,0.4331,0,0.4435,1.0,0.0,0.0,0.6402
1212,cross,53,1065,96,47065,0.6424,1.6506,0.3695,0,0.4208,1.0,0.0,0.0,0.6402
1213,cross,53,65,96,57065,0.6701,1.3726,0.5207,5,0.4473,1.0,0.0,0.0,0.793
1214,cross,53,2065,96,21065,0.6504,1.1164,0.3246,10,0.4195,1.0,0.0,0.0,0.6455
1215,cross,53,1065,96,65,0.6082,1.6338,0.4331,0,0.4435,1.0,0.0,0.0,0.6402
1216,cross,53,1065,96,18065,0.6082,1.6338,0.4331,0,0.4435,1.0,0.0,0.0,0.6402
1217,cross,53,65,96,32065,0.7344,1.3962,0.5282,0,0.426,1.0,0.0,0.0,0.793
1218,cross,53,2065,96,49065,0.5889,1.1132,0.3739,1,0.4426,1.0,0.0,0.0,0.6455
1219,cross,53,65,96,33065,0.6701,1.3726,0.5207,0,0.4473,1.0,0.0,0.0,0.793
1220,cross,53,2065,96,11065,0.5889,1.1132,0.3739,0,0.4426,1.0,0.0,0.0,0.6455
1221,cross,53,65,100,8065,0.7444,1.4458,0.3484,1,0.1607,1.0,0.0,0.0,0.8645
1222,cross,53,2065,100,13065,1.0504,1.1347,0.2773,11,0.2189,1.0,0.0,0.0,0.6539
1223,cross,53,65,100,6065,0.9974,1.5099,0.4181,0,0.2591,1.0,0.0,0.0,0.8645
1224,cross,53,2065,100,9065,0.8988,1.1351,0.2975,10,0.1414,1.0,0.0,0.0,0.6465
1225,cross,53,65,100,16065,0.6344,1.4037,0.6235,0,0.1239,1.0,0.0,0.0,0.8618
1226,cross,53,1065,100,65,0.6351,1.677,0.2853,3,0.1507,1.0,0.0,0.0,0.8279
1227,cross,53,1065,100,19065,0.5877,1.6589,0.5821,0,0.1196,1.0,0.0,0.0,0.613
1228,cross,53,2065,100,13065,1.0504,1.1347,0.2773,11,0.2189,1.0,0.0,0.0,0.6539
1229,cross,53,2065,100,18065,0.9001,1.1351,0.291,8,0.1419,1.0,0.0,0.0,0.6465
1230,cross,53,1065,100,18065,0.6212,1.6719,0.3211,2,0.1414,1.0,0.0,0.0,0.6553
1231,cross,53,1065,100,4065,0.6229,1.6726,0.329,3,0.1426,1.0,0.0,0.0,0.6553
1232,cross,53,2065,31,8065,1.0299,1.1352,0.5025,0,0.2002,1.0,0.0,0.0,0.6485
1233,cross,53,2065,31,7065,0.9411,1.1354,0.6528,0,0.1571,1.0,0.0,0.0,0.8201
1234,cross,53,1065,31,6065,0.5966,1.6625,0.3478,1,0.1254,1.0,0.0,0.0,0.9013
1235,cross,53,65,31,3065,0.9747,1.5072,0.5505,0,0.2452,1.0,0.0,0.0,0.8173
1236,cross,53,2065,31,2065,0.8735,1.1348,0.4731,2,0.1325,1.0,0.0,0.0,0.8805
1237,cross,53,65,31,2065,0.6359,1.4043,0.5131,0,0.1244,1.0,0.0,0.0,0.6965
1238,cross,53,2065,31,8065,1.0299,1.1352,0.5025,0,0.2002,1.0,0.0,0.0,0.6485
1239,cross,53,65,31,7065,0.7715,1.455,0.5081,0,0.1696,1.0,0.0,0.0,0.6474
1240,cross,53,65,31,1065,1.005,1.5104,0.5513,0,0.2652,1.0,0.0,0.0,0.8391
1241,cross,53,2065,31,8065,1.0299,1.1352,0.5025,0,0.2002,1.0,0.0,0.0,0.6485
1242,cross,53,2065,31,1065,1.0553,1.1334,0.4197,0,0.2485,1.0,0.0,0.0,0.6599
1243,cross,53,65,77,6065,0.7132,1.4347,0.4288,8,0.1505,1.0,0.0,0.0,0.8487
1244,cross,53,2065,77,3065,1.0124,1.1353,0.6853,7,0.1894,1.0,0.0,0.0,0.8265
1245,cross,53,2065,77,3065,1.0124,1.1353,0.6853,7,0.1894,1.0,0.0,0.0,0.8265
1246,cross,53,65,77,6065,0.7132,1.4347,0.4288,8,0.1505,1.0,0.0,0.0,0.8487
1247,cross,53,2065,77,6065,0.9912,1.1354,0.5677,4,0.1785,1.0,0.0,0.0,0.5795
1248,cross,53,65,77,65,0.6848,1.424,0.5463,8,0.1411,1.0,0.0,0.0,0.8521
1249,cross,53,1065,77,7065,0.6136,1.6691,0.2334,11,0.1365,1.0,0.0,0.0,0.615
1250,cross,53,2065,77,4065,0.9773,1.1355,0.5777,4,0.1721,1.0,0.0,0.0,0.866
1251,cross,53,2065,77,4065,0.9773,1.1355,0.5777,4,0.1721,1.0,0.0,0.0,0.866
1252,cross,53,65,77,5065,0.6741,1.4198,0.3926,9,0.1375,1.0,0.0,0.0,0.8016
1253,cross,53,2065,77,6065,0.9912,1.1354,0.5677,4,0.1785,1.0,0.0,0.0,0.5795
1254,cross,53,65,178,2065,0.8985,1.4916,0.2767,10,0.2125,1.0,0.0,0.0,0.8609
1255,cross,53,65,178,5065,0.6331,1.4032,0.4635,3,0.1235,1.0,0.0,0.0,0.8012
1256,cross,53,1065,178,4065,0.5932,1.6611,0.5932,3,0.1231,1.0,0.0,0.0,0.8937
1257,cross,53,1065,178,3065,0.7275,1.7051,0.4514,0,0.2255,1.0,0.0,0.0,0.8486
1258,cross,53,65,178,1065,0.848,1.4784,0.5924,7,0.1947,1.0,0.0,0.0,0.8197
1259,cross,53,2065,178,5065,0.8433,1.1345,0.6678,1,0.1222,1.0,0.0,0.0,0.6024
1260,cross,53,1065,178,1065,0.6811,1.6923,0.5807,7,0.1836,1.0,0.0,0.0,0.6307
1261,cross,53,65,178,65,0.6477,1.4092,0.6477,1,0.1285,1.0,0.0,0.0,0.6692
1262,cross,53,65,178,4065,0.6308,1.4022,0.6308,3,0.1227,1.0,0.0,0.0,0.7202
1263,cross,53,1065,178,1065,0.6811,1.6923,0.5807,7,0.1836,1.0,0.0,0.0,0.6307
1264,cross,53,2065,178,4065,0.8797,1.1349,0.8797,3,0.1347,1.0,0.0,0.0,0.9086
1265,cross,53,65,33,4065,0.9889,1.4884,0.3779,3,0.3302,1.0,0.0,0.0,0.8269
1266,cross,53,1065,33,2065,0.7413,1.6978,0.2816,9,0.3332,1.0,0.0,0.0,0.6402
1267,cross,53,1065,33,2065,0.7413,1.6978,0.2816,9,0.3332,1.0,0.0,0.0,0.6402
1268,cross,53,1065,33,3065,0.6114,1.6683,0.6039,4,0.135,1.0,0.0,0.0,0.8775
1269,cross,53,65,33,1065,0.7305,1.4409,0.7305,0,0.1562,1.0,0.0,0.0,0.7987
1270,cross,53,65,33,65,0.7836,1.4138,0.3324,1,0.41,1.0,0.0,0.0,0.793
1271,cross,53,2065,33,4065,0.9467,1.1283,0.4297,4,0.3164,1.0,0.0,0.0,0.631
1272,cross,53,65,33,4065,0.9889,1.4884,0.3779,3,0.3302,1.0,0.0,0.0,0.8269
1273,cross,53,65,33,65,0.7836,1.4138,0.3324,1,0.41,1.0,0.0,0.0,0.793
1274,cross,53,2065,33,65,0.6993,1.1187,0.1964,1,0.4021,1.0,0.0,0.0,0.6455
1275,cross,53,65,33,3065,0.6591,1.4139,0.6426,1,0.1325,1.0,0.0,0.0,0.7104
1276,cross,53,2065,3,3065,0.6504,1.1164,0.607,0,0.4195,1.0,0.0,0.0,0.8368
1277,cross,53,1065,3,3065,0.6424,1.6506,0.6424,0,0.4208,1.0,0.0,0.0,0.8262
1278,cross,53,2065,3,3065,0.6504,1.1164,0.607,0,0.4195,1.0,0.0,0.0,0.8368
1279,cross,53,65,3,2065,0.7344,1.3962,0.7171,0,0.426,1.0,0.0,0.0,0.8137
1280,cross,53,65,3,2065,0.7344,1.3962,0.7171,0,0.426,1.0,0.0,0.0,0.8137
1281,cross,53,2065,3,1065,0.6504,1.1164,0.6074,0,0.4195,1.0,0.0,0.0,0.8395
1282,cross,53,1065,3,65,0.6424,1.6506,0.6424,0,0.4208,1.0,0.0,0.0,0.6205
1283,cross,53,1065,3,3065,0.6424,1.6506,0.6424,0,0.4208,1.0,0.0,0.0,0.8262
1284,cross,53,2065,3,65,0.6504,1.1164,0.6031,0,0.4195,1.0,0.0,0.0,0.6266
1285,cross,53,65,3,1065,0.7344,1.3962,0.726,0,0.426,1.0,0.0,0.0,0.6636
1286,cross,53,65,3,1065,0.7344,1.3962,0.726,0,0.426,1.0,0.0,0.0,0.6636
1287,cross,53,2065,11,1065,0.9349,1.1353,0.8233,0,0.1547,1.0,0.0,0.0,0.8539
1288,cross,53,1065,11,3065,0.5981,1.6631,0.5952,0,0.1264,1.0,0.0,0.0,0.7863
1289,cross,53,65,11,3065,0.6338,1.4035,0.6338,0,0.1237,1.0,0.0,0.0,0.7419
1290,cross,53,1065,11,3065,0.5981,1.6631,0.5952,0,0.1264,1.0,0.0,0.0,0.7863
1291,cross,53,65,11,65,0.6523,1.4111,0.4625,6,0.1301,1.0,0.0,0.0,0.7503
1292,cross,53,65,11,2065,0.6745,1.42,0.6745,0,0.1377,1.0,0.0,0.0,0.8641
1293,cross,53,2065,11,65,0.9293,1.1353,0.6368,0,0.1526,1.0,0.0,0.0,0.7937
1294,cross,53,65,11,3065,0.6338,1.4035,0.6338,0,0.1237,1.0,0.0,0.0,0.7419
1295,cross,53,1065,11,1065,0.6156,1.6698,0.585,0,0.1377,1.0,0.0,0.0,0.8418
1296,cross,53,2065,11,2065,0.9552,1.1354,0.9552,0,0.1627,1.0,0.0,0.0,0.6768
1297,cross,53,2065,11,3065,0.897,1.1351,0.897,0,0.1408,1.0,0.0,0.0,0.7975
1298,cross,53,1065,56,2065,0.755,1.7092,0.5876,2,0.2747,1.0,0.0,0.0,0.6313
1299,cross,53,2065,56,65,0.9991,1.1303,0.3017,10,0.2934,1.0,0.0,0.0,0.8098
1300,cross,53,1065,56,2065,0.755,1.7092,0.5876,2,0.2747,1.0,0.0,0.0,0.6313
1301,cross,53,1065,56,2065,0.755,1.7092,0.5876,2,0.2747,1.0,0.0,0.0,0.6313
1302,cross,53,2065,56,1065,0.8893,1.1262,0.4424,9,0.3377,1.0,0.0,0.0,0.7201
1303,cross,53,65,56,2065,1.0197,1.5085,0.6751,0,0.2864,1.0,0.0,0.0,0.7946
1304,cross,53,1065,56,1065,0.736,1.6951,0.4214,8,0.3406,1.0,0.0,0.0,0.6792
1305,cross,53,2065,56,65,0.9991,1.1303,0.3017,10,0.2934,1.0,0.0,0.0,0.8098
1306,cross,53,65,56,65,1.0143,1.5009,0.2834,10,0.3084,1.0,0.0,0.0,0.7205
1307,cross,53,2065,56,2065,1.0367,1.132,0.8175,7,0.2704,1.0,0.0,0.0,0.6298
1308,cross,53,65,56,2065,1.0197,1.5085,0.6751,0,0.2864,1.0,0.0,0.0,0.7946
1309,cross,53,2065,16,65,0.8268,1.1342,0.5974,0,0.1166,1.0,0.0,0.0,0.8311
1310,cross,53,1065,16,1065,0.5771,1.6546,0.569,1,0.1128,1.0,0.0,0.0,0.7886
1311,cross,53,2065,16,2065,0.8197,1.1341,0.7031,0,0.1143,1.0,0.0,0.0,0.7449
1312,cross,53,1065,16,2065,0.5772,1.6546,0.5281,0,0.1129,1.0,0.0,0.0,0.7245
1313,cross,53,1065,16,65,0.581,1.6562,0.4702,0,0.1154,1.0,0.0,0.0,0.8483
1314,cross,53,2065,16,1065,0.8135,1.134,0.7712,0,0.1122,1.0,0.0,0.0,0.7464
1315,cross,53,1065,16,65,0.581,1.6562,0.4702,0,0.1154,1.0,0.0,0.0,0.8483
1316,cross,53,2065,16,65,0.8268,1.1342,0.5974,0,0.1166,1.0,0.0,0.0,0.8311
1317,cross,53,2065,16,65,0.8268,1.1342,0.5974,0,0.1166,1.0,0.0,0.0,0.8311
1318,cross,53,2065,16,65,0.8268,1.1342,0.5974,0,0.1166,1.0,0.0,0.0,0.8311
1319,cross,53,2065,16,1065,0.8135,1.134,0.7712,0,0.1122,1.0,0.0,0.0,0.7464
1320,cross,53,65,14,1065,0.6027,1.3901,0.6027,0,0.1126,1.0,0.0,0.0,0.6784
1321,cross,53,65,14,65,0.5837,1.3817,0.5803,0,0.1057,1.0,0.0,0.0,0.7775
1322,cross,53,1065,14,1065,0.579,1.6554,0.579,0,0.114,1.0,0.0,0.0,0.8692
1323,cross,53,2065,14,1065,0.854,1.1346,0.854,0,0.1258,1.0,0.0,0.0,0.8519
1324,cross,53,2065,14,65,0.7625,1.1331,0.7441,0,0.0951,1.0,0.0,0.0,0.6683
1325,cross,53,1065,14,1065,0.579,1.6554,0.579,0,0.114,1.0,0.0,0.0,0.8692
1326,cross,53,1065,14,65,0.5546,1.6449,0.5546,0,0.0984,1.0,0.0,0.0,0.6377
1327,cross,53,2065,14,65,0.7625,1.1331,0.7441,0,0.0951,1.0,0.0,0.0,0.6683
1328,cross,53,1065,14,65,0.5546,1.6449,0.5546,0,0.0984,1.0,0.0,0.0,0.6377
1329,cross,53,2065,14,1065,0.854,1.1346,0.854,0,0.1258,1.0,0.0,0.0,0.8519
1330,cross,53,65,14,65,0.5837,1.3817,0.5803,0,0.1057,1.0,0.0,0.0,0.7775
1331,cross,14,1065,96,58065,0.1944,1.2957,0.1944,12,0.3895,1.0,0.0,0.0,0.8069
1332,cross,14,65,96,15065,1.0,1.8681,0.5325,0,0.4041,1.0,0.0,0.0,0.8086
1333,cross,14,1065,96,50065,0.1893,1.3146,0.1326,12,0.3492,1.0,0.0,0.0,0.8069
1334,cross,14,1065,96,49065,0.1944,1.2957,0.1944,12,0.3895,1.0,0.0,0.0,0.8069
1335,cross,14,1065,96,56065,0.1944,1.2957,0.1944,12,0.3895,1.0,0.0,0.0,0.8069
1336,cross,14,65,96,4065,1.0,1.8681,0.5325,0,0.4041,1.0,0.0,0.0,0.8086
1337,cross,14,65,96,3065,1.0,1.8681,0.5325,0,0.4041,1.0,0.0,0.0,0.8086
1338,cross,14,65,96,58065,1.0,1.8681,0.5325,0,0.4041,1.0,0.0,0.0,0.8086
1339,cross,14,65,96,40065,1.0,1.8681,0.5325,0,0.4041,1.0,0.0,0.0,0.8086
1340,cross,14,65,96,46065,1.0,1.8681,0.3027,1,0.4041,1.0,0.0,0.0,0.8086
1341,cross,14,1065,96,20065,0.1944,1.2957,0.1944,6,0.3895,1.0,0.0,0.0,0.8069
1342,cross,14,65,100,65,0.4669,1.9872,0.4669,0,0.1552,1.0,0.0,0.0,0.5421
1343,cross,14,65,100,4065,0.4236,1.9816,0.3674,9,0.0994,1.0,0.0,0.0,0.8307
1344,cross,14,65,100,17065,0.4477,1.9863,0.2817,2,0.1306,1.0,0.0,0.0,0.8516
1345,cross,14,1065,100,3065,0.1577,1.4154,0.1436,12,0.1019,1.0,0.0,0.0,0.7973
1346,cross,14,1065,100,10065,0.1561,1.4192,0.1393,12,0.0887,1.0,0.0,0.0,0.8047
1347,cross,14,1065,100,10065,0.1561,1.4192,0.1393,12,0.0887,1.0,0.0,0.0,0.8047
1348,cross,14,65,100,13065,0.4594,1.9871,0.2529,2,0.1457,1.0,0.0,0.0,0.8455
1349,cross,14,65,100,12065,0.4264,1.9824,0.3866,1,0.1031,1.0,0.0,0.0,0.8307
1350,cross,14,1065,100,12065,0.157,1.4169,0.1397,12,0.0967,1.0,0.0,0.0,0.8047
1351,cross,14,1065,100,8065,0.1565,1.4182,0.1423,12,0.092,1.0,0.0,0.0,0.8047
1352,cross,14,1065,100,20065,0.1612,1.4067,0.1541,12,0.13,1.0,0.0,0.0,0.793
1353,cross,14,1065,31,7065,0.1569,1.4172,0.147,12,0.0956,1.0,0.0,0.0,0.6413
1354,cross,14,1065,31,2065,0.1582,1.4141,0.155,12,0.1062,1.0,0.0,0.0,0.5992
1355,cross,14,1065,31,65,0.1582,1.4141,0.1401,12,0.1062,1.0,0.0,0.0,0.8937
1356,cross,14,65,31,1065,0.4778,1.9866,0.4778,0,0.1692,1.0,0.0,0.0,0.7945
1357,cross,14,1065,31,2065,0.1582,1.4141,0.155,12,0.1062,1.0,0.0,0.0,0.5992
1358,cross,14,1065,31,3065,0.1618,1.4052,0.1618,12,0.1344,1.0,0.0,0.0,0.7556
1359,cross,14,65,31,2065,0.4307,1.9834,0.4307,0,0.1087,1.0,0.0,0.0,0.6035
1360,cross,14,65,31,1065,0.4778,1.9866,0.4778,0,0.1692,1.0,0.0,0.0,0.7945
1361,cross,14,1065,31,5065,0.1622,1.4041,0.1622,12,0.1377,1.0,0.0,0.0,0.7742
1362,cross,14,1065,31,6065,0.1567,1.4178,0.141,12,0.0936,1.0,0.0,0.0,0.6751
1363,cross,14,1065,31,65,0.1582,1.4141,0.1401,12,0.1062,1.0,0.0,0.0,0.8937
1364,cross,14,1065,77,3065,0.1668,1.3911,0.1511,12,0.1741,1.0,0.0,0.0,0.6535
1365,cross,14,65,77,6065,0.4743,1.9869,0.3925,7,0.1648,1.0,0.0,0.0,0.7601
1366,cross,14,65,77,7065,0.4533,1.9868,0.2766,3,0.1378,1.0,0.0,0.0,0.8669
1367,cross,14,65,77,3065,0.4816,1.9862,0.3892,4,0.1741,1.0,0.0,0.0,0.6811
1368,cross,14,1065,77,7065,0.1622,1.4042,0.1325,12,0.1374,1.0,0.0,0.0,0.8011
1369,cross,14,65,77,6065,0.4743,1.9869,0.3925,7,0.1648,1.0,0.0,0.0,0.7601
1370,cross,14,65,77,65,0.4213,1.9809,0.3853,4,0.0964,1.0,0.0,0.0,0.8822
1371,cross,14,65,77,6065,0.4743,1.9869,0.3925,7,0.1648,1.0,0.0,0.0,0.7601
1372,cross,14,1065,77,5065,0.1636,1.4003,0.1509,12,0.1489,1.0,0.0,0.0,0.8113
1373,cross,14,1065,77,5065,0.1636,1.4003,0.1509,12,0.1489,1.0,0.0,0.0,0.8113
1374,cross,14,65,77,2065,0.4441,1.9859,0.213,11,0.126,1.0,0.0,0.0,0.8761
1375,cross,14,1065,178,65,0.1596,1.4109,0.1568,12,0.1167,1.0,0.0,0.0,0.6762
1376,cross,14,1065,178,65,0.1596,1.4109,0.1568,12,0.1167,1.0,0.0,0.0,0.6762
1377,cross,14,65,178,1065,0.4379,1.9849,0.4379,7,0.118,1.0,0.0,0.0,0.8507
1378,cross,14,1065,178,65,0.1596,1.4109,0.1568,12,0.1167,1.0,0.0,0.0,0.6762
1379,cross,14,65,178,65,0.4383,1.985,0.4383,1,0.1186,1.0,0.0,0.0,0.6603
1380,cross,14,1065,178,1065,0.158,1.4146,0.1554,12,0.1046,1.0,0.0,0.0,0.8608
1381,cross,14,65,178,5065,0.4186,1.9801,0.2859,9,0.0929,1.0,0.0,0.0,0.8821
1382,cross,14,1065,178,1065,0.158,1.4146,0.1554,12,0.1046,1.0,0.0,0.0,0.8608
1383,cross,14,65,178,5065,0.4186,1.9801,0.2859,9,0.0929,1.0,0.0,0.0,0.8821
1384,cross,14,65,178,2065,0.4451,1.986,0.3019,10,0.1272,1.0,0.0,0.0,0.8566
1385,cross,14,65,178,2065,0.4451,1.986,0.3019,10,0.1272,1.0,0.0,0.0,0.8566
1386,cross,14,1065,33,65,0.1857,1.3277,0.1857,12,0.3212,1.0,0.0,0.0,0.8069
1387,cross,14,1065,33,1065,0.1659,1.3938,0.1659,12,0.1667,1.0,0.0,0.0,0.8673
1388,cross,14,65,33,65,1.0,1.9159,0.4091,0,0.3422,1.0,0.0,0.0,0.8086
1389,cross,14,65,33,1065,0.476,1.9867,0.4646,0,0.1669,1.0,0.0,0.0,0.9126
1390,cross,14,65,33,4065,0.527,1.9731,0.527,2,0.2343,1.0,0.0,0.0,0.7875
1391,cross,14,1065,33,2065,0.1734,1.3706,0.1581,12,0.2254,1.0,0.0,0.0,0.8069
1392,cross,14,1065,33,1065,0.1659,1.3938,0.1659,12,0.1667,1.0,0.0,0.0,0.8673
1393,cross,14,65,33,4065,0.527,1.9731,0.527,2,0.2343,1.0,0.0,0.0,0.7875
1394,cross,14,65,33,2065,1.0,1.9675,0.341,2,0.2494,1.0,0.0,0.0,0.8086
1395,cross,14,65,33,1065,0.476,1.9867,0.4646,0,0.1669,1.0,0.0,0.0,0.9126
1396,cross,14,65,33,2065,1.0,1.9675,0.341,2,0.2494,1.0,0.0,0.0,0.8086
1397,cross,14,1065,3,3065,0.1893,1.3146,0.1893,12,0.3492,1.0,0.0,0.0,0.6516
1398,cross,14,1065,3,3065,0.1893,1.3146,0.1893,12,0.3492,1.0,0.0,0.0,0.6516
1399,cross,14,1065,3,3065,0.1893,1.3146,0.1893,12,0.3492,1.0,0.0,0.0,0.6516
1400,cross,14,65,3,65,1.0,1.8971,0.5884,0,0.3679,1.0,0.0,0.0,0.8441
1401,cross,14,65,3,2065,1.0,1.8971,0.5946,0,0.3679,1.0,0.0,0.0,0.9014
1402,cross,14,1065,3,3065,0.1893,1.3146,0.1893,12,0.3492,1.0,0.0,0.0,0.6516
1403,cross,14,1065,3,1065,0.1893,1.3146,0.1893,11,0.3492,1.0,0.0,0.0,0.5913
1404,cross,14,1065,3,3065,0.1893,1.3146,0.1893,12,0.3492,1.0,0.0,0.0,0.6516
1405,cross,14,65,3,3065,1.0,1.8971,0.5844,0,0.3679,1.0,0.0,0.0,0.6905
1406,cross,14,65,3,2065,1.0,1.8971,0.5946,0,0.3679,1.0,0.0,0.0,0.9014
1407,cross,14,1065,3,65,0.1893,1.3146,0.1893,12,0.3492,1.0,0.0,0.0,0.808
1408,cross,14,65,11,1065,0.4529,1.9868,0.4529,0,0.1373,1.0,0.0,0.0,0.5612
1409,cross,14,65,11,65,0.4528,1.9868,0.4528,0,0.1372,1.0,0.0,0.0,0.7152
1410,cross,14,65,11,2065,0.4612,1.9872,0.4612,0,0.148,1.0,0.0,0.0,0.7816
1411,cross,14,1065,11,3065,0.1602,1.4093,0.1527,12,0.1218,1.0,0.0,0.0,0.7816
1412,cross,14,65,11,2065,0.4612,1.9872,0.4612,0,0.148,1.0,0.0,0.0,0.7816
1413,cross,14,65,11,65,0.4528,1.9868,0.4528,0,0.1372,1.0,0.0,0.0,0.7152
1414,cross,14,65,11,1065,0.4529,1.9868,0.4529,0,0.1373,1.0,0.0,0.0,0.5612
1415,cross,14,65,11,3065,0.4416,1.9855,0.4416,0,0.1228,1.0,0.0,0.0,0.7737
1416,cross,14,65,11,65,0.4528,1.9868,0.4528,0,0.1372,1.0,0.0,0.0,0.7152
1417,cross,14,65,11,3065,0.4416,1.9855,0.4416,0,0.1228,1.0,0.0,0.0,0.7737
1418,cross,14,1065,11,1065,0.1621,1.4045,0.1563,12,0.1366,1.0,0.0,0.0,0.6224
1419,cross,14,1065,56,2065,0.1659,1.3937,0.1054,12,0.1669,1.0,0.0,0.0,0.8413
1420,cross,14,1065,56,1065,0.1745,1.3669,0.1657,12,0.234,1.0,0.0,0.0,0.7678
1421,cross,14,65,56,2065,0.4927,1.9844,0.301,5,0.1885,1.0,0.0,0.0,0.8728
1422,cross,14,65,56,65,0.5094,1.98,0.3846,9,0.2104,1.0,0.0,0.0,0.5607
1423,cross,14,65,56,1065,1.0,1.9639,0.4243,6,0.2581,1.0,0.0,0.0,0.8084
1424,cross,14,65,56,2065,0.4927,1.9844,0.301,5,0.1885,1.0,0.0,0.0,0.8728
1425,cross,14,65,56,1065,1.0,1.9639,0.4243,6,0.2581,1.0,0.0,0.0,0.8084
1426,cross,14,1065,56,1065,0.1745,1.3669,0.1657,12,0.234,1.0,0.0,0.0,0.7678
1427,cross,14,65,56,65,0.5094,1.98,0.3846,9,0.2104,1.0,0.0,0.0,0.5607
1428,cross,14,1065,56,2065,0.1659,1.3937,0.1054,12,0.1669,1.0,0.0,0.0,0.8413
1429,cross,14,1065,56,1065,0.1745,1.3669,0.1657,12,0.234,1.0,0.0,0.0,0.7678
1430,cross,14,65,16,65,0.4134,1.9784,0.3859,0,0.086,1.0,0.0,0.0,0.5745
1431,cross,14,1065,16,65,0.1551,1.4212,0.1488,12,0.0812,1.0,0.0,0.0,0.6285
1432,cross,14,65,16,2065,0.4123,1.978,0.4123,0,0.0846,1.0,0.0,0.0,0.7199
1433,cross,14,65,16,1065,0.409,1.9767,0.409,0,0.0802,1.0,0.0,0.0,0.7046
1434,cross,14,1065,16,1065,0.1543,1.4229,0.1476,12,0.0747,1.0,0.0,0.0,0.6657
1435,cross,14,65,16,1065,0.409,1.9767,0.409,0,0.0802,1.0,0.0,0.0,0.7046
1436,cross,14,1065,16,1065,0.1543,1.4229,0.1476,12,0.0747,1.0,0.0,0.0,0.6657
1437,cross,14,1065,16,65,0.1551,1.4212,0.1488,12,0.0812,1.0,0.0,0.0,0.6285
1438,cross,14,1065,16,2065,0.155,1.4215,0.1497,12,0.0799,1.0,0.0,0.0,0.828
1439,cross,14,65,16,2065,0.4123,1.978,0.4123,0,0.0846,1.0,0.0,0.0,0.7199
1440,cross,14,1065,16,65,0.1551,1.4212,0.1488,12,0.0812,1.0,0.0,0.0,0.6285
1441,cross,14,1065,53,65,0.1608,1.4077,0.1481,12,0.1269,1.0,0.0,0.0,0.8452
1442,cross,14,1065,53,65,0.1608,1.4077,0.1481,12,0.1269,1.0,0.0,0.0,0.8452
1443,cross,14,1065,53,2065,0.1563,1.4187,0.1491,12,0.0905,1.0,0.0,0.0,0.6169
1444,cross,14,65,53,1065,0.431,1.9835,0.431,0,0.1091,1.0,0.0,0.0,0.8016
1445,cross,14,1065,53,2065,0.1563,1.4187,0.1491,12,0.0905,1.0,0.0,0.0,0.6169
1446,cross,14,65,53,1065,0.431,1.9835,0.431,0,0.1091,1.0,0.0,0.0,0.8016
1447,cross,14,1065,53,1065,0.1585,1.4136,0.1524,12,0.1079,1.0,0.0,0.0,0.8247
1448,cross,14,65,53,65,0.4453,1.986,0.4206,2,0.1276,1.0,0.0,0.0,0.8005
1449,cross,14,65,53,2065,0.4187,1.9801,0.4187,0,0.093,1.0,0.0,0.0,0.5557
1450,cross,14,65,53,2065,0.4187,1.9801,0.4187,0,0.093,1.0,0.0,0.0,0.5557
1451,cross,14,1065,53,2065,0.1563,1.4187,0.1491,12,0.0905,1.0,0.0,0.0,0.6169
1452,within,96,17065,96,42065,0.9649,1.0001,0.9648,0,0.1667,1.0,0.0,0.5,1.0
1453,within,96,14065,96,50065,0.383,1.4154,0.383,0,0.1667,1.0,0.0,0.0,1.0
1454,within,96,7065,96,40065,0.6671,1.0001,0.6671,3,0.0,1.0,0.0,1.0,1.0
1455,within,96,17065,96,53065,0.9635,1.0001,0.9635,0,0.0,1.0,0.0,0.0,1.0
1456,within,96,6065,96,16065,0.4474,1.0003,0.4474,0,0.1667,1.0,0.0,0.0,1.0
1457,within,96,39065,96,55065,1.1141,1.7995,1.0,0,0.1667,1.0,0.0,0.0,1.0
1458,within,96,3065,96,49065,0.4329,1.0006,0.4329,0,0.0,1.0,0.0,0.0,1.0
1459,within,96,26065,96,38065,0.5221,1.0001,0.5221,0,0.1549,1.0,0.0,0.2222,1.0
1460,within,96,10065,96,44065,0.7701,1.6884,0.7462,0,0.1959,1.0,0.0,0.3333,1.0
1461,within,96,23065,96,29065,0.7904,1.0,0.7904,0,0.0,1.0,0.0,0.0,1.0
1462,within,96,5065,96,16065,0.8764,1.0001,0.8764,0,0.0,1.0,0.0,1.0,1.0
1463,within,96,2065,96,11065,0.9014,1.0001,0.9014,0,0.1667,1.0,0.0,0.0,1.0
1464,within,96,10065,96,35065,0.7329,1.6123,0.7329,0,0.0,1.0,0.0,0.0,1.0
1465,within,96,6065,96,40065,0.4466,1.0003,0.4466,0,0.1667,1.0,0.0,0.1429,1.0
1466,within,96,36065,96,57065,1.0,1.2133,1.0,0,0.0,1.0,0.0,1.0,1.0
1467,within,96,18065,96,47065,0.3971,1.0001,0.3971,0,0.1667,1.0,0.0,0.0,1.0
1468,within,96,11065,96,47065,0.6096,1.0001,0.6096,0,0.1667,1.0,0.0,0.0,1.0
1469,within,96,14065,96,56065,0.3636,1.3599,0.3636,0,0.0,1.0,0.0,0.0,1.0
1470,within,96,37065,96,48065,0.8405,1.0,0.8405,0,0.0,1.0,0.0,1.0,1.0
1471,within,96,11065,96,29065,0.61,1.0001,0.6099,0,0.0,1.0,0.0,0.0,1.0
1472,within,96,10065,96,54065,0.7329,1.6123,0.7329,0,0.0,1.0,0.0,0.0,1.0
1473,within,96,29065,96,54065,0.8906,1.0001,0.8906,0,0.1667,1.0,0.0,0.3333,1.0
1474,within,96,31065,96,56065,0.8,1.0,0.8,0,0.0,1.0,0.0,1.0,1.0
1475,within,96,12065,96,23065,0.8413,1.0001,0.8413,0,0.0,1.0,0.0,1.0,1.0
1476,within,96,23065,96,38065,0.79,1.0,0.7899,0,0.1667,1.0,0.0,0.0,1.0
1477,within,96,16065,96,53065,0.8847,1.0,0.8847,0,0.0,1.0,0.0,1.0,1.0
1478,within,96,19065,96,50065,0.8635,1.0001,0.8635,0,0.1515,1.0,0.0,0.0833,1.0
1479,within,96,17065,96,45065,0.9635,1.0001,0.9628,0,0.0,1.0,0.0,0.0,1.0
1480,within,96,6065,96,46065,0.4466,1.0003,0.4466,0,0.1667,1.0,0.0,0.1429,1.0
1481,within,96,20065,96,45065,0.494,1.0,0.4486,0,0.0,1.0,0.0,0.0,1.0
1482,within,96,7065,96,49065,0.4258,1.0001,0.4258,3,0.0,1.0,0.0,0.0,1.0
1483,within,96,65,96,51065,1.0,1.5249,1.0,0,0.0,1.0,0.0,1.0,1.0
1484,within,96,11065,96,54065,0.61,1.0001,0.61,0,0.0,1.0,0.0,0.0,1.0
1485,within,96,10065,96,45065,0.7329,1.6123,0.7029,0,0.0,1.0,0.0,0.0,1.0
1486,within,96,13065,96,27065,1.0,1.575,1.0,0,0.0,1.0,0.0,1.0,1.0
1487,within,96,6065,96,33065,0.4466,1.0003,0.4466,0,0.1667,1.0,0.0,0.1429,1.0
1488,within,96,21065,96,55065,0.8708,1.0001,0.8708,0,0.0,1.0,0.0,1.0,1.0
1489,within,96,7065,96,15065,0.6671,1.0001,0.6671,3,0.0,1.0,0.0,1.0,1.0
1490,within,96,36065,96,41065,1.0,1.163,1.0,0,0.0,1.0,0.0,0.0,1.0
1491,within,96,20065,96,44065,0.6988,1.0,0.6988,0,0.1959,1.0,0.0,0.3333,1.0
1492,within,96,24065,96,52065,0.7485,1.0,0.7485,0,0.1667,1.0,0.0,0.0,1.0
1493,within,96,6065,96,32065,0.4464,1.0003,0.4464,0,0.1515,1.0,0.0,0.1818,1.0
1494,within,96,12065,96,44065,0.6908,1.0001,0.6908,0,0.1959,1.0,0.0,0.3333,1.0
1495,within,96,1065,96,39065,0.5503,1.5096,0.5267,0,0.1667,1.0,0.0,1.0,1.0
1496,within,96,27065,96,49065,0.5204,1.0,0.5204,0,0.0,1.0,0.0,0.0,1.0
1497,within,96,65,96,13065,1.0,1.566,1.0,0,0.0,1.0,0.0,0.0,1.0
1498,within,96,41065,96,54065,0.8856,1.0001,0.8856,0,0.0,1.0,0.0,1.0,1.0
1499,within,96,41065,96,55065,0.8856,1.0001,0.8856,0,0.0,1.0,0.0,1.0,1.0
1500,within,96,8065,96,43065,0.9049,1.0001,0.9049,0,0.0,1.0,0.0,0.0,1.0
1501,within,96,21065,96,35065,0.8708,1.0001,0.8708,0,0.0,1.0,0.0,1.0,1.0
1502,within,100,2065,100,19065,0.5668,1.0979,0.4161,0,0.2996,1.0,0.6199,0.0128,0.9005
1503,within,100,3065,100,8065,0.816,1.1301,0.638,0,0.3458,1.0,0.6202,0.0,1.0
1504,within,100,65,100,12065,0.0733,1.6369,0.0733,18,0.2203,1.0,0.1851,0.0225,0.7951
1505,within,100,6065,100,20065,0.9256,1.1493,0.8916,0,0.2947,1.0,0.5566,0.0685,0.9573
1506,within,100,2065,100,7065,0.6919,1.1005,0.5411,3,0.3459,1.0,0.6183,0.0059,1.0
1507,within,100,10065,100,15065,0.8484,1.0033,0.4251,0,0.4804,1.0,0.7001,0.0741,1.0
1508,within,100,10065,100,20065,0.9751,1.0012,0.9726,0,0.2749,1.0,0.5522,0.069,0.9573
1509,within,100,7065,100,12065,0.7181,1.0052,0.7029,0,0.4138,1.0,0.8046,0.0621,1.0
1510,within,100,1065,100,13065,0.6216,1.1749,0.6145,0,0.4333,1.0,0.5596,0.0112,0.932
1511,within,100,6065,100,12065,0.7,1.7096,0.6567,0,0.4107,1.0,0.8087,0.0675,1.0
1512,within,100,9065,100,16065,0.914,1.0024,0.914,0,0.3053,1.0,0.625,0.0764,0.9246
1513,within,100,3065,100,13065,0.9265,1.192,0.4933,0,0.4535,1.0,0.6095,0.0119,0.9926
1514,within,100,1065,100,6065,0.5472,1.1801,0.5472,0,0.4824,1.0,0.5576,0.0,0.9246
1515,within,100,2065,100,15065,0.8943,1.1251,0.4619,0,0.4332,1.0,0.6129,0.0117,1.0
1516,within,100,4065,100,14065,1.0,1.2029,1.0,0,0.4669,1.0,0.77,0.0755,1.0
1517,within,100,4065,100,12065,1.0,1.1923,1.0,0,0.3901,1.0,0.8116,0.0745,1.0
1518,within,100,2065,100,14065,0.7951,1.1179,0.4475,0,0.3937,1.0,0.616,0.0119,1.0
1519,within,100,2065,100,17065,0.8505,1.1235,0.4468,0,0.4176,1.0,0.624,0.0118,0.9805
1520,within,100,1065,100,15065,0.6237,1.1694,0.5259,0,0.4053,1.0,0.56,0.0111,0.9246
1521,within,100,3065,100,10065,0.7435,1.1371,0.4552,0,0.3298,1.0,0.6274,0.0118,1.0
1522,within,100,3065,100,18065,0.744,1.1409,0.6469,0,0.3314,1.0,0.6458,0.0119,1.0
1523,within,100,2065,100,12065,0.6574,1.1089,0.5862,0,0.3444,1.0,0.6416,0.0118,1.0
1524,within,100,11065,100,17065,0.9641,1.017,0.9641,0,0.5276,1.0,0.6952,0.0755,0.9805
1525,within,100,65,100,17065,0.0732,1.6206,0.0732,18,0.2076,1.0,0.1719,0.0227,0.7938
1526,within,100,2065,100,8065,0.7112,1.0945,0.5617,2,0.3478,1.0,0.6183,0.0,1.0
1527,within,100,10065,100,17065,0.8608,1.0036,0.4543,0,0.4685,1.0,0.7111,0.075,0.9805
1528,within,100,14065,100,19065,0.8884,1.1929,0.8068,0,0.3971,1.0,0.6564,0.0816,0.9005
1529,within,100,11065,100,18065,0.9312,1.0197,0.7958,0,0.4726,1.0,0.7183,0.0755,1.0
1530,within,100,8065,100,17065,0.9108,1.0012,0.4951,0,0.4777,1.0,0.7105,0.0621,0.9805
1531,within,100,6065,100,17065,0.8523,1.3709,0.8322,0,0.4772,1.0,0.7117,0.0679,0.9805
1532,within,100,1065,100,10065,0.5314,1.1547,0.4818,0,0.3026,1.0,0.5793,0.0112,0.9246
1533,within,100,12065,100,17065,0.5448,1.3489,0.4986,0,0.4686,1.0,0.7239,0.0736,0.9805
1534,within,100,65,100,11065,0.0732,1.6219,0.0732,18,0.208,1.0,0.173,0.023,0.7951
1535,within,100,65,100,15065,0.0738,1.6131,0.0738,18,0.2087,1.0,0.1652,0.0222,0.7951
1536,within,100,3065,100,15065,0.9244,1.1869,0.5217,0,0.4396,1.0,0.6157,0.0118,1.0
1537,within,100,65,100,10065,0.072,1.6296,0.072,18,0.1988,1.0,0.1807,0.0225,0.7951
1538,within,100,2065,100,20065,0.6347,1.0842,0.4403,0,0.3023,1.0,0.5801,0.0,0.9573
1539,within,100,4065,100,16065,1.0,1.1416,0.4478,0,0.3031,1.0,0.6299,0.0759,0.9246
1540,within,100,10065,100,18065,0.9645,1.0041,0.8888,0,0.3649,1.0,0.7356,0.075,1.0
1541,within,100,1065,100,7065,0.5369,1.1536,0.5369,0,0.3176,1.0,0.5721,0.0056,0.9246
1542,within,100,65,100,6065,0.0755,1.605,0.0755,18,0.2284,1.0,0.1609,0.0,0.7951
1543,within,100,5065,100,16065,0.7517,1.0009,0.543,0,0.3275,1.0,0.6364,0.0633,0.9246
1544,within,100,11065,100,20065,0.9781,1.0074,0.8467,0,0.3807,1.0,0.5463,0.0694,0.9573
1545,within,100,8065,100,13065,0.6538,1.0022,0.6538,0,0.602,1.0,0.8015,0.0621,0.9926
1546,within,100,5065,100,14065,0.8557,1.0024,0.6195,0,0.4818,1.0,0.7678,0.0629,1.0
1547,within,100,12065,100,20065,0.6536,1.0748,0.6536,0,0.2922,1.0,0.5663,0.0676,0.9573
1548,within,100,7065,100,14065,0.895,1.0056,0.7368,0,0.4836,1.0,0.7655,0.0629,1.0
1549,within,100,7065,100,18065,0.7394,1.0025,0.7394,0,0.3838,1.0,0.731,0.0625,1.0
1550,within,100,65,100,13065,0.0742,1.6131,0.0742,18,0.2141,1.0,0.1647,0.0227,0.7877
1551,within,100,8065,100,20065,0.7849,1.0004,0.6529,0,0.295,1.0,0.5611,0.0694,0.9573
1552,within,31,1065,31,6065,1.0,2.0862,1.0,0,0.3263,1.0,0.5063,0.0882,0.6242
1553,within,31,65,31,7065,1.0,2.4347,1.0,1,0.3535,1.0,0.4826,0.1343,0.6306
1554,within,31,3065,31,8065,1.0,2.2379,1.0,0,0.3504,1.0,0.487,0.2,0.777
1555,within,31,1065,31,7065,1.0,2.1359,1.0,0,0.3329,1.0,0.4802,0.1184,0.622
1556,within,31,65,31,8065,1.0,2.4469,1.0,1,0.3377,1.0,0.4468,0.1569,0.8663
1557,within,31,65,31,5065,1.0,2.3719,1.0,1,0.2933,1.0,0.3968,0.1842,0.9022
1558,within,31,2065,31,8065,1.0,2.5687,1.0,0,0.3787,1.0,0.4198,0.1944,0.8377
1559,within,31,2065,31,7065,1.0,2.4711,1.0,0,0.3649,1.0,0.4512,0.1538,0.6363
1560,within,31,1065,31,8065,1.0,2.2129,1.0,0,0.3642,1.0,0.4443,0.1525,0.8804
1561,within,31,65,31,6065,1.0,2.2527,1.0,1,0.3122,1.0,0.5078,0.0851,0.6427
1562,within,77,65,77,5065,0.4378,2.4481,0.4378,0,0.2182,1.0,0.0954,0.1815,0.7783
1563,within,77,65,77,6065,0.4132,2.3594,0.3983,0,0.2155,1.0,0.0735,0.1329,0.8905
1564,within,77,2065,77,7065,0.4252,1.2488,0.4247,0,0.2408,1.0,0.016,0.0408,0.7936
1565,within,77,1065,77,7065,1.0,2.1421,1.0,0,0.1948,1.0,0.5288,0.2022,0.588
1566,within,77,1065,77,6065,1.0,2.0991,1.0,0,0.2128,1.0,0.5269,0.176,0.5977
1567,within,77,65,77,7065,0.4679,2.309,0.457,0,0.2209,1.0,0.099,0.2824,0.8125
1568,within,178,65,178,5065,1.0,2.7245,1.0,0,0.1255,1.0,0.8601,0.0798,0.8368
1569,control,96,40065,96,40077,1.0,1.0,1.0,0,0.5,1.0,1.0,1.0,1.0
1570,control,96,58065,96,58077,1.6245,1.0614,1.0,0,1.0,1.0,0.9991,0.1111,1.0
1571,control,96,39065,96,39077,1.0,1.1133,1.0,0,1.0,1.0,0.9994,0.3333,1.0
1572,control,96,29065,96,29077,1.0,1.6476,1.0,0,1.0,1.0,0.9994,0.3333,1.0
1573,control,96,35065,96,35077,1.0,1.0,1.0,0,0.5,1.0,1.0,1.0,1.0
1574,control,96,16065,96,16077,1.0,1.0152,1.0,0,1.0,1.0,0.9994,0.3333,1.0
1575,control,96,31065,96,31077,1.0,1.0,1.0,0,0.5,1.0,1.0,1.0,1.0
1576,control,96,53065,96,53077,1.0,1.0,1.0,0,0.5,1.0,1.0,1.0,1.0
1577,control,96,6065,96,6077,1.0,1.138,1.0,0,1.0,1.0,0.9994,0.1429,1.0
1578,control,96,41065,96,41077,1.0,1.0144,1.0,0,0.5,1.0,1.0,1.0,1.0
1579,control,96,57065,96,57077,1.0,1.263,1.0,0,0.5,1.0,1.0,1.0,1.0
1580,control,96,4065,96,4077,1.0,1.0,1.0,0,0.5,1.0,1.0,1.0,1.0
1581,control,96,30065,96,30077,1.0,1.0,1.0,6,0.5,1.0,1.0,1.0,1.0
1582,control,96,33065,96,33077,1.0,1.0,1.0,0,0.5,1.0,1.0,1.0,1.0
1583,control,96,25065,96,25077,0.9559,1.0,0.9559,0,0.5,1.0,1.0,1.0,1.0
1584,control,96,46065,96,46077,1.0,1.0004,1.0,0,0.5,1.0,1.0,1.0,1.0
1585,control,96,54065,96,54077,0.676,1.2096,0.676,0,0.5,1.0,1.0,1.0,1.0
1586,control,96,47065,96,47077,1.0,1.0946,1.0,0,0.5,1.0,1.0,1.0,1.0
1587,control,96,38065,96,38077,1.0,2.0691,1.0,0,0.6667,1.0,0.9991,0.25,1.0
1588,control,96,2065,96,2077,1.0,1.9751,1.0,0,1.0,1.0,0.9994,1.0,1.0
1589,control,96,24065,96,24077,0.7483,1.0,0.7483,0,0.5992,1.0,0.5588,0.1628,0.8863
1590,control,96,51065,96,51077,1.0,1.3191,1.0,0,1.0,1.0,0.9994,0.1667,1.0
1591,control,96,15065,96,15077,0.6923,1.0,0.6923,0,0.5,1.0,1.0,1.0,1.0
1592,control,96,22065,96,22077,1.0,1.0889,1.0,0,0.5,1.0,1.0,1.0,1.0
1593,control,96,36065,96,36077,1.0,1.0,1.0,0,0.5,1.0,1.0,1.0,1.0
1594,control,96,21065,96,21077,1.0,1.2936,1.0,0,1.0,1.0,0.9987,0.3333,1.0
1595,control,96,28065,96,28077,1.0,1.9663,1.0,0,0.5804,1.0,0.9987,0.1667,1.0
1596,control,96,27065,96,27077,1.0,1.0,1.0,0,0.5,1.0,1.0,1.0,1.0
1597,control,96,17065,96,17077,1.0,1.0,1.0,0,0.5,1.0,1.0,1.0,1.0
1598,control,96,8065,96,8077,0.9055,1.0001,0.9051,0,0.5,1.0,1.0,1.0,1.0
1599,control,96,42065,96,42077,1.0,1.0283,1.0,0,0.5,1.0,1.0,1.0,1.0
1600,control,96,19065,96,19077,1.0,1.1811,1.0,0,1.0,1.0,0.9994,0.1667,1.0
1601,control,96,12065,96,12077,1.0,1.0,1.0,0,0.5,1.0,1.0,1.0,1.0
1602,control,100,9065,100,9077,1.0,1.8887,1.0,0,0.4896,1.0,0.9552,0.1333,1.0
1603,control,100,18065,100,18077,1.0995,1.7583,1.0864,0,0.4962,1.0,0.8587,0.1218,1.0
1604,control,100,3065,100,3077,1.0,1.7611,1.0,0,0.5984,1.0,0.8343,0.1342,1.0
1605,control,100,16065,100,16077,1.0,2.374,1.0,0,0.2638,1.0,0.7953,0.1343,0.8619
1606,control,100,19065,100,19077,0.7442,1.4866,0.7442,0,0.284,1.0,0.9001,0.1197,0.9502
1607,control,100,13065,100,13077,1.0,1.2997,1.0,0,0.8635,1.0,0.9661,0.1226,1.0
1608,control,100,12065,100,12077,1.0,1.6663,1.0,0,0.4816,1.0,0.8616,0.1274,1.0
1609,control,100,10065,100,10077,1.0,1.6516,1.0,0,0.4453,1.0,0.9561,0.125,1.0
1610,control,100,17065,100,17077,1.0,1.5576,1.0,0,0.838,1.0,0.9287,0.109,1.0
1611,control,100,1065,100,1077,1.0356,1.6098,0.9172,0,0.5185,1.0,0.9387,0.1024,0.9562
1612,control,100,11065,100,11077,1.0,2.3816,1.0,0,0.804,1.0,0.9657,0.1234,1.0
1613,control,100,65,100,77,0.0684,2.2406,0.0622,18,0.6869,1.0,0.9012,0.75,0.7654
1614,control,100,15065,100,15077,1.0,2.5441,1.0,1,0.7864,1.0,0.9546,0.1169,1.0
1615,control,100,4065,100,4077,1.0,2.0121,1.0,0,0.4837,1.0,0.939,0.1316,1.0
1616,control,100,14065,100,14077,1.0,1.9706,1.0,0,0.788,1.0,0.9277,0.1234,1.0
1617,control,100,8065,100,8077,1.0,2.4797,1.0,0,0.4826,1.0,0.9606,0.0968,1.0
1618,control,100,6065,100,6077,0.6801,1.6422,0.6801,0,0.4826,1.0,0.9605,0.1032,1.0
1619,control,100,5065,100,5077,1.0,2.4906,1.0,0,0.4839,1.0,0.9607,0.0974,1.0
1620,control,100,7065,100,7077,1.0,2.2932,1.0,0,0.4854,1.0,0.9608,0.1039,1.0
1621,control,100,20065,100,20077,1.0,1.2054,1.0,0,0.3021,1.0,0.826,0.1371,0.9223
1622,control,100,2065,100,2077,1.0,2.6623,1.0,0,0.5277,1.0,0.8441,0.1192,0.9865
1623,control,31,8065,31,8077,1.0,2.5481,1.0,0,0.5584,1.0,0.743,0.1231,0.6859
1624,control,31,4065,31,4077,1.0,2.4894,1.0,0,0.6021,1.0,0.8111,0.1667,0.84
1625,control,31,3065,31,3077,1.0,2.1364,1.0,0,0.462,1.0,0.6771,0.1951,0.6864
1626,control,31,5065,31,5077,1.0,1.5143,1.0,0,0.6566,1.0,0.9878,0.3913,0.9744
1627,control,31,6065,31,6077,1.0,2.6074,1.0,0,0.5002,1.0,0.5705,0.0941,0.6839
1628,control,31,2065,31,2077,1.0,2.2148,1.0,0,0.4896,1.0,0.6551,0.1286,0.6144
1629,control,31,1065,31,1077,1.0,2.2999,1.0,0,0.4297,1.0,0.6849,0.1429,0.9221
1630,control,31,7065,31,7077,1.0,1.8628,1.0,0,0.5013,1.0,0.614,0.1216,0.6896
1631,control,31,65,31,77,1.0,2.3988,1.0,1,0.5101,1.0,0.851,0.2195,0.8724
1632,control,77,6065,77,6077,1.0,2.3087,1.0,0,0.2302,1.0,0.7138,0.2345,0.837
1633,control,77,65,77,77,1.0,1.8187,1.0,0,0.2467,1.0,0.7121,0.1972,0.856
1634,control,77,2065,77,2077,0.4706,1.017,0.4706,0,0.7327,1.0,0.9877,0.1186,0.9769
1635,control,77,1065,77,1077,1.0,1.7561,1.0,0,0.3617,1.0,0.706,0.3413,0.7298
1636,control,77,7065,77,7077,1.0,2.06,1.0,0,0.2354,1.0,0.6889,0.1702,0.6588
1637,control,77,3065,77,3077,1.0,1.5714,1.0,0,0.2294,1.0,0.7455,0.1527,0.7918
1638,control,77,4065,77,4077,1.0,2.2333,1.0,0,0.3643,1.0,0.4353,0.0833,0.6122
1639,control,77,5065,77,5077,1.0,2.6268,1.0,0,0.2055,1.0,0.6973,0.2436,0.8312
1640,control,178,4065,178,4077,1.0,1.6354,1.0,0,0.2126,1.0,0.2393,0.1514,0.8116
1641,control,178,1065,178,1077,1.0,2.0557,1.0,0,0.2303,1.0,0.9136,0.073,0.8477
1642,control,178,5065,178,5077,0.9402,2.0793,0.9402,0,0.3418,1.0,0.9529,0.1532,0.8487
1643,control,178,65,178,77,1.0,2.3088,1.0,0,0.1551,1.0,0.8149,0.2721,0.7065
1644,control,178,2065,178,2077,1.0,1.8401,1.0,0,0.2365,1.0,0.9375,0.1341,0.6742
1645,control,178,3065,178,3077,1.0065,1.7396,1.0065,0,0.3552,1.0,0.841,0.1446,0.6116
1646,control,33,65,33,77,1.1197,1.3603,1.1197,0,0.3346,1.0,0.9942,0.0,0.9638
1647,control,33,2065,33,2077,0.6839,1.835,0.6839,0,0.3944,1.0,0.9701,0.2,0.8263
1648,control,33,4065,33,4077,1.0,1.9957,1.0,0,0.3526,1.0,0.997,0.1111,0.9939
1649,control,33,3065,33,3077,1.0,2.2198,1.0,0,0.7159,1.0,0.9979,1.0,0.9939
1650,control,33,1065,33,1077,1.0,1.6346,1.0,0,0.2413,1.0,0.4998,0.0865,0.8145
1651,control,3,3065,3,3077,1.0,1.0,1.0,0,1.0,1.0,0.9846,1.0,0.6881
1652,control,3,1065,3,1077,1.0,1.0,1.0,0,1.0,1.0,0.9978,1.0,0.8015
1653,control,3,2065,3,2077,1.0,1.0,1.0,0,1.0,1.0,0.9786,1.0,0.6965
1654,control,3,65,3,77,1.0,1.0,1.0,0,1.0,1.0,0.9931,1.0,0.8205
1655,control,11,3065,11,3077,1.0,1.9958,1.0,0,0.2831,1.0,0.9222,0.0561,0.6205
1656,control,11,1065,11,1077,1.0,2.6079,1.0,0,0.2549,1.0,0.9286,0.0533,0.8357
1657,control,11,65,11,77,1.0,2.755,1.0,0,0.3096,1.0,0.9349,0.0504,0.6863
1658,control,11,2065,11,2077,1.0,1.9514,1.0,0,0.2751,1.0,0.9067,0.1173,0.8683
1659,control,56,2065,56,2077,0.7979,1.0058,0.7971,0,0.382,1.0,0.9103,0.5,0.8705
1660,control,56,1065,56,1077,1.0,1.9087,1.0,0,0.4452,1.0,0.9958,0.0,0.8951
1661,control,56,65,56,77,1.0,1.2518,1.0,0,0.7902,1.0,0.9983,0.0,0.7582
1662,control,16,2065,16,2077,1.0,1.7706,1.0,0,0.231,1.0,0.9811,0.0389,0.8275
1663,control,16,65,16,77,1.0,2.2447,1.0,0,0.2336,1.0,0.9748,0.0997,0.5886
1664,control,16,1065,16,1077,1.0,2.0228,1.0,0,0.2222,1.0,0.9777,0.0538,0.5886
1665,control,53,65,53,77,1.0,1.5298,1.0,0,0.2812,1.0,0.9101,0.1607,0.7701
1666,control,53,2065,53,2077,1.0,2.335,1.0,0,0.2242,1.0,0.9292,0.0496,0.7381
1667,control,53,1065,53,1077,1.0,1.3735,1.0,0,0.2495,1.0,0.8999,0.1145,0.6931
1668,control,14,65,14,77,1.0,1.0216,1.0,0,0.208,1.0,0.981,0.0997,0.7574
1669,control,14,1065,14,1077,1.0,1.1596,1.0,0,0.165,1.0,0.9832,0.0906,0.9373
