analysis_timestamp_utc,run_id,window,S_R,S_V,S_T,S_A,S_P,HSM
2026-07-05T13:56:59Z,20260705T135649Z,1,0.7877679844,1.0000000000,0.2926090459,0.6666666667,0.6229487179,0.6822394463
2026-07-05T13:56:59Z,20260705T135649Z,2,0.7233498105,1.0000000000,0.9500849642,0.3333333333,0.6385897436,0.7333095737
2026-07-05T13:56:59Z,20260705T135649Z,3,0.6968385816,1.0000000000,0.2577621168,0.5000000000,0.8238461538,0.6493389918
2026-07-05T13:56:59Z,20260705T135649Z,4,0.8178906433,1.0000000000,0.4301275269,0.6666666667,0.5605128205,0.7079084226
2026-07-05T13:56:59Z,20260705T135649Z,5,0.7778850527,1.0000000000,0.8233155708,0.6666666667,0.7005128205,0.7975446338
2026-07-05T13:56:59Z,20260705T135649Z,6,0.6864129653,1.0000000000,0.1305442147,0.5000000000,0.8623076923,0.6270582381
2026-07-05T13:56:59Z,20260705T135649Z,7,1.0000000000,1.0000000000,0.6974855906,1.0000000000,0.8724358974,0.9203625027
2026-07-05T13:56:59Z,20260705T135649Z,8,0.8349916978,1.0000000000,0.6457060008,0.7500000000,0.6017948718,0.7781583554
2026-07-05T13:56:59Z,20260705T135649Z,9,0.8308156933,1.0000000000,0.8846841354,0.6666666667,0.6829487179,0.8204163914
2026-07-05T13:56:59Z,20260705T135649Z,10,0.9291181088,1.0000000000,0.3160325403,1.0000000000,0.7028205128,0.8009091122
2026-07-05T13:56:59Z,20260705T135649Z,11,0.8308156933,1.0000000000,0.7991944448,0.6666666667,0.7010256410,0.8060299918
2026-07-05T13:56:59Z,20260705T135649Z,12,0.8308156933,1.0000000000,0.9023267692,0.6666666667,0.7493589744,0.8339064566
2026-07-05T13:56:59Z,20260705T135649Z,13,0.9291181088,1.0000000000,0.5192856065,1.0000000000,0.7021794872,0.8414635716
2026-07-05T13:56:59Z,20260705T135649Z,14,0.9291181088,1.0000000000,0.5791668483,1.0000000000,0.5800000000,0.8351128969
2026-07-05T13:56:59Z,20260705T135649Z,15,0.9291181088,1.0000000000,0.8108830488,1.0000000000,0.5625641026,0.8788407523
2026-07-05T13:56:59Z,20260705T135649Z,16,1.0000000000,1.0000000000,0.5969264516,1.0000000000,0.8625641026,0.8987699057
2026-07-05T13:56:59Z,20260705T135649Z,17,0.7677204728,1.0000000000,0.9665245833,0.5000000000,0.6470512821,0.7822927272
2026-07-05T13:56:59Z,20260705T135649Z,18,0.6968385816,1.0000000000,0.1559582608,0.5000000000,0.7451282051,0.6171705283
2026-07-05T13:56:59Z,20260705T135649Z,19,0.9291181088,1.0000000000,0.1894336775,1.0000000000,0.6829487179,0.7726085704
2026-07-05T13:56:59Z,20260705T135649Z,20,0.7677204728,1.0000000000,0.9665245833,0.5000000000,0.6582051282,0.7839658041
2026-07-05T13:56:59Z,20260705T135649Z,21,0.6968385816,1.0000000000,0.4365489651,0.5000000000,0.6751282051,0.6627886692
2026-07-05T13:56:59Z,20260705T135649Z,22,0.8178906433,1.0000000000,0.7086634066,0.6666666667,0.5723076923,0.7653848293
2026-07-05T13:56:59Z,20260705T135649Z,23,0.8308156933,1.0000000000,0.7543498162,0.6666666667,0.6165384615,0.7843879891
2026-07-05T13:56:59Z,20260705T135649Z,24,1.0000000000,1.0000000000,0.8775171560,1.0000000000,0.8885897436,0.9587918927
2026-07-05T13:56:59Z,20260705T135649Z,25,0.8308156933,1.0000000000,0.6861489844,0.6666666667,0.6044871795,0.7689401304
2026-07-05T13:56:59Z,20260705T135649Z,26,0.9389292606,1.0000000000,0.5713160609,1.0000000000,0.8344871795,0.8741686043
2026-07-05T13:56:59Z,20260705T135649Z,27,0.8938939633,1.0000000000,0.4770728097,1.0000000000,0.6835897436,0.8214265143
2026-07-05T13:56:59Z,20260705T135649Z,28,1.0000000000,1.0000000000,0.9405180032,1.0000000000,0.7823076923,0.9554497545
2026-07-05T13:56:59Z,20260705T135649Z,29,0.9389292606,1.0000000000,0.6764239361,1.0000000000,0.6357692308,0.8653824870
2026-07-05T13:56:59Z,20260705T135649Z,30,0.7309729266,1.0000000000,0.7847480535,0.5000000000,0.6702564103,0.7402313039
2026-07-05T13:56:59Z,20260705T135649Z,31,0.7877679844,1.0000000000,0.3341009347,0.6666666667,0.6853846154,0.6999032087
2026-07-05T13:56:59Z,20260705T135649Z,32,0.8308156933,1.0000000000,0.9092703219,0.6666666667,0.7957692308,0.8422567056
2026-07-05T13:56:59Z,20260705T135649Z,33,0.8308156933,1.0000000000,0.7305833490,0.6666666667,0.8921794872,0.8209808495
2026-07-05T13:56:59Z,20260705T135649Z,34,0.9291181088,1.0000000000,0.1408931499,1.0000000000,0.7015384615,0.7656889264
2026-07-05T13:56:59Z,20260705T135649Z,35,0.9291181088,1.0000000000,0.4447806586,1.0000000000,0.5914102564,0.8099471974
2026-07-05T13:56:59Z,20260705T135649Z,36,0.9291181088,1.0000000000,0.4447806586,1.0000000000,0.8102564103,0.8427741205
2026-07-05T13:56:59Z,20260705T135649Z,37,0.7677204728,1.0000000000,0.9295534250,0.5000000000,0.7860256410,0.7957446494
2026-07-05T13:56:59Z,20260705T135649Z,38,0.6968385816,1.0000000000,0.2577621168,0.5000000000,0.7014102564,0.6309736072
2026-07-05T13:56:59Z,20260705T135649Z,39,0.6186566985,1.0000000000,0.2573850573,0.3333333333,0.8055128205,0.5936347758
2026-07-05T13:56:59Z,20260705T135649Z,40,0.7677204728,1.0000000000,0.9665245833,0.5000000000,0.7421794872,0.7965619579
2026-07-05T13:56:59Z,20260705T135649Z,41,0.7677204728,1.0000000000,0.9665245833,0.5000000000,0.8903846154,0.8187927272
2026-07-05T13:56:59Z,20260705T135649Z,42,0.9291181088,1.0000000000,0.1039219917,1.0000000000,0.7570512821,0.7666216178
2026-07-05T13:56:59Z,20260705T135649Z,43,0.6968385816,1.0000000000,0.0704465750,0.5000000000,0.7120512821,0.5951066527
2026-07-05T13:56:59Z,20260705T135649Z,44,0.6968385816,1.0000000000,0.4365489651,0.5000000000,0.7756410256,0.6778655923
2026-07-05T13:56:59Z,20260705T135649Z,45,0.5822138547,1.0000000000,0.4222538635,0.2500000000,0.7941025641,0.5991196210
2026-07-05T13:56:59Z,20260705T135649Z,46,0.6251540513,1.0000000000,0.8344014373,0.2500000000,0.8005128205,0.6932457234
2026-07-05T13:56:59Z,20260705T135649Z,47,0.7248934060,1.0000000000,0.3663080433,0.6666666667,0.8193589744,0.7107221397
2026-07-05T13:56:59Z,20260705T135649Z,48,0.9389292606,1.0000000000,0.6946788093,1.0000000000,0.6069230769,0.8647065385
2026-07-05T13:56:59Z,20260705T135649Z,49,0.9694646303,1.0000000000,0.8287355945,1.0000000000,0.6561538462,0.9065363534
2026-07-05T13:56:59Z,20260705T135649Z,50,0.9694646303,1.0000000000,0.8879298276,1.0000000000,0.6978205128,0.9246252000
2026-07-05T13:56:59Z,20260705T135649Z,51,0.6251540513,1.0000000000,0.5961465394,0.2500000000,0.8261538462,0.6494408976
2026-07-05T13:56:59Z,20260705T135649Z,52,0.5857228750,1.0000000000,0.2741606301,0.2500000000,0.8000000000,0.5712628448
2026-07-05T13:56:59Z,20260705T135649Z,53,0.8308156933,1.0000000000,0.7905756498,0.6666666667,0.5625641026,0.7835370020
2026-07-05T13:56:59Z,20260705T135649Z,54,0.7167933476,1.0000000000,0.2242026939,0.4000000000,0.5208974359,0.5821734911
2026-07-05T13:56:59Z,20260705T135649Z,55,0.6916771212,1.0000000000,0.6862158344,0.5000000000,0.6811538462,0.7123355241
2026-07-05T13:56:59Z,20260705T135649Z,56,0.7895834242,1.0000000000,0.7413127992,0.5000000000,0.6519230769,0.7434468774
2026-07-05T13:56:59Z,20260705T135649Z,57,1.0000000000,1.0000000000,0.9999999905,1.0000000000,0.8529487179,0.9779423058
2026-07-05T13:56:59Z,20260705T135649Z,58,1.0000000000,1.0000000000,0.9552415148,1.0000000000,0.6169230769,0.9335867645
2026-07-05T13:56:59Z,20260705T135649Z,59,0.9291181088,1.0000000000,0.5477487407,1.0000000000,0.6861538462,0.8447523523
2026-07-05T13:56:59Z,20260705T135649Z,60,0.6968385816,1.0000000000,0.4365489651,0.5000000000,0.6541025641,0.6596348230
2026-07-05T13:56:59Z,20260705T135649Z,61,0.9999999953,1.0000000000,1.0000000000,1.0000000000,0.5888461538,0.9383269219
2026-07-05T13:56:59Z,20260705T135649Z,62,0.7677204728,1.0000000000,0.7422378832,0.5000000000,0.6167948718,0.7328969256
2026-07-05T13:56:59Z,20260705T135649Z,63,0.8308156933,1.0000000000,0.8588550841,0.6666666667,0.6655128205,0.8126351965
2026-07-05T13:56:59Z,20260705T135649Z,64,0.6820617591,1.0000000000,0.5496738246,0.5000000000,0.7310256410,0.6901040509
2026-07-05T13:56:59Z,20260705T135649Z,65,0.6251540513,1.0000000000,0.6044690365,0.2500000000,0.8306410256,0.6517784740
2026-07-05T13:56:59Z,20260705T135649Z,66,0.9291181088,1.0000000000,0.6943110820,1.0000000000,0.6641025641,0.8707571282
2026-07-05T13:56:59Z,20260705T135649Z,67,0.6968385816,1.0000000000,0.4365489651,0.5000000000,0.6035897436,0.6520579000
2026-07-05T13:56:59Z,20260705T135649Z,68,0.7221149473,1.0000000000,0.7499837614,0.3333333333,0.8320512821,0.7219998481
2026-07-05T13:56:59Z,20260705T135649Z,69,0.7575558929,1.0000000000,0.4892220734,0.6666666667,0.6720512821,0.7213744135
2026-07-05T13:56:59Z,20260705T135649Z,70,0.7575558929,1.0000000000,0.5080917002,0.6666666667,0.7110256410,0.7309944927
2026-07-05T13:56:59Z,20260705T135649Z,71,0.7575558929,1.0000000000,0.3900852729,0.6666666667,0.6655128205,0.7005662842
2026-07-05T13:56:59Z,20260705T135649Z,72,0.6186566985,1.0000000000,0.3139791351,0.3333333333,0.6619230769,0.5834151299
2026-07-05T13:56:59Z,20260705T135649Z,73,0.5857228750,1.0000000000,0.3347133086,0.2500000000,0.7789743590,0.5802195343
2026-07-05T13:56:59Z,20260705T135649Z,74,0.7496918975,1.0000000000,0.9119278398,0.5000000000,0.8034615385,0.7903277731
2026-07-05T13:56:59Z,20260705T135649Z,75,0.6616313865,1.0000000000,0.3646829799,0.5000000000,0.5939743590,0.6274405965
2026-07-05T13:56:59Z,20260705T135649Z,76,0.6616313865,1.0000000000,0.2590577033,0.5000000000,0.7235897436,0.6257578488
2026-07-05T13:56:59Z,20260705T135649Z,77,0.8308156933,1.0000000000,0.8131656506,0.6666666667,0.7733333333,0.8196703868
2026-07-05T13:56:59Z,20260705T135649Z,78,0.6968385816,1.0000000000,0.2577621168,0.5000000000,0.7935897436,0.6448005303
2026-07-05T13:56:59Z,20260705T135649Z,79,0.9999999953,1.0000000000,1.0000000000,1.0000000000,0.7864102564,0.9679615373
2026-07-05T13:56:59Z,20260705T135649Z,80,0.6968385816,1.0000000000,0.2048327647,0.5000000000,0.8456410256,0.6420223522
2026-07-05T13:56:59Z,20260705T135649Z,81,0.9291181088,1.0000000000,0.3160325403,1.0000000000,0.5200000000,0.7734860353
2026-07-05T13:56:59Z,20260705T135649Z,82,0.7677204728,1.0000000000,0.8888002244,0.5000000000,0.5770512821,0.7562478554
2026-07-05T13:56:59Z,20260705T135649Z,83,0.9999999953,1.0000000000,1.0000000000,1.0000000000,0.7761538462,0.9664230757
2026-07-05T13:56:59Z,20260705T135649Z,84,0.6968385816,1.0000000000,0.3144528418,0.5000000000,0.7875641026,0.6552348292
2026-07-05T13:56:59Z,20260705T135649Z,85,0.9291181088,1.0000000000,0.3848994168,1.0000000000,0.6083333333,0.8005094106
2026-07-05T13:56:59Z,20260705T135649Z,86,0.8308156933,1.0000000000,0.8961891502,0.6666666667,0.6119230769,0.8120635482
2026-07-05T13:56:59Z,20260705T135649Z,87,0.8178906433,1.0000000000,0.6006301841,0.6666666667,0.6421794872,0.7542589540
2026-07-05T13:56:59Z,20260705T135649Z,88,0.9291181088,1.0000000000,0.4700243819,1.0000000000,0.6647435897,0.8259959420
2026-07-05T13:56:59Z,20260705T135649Z,89,0.6666666667,1.0000000000,0.9526695251,0.3333333333,0.8288461538,0.7481941614
2026-07-05T13:56:59Z,20260705T135649Z,90,0.7248934060,1.0000000000,0.1196946536,0.6666666667,0.8023076923,0.6588417694
2026-07-05T13:56:59Z,20260705T135649Z,91,0.9189432581,1.0000000000,0.2002806055,1.0000000000,0.5292307692,0.7491765510
2026-07-05T13:56:59Z,20260705T135649Z,92,0.9189432581,1.0000000000,0.3804087938,1.0000000000,0.5230769231,0.7842791118
2026-07-05T13:56:59Z,20260705T135649Z,93,0.9389292606,1.0000000000,0.6937401240,1.0000000000,0.5019230769,0.8487688015
2026-07-05T13:56:59Z,20260705T135649Z,94,1.0000000000,1.0000000000,0.6748340540,1.0000000000,0.6100000000,0.8764668108
2026-07-05T13:56:59Z,20260705T135649Z,95,0.8274928135,1.0000000000,0.5731830391,0.6666666667,0.8288461538,0.7791700676
2026-07-05T13:56:59Z,20260705T135649Z,96,0.8274928135,1.0000000000,0.7153604996,0.6666666667,0.7683333333,0.7985286366
2026-07-05T13:56:59Z,20260705T135649Z,97,0.7470254735,1.0000000000,0.6469546764,0.5000000000,0.5742307692,0.7022819190
2026-07-05T13:56:59Z,20260705T135649Z,98,0.9189432581,1.0000000000,0.5291529815,1.0000000000,0.8903846154,0.8691241031
2026-07-05T13:56:59Z,20260705T135649Z,99,0.7107144013,1.0000000000,0.8002247874,0.5000000000,0.6303846154,0.7322812501
2026-07-05T13:56:59Z,20260705T135649Z,100,0.8178906433,1.0000000000,0.3287584004,0.6666666667,0.6191025641,0.6964230588
2026-07-05T13:56:59Z,20260705T135649Z,101,0.7778850527,1.0000000000,0.8953096701,0.6666666667,0.7820512821,0.8241742229
2026-07-05T13:56:59Z,20260705T135649Z,102,0.7575558929,1.0000000000,0.2929962928,0.6666666667,0.6065384615,0.6723023343
2026-07-05T13:56:59Z,20260705T135649Z,103,0.6968385816,1.0000000000,0.2577621168,0.5000000000,0.6571794872,0.6243389918
2026-07-05T13:56:59Z,20260705T135649Z,104,0.9999999953,1.0000000000,1.0000000000,1.0000000000,0.7056410256,0.9558461527
2026-07-05T13:56:59Z,20260705T135649Z,105,0.7322795272,1.0000000000,0.5000000000,0.5000000000,0.8207692308,0.7061852664
2026-07-05T13:56:59Z,20260705T135649Z,106,0.9645590544,1.0000000000,0.6111997756,1.0000000000,0.5783333333,0.8501297187
2026-07-05T13:56:59Z,20260705T135649Z,107,0.8048689313,1.0000000000,0.9163663756,0.6666666667,0.8006410256,0.8379199951
2026-07-05T13:56:59Z,20260705T135649Z,108,0.8048689313,1.0000000000,0.9163663756,0.6666666667,0.6952564103,0.8221123028
2026-07-05T13:56:59Z,20260705T135649Z,109,0.9645590544,1.0000000000,0.6111997756,1.0000000000,0.6097435897,0.8548412572
2026-07-05T13:56:59Z,20260705T135649Z,110,0.7322795272,1.0000000000,0.5000000000,0.5000000000,0.7775641026,0.6997044972
2026-07-05T13:56:59Z,20260705T135649Z,111,0.7677204728,1.0000000000,0.6256659164,0.5000000000,0.5229487179,0.6955056092
2026-07-05T13:56:59Z,20260705T135649Z,112,0.7895834242,1.0000000000,0.8538341737,0.5000000000,0.6384615385,0.7639319216
2026-07-05T13:56:59Z,20260705T135649Z,113,0.7475513658,1.0000000000,0.5383415937,0.5000000000,0.6655128205,0.6943830833
2026-07-05T13:56:59Z,20260705T135649Z,114,0.7248934060,1.0000000000,0.3663080433,0.6666666667,0.8253846154,0.7116259858
2026-07-05T13:56:59Z,20260705T135649Z,115,0.8349916978,1.0000000000,0.4396185245,0.7500000000,0.5606410256,0.7307677832
2026-07-05T13:56:59Z,20260705T135649Z,116,0.8461736740,1.0000000000,0.6117443723,0.7500000000,0.5735897436,0.7699307545
2026-07-05T13:56:59Z,20260705T135649Z,117,0.8308156933,1.0000000000,0.9440731031,0.6666666667,0.6428205128,0.8262749542
2026-07-05T13:56:59Z,20260705T135649Z,118,0.8178906433,1.0000000000,0.7086634066,0.6666666667,0.8002564103,0.7995771370
2026-07-05T13:56:59Z,20260705T135649Z,119,0.6474930472,1.0000000000,0.3768724789,0.4000000000,0.7471794872,0.6293246806
2026-07-05T13:56:59Z,20260705T135649Z,120,0.7179667542,1.0000000000,0.3335449817,0.7500000000,0.6876923077,0.6993545311
2026-07-05T13:56:59Z,20260705T135649Z,121,0.6251540513,1.0000000000,0.7131787952,0.2500000000,0.8070512821,0.6699819642
2026-07-05T13:56:59Z,20260705T135649Z,122,0.9291181088,1.0000000000,0.1039219917,1.0000000000,0.8005128205,0.7731408486
2026-07-05T13:56:59Z,20260705T135649Z,123,0.8308156933,1.0000000000,0.6305422954,0.6666666667,0.7189743590,0.7749918696
2026-07-05T13:56:59Z,20260705T135649Z,124,0.8308156933,1.0000000000,0.7074047296,0.6666666667,0.5814102564,0.7697297410
2026-07-05T13:56:59Z,20260705T135649Z,125,0.7677204728,1.0000000000,0.8888002244,0.5000000000,0.8593589744,0.7985940092
2026-07-05T13:56:59Z,20260705T135649Z,126,0.7677204728,1.0000000000,0.9665245833,0.5000000000,0.6725641026,0.7861196502
2026-07-05T13:56:59Z,20260705T135649Z,127,0.9291181088,1.0000000000,0.1039219917,1.0000000000,0.6939743590,0.7571600794
2026-07-05T13:56:59Z,20260705T135649Z,128,0.9291181088,1.0000000000,0.1039219917,1.0000000000,0.7701282051,0.7685831563
2026-07-05T13:56:59Z,20260705T135649Z,129,0.7677204728,1.0000000000,0.9665245833,0.5000000000,0.6585897436,0.7840234964
2026-07-05T13:56:59Z,20260705T135649Z,130,0.6968385816,1.0000000000,0.2577621168,0.5000000000,0.8257692308,0.6496274534
2026-07-05T13:56:59Z,20260705T135649Z,131,0.8178906433,1.0000000000,0.3749562282,0.6666666667,0.5810256410,0.6999510859
2026-07-05T13:56:59Z,20260705T135649Z,132,0.7221149473,1.0000000000,0.8757779321,0.3333333333,0.7906410256,0.7409471438
2026-07-05T13:56:59Z,20260705T135649Z,133,0.7677204728,1.0000000000,0.5634510349,0.5000000000,0.7417948718,0.7158895559
2026-07-05T13:56:59Z,20260705T135649Z,134,0.8308156933,1.0000000000,0.7664218087,0.6666666667,0.5787179487,0.7811293107
2026-07-05T13:56:59Z,20260705T135649Z,135,0.7778850527,1.0000000000,0.7416298882,0.6666666667,0.7497435897,0.7885921126
2026-07-05T13:56:59Z,20260705T135649Z,136,0.7248934060,1.0000000000,0.1214303012,0.6666666667,0.7991025641,0.6587081297
2026-07-05T13:56:59Z,20260705T135649Z,137,0.9389292606,1.0000000000,0.2854820100,1.0000000000,0.5887179487,0.7801364095
2026-07-05T13:56:59Z,20260705T135649Z,138,0.7778850527,1.0000000000,0.8342126435,0.6666666667,0.5717948718,0.7804163560
2026-07-05T13:56:59Z,20260705T135649Z,139,0.6186566985,1.0000000000,0.2045394815,0.3333333333,0.7961538462,0.5816618145
2026-07-05T13:56:59Z,20260705T135649Z,140,0.8178906433,1.0000000000,0.5391490121,0.6666666667,0.7953846154,0.7649434889
2026-07-05T13:56:59Z,20260705T135649Z,141,0.8178906433,1.0000000000,0.3685807335,0.6666666667,0.8253846154,0.7353298332
2026-07-05T13:56:59Z,20260705T135649Z,142,0.6186566985,1.0000000000,0.1557382910,0.3333333333,0.6350000000,0.5477284995
2026-07-05T13:56:59Z,20260705T135649Z,143,0.7248934060,1.0000000000,0.1707724867,0.6666666667,0.5789743590,0.6355573360
2026-07-05T13:56:59Z,20260705T135649Z,144,0.7778850527,1.0000000000,0.7302972117,0.6666666667,0.8302564103,0.7984025004
2026-07-05T13:56:59Z,20260705T135649Z,145,0.9291181088,1.0000000000,0.6943110820,1.0000000000,0.6280769231,0.8653532821
2026-07-05T13:56:59Z,20260705T135649Z,146,0.9291181088,1.0000000000,0.4700243819,1.0000000000,0.6737179487,0.8273420959
2026-07-05T13:56:59Z,20260705T135649Z,147,0.7677204728,1.0000000000,0.9665245833,0.5000000000,0.6417948718,0.7815042656
2026-07-05T13:56:59Z,20260705T135649Z,148,0.7677204728,1.0000000000,0.5634510349,0.5000000000,0.5892307692,0.6930049406
2026-07-05T13:56:59Z,20260705T135649Z,149,0.8308156933,1.0000000000,0.7264618900,0.6666666667,0.6389743590,0.7821757885
2026-07-05T13:56:59Z,20260705T135649Z,150,0.8308156933,1.0000000000,0.8614710364,0.6666666667,0.6024358974,0.8036968485
2026-07-05T13:56:59Z,20260705T135649Z,151,1.0000000000,1.0000000000,1.0000000000,1.0000000000,0.7823076923,0.9673461538
2026-07-05T13:56:59Z,20260705T135649Z,152,0.9291181088,1.0000000000,0.2383081814,1.0000000000,0.6866666667,0.7829411635
2026-07-05T13:56:59Z,20260705T135649Z,153,0.9291181088,1.0000000000,0.2383081814,1.0000000000,0.7956410256,0.7992873173
2026-07-05T13:56:59Z,20260705T135649Z,154,0.7677204728,1.0000000000,0.9665245833,0.5000000000,0.7189743590,0.7930811887
2026-07-05T13:56:59Z,20260705T135649Z,155,0.6665729829,1.0000000000,0.3352247013,0.3333333333,0.7838461538,0.6179317757
2026-07-05T13:56:59Z,20260705T135649Z,156,0.5857228750,1.0000000000,0.3242297209,0.2500000000,0.8102564103,0.5828151245
2026-07-05T13:56:59Z,20260705T135649Z,157,0.8308156933,1.0000000000,0.9105614780,0.6666666667,0.8006410256,0.8432457061
2026-07-05T13:56:59Z,20260705T135649Z,158,0.6961594867,1.0000000000,0.2014412458,0.5000000000,0.7691025641,0.6296935055
2026-07-05T13:56:59Z,20260705T135649Z,159,0.7496918975,1.0000000000,0.9421055274,0.5000000000,0.7089743590,0.7821902337
2026-07-05T13:56:59Z,20260705T135649Z,160,0.7248934060,1.0000000000,0.1675459769,0.6666666667,0.7937179487,0.6671235725
2026-07-05T13:56:59Z,20260705T135649Z,161,0.6251540513,1.0000000000,0.8260550879,0.2500000000,0.8092307692,0.6928841458
2026-07-05T13:56:59Z,20260705T135649Z,162,0.7415433010,1.0000000000,0.5624898655,0.5000000000,0.6951282051,0.7021530291
2026-07-05T13:56:59Z,20260705T135649Z,163,0.8308156933,1.0000000000,0.6671488507,0.6666666667,0.6869230769,0.7775054883
2026-07-05T13:56:59Z,20260705T135649Z,164,0.7895834242,1.0000000000,0.6232796894,0.5000000000,0.7908974359,0.7406864093
2026-07-05T13:56:59Z,20260705T135649Z,165,0.8683435189,1.0000000000,0.8469628210,0.7500000000,0.6288461538,0.8308053670
2026-07-05T13:56:59Z,20260705T135649Z,166,0.9189432581,1.0000000000,0.3388127815,1.0000000000,0.6557692308,0.7958637554
2026-07-05T13:56:59Z,20260705T135649Z,167,0.7877679844,1.0000000000,0.3901824732,0.6666666667,0.8628205128,0.7377349010
2026-07-05T13:56:59Z,20260705T135649Z,168,0.7216876901,1.0000000000,0.1066456232,0.6666666667,0.5805128205,0.6221613036
2026-07-05T13:56:59Z,20260705T135649Z,169,0.7877679844,1.0000000000,0.3341009347,0.6666666667,0.8267948718,0.7211147472
2026-07-05T13:56:59Z,20260705T135649Z,170,1.0000000000,1.0000000000,0.8534376588,1.0000000000,0.7584615385,0.9344567625
2026-07-05T13:56:59Z,20260705T135649Z,171,0.6666666667,1.0000000000,0.8685561163,0.3333333333,0.6450000000,0.7037945566
2026-07-05T13:56:59Z,20260705T135649Z,172,0.9291181088,1.0000000000,0.2264048357,1.0000000000,0.8185897436,0.8003489559
2026-07-05T13:56:59Z,20260705T135649Z,173,0.6186566985,1.0000000000,0.1557382910,0.3333333333,0.6970512821,0.5570361918
2026-07-05T13:56:59Z,20260705T135649Z,174,0.7677204728,1.0000000000,0.9665245833,0.5000000000,0.8642307692,0.8148696502
2026-07-05T13:56:59Z,20260705T135649Z,175,0.6968385816,1.0000000000,0.3144528418,0.5000000000,0.6470512821,0.6341579061
2026-07-05T13:56:59Z,20260705T135649Z,176,0.7575558929,1.0000000000,0.5186428283,0.6666666667,0.5848717949,0.7141816414
2026-07-05T13:56:59Z,20260705T135649Z,177,0.9389292606,1.0000000000,0.4190889320,1.0000000000,0.8426923077,0.8449539477
2026-07-05T13:56:59Z,20260705T135649Z,178,0.8308156933,1.0000000000,0.7573774607,0.6666666667,0.6360256410,0.7879165949
2026-07-05T13:56:59Z,20260705T135649Z,179,0.6186566985,1.0000000000,0.3139791351,0.3333333333,0.8493589744,0.6115305145
2026-07-05T13:56:59Z,20260705T135649Z,180,0.6666666667,1.0000000000,0.6839169010,0.3333333333,0.8441025641,0.6967320982
2026-07-05T13:56:59Z,20260705T135649Z,181,0.7911717252,1.0000000000,0.7850892578,0.5000000000,0.6521794872,0.7526377059
2026-07-05T13:56:59Z,20260705T135649Z,182,0.7295870522,1.0000000000,0.8276353711,0.5000000000,0.6421794872,0.7442507603
2026-07-05T13:56:59Z,20260705T135649Z,183,0.7248934060,1.0000000000,0.3663080433,0.6666666667,0.7741025641,0.7039336781
2026-07-05T13:56:59Z,20260705T135649Z,184,0.8461736740,1.0000000000,0.9316157627,0.7500000000,0.6858974359,0.8507511864
2026-07-05T13:56:59Z,20260705T135649Z,185,0.8403704676,1.0000000000,0.7565848340,0.7500000000,0.6703846154,0.8119672760
2026-07-05T13:56:59Z,20260705T135649Z,186,0.8403704676,1.0000000000,0.2962261054,0.7500000000,0.5769230769,0.7058762995
2026-07-05T13:56:59Z,20260705T135649Z,187,0.6943980101,1.0000000000,0.8449132848,0.4000000000,0.6373076923,0.7181783133
2026-07-05T13:56:59Z,20260705T135649Z,188,0.7415433010,1.0000000000,0.4388121980,0.5000000000,0.7014102564,0.6783598033
2026-07-05T13:56:59Z,20260705T135649Z,189,0.8308156933,1.0000000000,0.9408166570,0.6666666667,0.6621794872,0.8285275111
2026-07-05T13:56:59Z,20260705T135649Z,190,1.0000000000,1.0000000000,0.8903799229,1.0000000000,0.6837179487,0.9306336769
2026-07-05T13:56:59Z,20260705T135649Z,191,0.6968385816,1.0000000000,0.2048327647,0.5000000000,0.6808974359,0.6173108137
2026-07-05T13:56:59Z,20260705T135649Z,192,0.6968385816,1.0000000000,0.3144528418,0.5000000000,0.7737179487,0.6531579061
2026-07-05T13:56:59Z,20260705T135649Z,193,0.9291181088,1.0000000000,0.3479282586,1.0000000000,0.7373076923,0.8124613328
2026-07-05T13:56:59Z,20260705T135649Z,194,0.6666666667,1.0000000000,0.9526695251,0.3333333333,0.7870512821,0.7419249307
2026-07-05T13:56:59Z,20260705T135649Z,195,0.6431777520,1.0000000000,0.4991206898,0.3333333333,0.8374358974,0.6529006272
2026-07-05T13:56:59Z,20260705T135649Z,196,0.9645590544,1.0000000000,0.7577621168,1.0000000000,0.6794871795,0.8946152639
2026-07-05T13:56:59Z,20260705T135649Z,197,0.7677204728,1.0000000000,0.7422378832,0.5000000000,0.6553846154,0.7386853871
2026-07-05T13:56:59Z,20260705T135649Z,198,0.7677204728,1.0000000000,0.8440417392,0.5000000000,0.7155128205,0.7680653891
2026-07-05T13:56:59Z,20260705T135649Z,199,1.0000000000,1.0000000000,0.7194092956,1.0000000000,0.8116666667,0.9156318591
2026-07-05T13:56:59Z,20260705T135649Z,200,0.8308156933,1.0000000000,0.6363125708,0.6666666667,0.6325641026,0.7631843862
2026-07-05T13:56:59Z,20260705T135649Z,201,0.8178906433,1.0000000000,0.2301015952,0.6666666667,0.6714102564,0.6845378517
2026-07-05T13:56:59Z,20260705T135649Z,202,0.6968385816,1.0000000000,0.1559582608,0.5000000000,0.6267948718,0.5994205283
2026-07-05T13:56:59Z,20260705T135649Z,203,0.7011185094,1.0000000000,0.8126754436,0.2500000000,0.8374358974,0.7134301007
2026-07-05T13:56:59Z,20260705T135649Z,204,0.7295870522,1.0000000000,0.6281490260,0.5000000000,0.8073076923,0.7291227221
2026-07-05T13:56:59Z,20260705T135649Z,205,0.7026303599,1.0000000000,0.4574319130,0.5000000000,0.5989743590,0.6569901264
2026-07-05T13:56:59Z,20260705T135649Z,206,0.7550117889,1.0000000000,0.7416743537,0.6000000000,0.6435897436,0.7536262795
2026-07-05T13:56:59Z,20260705T135649Z,207,0.5579274389,1.0000000000,0.1708981218,0.2000000000,0.7103846154,0.5202191764
2026-07-05T13:56:59Z,20260705T135649Z,208,0.5510326027,1.0000000000,0.0518217598,0.2500000000,0.6401282051,0.4941417334
2026-07-05T13:56:59Z,20260705T135649Z,209,0.7496918975,1.0000000000,0.9209547037,0.5000000000,0.7567948718,0.7851331459
2026-07-05T13:56:59Z,20260705T135649Z,210,0.6616313865,1.0000000000,0.1852986886,0.5000000000,0.8037179487,0.6230252767
2026-07-05T13:56:59Z,20260705T135649Z,211,0.9389292606,1.0000000000,0.6364980688,1.0000000000,0.6843589744,0.8646857751
2026-07-05T13:56:59Z,20260705T135649Z,212,0.7107144013,1.0000000000,0.6346058147,0.5000000000,0.7215384615,0.7128305325
2026-07-05T13:56:59Z,20260705T135649Z,213,0.6006055156,1.0000000000,0.2201282230,0.4000000000,0.7683333333,0.5894270235
2026-07-05T13:56:59Z,20260705T135649Z,214,0.8224757615,1.0000000000,0.7698856341,0.7500000000,0.6728205128,0.8105191441
2026-07-05T13:56:59Z,20260705T135649Z,215,0.9189432581,1.0000000000,0.5998609459,1.0000000000,0.6001282051,0.8397272345
2026-07-05T13:56:59Z,20260705T135649Z,216,0.7375521961,1.0000000000,0.2744293854,0.6666666667,0.7002564103,0.6776457210
2026-07-05T13:56:59Z,20260705T135649Z,217,0.6186566985,1.0000000000,0.1021272519,0.3333333333,0.7574358974,0.5553716763
2026-07-05T13:56:59Z,20260705T135649Z,218,0.6968385816,1.0000000000,0.1111997756,0.5000000000,0.7991025641,0.6163149851
2026-07-05T13:56:59Z,20260705T135649Z,219,0.7221149473,1.0000000000,0.9167411894,0.3333333333,0.7471794872,0.7426205644
2026-07-05T13:56:59Z,20260705T135649Z,220,0.6683552816,1.0000000000,0.2777626066,0.5000000000,0.8153846154,0.6449490340
2026-07-05T13:56:59Z,20260705T135649Z,221,0.6665729829,1.0000000000,0.2745654903,0.3333333333,0.8775641026,0.6198576258
2026-07-05T13:56:59Z,20260705T135649Z,222,0.7677204728,1.0000000000,0.9665245833,0.5000000000,0.8028205128,0.8056581118
2026-07-05T13:56:59Z,20260705T135649Z,223,1.0000000000,1.0000000000,1.0000000000,1.0000000000,0.8057692308,0.9708653846
2026-07-05T13:56:59Z,20260705T135649Z,224,0.7248934060,1.0000000000,0.4559050700,0.6666666667,0.8435897436,0.7322761604
2026-07-05T13:56:59Z,20260705T135649Z,225,0.8308156933,1.0000000000,0.8424351712,0.6666666667,0.6788461538,0.8113512140
2026-07-05T13:56:59Z,20260705T135649Z,226,0.6874616597,1.0000000000,0.4002669854,0.5000000000,0.8520512821,0.6797265043
2026-07-05T13:56:59Z,20260705T135649Z,227,0.7475513658,1.0000000000,0.6424615206,0.5000000000,0.7203846154,0.7234378379
2026-07-05T13:56:59Z,20260705T135649Z,228,1.0000000000,1.0000000000,0.8415054189,1.0000000000,0.7425641026,0.9296856992
2026-07-05T13:56:59Z,20260705T135649Z,229,1.0000000000,1.0000000000,0.8775171560,1.0000000000,0.7093589744,0.9319072773
2026-07-05T13:56:59Z,20260705T135649Z,230,0.7104165758,1.0000000000,0.7487344671,0.5000000000,0.8080769231,0.7485625758
2026-07-05T13:56:59Z,20260705T135649Z,231,0.8126140003,1.0000000000,0.3839221471,0.7500000000,0.6479487179,0.7271302372
2026-07-05T13:56:59Z,20260705T135649Z,232,0.5857228750,1.0000000000,0.1825354067,0.2500000000,0.6920512821,0.5367454924
2026-07-05T13:56:59Z,20260705T135649Z,233,0.6822064905,1.0000000000,0.5890112032,0.4000000000,0.8724358974,0.6992192479
2026-07-05T13:56:59Z,20260705T135649Z,234,0.8196661363,1.0000000000,0.2759483978,0.8000000000,0.7387179487,0.7309139059
2026-07-05T13:56:59Z,20260705T135649Z,235,0.8803949755,1.0000000000,0.1420460264,1.0000000000,0.7789743590,0.7653541030
2026-07-05T13:56:59Z,20260705T135649Z,236,0.8678028272,1.0000000000,0.9197251703,0.7500000000,0.5788461538,0.8377226639
2026-07-05T13:56:59Z,20260705T135649Z,237,0.8892706552,1.0000000000,0.2019925849,1.0000000000,0.7385897436,0.7735046423
2026-07-05T13:56:59Z,20260705T135649Z,238,0.8328538820,1.0000000000,0.2611895218,0.7500000000,0.7283333333,0.7197013749
2026-07-05T13:56:59Z,20260705T135649Z,239,0.8328538820,1.0000000000,0.3497341205,0.7500000000,0.7769230769,0.7446987561
2026-07-05T13:56:59Z,20260705T135649Z,240,0.9389292606,1.0000000000,0.6580320143,1.0000000000,0.6570512821,0.8648964103
2026-07-05T13:56:59Z,20260705T135649Z,241,0.8556136734,1.0000000000,0.7563677520,0.7500000000,0.6575641026,0.8138115841
2026-07-05T13:56:59Z,20260705T135649Z,242,0.7774512291,1.0000000000,0.3112184495,0.6000000000,0.7767948718,0.6931257280
2026-07-05T13:56:59Z,20260705T135649Z,243,0.6876602279,1.0000000000,0.3108977687,0.6000000000,0.7952564103,0.6733830723
2026-07-05T13:56:59Z,20260705T135649Z,244,0.7179667542,1.0000000000,0.3772553018,0.7500000000,0.8103846154,0.7265004412
2026-07-05T13:56:59Z,20260705T135649Z,245,0.8349916978,1.0000000000,0.4983524259,0.7500000000,0.6053846154,0.7492261020
2026-07-05T13:56:59Z,20260705T135649Z,246,0.8296522562,1.0000000000,0.8441771291,0.7500000000,0.6205128205,0.8193254129
2026-07-05T13:56:59Z,20260705T135649Z,247,0.7778850527,1.0000000000,0.7874063451,0.6666666667,0.8067948718,0.8063050963
2026-07-05T13:56:59Z,20260705T135649Z,248,0.8308156933,1.0000000000,0.8501184345,0.6666666667,0.6174358974,0.8036763282
2026-07-05T13:56:59Z,20260705T135649Z,249,0.7309729266,1.0000000000,0.6308844984,0.5000000000,0.7221794872,0.7172470544
2026-07-05T13:56:59Z,20260705T135649Z,250,0.8048689313,1.0000000000,0.9646740990,0.6666666667,0.7152564103,0.8347738475
2026-07-05T13:56:59Z,20260705T135649Z,251,1.0000000000,1.0000000000,0.9222756411,1.0000000000,0.6684615385,0.9347243590
2026-07-05T13:56:59Z,20260705T135649Z,252,0.9291181088,1.0000000000,0.3160325403,1.0000000000,0.7007692308,0.8006014199
2026-07-05T13:56:59Z,20260705T135649Z,253,0.9291181088,1.0000000000,0.3160325403,1.0000000000,0.8371794872,0.8210629583
2026-07-05T13:56:59Z,20260705T135649Z,254,1.0000000000,1.0000000000,0.8534376588,1.0000000000,0.7439743590,0.9322836856
2026-07-05T13:56:59Z,20260705T135649Z,255,0.9291181088,1.0000000000,0.5722149587,1.0000000000,0.6337179487,0.8417802112
2026-07-05T13:56:59Z,20260705T135649Z,256,0.6968385816,1.0000000000,0.3144528418,0.5000000000,0.6042307692,0.6277348292
2026-07-05T13:56:59Z,20260705T135649Z,257,0.7221149473,1.0000000000,0.7499837614,0.3333333333,0.8743589744,0.7283460019
2026-07-05T13:56:59Z,20260705T135649Z,258,0.9389292606,1.0000000000,0.4732396816,1.0000000000,0.7055128205,0.8352071746
2026-07-05T13:56:59Z,20260705T135649Z,259,0.8938939633,1.0000000000,0.2778773581,1.0000000000,0.7582051282,0.7927797317
2026-07-05T13:56:59Z,20260705T135649Z,260,0.8096446905,1.0000000000,0.3993801104,0.7500000000,0.6858974359,0.7351718101
2026-07-05T13:56:59Z,20260705T135649Z,261,0.7911717252,1.0000000000,0.9171154054,0.5000000000,0.7142307692,0.7883506278
2026-07-05T13:56:59Z,20260705T135649Z,262,0.7877679844,1.0000000000,0.3491861102,0.6666666667,0.6437179487,0.6966702438
2026-07-05T13:56:59Z,20260705T135649Z,263,0.7877679844,1.0000000000,0.2397770802,0.6666666667,0.8092307692,0.6996153609
2026-07-05T13:56:59Z,20260705T135649Z,264,0.7475513658,1.0000000000,0.6087095104,0.5000000000,0.5817948718,0.6958989743
2026-07-05T13:56:59Z,20260705T135649Z,265,0.6775242385,1.0000000000,0.5921872591,0.4000000000,0.5638461538,0.6523954345
2026-07-05T13:56:59Z,20260705T135649Z,266,0.7309729266,1.0000000000,0.5837514139,0.5000000000,0.7201282051,0.7075127452
2026-07-05T13:56:59Z,20260705T135649Z,267,0.8048689313,1.0000000000,0.5801462710,0.6666666667,0.7421794872,0.7619067434
2026-07-05T13:56:59Z,20260705T135649Z,268,0.7778850527,1.0000000000,0.7554462073,0.6666666667,0.6655128205,0.7787207611
2026-07-05T13:56:59Z,20260705T135649Z,269,0.8178906433,1.0000000000,0.5460812842,0.6666666667,0.5987179487,0.7368299433
2026-07-05T13:56:59Z,20260705T135649Z,270,0.6666666667,1.0000000000,0.6783904899,0.3333333333,0.8023076923,0.6893575852
2026-07-05T13:56:59Z,20260705T135649Z,271,0.7778850527,1.0000000000,0.6773020356,0.6666666667,0.7276923077,0.7724188498
2026-07-05T13:56:59Z,20260705T135649Z,272,0.6419070734,1.0000000000,0.3806167214,0.5000000000,0.8257692308,0.6604654972
2026-07-05T13:56:59Z,20260705T135649Z,273,0.6557645106,1.0000000000,0.4288755866,0.5000000000,0.8593589744,0.6786200911
2026-07-05T13:56:59Z,20260705T135649Z,274,0.8048689313,1.0000000000,0.9502376885,0.6666666667,0.8007692308,0.8447134885
2026-07-05T13:56:59Z,20260705T135649Z,275,1.0000000000,1.0000000000,0.9630288418,1.0000000000,0.7588461538,0.9564326914
2026-07-05T13:56:59Z,20260705T135649Z,276,0.7248934060,1.0000000000,0.2967699109,0.6666666667,0.8420512821,0.7002183593
2026-07-05T13:56:59Z,20260705T135649Z,277,1.0000000000,1.0000000000,0.8233837287,1.0000000000,0.6361538462,0.9100998227
2026-07-05T13:56:59Z,20260705T135649Z,278,0.8938939633,1.0000000000,0.5058257933,1.0000000000,0.8853846154,0.8574463418
2026-07-05T13:56:59Z,20260705T135649Z,279,0.9389292606,1.0000000000,0.7552634817,1.0000000000,0.6821794872,0.8881119346
2026-07-05T13:56:59Z,20260705T135649Z,280,0.8556136734,1.0000000000,0.5894986047,0.7500000000,0.6021794872,0.7721300624
2026-07-05T13:56:59Z,20260705T135649Z,281,0.6512923670,1.0000000000,0.3125056189,0.2500000000,0.6889743590,0.5786703694
2026-07-05T13:56:59Z,20260705T135649Z,282,0.7221149473,1.0000000000,0.8031614184,0.3333333333,0.8542307692,0.7359623025
2026-07-05T13:56:59Z,20260705T135649Z,283,0.6361312970,1.0000000000,0.0855676693,0.5000000000,0.7539743590,0.5892425119
2026-07-05T13:56:59Z,20260705T135649Z,284,0.6361312970,1.0000000000,0.0819058737,0.5000000000,0.7989743590,0.5952601528
2026-07-05T13:56:59Z,20260705T135649Z,285,0.7576258402,1.0000000000,0.6686276836,0.6000000000,0.6589743590,0.7419781506
2026-07-05T13:56:59Z,20260705T135649Z,286,0.8314386655,1.0000000000,0.7696567901,0.6000000000,0.6826923077,0.7841948706
2026-07-05T13:56:59Z,20260705T135649Z,287,0.6900517948,1.0000000000,0.5032220262,0.5000000000,0.7103846154,0.6797150462
2026-07-05T13:56:59Z,20260705T135649Z,288,0.6683552816,1.0000000000,0.2777626066,0.5000000000,0.7803846154,0.6396990340
2026-07-05T13:56:59Z,20260705T135649Z,289,0.8072167355,1.0000000000,0.4002820581,0.6000000000,0.8239743590,0.7254567493
2026-07-05T13:56:59Z,20260705T135649Z,290,0.8072167355,1.0000000000,0.5049757753,0.6000000000,0.6819230769,0.7250878005
2026-07-05T13:56:59Z,20260705T135649Z,291,0.9389292606,1.0000000000,0.8245203439,1.0000000000,0.6071794872,0.8907133070
2026-07-05T13:56:59Z,20260705T135649Z,292,0.8645221980,1.0000000000,0.7499837614,0.7500000000,0.7938461538,0.8352042248
2026-07-05T13:56:59Z,20260705T135649Z,293,0.8461736740,1.0000000000,0.4945251129,0.7500000000,0.6483333333,0.7576984411
2026-07-05T13:56:59Z,20260705T135649Z,294,0.7778850527,1.0000000000,0.7727906963,0.6666666667,0.7369230769,0.7929011973
2026-07-05T13:56:59Z,20260705T135649Z,295,0.7778850527,1.0000000000,0.5763135735,0.6666666667,0.7324358974,0.7529326958
2026-07-05T13:56:59Z,20260705T135649Z,296,0.9389292606,1.0000000000,0.8232280681,1.0000000000,0.6597435897,0.8983394672
2026-07-05T13:56:59Z,20260705T135649Z,297,0.7248934060,1.0000000000,0.4026106852,0.6666666667,0.6375641026,0.6907134373
2026-07-05T13:56:59Z,20260705T135649Z,298,0.8308156933,1.0000000000,0.9626244068,0.6666666667,0.8238461538,0.8571390611
2026-07-05T13:56:59Z,20260705T135649Z,299,0.8308156933,1.0000000000,0.9446321591,0.6666666667,0.9480769231,0.8721752269
2026-07-05T13:56:59Z,20260705T135649Z,300,0.7248934060,1.0000000000,0.4014540261,0.6666666667,0.8457692308,0.7217128747
2026-07-05T13:56:59Z,20260705T135649Z,301,0.9189432581,1.0000000000,0.4367799271,1.0000000000,0.6100000000,0.8085918000
2026-07-05T13:56:59Z,20260705T135649Z,302,0.8048689313,1.0000000000,0.8743800403,0.6666666667,0.5683333333,0.7946765742
2026-07-05T13:56:59Z,20260705T135649Z,303,0.7248934060,1.0000000000,0.1920017877,0.6666666667,0.7326923077,0.6628608885
2026-07-05T13:56:59Z,20260705T135649Z,304,0.6683552816,1.0000000000,0.1844616622,0.5000000000,0.8106410256,0.6255773067
2026-07-05T13:56:59Z,20260705T135649Z,305,0.7107144013,1.0000000000,0.8696896290,0.5000000000,0.8639743590,0.7812126800
2026-07-05T13:56:59Z,20260705T135649Z,306,0.7769957847,1.0000000000,0.6179802773,0.7500000000,0.6597435897,0.7668065401
2026-07-05T13:56:59Z,20260705T135649Z,307,0.7796750095,1.0000000000,0.6831680589,0.5000000000,0.5930769231,0.7205139026
2026-07-05T13:56:59Z,20260705T135649Z,308,0.5822138547,1.0000000000,0.3115290213,0.2500000000,0.7355128205,0.5681861910
2026-07-05T13:56:59Z,20260705T135649Z,309,0.5783349951,1.0000000000,0.1682622103,0.4000000000,0.6902564103,0.5617746524
2026-07-05T13:56:59Z,20260705T135649Z,310,0.7239154022,1.0000000000,0.2633915028,0.7500000000,0.6255128205,0.6774840742
2026-07-05T13:56:59Z,20260705T135649Z,311,0.7496918975,1.0000000000,0.9421055274,0.5000000000,0.6370512821,0.7714017722
2026-07-05T13:56:59Z,20260705T135649Z,312,0.7415433010,1.0000000000,0.3302998697,0.5000000000,0.6985897436,0.6562342607
2026-07-05T13:56:59Z,20260705T135649Z,313,0.7101383926,1.0000000000,0.8022485860,0.4000000000,0.7258974359,0.7268689307
2026-07-05T13:56:59Z,20260705T135649Z,314,0.8650480845,1.0000000000,0.7668783954,0.7500000000,0.6156410256,0.8119838540
2026-07-05T13:56:59Z,20260705T135649Z,315,0.7309729266,1.0000000000,0.6307122483,0.5000000000,0.7092307692,0.7152702967
2026-07-05T13:56:59Z,20260705T135649Z,316,0.5510326027,1.0000000000,0.1053143776,0.2500000000,0.8055128205,0.5296479493
2026-07-05T13:56:59Z,20260705T135649Z,317,0.7778850527,1.0000000000,0.7204975734,0.6666666667,0.8406410256,0.7980002650
2026-07-05T13:56:59Z,20260705T135649Z,318,0.9389292606,1.0000000000,0.3658606942,1.0000000000,0.7143589744,0.8150583001
2026-07-05T13:56:59Z,20260705T135649Z,319,0.6119272555,1.0000000000,0.1136632329,0.4000000000,0.7626923077,0.5701183066
2026-07-05T13:56:59Z,20260705T135649Z,320,1.0000000000,1.0000000000,0.9284265677,1.0000000000,0.8089743590,0.9570314674
2026-07-05T13:56:59Z,20260705T135649Z,321,0.6512923670,1.0000000000,0.3308100492,0.2500000000,0.5480769231,0.5611966401
2026-07-05T13:56:59Z,20260705T135649Z,322,0.9999999953,1.0000000000,1.0000000000,1.0000000000,1.0000000000,0.9999999988
2026-07-05T13:56:59Z,20260705T135649Z,323,0.9999999953,1.0000000000,1.0000000000,1.0000000000,1.0000000000,0.9999999988
2026-07-05T13:56:59Z,20260705T135649Z,324,0.9999999953,1.0000000000,1.0000000000,1.0000000000,1.0000000000,0.9999999988
2026-07-05T13:56:59Z,20260705T135649Z,325,0.9999999953,1.0000000000,1.0000000000,1.0000000000,1.0000000000,0.9999999988
2026-07-05T13:56:59Z,20260705T135649Z,326,0.9999999953,1.0000000000,1.0000000000,1.0000000000,1.0000000000,0.9999999988
2026-07-05T13:56:59Z,20260705T135649Z,327,0.9999999953,1.0000000000,1.0000000000,1.0000000000,1.0000000000,0.9999999988
2026-07-05T13:56:59Z,20260705T135649Z,328,0.9999999953,1.0000000000,1.0000000000,1.0000000000,1.0000000000,0.9999999988
2026-07-05T13:56:59Z,20260705T135649Z,329,0.9999999953,1.0000000000,1.0000000000,1.0000000000,1.0000000000,0.9999999988
2026-07-05T13:56:59Z,20260705T135649Z,330,0.9999999953,1.0000000000,1.0000000000,1.0000000000,1.0000000000,0.9999999988
2026-07-05T13:56:59Z,20260705T135649Z,331,0.9999999953,1.0000000000,1.0000000000,1.0000000000,1.0000000000,0.9999999988
2026-07-05T13:56:59Z,20260705T135649Z,332,0.9999999953,1.0000000000,1.0000000000,1.0000000000,1.0000000000,0.9999999988
2026-07-05T13:56:59Z,20260705T135649Z,333,0.9999999953,1.0000000000,1.0000000000,1.0000000000,1.0000000000,0.9999999988
2026-07-05T13:56:59Z,20260705T135649Z,334,0.9999999953,1.0000000000,1.0000000000,1.0000000000,0.5280769231,0.9292115373
2026-07-05T13:56:59Z,20260705T135649Z,335,0.9999999953,1.0000000000,1.0000000000,1.0000000000,0.5280769231,0.9292115373
2026-07-05T13:56:59Z,20260705T135649Z,336,0.9999999953,1.0000000000,1.0000000000,1.0000000000,1.0000000000,0.9999999988
2026-07-05T13:56:59Z,20260705T135649Z,337,0.9999999953,1.0000000000,1.0000000000,1.0000000000,1.0000000000,0.9999999988
2026-07-05T13:56:59Z,20260705T135649Z,338,0.7677204728,1.0000000000,0.9665245833,0.5000000000,0.4519230769,0.7530234964
2026-07-05T13:56:59Z,20260705T135649Z,339,1.0000000000,1.0000000000,1.0000000000,1.0000000000,0.4519230769,0.9177884615
2026-07-05T13:56:59Z,20260705T135649Z,340,1.0000000000,1.0000000000,0.9630288418,1.0000000000,1.0000000000,0.9926057684
2026-07-05T13:56:59Z,20260705T135649Z,341,1.0000000000,1.0000000000,0.9630288418,1.0000000000,1.0000000000,0.9926057684
2026-07-05T13:56:59Z,20260705T135649Z,342,1.0000000000,1.0000000000,0.9630288418,1.0000000000,1.0000000000,0.9926057684
2026-07-05T13:56:59Z,20260705T135649Z,343,1.0000000000,1.0000000000,0.9630288418,1.0000000000,1.0000000000,0.9926057684
2026-07-05T13:56:59Z,20260705T135649Z,344,1.0000000000,1.0000000000,0.9630288418,1.0000000000,1.0000000000,0.9926057684
2026-07-05T13:56:59Z,20260705T135649Z,345,1.0000000000,1.0000000000,0.9999999905,1.0000000000,1.0000000000,0.9999999981
2026-07-05T13:56:59Z,20260705T135649Z,346,1.0000000000,1.0000000000,0.9999999905,1.0000000000,0.4811538462,0.9221730750
2026-07-05T13:56:59Z,20260705T135649Z,347,1.0000000000,1.0000000000,0.9999999905,1.0000000000,0.4811538462,0.9221730750
2026-07-05T13:56:59Z,20260705T135649Z,348,1.0000000000,1.0000000000,0.9592467994,1.0000000000,1.0000000000,0.9918493599
2026-07-05T13:56:59Z,20260705T135649Z,349,0.7691695844,1.0000000000,0.9028599298,0.5000000000,1.0000000000,0.8228643821
2026-07-05T13:56:59Z,20260705T135649Z,350,0.7036007904,1.0000000000,0.4003102600,0.6000000000,1.0000000000,0.7259622496
2026-07-05T13:56:59Z,20260705T135649Z,351,0.7811646086,1.0000000000,0.6686700191,0.5000000000,0.5264102564,0.7079866944
2026-07-05T13:56:59Z,20260705T135649Z,352,0.7877679844,1.0000000000,0.3491861102,0.6666666667,0.8520512821,0.7279202438
2026-07-05T13:56:59Z,20260705T135649Z,353,0.6972020364,1.0000000000,0.7265022777,0.5000000000,0.5041025641,0.6952163492
2026-07-05T13:56:59Z,20260705T135649Z,354,0.6251540513,1.0000000000,0.6927130906,0.2500000000,1.0000000000,0.6948311309
2026-07-05T13:56:59Z,20260705T135649Z,355,0.7677204728,1.0000000000,0.8888002244,0.5000000000,0.5180769231,0.7474017015
2026-07-05T13:56:59Z,20260705T135649Z,356,0.6968385816,1.0000000000,0.0704465750,0.5000000000,0.7903846154,0.6068566527
2026-07-05T13:56:59Z,20260705T135649Z,357,0.6186566985,1.0000000000,0.0332704850,0.3333333333,0.7987179487,0.5477926306
2026-07-05T13:56:59Z,20260705T135649Z,358,0.7677204728,1.0000000000,0.9665245833,0.5000000000,0.8619230769,0.8145234964
2026-07-05T13:56:59Z,20260705T135649Z,359,0.6416033262,1.0000000000,0.1314881674,0.3333333333,0.7706410256,0.5689612855
2026-07-05T13:56:59Z,20260705T135649Z,360,0.7233498105,1.0000000000,0.8126754436,0.3333333333,0.6085897436,0.7013276695
2026-07-05T13:56:59Z,20260705T135649Z,361,0.7677204728,1.0000000000,0.9665245833,0.5000000000,0.6992307692,0.7901196502
2026-07-05T13:56:59Z,20260705T135649Z,362,0.9291181088,1.0000000000,0.3479282586,1.0000000000,0.7101282051,0.8083844097
2026-07-05T13:56:59Z,20260705T135649Z,363,0.7877679844,1.0000000000,0.3491861102,0.6666666667,0.7457692308,0.7119779361
2026-07-05T13:56:59Z,20260705T135649Z,364,0.7988410445,1.0000000000,0.5342403695,0.6666666667,0.7475641026,0.7520262837
2026-07-05T13:56:59Z,20260705T135649Z,365,0.9645590544,1.0000000000,0.6111997756,1.0000000000,0.5689743590,0.8487258726
2026-07-05T13:56:59Z,20260705T135649Z,366,0.6666666667,1.0000000000,0.8685561163,0.3333333333,0.5980769231,0.6967560951
2026-07-05T13:56:59Z,20260705T135649Z,367,0.7517556886,1.0000000000,0.5038819241,0.6666666667,0.8473076923,0.7491447941
2026-07-05T13:56:59Z,20260705T135649Z,368,0.9694646303,1.0000000000,0.7701577178,1.0000000000,0.6219230769,0.8896861627
2026-07-05T13:56:59Z,20260705T135649Z,369,0.8556136734,1.0000000000,0.7281570986,0.7500000000,0.6391025641,0.8054002227
2026-07-05T13:56:59Z,20260705T135649Z,370,0.8556136734,1.0000000000,0.8953558500,0.7500000000,0.6552564103,0.8412630499
2026-07-05T13:56:59Z,20260705T135649Z,371,0.7221149473,1.0000000000,0.5315327466,0.3333333333,0.7870512821,0.6715596451
2026-07-05T13:56:59Z,20260705T135649Z,372,0.6448061128,1.0000000000,0.2490101170,0.2000000000,0.8302564103,0.5755420132
2026-07-05T13:56:59Z,20260705T135649Z,373,0.7737924475,1.0000000000,0.9037716032,0.4000000000,0.7284615385,0.7634716633
2026-07-05T13:56:59Z,20260705T135649Z,374,0.8178906433,1.0000000000,0.5748138623,0.6666666667,0.7652564103,0.7675572281
2026-07-05T13:56:59Z,20260705T135649Z,375,0.8308156933,1.0000000000,0.7846471694,0.6666666667,0.6557692308,0.7963320751
2026-07-05T13:56:59Z,20260705T135649Z,376,0.9291181088,1.0000000000,0.7510018070,1.0000000000,0.8353846154,0.9077875809
2026-07-05T13:56:59Z,20260705T135649Z,377,0.6968385816,1.0000000000,0.3144528418,0.5000000000,0.7238461538,0.6456771368
2026-07-05T13:56:59Z,20260705T135649Z,378,0.6416033262,1.0000000000,0.3440417392,0.3333333333,0.7807692308,0.6129912307
2026-07-05T13:56:59Z,20260705T135649Z,379,0.8023452586,1.0000000000,0.4483618360,0.7500000000,0.6770512821,0.7418163742
2026-07-05T13:56:59Z,20260705T135649Z,380,0.7911717252,1.0000000000,0.8556249096,0.5000000000,0.5567948718,0.7524371440
2026-07-05T13:56:59Z,20260705T135649Z,381,1.0000000000,1.0000000000,0.8834280332,1.0000000000,0.6438461538,0.9232625297
2026-07-05T13:56:59Z,20260705T135649Z,382,0.7677204728,1.0000000000,0.6256659164,0.5000000000,0.7675641026,0.7321979169
2026-07-05T13:56:59Z,20260705T135649Z,383,0.9999999953,1.0000000000,1.0000000000,1.0000000000,0.7521794872,0.9628269219
2026-07-05T13:56:59Z,20260705T135649Z,384,0.7677204728,1.0000000000,0.8440417392,0.5000000000,0.5746153846,0.7469307737
2026-07-05T13:56:59Z,20260705T135649Z,385,0.8178906433,1.0000000000,0.5542194617,0.6666666667,0.6482051282,0.7458806557
2026-07-05T13:56:59Z,20260705T135649Z,386,0.5510326027,1.0000000000,0.2422785460,0.2500000000,0.8778205128,0.5678869368
2026-07-05T13:56:59Z,20260705T135649Z,387,0.8178906433,1.0000000000,0.7683668270,0.6666666667,0.6096153846,0.7829216672
2026-07-05T13:56:59Z,20260705T135649Z,388,0.7778850527,1.0000000000,0.6507304488,0.6666666667,0.8571794872,0.7865276094
2026-07-05T13:56:59Z,20260705T135649Z,389,0.9291181088,1.0000000000,0.3607910255,1.0000000000,0.6656410256,0.8042838861
2026-07-05T13:56:59Z,20260705T135649Z,390,0.6968385816,1.0000000000,0.2048327647,0.5000000000,0.7837179487,0.6327338906
2026-07-05T13:56:59Z,20260705T135649Z,391,0.7221149473,1.0000000000,0.8498246549,0.3333333333,0.7217948718,0.7254295652
2026-07-05T13:56:59Z,20260705T135649Z,392,0.9389292606,1.0000000000,0.4267259546,1.0000000000,0.6330769231,0.8150390445
2026-07-05T13:56:59Z,20260705T135649Z,393,0.7248934060,1.0000000000,0.3013670254,0.6666666667,0.7126923077,0.6817339361
2026-07-05T13:56:59Z,20260705T135649Z,394,0.6864129653,1.0000000000,0.2363901008,0.5000000000,0.8307692308,0.6434966461
2026-07-05T13:56:59Z,20260705T135649Z,395,0.8349916978,1.0000000000,0.3090204793,0.7500000000,0.5567948718,0.7040712511
2026-07-05T13:56:59Z,20260705T135649Z,396,0.7496918975,1.0000000000,0.8167854160,0.5000000000,0.6020512821,0.7410877499
2026-07-05T13:56:59Z,20260705T135649Z,397,0.9389292606,1.0000000000,0.4076854314,1.0000000000,0.6807692308,0.8183847861
2026-07-05T13:56:59Z,20260705T135649Z,398,0.7496918975,1.0000000000,0.9209547037,0.5000000000,0.7520512821,0.7844216074
2026-07-05T13:56:59Z,20260705T135649Z,399,0.5822138547,1.0000000000,0.1071841477,0.2500000000,0.6353846154,0.5122979855
2026-07-05T13:56:59Z,20260705T135649Z,400,0.6753288465,1.0000000000,0.0960401689,0.5000000000,0.6217948718,0.5813094762
2026-07-05T13:56:59Z,20260705T135649Z,401,0.7811646086,1.0000000000,0.4965020188,0.5000000000,0.7488461538,0.7069184790
2026-07-05T13:56:59Z,20260705T135649Z,402,1.0000000000,1.0000000000,0.9470706479,1.0000000000,0.8542307692,0.9675487450
2026-07-05T13:56:59Z,20260705T135649Z,403,0.7877679844,1.0000000000,0.2926090459,0.6666666667,0.7621794872,0.7031240617
2026-07-05T13:56:59Z,20260705T135649Z,404,0.8048689313,1.0000000000,0.8743800403,0.6666666667,0.7162820513,0.8168688819
2026-07-05T13:56:59Z,20260705T135649Z,405,0.9291181088,1.0000000000,0.3607910255,1.0000000000,0.8238461538,0.8280146554
2026-07-05T13:56:59Z,20260705T135649Z,406,0.6968385816,1.0000000000,0.2048327647,0.5000000000,0.7942307692,0.6343108137
2026-07-05T13:56:59Z,20260705T135649Z,407,0.7233498105,1.0000000000,0.9500849642,0.3333333333,0.7971794872,0.7570980352
2026-07-05T13:56:59Z,20260705T135649Z,408,0.6257641301,1.0000000000,0.8782153545,0.2500000000,0.8152564103,0.7043725650
2026-07-05T13:56:59Z,20260705T135649Z,409,0.9291181088,1.0000000000,0.4256526174,1.0000000000,0.7473076923,0.8295062045
2026-07-05T13:56:59Z,20260705T135649Z,410,0.6968385816,1.0000000000,0.3144528418,0.5000000000,0.8319230769,0.6618886753
2026-07-05T13:56:59Z,20260705T135649Z,411,0.6665729829,1.0000000000,0.3990587431,0.3333333333,0.8373076923,0.6387178149
2026-07-05T13:56:59Z,20260705T135649Z,412,0.7309729266,1.0000000000,0.6308844984,0.5000000000,0.8792307692,0.7408047467
2026-07-05T13:56:59Z,20260705T135649Z,413,0.7233498105,1.0000000000,0.9500849642,0.3333333333,0.7938461538,0.7565980352
2026-07-05T13:56:59Z,20260705T135649Z,414,0.9999999953,1.0000000000,1.0000000000,1.0000000000,0.8585897436,0.9787884604
2026-07-05T13:56:59Z,20260705T135649Z,415,0.9999999953,1.0000000000,1.0000000000,1.0000000000,0.8541025641,0.9781153834
2026-07-05T13:56:59Z,20260705T135649Z,416,0.9999999953,1.0000000000,1.0000000000,1.0000000000,0.8907692308,0.9836153834
2026-07-05T13:56:59Z,20260705T135649Z,417,0.9999999953,1.0000000000,1.0000000000,1.0000000000,0.7278205128,0.9591730757
2026-07-05T13:56:59Z,20260705T135649Z,418,0.7677204728,1.0000000000,0.7951672353,0.5000000000,0.6985897436,0.7557520268
2026-07-05T13:56:59Z,20260705T135649Z,419,0.5640209032,1.0000000000,0.3793576818,0.2000000000,0.8411538462,0.5830498391
2026-07-05T13:56:59Z,20260705T135649Z,420,0.5993152312,1.0000000000,0.5491982887,0.2000000000,0.5767948718,0.5861876963
2026-07-05T13:56:59Z,20260705T135649Z,421,0.7895834242,1.0000000000,0.7695792467,0.5000000000,0.4911538462,0.7249847823
2026-07-05T13:56:59Z,20260705T135649Z,422,0.7104165758,1.0000000000,0.7487344671,0.5000000000,0.5580769231,0.7110625758
2026-07-05T13:56:59Z,20260705T135649Z,423,0.7026303599,1.0000000000,0.4394801301,0.5000000000,0.8398717949,0.6895343852
2026-07-05T13:56:59Z,20260705T135649Z,424,0.6874616597,1.0000000000,0.3294928640,0.5000000000,0.6020512821,0.6280716800
2026-07-05T13:56:59Z,20260705T135649Z,425,0.6666666667,1.0000000000,0.6839169010,0.3333333333,0.8679487179,0.7003090212
2026-07-05T13:56:59Z,20260705T135649Z,426,0.6251540513,1.0000000000,0.8462067276,0.2500000000,0.6907692308,0.6791452430
2026-07-05T13:56:59Z,20260705T135649Z,427,0.9389292606,1.0000000000,0.5928905008,1.0000000000,0.6811538462,0.8554834922
2026-07-05T13:56:59Z,20260705T135649Z,428,0.8049278987,1.0000000000,0.5063440888,0.7500000000,0.7348717949,0.7627315617
2026-07-05T13:56:59Z,20260705T135649Z,429,0.8090631808,1.0000000000,0.3888866555,0.8000000000,0.6002564103,0.7300815878
2026-07-05T13:56:59Z,20260705T135649Z,430,0.8638784687,1.0000000000,0.5387696110,0.8000000000,0.5797435897,0.7706850778
2026-07-05T13:56:59Z,20260705T135649Z,431,0.8224757615,1.0000000000,0.8743926513,0.7500000000,0.6201282051,0.8235167014
2026-07-05T13:56:59Z,20260705T135649Z,432,0.8274928135,1.0000000000,0.7711170433,0.6666666667,0.6887179487,0.7977376377
2026-07-05T13:56:59Z,20260705T135649Z,433,0.8274928135,1.0000000000,0.8300517300,0.6666666667,0.6020512821,0.7965245750
2026-07-05T13:56:59Z,20260705T135649Z,434,0.7034222654,1.0000000000,0.5734087674,0.4000000000,0.7153846154,0.6778450121
2026-07-05T13:56:59Z,20260705T135649Z,435,0.6512923670,1.0000000000,0.2474976591,0.2500000000,0.7582051282,0.5760533928
2026-07-05T13:56:59Z,20260705T135649Z,436,0.6519264212,1.0000000000,0.4264819962,0.2500000000,0.7755128205,0.6146049276
2026-07-05T13:56:59Z,20260705T135649Z,437,0.7811646086,1.0000000000,0.7921380277,0.5000000000,0.8944871795,0.7878918346
2026-07-05T13:56:59Z,20260705T135649Z,438,1.0000000000,1.0000000000,0.8304986811,1.0000000000,0.7866666667,0.9340997362
2026-07-05T13:56:59Z,20260705T135649Z,439,0.9291181088,1.0000000000,0.2752793397,1.0000000000,0.7551282051,0.8006046259
2026-07-05T13:56:59Z,20260705T135649Z,440,1.0000000000,1.0000000000,0.9630288418,1.0000000000,0.7543589744,0.9557596145
2026-07-05T13:56:59Z,20260705T135649Z,441,0.7677204728,1.0000000000,0.9665245833,0.5000000000,0.7135897436,0.7922734964
2026-07-05T13:56:59Z,20260705T135649Z,442,0.6968385816,1.0000000000,0.0704465750,0.5000000000,0.8556410256,0.6166451142
2026-07-05T13:56:59Z,20260705T135649Z,443,0.9291181088,1.0000000000,0.2752793397,1.0000000000,0.6071794872,0.7784123182
2026-07-05T13:56:59Z,20260705T135649Z,444,0.7677204728,1.0000000000,0.7951672353,0.5000000000,0.6265384615,0.7449443345
2026-07-05T13:56:59Z,20260705T135649Z,445,0.7677204728,1.0000000000,0.9665245833,0.5000000000,0.8405128205,0.8113119579
2026-07-05T13:56:59Z,20260705T135649Z,446,0.9291181088,1.0000000000,0.3479282586,1.0000000000,0.8453846154,0.8286728712
2026-07-05T13:56:59Z,20260705T135649Z,447,1.0000000000,1.0000000000,0.9401187582,1.0000000000,0.7406410256,0.9491199055
2026-07-05T13:56:59Z,20260705T135649Z,448,0.7575558929,1.0000000000,0.4004432603,0.6666666667,0.7456410256,0.7146571125
2026-07-05T13:56:59Z,20260705T135649Z,449,0.7221149473,1.0000000000,0.8292275133,0.3333333333,0.7873076923,0.7311370600
2026-07-05T13:56:59Z,20260705T135649Z,450,0.6665729829,1.0000000000,0.3561182515,0.3333333333,0.8489743590,0.6318797165
2026-07-05T13:56:59Z,20260705T135649Z,451,1.0000000000,1.0000000000,0.8484860046,1.0000000000,0.7115384615,0.9264279702
2026-07-05T13:56:59Z,20260705T135649Z,452,0.7248934060,1.0000000000,0.2214887221,0.6666666667,0.8125641026,0.6807390446
2026-07-05T13:56:59Z,20260705T135649Z,453,0.7248934060,1.0000000000,0.4342824494,0.6666666667,0.5934615385,0.6904324055
2026-07-05T13:56:59Z,20260705T135649Z,454,0.8308156933,1.0000000000,0.6290160088,0.6666666667,0.8760256410,0.7982443046
2026-07-05T13:56:59Z,20260705T135649Z,455,0.8178906433,1.0000000000,0.1447491611,0.6666666667,0.8221794872,0.6900827494
2026-07-05T13:56:59Z,20260705T135649Z,456,1.0000000000,1.0000000000,0.7995595498,1.0000000000,0.8087179487,0.9312196023
2026-07-05T13:56:59Z,20260705T135649Z,457,0.8178906433,1.0000000000,0.4299941912,0.6666666667,0.8737179487,0.7548625247
2026-07-05T13:56:59Z,20260705T135649Z,458,0.8178906433,1.0000000000,0.5542194617,0.6666666667,0.8303846154,0.7732075788
2026-07-05T13:56:59Z,20260705T135649Z,459,0.6665729829,1.0000000000,0.3990587431,0.3333333333,0.6470512821,0.6101793533
2026-07-05T13:56:59Z,20260705T135649Z,460,0.7677204728,1.0000000000,0.6855471582,0.5000000000,0.6837179487,0.7315972421
2026-07-05T13:56:59Z,20260705T135649Z,461,1.0000000000,1.0000000000,0.8415054189,1.0000000000,0.6801282051,0.9203203146
2026-07-05T13:56:59Z,20260705T135649Z,462,0.6968385816,1.0000000000,0.1559582608,0.5000000000,0.7421794872,0.6167282206
2026-07-05T13:56:59Z,20260705T135649Z,463,0.7677204728,1.0000000000,0.9665245833,0.5000000000,0.6850000000,0.7879850349
2026-07-05T13:56:59Z,20260705T135649Z,464,0.7677204728,1.0000000000,0.9665245833,0.5000000000,0.8155128205,0.8075619579
2026-07-05T13:56:59Z,20260705T135649Z,465,0.6968385816,1.0000000000,0.1559582608,0.5000000000,0.6423076923,0.6017474514
2026-07-05T13:56:59Z,20260705T135649Z,466,1.0000000000,1.0000000000,0.7816241771,1.0000000000,0.7243589744,0.9149786816
2026-07-05T13:56:59Z,20260705T135649Z,467,0.6968385816,1.0000000000,0.3743340836,0.5000000000,0.7871794872,0.6671533852
2026-07-05T13:56:59Z,20260705T135649Z,468,0.9999999953,1.0000000000,1.0000000000,1.0000000000,0.7424358974,0.9613653834
2026-07-05T13:56:59Z,20260705T135649Z,469,0.7677204728,1.0000000000,0.7951672353,0.5000000000,0.8033333333,0.7714635653
2026-07-05T13:56:59Z,20260705T135649Z,470,0.9291181088,1.0000000000,0.2752793397,1.0000000000,0.7823076923,0.8046815490
2026-07-05T13:56:59Z,20260705T135649Z,471,0.5826023359,1.0000000000,0.0702292651,0.2500000000,0.8161538462,0.5321195139
2026-07-05T13:56:59Z,20260705T135649Z,472,0.6257641301,1.0000000000,0.9399182504,0.2500000000,0.6969230769,0.6989631442
2026-07-05T13:56:59Z,20260705T135649Z,473,0.9291181088,1.0000000000,0.4700243819,1.0000000000,0.8056410256,0.8471305574
2026-07-05T13:56:59Z,20260705T135649Z,474,0.8178906433,1.0000000000,0.8341335128,0.6666666667,0.5780769231,0.7913442352
2026-07-05T13:56:59Z,20260705T135649Z,475,0.7778850527,1.0000000000,0.5763135735,0.6666666667,0.8452564103,0.7698557728
2026-07-05T13:56:59Z,20260705T135649Z,476,0.6864129653,1.0000000000,0.2372615296,0.5000000000,0.6723076923,0.6199017011
2026-07-05T13:56:59Z,20260705T135649Z,477,0.7911717252,1.0000000000,0.8968478627,0.5000000000,0.6826923077,0.7795663500
2026-07-05T13:56:59Z,20260705T135649Z,478,0.6186566985,1.0000000000,0.3123580670,0.3333333333,0.6139743590,0.5758986085
2026-07-05T13:56:59Z,20260705T135649Z,479,0.6186566985,1.0000000000,0.2035352927,0.3333333333,0.8461538462,0.5889609768
2026-07-05T13:56:59Z,20260705T135649Z,480,0.9645590544,1.0000000000,0.7048327647,1.0000000000,0.6691025641,0.8824717012
2026-07-05T13:56:59Z,20260705T135649Z,481,0.8274928135,1.0000000000,0.8899806873,0.6666666667,0.6248717949,0.8119334434
2026-07-05T13:56:59Z,20260705T135649Z,482,0.8308156933,1.0000000000,0.8501184345,0.6666666667,0.6617948718,0.8103301743
2026-07-05T13:56:59Z,20260705T135649Z,483,1.0000000000,1.0000000000,0.7757132999,1.0000000000,0.7442307692,0.9167772754
2026-07-05T13:56:59Z,20260705T135649Z,484,0.8308156933,1.0000000000,0.6297185114,0.6666666667,0.7410256410,0.7781348051
2026-07-05T13:56:59Z,20260705T135649Z,485,0.7248934060,1.0000000000,0.3477757676,0.6666666667,0.6191025641,0.6769772230
2026-07-05T13:56:59Z,20260705T135649Z,486,0.7248934060,1.0000000000,0.1691967861,0.6666666667,0.8256410256,0.6722421959
2026-07-05T13:56:59Z,20260705T135649Z,487,0.9389292606,1.0000000000,0.6332834267,1.0000000000,0.6220512821,0.8546966928
2026-07-05T13:56:59Z,20260705T135649Z,488,0.7221149473,1.0000000000,0.5315327466,0.3333333333,0.8944871795,0.6876750297
2026-07-05T13:56:59Z,20260705T135649Z,489,0.9999999953,1.0000000000,1.0000000000,1.0000000000,0.5689743590,0.9353461527
2026-07-05T13:56:59Z,20260705T135649Z,490,0.7677204728,1.0000000000,0.6855471582,0.5000000000,0.7875641026,0.7471741652
2026-07-05T13:56:59Z,20260705T135649Z,491,0.9291181088,1.0000000000,0.4256526174,1.0000000000,0.7623076923,0.8317562045
2026-07-05T13:56:59Z,20260705T135649Z,492,0.9291181088,1.0000000000,0.1446751923,1.0000000000,0.7642307692,0.7758491810
2026-07-05T13:56:59Z,20260705T135649Z,493,0.6666666667,1.0000000000,0.9526695251,0.3333333333,0.6150000000,0.7161172384
2026-07-05T13:56:59Z,20260705T135649Z,494,0.6251540513,1.0000000000,0.8714019262,0.2500000000,0.7808974359,0.6977035134
2026-07-05T13:56:59Z,20260705T135649Z,495,0.8772872787,1.0000000000,0.1428865405,1.0000000000,0.7424358974,0.7592645124
2026-07-05T13:56:59Z,20260705T135649Z,496,0.7575558929,1.0000000000,0.5080917002,0.6666666667,0.6333333333,0.7193406466
2026-07-05T13:56:59Z,20260705T135649Z,497,0.7677204728,1.0000000000,0.5634510349,0.5000000000,0.7124358974,0.7114857098
2026-07-05T13:56:59Z,20260705T135649Z,498,0.7677204728,1.0000000000,0.8888002244,0.5000000000,0.7958974359,0.7890747785
2026-07-05T13:56:59Z,20260705T135649Z,499,0.6864129653,1.0000000000,0.0845474428,0.5000000000,0.7732051282,0.6044934991
2026-07-05T13:56:59Z,20260705T135649Z,500,0.8349916978,1.0000000000,0.4157927336,0.7500000000,0.5233333333,0.7204064712
2026-07-05T13:56:59Z,20260705T135649Z,501,0.8645221980,1.0000000000,0.7434836425,0.7500000000,0.6634615385,0.8143465088
2026-07-05T13:56:59Z,20260705T135649Z,502,0.6288222976,1.0000000000,0.0834732504,0.2500000000,0.8756410256,0.5552463783
2026-07-05T13:56:59Z,20260705T135649Z,503,0.6665729829,1.0000000000,0.1177715933,0.3333333333,0.5925641026,0.5457488464
2026-07-05T13:56:59Z,20260705T135649Z,504,0.8308156933,1.0000000000,0.9048335204,0.6666666667,0.5983333333,0.8117539607
2026-07-05T13:56:59Z,20260705T135649Z,505,0.6968385816,1.0000000000,0.2048327647,0.5000000000,0.6489743590,0.6125223522
2026-07-05T13:56:59Z,20260705T135649Z,506,0.7221149473,1.0000000000,0.6610115682,0.3333333333,0.8171794872,0.7019746402
2026-07-05T13:56:59Z,20260705T135649Z,507,0.8308156933,1.0000000000,0.9404540319,0.6666666667,0.5635897436,0.8136665246
2026-07-05T13:56:59Z,20260705T135649Z,508,0.6251540513,1.0000000000,0.6175876087,0.2500000000,0.7157692308,0.6371714192
2026-07-05T13:56:59Z,20260705T135649Z,509,0.6775242385,1.0000000000,0.7430293543,0.4000000000,0.7716666667,0.7137369305
2026-07-05T13:56:59Z,20260705T135649Z,510,0.8224757615,1.0000000000,0.9001245156,0.7500000000,0.8479487179,0.8628361512
2026-07-05T13:56:59Z,20260705T135649Z,511,0.8178906433,1.0000000000,0.3079397683,0.6666666667,0.6993589744,0.7042977940
2026-07-05T13:56:59Z,20260705T135649Z,512,0.6666666667,1.0000000000,0.8405601341,0.3333333333,0.9394871795,0.7423684371
2026-07-05T13:56:59Z,20260705T135649Z,513,0.7677204728,1.0000000000,0.8440417392,0.5000000000,0.6485897436,0.7580269276
2026-07-05T13:56:59Z,20260705T135649Z,514,0.6968385816,1.0000000000,0.2048327647,0.5000000000,0.8592307692,0.6440608137
2026-07-05T13:56:59Z,20260705T135649Z,515,0.8178906433,1.0000000000,0.2788779695,0.6666666667,0.7900000000,0.7120815881
2026-07-05T13:56:59Z,20260705T135649Z,516,0.7697625972,1.0000000000,0.5325372328,0.6666666667,0.8660256410,0.7621852754
2026-07-05T13:56:59Z,20260705T135649Z,517,0.9645590544,1.0000000000,0.7577621168,1.0000000000,0.7700000000,0.9081921870
2026-07-05T13:56:59Z,20260705T135649Z,518,0.6666666667,1.0000000000,0.7332986469,0.3333333333,0.7673076923,0.6950892166
2026-07-05T13:56:59Z,20260705T135649Z,519,0.6968385816,1.0000000000,0.0704465750,0.5000000000,0.7248717949,0.5970297296
2026-07-05T13:56:59Z,20260705T135649Z,520,0.6968385816,1.0000000000,0.3743340836,0.5000000000,0.8302564103,0.6736149237
2026-07-05T13:56:59Z,20260705T135649Z,521,0.6666666667,1.0000000000,0.5791668483,0.3333333333,0.7323076923,0.6590128568
2026-07-05T13:56:59Z,20260705T135649Z,522,1.0000000000,1.0000000000,0.8286426520,1.0000000000,0.8444871795,0.9424016073
2026-07-05T13:56:59Z,20260705T135649Z,523,0.5640209032,1.0000000000,0.3522490206,0.2000000000,0.8188461538,0.5742819530
2026-07-05T13:56:59Z,20260705T135649Z,524,0.7002216302,1.0000000000,0.5791668483,0.2500000000,0.9293589744,0.6802926234
2026-07-05T13:56:59Z,20260705T135649Z,525,0.4312932388,1.0000000000,0.0000000000,0.0000000000,0.6269230769,0.4018617712
2026-07-05T13:56:59Z,20260705T135649Z,526,1.0000000000,1.0000000000,1.0000000000,1.0000000000,0.7530769231,0.9629615385
2026-07-05T13:56:59Z,20260705T135649Z,527,0.6658223592,1.0000000000,0.0390952745,0.5000000000,0.8343589744,0.5994284909
2026-07-05T13:56:59Z,20260705T135649Z,528,0.9189432581,1.0000000000,0.4367799271,1.0000000000,0.7826923077,0.8344956461
2026-07-05T13:56:59Z,20260705T135649Z,529,0.7221149473,1.0000000000,0.5973455428,0.3333333333,0.8141025641,0.6887798967
2026-07-05T13:56:59Z,20260705T135649Z,530,0.6968385816,1.0000000000,0.0704465750,0.5000000000,0.7406410256,0.5993951142
2026-07-05T13:56:59Z,20260705T135649Z,531,0.7811646086,1.0000000000,0.2463960537,0.5000000000,0.8139743590,0.6666665167
2026-07-05T13:56:59Z,20260705T135649Z,532,0.6519264212,1.0000000000,0.1763192733,0.2500000000,0.8555128205,0.5765723830
2026-07-05T13:56:59Z,20260705T135649Z,533,0.7002216302,1.0000000000,0.4652060382,0.2500000000,0.6102564103,0.6096350767
2026-07-05T13:56:59Z,20260705T135649Z,534,0.6468804614,1.0000000000,0.4892695269,0.4000000000,0.8506410256,0.6671701746
2026-07-05T13:56:59Z,20260705T135649Z,535,0.6665729829,1.0000000000,0.0744262604,0.3333333333,0.7921794872,0.5670220876
2026-07-05T13:56:59Z,20260705T135649Z,536,0.7677204728,1.0000000000,0.9665245833,0.5000000000,0.7803846154,0.8022927272
2026-07-05T13:56:59Z,20260705T135649Z,537,0.9291181088,1.0000000000,0.0669508334,1.0000000000,0.8439743590,0.7722658477
2026-07-05T13:56:59Z,20260705T135649Z,538,0.8178906433,1.0000000000,0.1511811109,0.6666666667,0.5819230769,0.6553306779
2026-07-05T13:56:59Z,20260705T135649Z,539,0.7778850527,1.0000000000,0.8624549925,0.6666666667,0.6165384615,0.7927763643
2026-07-05T13:56:59Z,20260705T135649Z,540,0.7677204728,1.0000000000,0.8888002244,0.5000000000,0.6637179487,0.7692478554
2026-07-05T13:56:59Z,20260705T135649Z,541,0.7677204728,1.0000000000,0.8440417392,0.5000000000,0.6903846154,0.7642961584
2026-07-05T13:56:59Z,20260705T135649Z,542,0.6968385816,1.0000000000,0.1559582608,0.5000000000,0.8026923077,0.6258051437
2026-07-05T13:56:59Z,20260705T135649Z,543,0.4645590544,1.0000000000,0.0000000000,0.0000000000,0.7039743590,0.4217359174
2026-07-05T13:56:59Z,20260705T135649Z,544,0.7677204728,1.0000000000,0.9665245833,0.5000000000,0.7773076923,0.8018311887
2026-07-05T13:56:59Z,20260705T135649Z,545,0.6186566985,1.0000000000,0.1110444994,0.3333333333,0.7519230769,0.5563282027
2026-07-05T13:56:59Z,20260705T135649Z,546,0.9645590544,1.0000000000,0.6111997756,1.0000000000,0.6734615385,0.8643989495
2026-07-05T13:56:59Z,20260705T135649Z,547,0.7697625972,1.0000000000,0.5325372328,0.6666666667,0.6802564103,0.7343198907
2026-07-05T13:56:59Z,20260705T135649Z,548,0.7496918975,1.0000000000,0.9308145509,0.5000000000,0.6332051282,0.7685666538
2026-07-05T13:56:59Z,20260705T135649Z,549,0.7107144013,1.0000000000,0.7647227335,0.5000000000,0.6637179487,0.7301808393
2026-07-05T13:56:59Z,20260705T135649Z,550,0.6665729829,1.0000000000,0.2312660908,0.3333333333,0.8208974359,0.6026977459
2026-07-05T13:56:59Z,20260705T135649Z,551,0.4470327476,1.0000000000,0.0000000000,0.0000000000,0.7401282051,0.4227774177
2026-07-05T13:56:59Z,20260705T135649Z,552,0.6666666667,1.0000000000,0.6198648780,0.3333333333,0.8074358974,0.6784216936
2026-07-05T13:56:59Z,20260705T135649Z,553,0.9291181088,1.0000000000,0.5791668483,1.0000000000,0.8228205128,0.8715359738
2026-07-05T13:56:59Z,20260705T135649Z,554,0.8178906433,1.0000000000,0.4220842853,0.6666666667,0.7621794872,0.7365497743
2026-07-05T13:56:59Z,20260705T135649Z,555,0.6665729829,1.0000000000,0.2178632370,0.3333333333,0.8253846154,0.6006902521
2026-07-05T13:56:59Z,20260705T135649Z,556,0.6968385816,1.0000000000,0.0704465750,0.5000000000,0.7180769231,0.5960104989
2026-07-05T13:56:59Z,20260705T135649Z,557,0.6691512980,1.0000000000,0.4097978564,0.5000000000,0.6576923077,0.6479012419
2026-07-05T13:56:59Z,20260705T135649Z,558,0.5628329582,1.0000000000,0.1846772363,0.2500000000,0.7017948718,0.5329129176
2026-07-05T13:56:59Z,20260705T135649Z,559,0.6968385816,1.0000000000,0.0704465750,0.5000000000,0.7579487179,0.6019912681
2026-07-05T13:56:59Z,20260705T135649Z,560,0.9291181088,1.0000000000,0.5069955401,1.0000000000,0.6066666667,0.8246786352
2026-07-05T13:56:59Z,20260705T135649Z,561,1.0000000000,1.0000000000,0.7682837996,1.0000000000,0.7088461538,0.9099836830
2026-07-05T13:56:59Z,20260705T135649Z,562,0.6968385816,1.0000000000,0.2048327647,0.5000000000,0.7653846154,0.6299838906
2026-07-05T13:56:59Z,20260705T135649Z,563,0.9999999953,1.0000000000,1.0000000000,1.0000000000,0.7778205128,0.9666730757
2026-07-05T13:56:59Z,20260705T135649Z,564,0.6968385816,1.0000000000,0.2048327647,0.5000000000,0.7687179487,0.6304838906
2026-07-05T13:56:59Z,20260705T135649Z,565,0.9645590544,1.0000000000,0.7048327647,1.0000000000,0.6575641026,0.8807409319
2026-07-05T13:56:59Z,20260705T135649Z,566,0.7322795272,1.0000000000,0.5000000000,0.5000000000,0.6821794872,0.6853968049
2026-07-05T13:56:59Z,20260705T135649Z,567,0.9999999953,1.0000000000,1.0000000000,1.0000000000,0.8287179487,0.9743076911
2026-07-05T13:56:59Z,20260705T135649Z,568,0.7322795272,1.0000000000,0.5000000000,0.5000000000,0.8606410256,0.7121660356
2026-07-05T13:56:59Z,20260705T135649Z,569,0.9645590544,1.0000000000,0.6559582608,1.0000000000,0.6698717949,0.8728121850
2026-07-05T13:56:59Z,20260705T135649Z,570,0.6186566985,1.0000000000,0.1431212777,0.3333333333,0.8255128205,0.5737820199
2026-07-05T13:56:59Z,20260705T135649Z,571,0.7677204728,1.0000000000,0.7422378832,0.5000000000,0.8101282051,0.7618969256
2026-07-05T13:56:59Z,20260705T135649Z,572,0.7221149473,1.0000000000,0.6610115682,0.3333333333,0.6439743590,0.6759938710
2026-07-05T13:56:59Z,20260705T135649Z,573,0.6665729829,1.0000000000,0.3352247013,0.3333333333,0.9214102564,0.6385663911
2026-07-05T13:56:59Z,20260705T135649Z,574,0.5845468885,1.0000000000,0.0414697392,0.2500000000,0.5551282051,0.4876999007
2026-07-05T13:56:59Z,20260705T135649Z,575,1.0000000000,1.0000000000,0.9535917584,1.0000000000,0.5911538462,0.9293914286
2026-07-05T13:56:59Z,20260705T135649Z,576,0.8296522562,1.0000000000,0.9329220947,0.7500000000,0.7700000000,0.8594974830
2026-07-05T13:56:59Z,20260705T135649Z,577,0.6820617591,1.0000000000,0.8948655417,0.5000000000,0.8360256410,0.7748923943
2026-07-05T13:56:59Z,20260705T135649Z,578,0.5822138547,1.0000000000,0.2030214054,0.2500000000,0.8207692308,0.5592731294
2026-07-05T13:56:59Z,20260705T135649Z,579,0.8308156933,1.0000000000,0.8610190853,0.6666666667,0.6743589744,0.8143949199
2026-07-05T13:56:59Z,20260705T135649Z,580,0.8308156933,1.0000000000,0.6941174070,0.6666666667,0.7085897436,0.7861491996
2026-07-05T13:56:59Z,20260705T135649Z,581,0.7811646086,1.0000000000,0.3916240940,0.5000000000,0.7156410256,0.6809621248
2026-07-05T13:56:59Z,20260705T135649Z,582,0.6864129653,1.0000000000,0.3608961839,0.5000000000,0.7203846154,0.6518401704
2026-07-05T13:56:59Z,20260705T135649Z,583,0.4470327476,1.0000000000,0.0000000000,0.0000000000,0.6829487179,0.4142004946
2026-07-05T13:56:59Z,20260705T135649Z,584,0.6665729829,1.0000000000,0.3352247013,0.3333333333,0.8108974359,0.6219894680
2026-07-05T13:56:59Z,20260705T135649Z,585,0.8308156933,1.0000000000,0.9493633843,0.6666666667,0.7041025641,0.8365253181
2026-07-05T13:56:59Z,20260705T135649Z,586,0.5814457004,1.0000000000,0.1195954518,0.3333333333,0.7761538462,0.5523702590
2026-07-05T13:56:59Z,20260705T135649Z,587,1.0000000000,1.0000000000,0.8534376588,1.0000000000,0.6844871795,0.9233606087
2026-07-05T13:56:59Z,20260705T135649Z,588,1.0000000000,1.0000000000,0.9222756411,1.0000000000,0.8074358974,0.9555705128
2026-07-05T13:56:59Z,20260705T135649Z,589,1.0000000000,1.0000000000,0.8286426520,1.0000000000,0.6387179487,0.9115362227
2026-07-05T13:56:59Z,20260705T135649Z,590,0.8308156933,1.0000000000,0.7991944448,0.6666666667,0.7598717949,0.8148569148
2026-07-05T13:56:59Z,20260705T135649Z,591,0.8274928135,1.0000000000,0.8899806873,0.6666666667,0.8443589744,0.8448565203
2026-07-05T13:56:59Z,20260705T135649Z,592,0.8299505686,1.0000000000,0.7836531041,0.6666666667,0.6006410256,0.7876477501
2026-07-05T13:56:59Z,20260705T135649Z,593,0.9189432581,1.0000000000,0.6081734480,1.0000000000,0.8671794872,0.8814474272
2026-07-05T13:56:59Z,20260705T135649Z,594,0.8274928135,1.0000000000,0.6666666667,0.6666666667,0.6196153846,0.7664821777
2026-07-05T13:56:59Z,20260705T135649Z,595,0.7988410445,1.0000000000,0.6139772183,0.6666666667,0.8125641026,0.7777236535
2026-07-05T13:56:59Z,20260705T135649Z,596,0.9694646303,1.0000000000,0.9386463026,1.0000000000,0.8300000000,0.9545954181
2026-07-05T13:56:59Z,20260705T135649Z,597,0.8308156933,1.0000000000,0.8626274645,0.6666666667,0.6521794872,0.8113896726
2026-07-05T13:56:59Z,20260705T135649Z,598,0.6666666667,1.0000000000,0.9220336936,0.3333333333,0.6321794872,0.7125669951
2026-07-05T13:56:59Z,20260705T135649Z,599,0.6666666667,1.0000000000,0.9220336936,0.3333333333,0.7761538462,0.7341631490
2026-07-05T13:56:59Z,20260705T135649Z,600,0.9645590544,1.0000000000,0.5704465750,1.0000000000,0.7869230769,0.8732675401
2026-07-05T13:56:59Z,20260705T135649Z,601,0.7322795272,1.0000000000,0.5000000000,0.5000000000,0.8752564103,0.7143583433
2026-07-05T13:56:59Z,20260705T135649Z,602,0.7677204728,1.0000000000,0.6256659164,0.5000000000,0.7339743590,0.7271594553
2026-07-05T13:56:59Z,20260705T135649Z,603,1.0000000000,1.0000000000,0.8304986811,1.0000000000,0.7889743590,0.9344458901
2026-07-05T13:56:59Z,20260705T135649Z,604,1.0000000000,1.0000000000,0.8656138103,1.0000000000,0.8212820513,0.9463150697
2026-07-05T13:56:59Z,20260705T135649Z,605,0.7677204728,1.0000000000,0.9295534250,0.5000000000,0.7129487179,0.7847831109
2026-07-05T13:56:59Z,20260705T135649Z,606,0.7677204728,1.0000000000,0.7951672353,0.5000000000,0.7888461538,0.7692904883
2026-07-05T13:56:59Z,20260705T135649Z,607,1.0000000000,1.0000000000,0.8304986811,1.0000000000,0.8293589744,0.9405035824
2026-07-05T13:56:59Z,20260705T135649Z,608,1.0000000000,1.0000000000,0.6591413331,1.0000000000,0.8192307692,0.9047128820
2026-07-05T13:56:59Z,20260705T135649Z,609,1.0000000000,1.0000000000,0.7757132999,1.0000000000,0.7369230769,0.9156811215
2026-07-05T13:56:59Z,20260705T135649Z,610,0.6186566985,1.0000000000,0.0307665607,0.3333333333,0.7375641026,0.5381187688
2026-07-05T13:56:59Z,20260705T135649Z,611,0.8178906433,1.0000000000,0.3406496976,0.6666666667,0.7439743590,0.7175320875
2026-07-05T13:56:59Z,20260705T135649Z,612,0.7778850527,1.0000000000,0.6897546798,0.6666666667,0.7053846154,0.7715632248
2026-07-05T13:56:59Z,20260705T135649Z,613,1.0000000000,1.0000000000,0.9999999866,1.0000000000,0.7673076923,0.9650961512
2026-07-05T13:56:59Z,20260705T135649Z,614,1.0000000000,1.0000000000,0.9511254961,1.0000000000,0.7793589744,0.9571289454
2026-07-05T13:56:59Z,20260705T135649Z,615,1.0000000000,1.0000000000,0.9552415148,1.0000000000,0.7056410256,0.9468944568
2026-07-05T13:56:59Z,20260705T135649Z,616,1.0000000000,1.0000000000,0.9592467994,1.0000000000,0.6156410256,0.9341955137
2026-07-05T13:56:59Z,20260705T135649Z,617,1.0000000000,1.0000000000,0.9999999905,1.0000000000,0.7584615385,0.9637692289
2026-07-05T13:56:59Z,20260705T135649Z,618,0.7677204728,1.0000000000,0.9295534250,0.5000000000,0.7567948718,0.7913600340
2026-07-05T13:56:59Z,20260705T135649Z,619,0.7322795272,1.0000000000,0.5000000000,0.5000000000,0.8517948718,0.7108391126
2026-07-05T13:56:59Z,20260705T135649Z,620,0.9645590544,1.0000000000,0.9365489651,1.0000000000,0.7551282051,0.9417187874
2026-07-05T13:56:59Z,20260705T135649Z,621,0.6186566985,1.0000000000,0.3954885354,0.3333333333,0.8724358974,0.6312939330
2026-07-05T13:56:59Z,20260705T135649Z,622,0.9291181088,1.0000000000,0.2912375335,1.0000000000,0.8656410256,0.8203731878
2026-07-05T13:56:59Z,20260705T135649Z,623,0.6186566985,1.0000000000,0.0334291054,0.3333333333,0.5162820513,0.5054589701
2026-07-05T13:56:59Z,20260705T135649Z,624,0.8048689313,1.0000000000,0.9646740990,0.6666666667,0.5530769231,0.8104469244
2026-07-05T13:56:59Z,20260705T135649Z,625,0.9694646303,1.0000000000,0.9607964412,1.0000000000,0.8155128205,0.9568523689
2026-07-05T13:56:59Z,20260705T135649Z,626,0.8308156933,1.0000000000,0.9446321591,0.6666666667,0.7173076923,0.8375598423
2026-07-05T13:56:59Z,20260705T135649Z,627,1.0000000000,1.0000000000,0.7190225749,1.0000000000,0.8208974359,0.9169391304
2026-07-05T13:56:59Z,20260705T135649Z,628,1.0000000000,1.0000000000,0.7190225749,1.0000000000,0.8861538462,0.9267275919
2026-07-05T13:56:59Z,20260705T135649Z,629,0.8308156933,1.0000000000,0.8324540231,0.6666666667,0.7838461538,0.8251049844
2026-07-05T13:56:59Z,20260705T135649Z,630,0.8308156933,1.0000000000,0.7850999929,0.6666666667,0.8220512821,0.8213649475
2026-07-05T13:56:59Z,20260705T135649Z,631,0.8308156933,1.0000000000,0.8383998770,0.6666666667,0.6802564103,0.8107556936
2026-07-05T13:56:59Z,20260705T135649Z,632,1.0000000000,1.0000000000,0.8563531705,1.0000000000,0.7506410256,0.9338667879
2026-07-05T13:56:59Z,20260705T135649Z,633,0.7221149473,1.0000000000,0.9167411894,0.3333333333,0.8361538462,0.7559667183
2026-07-05T13:56:59Z,20260705T135649Z,634,0.7233498105,1.0000000000,0.9500849642,0.3333333333,0.7132051282,0.7445018814
2026-07-05T13:56:59Z,20260705T135649Z,635,0.7877679844,1.0000000000,0.1909869467,0.6666666667,0.8469230769,0.6955111803
2026-07-05T13:56:59Z,20260705T135649Z,636,0.9291181088,1.0000000000,0.3607910255,1.0000000000,0.7520512821,0.8172454246
2026-07-05T13:56:59Z,20260705T135649Z,637,1.0000000000,1.0000000000,0.9511254961,1.0000000000,0.8433333333,0.9667250992
2026-07-05T13:56:59Z,20260705T135649Z,638,0.6257641301,1.0000000000,0.8364016295,0.2500000000,0.8160256410,0.6961252046
2026-07-05T13:56:59Z,20260705T135649Z,639,0.8048689313,1.0000000000,0.9646740990,0.6666666667,0.8478205128,0.8546584629
2026-07-05T13:56:59Z,20260705T135649Z,640,0.6666666667,1.0000000000,0.7925436939,0.3333333333,0.7121794872,0.6986689952
2026-07-05T13:56:59Z,20260705T135649Z,641,0.8048689313,1.0000000000,0.8269519658,0.6666666667,0.8405128205,0.8260178824
2026-07-05T13:56:59Z,20260705T135649Z,642,0.7309729266,1.0000000000,0.9020902036,0.5000000000,0.6439743590,0.7597574262
2026-07-05T13:56:59Z,20260705T135649Z,643,0.7778850527,1.0000000000,0.8820639668,0.6666666667,0.8007692308,0.8243327745
2026-07-05T13:56:59Z,20260705T135649Z,644,0.7677204728,1.0000000000,0.9665245833,0.5000000000,0.8132051282,0.8072158041
2026-07-05T13:56:59Z,20260705T135649Z,645,0.7677204728,1.0000000000,0.9665245833,0.5000000000,0.8826923077,0.8176388810
2026-07-05T13:56:59Z,20260705T135649Z,646,1.0000000000,1.0000000000,1.0000000000,1.0000000000,0.8238461538,0.9735769231
2026-07-05T13:56:59Z,20260705T135649Z,647,1.0000000000,1.0000000000,0.8775171560,1.0000000000,0.8471794872,0.9525803543
2026-07-05T13:56:59Z,20260705T135649Z,648,0.8308156933,1.0000000000,0.9578593300,0.6666666667,0.8206410256,0.8557052765
2026-07-05T13:56:59Z,20260705T135649Z,649,0.8274928135,1.0000000000,0.6636373187,0.6666666667,0.8707692308,0.8035493851
2026-07-05T13:56:59Z,20260705T135649Z,650,0.7322795272,1.0000000000,0.5000000000,0.5000000000,0.8065384615,0.7040506510
2026-07-05T13:56:59Z,20260705T135649Z,651,0.7221149473,1.0000000000,0.5315327466,0.3333333333,0.8538461538,0.6815788759
2026-07-05T13:56:59Z,20260705T135649Z,652,0.7160887327,1.0000000000,0.0695846244,0.6666666667,0.6908974359,0.6299070568
2026-07-05T13:56:59Z,20260705T135649Z,653,0.6186566985,1.0000000000,0.1110444994,0.3333333333,0.7052564103,0.5493282027
2026-07-05T13:56:59Z,20260705T135649Z,654,0.7677204728,1.0000000000,0.8888002244,0.5000000000,0.6783333333,0.7714401631
2026-07-05T13:56:59Z,20260705T135649Z,655,0.9999999953,1.0000000000,1.0000000000,1.0000000000,0.7388461538,0.9608269219
2026-07-05T13:56:59Z,20260705T135649Z,656,0.9999999953,1.0000000000,1.0000000000,1.0000000000,0.7003846154,0.9550576911
2026-07-05T13:56:59Z,20260705T135649Z,657,0.9999999953,1.0000000000,1.0000000000,1.0000000000,0.7705128205,0.9655769219
2026-07-05T13:56:59Z,20260705T135649Z,658,0.9999999953,1.0000000000,1.0000000000,1.0000000000,0.7025641026,0.9553846142
2026-07-05T13:56:59Z,20260705T135649Z,659,0.7677204728,1.0000000000,0.9665245833,0.5000000000,0.6941025641,0.7893504195
2026-07-05T13:56:59Z,20260705T135649Z,660,0.7677204728,1.0000000000,0.9665245833,0.5000000000,0.7157692308,0.7926004195
2026-07-05T13:56:59Z,20260705T135649Z,661,0.9999999953,1.0000000000,1.0000000000,1.0000000000,0.8980769231,0.9847115373
2026-07-05T13:56:59Z,20260705T135649Z,662,0.7677204728,1.0000000000,0.9295534250,0.5000000000,0.8478205128,0.8050138801
2026-07-05T13:56:59Z,20260705T135649Z,663,0.8308156933,1.0000000000,0.8961891502,0.6666666667,0.7488461538,0.8326020098
2026-07-05T13:56:59Z,20260705T135649Z,664,0.8308156933,1.0000000000,0.8614710364,0.6666666667,0.7756410256,0.8296776178
2026-07-05T13:56:59Z,20260705T135649Z,665,0.7677204728,1.0000000000,0.9665245833,0.5000000000,0.7752564103,0.8015234964
2026-07-05T13:56:59Z,20260705T135649Z,666,0.7221149473,1.0000000000,0.8031614184,0.3333333333,0.7587179487,0.7216353795
2026-07-05T13:56:59Z,20260705T135649Z,667,0.7193921541,1.0000000000,0.2101146999,0.5000000000,0.7603846154,0.6359286708
2026-07-05T13:56:59Z,20260705T135649Z,668,0.6416033262,1.0000000000,0.0352771592,0.3333333333,0.8155128205,0.5564498531
2026-07-05T13:56:59Z,20260705T135649Z,669,0.9999999953,1.0000000000,1.0000000000,1.0000000000,0.8603846154,0.9790576911
2026-07-05T13:56:59Z,20260705T135649Z,670,0.7677204728,1.0000000000,0.9665245833,0.5000000000,0.8842307692,0.8178696502
2026-07-05T13:56:59Z,20260705T135649Z,671,1.0000000000,1.0000000000,0.8286426520,1.0000000000,0.7450000000,0.9274785304
2026-07-05T13:56:59Z,20260705T135649Z,672,0.7677204728,1.0000000000,0.7951672353,0.5000000000,0.8002564103,0.7710020268
2026-07-05T13:56:59Z,20260705T135649Z,673,0.9999999953,1.0000000000,1.0000000000,1.0000000000,0.6471794872,0.9470769219
2026-07-05T13:56:59Z,20260705T135649Z,674,0.7677204728,1.0000000000,0.9665245833,0.5000000000,0.7110256410,0.7918888810
2026-07-05T13:56:59Z,20260705T135649Z,675,1.0000000000,1.0000000000,1.0000000000,1.0000000000,0.6103846154,0.9415576923
2026-07-05T13:56:59Z,20260705T135649Z,676,0.7677204728,1.0000000000,0.9665245833,0.5000000000,0.7952564103,0.8045234964
2026-07-05T13:56:59Z,20260705T135649Z,677,0.9999999953,1.0000000000,1.0000000000,1.0000000000,0.6708974359,0.9506346142
2026-07-05T13:56:59Z,20260705T135649Z,678,0.9999999953,1.0000000000,1.0000000000,1.0000000000,0.6620512821,0.9493076911
2026-07-05T13:56:59Z,20260705T135649Z,679,0.9999999953,1.0000000000,1.0000000000,1.0000000000,0.7919230769,0.9687884604
2026-07-05T13:56:59Z,20260705T135649Z,680,0.6968385816,1.0000000000,0.3743340836,0.5000000000,0.7419230769,0.6603649237
2026-07-05T13:56:59Z,20260705T135649Z,681,1.0000000000,1.0000000000,0.9999999866,1.0000000000,0.7034615385,0.9555192281
2026-07-05T13:56:59Z,20260705T135649Z,682,0.6968385816,1.0000000000,0.3743340836,0.5000000000,0.9147435897,0.6862880006
2026-07-05T13:56:59Z,20260705T135649Z,683,0.9999999953,1.0000000000,1.0000000000,1.0000000000,0.7901282051,0.9685192296
2026-07-05T13:56:59Z,20260705T135649Z,684,0.7677204728,1.0000000000,0.9295534250,0.5000000000,0.8065384615,0.7988215724
2026-07-05T13:56:59Z,20260705T135649Z,685,0.7677204728,1.0000000000,0.9295534250,0.5000000000,0.7328205128,0.7877638801
2026-07-05T13:56:59Z,20260705T135649Z,686,0.7677204728,1.0000000000,0.8888002244,0.5000000000,0.8273076923,0.7937863169
2026-07-05T13:56:59Z,20260705T135649Z,687,1.0000000000,1.0000000000,0.9552415148,1.0000000000,0.7562820513,0.9544906107
2026-07-05T13:56:59Z,20260705T135649Z,688,1.0000000000,1.0000000000,0.9511254961,1.0000000000,0.8647435897,0.9699366377
2026-07-05T13:56:59Z,20260705T135649Z,689,0.9291181088,1.0000000000,0.6413817298,1.0000000000,0.7779487179,0.8772481809
2026-07-05T13:56:59Z,20260705T135649Z,690,0.7575558929,1.0000000000,0.5803603025,0.6666666667,0.6239743590,0.7323905209
2026-07-05T13:56:59Z,20260705T135649Z,691,0.7248934060,1.0000000000,0.2681134949,0.6666666667,0.7756410256,0.6845255377
2026-07-05T13:56:59Z,20260705T135649Z,692,0.6186566985,1.0000000000,0.0334291054,0.3333333333,0.8688461538,0.5583435854
2026-07-05T13:56:59Z,20260705T135649Z,693,0.7677204728,1.0000000000,0.9665245833,0.5000000000,0.7873076923,0.8033311887
2026-07-05T13:56:59Z,20260705T135649Z,694,0.7677204728,1.0000000000,0.9665245833,0.5000000000,0.8956410256,0.8195811887
2026-07-05T13:56:59Z,20260705T135649Z,695,0.6968385816,1.0000000000,0.0334754167,0.5000000000,0.7110256410,0.5875585749
2026-07-05T13:56:59Z,20260705T135649Z,696,0.6968385816,1.0000000000,0.3743340836,0.5000000000,0.8056410256,0.6699226160
2026-07-05T13:56:59Z,20260705T135649Z,697,0.7677204728,1.0000000000,0.6256659164,0.5000000000,0.7058974359,0.7229479169
2026-07-05T13:56:59Z,20260705T135649Z,698,0.9999999953,1.0000000000,1.0000000000,1.0000000000,0.6384615385,0.9457692296
2026-07-05T13:56:59Z,20260705T135649Z,699,0.6968385816,1.0000000000,0.1111997756,0.5000000000,0.5551282051,0.5797188313
2026-07-05T13:56:59Z,20260705T135649Z,700,0.9291181088,1.0000000000,0.5477487407,1.0000000000,0.7464102564,0.8537908138
2026-07-05T13:56:59Z,20260705T135649Z,701,1.0000000000,1.0000000000,0.5969264516,1.0000000000,0.7564102564,0.8828468288
2026-07-05T13:56:59Z,20260705T135649Z,702,0.8308156933,1.0000000000,0.8763023934,0.6666666667,0.7294871795,0.8257208123
2026-07-05T13:56:59Z,20260705T135649Z,703,0.5857228750,1.0000000000,0.1244171792,0.2500000000,0.6839743590,0.5239103084
2026-07-05T13:56:59Z,20260705T135649Z,704,0.5857228750,1.0000000000,0.1752307917,0.2500000000,0.8705128205,0.5620538002
2026-07-05T13:56:59Z,20260705T135649Z,705,0.5476038968,1.0000000000,0.0855721830,0.2500000000,0.8869230769,0.5370538723
2026-07-05T13:56:59Z,20260705T135649Z,706,0.6617545721,1.0000000000,0.3886207079,0.4000000000,0.6387179487,0.6189704769
2026-07-05T13:56:59Z,20260705T135649Z,707,0.6756777789,1.0000000000,0.2650519007,0.6000000000,0.9091025641,0.6782952095
2026-07-05T13:56:59Z,20260705T135649Z,708,0.8349916978,1.0000000000,0.6325310258,0.7500000000,0.5989743590,0.7751002835
2026-07-05T13:56:59Z,20260705T135649Z,709,0.5997124834,1.0000000000,0.7347398888,0.2000000000,0.5937179487,0.6259337909
2026-07-05T13:56:59Z,20260705T135649Z,710,0.5814457004,1.0000000000,0.0058149368,0.3333333333,0.6056410256,0.5040372330
2026-07-05T13:56:59Z,20260705T135649Z,711,0.6251540513,1.0000000000,0.6595212582,0.2500000000,0.8000000000,0.6581927644
2026-07-05T13:56:59Z,20260705T135649Z,712,0.6775242385,1.0000000000,0.6923195857,0.4000000000,0.6400000000,0.6838449768
2026-07-05T13:56:59Z,20260705T135649Z,713,0.7002216302,1.0000000000,0.7842461013,0.2500000000,0.8253846154,0.7057123201
2026-07-05T13:56:59Z,20260705T135649Z,714,0.7677204728,1.0000000000,0.7951672353,0.5000000000,0.6702564103,0.7515020268
2026-07-05T13:56:59Z,20260705T135649Z,715,1.0000000000,1.0000000000,0.8286426520,1.0000000000,0.7452564103,0.9275169919
2026-07-05T13:56:59Z,20260705T135649Z,716,1.0000000000,1.0000000000,0.9630288418,1.0000000000,0.7335897436,0.9526442299
2026-07-05T13:56:59Z,20260705T135649Z,717,0.9291181088,1.0000000000,0.5069955401,1.0000000000,0.6320512821,0.8284863275
2026-07-05T13:56:59Z,20260705T135649Z,718,0.6666666667,1.0000000000,0.5623766880,0.3333333333,0.6265384615,0.6397894402
2026-07-05T13:56:59Z,20260705T135649Z,719,0.6666666667,1.0000000000,0.9220336936,0.3333333333,0.8206410256,0.7408362259
2026-07-05T13:56:59Z,20260705T135649Z,720,0.9291181088,1.0000000000,0.1039219917,1.0000000000,0.7035897436,0.7586023871
2026-07-05T13:56:59Z,20260705T135649Z,721,0.6968385816,1.0000000000,0.0334754167,0.5000000000,0.7683333333,0.5961547287
2026-07-05T13:56:59Z,20260705T135649Z,722,0.7233498105,1.0000000000,0.8886112460,0.3333333333,0.8342307692,0.7503609839
2026-07-05T13:56:59Z,20260705T135649Z,723,1.0000000000,1.0000000000,0.9385262818,1.0000000000,0.7788461538,0.9545321794
2026-07-05T13:56:59Z,20260705T135649Z,724,0.6257641301,1.0000000000,0.7377117931,0.2500000000,0.6237179487,0.6475410835
2026-07-05T13:56:59Z,20260705T135649Z,725,0.9291181088,1.0000000000,0.4625948815,1.0000000000,0.6738461538,0.8258754266
2026-07-05T13:56:59Z,20260705T135649Z,726,0.6186566985,1.0000000000,0.2045394815,0.3333333333,0.8205128205,0.5853156607
2026-07-05T13:56:59Z,20260705T135649Z,727,0.6251540513,1.0000000000,0.8260550879,0.2500000000,0.8473076923,0.6985956842
2026-07-05T13:56:59Z,20260705T135649Z,728,0.7160887327,1.0000000000,0.0588338461,0.6666666667,0.5653846154,0.6089299780
2026-07-05T13:56:59Z,20260705T135649Z,729,0.6186566985,1.0000000000,0.3123580670,0.3333333333,0.4580769231,0.5525139932
2026-07-05T13:56:59Z,20260705T135649Z,730,0.6666666667,1.0000000000,0.6783904899,0.3333333333,0.7084615385,0.6752806621
2026-07-05T13:56:59Z,20260705T135649Z,731,1.0000000000,1.0000000000,0.9999999905,1.0000000000,0.7691025641,0.9653653827
2026-07-05T13:56:59Z,20260705T135649Z,732,0.7778850527,1.0000000000,0.5734813988,0.6666666667,0.6688461538,0.7428277993
2026-07-05T13:56:59Z,20260705T135649Z,733,0.7415433010,1.0000000000,0.5835072333,0.5000000000,0.6793589744,0.7039911181
2026-07-05T13:56:59Z,20260705T135649Z,734,0.7544036109,1.0000000000,0.2058280666,0.7500000000,0.7005128205,0.6848434391
2026-07-05T13:56:59Z,20260705T135649Z,735,0.7743054762,1.0000000000,0.6296956386,0.7500000000,0.7764102564,0.7859770352
2026-07-05T13:56:59Z,20260705T135649Z,736,0.8178906433,1.0000000000,0.6685479869,0.6666666667,0.8060256410,0.7924194377
2026-07-05T13:56:59Z,20260705T135649Z,737,0.8308156933,1.0000000000,0.9023267692,0.6666666667,0.7702564103,0.8370410720
2026-07-05T13:56:59Z,20260705T135649Z,738,0.8308156933,1.0000000000,0.7991944448,0.6666666667,0.6371794872,0.7964530687
2026-07-05T13:56:59Z,20260705T135649Z,739,0.8308156933,1.0000000000,0.7861662857,0.6666666667,0.6255128205,0.7920974369
2026-07-05T13:56:59Z,20260705T135649Z,740,0.8308156933,1.0000000000,0.7728176233,0.6666666667,0.7034615385,0.8011200121
2026-07-05T13:56:59Z,20260705T135649Z,741,0.9291181088,1.0000000000,0.4855338592,1.0000000000,0.6293589744,0.8237901452
2026-07-05T13:56:59Z,20260705T135649Z,742,0.9291181088,1.0000000000,0.2223995511,1.0000000000,0.6406410256,0.7728555913
2026-07-05T13:56:59Z,20260705T135649Z,743,0.9291181088,1.0000000000,0.3160325403,1.0000000000,0.8926923077,0.8293898814
2026-07-05T13:56:59Z,20260705T135649Z,744,0.6666666667,1.0000000000,0.7925436939,0.3333333333,0.8301282051,0.7163613029
2026-07-05T13:56:59Z,20260705T135649Z,745,0.6666666667,1.0000000000,0.9526695251,0.3333333333,0.6820512821,0.7261749307
2026-07-05T13:56:59Z,20260705T135649Z,746,0.6968385816,1.0000000000,0.0334754167,0.5000000000,0.8474358974,0.6080201134
2026-07-05T13:56:59Z,20260705T135649Z,747,0.6968385816,1.0000000000,0.3743340836,0.5000000000,0.7137179487,0.6561341544
2026-07-05T13:56:59Z,20260705T135649Z,748,0.7677204728,1.0000000000,0.6256659164,0.5000000000,0.6725641026,0.7179479169
2026-07-05T13:56:59Z,20260705T135649Z,749,0.9999999953,1.0000000000,1.0000000000,1.0000000000,0.8155128205,0.9723269219
2026-07-05T13:56:59Z,20260705T135649Z,750,0.6665729829,1.0000000000,0.2178632370,0.3333333333,0.8005128205,0.5969594829
2026-07-05T13:56:59Z,20260705T135649Z,751,0.8274928135,1.0000000000,0.7153604996,0.6666666667,0.6905128205,0.7868555597
2026-07-05T13:56:59Z,20260705T135649Z,752,0.7697625972,1.0000000000,0.5325372328,0.6666666667,0.8362820513,0.7577237369
2026-07-05T13:56:59Z,20260705T135649Z,753,0.8308156933,1.0000000000,0.9626244068,0.6666666667,0.8134615385,0.8555813688
2026-07-05T13:56:59Z,20260705T135649Z,754,0.6186566985,1.0000000000,0.1549850125,0.3333333333,0.7806410256,0.5694239976
2026-07-05T13:56:59Z,20260705T135649Z,755,0.8308156933,1.0000000000,0.8274128923,0.6666666667,0.7439743590,0.8181159890
2026-07-05T13:56:59Z,20260705T135649Z,756,0.7248934060,1.0000000000,0.2601091636,0.6666666667,0.7451282051,0.6783477483
2026-07-05T13:56:59Z,20260705T135649Z,757,1.0000000000,1.0000000000,0.9999999905,1.0000000000,0.8524358974,0.9778653827
2026-07-05T13:56:59Z,20260705T135649Z,758,1.0000000000,1.0000000000,0.9999999905,1.0000000000,0.7110256410,0.9566538443
2026-07-05T13:56:59Z,20260705T135649Z,759,0.6186566985,1.0000000000,0.2035352927,0.3333333333,0.8237179487,0.5855955921
2026-07-05T13:56:59Z,20260705T135649Z,760,0.8308156933,1.0000000000,0.7012308146,0.6666666667,0.5652564103,0.7660718811
2026-07-05T13:56:59Z,20260705T135649Z,761,0.8427735791,1.0000000000,0.8777456371,0.7500000000,0.7779487179,0.8529348299
2026-07-05T13:56:59Z,20260705T135649Z,762,0.7876837595,1.0000000000,0.6495228039,0.5000000000,0.7652564103,0.7416139622
2026-07-05T13:56:59Z,20260705T135649Z,763,1.0000000000,1.0000000000,0.8981961439,1.0000000000,0.7521794872,0.9424661519
2026-07-05T13:56:59Z,20260705T135649Z,764,1.0000000000,1.0000000000,1.0000000000,1.0000000000,0.7484615385,0.9622692308
2026-07-05T13:56:59Z,20260705T135649Z,765,0.9291181088,1.0000000000,0.2912375335,1.0000000000,0.7443589744,0.8021808801
2026-07-05T13:56:59Z,20260705T135649Z,766,0.7677204728,1.0000000000,0.9665245833,0.5000000000,0.7241025641,0.7938504195
2026-07-05T13:56:59Z,20260705T135649Z,767,0.7677204728,1.0000000000,0.9665245833,0.5000000000,0.6906410256,0.7888311887
2026-07-05T13:56:59Z,20260705T135649Z,768,0.9291181088,1.0000000000,0.1039219917,1.0000000000,0.6320512821,0.7478716178
2026-07-05T13:56:59Z,20260705T135649Z,769,0.9645590544,1.0000000000,0.5704465750,1.0000000000,0.7851282051,0.8729983094
2026-07-05T13:56:59Z,20260705T135649Z,770,0.6431777520,1.0000000000,0.4991206898,0.3333333333,0.7983333333,0.6470352426
2026-07-05T13:56:59Z,20260705T135649Z,771,0.7677204728,1.0000000000,0.9665245833,0.5000000000,0.6234615385,0.7787542656
2026-07-05T13:56:59Z,20260705T135649Z,772,0.7677204728,1.0000000000,0.6256659164,0.5000000000,0.8291025641,0.7414286861
2026-07-05T13:56:59Z,20260705T135649Z,773,0.9291181088,1.0000000000,0.4855338592,1.0000000000,0.7770512821,0.8459439913
2026-07-05T13:56:59Z,20260705T135649Z,774,0.6968385816,1.0000000000,0.1111997756,0.5000000000,0.7052564103,0.6022380621
2026-07-05T13:56:59Z,20260705T135649Z,775,0.9999999953,1.0000000000,1.0000000000,1.0000000000,0.6523076923,0.9478461527
2026-07-05T13:56:59Z,20260705T135649Z,776,0.7221149473,1.0000000000,0.5315327466,0.3333333333,0.6388461538,0.6493288759
2026-07-05T13:56:59Z,20260705T135649Z,777,0.9389292606,1.0000000000,0.8032316967,1.0000000000,0.6352564103,0.8906671160
2026-07-05T13:56:59Z,20260705T135649Z,778,0.7248934060,1.0000000000,0.3388054116,0.6666666667,0.7550000000,0.6955677672
2026-07-05T13:56:59Z,20260705T135649Z,779,0.7248934060,1.0000000000,0.3013670254,0.6666666667,0.6487179487,0.6721377822
2026-07-05T13:56:59Z,20260705T135649Z,780,0.8308156933,1.0000000000,0.8323332013,0.6666666667,0.5792307692,0.7943885123
2026-07-05T13:56:59Z,20260705T135649Z,781,0.6186566985,1.0000000000,0.1549850125,0.3333333333,0.6534615385,0.5503470746
2026-07-05T13:56:59Z,20260705T135649Z,782,0.5857228750,1.0000000000,0.2164766880,0.2500000000,0.8491025641,0.5670914410
2026-07-05T13:56:59Z,20260705T135649Z,783,0.8274928135,1.0000000000,0.7153604996,0.6666666667,0.7125641026,0.7901632520
2026-07-05T13:56:59Z,20260705T135649Z,784,0.8274928135,1.0000000000,0.9421253433,0.6666666667,0.9057692308,0.8644969900
2026-07-05T13:56:59Z,20260705T135649Z,785,0.8178906433,1.0000000000,0.4982510358,0.6666666667,0.7580769231,0.7511677398
2026-07-05T13:56:59Z,20260705T135649Z,786,0.9291181088,1.0000000000,0.3479282586,1.0000000000,0.8201282051,0.8248844097
2026-07-05T13:56:59Z,20260705T135649Z,787,0.6968385816,1.0000000000,0.3144528418,0.5000000000,0.5992307692,0.6269848292
2026-07-05T13:56:59Z,20260705T135649Z,788,0.6968385816,1.0000000000,0.3743340836,0.5000000000,0.6121794872,0.6409033852
2026-07-05T13:56:59Z,20260705T135649Z,789,0.6666666667,1.0000000000,0.6198648780,0.3333333333,0.6433333333,0.6538063089
2026-07-05T13:56:59Z,20260705T135649Z,790,0.4470327476,1.0000000000,0.0000000000,0.0000000000,0.7825641026,0.4291428023
2026-07-05T13:56:59Z,20260705T135649Z,791,0.6665729829,1.0000000000,0.2445537927,0.3333333333,0.6842307692,0.5848552863
2026-07-05T13:56:59Z,20260705T135649Z,792,0.7221149473,1.0000000000,0.7120477379,0.3333333333,0.9011538462,0.7247780280
2026-07-05T13:56:59Z,20260705T135649Z,793,0.9999999953,1.0000000000,1.0000000000,1.0000000000,0.7834615385,0.9675192296
2026-07-05T13:56:59Z,20260705T135649Z,794,0.7677204728,1.0000000000,0.7422378832,0.5000000000,0.7910256410,0.7590315410
2026-07-05T13:56:59Z,20260705T135649Z,795,0.6968385816,1.0000000000,0.2577621168,0.5000000000,0.5889743590,0.6141082226
2026-07-05T13:56:59Z,20260705T135649Z,796,0.4470327476,1.0000000000,0.0000000000,0.0000000000,0.8273076923,0.4358543408
2026-07-05T13:56:59Z,20260705T135649Z,797,0.7677204728,1.0000000000,0.9665245833,0.5000000000,0.7573076923,0.7988311887
2026-07-05T13:56:59Z,20260705T135649Z,798,0.7677204728,1.0000000000,0.8440417392,0.5000000000,0.8106410256,0.7823346199
2026-07-05T13:56:59Z,20260705T135649Z,799,0.6968385816,1.0000000000,0.1559582608,0.5000000000,0.6216666667,0.5986512976
2026-07-05T13:56:59Z,20260705T135649Z,800,0.4645590544,1.0000000000,0.0000000000,0.0000000000,0.7088461538,0.4224666867
2026-07-05T13:56:59Z,20260705T135649Z,801,0.7677204728,1.0000000000,0.9665245833,0.5000000000,0.7587179487,0.7990427272
2026-07-05T13:56:59Z,20260705T135649Z,802,0.8308156933,1.0000000000,0.9069391514,0.6666666667,0.7169230769,0.8299635485
2026-07-05T13:56:59Z,20260705T135649Z,803,0.7107144013,1.0000000000,0.8182734182,0.5000000000,0.7335897436,0.7513717455
2026-07-05T13:56:59Z,20260705T135649Z,804,0.6665729829,1.0000000000,0.1754796561,0.3333333333,0.7841025641,0.5860212282
2026-07-05T13:56:59Z,20260705T135649Z,805,0.6059906351,1.0000000000,0.1597317695,0.2500000000,0.7125641026,0.5403286281
2026-07-05T13:56:59Z,20260705T135649Z,806,0.6906267354,1.0000000000,0.1278023023,0.6000000000,0.6835897436,0.6207556059
2026-07-05T13:56:59Z,20260705T135649Z,807,0.6753288465,1.0000000000,0.0434441817,0.5000000000,0.8542307692,0.6056556634
2026-07-05T13:56:59Z,20260705T135649Z,808,0.6864129653,1.0000000000,0.1784480551,0.5000000000,0.8189743590,0.6301390062
2026-07-05T13:56:59Z,20260705T135649Z,809,0.7911717252,1.0000000000,0.7937223129,0.5000000000,0.8561538462,0.7849604708
2026-07-05T13:56:59Z,20260705T135649Z,810,0.7877679844,1.0000000000,0.4089329749,0.6666666667,0.6403846154,0.7081196167
2026-07-05T13:56:59Z,20260705T135649Z,811,0.7937042906,1.0000000000,0.0744513902,0.7500000000,0.6770512821,0.6648740430
2026-07-05T13:56:59Z,20260705T135649Z,812,0.6648056532,1.0000000000,0.0411703476,0.5000000000,0.7948717949,0.5936662521
2026-07-05T13:56:59Z,20260705T135649Z,813,0.7248934060,1.0000000000,0.4026106852,0.6666666667,0.7057692308,0.7009442065
2026-07-05T13:56:59Z,20260705T135649Z,814,0.8308156933,1.0000000000,0.7514452095,0.6666666667,0.7032051282,0.7968070678
2026-07-05T13:56:59Z,20260705T135649Z,815,0.6968385816,1.0000000000,0.1559582608,0.5000000000,0.8476923077,0.6325551437
2026-07-05T13:56:59Z,20260705T135649Z,816,0.6968385816,1.0000000000,0.1111997756,0.5000000000,0.5935897436,0.5854880621
2026-07-05T13:56:59Z,20260705T135649Z,817,0.7677204728,1.0000000000,0.8888002244,0.5000000000,0.8289743590,0.7940363169
2026-07-05T13:56:59Z,20260705T135649Z,818,0.7677204728,1.0000000000,0.9665245833,0.5000000000,0.7151282051,0.7925042656
2026-07-05T13:56:59Z,20260705T135649Z,819,0.6666666667,1.0000000000,0.7401924071,0.3333333333,0.7302564103,0.6909102763
2026-07-05T13:56:59Z,20260705T135649Z,820,1.0000000000,1.0000000000,0.9433092750,1.0000000000,0.8825641026,0.9710464704
2026-07-05T13:56:59Z,20260705T135649Z,821,1.0000000000,1.0000000000,1.0000000000,1.0000000000,0.6394871795,0.9459230769
2026-07-05T13:56:59Z,20260705T135649Z,822,0.7677204728,1.0000000000,0.6855471582,0.5000000000,0.7342307692,0.7391741652
2026-07-05T13:56:59Z,20260705T135649Z,823,0.7677204728,1.0000000000,0.7422378832,0.5000000000,0.7280769231,0.7495892333
2026-07-05T13:56:59Z,20260705T135649Z,824,0.6968385816,1.0000000000,0.2577621168,0.5000000000,0.6229487179,0.6192043765
2026-07-05T13:56:59Z,20260705T135649Z,825,0.6968385816,1.0000000000,0.1559582608,0.5000000000,0.7353846154,0.6157089899
2026-07-05T13:56:59Z,20260705T135649Z,826,0.6666666667,1.0000000000,0.8291610675,0.3333333333,0.6038461538,0.6897424699
2026-07-05T13:56:59Z,20260705T135649Z,827,0.7248934060,1.0000000000,0.3663080433,0.6666666667,0.8112820513,0.7095106012
2026-07-05T13:56:59Z,20260705T135649Z,828,0.8308156933,1.0000000000,0.6949952299,0.6666666667,0.7262820513,0.7889786103
2026-07-05T13:56:59Z,20260705T135649Z,829,0.6186566985,1.0000000000,0.0700139540,0.3333333333,0.7730769231,0.5512951705
2026-07-05T13:56:59Z,20260705T135649Z,830,0.8308156933,1.0000000000,0.9626244068,0.6666666667,0.7189743590,0.8414082919
2026-07-05T13:56:59Z,20260705T135649Z,831,0.6161870225,1.0000000000,0.0371494992,0.3333333333,0.6905128205,0.5317202452
2026-07-05T13:56:59Z,20260705T135649Z,832,0.6968385816,1.0000000000,0.1111997756,0.5000000000,0.8170512821,0.6190072928
2026-07-05T13:56:59Z,20260705T135649Z,833,0.8178906433,1.0000000000,0.4459921744,0.6666666667,0.6220512821,0.7203121213
2026-07-05T13:56:59Z,20260705T135649Z,834,0.8308156933,1.0000000000,0.9493633843,0.6666666667,0.6903846154,0.8344676258
2026-07-05T13:56:59Z,20260705T135649Z,835,0.8308156933,1.0000000000,0.7998200406,0.6666666667,0.6089743590,0.7923474186
2026-07-05T13:56:59Z,20260705T135649Z,836,0.7107144013,1.0000000000,0.5364125443,0.5000000000,0.6093589744,0.6763649553
2026-07-05T13:56:59Z,20260705T135649Z,837,0.7575558929,1.0000000000,0.3612627157,0.6666666667,0.6308974359,0.6896094651
2026-07-05T13:56:59Z,20260705T135649Z,838,0.9291181088,1.0000000000,0.1446751923,1.0000000000,0.6255128205,0.7550414887
2026-07-05T13:56:59Z,20260705T135649Z,839,0.6968385816,1.0000000000,0.0334754167,0.5000000000,0.8353846154,0.6062124210
2026-07-05T13:56:59Z,20260705T135649Z,840,0.9999999953,1.0000000000,1.0000000000,1.0000000000,0.8253846154,0.9738076911
2026-07-05T13:56:59Z,20260705T135649Z,841,0.7677204728,1.0000000000,0.7951672353,0.5000000000,0.6489743590,0.7483097191
2026-07-05T13:56:59Z,20260705T135649Z,842,0.6968385816,1.0000000000,0.2048327647,0.5000000000,0.8237179487,0.6387338906
2026-07-05T13:56:59Z,20260705T135649Z,843,0.6161870225,1.0000000000,0.0827648092,0.3333333333,0.5482051282,0.5194971534
2026-07-05T13:56:59Z,20260705T135649Z,844,0.7221149473,1.0000000000,0.8498246549,0.3333333333,0.7885897436,0.7354487960
2026-07-05T13:56:59Z,20260705T135649Z,845,0.9999999953,1.0000000000,1.0000000000,1.0000000000,0.7939743590,0.9690961527
2026-07-05T13:56:59Z,20260705T135649Z,846,0.6968385816,1.0000000000,0.3144528418,0.5000000000,0.7801282051,0.6541194445
2026-07-05T13:56:59Z,20260705T135649Z,847,1.0000000000,1.0000000000,0.8779038767,1.0000000000,0.8135897436,0.9476192369
2026-07-05T13:56:59Z,20260705T135649Z,848,0.5826023359,1.0000000000,0.4349503845,0.2500000000,0.6523076923,0.5804868147
2026-07-05T13:56:59Z,20260705T135649Z,849,0.5800528066,1.0000000000,0.8418932657,0.2000000000,0.6303846154,0.6479495471
2026-07-05T13:56:59Z,20260705T135649Z,850,0.6665729829,1.0000000000,0.1245916142,0.3333333333,0.7305128205,0.5678051583
2026-07-05T13:56:59Z,20260705T135649Z,851,0.6512923670,1.0000000000,0.1874373480,0.2500000000,0.5867948718,0.5383297921
2026-07-05T13:56:59Z,20260705T135649Z,852,0.7769957847,1.0000000000,0.8109273687,0.7500000000,0.8507692308,0.8340498045
2026-07-05T13:56:59Z,20260705T135649Z,853,0.5953735072,1.0000000000,0.2911992379,0.4000000000,0.7075641026,0.5932178398
2026-07-05T13:56:59Z,20260705T135649Z,854,0.6792157784,1.0000000000,0.5957188849,0.4000000000,0.6467948718,0.6659669524
2026-07-05T13:56:59Z,20260705T135649Z,855,0.6982518595,1.0000000000,0.0704452438,0.5000000000,0.6733333333,0.5896520136
2026-07-05T13:56:59Z,20260705T135649Z,856,0.8048689313,1.0000000000,0.5974448548,0.6666666667,0.7283333333,0.7632895371
2026-07-05T13:56:59Z,20260705T135649Z,857,0.9291181088,1.0000000000,0.6413817298,1.0000000000,0.6561538462,0.8589789501
2026-07-05T13:56:59Z,20260705T135649Z,858,0.7305751109,1.0000000000,0.2776022751,0.5000000000,0.6194871795,0.6310873097
2026-07-05T13:56:59Z,20260705T135649Z,859,0.6059906351,1.0000000000,0.1004514560,0.2500000000,0.7987179487,0.5413956423
2026-07-05T13:56:59Z,20260705T135649Z,860,0.7677204728,1.0000000000,0.8888002244,0.5000000000,0.8421794872,0.7960170862
2026-07-05T13:56:59Z,20260705T135649Z,861,0.8048689313,1.0000000000,0.7843406589,0.6666666667,0.6819230769,0.7937071595
2026-07-05T13:56:59Z,20260705T135649Z,862,0.6416033262,1.0000000000,0.1949822290,0.3333333333,0.5347435897,0.5462754825
2026-07-05T13:56:59Z,20260705T135649Z,863,0.9999999953,1.0000000000,1.0000000000,1.0000000000,0.7552564103,0.9632884604
2026-07-05T13:56:59Z,20260705T135649Z,864,0.7677204728,1.0000000000,0.9295534250,0.5000000000,0.5919230769,0.7666292647
2026-07-05T13:56:59Z,20260705T135649Z,865,0.9291181088,1.0000000000,0.1039219917,1.0000000000,0.7101282051,0.7595831563
2026-07-05T13:56:59Z,20260705T135649Z,866,0.9291181088,1.0000000000,0.4078095003,1.0000000000,0.7701282051,0.8293606580
2026-07-05T13:56:59Z,20260705T135649Z,867,0.7677204728,1.0000000000,0.6256659164,0.5000000000,0.8737179487,0.7481209938
2026-07-05T13:56:59Z,20260705T135649Z,868,0.7677204728,1.0000000000,0.8888002244,0.5000000000,0.7169230769,0.7772286246
2026-07-05T13:56:59Z,20260705T135649Z,869,0.6968385816,1.0000000000,0.1111997756,0.5000000000,0.8020512821,0.6167572928
2026-07-05T13:56:59Z,20260705T135649Z,870,0.6968385816,1.0000000000,0.1559582608,0.5000000000,0.7203846154,0.6134589899
2026-07-05T13:56:59Z,20260705T135649Z,871,0.6666666667,1.0000000000,0.7009762378,0.3333333333,0.5685897436,0.6588170424
2026-07-05T13:56:59Z,20260705T135649Z,872,0.6666666667,1.0000000000,0.6002856333,0.3333333333,0.7638461538,0.6679673831
2026-07-05T13:56:59Z,20260705T135649Z,873,0.9291181088,1.0000000000,0.3479282586,1.0000000000,0.6839743590,0.8044613328
2026-07-05T13:56:59Z,20260705T135649Z,874,0.5822138547,1.0000000000,0.0322771733,0.2500000000,0.6876923077,0.5051627445
2026-07-05T13:56:59Z,20260705T135649Z,875,0.6251540513,1.0000000000,0.8155921466,0.2500000000,0.8708974359,0.7000415575
2026-07-05T13:56:59Z,20260705T135649Z,876,0.8308156933,1.0000000000,0.9384884944,0.6666666667,0.7632051282,0.8432157248
2026-07-05T13:56:59Z,20260705T135649Z,877,0.6683552816,1.0000000000,0.1228191418,0.5000000000,0.7471794872,0.6037295718
2026-07-05T13:56:59Z,20260705T135649Z,878,1.0000000000,1.0000000000,0.8429661232,1.0000000000,0.6291025641,0.9129586093
2026-07-05T13:56:59Z,20260705T135649Z,879,0.7248934060,1.0000000000,0.2767285304,0.6666666667,0.8393589744,0.6958062371
2026-07-05T13:56:59Z,20260705T135649Z,880,0.8048689313,1.0000000000,0.9646740990,0.6666666667,0.7339743590,0.8375815398
2026-07-05T13:56:59Z,20260705T135649Z,881,0.7877679844,1.0000000000,0.2397770802,0.6666666667,0.8360256410,0.7036345916
2026-07-05T13:56:59Z,20260705T135649Z,882,1.0000000000,1.0000000000,0.9470706479,1.0000000000,0.7210256410,0.9475679757
2026-07-05T13:56:59Z,20260705T135649Z,883,0.6549403806,1.0000000000,0.2506114727,0.5000000000,0.7138461538,0.6209343128
2026-07-05T13:56:59Z,20260705T135649Z,884,0.5628329582,1.0000000000,0.1168859432,0.2500000000,0.8842307692,0.5467200436
2026-07-05T13:56:59Z,20260705T135649Z,885,0.6968385816,1.0000000000,0.0334754167,0.5000000000,0.5847435897,0.5686162672
2026-07-05T13:56:59Z,20260705T135649Z,886,0.9645590544,1.0000000000,0.5334754167,1.0000000000,0.5934615385,0.8368540777
2026-07-05T13:56:59Z,20260705T135649Z,887,0.9645590544,1.0000000000,0.7577621168,1.0000000000,0.7076923077,0.8988460331
2026-07-05T13:56:59Z,20260705T135649Z,888,0.6968385816,1.0000000000,0.2577621168,0.5000000000,0.8138461538,0.6478389918
2026-07-05T13:56:59Z,20260705T135649Z,889,0.7677204728,1.0000000000,0.9295534250,0.5000000000,0.8010256410,0.7979946494
2026-07-05T13:56:59Z,20260705T135649Z,890,0.8308156933,1.0000000000,0.7570961860,0.6666666667,0.8271794872,0.8165334169
2026-07-05T13:56:59Z,20260705T135649Z,891,0.6161870225,1.0000000000,0.0942079239,0.3333333333,0.7876923077,0.5577088532
2026-07-05T13:56:59Z,20260705T135649Z,892,0.6665729829,1.0000000000,0.2745654903,0.3333333333,0.7856410256,0.6060691643
2026-07-05T13:56:59Z,20260705T135649Z,893,0.7221149473,1.0000000000,0.7213875578,0.3333333333,0.8739743590,0.7225690689
2026-07-05T13:56:59Z,20260705T135649Z,894,0.7677204728,1.0000000000,0.7422378832,0.5000000000,0.6951282051,0.7446469256
2026-07-05T13:56:59Z,20260705T135649Z,895,0.9291181088,1.0000000000,0.3282086918,1.0000000000,0.6980769231,0.8026328040
2026-07-05T13:56:59Z,20260705T135649Z,896,0.9291181088,1.0000000000,0.1816463505,1.0000000000,0.6667948718,0.7686280281
2026-07-05T13:56:59Z,20260705T135649Z,897,0.7677204728,1.0000000000,0.8888002244,0.5000000000,0.8123076923,0.7915363169
2026-07-05T13:56:59Z,20260705T135649Z,898,0.6968385816,1.0000000000,0.4365489651,0.5000000000,0.7625641026,0.6759040538
2026-07-05T13:56:59Z,20260705T135649Z,899,0.8308156933,1.0000000000,0.6791506065,0.6666666667,0.7267948718,0.7858866087
2026-07-05T13:56:59Z,20260705T135649Z,900,0.8938939633,1.0000000000,0.1704983707,1.0000000000,0.8157692308,0.7799385496
2026-07-05T13:56:59Z,20260705T135649Z,901,0.9389292606,1.0000000000,0.7437724160,1.0000000000,0.5533333333,0.8664867984
2026-07-05T13:56:59Z,20260705T135649Z,902,0.6665729829,1.0000000000,0.2916930569,0.3333333333,0.5988461538,0.5814754468
2026-07-05T13:56:59Z,20260705T135649Z,903,0.6512923670,1.0000000000,0.1327528233,0.2500000000,0.8538461538,0.5674505795
2026-07-05T13:56:59Z,20260705T135649Z,904,0.7769957847,1.0000000000,0.7227410417,0.7500000000,0.7651282051,0.8035663853
2026-07-05T13:56:59Z,20260705T135649Z,905,0.7496918975,1.0000000000,0.8426341336,0.5000000000,0.7341025641,0.7660651857
2026-07-05T13:56:59Z,20260705T135649Z,906,0.6161870225,1.0000000000,0.1496070685,0.3333333333,0.6757692308,0.5520002206
2026-07-05T13:56:59Z,20260705T135649Z,907,0.6519264212,1.0000000000,0.3584315568,0.2500000000,0.7703846154,0.6002256090
2026-07-05T13:56:59Z,20260705T135649Z,908,0.6519264212,1.0000000000,0.3584315568,0.2500000000,0.8141025641,0.6067833013
2026-07-05T13:56:59Z,20260705T135649Z,909,0.6945217305,1.0000000000,0.4645590544,0.3333333333,0.6492307692,0.6305935255
2026-07-05T13:56:59Z,20260705T135649Z,910,0.6945217305,1.0000000000,0.4645590544,0.3333333333,0.8689743590,0.6635550640
2026-07-05T13:56:59Z,20260705T135649Z,911,0.6968385816,1.0000000000,0.1111997756,0.5000000000,0.5817948718,0.5837188313
2026-07-05T13:56:59Z,20260705T135649Z,912,0.7677204728,1.0000000000,0.8888002244,0.5000000000,0.7267948718,0.7787093939
2026-07-05T13:56:59Z,20260705T135649Z,913,0.7677204728,1.0000000000,0.7951672353,0.5000000000,0.7856410256,0.7688097191
2026-07-05T13:56:59Z,20260705T135649Z,914,1.0000000000,1.0000000000,0.7682837996,1.0000000000,0.8133333333,0.9256567599
2026-07-05T13:56:59Z,20260705T135649Z,915,0.9291181088,1.0000000000,0.8730979303,1.0000000000,0.7267948718,0.9159183440
2026-07-05T13:56:59Z,20260705T135649Z,916,0.6186566985,1.0000000000,0.4358293655,0.3333333333,0.7338461538,0.6185736375
2026-07-05T13:56:59Z,20260705T135649Z,917,0.7677204728,1.0000000000,0.9665245833,0.5000000000,0.8060256410,0.8061388810
2026-07-05T13:56:59Z,20260705T135649Z,918,0.7221149473,1.0000000000,0.7776398117,0.3333333333,0.7924358974,0.7215887504
2026-07-05T13:56:59Z,20260705T135649Z,919,0.6665729829,1.0000000000,0.2178632370,0.3333333333,0.6823076923,0.5792287136
2026-07-05T13:56:59Z,20260705T135649Z,920,0.6968385816,1.0000000000,0.1559582608,0.5000000000,0.8238461538,0.6289782206
2026-07-05T13:56:59Z,20260705T135649Z,921,0.7778850527,1.0000000000,0.8602506629,0.6666666667,0.7176923077,0.8075085752
2026-07-05T13:56:59Z,20260705T135649Z,922,0.7778850527,1.0000000000,0.8953096701,0.6666666667,0.7567948718,0.8203857613
2026-07-05T13:56:59Z,20260705T135649Z,923,0.9291181088,1.0000000000,0.1446751923,1.0000000000,0.7973076923,0.7808107195
2026-07-05T13:56:59Z,20260705T135649Z,924,0.7876837595,1.0000000000,0.5127275107,0.5000000000,0.7307692308,0.7090818266
2026-07-05T13:56:59Z,20260705T135649Z,925,0.7533159679,1.0000000000,0.5096472310,0.7500000000,0.6737179487,0.7413161305
2026-07-05T13:56:59Z,20260705T135649Z,926,0.6972020364,1.0000000000,0.7556841818,0.5000000000,0.7320512821,0.7352450377
2026-07-05T13:56:59Z,20260705T135649Z,927,0.6665729829,1.0000000000,0.2312660908,0.3333333333,0.8775641026,0.6111977459
2026-07-05T13:56:59Z,20260705T135649Z,928,0.6512923670,1.0000000000,0.2622023199,0.2500000000,0.5815384615,0.5524943250
2026-07-05T13:56:59Z,20260705T135649Z,929,0.7745830086,1.0000000000,0.7067020869,0.7500000000,0.8564102564,0.8134477080
2026-07-05T13:56:59Z,20260705T135649Z,930,0.6371829527,1.0000000000,0.5286148116,0.4000000000,0.6607692308,0.6441340851
2026-07-05T13:56:59Z,20260705T135649Z,931,0.6059906351,1.0000000000,0.2379634893,0.2500000000,0.7638461538,0.5636672797
2026-07-05T13:56:59Z,20260705T135649Z,932,0.6416033262,1.0000000000,0.0352771592,0.3333333333,0.8185897436,0.5569113916
2026-07-05T13:56:59Z,20260705T135649Z,933,0.7877679844,1.0000000000,0.0687008372,0.6666666667,0.7469230769,0.6560539584
2026-07-05T13:56:59Z,20260705T135649Z,934,0.7677204728,1.0000000000,0.9665245833,0.5000000000,0.7152564103,0.7925234964
2026-07-05T13:56:59Z,20260705T135649Z,935,0.7221149473,1.0000000000,0.5315327466,0.3333333333,0.7241025641,0.6621173374
2026-07-05T13:56:59Z,20260705T135649Z,936,0.7248934060,1.0000000000,0.4674960702,0.6666666667,0.6650000000,0.7078058989
2026-07-05T13:56:59Z,20260705T135649Z,937,0.6186566985,1.0000000000,0.3737476522,0.3333333333,0.7271794872,0.6051572948
2026-07-05T13:56:59Z,20260705T135649Z,938,0.8308156933,1.0000000000,0.7877277524,0.6666666667,0.7569230769,0.8121212687
2026-07-05T13:56:59Z,20260705T135649Z,939,0.8892706552,1.0000000000,0.2019925849,1.0000000000,0.8137179487,0.7847738731
2026-07-05T13:56:59Z,20260705T135649Z,940,0.9694646303,1.0000000000,0.9505243842,1.0000000000,0.6958974359,0.9368556498
2026-07-05T13:56:59Z,20260705T135649Z,941,0.7160887327,1.0000000000,0.1106493021,0.6666666667,0.6006410256,0.6245815308
2026-07-05T13:56:59Z,20260705T135649Z,942,0.6968385816,1.0000000000,0.1559582608,0.5000000000,0.8224358974,0.6287666822
2026-07-05T13:56:59Z,20260705T135649Z,943,0.7233498105,1.0000000000,0.9500849642,0.3333333333,0.6506410256,0.7351172660
2026-07-05T13:56:59Z,20260705T135649Z,944,0.8048689313,1.0000000000,0.9646740990,0.6666666667,0.6437179487,0.8240430783
2026-07-05T13:56:59Z,20260705T135649Z,945,1.0000000000,1.0000000000,0.9630288418,1.0000000000,0.8057692308,0.9634711530
2026-07-05T13:56:59Z,20260705T135649Z,946,0.9291181088,1.0000000000,0.1408931499,1.0000000000,0.6851282051,0.7632273879
2026-07-05T13:56:59Z,20260705T135649Z,947,0.9291181088,1.0000000000,0.4447806586,1.0000000000,0.6797435897,0.8231971974
2026-07-05T13:56:59Z,20260705T135649Z,948,0.6251540513,1.0000000000,0.5029500875,0.2500000000,0.6393589744,0.6027823765
2026-07-05T13:56:59Z,20260705T135649Z,949,0.6251540513,1.0000000000,0.6499334366,0.2500000000,0.7083333333,0.6425252001
2026-07-05T13:56:59Z,20260705T135649Z,950,1.0000000000,1.0000000000,0.8286426520,1.0000000000,0.6066666667,0.9067285304
2026-07-05T13:56:59Z,20260705T135649Z,951,0.6968385816,1.0000000000,0.2048327647,0.5000000000,0.7948717949,0.6344069676
2026-07-05T13:56:59Z,20260705T135649Z,952,0.6161870225,1.0000000000,0.0869026167,0.3333333333,0.6032051282,0.5285747149
2026-07-05T13:56:59Z,20260705T135649Z,953,0.7496918975,1.0000000000,0.8608010507,0.5000000000,0.6029487179,0.7500254922
2026-07-05T13:56:59Z,20260705T135649Z,954,0.5203395434,1.0000000000,0.0041001763,0.2500000000,0.8316666667,0.5056549211
2026-07-05T13:56:59Z,20260705T135649Z,955,0.7254638286,1.0000000000,0.4711598994,0.5000000000,0.8206410256,0.6986940909
2026-07-05T13:56:59Z,20260705T135649Z,956,0.9253367304,1.0000000000,0.4880412257,1.0000000000,0.6101282051,0.8204616585
2026-07-05T13:56:59Z,20260705T135649Z,957,0.7350386804,1.0000000000,0.3505117275,0.5000000000,0.6115384615,0.6455927848
2026-07-05T13:56:59Z,20260705T135649Z,958,0.8308156933,1.0000000000,0.9493633843,0.6666666667,0.9207692308,0.8690253181
2026-07-05T13:56:59Z,20260705T135649Z,959,0.8556136734,1.0000000000,0.6489322435,0.7500000000,0.8169230769,0.8162283286
2026-07-05T13:56:59Z,20260705T135649Z,960,0.6512923670,1.0000000000,0.3125056189,0.2500000000,0.8628205128,0.6047472925
2026-07-05T13:56:59Z,20260705T135649Z,961,0.6005182395,1.0000000000,0.1073559898,0.2000000000,0.5646153846,0.4962930655
2026-07-05T13:56:59Z,20260705T135649Z,962,0.5510326027,1.0000000000,0.1127555184,0.3333333333,0.5650000000,0.5117259210
2026-07-05T13:56:59Z,20260705T135649Z,963,0.5822138547,1.0000000000,0.4321134056,0.2500000000,0.5907692308,0.5705915294
2026-07-05T13:56:59Z,20260705T135649Z,964,1.0000000000,1.0000000000,0.5969264516,1.0000000000,0.7188461538,0.8772122134
2026-07-05T13:56:59Z,20260705T135649Z,965,0.9291181088,1.0000000000,0.2912375335,1.0000000000,0.8576923077,0.8191808801
2026-07-05T13:56:59Z,20260705T135649Z,966,0.8308156933,1.0000000000,0.9418854513,0.6666666667,0.7338461538,0.8394912700
2026-07-05T13:56:59Z,20260705T135649Z,967,0.6665729829,1.0000000000,0.2178632370,0.3333333333,0.8552564103,0.6051710213
2026-07-05T13:56:59Z,20260705T135649Z,968,0.7677204728,1.0000000000,0.9665245833,0.5000000000,0.6757692308,0.7866004195
2026-07-05T13:56:59Z,20260705T135649Z,969,0.8048689313,1.0000000000,0.9091757782,0.6666666667,0.8338461538,0.8414626449
2026-07-05T13:56:59Z,20260705T135649Z,970,0.7877679844,1.0000000000,0.2332521270,0.6666666667,0.7408974359,0.6880603702
2026-07-05T13:56:59Z,20260705T135649Z,971,0.9645590544,1.0000000000,0.6559582608,1.0000000000,0.7719230769,0.8881198773
2026-07-05T13:56:59Z,20260705T135649Z,972,0.7322795272,1.0000000000,0.5000000000,0.5000000000,0.6235897436,0.6766083433
2026-07-05T13:56:59Z,20260705T135649Z,973,0.7677204728,1.0000000000,0.9295534250,0.5000000000,0.8329487179,0.8027831109
2026-07-05T13:56:59Z,20260705T135649Z,974,0.6186566985,1.0000000000,0.0332704850,0.3333333333,0.7803846154,0.5450426306
2026-07-05T13:56:59Z,20260705T135649Z,975,0.8178906433,1.0000000000,0.3247005314,0.6666666667,0.6506410256,0.7003422543
2026-07-05T13:56:59Z,20260705T135649Z,976,0.7221149473,1.0000000000,0.6912077151,0.3333333333,0.6274358974,0.6795523311
2026-07-05T13:56:59Z,20260705T135649Z,977,0.7002216302,1.0000000000,0.5254920319,0.2500000000,0.9057692308,0.6660191985
2026-07-05T13:56:59Z,20260705T135649Z,978,0.7796750095,1.0000000000,0.4855861298,0.5000000000,0.6073076923,0.6831321322
2026-07-05T13:56:59Z,20260705T135649Z,979,0.7094030901,1.0000000000,0.0725074419,0.5000000000,0.8760256410,0.6232561071
2026-07-05T13:56:59Z,20260705T135649Z,980,0.6091892485,1.0000000000,0.4145041760,0.5000000000,0.7143589744,0.6423519935
2026-07-05T13:56:59Z,20260705T135649Z,981,0.5488789496,1.0000000000,0.2706095537,0.5000000000,0.8544871795,0.6195147251
2026-07-05T13:56:59Z,20260705T135649Z,982,0.7895834242,1.0000000000,0.5929795059,0.5000000000,0.7942307692,0.7351263726
2026-07-05T13:56:59Z,20260705T135649Z,983,0.5826023359,1.0000000000,0.0702292651,0.2500000000,0.7369230769,0.5202348985
2026-07-05T13:56:59Z,20260705T135649Z,984,0.6512534889,1.0000000000,0.5675969348,0.4000000000,0.8105128205,0.6779096823
2026-07-05T13:56:59Z,20260705T135649Z,985,0.6519264212,1.0000000000,0.4264819962,0.2500000000,0.8957692308,0.6326433891
2026-07-05T13:56:59Z,20260705T135649Z,986,0.6220067236,1.0000000000,0.2246134762,0.2000000000,0.6701282051,0.5409436069
2026-07-05T13:56:59Z,20260705T135649Z,987,0.7392950361,1.0000000000,0.4571123117,0.4000000000,0.5984615385,0.6460154521
2026-07-05T13:56:59Z,20260705T135649Z,988,0.7778850527,1.0000000000,0.7589433464,0.6666666667,0.5953846154,0.7689009581
2026-07-05T13:56:59Z,20260705T135649Z,989,0.7778850527,1.0000000000,0.8157617785,0.6666666667,0.6439743590,0.7875531061
2026-07-05T13:56:59Z,20260705T135649Z,990,0.9291181088,1.0000000000,0.4700243819,1.0000000000,0.6923076923,0.8301305574
2026-07-05T13:56:59Z,20260705T135649Z,991,0.6257641301,1.0000000000,0.5610660359,0.2500000000,0.7212820513,0.6268465474
2026-07-05T13:56:59Z,20260705T135649Z,992,0.6257641301,1.0000000000,0.9399182504,0.2500000000,0.7656410256,0.7092708365
2026-07-05T13:56:59Z,20260705T135649Z,993,0.7677204728,1.0000000000,0.9665245833,0.5000000000,0.7458974359,0.7971196502
2026-07-05T13:56:59Z,20260705T135649Z,994,0.4645590544,1.0000000000,0.0000000000,0.0000000000,0.7891025641,0.4345051482
2026-07-05T13:56:59Z,20260705T135649Z,995,0.6968385816,1.0000000000,0.4365489651,0.5000000000,0.7278205128,0.6706925153
2026-07-05T13:56:59Z,20260705T135649Z,996,0.7677204728,1.0000000000,0.5634510349,0.5000000000,0.8537179487,0.7326780175
2026-07-05T13:56:59Z,20260705T135649Z,997,0.7677204728,1.0000000000,0.9665245833,0.5000000000,0.6717948718,0.7860042656
2026-07-05T13:56:59Z,20260705T135649Z,998,0.8048689313,1.0000000000,0.9646740990,0.6666666667,0.8611538462,0.8566584629
2026-07-05T13:56:59Z,20260705T135649Z,999,0.6257641301,1.0000000000,0.8782153545,0.2500000000,0.8291025641,0.7064494880
2026-07-05T13:56:59Z,20260705T135649Z,1000,0.6251540513,1.0000000000,0.8337506145,0.2500000000,0.8276923077,0.6971924819
2026-07-05T13:56:59Z,20260705T135649Z,1001,0.6665729829,1.0000000000,0.1177715933,0.3333333333,0.6269230769,0.5509026926
2026-07-05T13:56:59Z,20260705T135649Z,1002,0.6665729829,1.0000000000,0.2916930569,0.3333333333,0.8073076923,0.6127446776
2026-07-05T13:56:59Z,20260705T135649Z,1003,0.7869708545,1.0000000000,0.7366709678,0.7500000000,0.8417948718,0.8203461379
2026-07-05T13:56:59Z,20260705T135649Z,1004,0.6936122331,1.0000000000,0.7948333603,0.6000000000,0.8185897436,0.7751581919
2026-07-05T13:56:59Z,20260705T135649Z,1005,0.6549403806,1.0000000000,0.0559030054,0.5000000000,0.8257692308,0.5987810809
2026-07-05T13:56:59Z,20260705T135649Z,1006,0.7254638286,1.0000000000,0.4878523914,0.5000000000,0.8253846154,0.7027441277
2026-07-05T13:56:59Z,20260705T135649Z,1007,0.9253367304,1.0000000000,0.5277775573,1.0000000000,0.6670512821,0.8369473863
2026-07-05T13:56:59Z,20260705T135649Z,1008,0.6679349688,1.0000000000,0.2542459629,0.4000000000,0.8242307692,0.6214675502
2026-07-05T13:56:59Z,20260705T135649Z,1009,0.7496918975,1.0000000000,0.8076563524,0.5000000000,0.6123076923,0.7408003987
2026-07-05T13:56:59Z,20260705T135649Z,1010,0.8556136734,1.0000000000,0.6532439264,0.7500000000,0.7425641026,0.8059368190
2026-07-05T13:56:59Z,20260705T135649Z,1011,0.6512923670,1.0000000000,0.2756527562,0.2500000000,0.7824358974,0.5853190276
2026-07-05T13:56:59Z,20260705T135649Z,1012,0.7221149473,1.0000000000,0.6022693343,0.3333333333,0.8325641026,0.6925338857
2026-07-05T13:56:59Z,20260705T135649Z,1013,0.6549856270,1.0000000000,0.3981036210,0.5000000000,0.6660256410,0.6432709771
2026-07-05T13:56:59Z,20260705T135649Z,1014,0.6161870225,1.0000000000,0.2756527562,0.3333333333,0.9060256410,0.6117478197
2026-07-05T13:56:59Z,20260705T135649Z,1015,0.6161870225,1.0000000000,0.2103535909,0.3333333333,0.6407692308,0.5588995251
2026-07-05T13:56:59Z,20260705T135649Z,1016,0.7778850527,1.0000000000,0.6372139239,0.6666666667,0.7055128205,0.7610743044
2026-07-05T13:56:59Z,20260705T135649Z,1017,0.6186566985,1.0000000000,0.0703488072,0.3333333333,0.7535897436,0.5484390643
2026-07-05T13:56:59Z,20260705T135649Z,1018,0.7248934060,1.0000000000,0.3374942469,0.6666666667,0.7901282051,0.7005747650
2026-07-05T13:56:59Z,20260705T135649Z,1019,1.0000000000,1.0000000000,0.7387938333,1.0000000000,0.8606410256,0.9268549205
2026-07-05T13:56:59Z,20260705T135649Z,1020,0.7221149473,1.0000000000,0.9167411894,0.3333333333,0.6306410256,0.7251397952
2026-07-05T13:56:59Z,20260705T135649Z,1021,0.6968385816,1.0000000000,0.4365489651,0.5000000000,0.8323076923,0.6863655923
2026-07-05T13:56:59Z,20260705T135649Z,1022,1.0000000000,1.0000000000,0.7194092956,1.0000000000,0.6484615385,0.8911510899
2026-07-05T13:56:59Z,20260705T135649Z,1023,0.6186566985,1.0000000000,0.1557382910,0.3333333333,0.6588461538,0.5513054226
2026-07-05T13:56:59Z,20260705T135649Z,1024,0.7677204728,1.0000000000,0.9665245833,0.5000000000,0.8339743590,0.8103311887
2026-07-05T13:56:59Z,20260705T135649Z,1025,0.6665729829,1.0000000000,0.4649501060,0.3333333333,0.8242307692,0.6499345490
2026-07-05T13:56:59Z,20260705T135649Z,1026,0.8308156933,1.0000000000,0.6418799808,0.6666666667,0.7244871795,0.7780863297
2026-07-05T13:56:59Z,20260705T135649Z,1027,0.7094030901,1.0000000000,0.1501238388,0.5000000000,0.8487179487,0.6346832326
2026-07-05T13:56:59Z,20260705T135649Z,1028,0.9156767837,1.0000000000,0.8589656325,1.0000000000,0.9160256410,0.9381161686
2026-07-05T13:56:59Z,20260705T135649Z,1029,0.8461736740,1.0000000000,0.6773310482,0.7500000000,0.6150000000,0.7892596281
2026-07-05T13:56:59Z,20260705T135649Z,1030,0.7193921541,1.0000000000,0.4334456738,0.5000000000,0.6751282051,0.6678064041
2026-07-05T13:56:59Z,20260705T135649Z,1031,0.8023452586,1.0000000000,0.1354565869,0.7500000000,0.7757692308,0.6940430167
2026-07-05T13:56:59Z,20260705T135649Z,1032,0.9512680542,1.0000000000,0.8672372558,1.0000000000,0.8407692308,0.9373798493
2026-07-05T13:56:59Z,20260705T135649Z,1033,0.9022756110,1.0000000000,0.4277458052,1.0000000000,0.5394871795,0.7920411407
2026-07-05T13:56:59Z,20260705T135649Z,1034,0.9720464599,1.0000000000,0.7320289396,1.0000000000,0.7973076923,0.9090135567
2026-07-05T13:56:59Z,20260705T135649Z,1035,0.8911438637,1.0000000000,0.2217938484,1.0000000000,0.6970512821,0.7717024279
2026-07-05T13:56:59Z,20260705T135649Z,1036,0.8556136734,1.0000000000,0.8927308726,0.7500000000,0.6089743590,0.8337957467
2026-07-05T13:56:59Z,20260705T135649Z,1037,0.6665729829,1.0000000000,0.1177715933,0.3333333333,0.8810256410,0.5890180772
2026-07-05T13:56:59Z,20260705T135649Z,1038,0.7011185094,1.0000000000,0.6936105810,0.2500000000,0.7238461538,0.6725786666
2026-07-05T13:56:59Z,20260705T135649Z,1039,0.8724668823,1.0000000000,0.8360242746,0.8000000000,0.7405128205,0.8563984986
2026-07-05T13:56:59Z,20260705T135649Z,1040,0.7818691271,1.0000000000,0.7859988426,0.6000000000,0.7611538462,0.7868401272
2026-07-05T13:56:59Z,20260705T135649Z,1041,0.5869781132,1.0000000000,0.0616269746,0.4000000000,0.8706410256,0.5696660771
2026-07-05T13:56:59Z,20260705T135649Z,1042,0.6882849374,1.0000000000,0.1508790878,0.5000000000,0.5970512821,0.5918047442
2026-07-05T13:56:59Z,20260705T135649Z,1043,0.5857228750,1.0000000000,0.3920701639,0.2500000000,0.6235897436,0.5683832131
2026-07-05T13:56:59Z,20260705T135649Z,1044,0.7778850527,1.0000000000,0.6003045942,0.6666666667,0.6553846154,0.7461732077
2026-07-05T13:56:59Z,20260705T135649Z,1045,0.7295870522,1.0000000000,0.5687051759,0.5000000000,0.8473076923,0.7232339521
2026-07-05T13:56:59Z,20260705T135649Z,1046,0.8242764983,1.0000000000,0.4642446914,0.7500000000,0.8106410256,0.7705142167
2026-07-05T13:56:59Z,20260705T135649Z,1047,0.7216876901,1.0000000000,0.0370845214,0.6666666667,0.8157692308,0.6435375447
2026-07-05T13:56:59Z,20260705T135649Z,1048,1.0000000000,1.0000000000,1.0000000000,1.0000000000,0.8365384615,0.9754807692
2026-07-05T13:56:59Z,20260705T135649Z,1049,0.7475513658,1.0000000000,0.7378835236,0.5000000000,0.7939743590,0.7535607000
2026-07-05T13:56:59Z,20260705T135649Z,1050,0.6512923670,1.0000000000,0.2474976591,0.2500000000,0.8517948718,0.5900918543
2026-07-05T13:56:59Z,20260705T135649Z,1051,0.6968385816,1.0000000000,0.1559582608,0.5000000000,0.6119230769,0.5971897591
2026-07-05T13:56:59Z,20260705T135649Z,1052,0.6666666667,1.0000000000,0.8291610675,0.3333333333,0.7823076923,0.7165117007
2026-07-05T13:56:59Z,20260705T135649Z,1053,0.8308156933,1.0000000000,0.9384884944,0.6666666667,0.8764102564,0.8601964940
2026-07-05T13:56:59Z,20260705T135649Z,1054,0.6683552816,1.0000000000,0.4009123038,0.5000000000,0.6439743590,0.6438674350
2026-07-05T13:56:59Z,20260705T135649Z,1055,0.9389292606,1.0000000000,0.5849671212,1.0000000000,0.6155128205,0.8440526625
2026-07-05T13:56:59Z,20260705T135649Z,1056,0.6972020364,1.0000000000,0.7828873003,0.5000000000,0.8152564103,0.7531664307
2026-07-05T13:56:59Z,20260705T135649Z,1057,0.7617664788,1.0000000000,0.5574742673,0.5000000000,0.5920512821,0.6907441655
2026-07-05T13:56:59Z,20260705T135649Z,1058,0.5970909601,1.0000000000,0.2025148987,0.1666666667,0.7891025641,0.5414744377
2026-07-05T13:56:59Z,20260705T135649Z,1059,0.6519264212,1.0000000000,0.3333333333,0.2500000000,0.7082051282,0.5858790412
2026-07-05T13:56:59Z,20260705T135649Z,1060,0.9025361085,1.0000000000,0.7033993098,1.0000000000,0.6217948718,0.8595831198
2026-07-05T13:56:59Z,20260705T135649Z,1061,0.7622023982,1.0000000000,0.2614665900,0.7500000000,0.7239743590,0.7014400714
2026-07-05T13:56:59Z,20260705T135649Z,1062,0.7496918975,1.0000000000,0.8688446368,0.5000000000,0.7257692308,0.7700572863
2026-07-05T13:56:59Z,20260705T135649Z,1063,0.6683552816,1.0000000000,0.1333400747,0.5000000000,0.7488461538,0.6060837584
2026-07-05T13:56:59Z,20260705T135649Z,1064,0.7107144013,1.0000000000,0.6622889498,0.5000000000,0.8126923077,0.7320402364
2026-07-05T13:56:59Z,20260705T135649Z,1065,0.9189432581,1.0000000000,0.3728201478,1.0000000000,0.6667948718,0.8043190749
2026-07-05T13:56:59Z,20260705T135649Z,1066,0.8466277612,1.0000000000,0.4470862548,0.7500000000,0.7769230769,0.7676126528
2026-07-05T13:56:59Z,20260705T135649Z,1067,0.7034222654,1.0000000000,0.4719530713,0.4000000000,0.8471794872,0.6773231037
2026-07-05T13:56:59Z,20260705T135649Z,1068,0.7309729266,1.0000000000,0.6555253430,0.5000000000,0.8825641026,0.7462329156
2026-07-05T13:56:59Z,20260705T135649Z,1069,0.9694646303,1.0000000000,0.7412164078,1.0000000000,0.8841025641,0.9232248238
2026-07-05T13:56:59Z,20260705T135649Z,1070,0.8008776128,1.0000000000,0.2046765557,0.7500000000,0.7670512821,0.7062124067
2026-07-05T13:56:59Z,20260705T135649Z,1071,0.7525263750,1.0000000000,0.9377784458,0.5000000000,0.6121794872,0.7675142060
2026-07-05T13:56:59Z,20260705T135649Z,1072,0.6186566985,1.0000000000,0.0700139540,0.3333333333,0.8674358974,0.5654490167
2026-07-05T13:56:59Z,20260705T135649Z,1073,0.8178906433,1.0000000000,0.1880774960,0.6666666667,0.6035897436,0.6659599549
2026-07-05T13:56:59Z,20260705T135649Z,1074,0.8296522562,1.0000000000,0.9040550645,0.7500000000,0.6467948718,0.8352433077
2026-07-05T13:56:59Z,20260705T135649Z,1075,0.7911717252,1.0000000000,0.9052184800,0.5000000000,0.9047435897,0.8145481657
2026-07-05T13:56:59Z,20260705T135649Z,1076,0.6186566985,1.0000000000,0.0683349741,0.3333333333,0.7237179487,0.5435555284
2026-07-05T13:56:59Z,20260705T135649Z,1077,0.8178906433,1.0000000000,0.3447925082,0.6666666667,0.6030769231,0.6972260343
2026-07-05T13:56:59Z,20260705T135649Z,1078,0.6251540513,1.0000000000,0.7013547054,0.2500000000,0.8247435897,0.6702709924
2026-07-05T13:56:59Z,20260705T135649Z,1079,1.0000000000,1.0000000000,0.9552415148,1.0000000000,0.7243589744,0.9497021491
2026-07-05T13:56:59Z,20260705T135649Z,1080,0.8048689313,1.0000000000,0.7991727240,0.6666666667,0.9128205128,0.8313081879
2026-07-05T13:56:59Z,20260705T135649Z,1081,0.9189432581,1.0000000000,0.3192042969,1.0000000000,0.7747435897,0.8097882124
2026-07-05T13:56:59Z,20260705T135649Z,1082,0.6557645106,1.0000000000,0.1196054897,0.5000000000,0.7619230769,0.6021506871
2026-07-05T13:56:59Z,20260705T135649Z,1083,0.7149010414,1.0000000000,0.9501233359,0.5000000000,0.8465384615,0.7957306968
2026-07-05T13:56:59Z,20260705T135649Z,1084,0.7297943644,1.0000000000,0.2371495107,0.7500000000,0.8121794872,0.7017054163
2026-07-05T13:56:59Z,20260705T135649Z,1085,1.0000000000,1.0000000000,0.9999999905,1.0000000000,0.6637179487,0.9495576904
2026-07-05T13:56:59Z,20260705T135649Z,1086,0.7285080784,1.0000000000,0.2389498378,0.7500000000,0.8037179487,0.7004746795
2026-07-05T13:56:59Z,20260705T135649Z,1087,0.8258679853,1.0000000000,0.7555365147,0.6000000000,0.8860256410,0.8104781454
2026-07-05T13:56:59Z,20260705T135649Z,1088,0.7478908514,1.0000000000,0.3800154959,0.6000000000,0.7742307692,0.6991104274
2026-07-05T13:56:59Z,20260705T135649Z,1089,0.9389292606,1.0000000000,0.5702228028,1.0000000000,0.7824358974,0.8661422603
2026-07-05T13:56:59Z,20260705T135649Z,1090,0.6616313865,1.0000000000,0.0524184669,0.5000000000,0.7334615385,0.5859107708
2026-07-05T13:56:59Z,20260705T135649Z,1091,0.7496918975,1.0000000000,0.8608010507,0.5000000000,0.7987179487,0.7793908768
2026-07-05T13:56:59Z,20260705T135649Z,1092,0.6161870225,1.0000000000,0.0869026167,0.3333333333,0.7370512821,0.5486516379
2026-07-05T13:56:59Z,20260705T135649Z,1093,0.5603012573,1.0000000000,0.0441770857,0.2000000000,0.6439743590,0.4855068853
2026-07-05T13:56:59Z,20260705T135649Z,1094,0.7623666500,1.0000000000,0.3781596561,0.6000000000,0.7461538462,0.6981466706
2026-07-05T13:56:59Z,20260705T135649Z,1095,0.9389292606,1.0000000000,0.7262246880,1.0000000000,0.8394871795,0.9059003297
2026-07-05T13:56:59Z,20260705T135649Z,1096,0.9389292606,1.0000000000,0.9122925691,1.0000000000,0.8125641026,0.9390754444
2026-07-05T13:56:59Z,20260705T135649Z,1097,0.9389292606,1.0000000000,0.3512579902,1.0000000000,0.6420512821,0.8012916055
2026-07-05T13:56:59Z,20260705T135649Z,1098,0.7743054762,1.0000000000,0.7131060209,0.7500000000,0.8712820513,0.8168898809
2026-07-05T13:56:59Z,20260705T135649Z,1099,0.9720464599,1.0000000000,0.9384330301,1.0000000000,0.8061538462,0.9516212979
2026-07-05T13:56:59Z,20260705T135649Z,1100,0.7745830086,1.0000000000,0.8561779145,0.7500000000,0.6835897436,0.8174197966
2026-07-05T13:56:59Z,20260705T135649Z,1101,0.6416033262,1.0000000000,0.0352771592,0.3333333333,0.8058974359,0.5550075454
2026-07-05T13:56:59Z,20260705T135649Z,1102,0.6968385816,1.0000000000,0.3144528418,0.5000000000,0.5773076923,0.6236963676
2026-07-05T13:56:59Z,20260705T135649Z,1103,0.7295870522,1.0000000000,0.7123143259,0.5000000000,0.7973076923,0.7444557821
2026-07-05T13:56:59Z,20260705T135649Z,1104,0.7911717252,1.0000000000,0.9279996001,0.5000000000,0.6467948718,0.7804120821
2026-07-05T13:56:59Z,20260705T135649Z,1105,0.6186566985,1.0000000000,0.1557382910,0.3333333333,0.8588461538,0.5813054226
2026-07-05T13:56:59Z,20260705T135649Z,1106,0.8178906433,1.0000000000,0.4905400360,0.6666666667,0.6378205128,0.7315870783
2026-07-05T13:56:59Z,20260705T135649Z,1107,0.7778850527,1.0000000000,0.6643609787,0.6666666667,0.6310256410,0.7553306384
2026-07-05T13:56:59Z,20260705T135649Z,1108,0.7248934060,1.0000000000,0.2781703769,0.6666666667,0.7989743590,0.6900369141
2026-07-05T13:56:59Z,20260705T135649Z,1109,0.8308156933,1.0000000000,0.8727798123,0.6666666667,0.5965384615,0.8050739883
2026-07-05T13:56:59Z,20260705T135649Z,1110,0.6186566985,1.0000000000,0.1557382910,0.3333333333,0.8187179487,0.5752861918
2026-07-05T13:56:59Z,20260705T135649Z,1111,0.8048689313,1.0000000000,0.9091757782,0.6666666667,0.7451282051,0.8281549526
2026-07-05T13:56:59Z,20260705T135649Z,1112,0.6557645106,1.0000000000,0.3360822976,0.5000000000,0.7710256410,0.6468114333
2026-07-05T13:56:59Z,20260705T135649Z,1113,0.7496918975,1.0000000000,0.7699569668,0.5000000000,0.6210256410,0.7345682139
2026-07-05T13:56:59Z,20260705T135649Z,1114,0.6419070734,1.0000000000,0.1254867336,0.5000000000,0.6860256410,0.5884779612
2026-07-05T13:56:59Z,20260705T135649Z,1115,0.7443407763,1.0000000000,0.5837514139,0.6000000000,0.7766666667,0.7393354769
2026-07-05T13:56:59Z,20260705T135649Z,1116,0.9540159496,1.0000000000,0.9285710907,1.0000000000,0.7883333333,0.9424682055
2026-07-05T13:56:59Z,20260705T135649Z,1117,0.7102125990,1.0000000000,0.5276142249,0.6000000000,0.9166666667,0.7405759947
2026-07-05T13:56:59Z,20260705T135649Z,1118,0.6557645106,1.0000000000,0.3370173229,0.5000000000,0.7753846154,0.6476522846
2026-07-05T13:56:59Z,20260705T135649Z,1119,0.9389292606,1.0000000000,0.6975057167,1.0000000000,0.7689743590,0.8895796123
2026-07-05T13:56:59Z,20260705T135649Z,1120,0.8072167355,1.0000000000,0.4654580608,0.6000000000,0.8019230769,0.7351842576
2026-07-05T13:56:59Z,20260705T135649Z,1121,0.7611707559,1.0000000000,0.6537670253,0.4000000000,0.7287179487,0.7103537864
2026-07-05T13:56:59Z,20260705T135649Z,1122,0.7691695844,1.0000000000,0.7815574935,0.5000000000,0.7806410256,0.7657000487
2026-07-05T13:56:59Z,20260705T135649Z,1123,0.7017608007,1.0000000000,0.7416478473,0.5000000000,0.6353846154,0.7190774620
2026-07-05T13:56:59Z,20260705T135649Z,1124,0.8456513978,1.0000000000,0.3461659409,0.8000000000,0.7152564103,0.7479344992
2026-07-05T13:56:59Z,20260705T135649Z,1125,0.6864129653,1.0000000000,0.4303681414,0.5000000000,0.8252564103,0.6814653311
2026-07-05T13:56:59Z,20260705T135649Z,1126,0.6186566985,1.0000000000,0.0332704850,0.3333333333,0.8692307692,0.5583695537
2026-07-05T13:56:59Z,20260705T135649Z,1127,0.7796750095,1.0000000000,0.3452902857,0.5000000000,0.6488461538,0.6613037326
2026-07-05T13:56:59Z,20260705T135649Z,1128,0.7769957847,1.0000000000,0.5850545123,0.7500000000,0.7321794872,0.7710867717
2026-07-05T13:56:59Z,20260705T135649Z,1129,0.7778850527,1.0000000000,0.6003045942,0.6666666667,0.7385897436,0.7586539769
2026-07-05T13:56:59Z,20260705T135649Z,1130,0.6186566985,1.0000000000,0.4358293655,0.3333333333,0.8553846154,0.6368044067
2026-07-05T13:56:59Z,20260705T135649Z,1131,0.8308156933,1.0000000000,0.6791506065,0.6666666667,0.6385897436,0.7726558395
2026-07-05T13:56:59Z,20260705T135649Z,1132,0.6616313865,1.0000000000,0.1343167404,0.5000000000,0.6882051282,0.5955019639
2026-07-05T13:56:59Z,20260705T135649Z,1133,0.6557645106,1.0000000000,0.3370173229,0.5000000000,0.8275641026,0.6554792076
2026-07-05T13:56:59Z,20260705T135649Z,1134,0.8403704676,1.0000000000,0.9410205382,0.7500000000,0.8247435897,0.8720082630
2026-07-05T13:56:59Z,20260705T135649Z,1135,0.7295870522,1.0000000000,0.9115516734,0.5000000000,0.8530769231,0.7926686362
2026-07-05T13:56:59Z,20260705T135649Z,1136,0.7248934060,1.0000000000,0.1675459769,0.6666666667,0.7825641026,0.6654504956
2026-07-05T13:56:59Z,20260705T135649Z,1137,0.6900517948,1.0000000000,0.5195961798,0.5000000000,0.5805128205,0.6635091077
2026-07-05T13:56:59Z,20260705T135649Z,1138,0.6795256189,1.0000000000,0.4015614896,0.5000000000,0.6569230769,0.6487321642
2026-07-05T13:56:59Z,20260705T135649Z,1139,0.6251540513,1.0000000000,0.6895423208,0.2500000000,0.5669230769,0.6292354385
2026-07-05T13:56:59Z,20260705T135649Z,1140,0.5997124834,1.0000000000,0.8017216974,0.2000000000,0.6169230769,0.6428109219
2026-07-05T13:56:59Z,20260705T135649Z,1141,0.6519264212,1.0000000000,0.1411923384,0.2500000000,0.8438461538,0.5677969961
2026-07-05T13:56:59Z,20260705T135649Z,1142,0.6665729829,1.0000000000,0.2312660908,0.3333333333,0.6506410256,0.5771592844
2026-07-05T13:56:59Z,20260705T135649Z,1143,0.6419070734,1.0000000000,0.3147527102,0.5000000000,0.8284615385,0.6476965412
2026-07-05T13:56:59Z,20260705T135649Z,1144,0.7544036109,1.0000000000,0.3661348564,0.7500000000,0.6551282051,0.7100971048
2026-07-05T13:56:59Z,20260705T135649Z,1145,0.7811646086,1.0000000000,0.4733022392,0.5000000000,0.7691025641,0.7053169846
2026-07-05T13:56:59Z,20260705T135649Z,1146,0.6186566985,1.0000000000,0.0703488072,0.3333333333,0.7693589744,0.5508044489
2026-07-05T13:56:59Z,20260705T135649Z,1147,0.6666666667,1.0000000000,0.5623766880,0.3333333333,0.8371794872,0.6713855940
2026-07-05T13:56:59Z,20260705T135649Z,1148,0.8178906433,1.0000000000,0.7683668270,0.6666666667,0.6676923077,0.7916332057
2026-07-05T13:56:59Z,20260705T135649Z,1149,0.8308156933,1.0000000000,0.7706049291,0.6666666667,0.7192307692,0.8030428578
2026-07-05T13:56:59Z,20260705T135649Z,1150,0.8308156933,1.0000000000,0.8301504950,0.6666666667,0.7253846154,0.8158750479
2026-07-05T13:56:59Z,20260705T135649Z,1151,0.7221149473,1.0000000000,0.7213875578,0.3333333333,0.6483333333,0.6887229150
2026-07-05T13:56:59Z,20260705T135649Z,1152,0.6968385816,1.0000000000,0.0334754167,0.5000000000,0.5648717949,0.5656354980
2026-07-05T13:56:59Z,20260705T135649Z,1153,1.0000000000,1.0000000000,0.9630288418,1.0000000000,0.8330769231,0.9675673068
2026-07-05T13:56:59Z,20260705T135649Z,1154,0.9291181088,1.0000000000,0.1816463505,1.0000000000,0.5034615385,0.7441280281
2026-07-05T13:56:59Z,20260705T135649Z,1155,0.9291181088,1.0000000000,0.3689618924,1.0000000000,0.5910256410,0.7947257518
2026-07-05T13:56:59Z,20260705T135649Z,1156,0.6666666667,1.0000000000,0.7332986469,0.3333333333,0.7389743590,0.6908392166
2026-07-05T13:56:59Z,20260705T135649Z,1157,1.0000000000,1.0000000000,0.6338976098,1.0000000000,0.8152564103,0.8990679835
2026-07-05T13:56:59Z,20260705T135649Z,1158,0.6186566985,1.0000000000,0.1972305225,0.3333333333,0.7526923077,0.5736807920
2026-07-05T13:56:59Z,20260705T135649Z,1159,1.0000000000,1.0000000000,0.9433092750,1.0000000000,0.5815384615,0.9258926242
2026-07-05T13:56:59Z,20260705T135649Z,1160,0.6968385816,1.0000000000,0.3144528418,0.5000000000,0.6335897436,0.6321386753
2026-07-05T13:56:59Z,20260705T135649Z,1161,0.7677204728,1.0000000000,0.9665245833,0.5000000000,0.7856410256,0.8030811887
2026-07-05T13:56:59Z,20260705T135649Z,1162,0.7778850527,1.0000000000,0.9254705402,0.6666666667,0.8135897436,0.8349371661
2026-07-05T13:56:59Z,20260705T135649Z,1163,0.6161870225,1.0000000000,0.0371494992,0.3333333333,0.6876923077,0.5312971683
2026-07-05T13:56:59Z,20260705T135649Z,1164,0.6968385816,1.0000000000,0.2577621168,0.5000000000,0.7917948718,0.6445312995
2026-07-05T13:56:59Z,20260705T135649Z,1165,1.0000000000,1.0000000000,0.8126844581,1.0000000000,0.6767948718,0.9140561224
2026-07-05T13:56:59Z,20260705T135649Z,1166,0.6691512980,1.0000000000,0.3857455508,0.5000000000,0.6508974359,0.6420715500
2026-07-05T13:56:59Z,20260705T135649Z,1167,0.6874616597,1.0000000000,0.1764402056,0.5000000000,0.7005128205,0.6122303791
2026-07-05T13:56:59Z,20260705T135649Z,1168,0.6251540513,1.0000000000,0.5384331610,0.2500000000,0.7176923077,0.6216289912
2026-07-05T13:56:59Z,20260705T135649Z,1169,0.7248934060,1.0000000000,0.4342824494,0.6666666667,0.8037179487,0.7219708670
2026-07-05T13:56:59Z,20260705T135649Z,1170,0.7248934060,1.0000000000,0.4026106852,0.6666666667,0.6600000000,0.6940788219
2026-07-05T13:56:59Z,20260705T135649Z,1171,0.7415433010,1.0000000000,0.6695865711,0.5000000000,0.6120512821,0.7111108318
2026-07-05T13:56:59Z,20260705T135649Z,1172,0.7107144013,1.0000000000,0.6372720583,0.5000000000,0.7044871795,0.7108060889
2026-07-05T13:56:59Z,20260705T135649Z,1173,0.6683552816,1.0000000000,0.1333400747,0.5000000000,0.7023076923,0.5991029892
2026-07-05T13:56:59Z,20260705T135649Z,1174,0.7496918975,1.0000000000,0.8993750183,0.5000000000,0.9246153846,0.8059902857
2026-07-05T13:56:59Z,20260705T135649Z,1175,0.7496918975,1.0000000000,0.8192484236,0.5000000000,0.6078205128,0.7424457360
2026-07-05T13:56:59Z,20260705T135649Z,1176,0.8308156933,1.0000000000,0.7305833490,0.6666666667,0.6306410256,0.7817500803
2026-07-05T13:56:59Z,20260705T135649Z,1177,0.8308156933,1.0000000000,0.7905756498,0.6666666667,0.6442307692,0.7957870020
2026-07-05T13:56:59Z,20260705T135649Z,1178,1.0000000000,1.0000000000,0.8092324602,1.0000000000,0.5870512821,0.8999041843
2026-07-05T13:56:59Z,20260705T135649Z,1179,0.6665729829,1.0000000000,0.4649501060,0.3333333333,0.7069230769,0.6323383951
2026-07-05T13:56:59Z,20260705T135649Z,1180,0.7677204728,1.0000000000,0.9665245833,0.5000000000,0.6229487179,0.7786773425
2026-07-05T13:56:59Z,20260705T135649Z,1181,0.7677204728,1.0000000000,0.9665245833,0.5000000000,0.6383333333,0.7809850349
2026-07-05T13:56:59Z,20260705T135649Z,1182,0.6968385816,1.0000000000,0.2577621168,0.5000000000,0.8756410256,0.6571082226
2026-07-05T13:56:59Z,20260705T135649Z,1183,0.9291181088,1.0000000000,0.6320962004,1.0000000000,0.6324358974,0.8535641519
2026-07-05T13:56:59Z,20260705T135649Z,1184,0.6996782811,1.0000000000,0.1962553733,0.5000000000,0.8101282051,0.6356898757
2026-07-05T13:56:59Z,20260705T135649Z,1185,0.7691695844,1.0000000000,0.8347158590,0.5000000000,0.6587179487,0.7580432602
2026-07-05T13:56:59Z,20260705T135649Z,1186,0.7895834242,1.0000000000,0.7950150553,0.5000000000,0.4873076923,0.7294950209
2026-07-05T13:56:59Z,20260705T135649Z,1187,0.7104165758,1.0000000000,0.7488695527,0.5000000000,0.5729487179,0.7133203622
2026-07-05T13:56:59Z,20260705T135649Z,1188,0.7677204728,1.0000000000,0.9295534250,0.5000000000,0.7867948718,0.7958600340
2026-07-05T13:56:59Z,20260705T135649Z,1189,0.6665729829,1.0000000000,0.1177715933,0.3333333333,0.5857692308,0.5447296157
2026-07-05T13:56:59Z,20260705T135649Z,1190,0.7221149473,1.0000000000,0.8757779321,0.3333333333,0.6912820513,0.7260432976
2026-07-05T13:56:59Z,20260705T135649Z,1191,0.7677204728,1.0000000000,0.6256659164,0.5000000000,0.7455128205,0.7288902246
2026-07-05T13:56:59Z,20260705T135649Z,1192,0.9291181088,1.0000000000,0.5791668483,1.0000000000,0.8112820513,0.8698052046
2026-07-05T13:56:59Z,20260705T135649Z,1193,0.6968385816,1.0000000000,0.2048327647,0.5000000000,0.7692307692,0.6305608137
2026-07-05T13:56:59Z,20260705T135649Z,1194,0.7221149473,1.0000000000,0.8292275133,0.3333333333,0.7839743590,0.7306370600
2026-07-05T13:56:59Z,20260705T135649Z,1195,0.7575558929,1.0000000000,0.1483173305,0.6666666667,0.8376923077,0.6780396188
2026-07-05T13:56:59Z,20260705T135649Z,1196,0.8178906433,1.0000000000,0.3410664662,0.6666666667,0.5719230769,0.6918077489
2026-07-05T13:56:59Z,20260705T135649Z,1197,0.7778850527,1.0000000000,0.7672620833,0.6666666667,0.7923076923,0.8001031670
2026-07-05T13:56:59Z,20260705T135649Z,1198,0.7778850527,1.0000000000,0.5734813988,0.6666666667,0.7707692308,0.7581162609
2026-07-05T13:56:59Z,20260705T135649Z,1199,0.5857228750,1.0000000000,0.4159128578,0.2500000000,0.6821794872,0.5819402134
2026-07-05T13:56:59Z,20260705T135649Z,1200,0.5296253533,1.0000000000,0.0216093598,0.2000000000,0.8253846154,0.5005359026
2026-07-05T13:56:59Z,20260705T135649Z,1201,0.6385522430,1.0000000000,0.6970979453,0.4000000000,0.6703846154,0.6796153421
2026-07-05T13:56:59Z,20260705T135649Z,1202,0.8178906433,1.0000000000,0.3854051757,0.6666666667,0.6302564103,0.7094254908
2026-07-05T13:56:59Z,20260705T135649Z,1203,0.8178906433,1.0000000000,0.3854051757,0.6666666667,0.6469230769,0.7119254908
2026-07-05T13:56:59Z,20260705T135649Z,1204,0.6665729829,1.0000000000,0.2745654903,0.3333333333,0.8266666667,0.6122230105
2026-07-05T13:56:59Z,20260705T135649Z,1205,0.7322795272,1.0000000000,0.5000000000,0.5000000000,0.8608974359,0.7122044972
2026-07-05T13:56:59Z,20260705T135649Z,1206,0.9645590544,1.0000000000,0.7577621168,1.0000000000,0.6530769231,0.8906537254
2026-07-05T13:56:59Z,20260705T135649Z,1207,0.6968385816,1.0000000000,0.2577621168,0.5000000000,0.8443589744,0.6524159149
2026-07-05T13:56:59Z,20260705T135649Z,1208,0.6968385816,1.0000000000,0.0704465750,0.5000000000,0.7778205128,0.6049720373
2026-07-05T13:56:59Z,20260705T135649Z,1209,0.9291181088,1.0000000000,0.2752793397,1.0000000000,0.6074358974,0.7784507797
2026-07-05T13:56:59Z,20260705T135649Z,1210,1.0000000000,1.0000000000,0.8286426520,1.0000000000,0.8041025641,0.9363439150
2026-07-05T13:56:59Z,20260705T135649Z,1211,1.0000000000,1.0000000000,0.8286426520,1.0000000000,0.6983333333,0.9204785304
2026-07-05T13:56:59Z,20260705T135649Z,1212,0.6968385816,1.0000000000,0.2048327647,0.5000000000,0.6952564103,0.6194646599
2026-07-05T13:56:59Z,20260705T135649Z,1213,0.6968385816,1.0000000000,0.1111997756,0.5000000000,0.7385897436,0.6072380621
2026-07-05T13:56:59Z,20260705T135649Z,1214,0.7677204728,1.0000000000,0.8888002244,0.5000000000,0.6574358974,0.7683055477
2026-07-05T13:56:59Z,20260705T135649Z,1215,0.7233498105,1.0000000000,0.9500849642,0.3333333333,0.8020512821,0.7578288044
2026-07-05T13:56:59Z,20260705T135649Z,1216,0.7877679844,1.0000000000,0.1056141526,0.6666666667,0.8192307692,0.6742827753
2026-07-05T13:56:59Z,20260705T135649Z,1217,0.8308156933,1.0000000000,0.8461221871,0.6666666667,0.6757692308,0.8116270787
2026-07-05T13:56:59Z,20260705T135649Z,1218,0.9389292606,1.0000000000,0.2944643695,1.0000000000,0.7484615385,0.8058944198
2026-07-05T13:56:59Z,20260705T135649Z,1219,0.7778850527,1.0000000000,0.9254705402,0.6666666667,0.8078205128,0.8340717815
2026-07-05T13:56:59Z,20260705T135649Z,1220,0.6691512980,1.0000000000,0.4560000757,0.5000000000,0.6938461538,0.6625647627
2026-07-05T13:56:59Z,20260705T135649Z,1221,0.7895834242,1.0000000000,0.5576574525,0.5000000000,0.8512820513,0.7366196542
2026-07-05T13:56:59Z,20260705T135649Z,1222,0.6790719676,1.0000000000,0.0748621230,0.4000000000,0.8474358974,0.5918558011
2026-07-05T13:56:59Z,20260705T135649Z,1223,0.8321627679,1.0000000000,0.8480462853,0.8000000000,0.7339743590,0.8477461029
2026-07-05T13:56:59Z,20260705T135649Z,1224,0.6512923670,1.0000000000,0.1874373480,0.2500000000,0.8534615385,0.5783297921
2026-07-05T13:56:59Z,20260705T135649Z,1225,0.5845468885,1.0000000000,0.0393555634,0.2500000000,0.5719230769,0.4897962963
2026-07-05T13:56:59Z,20260705T135649Z,1226,0.7145061183,1.0000000000,0.8765518609,0.6000000000,0.5916666667,0.7626869017
2026-07-05T13:56:59Z,20260705T135649Z,1227,0.7811646086,1.0000000000,0.1584512291,0.5000000000,0.8221794872,0.6503083210
2026-07-05T13:56:59Z,20260705T135649Z,1228,0.7107884559,1.0000000000,0.2813991426,0.3333333333,0.6823076923,0.6029897630
2026-07-05T13:56:59Z,20260705T135649Z,1229,0.7107884559,1.0000000000,0.4680762099,0.3333333333,0.6041025641,0.6285944072
2026-07-05T13:56:59Z,20260705T135649Z,1230,1.0000000000,1.0000000000,1.0000000000,1.0000000000,0.6403846154,0.9460576923
2026-07-05T13:56:59Z,20260705T135649Z,1231,0.7575558929,1.0000000000,0.4356476573,0.6666666667,0.8019230769,0.7301402995
2026-07-05T13:56:59Z,20260705T135649Z,1232,0.7575558929,1.0000000000,0.2054456008,0.6666666667,0.7008974359,0.6689460421
2026-07-05T13:56:59Z,20260705T135649Z,1233,0.8308156933,1.0000000000,0.6671488507,0.6666666667,0.6411538462,0.7706401037
2026-07-05T13:56:59Z,20260705T135649Z,1234,0.6665729829,1.0000000000,0.3990587431,0.3333333333,0.5635897436,0.5976601225
2026-07-05T13:56:59Z,20260705T135649Z,1235,0.9999999953,1.0000000000,1.0000000000,1.0000000000,0.6475641026,0.9471346142
2026-07-05T13:56:59Z,20260705T135649Z,1236,0.7677204728,1.0000000000,0.8440417392,0.5000000000,0.6582051282,0.7594692353
2026-07-05T13:56:59Z,20260705T135649Z,1237,0.9291181088,1.0000000000,0.1894336775,1.0000000000,0.7656410256,0.7850124165
2026-07-05T13:56:59Z,20260705T135649Z,1238,0.6968385816,1.0000000000,0.0334754167,0.5000000000,0.7239743590,0.5895008826
2026-07-05T13:56:59Z,20260705T135649Z,1239,0.7677204728,1.0000000000,0.9665245833,0.5000000000,0.7550000000,0.7984850349
2026-07-05T13:56:59Z,20260705T135649Z,1240,0.6666666667,1.0000000000,0.9220336936,0.3333333333,0.7953846154,0.7370477644
2026-07-05T13:56:59Z,20260705T135649Z,1241,0.6968385816,1.0000000000,0.0704465750,0.5000000000,0.7505128205,0.6008758835
2026-07-05T13:56:59Z,20260705T135649Z,1242,0.4470327476,1.0000000000,0.0000000000,0.0000000000,0.7837179487,0.4293158792
2026-07-05T13:56:59Z,20260705T135649Z,1243,0.6666666667,1.0000000000,0.8839199776,0.3333333333,0.7834615385,0.7276365596
2026-07-05T13:56:59Z,20260705T135649Z,1244,0.9645590544,1.0000000000,0.5334754167,1.0000000000,0.8416666667,0.8740848469
2026-07-05T13:56:59Z,20260705T135649Z,1245,0.8274928135,1.0000000000,0.7195622020,0.6666666667,0.7376923077,0.7947728233
2026-07-05T13:56:59Z,20260705T135649Z,1246,0.6557645106,1.0000000000,0.2395072024,0.5000000000,0.8644871795,0.6415156451
2026-07-05T13:56:59Z,20260705T135649Z,1247,0.6972020364,1.0000000000,0.5682721928,0.5000000000,0.6034615385,0.6784741784
2026-07-05T13:56:59Z,20260705T135649Z,1248,0.8178906433,1.0000000000,0.4924204769,0.6666666667,0.7617948718,0.7505593203
2026-07-05T13:56:59Z,20260705T135649Z,1249,0.5822138547,1.0000000000,0.0698425348,0.2500000000,0.7587179487,0.5233296629
2026-07-05T13:56:59Z,20260705T135649Z,1250,0.5822138547,1.0000000000,0.3707164848,0.2500000000,0.7669230769,0.5847352222
2026-07-05T13:56:59Z,20260705T135649Z,1251,1.0000000000,1.0000000000,0.9999999866,1.0000000000,0.7758974359,0.9663846127
2026-07-05T13:56:59Z,20260705T135649Z,1252,0.7554158774,1.0000000000,0.5494878659,0.5000000000,0.7330769231,0.7087130810
2026-07-05T13:56:59Z,20260705T135649Z,1253,0.7554158774,1.0000000000,0.2402379825,0.5000000000,0.7582051282,0.6506323351
2026-07-05T13:56:59Z,20260705T135649Z,1254,0.7876837595,1.0000000000,0.5291652232,0.5000000000,0.7783333333,0.7195039845
2026-07-05T13:56:59Z,20260705T135649Z,1255,0.6767005557,1.0000000000,0.4961180759,0.2500000000,0.7634615385,0.6329179849
2026-07-05T13:56:59Z,20260705T135649Z,1256,0.6665729829,1.0000000000,0.0744262604,0.3333333333,0.6915384615,0.5519259337
2026-07-05T13:56:59Z,20260705T135649Z,1257,0.6665729829,1.0000000000,0.0744262604,0.3333333333,0.6985897436,0.5529836260
2026-07-05T13:56:59Z,20260705T135649Z,1258,0.6968385816,1.0000000000,0.1111997756,0.5000000000,0.7232051282,0.6049303697
2026-07-05T13:56:59Z,20260705T135649Z,1259,0.7677204728,1.0000000000,0.8888002244,0.5000000000,0.8730769231,0.8006517015
2026-07-05T13:56:59Z,20260705T135649Z,1260,0.7677204728,1.0000000000,0.9665245833,0.5000000000,0.6142307692,0.7773696502
2026-07-05T13:56:59Z,20260705T135649Z,1261,1.0000000000,1.0000000000,0.5969264516,1.0000000000,0.8570512821,0.8979429826
2026-07-05T13:56:59Z,20260705T135649Z,1262,0.8178906433,1.0000000000,0.6525485153,0.6666666667,0.6273076923,0.7624118510
2026-07-05T13:56:59Z,20260705T135649Z,1263,0.5857228750,1.0000000000,0.2175498070,0.2500000000,0.8635897436,0.5694791417
2026-07-05T13:56:59Z,20260705T135649Z,1264,0.6666666667,1.0000000000,0.9526695251,0.3333333333,0.8705128205,0.7544441614
2026-07-05T13:56:59Z,20260705T135649Z,1265,0.8308156933,1.0000000000,0.7921017335,0.6666666667,0.6753846154,0.8007652956
2026-07-05T13:56:59Z,20260705T135649Z,1266,0.7248934060,1.0000000000,0.1927103442,0.6666666667,0.6671794872,0.6531756768
2026-07-05T13:56:59Z,20260705T135649Z,1267,0.6186566985,1.0000000000,0.2045394815,0.3333333333,0.8835897436,0.5947771991
2026-07-05T13:56:59Z,20260705T135649Z,1268,0.7677204728,1.0000000000,0.7951672353,0.5000000000,0.7988461538,0.7707904883
2026-07-05T13:56:59Z,20260705T135649Z,1269,0.7677204728,1.0000000000,0.9665245833,0.5000000000,0.6338461538,0.7803119579
2026-07-05T13:56:59Z,20260705T135649Z,1270,0.7248934060,1.0000000000,0.1675459769,0.6666666667,0.8070512821,0.6691235725
2026-07-05T13:56:59Z,20260705T135649Z,1271,0.9389292606,1.0000000000,0.5264428368,1.0000000000,0.6857692308,0.8428862671
2026-07-05T13:56:59Z,20260705T135649Z,1272,0.9694646303,1.0000000000,0.7204975734,1.0000000000,0.7192307692,0.8943502876
2026-07-05T13:56:59Z,20260705T135649Z,1273,0.6416033262,1.0000000000,0.0785617235,0.3333333333,0.7723076923,0.5586259968
2026-07-05T13:56:59Z,20260705T135649Z,1274,0.6665729829,1.0000000000,0.3990587431,0.3333333333,0.7311538462,0.6227947379
2026-07-05T13:56:59Z,20260705T135649Z,1275,0.7778850527,1.0000000000,0.6003045942,0.6666666667,0.5750000000,0.7341155154
2026-07-05T13:56:59Z,20260705T135649Z,1276,0.4470327476,1.0000000000,0.0000000000,0.0000000000,0.7220512821,0.4200658792
2026-07-05T13:56:59Z,20260705T135649Z,1277,0.7221149473,1.0000000000,0.6022693343,0.3333333333,0.7505128205,0.6802261934
2026-07-05T13:56:59Z,20260705T135649Z,1278,0.7415433010,1.0000000000,0.4346408314,0.5000000000,0.7205128205,0.6803909146
2026-07-05T13:56:59Z,20260705T135649Z,1279,0.6665729829,1.0000000000,0.1245916142,0.3333333333,0.7773076923,0.5748243891
2026-07-05T13:56:59Z,20260705T135649Z,1280,0.6665729829,1.0000000000,0.3359157124,0.3333333333,0.6017948718,0.5907622856
2026-07-05T13:56:59Z,20260705T135649Z,1281,0.7309955515,1.0000000000,0.2581177402,0.7500000000,0.6056410256,0.6752185898
2026-07-05T13:56:59Z,20260705T135649Z,1282,0.6240961377,1.0000000000,0.0885405087,0.5000000000,0.8225641026,0.5971167515
2026-07-05T13:56:59Z,20260705T135649Z,1283,0.9291181088,1.0000000000,0.5192856065,1.0000000000,0.6756410256,0.8374828024
2026-07-05T13:56:59Z,20260705T135649Z,1284,0.9291181088,1.0000000000,0.2383081814,1.0000000000,0.8239743590,0.8035373173
2026-07-05T13:56:59Z,20260705T135649Z,1285,1.0000000000,1.0000000000,1.0000000000,1.0000000000,0.6670512821,0.9500576923
2026-07-05T13:56:59Z,20260705T135649Z,1286,0.7677204728,1.0000000000,0.9665245833,0.5000000000,0.7482051282,0.7974658041
2026-07-05T13:56:59Z,20260705T135649Z,1287,0.6968385816,1.0000000000,0.4365489651,0.5000000000,0.8156410256,0.6838655923
2026-07-05T13:56:59Z,20260705T135649Z,1288,1.0000000000,1.0000000000,0.6338976098,1.0000000000,0.6017948718,0.8670487527
2026-07-05T13:56:59Z,20260705T135649Z,1289,0.6968385816,1.0000000000,0.0704465750,0.5000000000,0.7141025641,0.5954143450
2026-07-05T13:56:59Z,20260705T135649Z,1290,0.7233498105,1.0000000000,0.9500849642,0.3333333333,0.6869230769,0.7405595737
2026-07-05T13:56:59Z,20260705T135649Z,1291,0.5826023359,1.0000000000,0.2041809339,0.2500000000,0.5228205128,0.5149098477
2026-07-05T13:56:59Z,20260705T135649Z,1292,1.0000000000,1.0000000000,0.9470706479,1.0000000000,0.7075641026,0.9455487450
2026-07-05T13:56:59Z,20260705T135649Z,1293,0.7094030901,1.0000000000,0.2932093147,0.5000000000,0.7684615385,0.6512618662
2026-07-05T13:56:59Z,20260705T135649Z,1294,0.7911717252,1.0000000000,0.8908243304,0.5000000000,0.8016666667,0.7962077974
2026-07-05T13:56:59Z,20260705T135649Z,1295,0.6251540513,1.0000000000,0.8462067276,0.2500000000,0.7021794872,0.6808567814
2026-07-05T13:56:59Z,20260705T135649Z,1296,0.6161870225,1.0000000000,0.0827648092,0.3333333333,0.6702564103,0.5378048457
2026-07-05T13:56:59Z,20260705T135649Z,1297,0.6665729829,1.0000000000,0.2916930569,0.3333333333,0.8041025641,0.6122639084
2026-07-05T13:56:59Z,20260705T135649Z,1298,0.7778850527,1.0000000000,0.7063968228,0.6666666667,0.7883333333,0.7873339611
2026-07-05T13:56:59Z,20260705T135649Z,1299,0.7248934060,1.0000000000,0.2405017649,0.6666666667,0.6751282051,0.6639262686
2026-07-05T13:56:59Z,20260705T135649Z,1300,0.7309729266,1.0000000000,0.7836531041,0.5000000000,0.7971794872,0.7590507755
2026-07-05T13:56:59Z,20260705T135649Z,1301,0.5668540905,1.0000000000,0.1937512973,0.2500000000,0.7655128205,0.5452907052
2026-07-05T13:56:59Z,20260705T135649Z,1302,0.5857228750,1.0000000000,0.4614716286,0.2500000000,0.8558974359,0.6171096599
2026-07-05T13:56:59Z,20260705T135649Z,1303,0.5800528066,1.0000000000,0.5020595320,0.2000000000,0.6320512821,0.5802328004
2026-07-05T13:56:59Z,20260705T135649Z,1304,0.5153206061,1.0000000000,0.1064889588,0.3333333333,0.6533333333,0.5147946100
2026-07-05T13:56:59Z,20260705T135649Z,1305,0.6964412201,1.0000000000,0.2951672353,0.4000000000,0.8410256410,0.6392975982
2026-07-05T13:56:59Z,20260705T135649Z,1306,0.6666666667,1.0000000000,0.7678549546,0.3333333333,0.8960256410,0.7213081704
2026-07-05T13:56:59Z,20260705T135649Z,1307,0.7778850527,1.0000000000,0.8624549925,0.6666666667,0.6888461538,0.8036225181
2026-07-05T13:56:59Z,20260705T135649Z,1308,0.5857228750,1.0000000000,0.1170430175,0.2500000000,0.8350000000,0.5450893223
2026-07-05T13:56:59Z,20260705T135649Z,1309,0.6666666667,1.0000000000,0.9220336936,0.3333333333,0.6252564103,0.7115285336
2026-07-05T13:56:59Z,20260705T135649Z,1310,0.6186566985,1.0000000000,0.0703488072,0.3333333333,0.8121794872,0.5572275258
2026-07-05T13:56:59Z,20260705T135649Z,1311,0.8178906433,1.0000000000,0.2881226567,0.6666666667,0.6412820513,0.6916228332
2026-07-05T13:56:59Z,20260705T135649Z,1312,0.7778850527,1.0000000000,0.7818237107,0.6666666667,0.6117948718,0.7759385694
2026-07-05T13:56:59Z,20260705T135649Z,1313,1.0000000000,1.0000000000,1.0000000000,1.0000000000,0.7088461538,0.9563269231
2026-07-05T13:56:59Z,20260705T135649Z,1314,0.7778850527,1.0000000000,0.8820639668,0.6666666667,0.6798717949,0.8061981591
2026-07-05T13:56:59Z,20260705T135649Z,1315,0.8178906433,1.0000000000,0.1880774960,0.6666666667,0.7682051282,0.6906522626
2026-07-05T13:56:59Z,20260705T135649Z,1316,0.8308156933,1.0000000000,0.6014864386,0.6666666667,0.8392307692,0.7872191597
2026-07-05T13:56:59Z,20260705T135649Z,1317,0.7248934060,1.0000000000,0.4674960702,0.6666666667,0.7357692308,0.7184212835
2026-07-05T13:56:59Z,20260705T135649Z,1318,0.7778850527,1.0000000000,0.9254705402,0.6666666667,0.8123076923,0.8347448584
2026-07-05T13:56:59Z,20260705T135649Z,1319,0.8178906433,1.0000000000,0.2788779695,0.6666666667,0.8133333333,0.7155815881
2026-07-05T13:56:59Z,20260705T135649Z,1320,0.8308156933,1.0000000000,0.7343189922,0.6666666667,0.5301282051,0.7674202859
2026-07-05T13:56:59Z,20260705T135649Z,1321,0.6961594867,1.0000000000,0.4977989161,0.5000000000,0.6958974359,0.6779842703
2026-07-05T13:56:59Z,20260705T135649Z,1322,0.7496918975,1.0000000000,0.8933266677,0.5000000000,0.7106410256,0.7726844618
2026-07-05T13:56:59Z,20260705T135649Z,1323,0.7107144013,1.0000000000,0.7558819654,0.5000000000,0.7158974359,0.7362396088
2026-07-05T13:56:59Z,20260705T135649Z,1324,0.5857228750,1.0000000000,0.2297865669,0.2500000000,0.6388461538,0.5382149552
2026-07-05T13:56:59Z,20260705T135649Z,1325,0.6949824946,1.0000000000,0.1335416047,0.5000000000,0.6506410256,0.5980500984
2026-07-05T13:56:59Z,20260705T135649Z,1326,0.7305751109,1.0000000000,0.2776022751,0.5000000000,0.6939743590,0.6422603866
2026-07-05T13:56:59Z,20260705T135649Z,1327,0.7475513658,1.0000000000,0.6636538732,0.5000000000,0.7492307692,0.7320032315
2026-07-05T13:56:59Z,20260705T135649Z,1328,0.6308331425,1.0000000000,0.1623663251,0.5000000000,0.7771794872,0.6067584737
2026-07-05T13:56:59Z,20260705T135649Z,1329,0.7248934060,1.0000000000,0.3374942469,0.6666666667,0.7739743590,0.6981516881
2026-07-05T13:56:59Z,20260705T135649Z,1330,0.8308156933,1.0000000000,0.9404540319,0.6666666667,0.6820512821,0.8314357553
2026-07-05T13:56:59Z,20260705T135649Z,1331,0.8048689313,1.0000000000,0.6593427970,0.6666666667,0.6893589744,0.7698229717
2026-07-05T13:56:59Z,20260705T135649Z,1332,0.9694646303,1.0000000000,0.7349857758,1.0000000000,0.5841025641,0.8769786974
2026-07-05T13:56:59Z,20260705T135649Z,1333,1.0000000000,1.0000000000,0.8609070358,1.0000000000,0.6682051282,0.9224121764
2026-07-05T13:56:59Z,20260705T135649Z,1334,0.9389292606,1.0000000000,0.5672413826,1.0000000000,0.7493589744,0.8605844378
2026-07-05T13:56:59Z,20260705T135649Z,1335,0.8308156933,1.0000000000,0.6305422954,0.6666666667,0.6658974359,0.7670303311
2026-07-05T13:56:59Z,20260705T135649Z,1336,0.7677204728,1.0000000000,0.9665245833,0.5000000000,0.6925641026,0.7891196502
2026-07-05T13:56:59Z,20260705T135649Z,1337,0.7677204728,1.0000000000,0.7951672353,0.5000000000,0.7344871795,0.7611366422
2026-07-05T13:56:59Z,20260705T135649Z,1338,0.9291181088,1.0000000000,0.2752793397,1.0000000000,0.7958974359,0.8067200105
2026-07-05T13:56:59Z,20260705T135649Z,1339,0.7575558929,1.0000000000,0.2112023433,0.6666666667,0.5356410256,0.6453089290
2026-07-05T13:56:59Z,20260705T135649Z,1340,0.7221149473,1.0000000000,0.6513736399,0.3333333333,0.8080769231,0.6986816699
2026-07-05T13:56:59Z,20260705T135649Z,1341,0.9999999953,1.0000000000,1.0000000000,1.0000000000,0.7706410256,0.9655961527
2026-07-05T13:56:59Z,20260705T135649Z,1342,0.6968385816,1.0000000000,0.3743340836,0.5000000000,0.7519230769,0.6618649237
2026-07-05T13:56:59Z,20260705T135649Z,1343,1.0000000000,1.0000000000,0.7368656919,1.0000000000,0.6741025641,0.8984885230
2026-07-05T13:56:59Z,20260705T135649Z,1344,0.6186566985,1.0000000000,0.1094906924,0.3333333333,0.7534615385,0.5562482105
2026-07-05T13:56:59Z,20260705T135649Z,1345,0.7677204728,1.0000000000,0.8888002244,0.5000000000,0.7288461538,0.7790170862
2026-07-05T13:56:59Z,20260705T135649Z,1346,0.7011185094,1.0000000000,0.9032887910,0.2500000000,0.7137179487,0.7129950779
2026-07-05T13:56:59Z,20260705T135649Z,1347,0.6751341254,1.0000000000,0.7617622712,0.4000000000,0.7189743590,0.7089821394
2026-07-05T13:56:59Z,20260705T135649Z,1348,0.7769957847,1.0000000000,0.7149085031,0.7500000000,0.6594871795,0.7861537237
2026-07-05T13:56:59Z,20260705T135649Z,1349,0.6512923670,1.0000000000,0.2798937449,0.2500000000,0.7550000000,0.5820518407
2026-07-05T13:56:59Z,20260705T135649Z,1350,0.6381233926,1.0000000000,0.3490950643,0.1666666667,0.7587179487,0.5764908867
2026-07-05T13:56:59Z,20260705T135649Z,1351,0.6525485808,1.0000000000,0.2476643472,0.3333333333,0.6411538462,0.5755097582
2026-07-05T13:56:59Z,20260705T135649Z,1352,0.8308156933,1.0000000000,0.8142116903,0.6666666667,0.6969230769,0.8084180562
2026-07-05T13:56:59Z,20260705T135649Z,1353,0.8308156933,1.0000000000,0.9092703219,0.6666666667,0.7420512821,0.8341990133
2026-07-05T13:56:59Z,20260705T135649Z,1354,0.7911717252,1.0000000000,0.8762884757,0.5000000000,0.8419230769,0.7993390880
2026-07-05T13:56:59Z,20260705T135649Z,1355,0.7957797440,1.0000000000,0.4745330712,0.7500000000,0.7850000000,0.7616015502
2026-07-05T13:56:59Z,20260705T135649Z,1356,0.7107144013,1.0000000000,0.6473583091,0.5000000000,0.6417948718,0.7034194929
2026-07-05T13:56:59Z,20260705T135649Z,1357,0.5964712940,1.0000000000,0.3789441172,0.3333333333,0.6685897436,0.5918617752
2026-07-05T13:56:59Z,20260705T135649Z,1358,0.6817443274,1.0000000000,0.5511777100,0.3333333333,0.6717948718,0.6481075213
2026-07-05T13:56:59Z,20260705T135649Z,1359,0.9389292606,1.0000000000,0.8772926053,1.0000000000,0.6741025641,0.9113062208
2026-07-05T13:56:59Z,20260705T135649Z,1360,0.7778850527,1.0000000000,0.6692908375,0.6666666667,0.5451282051,0.7434319948
2026-07-05T13:56:59Z,20260705T135649Z,1361,0.6186566985,1.0000000000,0.3737476522,0.3333333333,0.6128205128,0.5880034486
2026-07-05T13:56:59Z,20260705T135649Z,1362,0.6666666667,1.0000000000,0.6839169010,0.3333333333,0.8406410256,0.6962128674
2026-07-05T13:56:59Z,20260705T135649Z,1363,0.9291181088,1.0000000000,0.6289056837,1.0000000000,0.7011538462,0.8632337409
2026-07-05T13:56:59Z,20260705T135649Z,1364,0.9291181088,1.0000000000,0.3479282586,1.0000000000,0.7833333333,0.8193651789
2026-07-05T13:56:59Z,20260705T135649Z,1365,0.7677204728,1.0000000000,0.9665245833,0.5000000000,0.7193589744,0.7931388810
2026-07-05T13:56:59Z,20260705T135649Z,1366,0.6968385816,1.0000000000,0.2048327647,0.5000000000,0.8853846154,0.6479838906
2026-07-05T13:56:59Z,20260705T135649Z,1367,1.0000000000,1.0000000000,0.7682837996,1.0000000000,0.6338461538,0.8987336830
2026-07-05T13:56:59Z,20260705T135649Z,1368,0.9291181088,1.0000000000,0.4700243819,1.0000000000,0.6955128205,0.8306113266
2026-07-05T13:56:59Z,20260705T135649Z,1369,1.0000000000,1.0000000000,1.0000000000,1.0000000000,0.7241025641,0.9586153846
2026-07-05T13:56:59Z,20260705T135649Z,1370,1.0000000000,1.0000000000,0.6591413331,1.0000000000,0.7128205128,0.8887513435
2026-07-05T13:56:59Z,20260705T135649Z,1371,0.6968385816,1.0000000000,0.3743340836,0.5000000000,0.8506410256,0.6766726160
2026-07-05T13:56:59Z,20260705T135649Z,1372,0.6968385816,1.0000000000,0.0704465750,0.5000000000,0.5482051282,0.5705297296
2026-07-05T13:56:59Z,20260705T135649Z,1373,0.6251540513,1.0000000000,0.8910669939,0.2500000000,0.5682051282,0.6697326808
2026-07-05T13:56:59Z,20260705T135649Z,1374,0.6419070734,1.0000000000,0.3830610346,0.5000000000,0.8953846154,0.6713966676
2026-07-05T13:56:59Z,20260705T135649Z,1375,0.8308156933,1.0000000000,0.7230697624,0.6666666667,0.6217948718,0.7789204399
2026-07-05T13:56:59Z,20260705T135649Z,1376,0.7575558929,1.0000000000,0.1920017877,0.6666666667,0.6857692308,0.6639880487
2026-07-05T13:56:59Z,20260705T135649Z,1377,0.7854249275,1.0000000000,0.4936333778,0.7500000000,0.8069230769,0.7661213690
2026-07-05T13:56:59Z,20260705T135649Z,1378,0.7895834242,1.0000000000,0.6734838321,0.5000000000,0.6605128205,0.7311695455
2026-07-05T13:56:59Z,20260705T135649Z,1379,0.6186566985,1.0000000000,0.1557382910,0.3333333333,0.6773076923,0.5540746533
2026-07-05T13:56:59Z,20260705T135649Z,1380,0.6186566985,1.0000000000,0.3737476522,0.3333333333,0.7962820513,0.6155226794
2026-07-05T13:56:59Z,20260705T135649Z,1381,0.8308156933,1.0000000000,0.9465575149,0.6666666667,0.6237179487,0.8239064519
2026-07-05T13:56:59Z,20260705T135649Z,1382,0.8308156933,1.0000000000,0.9023267692,0.6666666667,0.6385897436,0.8172910720
2026-07-05T13:56:59Z,20260705T135649Z,1383,0.8308156933,1.0000000000,0.9023267692,0.6666666667,0.7144871795,0.8286756874
2026-07-05T13:56:59Z,20260705T135649Z,1384,0.6665729829,1.0000000000,0.3990587431,0.3333333333,0.7258974359,0.6220062764
2026-07-05T13:56:59Z,20260705T135649Z,1385,0.4645590544,1.0000000000,0.0000000000,0.0000000000,0.6257692308,0.4100051482
2026-07-05T13:56:59Z,20260705T135649Z,1386,0.6968385816,1.0000000000,0.1111997756,0.5000000000,0.8578205128,0.6251226774
2026-07-05T13:56:59Z,20260705T135649Z,1387,0.7677204728,1.0000000000,0.8888002244,0.5000000000,0.8107692308,0.7913055477
2026-07-05T13:56:59Z,20260705T135649Z,1388,0.9999999953,1.0000000000,1.0000000000,1.0000000000,0.6258974359,0.9438846142
2026-07-05T13:56:59Z,20260705T135649Z,1389,0.6968385816,1.0000000000,0.1559582608,0.5000000000,0.8721794872,0.6362282206
2026-07-05T13:56:59Z,20260705T135649Z,1390,1.0000000000,1.0000000000,0.7194092956,1.0000000000,0.6571794872,0.8924587822
2026-07-05T13:56:59Z,20260705T135649Z,1391,0.9291181088,1.0000000000,0.4700243819,1.0000000000,0.7343589744,0.8364382497
2026-07-05T13:56:59Z,20260705T135649Z,1392,0.6186566985,1.0000000000,0.2573850573,0.3333333333,0.7917948718,0.5915770835
2026-07-05T13:56:59Z,20260705T135649Z,1393,0.8178906433,1.0000000000,0.4226338772,0.6666666667,0.7405128205,0.7334096927
2026-07-05T13:56:59Z,20260705T135649Z,1394,0.6972020364,1.0000000000,0.4887786838,0.5000000000,0.7003846154,0.6771139382
2026-07-05T13:56:59Z,20260705T135649Z,1395,0.6416033262,1.0000000000,0.3440417392,0.3333333333,0.6566666667,0.5943758461
2026-07-05T13:56:59Z,20260705T135649Z,1396,0.4470327476,1.0000000000,0.0000000000,0.0000000000,0.7505128205,0.4243351100
2026-07-05T13:56:59Z,20260705T135649Z,1397,0.7677204728,1.0000000000,0.7422378832,0.5000000000,0.6655128205,0.7402046179
2026-07-05T13:56:59Z,20260705T135649Z,1398,0.6665729829,1.0000000000,0.2916930569,0.3333333333,0.8001282051,0.6116677545
2026-07-05T13:56:59Z,20260705T135649Z,1399,0.8308156933,1.0000000000,0.8323332013,0.6666666667,0.8175641026,0.8301385123
2026-07-05T13:56:59Z,20260705T135649Z,1400,0.6186566985,1.0000000000,0.1535376336,0.3333333333,0.7689743590,0.5673845219
2026-07-05T13:56:59Z,20260705T135649Z,1401,0.7475513658,1.0000000000,0.8584303991,0.5000000000,0.7673076923,0.7736700751
2026-07-05T13:56:59Z,20260705T135649Z,1402,0.5295108608,1.0000000000,0.0319778982,0.2000000000,0.7294871795,0.4881963718
2026-07-05T13:56:59Z,20260705T135649Z,1403,0.5857228750,1.0000000000,0.1605012843,0.2500000000,0.5112820513,0.5052232833
2026-07-05T13:56:59Z,20260705T135649Z,1404,0.7309729266,1.0000000000,0.8762451271,0.5000000000,0.6652564103,0.7577807186
2026-07-05T13:56:59Z,20260705T135649Z,1405,0.6416033262,1.0000000000,0.0785617235,0.3333333333,0.6338461538,0.5378567660
2026-07-05T13:56:59Z,20260705T135649Z,1406,0.7221149473,1.0000000000,0.7213875578,0.3333333333,0.8955128205,0.7257998381
2026-07-05T13:56:59Z,20260705T135649Z,1407,0.7415433010,1.0000000000,0.6870226483,0.5000000000,0.6425641026,0.7191749703
2026-07-05T13:56:59Z,20260705T135649Z,1408,0.6665729829,1.0000000000,0.4234769611,0.3333333333,0.7950000000,0.6372553046
2026-07-05T13:56:59Z,20260705T135649Z,1409,0.7221149473,1.0000000000,0.6610115682,0.3333333333,0.8106410256,0.7009938710
2026-07-05T13:56:59Z,20260705T135649Z,1410,0.8308156933,1.0000000000,0.8142116903,0.6666666667,0.6873076923,0.8069757485
2026-07-05T13:56:59Z,20260705T135649Z,1411,0.6968385816,1.0000000000,0.1559582608,0.5000000000,0.7035897436,0.6109397591
2026-07-05T13:56:59Z,20260705T135649Z,1412,0.9999999953,1.0000000000,1.0000000000,1.0000000000,0.8488461538,0.9773269219
2026-07-05T13:56:59Z,20260705T135649Z,1413,0.9999999953,1.0000000000,1.0000000000,1.0000000000,0.8370512821,0.9755576911
2026-07-05T13:56:59Z,20260705T135649Z,1414,0.7677204728,1.0000000000,0.6256659164,0.5000000000,0.7878205128,0.7352363784
2026-07-05T13:56:59Z,20260705T135649Z,1415,0.9291181088,1.0000000000,0.5791668483,1.0000000000,0.8569230769,0.8766513584
2026-07-05T13:56:59Z,20260705T135649Z,1416,0.6186566985,1.0000000000,0.2045394815,0.3333333333,0.7133333333,0.5692387376
2026-07-05T13:56:59Z,20260705T135649Z,1417,0.6666666667,1.0000000000,0.9526695251,0.3333333333,0.8035897436,0.7444056999
2026-07-05T13:56:59Z,20260705T135649Z,1418,1.0000000000,1.0000000000,0.8775171560,1.0000000000,0.8394871795,0.9514265081
2026-07-05T13:56:59Z,20260705T135649Z,1419,0.6968385816,1.0000000000,0.1559582608,0.5000000000,0.7437179487,0.6169589899
2026-07-05T13:56:59Z,20260705T135649Z,1420,0.6968385816,1.0000000000,0.0704465750,0.5000000000,0.7448717949,0.6000297296
2026-07-05T13:56:59Z,20260705T135649Z,1421,1.0000000000,1.0000000000,0.9630288418,1.0000000000,0.6401282051,0.9386249991
2026-07-05T13:56:59Z,20260705T135649Z,1422,0.9291181088,1.0000000000,0.2912375335,1.0000000000,0.8155128205,0.8128539570
2026-07-05T13:56:59Z,20260705T135649Z,1423,0.8308156933,1.0000000000,0.8588550841,0.6666666667,0.6119230769,0.8045967350
2026-07-05T13:56:59Z,20260705T135649Z,1424,0.6683552816,1.0000000000,0.3695921803,0.5000000000,0.8379487179,0.6666995642
2026-07-05T13:56:59Z,20260705T135649Z,1425,0.6956605018,1.0000000000,0.7754053325,0.6000000000,0.9866666667,0.7969961919
2026-07-05T13:56:59Z,20260705T135649Z,1426,0.7526038571,1.0000000000,0.2249972964,0.6000000000,0.7739743590,0.6692465774
2026-07-05T13:56:59Z,20260705T135649Z,1427,0.8178906433,1.0000000000,0.5099816487,0.6666666667,0.6907692308,0.7434177085
2026-07-05T13:56:59Z,20260705T135649Z,1428,0.6666666667,1.0000000000,0.5623766880,0.3333333333,0.7775641026,0.6624432863
2026-07-05T13:56:59Z,20260705T135649Z,1429,0.7006776931,1.0000000000,0.8518051072,0.4000000000,0.7553846154,0.7388381370
2026-07-05T13:56:59Z,20260705T135649Z,1430,0.7623763122,1.0000000000,0.8447190975,0.8000000000,0.7837179487,0.8370955899
2026-07-05T13:56:59Z,20260705T135649Z,1431,0.7295870522,1.0000000000,0.8677146913,0.5000000000,0.8360256410,0.7813435475
2026-07-05T13:56:59Z,20260705T135649Z,1432,0.6251540513,1.0000000000,0.8260550879,0.2500000000,0.6969230769,0.6760379919
2026-07-05T13:56:59Z,20260705T135649Z,1433,0.7221149473,1.0000000000,0.8292275133,0.3333333333,0.7152564103,0.7203293677
2026-07-05T13:56:59Z,20260705T135649Z,1434,0.9999999953,1.0000000000,1.0000000000,1.0000000000,0.7002564103,0.9550384604
2026-07-05T13:56:59Z,20260705T135649Z,1435,0.9999999953,1.0000000000,1.0000000000,1.0000000000,0.6988461538,0.9548269219
2026-07-05T13:56:59Z,20260705T135649Z,1436,0.9999999953,1.0000000000,1.0000000000,1.0000000000,0.6174358974,0.9426153834
2026-07-05T13:56:59Z,20260705T135649Z,1437,0.7677204728,1.0000000000,0.9665245833,0.5000000000,0.7439743590,0.7968311887
2026-07-05T13:56:59Z,20260705T135649Z,1438,0.6666666667,1.0000000000,0.9526695251,0.3333333333,0.8305128205,0.7484441614
2026-07-05T13:56:59Z,20260705T135649Z,1439,1.0000000000,1.0000000000,1.0000000000,1.0000000000,0.6623076923,0.9493461538
2026-07-05T13:56:59Z,20260705T135649Z,1440,0.7113754386,1.0000000000,0.7751116385,0.5000000000,0.7885897436,0.7511546489
2026-07-05T13:56:59Z,20260705T135649Z,1441,0.7691695844,1.0000000000,0.8141144369,0.5000000000,0.7353846154,0.7654229758
2026-07-05T13:56:59Z,20260705T135649Z,1442,0.7475513658,1.0000000000,0.8584303991,0.5000000000,0.8460256410,0.7854777674
2026-07-05T13:56:59Z,20260705T135649Z,1443,0.6643597294,1.0000000000,0.8456910583,0.4000000000,0.7538461538,0.7283050671
2026-07-05T13:56:59Z,20260705T135649Z,1444,0.7745830086,1.0000000000,0.8561779145,0.7500000000,0.8470512821,0.8419390274
2026-07-05T13:56:59Z,20260705T135649Z,1445,0.7895834242,1.0000000000,0.8987058241,0.5000000000,0.8015384615,0.7973677901
2026-07-05T13:56:59Z,20260705T135649Z,1446,0.7677204728,1.0000000000,0.8888002244,0.5000000000,0.7665384615,0.7846709323
2026-07-05T13:56:59Z,20260705T135649Z,1447,0.9999999953,1.0000000000,1.0000000000,1.0000000000,0.8320512821,0.9748076911
2026-07-05T13:56:59Z,20260705T135649Z,1448,0.7677204728,1.0000000000,0.9665245833,0.5000000000,0.7105128205,0.7918119579
2026-07-05T13:56:59Z,20260705T135649Z,1449,0.6666666667,1.0000000000,0.9220336936,0.3333333333,0.7300000000,0.7272400721
2026-07-05T13:56:59Z,20260705T135649Z,1450,1.0000000000,1.0000000000,0.9630288418,1.0000000000,0.6056410256,0.9334519222
2026-07-05T13:56:59Z,20260705T135649Z,1451,0.8308156933,1.0000000000,0.9446321591,0.6666666667,0.6716666667,0.8307136885
2026-07-05T13:56:59Z,20260705T135649Z,1452,0.7221149473,1.0000000000,0.9167411894,0.3333333333,0.7670512821,0.7456013337
2026-07-05T13:56:59Z,20260705T135649Z,1453,0.7221149473,1.0000000000,0.8757779321,0.3333333333,0.7673076923,0.7374471438
2026-07-05T13:56:59Z,20260705T135649Z,1454,0.7221149473,1.0000000000,0.8757779321,0.3333333333,0.8843589744,0.7550048361
2026-07-05T13:56:59Z,20260705T135649Z,1455,0.7677204728,1.0000000000,0.9295534250,0.5000000000,0.6221794872,0.7711677263
2026-07-05T13:56:59Z,20260705T135649Z,1456,1.0000000000,1.0000000000,0.9592467994,1.0000000000,0.8701282051,0.9723685906
2026-07-05T13:56:59Z,20260705T135649Z,1457,1.0000000000,1.0000000000,0.9592467994,1.0000000000,0.8055128205,0.9626762830
2026-07-05T13:56:59Z,20260705T135649Z,1458,0.8048689313,1.0000000000,0.9502376885,0.6666666667,0.8274358974,0.8487134885
2026-07-05T13:56:59Z,20260705T135649Z,1459,0.6046068389,1.0000000000,0.4980471664,0.2500000000,0.7076923077,0.6069149892
2026-07-05T13:56:59Z,20260705T135649Z,1460,0.7300534562,1.0000000000,0.6000247389,0.4000000000,0.6525641026,0.6804029272
2026-07-05T13:56:59Z,20260705T135649Z,1461,0.6471709429,1.0000000000,0.3938498665,0.4000000000,0.7538461538,0.6336396321
2026-07-05T13:56:59Z,20260705T135649Z,1462,1.0000000000,1.0000000000,0.9222756411,1.0000000000,0.7552564103,0.9477435898
2026-07-05T13:56:59Z,20260705T135649Z,1463,0.6666666667,1.0000000000,0.9526695251,0.3333333333,0.7721794872,0.7396941614
2026-07-05T13:56:59Z,20260705T135649Z,1464,0.6251540513,1.0000000000,0.8714019262,0.2500000000,0.7588461538,0.6943958211
2026-07-05T13:56:59Z,20260705T135649Z,1465,0.7221149473,1.0000000000,0.8757779321,0.3333333333,0.7594871795,0.7362740668
2026-07-05T13:56:59Z,20260705T135649Z,1466,0.7677204728,1.0000000000,0.9665245833,0.5000000000,0.7902564103,0.8037734964
2026-07-05T13:56:59Z,20260705T135649Z,1467,0.6666666667,1.0000000000,0.9526695251,0.3333333333,0.7839743590,0.7414633922
2026-07-05T13:56:59Z,20260705T135649Z,1468,0.6666666667,1.0000000000,0.9526695251,0.3333333333,0.6821794872,0.7261941614
2026-07-05T13:56:59Z,20260705T135649Z,1469,1.0000000000,1.0000000000,1.0000000000,1.0000000000,0.6552564103,0.9482884615
2026-07-05T13:56:59Z,20260705T135649Z,1470,0.6666666667,1.0000000000,0.9526695251,0.3333333333,0.5848717949,0.7115980076
2026-07-05T13:56:59Z,20260705T135649Z,1471,0.7295870522,1.0000000000,0.8177245854,0.5000000000,0.6934615385,0.7499609109
2026-07-05T13:56:59Z,20260705T135649Z,1472,0.8461736740,1.0000000000,0.8885978313,0.7500000000,0.8014102564,0.8594745232
2026-07-05T13:56:59Z,20260705T135649Z,1473,0.7869708545,1.0000000000,0.8990626916,0.7500000000,0.6902564103,0.8300937135
2026-07-05T13:56:59Z,20260705T135649Z,1474,0.8003084866,1.0000000000,0.9158158044,0.7500000000,0.8173076923,0.8558364364
2026-07-05T13:56:59Z,20260705T135649Z,1475,0.6385522430,1.0000000000,0.8847036206,0.4000000000,0.6553846154,0.7148864772
2026-07-05T13:56:59Z,20260705T135649Z,1476,0.6355981610,1.0000000000,0.2208582914,0.4000000000,0.7901282051,0.6015904293
2026-07-05T13:56:59Z,20260705T135649Z,1477,0.6683552816,1.0000000000,0.2212202608,0.5000000000,0.7769230769,0.6278713341
2026-07-05T13:56:59Z,20260705T135649Z,1478,0.9389292606,1.0000000000,0.9474775917,1.0000000000,0.8498717949,0.9517086027
2026-07-05T13:56:59Z,20260705T135649Z,1479,0.6820617591,1.0000000000,0.8948655417,0.5000000000,0.8308974359,0.7741231635
2026-07-05T13:56:59Z,20260705T135649Z,1480,0.7221149473,1.0000000000,0.9167411894,0.3333333333,0.6591025641,0.7294090260
2026-07-05T13:56:59Z,20260705T135649Z,1481,0.7677204728,1.0000000000,0.9665245833,0.5000000000,0.5541025641,0.7683504195
2026-07-05T13:56:59Z,20260705T135649Z,1482,0.7677204728,1.0000000000,0.9665245833,0.5000000000,0.7088461538,0.7915619579
2026-07-05T13:56:59Z,20260705T135649Z,1483,0.9999999953,1.0000000000,1.0000000000,1.0000000000,0.8158974359,0.9723846142
2026-07-05T13:56:59Z,20260705T135649Z,1484,0.7233498105,1.0000000000,0.9500849642,0.3333333333,0.7689743590,0.7528672660
2026-07-05T13:56:59Z,20260705T135649Z,1485,0.8048689313,1.0000000000,0.9646740990,0.6666666667,0.8024358974,0.8478507706
2026-07-05T13:56:59Z,20260705T135649Z,1486,0.8048689313,1.0000000000,0.9646740990,0.6666666667,0.6591025641,0.8263507706
2026-07-05T13:56:59Z,20260705T135649Z,1487,0.6257641301,1.0000000000,0.9137210992,0.2500000000,0.6716666667,0.6899352524
2026-07-05T13:56:59Z,20260705T135649Z,1488,0.7691695844,1.0000000000,0.8347158590,0.5000000000,0.7069230769,0.7652740294
2026-07-05T13:56:59Z,20260705T135649Z,1489,0.8645221980,1.0000000000,0.7782194862,0.7500000000,0.8369230769,0.8473129083
2026-07-05T13:56:59Z,20260705T135649Z,1490,0.7415433010,1.0000000000,0.5173497807,0.5000000000,0.7924358974,0.7077211660
2026-07-05T13:56:59Z,20260705T135649Z,1491,0.7496918975,1.0000000000,0.8192484236,0.5000000000,0.7175641026,0.7589072745
2026-07-05T13:56:59Z,20260705T135649Z,1492,0.9389292606,1.0000000000,0.6124641569,1.0000000000,0.8170512821,0.8797828388
2026-07-05T13:56:59Z,20260705T135649Z,1493,0.7496918975,1.0000000000,0.8908638641,0.5000000000,0.7057692308,0.7714611318
2026-07-05T13:56:59Z,20260705T135649Z,1494,0.9389292606,1.0000000000,0.5702265794,1.0000000000,0.7339743590,0.8588737849
2026-07-05T13:56:59Z,20260705T135649Z,1495,0.8308156933,1.0000000000,0.7305833490,0.6666666667,0.6319230769,0.7819423880
2026-07-05T13:56:59Z,20260705T135649Z,1496,0.8308156933,1.0000000000,0.6014864386,0.6666666667,0.6723076923,0.7621806982
2026-07-05T13:56:59Z,20260705T135649Z,1497,0.8178906433,1.0000000000,0.7761405268,0.6666666667,0.6252564103,0.7868225610
2026-07-05T13:56:59Z,20260705T135649Z,1498,1.0000000000,1.0000000000,0.7190225749,1.0000000000,0.7905128205,0.9123814381
2026-07-05T13:56:59Z,20260705T135649Z,1499,0.8308156933,1.0000000000,0.9069391514,0.6666666667,0.7921794872,0.8412520100
2026-07-05T13:56:59Z,20260705T135649Z,1500,0.8308156933,1.0000000000,0.9069391514,0.6666666667,0.6585897436,0.8212135485
2026-07-05T13:56:59Z,20260705T135649Z,1501,1.0000000000,1.0000000000,1.0000000000,1.0000000000,0.6594871795,0.9489230769
2026-07-05T13:56:59Z,20260705T135649Z,1502,0.8308156933,1.0000000000,0.9446321591,0.6666666667,0.7721794872,0.8457906115
2026-07-05T13:56:59Z,20260705T135649Z,1503,0.7778850527,1.0000000000,0.9185995894,0.6666666667,0.7871794872,0.8296014375
2026-07-05T13:56:59Z,20260705T135649Z,1504,1.0000000000,1.0000000000,0.9592467994,1.0000000000,0.7228205128,0.9502724368
2026-07-05T13:56:59Z,20260705T135649Z,1505,1.0000000000,1.0000000000,0.9063670109,1.0000000000,0.7602564103,0.9453118637
2026-07-05T13:56:59Z,20260705T135649Z,1506,1.0000000000,1.0000000000,0.9511254961,1.0000000000,0.6798717949,0.9422058684
2026-07-05T13:56:59Z,20260705T135649Z,1507,0.8048689313,1.0000000000,0.8743800403,0.6666666667,0.7556410256,0.8227727281
2026-07-05T13:56:59Z,20260705T135649Z,1508,0.7149010414,1.0000000000,0.7411238396,0.5000000000,0.8155128205,0.7492769514
2026-07-05T13:56:59Z,20260705T135649Z,1509,0.9694646303,1.0000000000,0.7969455369,1.0000000000,0.6511538462,0.8994283419
2026-07-05T13:56:59Z,20260705T135649Z,1510,0.8308156933,1.0000000000,0.9626244068,0.6666666667,0.7142307692,0.8406967534
2026-07-05T13:56:59Z,20260705T135649Z,1511,0.7677204728,1.0000000000,0.9295534250,0.5000000000,0.7188461538,0.7856677263
2026-07-05T13:56:59Z,20260705T135649Z,1512,0.7221149473,1.0000000000,0.9167411894,0.3333333333,0.7571794872,0.7441205644
2026-07-05T13:56:59Z,20260705T135649Z,1513,0.6775242385,1.0000000000,0.5561575011,0.4000000000,0.7860256410,0.6785164060
2026-07-05T13:56:59Z,20260705T135649Z,1514,0.7002216302,1.0000000000,0.5212364096,0.2500000000,0.7433333333,0.6408026895
2026-07-05T13:56:59Z,20260705T135649Z,1515,0.7002216302,1.0000000000,0.7442052596,0.2500000000,0.7769230769,0.6904349210
2026-07-05T13:56:59Z,20260705T135649Z,1516,0.8224757615,1.0000000000,0.8035303561,0.7500000000,0.7338461538,0.8264019347
2026-07-05T13:56:59Z,20260705T135649Z,1517,0.7221149473,1.0000000000,0.9167411894,0.3333333333,0.6557692308,0.7289090260
2026-07-05T13:56:59Z,20260705T135649Z,1518,0.7221149473,1.0000000000,0.8031614184,0.3333333333,0.7607692308,0.7219430718
2026-07-05T13:56:59Z,20260705T135649Z,1519,0.7778850527,1.0000000000,0.8157617785,0.6666666667,0.7655128205,0.8057838753
2026-07-05T13:56:59Z,20260705T135649Z,1520,0.6666666667,1.0000000000,0.9526695251,0.3333333333,0.8020512821,0.7441749307
2026-07-05T13:56:59Z,20260705T135649Z,1521,0.7677204728,1.0000000000,0.9665245833,0.5000000000,0.8394871795,0.8111581118
2026-07-05T13:56:59Z,20260705T135649Z,1522,0.7677204728,1.0000000000,0.9295534250,0.5000000000,0.7442307692,0.7894754186
2026-07-05T13:56:59Z,20260705T135649Z,1523,0.7677204728,1.0000000000,0.9295534250,0.5000000000,0.7905128205,0.7964177263
2026-07-05T13:56:59Z,20260705T135649Z,1524,0.7677204728,1.0000000000,0.8440417392,0.5000000000,0.7639743590,0.7753346199
2026-07-05T13:56:59Z,20260705T135649Z,1525,1.0000000000,1.0000000000,0.9144883142,1.0000000000,0.6389743590,0.9287438167
2026-07-05T13:56:59Z,20260705T135649Z,1526,0.8308156933,1.0000000000,0.9626244068,0.6666666667,0.6320512821,0.8283698303
2026-07-05T13:56:59Z,20260705T135649Z,1527,0.7778850527,1.0000000000,0.9254705402,0.6666666667,0.7973076923,0.8324948584
2026-07-05T13:56:59Z,20260705T135649Z,1528,0.7778850527,1.0000000000,0.9254705402,0.6666666667,0.7493589744,0.8253025507
2026-07-05T13:56:59Z,20260705T135649Z,1529,0.6251540513,1.0000000000,0.9102991883,0.2500000000,0.7975641026,0.7079829659
2026-07-05T13:56:59Z,20260705T135649Z,1530,0.7677204728,1.0000000000,0.9665245833,0.5000000000,0.7723076923,0.8010811887
2026-07-05T13:56:59Z,20260705T135649Z,1531,0.9999999953,1.0000000000,1.0000000000,1.0000000000,0.7202564103,0.9580384604
2026-07-05T13:56:59Z,20260705T135649Z,1532,0.9999999953,1.0000000000,1.0000000000,1.0000000000,0.6451282051,0.9467692296
2026-07-05T13:56:59Z,20260705T135649Z,1533,0.9999999953,1.0000000000,1.0000000000,1.0000000000,0.5575641026,0.9336346142
2026-07-05T13:56:59Z,20260705T135649Z,1534,0.7677204728,1.0000000000,0.9665245833,0.5000000000,0.6016666667,0.7754850349
2026-07-05T13:56:59Z,20260705T135649Z,1535,1.0000000000,1.0000000000,0.8286426520,1.0000000000,0.7739743590,0.9318246842
2026-07-05T13:56:59Z,20260705T135649Z,1536,1.0000000000,1.0000000000,0.8286426520,1.0000000000,0.7073076923,0.9218246842
2026-07-05T13:56:59Z,20260705T135649Z,1537,0.7677204728,1.0000000000,0.9665245833,0.5000000000,0.7141025641,0.7923504195
2026-07-05T13:56:59Z,20260705T135649Z,1538,0.7221149473,1.0000000000,0.9167411894,0.3333333333,0.6505128205,0.7281205644
2026-07-05T13:56:59Z,20260705T135649Z,1539,0.8308156933,1.0000000000,0.9478320785,0.6666666667,0.6237179487,0.8241613646
2026-07-05T13:56:59Z,20260705T135649Z,1540,0.7248934060,1.0000000000,0.4020641093,0.6666666667,0.8191025641,0.7178348913
2026-07-05T13:56:59Z,20260705T135649Z,1541,0.7944092125,1.0000000000,0.4833658430,0.6000000000,0.5652564103,0.7000639333
2026-07-05T13:56:59Z,20260705T135649Z,1542,0.7006776931,1.0000000000,0.8967929107,0.4000000000,0.8375641026,0.7601626208
2026-07-05T13:56:59Z,20260705T135649Z,1543,0.7295870522,1.0000000000,0.8677146913,0.5000000000,0.8000000000,0.7759397013
2026-07-05T13:56:59Z,20260705T135649Z,1544,0.6519264212,1.0000000000,0.1251253060,0.2500000000,0.7385897436,0.5487951280
2026-07-05T13:56:59Z,20260705T135649Z,1545,0.6968385816,1.0000000000,0.2048327647,0.5000000000,0.6192307692,0.6080608137
2026-07-05T13:56:59Z,20260705T135649Z,1546,0.7677204728,1.0000000000,0.7951672353,0.5000000000,0.8352564103,0.7762520268
2026-07-05T13:56:59Z,20260705T135649Z,1547,0.7677204728,1.0000000000,0.9295534250,0.5000000000,0.8507692308,0.8054561878
2026-07-05T13:56:59Z,20260705T135649Z,1548,0.7677204728,1.0000000000,0.9295534250,0.5000000000,0.7906410256,0.7964369571
2026-07-05T13:56:59Z,20260705T135649Z,1549,0.9999999953,1.0000000000,1.0000000000,1.0000000000,0.7388461538,0.9608269219
2026-07-05T13:56:59Z,20260705T135649Z,1550,0.9999999953,1.0000000000,1.0000000000,1.0000000000,0.8291025641,0.9743653834
2026-07-05T13:56:59Z,20260705T135649Z,1551,0.9999999953,1.0000000000,1.0000000000,1.0000000000,0.8119230769,0.9717884604
2026-07-05T13:56:59Z,20260705T135649Z,1552,0.9999999953,1.0000000000,1.0000000000,1.0000000000,0.6824358974,0.9523653834
2026-07-05T13:56:59Z,20260705T135649Z,1553,0.7677204728,1.0000000000,0.9665245833,0.5000000000,0.7203846154,0.7932927272
2026-07-05T13:56:59Z,20260705T135649Z,1554,0.6666666667,1.0000000000,0.9220336936,0.3333333333,0.7741025641,0.7338554567
2026-07-05T13:56:59Z,20260705T135649Z,1555,1.0000000000,1.0000000000,0.9999999905,1.0000000000,0.6706410256,0.9505961519
2026-07-05T13:56:59Z,20260705T135649Z,1556,0.7691695844,1.0000000000,0.8347158590,0.5000000000,0.7825641026,0.7766201833
2026-07-05T13:56:59Z,20260705T135649Z,1557,0.9156767837,1.0000000000,0.8795540775,1.0000000000,0.7192307692,0.9127146268
2026-07-05T13:56:59Z,20260705T135649Z,1558,0.7011185094,1.0000000000,0.8743340836,0.2500000000,0.8374358974,0.7257618287
2026-07-05T13:56:59Z,20260705T135649Z,1559,0.7233498105,1.0000000000,0.9500849642,0.3333333333,0.8093589744,0.7589249583
2026-07-05T13:56:59Z,20260705T135649Z,1560,0.5800528066,1.0000000000,0.9029983851,0.2000000000,0.7374358974,0.6762282633
2026-07-05T13:56:59Z,20260705T135649Z,1561,0.6251540513,1.0000000000,0.7298335551,0.2500000000,0.8176923077,0.6749090700
2026-07-05T13:56:59Z,20260705T135649Z,1562,0.6666666667,1.0000000000,0.5542996626,0.3333333333,0.8475641026,0.6713278812
2026-07-05T13:56:59Z,20260705T135649Z,1563,1.0000000000,1.0000000000,0.6961124913,1.0000000000,0.8053846154,0.9100301906
2026-07-05T13:56:59Z,20260705T135649Z,1564,0.6666666667,1.0000000000,0.9220336936,0.3333333333,0.5789743590,0.7045862259
2026-07-05T13:56:59Z,20260705T135649Z,1565,0.7677204728,1.0000000000,0.9665245833,0.5000000000,0.5875641026,0.7733696502
2026-07-05T13:56:59Z,20260705T135649Z,1566,0.9999999953,1.0000000000,1.0000000000,1.0000000000,0.7862820513,0.9679423065
2026-07-05T13:56:59Z,20260705T135649Z,1567,0.7677204728,1.0000000000,0.9665245833,0.5000000000,0.7461538462,0.7971581118
2026-07-05T13:56:59Z,20260705T135649Z,1568,1.0000000000,1.0000000000,1.0000000000,1.0000000000,0.8503846154,0.9775576923
2026-07-05T13:56:59Z,20260705T135649Z,1569,0.7677204728,1.0000000000,0.9665245833,0.5000000000,0.7838461538,0.8028119579
2026-07-05T13:56:59Z,20260705T135649Z,1570,0.7677204728,1.0000000000,0.8440417392,0.5000000000,0.7873076923,0.7788346199
2026-07-05T13:56:59Z,20260705T135649Z,1571,1.0000000000,1.0000000000,0.9552415148,1.0000000000,0.7621794872,0.9553752260
2026-07-05T13:56:59Z,20260705T135649Z,1572,0.7525263750,1.0000000000,0.9093608425,0.5000000000,0.7373076923,0.7805999161
2026-07-05T13:56:59Z,20260705T135649Z,1573,0.7525263750,1.0000000000,0.9471067961,0.5000000000,0.7371794872,0.7881298761
2026-07-05T13:56:59Z,20260705T135649Z,1574,0.6251540513,1.0000000000,0.9102991883,0.2500000000,0.6823076923,0.6906945043
2026-07-05T13:56:59Z,20260705T135649Z,1575,0.7221149473,1.0000000000,0.9167411894,0.3333333333,0.8220512821,0.7538513337
2026-07-05T13:56:59Z,20260705T135649Z,1576,0.7677204728,1.0000000000,0.9665245833,0.5000000000,0.8073076923,0.8063311887
2026-07-05T13:56:59Z,20260705T135649Z,1577,0.7677204728,1.0000000000,0.9665245833,0.5000000000,0.8311538462,0.8099081118
2026-07-05T13:56:59Z,20260705T135649Z,1578,0.9999999953,1.0000000000,1.0000000000,1.0000000000,0.8339743590,0.9750961527
2026-07-05T13:56:59Z,20260705T135649Z,1579,0.9999999953,1.0000000000,1.0000000000,1.0000000000,0.7555128205,0.9633269219
2026-07-05T13:56:59Z,20260705T135649Z,1580,0.9999999953,1.0000000000,1.0000000000,1.0000000000,0.8506410256,0.9775961527
2026-07-05T13:56:59Z,20260705T135649Z,1581,0.7677204728,1.0000000000,0.9295534250,0.5000000000,0.8157692308,0.8002061878
2026-07-05T13:56:59Z,20260705T135649Z,1582,0.6666666667,1.0000000000,0.9220336936,0.3333333333,0.5937179487,0.7067977644
2026-07-05T13:56:59Z,20260705T135649Z,1583,0.7677204728,1.0000000000,0.9665245833,0.5000000000,0.7623076923,0.7995811887
2026-07-05T13:56:59Z,20260705T135649Z,1584,0.7677204728,1.0000000000,0.8440417392,0.5000000000,0.7855128205,0.7785653891
2026-07-05T13:56:59Z,20260705T135649Z,1585,1.0000000000,1.0000000000,0.9552415148,1.0000000000,0.7735897436,0.9570867645
2026-07-05T13:56:59Z,20260705T135649Z,1586,1.0000000000,1.0000000000,0.9222756411,1.0000000000,0.6570512821,0.9330128205
2026-07-05T13:56:59Z,20260705T135649Z,1587,1.0000000000,1.0000000000,1.0000000000,1.0000000000,0.8038461538,0.9705769231
2026-07-05T13:56:59Z,20260705T135649Z,1588,0.7778850527,1.0000000000,0.9254705402,0.6666666667,0.8110256410,0.8345525507
2026-07-05T13:56:59Z,20260705T135649Z,1589,0.7221149473,1.0000000000,0.9167411894,0.3333333333,0.7237179487,0.7391013337
2026-07-05T13:56:59Z,20260705T135649Z,1590,0.7677204728,1.0000000000,0.7422378832,0.5000000000,0.7403846154,0.7514353871
2026-07-05T13:56:59Z,20260705T135649Z,1591,0.7677204728,1.0000000000,0.7422378832,0.5000000000,0.8008974359,0.7605123102
2026-07-05T13:56:59Z,20260705T135649Z,1592,0.7677204728,1.0000000000,0.9665245833,0.5000000000,0.7642307692,0.7998696502
2026-07-05T13:56:59Z,20260705T135649Z,1593,0.6666666667,1.0000000000,0.7925436939,0.3333333333,0.8555128205,0.7201689952
2026-07-05T13:56:59Z,20260705T135649Z,1594,0.9291181088,1.0000000000,0.4625948815,1.0000000000,0.7012820513,0.8299908112
2026-07-05T13:56:59Z,20260705T135649Z,1595,0.6968385816,1.0000000000,0.2577621168,0.5000000000,0.7283333333,0.6350120688
2026-07-05T13:56:59Z,20260705T135649Z,1596,0.9999999953,1.0000000000,1.0000000000,1.0000000000,0.8896153846,0.9834423065
2026-07-05T13:56:59Z,20260705T135649Z,1597,0.7677204728,1.0000000000,0.7951672353,0.5000000000,0.8775641026,0.7825981806
2026-07-05T13:56:59Z,20260705T135649Z,1598,1.0000000000,1.0000000000,0.8286426520,1.0000000000,0.7942307692,0.9348631458
2026-07-05T13:56:59Z,20260705T135649Z,1599,0.7677204728,1.0000000000,0.9665245833,0.5000000000,0.8206410256,0.8083311887
2026-07-05T13:56:59Z,20260705T135649Z,1600,0.7002216302,1.0000000000,0.5670062929,0.2500000000,0.7920512821,0.6572643584
2026-07-05T13:56:59Z,20260705T135649Z,1601,0.7475513658,1.0000000000,0.6020283291,0.5000000000,0.7139743590,0.7143896611
2026-07-05T13:56:59Z,20260705T135649Z,1602,1.0000000000,1.0000000000,0.9630288418,1.0000000000,0.7855128205,0.9604326914
2026-07-05T13:56:59Z,20260705T135649Z,1603,1.0000000000,1.0000000000,1.0000000000,1.0000000000,0.6670512821,0.9500576923
2026-07-05T13:56:59Z,20260705T135649Z,1604,1.0000000000,1.0000000000,1.0000000000,1.0000000000,0.6638461538,0.9495769231
2026-07-05T13:56:59Z,20260705T135649Z,1605,0.6666666667,1.0000000000,0.9526695251,0.3333333333,0.7435897436,0.7354056999
2026-07-05T13:56:59Z,20260705T135649Z,1606,0.7677204728,1.0000000000,0.9665245833,0.5000000000,0.8724358974,0.8161004195
2026-07-05T13:56:59Z,20260705T135649Z,1607,0.9999999953,1.0000000000,1.0000000000,1.0000000000,0.6638461538,0.9495769219
2026-07-05T13:56:59Z,20260705T135649Z,1608,0.9999999953,1.0000000000,1.0000000000,1.0000000000,0.6223076923,0.9433461527
2026-07-05T13:56:59Z,20260705T135649Z,1609,0.7677204728,1.0000000000,0.9665245833,0.5000000000,0.8369230769,0.8107734964
2026-07-05T13:56:59Z,20260705T135649Z,1610,0.7677204728,1.0000000000,0.9665245833,0.5000000000,0.7592307692,0.7991196502
2026-07-05T13:56:59Z,20260705T135649Z,1611,0.9999999953,1.0000000000,1.0000000000,1.0000000000,0.8270512821,0.9740576911
2026-07-05T13:56:59Z,20260705T135649Z,1612,0.9999999953,1.0000000000,1.0000000000,1.0000000000,0.6001282051,0.9400192296
2026-07-05T13:56:59Z,20260705T135649Z,1613,0.9999999953,1.0000000000,1.0000000000,1.0000000000,0.6089743590,0.9413461527
2026-07-05T13:56:59Z,20260705T135649Z,1614,0.7221149473,1.0000000000,0.9167411894,0.3333333333,0.8024358974,0.7509090260
2026-07-05T13:56:59Z,20260705T135649Z,1615,0.8308156933,1.0000000000,0.9105614780,0.6666666667,0.6720512821,0.8239572446
2026-07-05T13:56:59Z,20260705T135649Z,1616,0.8048689313,1.0000000000,0.8743800403,0.6666666667,0.7941025641,0.8285419588
2026-07-05T13:56:59Z,20260705T135649Z,1617,0.6972020364,1.0000000000,0.7230085668,0.5000000000,0.7707692308,0.7345176071
2026-07-05T13:56:59Z,20260705T135649Z,1618,0.6972020364,1.0000000000,0.7230085668,0.5000000000,0.7320512821,0.7287099148
2026-07-05T13:56:59Z,20260705T135649Z,1619,0.8403704676,1.0000000000,0.9410205382,0.7500000000,0.7606410256,0.8623928784
2026-07-05T13:56:59Z,20260705T135649Z,1620,0.7011185094,1.0000000000,0.9032887910,0.2500000000,0.8206410256,0.7290335394
2026-07-05T13:56:59Z,20260705T135649Z,1621,0.9999999953,1.0000000000,1.0000000000,1.0000000000,0.6885897436,0.9532884604
2026-07-05T13:56:59Z,20260705T135649Z,1622,0.7677204728,1.0000000000,0.9665245833,0.5000000000,0.6888461538,0.7885619579
2026-07-05T13:56:59Z,20260705T135649Z,1623,1.0000000000,1.0000000000,1.0000000000,1.0000000000,0.7873076923,0.9680961538
2026-07-05T13:56:59Z,20260705T135649Z,1624,1.0000000000,1.0000000000,1.0000000000,1.0000000000,0.7726923077,0.9659038462
2026-07-05T13:56:59Z,20260705T135649Z,1625,1.0000000000,1.0000000000,1.0000000000,1.0000000000,0.6942307692,0.9541346154
2026-07-05T13:56:59Z,20260705T135649Z,1626,0.7677204728,1.0000000000,0.9665245833,0.5000000000,0.6557692308,0.7836004195
2026-07-05T13:56:59Z,20260705T135649Z,1627,0.7677204728,1.0000000000,0.9665245833,0.5000000000,0.8223076923,0.8085811887
2026-07-05T13:56:59Z,20260705T135649Z,1628,0.6666666667,1.0000000000,0.9526695251,0.3333333333,0.6252564103,0.7176556999
2026-07-05T13:56:59Z,20260705T135649Z,1629,0.6257641301,1.0000000000,0.8837390990,0.2500000000,0.8334615385,0.7082080831
2026-07-05T13:56:59Z,20260705T135649Z,1630,0.7745830086,1.0000000000,0.6849945870,0.7500000000,0.5787179487,0.7674523619
2026-07-05T13:56:59Z,20260705T135649Z,1631,0.7182627872,1.0000000000,0.6829877583,0.6000000000,0.7043589744,0.7418170946
2026-07-05T13:56:59Z,20260705T135649Z,1632,0.8461736740,1.0000000000,0.9603107608,0.7500000000,0.8273076923,0.8777017245
2026-07-05T13:56:59Z,20260705T135649Z,1633,0.6251540513,1.0000000000,0.8910669939,0.2500000000,0.6035897436,0.6750403731
2026-07-05T13:56:59Z,20260705T135649Z,1634,0.8308156933,1.0000000000,0.9384884944,0.6666666667,0.5451282051,0.8105041863
2026-07-05T13:56:59Z,20260705T135649Z,1635,0.7221149473,1.0000000000,0.8757779321,0.3333333333,0.6473076923,0.7194471438
2026-07-05T13:56:59Z,20260705T135649Z,1636,0.7221149473,1.0000000000,0.8498246549,0.3333333333,0.8158974359,0.7395449499
2026-07-05T13:56:59Z,20260705T135649Z,1637,0.7221149473,1.0000000000,0.8498246549,0.3333333333,0.5584615385,0.7009295652
2026-07-05T13:56:59Z,20260705T135649Z,1638,0.9999999953,1.0000000000,1.0000000000,1.0000000000,0.7257692308,0.9588653834
2026-07-05T13:56:59Z,20260705T135649Z,1639,0.9999999953,1.0000000000,1.0000000000,1.0000000000,0.7771794872,0.9665769219
2026-07-05T13:56:59Z,20260705T135649Z,1640,0.9999999953,1.0000000000,1.0000000000,1.0000000000,0.8091025641,0.9713653834
2026-07-05T13:56:59Z,20260705T135649Z,1641,0.7677204728,1.0000000000,0.9295534250,0.5000000000,0.8239743590,0.8014369571
2026-07-05T13:56:59Z,20260705T135649Z,1642,0.7677204728,1.0000000000,0.9295534250,0.5000000000,0.7467948718,0.7898600340
2026-07-05T13:56:59Z,20260705T135649Z,1643,0.7677204728,1.0000000000,0.9665245833,0.5000000000,0.5976923077,0.7748888810
2026-07-05T13:56:59Z,20260705T135649Z,1644,0.6666666667,1.0000000000,0.9220336936,0.3333333333,0.6288461538,0.7120669951
2026-07-05T13:56:59Z,20260705T135649Z,1645,1.0000000000,1.0000000000,0.9999999905,1.0000000000,0.6756410256,0.9513461519
2026-07-05T13:56:59Z,20260705T135649Z,1646,1.0000000000,1.0000000000,0.9592467994,1.0000000000,0.7038461538,0.9474262830
2026-07-05T13:56:59Z,20260705T135649Z,1647,1.0000000000,1.0000000000,0.9222756411,1.0000000000,0.7560256410,0.9478589744
2026-07-05T13:56:59Z,20260705T135649Z,1648,0.8048689313,1.0000000000,0.9646740990,0.6666666667,0.7921794872,0.8463123090
2026-07-05T13:56:59Z,20260705T135649Z,1649,0.6257641301,1.0000000000,0.9399182504,0.2500000000,0.7941025641,0.7135400672
2026-07-05T13:56:59Z,20260705T135649Z,1650,0.7677204728,1.0000000000,0.9665245833,0.5000000000,0.8444871795,0.8119081118
2026-07-05T13:56:59Z,20260705T135649Z,1651,0.7677204728,1.0000000000,0.9665245833,0.5000000000,0.8010256410,0.8053888810
2026-07-05T13:56:59Z,20260705T135649Z,1652,0.7677204728,1.0000000000,0.9665245833,0.5000000000,0.7808974359,0.8023696502
2026-07-05T13:56:59Z,20260705T135649Z,1653,0.7677204728,1.0000000000,0.9665245833,0.5000000000,0.8642307692,0.8148696502
2026-07-05T13:56:59Z,20260705T135649Z,1654,0.7677204728,1.0000000000,0.9665245833,0.5000000000,0.7791025641,0.8021004195
2026-07-05T13:56:59Z,20260705T135649Z,1655,0.6968385816,1.0000000000,0.3743340836,0.5000000000,0.7116666667,0.6558264621
2026-07-05T13:56:59Z,20260705T135649Z,1656,0.6186566985,1.0000000000,0.3737476522,0.3333333333,0.8423076923,0.6224265256
2026-07-05T13:56:59Z,20260705T135649Z,1657,1.0000000000,1.0000000000,0.9630288418,1.0000000000,0.8528205128,0.9705288453
2026-07-05T13:56:59Z,20260705T135649Z,1658,0.7677204728,1.0000000000,0.9295534250,0.5000000000,0.8329487179,0.8027831109
2026-07-05T13:56:59Z,20260705T135649Z,1659,0.7677204728,1.0000000000,0.8440417392,0.5000000000,0.7788461538,0.7775653891
2026-07-05T13:56:59Z,20260705T135649Z,1660,1.0000000000,1.0000000000,0.9144883142,1.0000000000,0.8369230769,0.9584361244
2026-07-05T13:56:59Z,20260705T135649Z,1661,1.0000000000,1.0000000000,0.9630288418,1.0000000000,0.6558974359,0.9409903837
2026-07-05T13:56:59Z,20260705T135649Z,1662,0.8048689313,1.0000000000,0.9646740990,0.6666666667,0.7842307692,0.8451200014
2026-07-05T13:56:59Z,20260705T135649Z,1663,0.9694646303,1.0000000000,0.9607964412,1.0000000000,0.5717948718,0.9202946766
2026-07-05T13:56:59Z,20260705T135649Z,1664,0.8308156933,1.0000000000,0.9626244068,0.6666666667,0.8138461538,0.8556390611
2026-07-05T13:56:59Z,20260705T135649Z,1665,0.7677204728,1.0000000000,0.9295534250,0.5000000000,0.8053846154,0.7986484955
2026-07-05T13:56:59Z,20260705T135649Z,1666,0.7677204728,1.0000000000,0.9665245833,0.5000000000,0.8223076923,0.8085811887
2026-07-05T13:56:59Z,20260705T135649Z,1667,0.7677204728,1.0000000000,0.9665245833,0.5000000000,0.7175641026,0.7928696502
2026-07-05T13:56:59Z,20260705T135649Z,1668,0.7677204728,1.0000000000,0.9665245833,0.5000000000,0.8398717949,0.8112158041
2026-07-05T13:56:59Z,20260705T135649Z,1669,1.0000000000,1.0000000000,1.0000000000,1.0000000000,0.8038461538,0.9705769231
2026-07-05T13:56:59Z,20260705T135649Z,1670,0.6666666667,1.0000000000,0.9526695251,0.3333333333,0.9044871795,0.7595403153
2026-07-05T13:56:59Z,20260705T135649Z,1671,0.7778850527,1.0000000000,0.9254705402,0.6666666667,0.6738461538,0.8139756276
2026-07-05T13:56:59Z,20260705T135649Z,1672,0.7221149473,1.0000000000,0.9167411894,0.3333333333,0.8176923077,0.7531974875
2026-07-05T13:56:59Z,20260705T135649Z,1673,0.7677204728,1.0000000000,0.9295534250,0.5000000000,0.7616666667,0.7920908032
2026-07-05T13:56:59Z,20260705T135649Z,1674,0.6251540513,1.0000000000,0.8155921466,0.2500000000,0.7150000000,0.6766569421
2026-07-05T13:56:59Z,20260705T135649Z,1675,0.8308156933,1.0000000000,0.8961891502,0.6666666667,0.6893589744,0.8236789328
2026-07-05T13:56:59Z,20260705T135649Z,1676,1.0000000000,1.0000000000,0.9999999905,1.0000000000,0.9055128205,0.9858269212
2026-07-05T13:56:59Z,20260705T135649Z,1677,0.6666666667,1.0000000000,0.9220336936,0.3333333333,0.6852564103,0.7205285336
2026-07-05T13:56:59Z,20260705T135649Z,1678,0.7525263750,1.0000000000,0.9471067961,0.5000000000,0.8323076923,0.8023991068
2026-07-05T13:56:59Z,20260705T135649Z,1679,0.7525263750,1.0000000000,0.9471067961,0.5000000000,0.7535897436,0.7905914145
2026-07-05T13:56:59Z,20260705T135649Z,1680,0.7677204728,1.0000000000,0.9665245833,0.5000000000,0.8171794872,0.8078119579
2026-07-05T13:56:59Z,20260705T135649Z,1681,0.7677204728,1.0000000000,0.9665245833,0.5000000000,0.6265384615,0.7792158041
2026-07-05T13:56:59Z,20260705T135649Z,1682,0.7677204728,1.0000000000,0.9665245833,0.5000000000,0.5597435897,0.7691965733
2026-07-05T13:56:59Z,20260705T135649Z,1683,0.7677204728,1.0000000000,0.9665245833,0.5000000000,0.6752564103,0.7865234964
2026-07-05T13:56:59Z,20260705T135649Z,1684,0.7677204728,1.0000000000,0.9665245833,0.5000000000,0.8711538462,0.8159081118
2026-07-05T13:56:59Z,20260705T135649Z,1685,0.9999999953,1.0000000000,1.0000000000,1.0000000000,0.8391025641,0.9758653834
2026-07-05T13:56:59Z,20260705T135649Z,1686,0.7677204728,1.0000000000,0.9665245833,0.5000000000,0.6141025641,0.7773504195
2026-07-05T13:56:59Z,20260705T135649Z,1687,0.7677204728,1.0000000000,0.9665245833,0.5000000000,0.7992307692,0.8051196502
2026-07-05T13:56:59Z,20260705T135649Z,1688,0.7677204728,1.0000000000,0.8440417392,0.5000000000,0.7364102564,0.7712000045
2026-07-05T13:56:59Z,20260705T135649Z,1689,1.0000000000,1.0000000000,0.9144883142,1.0000000000,0.5989743590,0.9227438167
2026-07-05T13:56:59Z,20260705T135649Z,1690,1.0000000000,1.0000000000,0.9999999905,1.0000000000,0.6535897436,0.9480384596
2026-07-05T13:56:59Z,20260705T135649Z,1691,0.7677204728,1.0000000000,0.9295534250,0.5000000000,0.7756410256,0.7941869571
2026-07-05T13:56:59Z,20260705T135649Z,1692,0.7233498105,1.0000000000,0.9500849642,0.3333333333,0.7974358974,0.7571364967
2026-07-05T13:56:59Z,20260705T135649Z,1693,0.6257641301,1.0000000000,0.9399182504,0.2500000000,0.7270512821,0.7034823749
2026-07-05T13:56:59Z,20260705T135649Z,1694,0.7677204728,1.0000000000,0.9665245833,0.5000000000,0.8871794872,0.8183119579
2026-07-05T13:56:59Z,20260705T135649Z,1695,0.7677204728,1.0000000000,0.7951672353,0.5000000000,0.7458974359,0.7628481806
2026-07-05T13:56:59Z,20260705T135649Z,1696,0.7677204728,1.0000000000,0.7951672353,0.5000000000,0.8274358974,0.7750789499
2026-07-05T13:56:59Z,20260705T135649Z,1697,0.7233498105,1.0000000000,0.9500849642,0.3333333333,0.7539743590,0.7506172660
2026-07-05T13:56:59Z,20260705T135649Z,1698,0.8048689313,1.0000000000,0.8269519658,0.6666666667,0.8305128205,0.8245178824
2026-07-05T13:56:59Z,20260705T135649Z,1699,0.7677204728,1.0000000000,0.7951672353,0.5000000000,0.6852564103,0.7537520268
2026-07-05T13:56:59Z,20260705T135649Z,1700,0.9999999953,1.0000000000,1.0000000000,1.0000000000,0.6405128205,0.9460769219
2026-07-05T13:56:59Z,20260705T135649Z,1701,0.9999999953,1.0000000000,1.0000000000,1.0000000000,0.7802564103,0.9670384604
2026-07-05T13:56:59Z,20260705T135649Z,1702,0.9999999953,1.0000000000,1.0000000000,1.0000000000,0.8276923077,0.9741538450
2026-07-05T13:56:59Z,20260705T135649Z,1703,0.7221149473,1.0000000000,0.8292275133,0.3333333333,0.7085897436,0.7193293677
2026-07-05T13:56:59Z,20260705T135649Z,1704,1.0000000000,1.0000000000,0.9087421033,1.0000000000,0.7773076923,0.9483445745
2026-07-05T13:56:59Z,20260705T135649Z,1705,0.8308156933,1.0000000000,0.9626244068,0.6666666667,0.7857692308,0.8514275226
2026-07-05T13:56:59Z,20260705T135649Z,1706,0.7677204728,1.0000000000,0.9295534250,0.5000000000,0.8656410256,0.8076869571
2026-07-05T13:56:59Z,20260705T135649Z,1707,0.7002216302,1.0000000000,0.5791668483,0.2500000000,0.5400000000,0.6218887772
2026-07-05T13:56:59Z,20260705T135649Z,1708,0.6262925536,1.0000000000,0.5827983292,0.4000000000,0.8600000000,0.6821328042
2026-07-05T13:56:59Z,20260705T135649Z,1709,0.7221149473,1.0000000000,0.9167411894,0.3333333333,0.8037179487,0.7511013337
2026-07-05T13:56:59Z,20260705T135649Z,1710,0.7221149473,1.0000000000,0.8498246549,0.3333333333,0.7553846154,0.7304680268
2026-07-05T13:56:59Z,20260705T135649Z,1711,0.6251540513,1.0000000000,0.8462067276,0.2500000000,0.7824358974,0.6928952430
2026-07-05T13:56:59Z,20260705T135649Z,1712,0.7677204728,1.0000000000,0.9665245833,0.5000000000,0.6773076923,0.7868311887
2026-07-05T13:56:59Z,20260705T135649Z,1713,0.9999999953,1.0000000000,1.0000000000,1.0000000000,0.7520512821,0.9628076911
2026-07-05T13:56:59Z,20260705T135649Z,1714,0.9999999953,1.0000000000,1.0000000000,1.0000000000,0.8092307692,0.9713846142
2026-07-05T13:56:59Z,20260705T135649Z,1715,0.7677204728,1.0000000000,0.8440417392,0.5000000000,0.7307692308,0.7703538507
2026-07-05T13:56:59Z,20260705T135649Z,1716,0.8178906433,1.0000000000,0.5542194617,0.6666666667,0.8156410256,0.7709960403
2026-07-05T13:56:59Z,20260705T135649Z,1717,0.6683552816,1.0000000000,0.3905992572,0.5000000000,0.7908974359,0.6638432872
2026-07-05T13:56:59Z,20260705T135649Z,1718,0.7221149473,1.0000000000,0.7776398117,0.3333333333,0.8171794872,0.7253002889
2026-07-05T13:56:59Z,20260705T135649Z,1719,0.7677204728,1.0000000000,0.8440417392,0.5000000000,0.7873076923,0.7788346199
2026-07-05T13:56:59Z,20260705T135649Z,1720,1.0000000000,1.0000000000,0.9552415148,1.0000000000,0.7434615385,0.9525675337
2026-07-05T13:56:59Z,20260705T135649Z,1721,1.0000000000,1.0000000000,0.9222756411,1.0000000000,0.8069230769,0.9554935898
2026-07-05T13:56:59Z,20260705T135649Z,1722,1.0000000000,1.0000000000,1.0000000000,1.0000000000,0.8153846154,0.9723076923
2026-07-05T13:56:59Z,20260705T135649Z,1723,0.8048689313,1.0000000000,0.9646740990,0.6666666667,0.8138461538,0.8495623090
2026-07-05T13:56:59Z,20260705T135649Z,1724,1.0000000000,1.0000000000,1.0000000000,1.0000000000,0.7387179487,0.9608076923
2026-07-05T13:56:59Z,20260705T135649Z,1725,0.7233498105,1.0000000000,0.9500849642,0.3333333333,0.8185897436,0.7603095737
2026-07-05T13:56:59Z,20260705T135649Z,1726,0.7677204728,1.0000000000,0.9665245833,0.5000000000,0.8739743590,0.8163311887
2026-07-05T13:56:59Z,20260705T135649Z,1727,0.7677204728,1.0000000000,0.9665245833,0.5000000000,0.6473076923,0.7823311887
2026-07-05T13:56:59Z,20260705T135649Z,1728,0.9999999953,1.0000000000,1.0000000000,1.0000000000,0.7189743590,0.9578461527
2026-07-05T13:56:59Z,20260705T135649Z,1729,0.9999999953,1.0000000000,1.0000000000,1.0000000000,0.7056410256,0.9558461527
2026-07-05T13:56:59Z,20260705T135649Z,1730,0.7233498105,1.0000000000,0.9500849642,0.3333333333,0.8116666667,0.7592711121
2026-07-05T13:56:59Z,20260705T135649Z,1731,0.7233498105,1.0000000000,0.9500849642,0.3333333333,0.8000000000,0.7575211121
2026-07-05T13:56:59Z,20260705T135649Z,1732,0.9999999953,1.0000000000,1.0000000000,1.0000000000,0.6673076923,0.9500961527
2026-07-05T13:56:59Z,20260705T135649Z,1733,0.7221149473,1.0000000000,0.9167411894,0.3333333333,0.6220512821,0.7238513337
2026-07-05T13:56:59Z,20260705T135649Z,1734,0.8308156933,1.0000000000,0.9478320785,0.6666666667,0.7693589744,0.8460075185
2026-07-05T13:56:59Z,20260705T135649Z,1735,1.0000000000,1.0000000000,0.9592467994,1.0000000000,0.7058974359,0.9477339753
2026-07-05T13:56:59Z,20260705T135649Z,1736,1.0000000000,1.0000000000,0.9630288418,1.0000000000,0.8553846154,0.9709134607
2026-07-05T13:56:59Z,20260705T135649Z,1737,0.8048689313,1.0000000000,0.9646740990,0.6666666667,0.8337179487,0.8525430783
2026-07-05T13:56:59Z,20260705T135649Z,1738,0.7233498105,1.0000000000,0.9500849642,0.3333333333,0.6360256410,0.7329249583
2026-07-05T13:56:59Z,20260705T135649Z,1739,0.9999999953,1.0000000000,1.0000000000,1.0000000000,0.6869230769,0.9530384604
2026-07-05T13:56:59Z,20260705T135649Z,1740,0.7677204728,1.0000000000,0.9665245833,0.5000000000,0.7121794872,0.7920619579
2026-07-05T13:56:59Z,20260705T135649Z,1741,0.7677204728,1.0000000000,0.9665245833,0.5000000000,0.6464102564,0.7821965733
2026-07-05T13:56:59Z,20260705T135649Z,1742,0.7677204728,1.0000000000,0.9295534250,0.5000000000,0.8550000000,0.8060908032
2026-07-05T13:56:59Z,20260705T135649Z,1743,0.6666666667,1.0000000000,0.9220336936,0.3333333333,0.7855128205,0.7355669951
2026-07-05T13:56:59Z,20260705T135649Z,1744,1.0000000000,1.0000000000,1.0000000000,1.0000000000,0.7739743590,0.9660961538
2026-07-05T13:56:59Z,20260705T135649Z,1745,0.7677204728,1.0000000000,0.9665245833,0.5000000000,0.6805128205,0.7873119579
2026-07-05T13:56:59Z,20260705T135649Z,1746,0.9999999953,1.0000000000,1.0000000000,1.0000000000,0.6505128205,0.9475769219
2026-07-05T13:56:59Z,20260705T135649Z,1747,0.7677204728,1.0000000000,0.9665245833,0.5000000000,0.8289743590,0.8095811887
2026-07-05T13:56:59Z,20260705T135649Z,1748,0.7778850527,1.0000000000,0.8342126435,0.6666666667,0.6773076923,0.7962432791
2026-07-05T13:56:59Z,20260705T135649Z,1749,1.0000000000,1.0000000000,0.9087421033,1.0000000000,0.8756410256,0.9630945745
2026-07-05T13:56:59Z,20260705T135649Z,1750,0.8202606934,1.0000000000,0.9474327708,0.7500000000,0.6339743590,0.8396478814
2026-07-05T13:56:59Z,20260705T135649Z,1751,0.6672130795,1.0000000000,0.9365319137,0.4000000000,0.7910256410,0.7527634988
2026-07-05T13:56:59Z,20260705T135649Z,1752,0.8048689313,1.0000000000,0.9646740990,0.6666666667,0.7093589744,0.8338892321
2026-07-05T13:56:59Z,20260705T135649Z,1753,0.6666666667,1.0000000000,0.9220336936,0.3333333333,0.8975641026,0.7523746874
2026-07-05T13:56:59Z,20260705T135649Z,1754,0.7677204728,1.0000000000,0.9295534250,0.5000000000,0.5956410256,0.7671869571
2026-07-05T13:56:59Z,20260705T135649Z,1755,0.7011185094,1.0000000000,0.6978931265,0.2500000000,0.6937179487,0.6689159450
2026-07-05T13:56:59Z,20260705T135649Z,1756,0.6512534889,1.0000000000,0.6998112150,0.4000000000,0.6802564103,0.6848140768
2026-07-05T13:56:59Z,20260705T135649Z,1757,0.8403704676,1.0000000000,0.9006112042,0.7500000000,0.5302564103,0.8197533193
2026-07-05T13:56:59Z,20260705T135649Z,1758,0.7011185094,1.0000000000,0.8614669463,0.2500000000,0.8360256410,0.7229768628
2026-07-05T13:56:59Z,20260705T135649Z,1759,0.7677204728,1.0000000000,0.9665245833,0.5000000000,0.8060256410,0.8061388810
2026-07-05T13:56:59Z,20260705T135649Z,1760,0.7677204728,1.0000000000,0.9665245833,0.5000000000,0.8361538462,0.8106581118
2026-07-05T13:56:59Z,20260705T135649Z,1761,0.7233498105,1.0000000000,0.9500849642,0.3333333333,0.8375641026,0.7631557275
2026-07-05T13:56:59Z,20260705T135649Z,1762,0.7233498105,1.0000000000,0.9500849642,0.3333333333,0.8121794872,0.7593480352
2026-07-05T13:56:59Z,20260705T135649Z,1763,0.7221149473,1.0000000000,0.7662498775,0.3333333333,0.7621794872,0.7147723021
2026-07-05T13:56:59Z,20260705T135649Z,1764,1.0000000000,1.0000000000,0.8876629929,1.0000000000,0.6591025641,0.9263979832
2026-07-05T13:56:59Z,20260705T135649Z,1765,0.7778850527,1.0000000000,0.7082484128,0.6666666667,0.6341025641,0.7645696637
2026-07-05T13:56:59Z,20260705T135649Z,1766,0.7295870522,1.0000000000,0.6969843481,0.5000000000,0.6776923077,0.7234474788
2026-07-05T13:56:59Z,20260705T135649Z,1767,0.7011185094,1.0000000000,0.6978931265,0.2500000000,0.6802564103,0.6668967142
2026-07-05T13:56:59Z,20260705T135649Z,1768,0.7221149473,1.0000000000,0.9167411894,0.3333333333,0.6902564103,0.7340821029
2026-07-05T13:56:59Z,20260705T135649Z,1769,0.7221149473,1.0000000000,0.9167411894,0.3333333333,0.8424358974,0.7569090260
2026-07-05T13:56:59Z,20260705T135649Z,1770,0.7233498105,1.0000000000,0.9500849642,0.3333333333,0.7708974359,0.7531557275
2026-07-05T13:56:59Z,20260705T135649Z,1771,0.7233498105,1.0000000000,0.9500849642,0.3333333333,0.7742307692,0.7536557275
2026-07-05T13:56:59Z,20260705T135649Z,1772,0.9999999953,1.0000000000,1.0000000000,1.0000000000,0.8764102564,0.9814615373
2026-07-05T13:56:59Z,20260705T135649Z,1773,0.7677204728,1.0000000000,0.9665245833,0.5000000000,0.8193589744,0.8081388810
2026-07-05T13:56:59Z,20260705T135649Z,1774,0.6666666667,1.0000000000,0.9526695251,0.3333333333,0.6337179487,0.7189249307
2026-07-05T13:56:59Z,20260705T135649Z,1775,1.0000000000,1.0000000000,0.8775171560,1.0000000000,0.6328205128,0.9204265081
2026-07-05T13:56:59Z,20260705T135649Z,1776,0.9645590544,1.0000000000,0.6559582608,1.0000000000,0.8223076923,0.8956775696
2026-07-05T13:56:59Z,20260705T135649Z,1777,0.9645590544,1.0000000000,0.7048327647,1.0000000000,0.7530769231,0.8950678550
2026-07-05T13:56:59Z,20260705T135649Z,1778,1.0000000000,1.0000000000,0.8286426520,1.0000000000,0.7956410256,0.9350746842
2026-07-05T13:56:59Z,20260705T135649Z,1779,0.6666666667,1.0000000000,0.9220336936,0.3333333333,0.7002564103,0.7227785336
2026-07-05T13:56:59Z,20260705T135649Z,1780,1.0000000000,1.0000000000,0.9592467994,1.0000000000,0.7603846154,0.9559070522
2026-07-05T13:56:59Z,20260705T135649Z,1781,0.7778850527,1.0000000000,0.8233155708,0.6666666667,0.8047435897,0.8131792491
2026-07-05T13:56:59Z,20260705T135649Z,1782,0.6972020364,1.0000000000,0.8130477723,0.5000000000,0.7614102564,0.7511216020
2026-07-05T13:56:59Z,20260705T135649Z,1783,0.6257641301,1.0000000000,0.6227422377,0.2500000000,0.8141025641,0.6531048647
2026-07-05T13:56:59Z,20260705T135649Z,1784,0.6251540513,1.0000000000,0.6175876087,0.2500000000,0.7487179487,0.6421137269
2026-07-05T13:56:59Z,20260705T135649Z,1785,0.5264342392,1.0000000000,0.0349755922,0.2000000000,0.8456410256,0.5054498321
2026-07-05T13:56:59Z,20260705T135649Z,1786,0.7216876901,1.0000000000,0.0496668119,0.6666666667,0.6906410256,0.6272847721
2026-07-05T13:56:59Z,20260705T135649Z,1787,0.6968385816,1.0000000000,0.4365489651,0.5000000000,0.7187179487,0.6693271307
2026-07-05T13:56:59Z,20260705T135649Z,1788,0.9999999953,1.0000000000,1.0000000000,1.0000000000,0.7353846154,0.9603076911
2026-07-05T13:56:59Z,20260705T135649Z,1789,0.9999999953,1.0000000000,1.0000000000,1.0000000000,0.6970512821,0.9545576911
2026-07-05T13:56:59Z,20260705T135649Z,1790,0.9999999953,1.0000000000,1.0000000000,1.0000000000,0.7075641026,0.9561346142
2026-07-05T13:56:59Z,20260705T135649Z,1791,0.9999999953,1.0000000000,1.0000000000,1.0000000000,0.8276923077,0.9741538450
2026-07-05T13:56:59Z,20260705T135649Z,1792,0.9999999953,1.0000000000,1.0000000000,1.0000000000,0.7952564103,0.9692884604
2026-07-05T13:56:59Z,20260705T135649Z,1793,0.9999999953,1.0000000000,1.0000000000,1.0000000000,0.6534615385,0.9480192296
2026-07-05T13:56:59Z,20260705T135649Z,1794,0.9999999953,1.0000000000,1.0000000000,1.0000000000,0.7805128205,0.9670769219
2026-07-05T13:56:59Z,20260705T135649Z,1795,0.9999999953,1.0000000000,1.0000000000,1.0000000000,0.6521794872,0.9478269219
2026-07-05T13:56:59Z,20260705T135649Z,1796,0.7677204728,1.0000000000,0.8440417392,0.5000000000,0.8237179487,0.7842961584
2026-07-05T13:56:59Z,20260705T135649Z,1797,1.0000000000,1.0000000000,0.9552415148,1.0000000000,0.6855128205,0.9438752260
2026-07-05T13:56:59Z,20260705T135649Z,1798,1.0000000000,1.0000000000,0.9222756411,1.0000000000,0.7476923077,0.9466089744
2026-07-05T13:56:59Z,20260705T135649Z,1799,0.7677204728,1.0000000000,0.9665245833,0.5000000000,0.7024358974,0.7906004195
2026-07-05T13:56:59Z,20260705T135649Z,1800,0.7221149473,1.0000000000,0.8498246549,0.3333333333,0.6971794872,0.7217372575
2026-07-05T13:56:59Z,20260705T135649Z,1801,0.7496918975,1.0000000000,0.8959948606,0.5000000000,0.7956410256,0.7859681003
2026-07-05T13:56:59Z,20260705T135649Z,1802,0.7221149473,1.0000000000,0.9167411894,0.3333333333,0.7487179487,0.7428513337
2026-07-05T13:56:59Z,20260705T135649Z,1803,0.7677204728,1.0000000000,0.9295534250,0.5000000000,0.6178205128,0.7705138801
2026-07-05T13:56:59Z,20260705T135649Z,1804,0.7677204728,1.0000000000,0.9295534250,0.5000000000,0.5950000000,0.7670908032
2026-07-05T13:56:59Z,20260705T135649Z,1805,0.9999999953,1.0000000000,1.0000000000,1.0000000000,0.6000000000,0.9399999988
2026-07-05T13:56:59Z,20260705T135649Z,1806,0.9999999953,1.0000000000,1.0000000000,1.0000000000,0.5956410256,0.9393461527
2026-07-05T13:56:59Z,20260705T135649Z,1807,0.9999999953,1.0000000000,1.0000000000,1.0000000000,0.7987179487,0.9698076911
2026-07-05T13:56:59Z,20260705T135649Z,1808,0.7233498105,1.0000000000,0.9500849642,0.3333333333,0.7257692308,0.7463864967
2026-07-05T13:56:59Z,20260705T135649Z,1809,0.7233498105,1.0000000000,0.9500849642,0.3333333333,0.7923076923,0.7563672660
2026-07-05T13:56:59Z,20260705T135649Z,1810,0.9999999953,1.0000000000,1.0000000000,1.0000000000,0.7734615385,0.9660192296
2026-07-05T13:56:59Z,20260705T135649Z,1811,0.7677204728,1.0000000000,0.8440417392,0.5000000000,0.8519230769,0.7885269276
2026-07-05T13:56:59Z,20260705T135649Z,1812,1.0000000000,1.0000000000,0.9144883142,1.0000000000,0.6491025641,0.9302630475
2026-07-05T13:56:59Z,20260705T135649Z,1813,0.7778850527,1.0000000000,0.8746410707,0.6666666667,0.8203846154,0.8257905030
2026-07-05T13:56:59Z,20260705T135649Z,1814,0.7221149473,1.0000000000,0.8498246549,0.3333333333,0.7106410256,0.7237564883
2026-07-05T13:56:59Z,20260705T135649Z,1815,0.7233498105,1.0000000000,0.9500849642,0.3333333333,0.6839743590,0.7401172660
2026-07-05T13:56:59Z,20260705T135649Z,1816,0.8048689313,1.0000000000,0.9646740990,0.6666666667,0.8339743590,0.8525815398
2026-07-05T13:56:59Z,20260705T135649Z,1817,0.6666666667,1.0000000000,0.9526695251,0.3333333333,0.7055128205,0.7296941614
2026-07-05T13:56:59Z,20260705T135649Z,1818,0.7677204728,1.0000000000,0.9665245833,0.5000000000,0.7491025641,0.7976004195
2026-07-05T13:56:59Z,20260705T135649Z,1819,0.7677204728,1.0000000000,0.9665245833,0.5000000000,0.8034615385,0.8057542656
2026-07-05T13:56:59Z,20260705T135649Z,1820,0.7677204728,1.0000000000,0.9665245833,0.5000000000,0.8606410256,0.8143311887
2026-07-05T13:56:59Z,20260705T135649Z,1821,0.7221149473,1.0000000000,0.8292275133,0.3333333333,0.5721794872,0.6988678292
2026-07-05T13:56:59Z,20260705T135649Z,1822,0.7221149473,1.0000000000,0.8292275133,0.3333333333,0.6093589744,0.7044447523
2026-07-05T13:56:59Z,20260705T135649Z,1823,0.9999999953,1.0000000000,1.0000000000,1.0000000000,0.7503846154,0.9625576911
2026-07-05T13:56:59Z,20260705T135649Z,1824,0.7677204728,1.0000000000,0.9665245833,0.5000000000,0.7142307692,0.7923696502
2026-07-05T13:56:59Z,20260705T135649Z,1825,0.6666666667,1.0000000000,0.9220336936,0.3333333333,0.6708974359,0.7183746874
2026-07-05T13:56:59Z,20260705T135649Z,1826,1.0000000000,1.0000000000,0.9592467994,1.0000000000,0.6937179487,0.9459070522
2026-07-05T13:56:59Z,20260705T135649Z,1827,0.7691695844,1.0000000000,0.9028599298,0.5000000000,0.7538461538,0.7859413051
2026-07-05T13:56:59Z,20260705T135649Z,1828,0.7691695844,1.0000000000,0.8937198328,0.5000000000,0.8769230769,0.8025748242
2026-07-05T13:56:59Z,20260705T135649Z,1829,0.6666666667,1.0000000000,0.7401924071,0.3333333333,0.8389743590,0.7072179686
2026-07-05T13:56:59Z,20260705T135649Z,1830,0.6996782811,1.0000000000,0.5055783559,0.5000000000,0.8485897436,0.7033237030
2026-07-05T13:56:59Z,20260705T135649Z,1831,0.6659589239,1.0000000000,0.5509732214,0.6000000000,0.7217948718,0.7049536060
2026-07-05T13:56:59Z,20260705T135649Z,1832,0.9720464599,1.0000000000,0.6603481581,1.0000000000,0.6865384615,0.8780620158
2026-07-05T13:56:59Z,20260705T135649Z,1833,0.7110955233,1.0000000000,0.9138453752,0.4000000000,0.5465384615,0.7225237251
2026-07-05T13:56:59Z,20260705T135649Z,1834,0.6251540513,1.0000000000,0.8613396374,0.2500000000,0.5800000000,0.6655564403
2026-07-05T13:56:59Z,20260705T135649Z,1835,0.6666666667,1.0000000000,0.8431417486,0.3333333333,0.6252564103,0.6957501446
2026-07-05T13:56:59Z,20260705T135649Z,1836,0.8308156933,1.0000000000,0.8846841354,0.6666666667,0.7303846154,0.8275317760
2026-07-05T13:56:59Z,20260705T135649Z,1837,0.7221149473,1.0000000000,0.7776398117,0.3333333333,0.7794871795,0.7196464428
2026-07-05T13:56:59Z,20260705T135649Z,1838,0.9999999953,1.0000000000,1.0000000000,1.0000000000,0.6171794872,0.9425769219
2026-07-05T13:56:59Z,20260705T135649Z,1839,0.7221149473,1.0000000000,0.8757779321,0.3333333333,0.6973076923,0.7269471438
2026-07-05T13:56:59Z,20260705T135649Z,1840,0.6251540513,1.0000000000,0.8714019262,0.2500000000,0.8024358974,0.7009342827
2026-07-05T13:56:59Z,20260705T135649Z,1841,0.7677204728,1.0000000000,0.9665245833,0.5000000000,0.7570512821,0.7987927272
2026-07-05T13:56:59Z,20260705T135649Z,1842,0.7677204728,1.0000000000,0.8888002244,0.5000000000,0.7473076923,0.7817863169
2026-07-05T13:56:59Z,20260705T135649Z,1843,0.7911717252,1.0000000000,0.9395596258,0.5000000000,0.6024358974,0.7760702411
2026-07-05T13:56:59Z,20260705T135649Z,1844,1.0000000000,1.0000000000,0.9999999866,1.0000000000,0.7939743590,0.9690961512
2026-07-05T13:56:59Z,20260705T135649Z,1845,0.8296522562,1.0000000000,0.8974757088,0.7500000000,0.8693589744,0.8673120520
2026-07-05T13:56:59Z,20260705T135649Z,1846,0.9694646303,1.0000000000,0.9607964412,1.0000000000,0.7843589744,0.9521792920
2026-07-05T13:56:59Z,20260705T135649Z,1847,0.9694646303,1.0000000000,0.9607964412,1.0000000000,0.7907692308,0.9531408304
2026-07-05T13:56:59Z,20260705T135649Z,1848,0.7662723608,1.0000000000,0.6176024936,0.6000000000,0.8684615385,0.7653578197
2026-07-05T13:56:59Z,20260705T135649Z,1849,0.8163323041,1.0000000000,0.6841993515,0.6000000000,0.6732051282,0.7619037155
2026-07-05T13:56:59Z,20260705T135649Z,1850,0.7221149473,1.0000000000,0.8498246549,0.3333333333,0.6284615385,0.7114295652
2026-07-05T13:56:59Z,20260705T135649Z,1851,0.7233498105,1.0000000000,0.9500849642,0.3333333333,0.5964102564,0.7269826506
2026-07-05T13:56:59Z,20260705T135649Z,1852,0.7233498105,1.0000000000,0.9500849642,0.3333333333,0.6102564103,0.7290595737
2026-07-05T13:56:59Z,20260705T135649Z,1853,0.9999999953,1.0000000000,1.0000000000,1.0000000000,0.7426923077,0.9614038450
2026-07-05T13:56:59Z,20260705T135649Z,1854,0.9999999953,1.0000000000,1.0000000000,1.0000000000,0.8155128205,0.9723269219
2026-07-05T13:56:59Z,20260705T135649Z,1855,0.9999999953,1.0000000000,1.0000000000,1.0000000000,0.7502564103,0.9625384604
2026-07-05T13:56:59Z,20260705T135649Z,1856,0.7677204728,1.0000000000,0.9665245833,0.5000000000,0.8355128205,0.8105619579
2026-07-05T13:56:59Z,20260705T135649Z,1857,0.7248934060,1.0000000000,0.4014540261,0.6666666667,0.8230769231,0.7183090285
2026-07-05T13:56:59Z,20260705T135649Z,1858,0.6961594867,1.0000000000,0.5279578528,0.5000000000,0.7320512821,0.6894391345
2026-07-05T13:56:59Z,20260705T135649Z,1859,0.5796768414,1.0000000000,0.5947908024,0.2000000000,0.6602564103,0.6029158324
2026-07-05T13:56:59Z,20260705T135649Z,1860,0.5161130875,1.0000000000,0.4023683189,0.1666666667,0.8657692308,0.5727006536
2026-07-05T13:56:59Z,20260705T135649Z,1861,0.6268086504,1.0000000000,0.4224051374,0.4000000000,0.5683333333,0.6064331901
2026-07-05T13:56:59Z,20260705T135649Z,1862,0.8030992629,1.0000000000,0.9319229083,0.6000000000,0.5701282051,0.7926786281
2026-07-05T13:56:59Z,20260705T135649Z,1863,0.7963678734,1.0000000000,0.9229315923,0.6000000000,0.7193589744,0.8115821330
2026-07-05T13:56:59Z,20260705T135649Z,1864,0.6972020364,1.0000000000,0.8306696859,0.5000000000,0.8291025641,0.7647998309
2026-07-05T13:56:59Z,20260705T135649Z,1865,0.8327150314,1.0000000000,0.8908174465,0.6000000000,0.7169230769,0.8138807087
2026-07-05T13:56:59Z,20260705T135649Z,1866,0.6882044140,1.0000000000,0.8602625915,0.5000000000,0.7464102564,0.7560651603
2026-07-05T13:56:59Z,20260705T135649Z,1867,0.7895834242,1.0000000000,0.8826002508,0.5000000000,0.7135897436,0.7809543677
2026-07-05T13:56:59Z,20260705T135649Z,1868,0.7677204728,1.0000000000,0.9295534250,0.5000000000,0.7538461538,0.7909177263
2026-07-05T13:56:59Z,20260705T135649Z,1869,0.7233498105,1.0000000000,0.9500849642,0.3333333333,0.7403846154,0.7485788044
2026-07-05T13:56:59Z,20260705T135649Z,1870,0.8048689313,1.0000000000,0.9646740990,0.6666666667,0.6403846154,0.8235430783
2026-07-05T13:56:59Z,20260705T135649Z,1871,0.7677204728,1.0000000000,0.9665245833,0.5000000000,0.6203846154,0.7782927272
2026-07-05T13:56:59Z,20260705T135649Z,1872,0.9999999953,1.0000000000,1.0000000000,1.0000000000,0.7969230769,0.9695384604
2026-07-05T13:56:59Z,20260705T135649Z,1873,0.7677204728,1.0000000000,0.9665245833,0.5000000000,0.7652564103,0.8000234964
2026-07-05T13:56:59Z,20260705T135649Z,1874,0.7677204728,1.0000000000,0.9665245833,0.5000000000,0.6391025641,0.7811004195
2026-07-05T13:56:59Z,20260705T135649Z,1875,0.9999999953,1.0000000000,1.0000000000,1.0000000000,0.6916666667,0.9537499988
2026-07-05T13:56:59Z,20260705T135649Z,1876,0.7221149473,1.0000000000,0.8292275133,0.3333333333,0.7471794872,0.7251178292
2026-07-05T13:56:59Z,20260705T135649Z,1877,0.7496918975,1.0000000000,0.8933266677,0.5000000000,0.7470512821,0.7781460002
2026-07-05T13:56:59Z,20260705T135649Z,1878,0.8308156933,1.0000000000,0.9626244068,0.6666666667,0.6491025641,0.8309275226
2026-07-05T13:56:59Z,20260705T135649Z,1879,0.7677204728,1.0000000000,0.9295534250,0.5000000000,0.8707692308,0.8084561878
2026-07-05T13:56:59Z,20260705T135649Z,1880,0.6895710071,1.0000000000,0.8585755519,0.2000000000,0.6771794872,0.6856847852
2026-07-05T13:56:59Z,20260705T135649Z,1881,0.6895710071,1.0000000000,0.8585755519,0.2000000000,0.7921794872,0.7029347852
2026-07-05T13:56:59Z,20260705T135649Z,1882,0.9999999953,1.0000000000,1.0000000000,1.0000000000,0.7491025641,0.9623653834
2026-07-05T13:56:59Z,20260705T135649Z,1883,0.7233498105,1.0000000000,0.9500849642,0.3333333333,0.7003846154,0.7425788044
2026-07-05T13:56:59Z,20260705T135649Z,1884,0.6257641301,1.0000000000,0.9399182504,0.2500000000,0.6919230769,0.6982131442
2026-07-05T13:56:59Z,20260705T135649Z,1885,0.7677204728,1.0000000000,0.9665245833,0.5000000000,0.7251282051,0.7940042656
2026-07-05T13:56:59Z,20260705T135649Z,1886,0.9999999953,1.0000000000,1.0000000000,1.0000000000,0.7458974359,0.9618846142
2026-07-05T13:56:59Z,20260705T135649Z,1887,0.9999999953,1.0000000000,1.0000000000,1.0000000000,0.6705128205,0.9505769219
2026-07-05T13:56:59Z,20260705T135649Z,1888,0.7677204728,1.0000000000,0.9665245833,0.5000000000,0.6388461538,0.7810619579
2026-07-05T13:56:59Z,20260705T135649Z,1889,1.0000000000,1.0000000000,1.0000000000,1.0000000000,0.6424358974,0.9463653846
2026-07-05T13:56:59Z,20260705T135649Z,1890,0.6666666667,1.0000000000,0.9526695251,0.3333333333,0.6287179487,0.7181749307
2026-07-05T13:56:59Z,20260705T135649Z,1891,0.7475513658,1.0000000000,0.7624374682,0.5000000000,0.7385897436,0.7501637966
2026-07-05T13:56:59Z,20260705T135649Z,1892,0.7475513658,1.0000000000,0.7905002409,0.5000000000,0.8256410256,0.7688340435
2026-07-05T13:56:59Z,20260705T135649Z,1893,0.8048689313,1.0000000000,0.9163663756,0.6666666667,0.7634615385,0.8323430721
2026-07-05T13:56:59Z,20260705T135649Z,1894,0.8048689313,1.0000000000,0.9646740990,0.6666666667,0.7952564103,0.8467738475
2026-07-05T13:56:59Z,20260705T135649Z,1895,0.7911717252,1.0000000000,0.9279996001,0.5000000000,0.7802564103,0.8004313129
2026-07-05T13:56:59Z,20260705T135649Z,1896,0.6386306057,1.0000000000,0.5351393672,0.5000000000,0.8555128205,0.6950124480
2026-07-05T13:56:59Z,20260705T135649Z,1897,0.6142272882,1.0000000000,0.5297975858,0.3333333333,0.7385897436,0.6369714674
2026-07-05T13:56:59Z,20260705T135649Z,1898,0.8308156933,1.0000000000,0.9069391514,0.6666666667,0.7719230769,0.8382135485
2026-07-05T13:56:59Z,20260705T135649Z,1899,0.7677204728,1.0000000000,0.9665245833,0.5000000000,0.6971794872,0.7898119579
2026-07-05T13:56:59Z,20260705T135649Z,1900,0.9999999953,1.0000000000,1.0000000000,1.0000000000,0.7475641026,0.9621346142
2026-07-05T13:56:59Z,20260705T135649Z,1901,0.9999999953,1.0000000000,1.0000000000,1.0000000000,0.7917948718,0.9687692296
2026-07-05T13:56:59Z,20260705T135649Z,1902,0.9999999953,1.0000000000,1.0000000000,1.0000000000,0.8305128205,0.9745769219
2026-07-05T13:56:59Z,20260705T135649Z,1903,0.7233498105,1.0000000000,0.4812650740,0.3333333333,0.6824358974,0.6461225187
2026-07-05T13:56:59Z,20260705T135649Z,1904,1.0000000000,1.0000000000,0.6685896304,1.0000000000,0.6853846154,0.8865256184
2026-07-05T13:56:59Z,20260705T135649Z,1905,0.7233498105,1.0000000000,0.8126754436,0.3333333333,0.7883333333,0.7282892080
2026-07-05T13:56:59Z,20260705T135649Z,1906,0.6888213532,1.0000000000,0.7284005024,0.2000000000,0.8289743590,0.6822315926
2026-07-05T13:56:59Z,20260705T135649Z,1907,0.6888213532,1.0000000000,0.7284005024,0.2000000000,0.7792307692,0.6747700542
2026-07-05T13:56:59Z,20260705T135649Z,1908,0.7677204728,1.0000000000,0.9665245833,0.5000000000,0.7639743590,0.7998311887
2026-07-05T13:56:59Z,20260705T135649Z,1909,0.6251540513,1.0000000000,0.8260550879,0.2500000000,0.7885897436,0.6897879919
2026-07-05T13:56:59Z,20260705T135649Z,1910,0.6251540513,1.0000000000,0.6934290205,0.2500000000,0.8276923077,0.6691281631
2026-07-05T13:56:59Z,20260705T135649Z,1911,0.6251540513,1.0000000000,0.7153638370,0.2500000000,0.7032051282,0.6548420494
2026-07-05T13:56:59Z,20260705T135649Z,1912,0.6468804614,1.0000000000,0.8203602212,0.4000000000,0.7252564103,0.7145806211
2026-07-05T13:56:59Z,20260705T135649Z,1913,0.5993152312,1.0000000000,0.8304809181,0.2000000000,0.7553846154,0.6692326837
2026-07-05T13:56:59Z,20260705T135649Z,1914,0.6251540513,1.0000000000,0.7478680893,0.2500000000,0.8021794872,0.6761890537
2026-07-05T13:56:59Z,20260705T135649Z,1915,0.7496918975,1.0000000000,0.8135705013,0.5000000000,0.7939743590,0.7692332285
2026-07-05T13:56:59Z,20260705T135649Z,1916,0.8461736740,1.0000000000,0.8885978313,0.7500000000,0.7774358974,0.8558783694
2026-07-05T13:56:59Z,20260705T135649Z,1917,0.7224812832,1.0000000000,0.7826285467,0.6000000000,0.7020512821,0.7624537224
2026-07-05T13:56:59Z,20260705T135649Z,1918,0.7011185094,1.0000000000,0.7940411304,0.2500000000,0.7392307692,0.6949724688
2026-07-05T13:56:59Z,20260705T135649Z,1919,0.9999999953,1.0000000000,1.0000000000,1.0000000000,0.7305128205,0.9595769219
2026-07-05T13:56:59Z,20260705T135649Z,1920,0.7677204728,1.0000000000,0.9295534250,0.5000000000,0.8089743590,0.7991869571
2026-07-05T13:56:59Z,20260705T135649Z,1921,0.7677204728,1.0000000000,0.9295534250,0.5000000000,0.7588461538,0.7916677263
2026-07-05T13:56:59Z,20260705T135649Z,1922,0.9999999953,1.0000000000,1.0000000000,1.0000000000,0.6147435897,0.9422115373
2026-07-05T13:56:59Z,20260705T135649Z,1923,0.7677204728,1.0000000000,0.9295534250,0.5000000000,0.7102564103,0.7843792647
2026-07-05T13:56:59Z,20260705T135649Z,1924,0.7677204728,1.0000000000,0.9295534250,0.5000000000,0.7357692308,0.7882061878
2026-07-05T13:56:59Z,20260705T135649Z,1925,0.7677204728,1.0000000000,0.6855471582,0.5000000000,0.7287179487,0.7383472421
2026-07-05T13:56:59Z,20260705T135649Z,1926,0.7133573986,1.0000000000,0.4971072358,0.5000000000,0.6425641026,0.6741454122
2026-07-05T13:56:59Z,20260705T135649Z,1927,0.5786443404,1.0000000000,0.3447753370,0.4000000000,0.8476923077,0.6207699987
2026-07-05T13:56:59Z,20260705T135649Z,1928,0.8683435189,1.0000000000,0.8643232560,0.7500000000,0.7271794872,0.8490274540
2026-07-05T13:56:59Z,20260705T135649Z,1929,0.6929273934,1.0000000000,0.8110873356,0.4000000000,0.7002564103,0.7204877770
2026-07-05T13:56:59Z,20260705T135649Z,1930,0.6257641301,1.0000000000,0.9399182504,0.2500000000,0.8007692308,0.7145400672
2026-07-05T13:56:59Z,20260705T135649Z,1931,0.8308156933,1.0000000000,0.9446321591,0.6666666667,0.7806410256,0.8470598423
2026-07-05T13:56:59Z,20260705T135649Z,1932,0.7221149473,1.0000000000,0.9167411894,0.3333333333,0.8153846154,0.7528513337
2026-07-05T13:56:59Z,20260705T135649Z,1933,0.9999999953,1.0000000000,1.0000000000,1.0000000000,0.8138461538,0.9720769219
2026-07-05T13:56:59Z,20260705T135649Z,1934,0.7677204728,1.0000000000,0.9665245833,0.5000000000,0.6625641026,0.7846196502
2026-07-05T13:56:59Z,20260705T135649Z,1935,1.0000000000,1.0000000000,1.0000000000,1.0000000000,0.8824358974,0.9823653846
2026-07-05T13:56:59Z,20260705T135649Z,1936,0.8048689313,1.0000000000,0.9646740990,0.6666666667,0.5317948718,0.8072546167
2026-07-05T13:56:59Z,20260705T135649Z,1937,0.7233498105,1.0000000000,0.9500849642,0.3333333333,0.6748717949,0.7387518814
2026-07-05T13:56:59Z,20260705T135649Z,1938,0.7002216302,1.0000000000,0.8337420285,0.2500000000,0.6538461538,0.6898807363
2026-07-05T13:56:59Z,20260705T135649Z,1939,0.8224757615,1.0000000000,0.9102043664,0.7500000000,0.7905128205,0.8562367367
2026-07-05T13:56:59Z,20260705T135649Z,1940,0.6972020364,1.0000000000,0.8770383728,0.5000000000,0.8223076923,0.7730543375
2026-07-05T13:56:59Z,20260705T135649Z,1941,0.7149010414,1.0000000000,0.9501233359,0.5000000000,0.7271794872,0.7778268506
2026-07-05T13:56:59Z,20260705T135649Z,1942,0.6643597294,1.0000000000,0.6335014552,0.4000000000,0.7841025641,0.6904056080
2026-07-05T13:56:59Z,20260705T135649Z,1943,0.6643597294,1.0000000000,0.6414322960,0.4000000000,0.8439743590,0.7009725454
2026-07-05T13:56:59Z,20260705T135649Z,1944,0.9694646303,1.0000000000,0.9447286544,1.0000000000,0.7469230769,0.9433503500
2026-07-05T13:56:59Z,20260705T135649Z,1945,0.9389292606,1.0000000000,0.9122925691,1.0000000000,0.7703846154,0.9327485213
2026-07-05T13:56:59Z,20260705T135649Z,1946,0.8202606934,1.0000000000,0.9474327708,0.7500000000,0.7687179487,0.8598594198
2026-07-05T13:56:59Z,20260705T135649Z,1947,0.7039302083,1.0000000000,0.7409426484,0.6000000000,0.8334615385,0.7691903125
2026-07-05T13:56:59Z,20260705T135649Z,1948,0.7002216302,1.0000000000,0.7274040254,0.2500000000,0.7687179487,0.6858439049
2026-07-05T13:56:59Z,20260705T135649Z,1949,0.7677204728,1.0000000000,0.8888002244,0.5000000000,0.8110256410,0.7913440092
2026-07-05T13:56:59Z,20260705T135649Z,1950,0.7677204728,1.0000000000,0.8888002244,0.5000000000,0.7087179487,0.7759978554
2026-07-05T13:56:59Z,20260705T135649Z,1951,0.7233498105,1.0000000000,0.9500849642,0.3333333333,0.7558974359,0.7509057275
2026-07-05T13:56:59Z,20260705T135649Z,1952,0.7233498105,1.0000000000,0.9500849642,0.3333333333,0.7703846154,0.7530788044
2026-07-05T13:56:59Z,20260705T135649Z,1953,0.9999999953,1.0000000000,1.0000000000,1.0000000000,0.7391025641,0.9608653834
2026-07-05T13:56:59Z,20260705T135649Z,1954,0.9999999953,1.0000000000,1.0000000000,1.0000000000,0.7466666667,0.9619999988
2026-07-05T13:56:59Z,20260705T135649Z,1955,0.7677204728,1.0000000000,0.9665245833,0.5000000000,0.7774358974,0.8018504195
2026-07-05T13:56:59Z,20260705T135649Z,1956,0.7677204728,1.0000000000,0.9665245833,0.5000000000,0.7823076923,0.8025811887
2026-07-05T13:56:59Z,20260705T135649Z,1957,0.7221149473,1.0000000000,0.8292275133,0.3333333333,0.7489743590,0.7253870600
2026-07-05T13:56:59Z,20260705T135649Z,1958,1.0000000000,1.0000000000,0.9087421033,1.0000000000,0.7638461538,0.9463253437
2026-07-05T13:56:59Z,20260705T135649Z,1959,1.0000000000,1.0000000000,1.0000000000,1.0000000000,0.7805128205,0.9670769231
2026-07-05T13:56:59Z,20260705T135649Z,1960,0.8308156933,1.0000000000,0.9446321591,0.6666666667,0.7637179487,0.8445213808
2026-07-05T13:56:59Z,20260705T135649Z,1961,0.7248934060,1.0000000000,0.2767285304,0.6666666667,0.7974358974,0.6895177755
2026-07-05T13:56:59Z,20260705T135649Z,1962,0.8274928135,1.0000000000,0.7711170433,0.6666666667,0.8038461538,0.8150068685
2026-07-05T13:56:59Z,20260705T135649Z,1963,0.7408128828,1.0000000000,0.5702950069,0.5000000000,0.7907692308,0.7178776067
2026-07-05T13:56:59Z,20260705T135649Z,1964,0.5993152312,1.0000000000,0.8304809181,0.2000000000,0.6089743590,0.6472711453
2026-07-05T13:56:59Z,20260705T135649Z,1965,0.7677204728,1.0000000000,0.9665245833,0.5000000000,0.6169230769,0.7777734964
2026-07-05T13:56:59Z,20260705T135649Z,1966,0.9999999953,1.0000000000,1.0000000000,1.0000000000,0.7402564103,0.9610384604
2026-07-05T13:56:59Z,20260705T135649Z,1967,0.7677204728,1.0000000000,0.9665245833,0.5000000000,0.6739743590,0.7863311887
2026-07-05T13:56:59Z,20260705T135649Z,1968,0.6666666667,1.0000000000,0.9526695251,0.3333333333,0.6550000000,0.7221172384
2026-07-05T13:56:59Z,20260705T135649Z,1969,1.0000000000,1.0000000000,1.0000000000,1.0000000000,0.7808974359,0.9671346154
2026-07-05T13:56:59Z,20260705T135649Z,1970,0.6666666667,1.0000000000,0.8405601341,0.3333333333,0.7421794872,0.7127722832
2026-07-05T13:56:59Z,20260705T135649Z,1971,0.6691512980,1.0000000000,0.1396294256,0.5000000000,0.4837179487,0.5677714019
2026-07-05T13:56:59Z,20260705T135649Z,1972,0.7475513658,1.0000000000,0.8490223852,0.5000000000,1.0000000000,0.8066923185
2026-07-05T13:56:59Z,20260705T135649Z,1973,0.6251540513,1.0000000000,0.7195129066,0.2500000000,0.4808974359,0.6223257095
2026-07-05T13:56:59Z,20260705T135649Z,1974,0.6820617591,1.0000000000,0.6981745978,0.5000000000,0.7019230769,0.7154388209
2026-07-05T13:56:59Z,20260705T135649Z,1975,0.7221149473,1.0000000000,0.8498246549,0.3333333333,0.7752564103,0.7334487960
2026-07-05T13:56:59Z,20260705T135649Z,1976,0.6968385816,1.0000000000,0.1111997756,0.5000000000,0.8261538462,0.6203726774
2026-07-05T13:56:59Z,20260705T135649Z,1977,0.6666666667,1.0000000000,0.8839199776,0.3333333333,0.8585897436,0.7389057904
2026-07-05T13:56:59Z,20260705T135649Z,1978,0.6666666667,1.0000000000,0.8405601341,0.3333333333,0.8289743590,0.7257915140
2026-07-05T13:56:59Z,20260705T135649Z,1979,1.0000000000,1.0000000000,0.9144883142,1.0000000000,0.8992307692,0.9677822782
2026-07-05T13:56:59Z,20260705T135649Z,1980,0.7525263750,1.0000000000,0.9377784458,0.5000000000,0.8142307692,0.7978218983
2026-07-05T13:56:59Z,20260705T135649Z,1981,0.8225951886,1.0000000000,0.9626090465,0.7500000000,0.5874358974,0.8362859911
2026-07-05T13:56:59Z,20260705T135649Z,1982,0.8048689313,1.0000000000,0.9646740990,0.6666666667,0.6773076923,0.8290815398
2026-07-05T13:56:59Z,20260705T135649Z,1983,0.6623729938,1.0000000000,0.5494557454,0.3333333333,0.6587179487,0.6409587565
2026-07-05T13:56:59Z,20260705T135649Z,1984,0.7256631247,1.0000000000,0.5592713342,0.3333333333,0.8284615385,0.6842059455
2026-07-05T13:56:59Z,20260705T135649Z,1985,0.6257641301,1.0000000000,0.9399182504,0.2500000000,0.6135897436,0.6864631442
2026-07-05T13:56:59Z,20260705T135649Z,1986,0.7233498105,1.0000000000,0.9500849642,0.3333333333,0.6037179487,0.7280788044
2026-07-05T13:56:59Z,20260705T135649Z,1987,0.7677204728,1.0000000000,0.9665245833,0.5000000000,0.5735897436,0.7712734964
2026-07-05T13:56:59Z,20260705T135649Z,1988,0.9291181088,1.0000000000,0.4078095003,1.0000000000,0.7535897436,0.8268798888
2026-07-05T13:56:59Z,20260705T135649Z,1989,0.9291181088,1.0000000000,0.6320962004,1.0000000000,0.7100000000,0.8651987673
2026-07-05T13:56:59Z,20260705T135649Z,1990,0.6666666667,1.0000000000,0.6405940875,0.3333333333,0.8089743590,0.6827983047
2026-07-05T13:56:59Z,20260705T135649Z,1991,0.6666666667,1.0000000000,0.7401924071,0.3333333333,0.6635897436,0.6809102763
2026-07-05T13:56:59Z,20260705T135649Z,1992,0.7677204728,1.0000000000,0.9665245833,0.5000000000,0.7556410256,0.7985811887
2026-07-05T13:56:59Z,20260705T135649Z,1993,0.9999999953,1.0000000000,1.0000000000,1.0000000000,0.7791025641,0.9668653834
2026-07-05T13:56:59Z,20260705T135649Z,1994,0.9999999953,1.0000000000,1.0000000000,1.0000000000,0.7889743590,0.9683461527
2026-07-05T13:56:59Z,20260705T135649Z,1995,0.7221149473,1.0000000000,0.8292275133,0.3333333333,0.7370512821,0.7235985985
2026-07-05T13:56:59Z,20260705T135649Z,1996,0.8308156933,1.0000000000,0.8961891502,0.6666666667,0.6571794872,0.8188520098
2026-07-05T13:56:59Z,20260705T135649Z,1997,0.8308156933,1.0000000000,0.9384884944,0.6666666667,0.8100000000,0.8502349555
2026-07-05T13:56:59Z,20260705T135649Z,1998,0.7221149473,1.0000000000,0.8757779321,0.3333333333,0.7382051282,0.7330817591
2026-07-05T13:56:59Z,20260705T135649Z,1999,0.6910978712,1.0000000000,0.5456289483,0.2000000000,0.6917948718,0.6256694882
2026-07-05T13:56:59Z,20260705T135649Z,2000,0.7737924475,1.0000000000,0.7680607073,0.4000000000,0.7685897436,0.7423487149
2026-07-05T13:56:59Z,20260705T135649Z,2001,0.7811646086,1.0000000000,0.6686700191,0.5000000000,0.7758974359,0.7454097713
2026-07-05T13:56:59Z,20260705T135649Z,2002,0.6864129653,1.0000000000,0.3608961839,0.5000000000,0.8137179487,0.6658401704
2026-07-05T13:56:59Z,20260705T135649Z,2003,0.7677204728,1.0000000000,0.9665245833,0.5000000000,0.8019230769,0.8055234964
2026-07-05T13:56:59Z,20260705T135649Z,2004,0.9999999953,1.0000000000,1.0000000000,1.0000000000,0.8033333333,0.9704999988
2026-07-05T13:56:59Z,20260705T135649Z,2005,0.9999999953,1.0000000000,1.0000000000,1.0000000000,0.7984615385,0.9697692296
2026-07-05T13:56:59Z,20260705T135649Z,2006,0.9999999953,1.0000000000,1.0000000000,1.0000000000,0.8167948718,0.9725192296
2026-07-05T13:56:59Z,20260705T135649Z,2007,0.7233498105,1.0000000000,0.9500849642,0.3333333333,0.6870512821,0.7405788044
2026-07-05T13:56:59Z,20260705T135649Z,2008,0.7233498105,1.0000000000,0.9500849642,0.3333333333,0.7708974359,0.7531557275
2026-07-05T13:56:59Z,20260705T135649Z,2009,0.9999999953,1.0000000000,1.0000000000,1.0000000000,0.8256410256,0.9738461527
2026-07-05T13:56:59Z,20260705T135649Z,2010,0.9999999953,1.0000000000,1.0000000000,1.0000000000,0.8307692308,0.9746153834
2026-07-05T13:56:59Z,20260705T135649Z,2011,0.7677204728,1.0000000000,0.8888002244,0.5000000000,0.8156410256,0.7920363169
2026-07-05T13:56:59Z,20260705T135649Z,2012,1.0000000000,1.0000000000,0.9999999905,1.0000000000,0.7473076923,0.9620961519
2026-07-05T13:56:59Z,20260705T135649Z,2013,1.0000000000,1.0000000000,0.9222756411,1.0000000000,0.8155128205,0.9567820513
2026-07-05T13:56:59Z,20260705T135649Z,2014,0.8048689313,1.0000000000,0.9646740990,0.6666666667,0.7991025641,0.8473507706
2026-07-05T13:56:59Z,20260705T135649Z,2015,0.8048689313,1.0000000000,0.9646740990,0.6666666667,0.7155128205,0.8348123090
2026-07-05T13:56:59Z,20260705T135649Z,2016,0.7295870522,1.0000000000,0.7621984439,0.5000000000,0.7721794872,0.7506633749
2026-07-05T13:56:59Z,20260705T135649Z,2017,0.7886245614,1.0000000000,0.7265155816,0.5000000000,0.8373076923,0.7680554105
2026-07-05T13:56:59Z,20260705T135649Z,2018,0.7210006818,1.0000000000,0.5270078078,0.5000000000,0.6606410256,0.6847478859
2026-07-05T13:56:59Z,20260705T135649Z,2019,0.8461736740,1.0000000000,0.9577568210,0.7500000000,0.7771794872,0.8696717058
2026-07-05T13:56:59Z,20260705T135649Z,2020,0.7778850527,1.0000000000,0.8350068611,0.6666666667,0.7844871795,0.8124790457
2026-07-05T13:56:59Z,20260705T135649Z,2021,0.9291181088,1.0000000000,0.1894336775,1.0000000000,0.6056410256,0.7610124165
2026-07-05T13:56:59Z,20260705T135649Z,2022,1.0000000000,1.0000000000,1.0000000000,1.0000000000,0.5417948718,0.9312692308
2026-07-05T13:56:59Z,20260705T135649Z,2023,0.7677204728,1.0000000000,0.9665245833,0.5000000000,0.5706410256,0.7708311887
2026-07-05T13:56:59Z,20260705T135649Z,2024,0.7677204728,1.0000000000,0.9665245833,0.5000000000,0.6057692308,0.7761004195
2026-07-05T13:56:59Z,20260705T135649Z,2025,0.7677204728,1.0000000000,0.9665245833,0.5000000000,0.5347435897,0.7654465733
2026-07-05T13:56:59Z,20260705T135649Z,2026,0.9999999953,1.0000000000,1.0000000000,1.0000000000,0.6019230769,0.9402884604
2026-07-05T13:56:59Z,20260705T135649Z,2027,0.9999999953,1.0000000000,1.0000000000,1.0000000000,0.8523076923,0.9778461527
2026-07-05T13:56:59Z,20260705T135649Z,2028,0.6968385816,1.0000000000,0.2577621168,0.5000000000,0.6488461538,0.6230889918
2026-07-05T13:56:59Z,20260705T135649Z,2029,1.0000000000,1.0000000000,0.8981961439,1.0000000000,0.8693589744,0.9600430749
2026-07-05T13:56:59Z,20260705T135649Z,2030,1.0000000000,1.0000000000,0.8775171560,1.0000000000,0.8171794872,0.9480803543
2026-07-05T13:56:59Z,20260705T135649Z,2031,1.0000000000,1.0000000000,0.8286426520,1.0000000000,0.7773076923,0.9323246842
2026-07-05T13:56:59Z,20260705T135649Z,2032,0.7677204728,1.0000000000,0.7951672353,0.5000000000,0.8191025641,0.7738289499
2026-07-05T13:56:59Z,20260705T135649Z,2033,0.7677204728,1.0000000000,0.6256659164,0.5000000000,0.7852564103,0.7348517630
2026-07-05T13:56:59Z,20260705T135649Z,2034,1.0000000000,1.0000000000,0.7816241771,1.0000000000,0.7758974359,0.9227094508
2026-07-05T13:56:59Z,20260705T135649Z,2035,0.8308156933,1.0000000000,0.9455495523,0.6666666667,0.6853846154,0.8329548594
2026-07-05T13:56:59Z,20260705T135649Z,2036,0.8308156933,1.0000000000,0.7998200406,0.6666666667,0.7621794872,0.8153281879
2026-07-05T13:56:59Z,20260705T135649Z,2037,1.0000000000,1.0000000000,0.8415054189,1.0000000000,0.8110256410,0.9399549299
2026-07-05T13:56:59Z,20260705T135649Z,2038,1.0000000000,1.0000000000,0.7816241771,1.0000000000,0.7676923077,0.9214786816
2026-07-05T13:56:59Z,20260705T135649Z,2039,0.8308156933,1.0000000000,0.6980980813,0.6666666667,0.8947435897,0.8148684114
2026-07-05T13:56:59Z,20260705T135649Z,2040,0.8308156933,1.0000000000,0.9626244068,0.6666666667,0.7785897436,0.8503505995
2026-07-05T13:56:59Z,20260705T135649Z,2041,0.8308156933,1.0000000000,0.9626244068,0.6666666667,0.7520512821,0.8463698303
2026-07-05T13:56:59Z,20260705T135649Z,2042,1.0000000000,1.0000000000,0.8328192750,1.0000000000,0.8492307692,0.9439484704
2026-07-05T13:56:59Z,20260705T135649Z,2043,0.8308156933,1.0000000000,0.8136414475,0.6666666667,0.7276923077,0.8129193923
2026-07-05T13:56:59Z,20260705T135649Z,2044,1.0000000000,1.0000000000,0.6961124913,1.0000000000,0.8007692308,0.9093378829
2026-07-05T13:56:59Z,20260705T135649Z,2045,0.8308156933,1.0000000000,0.8771315338,0.6666666667,0.7041025641,0.8220789480
2026-07-05T13:56:59Z,20260705T135649Z,2046,0.8308156933,1.0000000000,0.7939165881,0.6666666667,0.7688461538,0.8151474973
2026-07-05T13:56:59Z,20260705T135649Z,2047,1.0000000000,1.0000000000,0.9222756411,1.0000000000,0.6805128205,0.9365320513
2026-07-05T13:56:59Z,20260705T135649Z,2048,1.0000000000,1.0000000000,1.0000000000,1.0000000000,0.8658974359,0.9798846154
2026-07-05T13:56:59Z,20260705T135649Z,2049,0.8308156933,1.0000000000,0.9446321591,0.6666666667,0.8225641026,0.8533483039
2026-07-05T13:56:59Z,20260705T135649Z,2050,0.8308156933,1.0000000000,0.9626244068,0.6666666667,0.6970512821,0.8381198303
2026-07-05T13:56:59Z,20260705T135649Z,2051,0.5826023359,1.0000000000,0.0702292651,0.2500000000,0.8275641026,0.5338310524
2026-07-05T13:56:59Z,20260705T135649Z,2052,0.6257641301,1.0000000000,0.6227422377,0.2500000000,0.7037179487,0.6365471724
2026-07-05T13:56:59Z,20260705T135649Z,2053,0.9291181088,1.0000000000,0.7486681672,1.0000000000,0.8185897436,0.9048016222
2026-07-05T13:56:59Z,20260705T135649Z,2054,0.8178906433,1.0000000000,0.5387460808,0.6666666667,0.6788461538,0.7473821334
2026-07-05T13:56:59Z,20260705T135649Z,2055,0.7107144013,1.0000000000,0.8463038518,0.5000000000,0.8146153846,0.7691316784
2026-07-05T13:56:59Z,20260705T135649Z,2056,0.7778850527,1.0000000000,0.9254705402,0.6666666667,0.6639743590,0.8124948584
2026-07-05T13:56:59Z,20260705T135649Z,2057,0.7677204728,1.0000000000,0.9665245833,0.5000000000,0.6543589744,0.7833888810
2026-07-05T13:56:59Z,20260705T135649Z,2058,0.7677204728,1.0000000000,0.8888002244,0.5000000000,0.8387179487,0.7954978554
2026-07-05T13:56:59Z,20260705T135649Z,2059,0.8308156933,1.0000000000,0.6418799808,0.6666666667,0.6305128205,0.7639901759
2026-07-05T13:56:59Z,20260705T135649Z,2060,0.8308156933,1.0000000000,0.6861489844,0.6666666667,0.6185897436,0.7710555151
2026-07-05T13:56:59Z,20260705T135649Z,2061,1.0000000000,1.0000000000,0.8775171560,1.0000000000,0.7882051282,0.9437342004
2026-07-05T13:56:59Z,20260705T135649Z,2062,0.7677204728,1.0000000000,0.9665245833,0.5000000000,0.8291025641,0.8096004195
2026-07-05T13:56:59Z,20260705T135649Z,2063,0.7677204728,1.0000000000,0.5634510349,0.5000000000,0.7524358974,0.7174857098
2026-07-05T13:56:59Z,20260705T135649Z,2064,0.8308156933,1.0000000000,0.7264618900,0.6666666667,0.7906410256,0.8049257885
2026-07-05T13:56:59Z,20260705T135649Z,2065,0.8308156933,1.0000000000,0.8614710364,0.6666666667,0.7334615385,0.8233506947
2026-07-05T13:56:59Z,20260705T135649Z,2066,0.6666666667,1.0000000000,0.9220336936,0.3333333333,0.7717948718,0.7335093028
2026-07-05T13:56:59Z,20260705T135649Z,2067,0.8308156933,1.0000000000,0.9384884944,0.6666666667,0.8103846154,0.8502926478
2026-07-05T13:56:59Z,20260705T135649Z,2068,1.0000000000,1.0000000000,0.9565934266,1.0000000000,0.8388461538,0.9671456084
2026-07-05T13:56:59Z,20260705T135649Z,2069,0.8308156933,1.0000000000,0.9446321591,0.6666666667,0.8355128205,0.8552906115
2026-07-05T13:56:59Z,20260705T135649Z,2070,0.6251540513,1.0000000000,0.7478680893,0.2500000000,0.7467948718,0.6678813614
2026-07-05T13:56:59Z,20260705T135649Z,2071,0.8327150314,1.0000000000,0.8449494320,0.6000000000,0.7188461538,0.8049955673
2026-07-05T13:56:59Z,20260705T135649Z,2072,0.7577939162,1.0000000000,0.8859872335,0.6000000000,0.6152564103,0.7789343873
2026-07-05T13:56:59Z,20260705T135649Z,2073,0.6257641301,1.0000000000,0.8364016295,0.2500000000,0.7147435897,0.6809328969
2026-07-05T13:56:59Z,20260705T135649Z,2074,0.8308156933,1.0000000000,0.8142116903,0.6666666667,0.8907692308,0.8374949793
2026-07-05T13:56:59Z,20260705T135649Z,2075,0.7221149473,1.0000000000,0.6610115682,0.3333333333,0.7755128205,0.6957246402
2026-07-05T13:56:59Z,20260705T135649Z,2076,0.7677204728,1.0000000000,0.9665245833,0.5000000000,0.8120512821,0.8070427272
2026-07-05T13:56:59Z,20260705T135649Z,2077,0.7677204728,1.0000000000,0.9665245833,0.5000000000,0.8721794872,0.8160619579
2026-07-05T13:56:59Z,20260705T135649Z,2078,0.9999999953,1.0000000000,1.0000000000,1.0000000000,0.7447435897,0.9617115373
2026-07-05T13:56:59Z,20260705T135649Z,2079,0.7677204728,1.0000000000,0.9665245833,0.5000000000,0.7907692308,0.8038504195
2026-07-05T13:56:59Z,20260705T135649Z,2080,0.6666666667,1.0000000000,0.9526695251,0.3333333333,0.5741025641,0.7099826230
2026-07-05T13:56:59Z,20260705T135649Z,2081,0.7677204728,1.0000000000,0.9665245833,0.5000000000,0.7874358974,0.8033504195
2026-07-05T13:56:59Z,20260705T135649Z,2082,0.7011185094,1.0000000000,0.8126754436,0.2500000000,0.8071794872,0.7088916392
2026-07-05T13:56:59Z,20260705T135649Z,2083,0.7911717252,1.0000000000,0.8768984150,0.5000000000,0.8208974359,0.7963072297
2026-07-05T13:56:59Z,20260705T135649Z,2084,1.0000000000,1.0000000000,0.9999999905,1.0000000000,0.8020512821,0.9703076904
2026-07-05T13:56:59Z,20260705T135649Z,2085,1.0000000000,1.0000000000,0.9630288418,1.0000000000,0.7570512821,0.9561634607
2026-07-05T13:56:59Z,20260705T135649Z,2086,1.0000000000,1.0000000000,1.0000000000,1.0000000000,0.7783333333,0.9667500000
2026-07-05T13:56:59Z,20260705T135649Z,2087,0.6666666667,1.0000000000,0.9526695251,0.3333333333,0.6475641026,0.7210018537
2026-07-05T13:56:59Z,20260705T135649Z,2088,0.7677204728,1.0000000000,0.9665245833,0.5000000000,0.6657692308,0.7851004195
2026-07-05T13:56:59Z,20260705T135649Z,2089,0.7677204728,1.0000000000,0.9665245833,0.5000000000,0.6266666667,0.7792350349
2026-07-05T13:56:59Z,20260705T135649Z,2090,0.7677204728,1.0000000000,0.9665245833,0.5000000000,0.5479487179,0.7674273425
2026-07-05T13:56:59Z,20260705T135649Z,2091,0.9999999953,1.0000000000,1.0000000000,1.0000000000,0.6689743590,0.9503461527
2026-07-05T13:56:59Z,20260705T135649Z,2092,0.7677204728,1.0000000000,0.9665245833,0.5000000000,0.5942307692,0.7743696502
2026-07-05T13:56:59Z,20260705T135649Z,2093,0.8266479091,1.0000000000,0.5249640603,0.6666666667,0.7208974359,0.7531227381
2026-07-05T13:56:59Z,20260705T135649Z,2094,0.9694646303,1.0000000000,0.7867705578,1.0000000000,0.7074358974,0.9058356537
2026-07-05T13:56:59Z,20260705T135649Z,2095,0.9389292606,1.0000000000,0.6907177448,1.0000000000,0.6387179487,0.8686835564
2026-07-05T13:56:59Z,20260705T135649Z,2096,0.8308156933,1.0000000000,0.8926697294,0.6666666667,0.7024358974,0.8249365871
2026-07-05T13:56:59Z,20260705T135649Z,2097,0.8178906433,1.0000000000,0.7761405268,0.6666666667,0.7826923077,0.8104379457
2026-07-05T13:56:59Z,20260705T135649Z,2098,0.7496918975,1.0000000000,0.9063036486,0.5000000000,0.7188461538,0.7765106272
2026-07-05T13:56:59Z,20260705T135649Z,2099,0.8308156933,1.0000000000,0.9408882989,0.6666666667,0.7211538462,0.8373879934
2026-07-05T13:56:59Z,20260705T135649Z,2100,0.8308156933,1.0000000000,0.9440731031,0.6666666667,0.8138461538,0.8519288004
2026-07-05T13:56:59Z,20260705T135649Z,2101,0.7739595825,1.0000000000,0.7155796538,0.6000000000,0.6108974359,0.7482404418
2026-07-05T13:56:59Z,20260705T135649Z,2102,0.8333333333,1.0000000000,0.7633854915,0.6000000000,0.8387179487,0.8068181239
2026-07-05T13:56:59Z,20260705T135649Z,2103,0.9694646303,1.0000000000,0.7366198408,1.0000000000,0.7092307692,0.8960747411
2026-07-05T13:56:59Z,20260705T135649Z,2104,0.8296522562,1.0000000000,0.8035074384,0.7500000000,0.7700000000,0.8336145517
2026-07-05T13:56:59Z,20260705T135649Z,2105,0.6937816918,1.0000000000,0.9208946666,0.4000000000,0.6528205128,0.7355474332
2026-07-05T13:56:59Z,20260705T135649Z,2106,0.5485426810,1.0000000000,0.6177212331,0.1666666667,0.7374358974,0.6046286348
2026-07-05T13:56:59Z,20260705T135649Z,2107,0.8755716738,1.0000000000,0.9353608262,0.8000000000,0.7741025641,0.8820804683
2026-07-05T13:56:59Z,20260705T135649Z,2108,0.8464779450,1.0000000000,0.7186046256,0.8333333333,0.6303846154,0.8165647703
2026-07-05T13:56:59Z,20260705T135649Z,2109,0.6824562801,1.0000000000,0.7598153622,0.1666666667,0.7228205128,0.6643335527
2026-07-05T13:56:59Z,20260705T135649Z,2110,0.9999999953,1.0000000000,1.0000000000,1.0000000000,0.7588461538,0.9638269219
2026-07-05T13:56:59Z,20260705T135649Z,2111,0.9999999953,1.0000000000,1.0000000000,1.0000000000,0.7453846154,0.9618076911
2026-07-05T13:56:59Z,20260705T135649Z,2112,0.7677204728,1.0000000000,0.9665245833,0.5000000000,0.8688461538,0.8155619579
2026-07-05T13:56:59Z,20260705T135649Z,2113,0.7677204728,1.0000000000,0.9665245833,0.5000000000,0.7939743590,0.8043311887
2026-07-05T13:56:59Z,20260705T135649Z,2114,0.9999999953,1.0000000000,1.0000000000,1.0000000000,0.8070512821,0.9710576911
2026-07-05T13:56:59Z,20260705T135649Z,2115,0.7677204728,1.0000000000,0.9665245833,0.5000000000,0.7087179487,0.7915427272
2026-07-05T13:56:59Z,20260705T135649Z,2116,0.6666666667,1.0000000000,0.9526695251,0.3333333333,0.7624358974,0.7382326230
2026-07-05T13:56:59Z,20260705T135649Z,2117,0.7677204728,1.0000000000,0.9665245833,0.5000000000,0.6534615385,0.7832542656
2026-07-05T13:56:59Z,20260705T135649Z,2118,0.7221149473,1.0000000000,0.8757779321,0.3333333333,0.8206410256,0.7454471438
2026-07-05T13:56:59Z,20260705T135649Z,2119,0.7496918975,1.0000000000,0.9447807564,0.5000000000,0.6925641026,0.7802637410
2026-07-05T13:56:59Z,20260705T135649Z,2120,1.0000000000,1.0000000000,0.9565934266,1.0000000000,0.7674358974,0.9564340699
2026-07-05T13:56:59Z,20260705T135649Z,2121,0.9694646303,1.0000000000,0.9607964412,1.0000000000,0.7939743590,0.9536215997
2026-07-05T13:56:59Z,20260705T135649Z,2122,0.6972020364,1.0000000000,0.8770383728,0.5000000000,0.6170512821,0.7422658760
2026-07-05T13:56:59Z,20260705T135649Z,2123,0.9389292606,1.0000000000,0.9122925691,1.0000000000,0.6319230769,0.9119792905
2026-07-05T13:56:59Z,20260705T135649Z,2124,0.7778850527,1.0000000000,0.9254705402,0.6666666667,0.8123076923,0.8347448584
2026-07-05T13:56:59Z,20260705T135649Z,2125,0.7677204728,1.0000000000,0.9665245833,0.5000000000,0.8255128205,0.8090619579
2026-07-05T13:56:59Z,20260705T135649Z,2126,0.7221149473,1.0000000000,0.8498246549,0.3333333333,0.7606410256,0.7312564883
2026-07-05T13:56:59Z,20260705T135649Z,2127,0.5800528066,1.0000000000,0.8418932657,0.2000000000,0.7194871795,0.6613149317
2026-07-05T13:56:59Z,20260705T135649Z,2128,0.6257641301,1.0000000000,0.9399182504,0.2500000000,0.6442307692,0.6910592980
2026-07-05T13:56:59Z,20260705T135649Z,2129,0.7677204728,1.0000000000,0.9665245833,0.5000000000,0.6374358974,0.7808504195
2026-07-05T13:56:59Z,20260705T135649Z,2130,0.7677204728,1.0000000000,0.9665245833,0.5000000000,0.6996153846,0.7901773425
2026-07-05T13:56:59Z,20260705T135649Z,2131,1.0000000000,1.0000000000,0.9630288418,1.0000000000,0.7689743590,0.9579519222
2026-07-05T13:56:59Z,20260705T135649Z,2132,0.7677204728,1.0000000000,0.9295534250,0.5000000000,0.8084615385,0.7991100340
2026-07-05T13:56:59Z,20260705T135649Z,2133,0.7677204728,1.0000000000,0.9295534250,0.5000000000,0.6937179487,0.7818984955
2026-07-05T13:56:59Z,20260705T135649Z,2134,1.0000000000,1.0000000000,0.9592467994,1.0000000000,0.7055128205,0.9476762830
2026-07-05T13:56:59Z,20260705T135649Z,2135,0.7295870522,1.0000000000,0.7142218975,0.5000000000,0.8170512821,0.7477988349
2026-07-05T13:56:59Z,20260705T135649Z,2136,0.9720464599,1.0000000000,0.8062193155,1.0000000000,0.7057692308,0.9101208627
2026-07-05T13:56:59Z,20260705T135649Z,2137,0.6371829527,1.0000000000,0.5276215087,0.4000000000,0.8176923077,0.6674738861
2026-07-05T13:56:59Z,20260705T135649Z,2138,0.6052833701,1.0000000000,0.8182235189,0.3333333333,0.5938461538,0.6707091360
2026-07-05T13:56:59Z,20260705T135649Z,2139,0.7123478221,1.0000000000,0.6287329276,0.5000000000,0.6289743590,0.6981796949
2026-07-05T13:56:59Z,20260705T135649Z,2140,0.8450801842,1.0000000000,0.6160701047,0.8000000000,0.6689743590,0.7948302208
2026-07-05T13:56:59Z,20260705T135649Z,2141,0.7772386593,1.0000000000,0.7253851479,0.6666666667,0.8243589744,0.7963738739
2026-07-05T13:56:59Z,20260705T135649Z,2142,0.7963678734,1.0000000000,0.7093885271,0.6000000000,0.6369230769,0.7565081353
2026-07-05T13:56:59Z,20260705T135649Z,2143,0.6972020364,1.0000000000,0.9176449982,0.5000000000,0.6901282051,0.7613487395
2026-07-05T13:56:59Z,20260705T135649Z,2144,0.7221149473,1.0000000000,0.9167411894,0.3333333333,0.6078205128,0.7217167183
2026-07-05T13:56:59Z,20260705T135649Z,2145,0.9999999953,1.0000000000,1.0000000000,1.0000000000,0.6938461538,0.9540769219
2026-07-05T13:56:59Z,20260705T135649Z,2146,0.7677204728,1.0000000000,0.9665245833,0.5000000000,0.6953846154,0.7895427272
2026-07-05T13:56:59Z,20260705T135649Z,2147,0.8048689313,1.0000000000,0.9646740990,0.6666666667,0.7637179487,0.8420430783
2026-07-05T13:56:59Z,20260705T135649Z,2148,0.5800528066,1.0000000000,0.6481796349,0.2000000000,0.7421794872,0.6259760517
2026-07-05T13:56:59Z,20260705T135649Z,2149,0.6251540513,1.0000000000,0.6499334366,0.2500000000,0.7555128205,0.6496021232
2026-07-05T13:56:59Z,20260705T135649Z,2150,1.0000000000,1.0000000000,1.0000000000,1.0000000000,0.6800000000,0.9520000000
2026-07-05T13:56:59Z,20260705T135649Z,2151,0.6186566985,1.0000000000,0.4358293655,0.3333333333,0.6258974359,0.6023813298
2026-07-05T13:56:59Z,20260705T135649Z,2152,0.6287422769,1.0000000000,0.1652479829,0.4000000000,0.8456410256,0.5970813196
2026-07-05T13:56:59Z,20260705T135649Z,2153,0.6477078140,1.0000000000,0.2146776508,0.5000000000,0.6774358974,0.6064778683
2026-07-05T13:56:59Z,20260705T135649Z,2154,0.7911717252,1.0000000000,0.9052184800,0.5000000000,0.6742307692,0.7799712427
2026-07-05T13:56:59Z,20260705T135649Z,2155,0.8048689313,1.0000000000,0.8743800403,0.6666666667,0.8441025641,0.8360419588
2026-07-05T13:56:59Z,20260705T135649Z,2156,0.6257641301,1.0000000000,0.7377117931,0.2500000000,0.8641025641,0.6835987758
2026-07-05T13:56:59Z,20260705T135649Z,2157,0.7699465438,1.0000000000,0.8719295391,0.4000000000,0.8223076923,0.7702186976
2026-07-05T13:56:59Z,20260705T135649Z,2158,0.7871944139,1.0000000000,0.6683762260,0.6666666667,0.7971794872,0.7833841051
2026-07-05T13:56:59Z,20260705T135649Z,2159,0.7163546253,1.0000000000,0.4670700762,0.8000000000,0.6301282051,0.7270219023
2026-07-05T13:56:59Z,20260705T135649Z,2160,0.7769957847,1.0000000000,0.8643232560,0.7500000000,0.5106410256,0.7937097512
2026-07-05T13:56:59Z,20260705T135649Z,2161,0.9694646303,1.0000000000,0.9173898678,1.0000000000,0.5992307692,0.9157287465
2026-07-05T13:56:59Z,20260705T135649Z,2162,0.8048689313,1.0000000000,0.9502376885,0.6666666667,0.5873076923,0.8126942577
2026-07-05T13:56:59Z,20260705T135649Z,2163,0.5993152312,1.0000000000,0.6148919770,0.2000000000,0.8342307692,0.6379418186
2026-07-05T13:56:59Z,20260705T135649Z,2164,0.7104165758,1.0000000000,0.6242468845,0.5000000000,0.7261538462,0.7113765978
2026-07-05T13:56:59Z,20260705T135649Z,2165,0.7677204728,1.0000000000,0.9665245833,0.5000000000,0.5473076923,0.7673311887
2026-07-05T13:56:59Z,20260705T135649Z,2166,0.7677204728,1.0000000000,0.8888002244,0.5000000000,0.8007692308,0.7898055477
2026-07-05T13:56:59Z,20260705T135649Z,2167,0.8048689313,1.0000000000,0.9163663756,0.6666666667,0.8007692308,0.8379392259
2026-07-05T13:56:59Z,20260705T135649Z,2168,0.7149010414,1.0000000000,0.9501233359,0.5000000000,0.7908974359,0.7873845429
2026-07-05T13:56:59Z,20260705T135649Z,2169,0.6972020364,1.0000000000,0.9176449982,0.5000000000,0.7524358974,0.7706948934
2026-07-05T13:56:59Z,20260705T135649Z,2170,0.8308156933,1.0000000000,0.9478320785,0.6666666667,0.8389743590,0.8564498262
2026-07-05T13:56:59Z,20260705T135649Z,2171,0.7525263750,1.0000000000,0.8726359009,0.5000000000,0.8151282051,0.7849280047
2026-07-05T13:56:59Z,20260705T135649Z,2172,0.8409833805,1.0000000000,0.9213924722,0.8000000000,0.6121794872,0.8463512626
2026-07-05T13:56:59Z,20260705T135649Z,2173,0.7963678734,1.0000000000,0.9229315923,0.6000000000,0.6002564103,0.7937167484
2026-07-05T13:56:59Z,20260705T135649Z,2174,0.6643597294,1.0000000000,0.5919285679,0.4000000000,0.7185897436,0.6722641075
2026-07-05T13:56:59Z,20260705T135649Z,2175,0.6363529993,1.0000000000,0.6096373588,0.3333333333,0.7183333333,0.6554323883
2026-07-05T13:56:59Z,20260705T135649Z,2176,0.6929273934,1.0000000000,0.7568034939,0.4000000000,0.8202564103,0.7276310087
2026-07-05T13:56:59Z,20260705T135649Z,2177,0.7309729266,1.0000000000,0.9355157590,0.5000000000,0.8388461538,0.7956733065
2026-07-05T13:56:59Z,20260705T135649Z,2178,0.7221149473,1.0000000000,0.9167411894,0.3333333333,0.7957692308,0.7499090260
2026-07-05T13:56:59Z,20260705T135649Z,2179,0.7233498105,1.0000000000,0.9500849642,0.3333333333,0.8880769231,0.7707326506
2026-07-05T13:56:59Z,20260705T135649Z,2180,0.6959132760,1.0000000000,0.8276920391,0.6000000000,0.7291025641,0.7688821114
2026-07-05T13:56:59Z,20260705T135649Z,2181,0.6822064905,1.0000000000,0.8214410979,0.4000000000,0.6825641026,0.7172244576
2026-07-05T13:56:59Z,20260705T135649Z,2182,0.6666666667,1.0000000000,0.9526695251,0.3333333333,0.6533333333,0.7218672384
2026-07-05T13:56:59Z,20260705T135649Z,2183,0.6251540513,1.0000000000,0.8260550879,0.2500000000,0.8105128205,0.6930764535
2026-07-05T13:56:59Z,20260705T135649Z,2184,0.7496918975,1.0000000000,0.8933266677,0.5000000000,0.7620512821,0.7803960002
2026-07-05T13:56:59Z,20260705T135649Z,2185,0.7221149473,1.0000000000,0.9167411894,0.3333333333,0.7743589744,0.7466974875
2026-07-05T13:56:59Z,20260705T135649Z,2186,0.7221149473,1.0000000000,0.8292275133,0.3333333333,0.6723076923,0.7138870600
2026-07-05T13:56:59Z,20260705T135649Z,2187,0.8308156933,1.0000000000,0.9316952934,0.6666666667,0.6653846154,0.8271840076
2026-07-05T13:56:59Z,20260705T135649Z,2188,0.7778850527,1.0000000000,0.8210111893,0.6666666667,0.7974358974,0.8116222190
2026-07-05T13:56:59Z,20260705T135649Z,2189,0.8461736740,1.0000000000,0.7996551797,0.7500000000,0.8769230769,0.8530129160
2026-07-05T13:56:59Z,20260705T135649Z,2190,0.7911717252,1.0000000000,0.8977850879,0.5000000000,0.8206410256,0.8004461027
2026-07-05T13:56:59Z,20260705T135649Z,2191,0.8308156933,1.0000000000,0.9011275871,0.6666666667,0.6724358974,0.8221281587
2026-07-05T13:56:59Z,20260705T135649Z,2192,0.7778850527,1.0000000000,0.5702950069,0.6666666667,0.6523076923,0.7397097517
2026-07-05T13:56:59Z,20260705T135649Z,2193,0.6666666667,1.0000000000,0.7925436939,0.3333333333,0.5684615385,0.6771113029
2026-07-05T13:56:59Z,20260705T135649Z,2194,0.7677204728,1.0000000000,0.9665245833,0.5000000000,0.7439743590,0.7968311887
2026-07-05T13:56:59Z,20260705T135649Z,2195,0.7677204728,1.0000000000,0.9665245833,0.5000000000,0.7538461538,0.7983119579
2026-07-05T13:56:59Z,20260705T135649Z,2196,0.8048689313,1.0000000000,0.9646740990,0.6666666667,0.6084615385,0.8187546167
2026-07-05T13:56:59Z,20260705T135649Z,2197,0.8048689313,1.0000000000,0.9502376885,0.6666666667,0.7373076923,0.8351942577
2026-07-05T13:56:59Z,20260705T135649Z,2198,0.6666666667,1.0000000000,0.9220336936,0.3333333333,0.7141025641,0.7248554567
2026-07-05T13:56:59Z,20260705T135649Z,2199,0.6666666667,1.0000000000,0.9526695251,0.3333333333,0.7258974359,0.7327518537
2026-07-05T13:56:59Z,20260705T135649Z,2200,0.6666666667,1.0000000000,0.9526695251,0.3333333333,0.7538461538,0.7369441614
2026-07-05T13:56:59Z,20260705T135649Z,2201,0.7778850527,1.0000000000,0.8157617785,0.6666666667,0.6039743590,0.7815531061
2026-07-05T13:56:59Z,20260705T135649Z,2202,0.8202606934,1.0000000000,0.8767132969,0.7500000000,0.8461538462,0.8573309096
2026-07-05T13:56:59Z,20260705T135649Z,2203,0.7525263750,1.0000000000,0.8584292222,0.5000000000,0.6791025641,0.7616828228
2026-07-05T13:56:59Z,20260705T135649Z,2204,0.8048689313,1.0000000000,0.8902782067,0.6666666667,0.7992307692,0.8324908229
2026-07-05T13:56:59Z,20260705T135649Z,2205,0.8048689313,1.0000000000,0.9151893998,0.6666666667,0.8074358974,0.8387038307
2026-07-05T13:56:59Z,20260705T135649Z,2206,0.7677204728,1.0000000000,0.8888002244,0.5000000000,0.8271794872,0.7937670862
2026-07-05T13:56:59Z,20260705T135649Z,2207,0.7011185094,1.0000000000,0.8614669463,0.2500000000,0.6821794872,0.6998999397
2026-07-05T13:56:59Z,20260705T135649Z,2208,0.7088479087,1.0000000000,0.6710294766,0.6000000000,0.8160256410,0.7538217186
2026-07-05T13:56:59Z,20260705T135649Z,2209,0.5907604056,1.0000000000,0.6645882068,0.3333333333,0.8542307692,0.6754090248
2026-07-05T13:56:59Z,20260705T135649Z,2210,0.6806608889,1.0000000000,0.9256057529,0.4000000000,0.8274358974,0.7594017574
2026-07-05T13:56:59Z,20260705T135649Z,2211,0.7221149473,1.0000000000,0.9167411894,0.3333333333,0.8156410256,0.7528897952
2026-07-05T13:56:59Z,20260705T135649Z,2212,0.7677204728,1.0000000000,0.9665245833,0.5000000000,0.6403846154,0.7812927272
2026-07-05T13:56:59Z,20260705T135649Z,2213,0.7677204728,1.0000000000,0.9665245833,0.5000000000,0.7125641026,0.7921196502
2026-07-05T13:56:59Z,20260705T135649Z,2214,0.9999999953,1.0000000000,1.0000000000,1.0000000000,0.6370512821,0.9455576911
2026-07-05T13:56:59Z,20260705T135649Z,2215,0.7677204728,1.0000000000,0.9665245833,0.5000000000,0.7220512821,0.7935427272
2026-07-05T13:56:59Z,20260705T135649Z,2216,1.0000000000,1.0000000000,1.0000000000,1.0000000000,0.6985897436,0.9547884615
2026-07-05T13:56:59Z,20260705T135649Z,2217,0.7677204728,1.0000000000,0.9665245833,0.5000000000,0.7671794872,0.8003119579
2026-07-05T13:56:59Z,20260705T135649Z,2218,0.7677204728,1.0000000000,0.9295534250,0.5000000000,0.7708974359,0.7934754186
2026-07-05T13:56:59Z,20260705T135649Z,2219,0.7911717252,1.0000000000,0.8066605329,0.5000000000,0.7789743590,0.7759711917
2026-07-05T13:56:59Z,20260705T135649Z,2220,0.6680931393,1.0000000000,0.8046521721,0.3333333333,0.7932051282,0.7136011551
2026-07-05T13:56:59Z,20260705T135649Z,2221,0.8403704676,1.0000000000,0.9410205382,0.7500000000,0.8357692308,0.8736621092
2026-07-05T13:56:59Z,20260705T135649Z,2222,0.8225951886,1.0000000000,0.9626090465,0.7500000000,0.6052564103,0.8389590680
2026-07-05T13:56:59Z,20260705T135649Z,2223,0.8202606934,1.0000000000,0.9474327708,0.7500000000,0.6319230769,0.8393401890
2026-07-05T13:56:59Z,20260705T135649Z,2224,0.6972020364,1.0000000000,0.8841972083,0.5000000000,0.7432051282,0.7626207200
2026-07-05T13:56:59Z,20260705T135649Z,2225,0.7233498105,1.0000000000,0.8886112460,0.3333333333,0.7323076923,0.7350725223
2026-07-05T13:56:59Z,20260705T135649Z,2226,0.9999999953,1.0000000000,1.0000000000,1.0000000000,0.8103846154,0.9715576911
2026-07-05T13:56:59Z,20260705T135649Z,2227,0.9999999953,1.0000000000,1.0000000000,1.0000000000,0.6805128205,0.9520769219
2026-07-05T13:56:59Z,20260705T135649Z,2228,0.9999999953,1.0000000000,1.0000000000,1.0000000000,0.7438461538,0.9615769219
2026-07-05T13:56:59Z,20260705T135649Z,2229,0.7677204728,1.0000000000,0.9665245833,0.5000000000,0.7450000000,0.7969850349
2026-07-05T13:56:59Z,20260705T135649Z,2230,0.7778850527,1.0000000000,0.8655319373,0.6666666667,0.6810256410,0.8030648301
2026-07-05T13:56:59Z,20260705T135649Z,2231,0.5800528066,1.0000000000,0.8418932657,0.2000000000,0.7170512821,0.6609495471
2026-07-05T13:56:59Z,20260705T135649Z,2232,0.7233498105,1.0000000000,0.9500849642,0.3333333333,0.6552564103,0.7358095737
2026-07-05T13:56:59Z,20260705T135649Z,2233,0.7677204728,1.0000000000,0.9665245833,0.5000000000,0.7073076923,0.7913311887
2026-07-05T13:56:59Z,20260705T135649Z,2234,0.6251540513,1.0000000000,0.6895423208,0.2500000000,0.8023076923,0.6645431308
2026-07-05T13:56:59Z,20260705T135649Z,2235,0.7778850527,1.0000000000,0.7082484128,0.6666666667,0.8506410256,0.7970504329
2026-07-05T13:56:59Z,20260705T135649Z,2236,0.7149010414,1.0000000000,0.8099514198,0.4000000000,0.6862820513,0.7236578520
2026-07-05T13:56:59Z,20260705T135649Z,2237,0.7149010414,1.0000000000,0.8069966658,0.4000000000,0.6802564103,0.7221630551
2026-07-05T13:56:59Z,20260705T135649Z,2238,0.6666666667,1.0000000000,0.9004753771,0.3333333333,0.7073076923,0.7195245626
2026-07-05T13:56:59Z,20260705T135649Z,2239,0.6666666667,1.0000000000,0.9220336936,0.3333333333,0.6442307692,0.7143746874
2026-07-05T13:56:59Z,20260705T135649Z,2240,0.6666666667,1.0000000000,0.9526695251,0.3333333333,0.6870512821,0.7269249307
2026-07-05T13:56:59Z,20260705T135649Z,2241,0.6666666667,1.0000000000,0.9526695251,0.3333333333,0.6641025641,0.7234826230
2026-07-05T13:56:59Z,20260705T135649Z,2242,0.7677204728,1.0000000000,0.9665245833,0.5000000000,0.8189743590,0.8080811887
2026-07-05T13:56:59Z,20260705T135649Z,2243,0.7677204728,1.0000000000,0.9665245833,0.5000000000,0.8102564103,0.8067734964
2026-07-05T13:56:59Z,20260705T135649Z,2244,0.7677204728,1.0000000000,0.9665245833,0.5000000000,0.5901282051,0.7737542656
2026-07-05T13:56:59Z,20260705T135649Z,2245,0.7677204728,1.0000000000,0.7422378832,0.5000000000,0.6124358974,0.7322430795
2026-07-05T13:56:59Z,20260705T135649Z,2246,0.7677204728,1.0000000000,0.7422378832,0.5000000000,0.7687179487,0.7556853871
2026-07-05T13:56:59Z,20260705T135649Z,2247,0.7677204728,1.0000000000,0.9665245833,0.5000000000,0.8034615385,0.8057542656
2026-07-05T13:56:59Z,20260705T135649Z,2248,0.6666666667,1.0000000000,0.9220336936,0.3333333333,0.7603846154,0.7317977644
2026-07-05T13:56:59Z,20260705T135649Z,2249,0.8178906433,1.0000000000,0.4054101065,0.6666666667,0.6452564103,0.7156764770
2026-07-05T13:56:59Z,20260705T135649Z,2250,0.5857228750,1.0000000000,0.3329635310,0.2500000000,0.7093589744,0.5694272711
2026-07-05T13:56:59Z,20260705T135649Z,2251,1.0000000000,1.0000000000,0.9592467994,1.0000000000,0.7017948718,0.9471185906
2026-07-05T13:56:59Z,20260705T135649Z,2252,1.0000000000,1.0000000000,0.9999999905,1.0000000000,0.7323076923,0.9598461519
2026-07-05T13:56:59Z,20260705T135649Z,2253,1.0000000000,1.0000000000,0.9222756411,1.0000000000,0.6885897436,0.9377435898
2026-07-05T13:56:59Z,20260705T135649Z,2254,0.8308156933,1.0000000000,0.9446321591,0.6666666667,0.8356410256,0.8553098423
2026-07-05T13:56:59Z,20260705T135649Z,2255,0.6910298409,1.0000000000,0.5542445503,0.6000000000,0.6806410256,0.7057025241
2026-07-05T13:56:59Z,20260705T135649Z,2256,0.5146908800,1.0000000000,0.1810584991,0.1666666667,0.8488461538,0.5255446762
2026-07-05T13:56:59Z,20260705T135649Z,2257,0.7104165758,1.0000000000,0.7316157076,0.5000000000,0.8156410256,0.7462734393
2026-07-05T13:56:59Z,20260705T135649Z,2258,0.6512923670,1.0000000000,0.2474976591,0.2500000000,0.7370512821,0.5728803159
2026-07-05T13:56:59Z,20260705T135649Z,2259,0.7677204728,1.0000000000,0.9665245833,0.5000000000,0.7802564103,0.8022734964
2026-07-05T13:56:59Z,20260705T135649Z,2260,0.7677204728,1.0000000000,0.9665245833,0.5000000000,0.8307692308,0.8098504195
2026-07-05T13:56:59Z,20260705T135649Z,2261,0.9999999953,1.0000000000,1.0000000000,1.0000000000,0.8675641026,0.9801346142
2026-07-05T13:56:59Z,20260705T135649Z,2262,0.7677204728,1.0000000000,0.9295534250,0.5000000000,0.9047435897,0.8135523417
2026-07-05T13:56:59Z,20260705T135649Z,2263,0.9645590544,1.0000000000,0.5704465750,1.0000000000,0.6710256410,0.8558829247
2026-07-05T13:56:59Z,20260705T135649Z,2264,0.6431777520,1.0000000000,0.4991206898,0.3333333333,0.7608974359,0.6414198580
2026-07-05T13:56:59Z,20260705T135649Z,2265,0.7677204728,1.0000000000,0.9665245833,0.5000000000,0.6916666667,0.7889850349
2026-07-05T13:56:59Z,20260705T135649Z,2266,0.7677204728,1.0000000000,0.9665245833,0.5000000000,0.7757692308,0.8016004195
2026-07-05T13:56:59Z,20260705T135649Z,2267,0.6251540513,1.0000000000,0.8260550879,0.2500000000,0.7035897436,0.6770379919
2026-07-05T13:56:59Z,20260705T135649Z,2268,0.7107144013,1.0000000000,0.8459550638,0.5000000000,0.6939743590,0.7509657669
2026-07-05T13:56:59Z,20260705T135649Z,2269,0.8308156933,1.0000000000,0.9005918386,0.6666666667,0.7005128205,0.8262325475
2026-07-05T13:56:59Z,20260705T135649Z,2270,1.0000000000,1.0000000000,0.9999999905,1.0000000000,0.7125641026,0.9568846135
2026-07-05T13:56:59Z,20260705T135649Z,2271,1.0000000000,1.0000000000,0.9630288418,1.0000000000,0.7166666667,0.9501057684
2026-07-05T13:56:59Z,20260705T135649Z,2272,0.8048689313,1.0000000000,0.9646740990,0.6666666667,0.7212820513,0.8356776937
2026-07-05T13:56:59Z,20260705T135649Z,2273,0.6972020364,1.0000000000,0.7230085668,0.5000000000,0.7301282051,0.7284214532
2026-07-05T13:56:59Z,20260705T135649Z,2274,0.7221149473,1.0000000000,0.7213875578,0.3333333333,0.8516666667,0.7192229150
2026-07-05T13:56:59Z,20260705T135649Z,2275,0.7677204728,1.0000000000,0.9665245833,0.5000000000,0.5552564103,0.7685234964
2026-07-05T13:56:59Z,20260705T135649Z,2276,0.7677204728,1.0000000000,0.9665245833,0.5000000000,0.8514102564,0.8129465733
2026-07-05T13:56:59Z,20260705T135649Z,2277,0.7677204728,1.0000000000,0.9665245833,0.5000000000,0.8653846154,0.8150427272
2026-07-05T13:56:59Z,20260705T135649Z,2278,0.7677204728,1.0000000000,0.9665245833,0.5000000000,0.8207692308,0.8083504195
2026-07-05T13:56:59Z,20260705T135649Z,2279,0.9999999953,1.0000000000,1.0000000000,1.0000000000,0.8673076923,0.9800961527
2026-07-05T13:56:59Z,20260705T135649Z,2280,0.9999999953,1.0000000000,1.0000000000,1.0000000000,0.7874358974,0.9681153834
2026-07-05T13:56:59Z,20260705T135649Z,2281,0.9999999953,1.0000000000,1.0000000000,1.0000000000,0.7642307692,0.9646346142
2026-07-05T13:56:59Z,20260705T135649Z,2282,0.9999999953,1.0000000000,1.0000000000,1.0000000000,0.6406410256,0.9460961527
2026-07-05T13:56:59Z,20260705T135649Z,2283,0.7677204728,1.0000000000,0.8888002244,0.5000000000,0.8103846154,0.7912478554
2026-07-05T13:56:59Z,20260705T135649Z,2284,0.8308156933,1.0000000000,0.9478320785,0.6666666667,0.7369230769,0.8411421339
2026-07-05T13:56:59Z,20260705T135649Z,2285,0.7637095623,1.0000000000,0.8988870829,0.6000000000,0.8034615385,0.8112240379
2026-07-05T13:56:59Z,20260705T135649Z,2286,0.7577939162,1.0000000000,0.8859872335,0.6000000000,0.8216666667,0.8098959257
2026-07-05T13:56:59Z,20260705T135649Z,2287,0.8225951886,1.0000000000,0.9626090465,0.7500000000,0.7583333333,0.8619206065
2026-07-05T13:56:59Z,20260705T135649Z,2288,0.7191392460,1.0000000000,0.8200408464,0.6000000000,0.7706410256,0.7793891346
2026-07-05T13:56:59Z,20260705T135649Z,2289,0.7011185094,1.0000000000,0.7940411304,0.2500000000,0.7967948718,0.7036070842
2026-07-05T13:56:59Z,20260705T135649Z,2290,0.7677204728,1.0000000000,0.7422378832,0.5000000000,0.8471794872,0.7674546179
2026-07-05T13:56:59Z,20260705T135649Z,2291,0.7778850527,1.0000000000,0.6584265939,0.6666666667,0.7521794872,0.7723168384
2026-07-05T13:56:59Z,20260705T135649Z,2292,0.7778850527,1.0000000000,0.5657838462,0.6666666667,0.7889743590,0.7593075196
2026-07-05T13:56:59Z,20260705T135649Z,2293,0.7677204728,1.0000000000,0.9665245833,0.5000000000,0.6537179487,0.7832927272
2026-07-05T13:56:59Z,20260705T135649Z,2294,0.9999999953,1.0000000000,1.0000000000,1.0000000000,0.6776923077,0.9516538450
2026-07-05T13:56:59Z,20260705T135649Z,2295,0.9999999953,1.0000000000,1.0000000000,1.0000000000,0.6903846154,0.9535576911
2026-07-05T13:56:59Z,20260705T135649Z,2296,0.9999999953,1.0000000000,1.0000000000,1.0000000000,0.6353846154,0.9453076911
2026-07-05T13:56:59Z,20260705T135649Z,2297,0.9999999953,1.0000000000,1.0000000000,1.0000000000,0.7539743590,0.9630961527
2026-07-05T13:56:59Z,20260705T135649Z,2298,0.7677204728,1.0000000000,0.7951672353,0.5000000000,0.7773076923,0.7675597191
2026-07-05T13:56:59Z,20260705T135649Z,2299,0.6251540513,1.0000000000,0.7794385644,0.2500000000,0.6906410256,0.6657723795
2026-07-05T13:56:59Z,20260705T135649Z,2300,0.8308156933,1.0000000000,0.9626244068,0.6666666667,0.7678205128,0.8487352149
2026-07-05T13:56:59Z,20260705T135649Z,2301,0.8308156933,1.0000000000,0.9384884944,0.6666666667,0.7978205128,0.8484080325
2026-07-05T13:56:59Z,20260705T135649Z,2302,0.8308156933,1.0000000000,0.9069391514,0.6666666667,0.6048717949,0.8131558562
2026-07-05T13:56:59Z,20260705T135649Z,2303,0.7677204728,1.0000000000,0.9665245833,0.5000000000,0.8106410256,0.8068311887
2026-07-05T13:56:59Z,20260705T135649Z,2304,0.7677204728,1.0000000000,0.9665245833,0.5000000000,0.6273076923,0.7793311887
2026-07-05T13:56:59Z,20260705T135649Z,2305,0.4205836188,1.0000000000,0.0000000000,0.0000000000,0.5583333333,0.3888959047
2026-07-05T13:56:59Z,20260705T135649Z,2306,0.7677204728,1.0000000000,0.9665245833,0.5000000000,0.6053846154,0.7760427272
2026-07-05T13:56:59Z,20260705T135649Z,2307,0.7677204728,1.0000000000,0.7951672353,0.5000000000,0.7306410256,0.7605597191
2026-07-05T13:56:59Z,20260705T135649Z,2308,0.6186566985,1.0000000000,0.2045394815,0.3333333333,0.7270512821,0.5712964299
2026-07-05T13:56:59Z,20260705T135649Z,2309,0.6666666667,1.0000000000,0.9526695251,0.3333333333,0.6856410256,0.7267133922
2026-07-05T13:56:59Z,20260705T135649Z,2310,0.7677204728,1.0000000000,0.9665245833,0.5000000000,0.7392307692,0.7961196502
2026-07-05T13:56:59Z,20260705T135649Z,2311,0.7677204728,1.0000000000,0.9295534250,0.5000000000,0.7289743590,0.7871869571
2026-07-05T13:56:59Z,20260705T135649Z,2312,0.7677204728,1.0000000000,0.9295534250,0.5000000000,0.6653846154,0.7776484955
2026-07-05T13:56:59Z,20260705T135649Z,2313,0.9999999953,1.0000000000,1.0000000000,1.0000000000,0.6638461538,0.9495769219
2026-07-05T13:56:59Z,20260705T135649Z,2314,0.7677204728,1.0000000000,0.9665245833,0.5000000000,0.7650000000,0.7999850349
2026-07-05T13:56:59Z,20260705T135649Z,2315,0.7677204728,1.0000000000,0.9665245833,0.5000000000,0.7885897436,0.8035234964
2026-07-05T13:56:59Z,20260705T135649Z,2316,0.9999999953,1.0000000000,1.0000000000,1.0000000000,0.7292307692,0.9593846142
2026-07-05T13:56:59Z,20260705T135649Z,2317,0.7677204728,1.0000000000,0.9295534250,0.5000000000,0.7193589744,0.7857446494
2026-07-05T13:56:59Z,20260705T135649Z,2318,0.8308156933,1.0000000000,0.9384884944,0.6666666667,0.7561538462,0.8421580325
2026-07-05T13:56:59Z,20260705T135649Z,2319,0.7562608037,1.0000000000,0.5268045621,0.6000000000,0.7606410256,0.7285222672
2026-07-05T13:56:59Z,20260705T135649Z,2320,0.8423521852,1.0000000000,0.5423204867,0.8000000000,0.7551282051,0.7923213744
2026-07-05T13:56:59Z,20260705T135649Z,2321,0.7545100415,1.0000000000,0.6067048884,0.6000000000,0.6384615385,0.7257377188
2026-07-05T13:56:59Z,20260705T135649Z,2322,0.7297943644,1.0000000000,0.4319336517,0.7500000000,0.7469230769,0.7308737830
2026-07-05T13:56:59Z,20260705T135649Z,2323,1.0000000000,1.0000000000,1.0000000000,1.0000000000,0.8342307692,0.9751346154
2026-07-05T13:56:59Z,20260705T135649Z,2324,0.9694646303,1.0000000000,0.9607964412,1.0000000000,0.6853846154,0.9373331381
2026-07-05T13:56:59Z,20260705T135649Z,2325,0.7221149473,1.0000000000,0.9167411894,0.3333333333,0.7002564103,0.7355821029
2026-07-05T13:56:59Z,20260705T135649Z,2326,0.7221149473,1.0000000000,0.7213875578,0.3333333333,0.6624358974,0.6908382997
2026-07-05T13:56:59Z,20260705T135649Z,2327,0.8308156933,1.0000000000,0.9522826136,0.6666666667,0.6617948718,0.8307630101
2026-07-05T13:56:59Z,20260705T135649Z,2328,0.7677204728,1.0000000000,0.7422378832,0.5000000000,0.6187179487,0.7331853871
2026-07-05T13:56:59Z,20260705T135649Z,2329,0.9999999953,1.0000000000,1.0000000000,1.0000000000,0.6785897436,0.9517884604
2026-07-05T13:56:59Z,20260705T135649Z,2330,0.9999999953,1.0000000000,1.0000000000,1.0000000000,0.7437179487,0.9615576911
2026-07-05T13:56:59Z,20260705T135649Z,2331,0.9999999953,1.0000000000,1.0000000000,1.0000000000,0.6400000000,0.9459999988
2026-07-05T13:56:59Z,20260705T135649Z,2332,0.7677204728,1.0000000000,0.9665245833,0.5000000000,0.8591025641,0.8141004195
2026-07-05T13:56:59Z,20260705T135649Z,2333,0.7677204728,1.0000000000,0.9665245833,0.5000000000,0.8085897436,0.8065234964
2026-07-05T13:56:59Z,20260705T135649Z,2334,0.7677204728,1.0000000000,0.9665245833,0.5000000000,0.8203846154,0.8082927272
2026-07-05T13:56:59Z,20260705T135649Z,2335,1.0000000000,1.0000000000,0.9222756411,1.0000000000,0.8252564103,0.9582435898
2026-07-05T13:56:59Z,20260705T135649Z,2336,0.8308156933,1.0000000000,0.9478320785,0.6666666667,0.8269230769,0.8546421339
2026-07-05T13:56:59Z,20260705T135649Z,2337,0.7309729266,1.0000000000,0.9355157590,0.5000000000,0.6352564103,0.7651348450
2026-07-05T13:56:59Z,20260705T135649Z,2338,0.8048689313,1.0000000000,0.9646740990,0.6666666667,0.7207692308,0.8356007706
2026-07-05T13:56:59Z,20260705T135649Z,2339,0.7295870522,1.0000000000,0.9115516734,0.5000000000,0.7735897436,0.7807455593
2026-07-05T13:56:59Z,20260705T135649Z,2340,0.7295870522,1.0000000000,0.9066127506,0.5000000000,0.6519230769,0.7615077747
2026-07-05T13:56:59Z,20260705T135649Z,2341,0.7677204728,1.0000000000,0.9295534250,0.5000000000,0.6789743590,0.7796869571
2026-07-05T13:56:59Z,20260705T135649Z,2342,0.7677204728,1.0000000000,0.6855471582,0.5000000000,0.5802564103,0.7160780114
2026-07-05T13:56:59Z,20260705T135649Z,2343,0.9291181088,1.0000000000,0.7510018070,1.0000000000,0.6403846154,0.8785375809
2026-07-05T13:56:59Z,20260705T135649Z,2344,0.6968385816,1.0000000000,0.4365489651,0.5000000000,0.8105128205,0.6830963615
2026-07-05T13:56:59Z,20260705T135649Z,2345,0.9999999953,1.0000000000,1.0000000000,1.0000000000,0.6442307692,0.9466346142
2026-07-05T13:56:59Z,20260705T135649Z,2346,0.9999999953,1.0000000000,1.0000000000,1.0000000000,0.6189743590,0.9428461527
2026-07-05T13:56:59Z,20260705T135649Z,2347,0.7677204728,1.0000000000,0.9295534250,0.5000000000,0.6506410256,0.7754369571
2026-07-05T13:56:59Z,20260705T135649Z,2348,0.7677204728,1.0000000000,0.9295534250,0.5000000000,0.7570512821,0.7913984955
2026-07-05T13:56:59Z,20260705T135649Z,2349,0.9999999953,1.0000000000,1.0000000000,1.0000000000,0.7942307692,0.9691346142
2026-07-05T13:56:59Z,20260705T135649Z,2350,0.9999999953,1.0000000000,1.0000000000,1.0000000000,0.8360256410,0.9754038450
2026-07-05T13:56:59Z,20260705T135649Z,2351,0.7677204728,1.0000000000,0.9295534250,0.5000000000,0.7974358974,0.7974561878
2026-07-05T13:56:59Z,20260705T135649Z,2352,0.7517556886,1.0000000000,0.5038819241,0.6666666667,0.7106410256,0.7286447941
2026-07-05T13:56:59Z,20260705T135649Z,2353,0.8266479091,1.0000000000,0.8823619077,0.6666666667,0.6137179487,0.8085253845
2026-07-05T13:56:59Z,20260705T135649Z,2354,0.6251540513,1.0000000000,0.5488874804,0.2500000000,0.8023076923,0.6364121627
2026-07-05T13:56:59Z,20260705T135649Z,2355,0.8308156933,1.0000000000,0.9069391514,0.6666666667,0.7755128205,0.8387520100
2026-07-05T13:56:59Z,20260705T135649Z,2356,0.8048689313,1.0000000000,0.9646740990,0.6666666667,0.8294871795,0.8519084629
2026-07-05T13:56:59Z,20260705T135649Z,2357,0.8048689313,1.0000000000,0.9646740990,0.6666666667,0.7224358974,0.8358507706
2026-07-05T13:56:59Z,20260705T135649Z,2358,1.0000000000,1.0000000000,0.9630288418,1.0000000000,0.7025641026,0.9479903837
2026-07-05T13:56:59Z,20260705T135649Z,2359,0.8048689313,1.0000000000,0.9502376885,0.6666666667,0.7707692308,0.8402134885
2026-07-05T13:56:59Z,20260705T135649Z,2360,0.7233498105,1.0000000000,0.9500849642,0.3333333333,0.6671794872,0.7375980352
2026-07-05T13:56:59Z,20260705T135649Z,2361,0.9999999953,1.0000000000,1.0000000000,1.0000000000,0.5802564103,0.9370384604
2026-07-05T13:56:59Z,20260705T135649Z,2362,0.9999999953,1.0000000000,1.0000000000,1.0000000000,0.7946153846,0.9691923065
2026-07-05T13:56:59Z,20260705T135649Z,2363,0.7677204728,1.0000000000,0.9665245833,0.5000000000,0.7103846154,0.7917927272
2026-07-05T13:56:59Z,20260705T135649Z,2364,0.7677204728,1.0000000000,0.9665245833,0.5000000000,0.5821794872,0.7725619579
2026-07-05T13:56:59Z,20260705T135649Z,2365,0.9999999953,1.0000000000,1.0000000000,1.0000000000,0.6888461538,0.9533269219
2026-07-05T13:56:59Z,20260705T135649Z,2366,0.7677204728,1.0000000000,0.9665245833,0.5000000000,0.7869230769,0.8032734964
2026-07-05T13:56:59Z,20260705T135649Z,2367,0.7677204728,1.0000000000,0.9665245833,0.5000000000,0.7638461538,0.7998119579
2026-07-05T13:56:59Z,20260705T135649Z,2368,0.7221149473,1.0000000000,0.9167411894,0.3333333333,0.6757692308,0.7319090260
2026-07-05T13:56:59Z,20260705T135649Z,2369,1.0000000000,1.0000000000,0.9565934266,1.0000000000,0.7824358974,0.9586840699
2026-07-05T13:56:59Z,20260705T135649Z,2370,0.9694646303,1.0000000000,0.9447286544,1.0000000000,0.7657692308,0.9461772731
2026-07-05T13:56:59Z,20260705T135649Z,2371,1.0000000000,1.0000000000,0.9385262818,1.0000000000,0.8103846154,0.9592629487
2026-07-05T13:56:59Z,20260705T135649Z,2372,0.8048689313,1.0000000000,0.9646740990,0.6666666667,0.8357692308,0.8528507706
2026-07-05T13:56:59Z,20260705T135649Z,2373,0.6666666667,1.0000000000,0.9220336936,0.3333333333,0.8138461538,0.7398169951
2026-07-05T13:56:59Z,20260705T135649Z,2374,0.6251540513,1.0000000000,0.8910669939,0.2500000000,0.7221794872,0.6928288347
2026-07-05T13:56:59Z,20260705T135649Z,2375,0.7221149473,1.0000000000,0.9167411894,0.3333333333,0.7539743590,0.7436397952
2026-07-05T13:56:59Z,20260705T135649Z,2376,0.9999999953,1.0000000000,1.0000000000,1.0000000000,0.6785897436,0.9517884604
2026-07-05T13:56:59Z,20260705T135649Z,2377,0.9999999953,1.0000000000,1.0000000000,1.0000000000,0.5373076923,0.9305961527
2026-07-05T13:56:59Z,20260705T135649Z,2378,0.9999999953,1.0000000000,1.0000000000,1.0000000000,0.5825641026,0.9373846142
2026-07-05T13:56:59Z,20260705T135649Z,2379,0.7677204728,1.0000000000,0.9665245833,0.5000000000,0.7260256410,0.7941388810
2026-07-05T13:56:59Z,20260705T135649Z,2380,0.7677204728,1.0000000000,0.9665245833,0.5000000000,0.6719230769,0.7860234964
2026-07-05T13:56:59Z,20260705T135649Z,2381,0.7233498105,1.0000000000,0.9500849642,0.3333333333,0.7191025641,0.7453864967
2026-07-05T13:56:59Z,20260705T135649Z,2382,0.7233498105,1.0000000000,0.9500849642,0.3333333333,0.7371794872,0.7480980352
2026-07-05T13:56:59Z,20260705T135649Z,2383,0.6888213532,1.0000000000,0.7017030379,0.2000000000,0.8124358974,0.6744113305
2026-07-05T13:56:59Z,20260705T135649Z,2384,0.8308562200,1.0000000000,0.7501589798,0.8000000000,0.6623076923,0.8170920048
2026-07-05T13:56:59Z,20260705T135649Z,2385,0.7911717252,1.0000000000,0.9194711772,0.5000000000,0.7124358974,0.7885525513
2026-07-05T13:56:59Z,20260705T135649Z,2386,0.7104165758,1.0000000000,0.6687179897,0.5000000000,0.7920512821,0.7301554342
2026-07-05T13:56:59Z,20260705T135649Z,2387,0.7104165758,1.0000000000,0.6681352281,0.5000000000,0.6923076923,0.7150773434
2026-07-05T13:56:59Z,20260705T135649Z,2388,0.7778850527,1.0000000000,0.9254705402,0.6666666667,0.8688461538,0.8432256276
2026-07-05T13:56:59Z,20260705T135649Z,2389,0.6418468079,1.0000000000,0.5070172109,0.3333333333,0.7889743590,0.6468779647
2026-07-05T13:56:59Z,20260705T135649Z,2390,0.7149010414,1.0000000000,0.4944533082,0.4000000000,0.6964102564,0.6620774605
2026-07-05T13:56:59Z,20260705T135649Z,2391,0.6666666667,1.0000000000,0.8405601341,0.3333333333,0.7720512821,0.7172530525
2026-07-05T13:56:59Z,20260705T135649Z,2392,0.7677204728,1.0000000000,0.8440417392,0.5000000000,0.6823076923,0.7630846199
2026-07-05T13:56:59Z,20260705T135649Z,2393,0.9999999953,1.0000000000,1.0000000000,1.0000000000,0.7589743590,0.9638461527
2026-07-05T13:56:59Z,20260705T135649Z,2394,0.7677204728,1.0000000000,0.9665245833,0.5000000000,0.7050000000,0.7909850349
2026-07-05T13:56:59Z,20260705T135649Z,2395,0.7677204728,1.0000000000,0.9665245833,0.5000000000,0.5032051282,0.7607158041
2026-07-05T13:56:59Z,20260705T135649Z,2396,0.9999999953,1.0000000000,1.0000000000,1.0000000000,0.7191025641,0.9578653834
2026-07-05T13:56:59Z,20260705T135649Z,2397,0.7221149473,1.0000000000,0.8757779321,0.3333333333,0.7543589744,0.7355048361
2026-07-05T13:56:59Z,20260705T135649Z,2398,0.7221149473,1.0000000000,0.8757779321,0.3333333333,0.7460256410,0.7342548361
2026-07-05T13:56:59Z,20260705T135649Z,2399,0.7233498105,1.0000000000,0.9500849642,0.3333333333,0.7787179487,0.7543288044
2026-07-05T13:56:59Z,20260705T135649Z,2400,0.9694646303,1.0000000000,0.8155342113,1.0000000000,0.8294871795,0.9298960768
2026-07-05T13:56:59Z,20260705T135649Z,2401,0.6498738620,1.0000000000,0.5507136094,0.4000000000,0.7407692308,0.6637265720
2026-07-05T13:56:59Z,20260705T135649Z,2402,0.6643597294,1.0000000000,0.5629042839,0.4000000000,0.7442307692,0.6703054045
2026-07-05T13:56:59Z,20260705T135649Z,2403,1.0000000000,1.0000000000,0.8625904794,1.0000000000,0.7469230769,0.9345565574
2026-07-05T13:56:59Z,20260705T135649Z,2404,0.8048689313,1.0000000000,0.9646740990,0.6666666667,0.7358974359,0.8378700014
2026-07-05T13:56:59Z,20260705T135649Z,2405,0.5997124834,1.0000000000,0.8575420650,0.2000000000,0.7156410256,0.6687826877
2026-07-05T13:56:59Z,20260705T135649Z,2406,0.6937816918,1.0000000000,0.8868005442,0.4000000000,0.7967948718,0.7503247625
2026-07-05T13:56:59Z,20260705T135649Z,2407,0.7233498105,1.0000000000,0.9500849642,0.3333333333,0.7050000000,0.7432711121
2026-07-05T13:56:59Z,20260705T135649Z,2408,0.7011185094,1.0000000000,0.7940411304,0.2500000000,0.7238461538,0.6926647765
2026-07-05T13:56:59Z,20260705T135649Z,2409,0.7011185094,1.0000000000,0.7940411304,0.2500000000,0.8360256410,0.7094916996
2026-07-05T13:56:59Z,20260705T135649Z,2410,0.7677204728,1.0000000000,0.9665245833,0.5000000000,0.6266666667,0.7792350349
2026-07-05T13:56:59Z,20260705T135649Z,2411,0.7677204728,1.0000000000,0.9665245833,0.5000000000,0.7952564103,0.8045234964
2026-07-05T13:56:59Z,20260705T135649Z,2412,0.9999999953,1.0000000000,1.0000000000,1.0000000000,0.7935897436,0.9690384604
2026-07-05T13:56:59Z,20260705T135649Z,2413,0.9999999953,1.0000000000,1.0000000000,1.0000000000,0.7773076923,0.9665961527
2026-07-05T13:56:59Z,20260705T135649Z,2414,0.9999999953,1.0000000000,1.0000000000,1.0000000000,0.7334615385,0.9600192296
2026-07-05T13:56:59Z,20260705T135649Z,2415,0.7677204728,1.0000000000,0.9665245833,0.5000000000,0.7334615385,0.7952542656
2026-07-05T13:56:59Z,20260705T135649Z,2416,0.6257641301,1.0000000000,0.9399182504,0.2500000000,0.7585897436,0.7082131442
2026-07-05T13:56:59Z,20260705T135649Z,2417,0.9694646303,1.0000000000,0.8695385445,1.0000000000,0.7460256410,0.9281777126
2026-07-05T13:56:59Z,20260705T135649Z,2418,0.9694646303,1.0000000000,0.9058217895,1.0000000000,0.6432051282,0.9200112847
2026-07-05T13:56:59Z,20260705T135649Z,2419,0.6188156253,1.0000000000,0.8657390897,0.3333333333,0.7057692308,0.7003837755
2026-07-05T13:56:59Z,20260705T135649Z,2420,0.7006776931,1.0000000000,0.8967929107,0.4000000000,0.7743589744,0.7506818516
2026-07-05T13:56:59Z,20260705T135649Z,2421,0.6829229447,1.0000000000,0.8654241914,0.4000000000,0.6067948718,0.7148348052
2026-07-05T13:56:59Z,20260705T135649Z,2422,0.7906944453,1.0000000000,0.9099794801,0.8000000000,0.7819230769,0.8569579689
2026-07-05T13:56:59Z,20260705T135649Z,2423,0.7145061183,1.0000000000,0.7027982916,0.6000000000,0.7053846154,0.7449938802
2026-07-05T13:56:59Z,20260705T135649Z,2424,0.7011185094,1.0000000000,0.6978931265,0.2500000000,0.8710256410,0.6955120988
2026-07-05T13:56:59Z,20260705T135649Z,2425,0.7677204728,1.0000000000,0.9665245833,0.5000000000,0.6708974359,0.7858696502
2026-07-05T13:56:59Z,20260705T135649Z,2426,0.7677204728,1.0000000000,0.9665245833,0.5000000000,0.7639743590,0.7998311887
2026-07-05T13:56:59Z,20260705T135649Z,2427,0.9999999953,1.0000000000,1.0000000000,1.0000000000,0.7137179487,0.9570576911
2026-07-05T13:56:59Z,20260705T135649Z,2428,0.7677204728,1.0000000000,0.9665245833,0.5000000000,0.7171794872,0.7928119579
2026-07-05T13:56:59Z,20260705T135649Z,2429,0.6666666667,1.0000000000,0.9526695251,0.3333333333,0.7776923077,0.7405210845
2026-07-05T13:56:59Z,20260705T135649Z,2430,0.7677204728,1.0000000000,0.9665245833,0.5000000000,0.8738461538,0.8163119579
2026-07-05T13:56:59Z,20260705T135649Z,2431,0.9999999953,1.0000000000,1.0000000000,1.0000000000,0.8837179487,0.9825576911
2026-07-05T13:56:59Z,20260705T135649Z,2432,0.7677204728,1.0000000000,0.9665245833,0.5000000000,0.8625641026,0.8146196502
2026-07-05T13:56:59Z,20260705T135649Z,2433,0.6666666667,1.0000000000,0.8405601341,0.3333333333,0.6705128205,0.7020222832
2026-07-05T13:56:59Z,20260705T135649Z,2434,0.7295870522,1.0000000000,0.7406675758,0.5000000000,0.8310256410,0.7551841244
2026-07-05T13:56:59Z,20260705T135649Z,2435,0.7811646086,1.0000000000,0.4359057832,0.5000000000,0.7405128205,0.6935492319
2026-07-05T13:56:59Z,20260705T135649Z,2436,0.5822138547,1.0000000000,0.2008099182,0.2500000000,0.8166666667,0.5582154473
2026-07-05T13:56:59Z,20260705T135649Z,2437,0.8308156933,1.0000000000,0.9069391514,0.6666666667,0.7892307692,0.8408097023
2026-07-05T13:56:59Z,20260705T135649Z,2438,0.6251540513,1.0000000000,0.8260550879,0.2500000000,0.6489743590,0.6688456842
2026-07-05T13:56:59Z,20260705T135649Z,2439,0.5796768414,1.0000000000,0.8104531428,0.2000000000,0.6624358974,0.6463752235
2026-07-05T13:56:59Z,20260705T135649Z,2440,0.7309729266,1.0000000000,0.9355157590,0.5000000000,0.5805128205,0.7569233065
2026-07-05T13:56:59Z,20260705T135649Z,2441,0.7149010414,1.0000000000,0.7411238396,0.5000000000,0.7906410256,0.7455461821
2026-07-05T13:56:59Z,20260705T135649Z,2442,0.8023452586,1.0000000000,0.2558633250,0.7500000000,0.8057692308,0.7226243643
2026-07-05T13:56:59Z,20260705T135649Z,2443,0.7743054762,1.0000000000,0.8516966192,0.7500000000,0.8000000000,0.8339156929
2026-07-05T13:56:59Z,20260705T135649Z,2444,0.6665729829,1.0000000000,0.1655535433,0.3333333333,0.6969230769,0.5709590826
2026-07-05T13:56:59Z,20260705T135649Z,2445,0.9999999953,1.0000000000,1.0000000000,1.0000000000,0.8321794872,0.9748269219
2026-07-05T13:56:59Z,20260705T135649Z,2446,0.7677204728,1.0000000000,0.9665245833,0.5000000000,0.8371794872,0.8108119579
2026-07-05T13:56:59Z,20260705T135649Z,2447,0.7677204728,1.0000000000,0.9665245833,0.5000000000,0.7937179487,0.8042927272
2026-07-05T13:56:59Z,20260705T135649Z,2448,0.9999999953,1.0000000000,1.0000000000,1.0000000000,0.7388461538,0.9608269219
2026-07-05T13:56:59Z,20260705T135649Z,2449,0.9999999953,1.0000000000,1.0000000000,1.0000000000,0.8653846154,0.9798076911
2026-07-05T13:56:59Z,20260705T135649Z,2450,0.9999999953,1.0000000000,1.0000000000,1.0000000000,0.8210256410,0.9731538450
2026-07-05T13:56:59Z,20260705T135649Z,2451,0.7677204728,1.0000000000,0.9295534250,0.5000000000,0.8375641026,0.8034754186
2026-07-05T13:56:59Z,20260705T135649Z,2452,1.0000000000,1.0000000000,0.9999999905,1.0000000000,0.7889743590,0.9683461519
2026-07-05T13:56:59Z,20260705T135649Z,2453,0.7911717252,1.0000000000,0.9194711772,0.5000000000,0.7992307692,0.8015717821
2026-07-05T13:56:59Z,20260705T135649Z,2454,0.7911717252,1.0000000000,0.8908243304,0.5000000000,0.8125641026,0.7978424127
2026-07-05T13:56:59Z,20260705T135649Z,2455,0.8048689313,1.0000000000,0.9646740990,0.6666666667,0.7521794872,0.8403123090
2026-07-05T13:56:59Z,20260705T135649Z,2456,0.5804306233,1.0000000000,0.9294456816,0.2000000000,0.8406410256,0.6970929460
2026-07-05T13:56:59Z,20260705T135649Z,2457,0.8048689313,1.0000000000,0.9646740990,0.6666666667,0.8487179487,0.8547930783
2026-07-05T13:56:59Z,20260705T135649Z,2458,0.7677204728,1.0000000000,0.9665245833,0.5000000000,0.6791025641,0.7871004195
2026-07-05T13:56:59Z,20260705T135649Z,2459,0.9999999953,1.0000000000,1.0000000000,1.0000000000,0.5757692308,0.9363653834
2026-07-05T13:56:59Z,20260705T135649Z,2460,0.9999999953,1.0000000000,1.0000000000,1.0000000000,0.6480769231,0.9472115373
2026-07-05T13:56:59Z,20260705T135649Z,2461,0.9999999953,1.0000000000,1.0000000000,1.0000000000,0.7367948718,0.9605192296
2026-07-05T13:56:59Z,20260705T135649Z,2462,0.9999999953,1.0000000000,1.0000000000,1.0000000000,0.8138461538,0.9720769219
2026-07-05T13:56:59Z,20260705T135649Z,2463,0.9999999953,1.0000000000,1.0000000000,1.0000000000,0.7376923077,0.9606538450
2026-07-05T13:56:59Z,20260705T135649Z,2464,0.7677204728,1.0000000000,0.9665245833,0.5000000000,0.7217948718,0.7935042656
2026-07-05T13:56:59Z,20260705T135649Z,2465,0.6251540513,1.0000000000,0.8462067276,0.2500000000,0.7850000000,0.6932798583
2026-07-05T13:56:59Z,20260705T135649Z,2466,0.8224757615,1.0000000000,0.9035266522,0.7500000000,0.8173076923,0.8589204247
2026-07-05T13:56:59Z,20260705T135649Z,2467,1.0000000000,1.0000000000,0.8841863988,1.0000000000,0.7942307692,0.9459718951
2026-07-05T13:56:59Z,20260705T135649Z,2468,0.7182627872,1.0000000000,0.7482221166,0.6000000000,0.7438461538,0.7607870432
2026-07-05T13:56:59Z,20260705T135649Z,2469,0.8296522562,1.0000000000,0.8974757088,0.7500000000,0.6679487179,0.8371005135
2026-07-05T13:56:59Z,20260705T135649Z,2470,0.6820617591,1.0000000000,0.8948655417,0.5000000000,0.7341025641,0.7596039327
2026-07-05T13:56:59Z,20260705T135649Z,2471,0.7107144013,1.0000000000,0.8274675792,0.5000000000,0.8646153846,0.7728644238
2026-07-05T13:56:59Z,20260705T135649Z,2472,0.7221149473,1.0000000000,0.8292275133,0.3333333333,0.6689743590,0.7133870600
2026-07-05T13:56:59Z,20260705T135649Z,2473,0.7233498105,1.0000000000,0.9500849642,0.3333333333,0.6871794872,0.7405980352
2026-07-05T13:56:59Z,20260705T135649Z,2474,0.7233498105,1.0000000000,0.9500849642,0.3333333333,0.7392307692,0.7484057275
2026-07-05T13:56:59Z,20260705T135649Z,2475,0.9999999953,1.0000000000,1.0000000000,1.0000000000,0.7291025641,0.9593653834
2026-07-05T13:56:59Z,20260705T135649Z,2476,0.9999999953,1.0000000000,1.0000000000,1.0000000000,0.6501282051,0.9475192296
2026-07-05T13:56:59Z,20260705T135649Z,2477,0.7677204728,1.0000000000,0.9665245833,0.5000000000,0.6587179487,0.7840427272
2026-07-05T13:56:59Z,20260705T135649Z,2478,0.6666666667,1.0000000000,0.9220336936,0.3333333333,0.6139743590,0.7098362259
2026-07-05T13:56:59Z,20260705T135649Z,2479,0.7677204728,1.0000000000,0.9295534250,0.5000000000,0.8078205128,0.7990138801
2026-07-05T13:56:59Z,20260705T135649Z,2480,0.7221149473,1.0000000000,0.5973455428,0.3333333333,0.6408974359,0.6627991274
2026-07-05T13:56:59Z,20260705T135649Z,2481,0.7415433010,1.0000000000,0.8514072073,0.5000000000,0.7303846154,0.7652249590
2026-07-05T13:56:59Z,20260705T135649Z,2482,0.6683552816,1.0000000000,0.4657834868,0.5000000000,0.7224358974,0.6686109024
2026-07-05T13:56:59Z,20260705T135649Z,2483,1.0000000000,1.0000000000,1.0000000000,1.0000000000,0.7419230769,0.9612884615
2026-07-05T13:56:59Z,20260705T135649Z,2484,0.8308156933,1.0000000000,0.9069391514,0.6666666667,0.8125641026,0.8443097023
2026-07-05T13:56:59Z,20260705T135649Z,2485,0.7295870522,1.0000000000,0.9115516734,0.5000000000,0.6592307692,0.7635917131
2026-07-05T13:56:59Z,20260705T135649Z,2486,0.8403704676,1.0000000000,0.9410205382,0.7500000000,0.7926923077,0.8672005707
2026-07-05T13:56:59Z,20260705T135649Z,2487,0.7233498105,1.0000000000,0.9500849642,0.3333333333,0.6735897436,0.7385595737
2026-07-05T13:56:59Z,20260705T135649Z,2488,0.6968385816,1.0000000000,0.2048327647,0.5000000000,0.6871794872,0.6182531214
2026-07-05T13:56:59Z,20260705T135649Z,2489,0.8178906433,1.0000000000,0.4332782980,0.6666666667,0.6394871795,0.7203847307
2026-07-05T13:56:59Z,20260705T135649Z,2490,0.7221149473,1.0000000000,0.7499837614,0.3333333333,0.8102564103,0.7187306173
2026-07-05T13:56:59Z,20260705T135649Z,2491,0.9999999953,1.0000000000,1.0000000000,1.0000000000,0.7860256410,0.9679038450
2026-07-05T13:56:59Z,20260705T135649Z,2492,0.7677204728,1.0000000000,0.9665245833,0.5000000000,0.7520512821,0.7980427272
2026-07-05T13:56:59Z,20260705T135649Z,2493,0.7677204728,1.0000000000,0.9665245833,0.5000000000,0.8056410256,0.8060811887
2026-07-05T13:56:59Z,20260705T135649Z,2494,0.9999999953,1.0000000000,1.0000000000,1.0000000000,0.7737179487,0.9660576911
2026-07-05T13:56:59Z,20260705T135649Z,2495,0.9999999953,1.0000000000,1.0000000000,1.0000000000,0.7953846154,0.9693076911
2026-07-05T13:56:59Z,20260705T135649Z,2496,0.7677204728,1.0000000000,0.9295534250,0.5000000000,0.7742307692,0.7939754186
2026-07-05T13:56:59Z,20260705T135649Z,2497,1.0000000000,1.0000000000,0.9592467994,1.0000000000,0.8321794872,0.9666762830
2026-07-05T13:56:59Z,20260705T135649Z,2498,0.7149010414,1.0000000000,0.6126626323,0.4000000000,0.7660256410,0.6961616330
2026-07-05T13:56:59Z,20260705T135649Z,2499,0.7892647974,1.0000000000,0.4139896793,0.8000000000,0.8455128205,0.7669410583
2026-07-05T13:56:59Z,20260705T135649Z,2500,0.7295870522,1.0000000000,0.6550244336,0.5000000000,0.7301282051,0.7229208806
2026-07-05T13:56:59Z,20260705T135649Z,2501,0.6186566985,1.0000000000,0.3737476522,0.3333333333,0.8908974359,0.6297149871
2026-07-05T13:56:59Z,20260705T135649Z,2502,0.8048689313,1.0000000000,0.9646740990,0.6666666667,0.7838461538,0.8450623090
2026-07-05T13:56:59Z,20260705T135649Z,2503,0.6257641301,1.0000000000,0.8782153545,0.2500000000,0.8267948718,0.7061033342
2026-07-05T13:56:59Z,20260705T135649Z,2504,0.7677204728,1.0000000000,0.8888002244,0.5000000000,0.7753846154,0.7859978554
2026-07-05T13:56:59Z,20260705T135649Z,2505,0.9999999953,1.0000000000,1.0000000000,1.0000000000,0.7052564103,0.9557884604
2026-07-05T13:56:59Z,20260705T135649Z,2506,0.9999999953,1.0000000000,1.0000000000,1.0000000000,0.6970512821,0.9545576911
2026-07-05T13:56:59Z,20260705T135649Z,2507,0.7221149473,1.0000000000,0.9167411894,0.3333333333,0.6273076923,0.7246397952
2026-07-05T13:56:59Z,20260705T135649Z,2508,0.7415433010,1.0000000000,0.1918388099,0.5000000000,0.6596153846,0.6226958949
2026-07-05T13:56:59Z,20260705T135649Z,2509,0.6665729829,1.0000000000,0.1177715933,0.3333333333,0.8323076923,0.5817103849
2026-07-05T13:56:59Z,20260705T135649Z,2510,0.9999999953,1.0000000000,1.0000000000,1.0000000000,0.7152564103,0.9572884604
2026-07-05T13:56:59Z,20260705T135649Z,2511,0.7677204728,1.0000000000,0.9665245833,0.5000000000,0.7660256410,0.8001388810
2026-07-05T13:56:59Z,20260705T135649Z,2512,0.7677204728,1.0000000000,0.9665245833,0.5000000000,0.7282051282,0.7944658041
2026-07-05T13:56:59Z,20260705T135649Z,2513,0.7677204728,1.0000000000,0.8440417392,0.5000000000,0.6757692308,0.7621038507
2026-07-05T13:56:59Z,20260705T135649Z,2514,1.0000000000,1.0000000000,0.9144883142,1.0000000000,0.6889743590,0.9362438167
2026-07-05T13:56:59Z,20260705T135649Z,2515,1.0000000000,1.0000000000,0.9999999905,1.0000000000,0.7993589744,0.9699038443
2026-07-05T13:56:59Z,20260705T135649Z,2516,0.8048689313,1.0000000000,0.9502376885,0.6666666667,0.8173076923,0.8471942577
2026-07-05T13:56:59Z,20260705T135649Z,2517,0.7233498105,1.0000000000,0.9500849642,0.3333333333,0.8228205128,0.7609441890
2026-07-05T13:56:59Z,20260705T135649Z,2518,0.9999999953,1.0000000000,1.0000000000,1.0000000000,0.7348717949,0.9602307680
2026-07-05T13:56:59Z,20260705T135649Z,2519,0.7002216302,1.0000000000,0.6205953846,0.2500000000,0.7526923077,0.6620783306
2026-07-05T13:56:59Z,20260705T135649Z,2520,0.7104165758,1.0000000000,0.6242468845,0.5000000000,0.7520512821,0.7152612132
2026-07-05T13:56:59Z,20260705T135649Z,2521,1.0000000000,1.0000000000,1.0000000000,1.0000000000,0.7819230769,0.9672884615
2026-07-05T13:56:59Z,20260705T135649Z,2522,0.7677204728,1.0000000000,0.9665245833,0.5000000000,0.8226923077,0.8086388810
2026-07-05T13:56:59Z,20260705T135649Z,2523,0.9999999953,1.0000000000,1.0000000000,1.0000000000,0.7419230769,0.9612884604
2026-07-05T13:56:59Z,20260705T135649Z,2524,0.9999999953,1.0000000000,1.0000000000,1.0000000000,0.8305128205,0.9745769219
2026-07-05T13:56:59Z,20260705T135649Z,2525,0.9999999953,1.0000000000,1.0000000000,1.0000000000,0.7575641026,0.9636346142
2026-07-05T13:56:59Z,20260705T135649Z,2526,0.9999999953,1.0000000000,1.0000000000,1.0000000000,0.7839743590,0.9675961527
2026-07-05T13:56:59Z,20260705T135649Z,2527,0.7221149473,1.0000000000,0.7776398117,0.3333333333,0.6610256410,0.7018772120
2026-07-05T13:56:59Z,20260705T135649Z,2528,0.7743054762,1.0000000000,0.8076563524,0.7500000000,0.6624358974,0.8044730241
2026-07-05T13:56:59Z,20260705T135649Z,2529,0.6899738788,1.0000000000,0.8273614726,0.6000000000,0.7221794872,0.7662926873
2026-07-05T13:56:59Z,20260705T135649Z,2530,0.7011185094,1.0000000000,0.8743340836,0.2500000000,0.7906410256,0.7187425979
2026-07-05T13:56:59Z,20260705T135649Z,2531,0.6824562801,1.0000000000,0.7598153622,0.1666666667,0.8119230769,0.6776989373
2026-07-05T13:56:59Z,20260705T135649Z,2532,0.7511429768,1.0000000000,0.1953473839,0.3333333333,0.7207692308,0.6016372723
2026-07-05T13:56:59Z,20260705T135649Z,2533,0.6968385816,1.0000000000,0.0334754167,0.5000000000,0.8767948718,0.6124239595
2026-07-05T13:56:59Z,20260705T135649Z,2534,0.9999999953,1.0000000000,1.0000000000,1.0000000000,0.5652564103,0.9347884604
2026-07-05T13:56:59Z,20260705T135649Z,2535,0.9999999953,1.0000000000,1.0000000000,1.0000000000,0.7020512821,0.9553076911
2026-07-05T13:56:59Z,20260705T135649Z,2536,0.7233498105,1.0000000000,0.9500849642,0.3333333333,0.7056410256,0.7433672660
2026-07-05T13:56:59Z,20260705T135649Z,2537,0.9694646303,1.0000000000,0.9607964412,1.0000000000,0.7437179487,0.9460831381
2026-07-05T13:56:59Z,20260705T135649Z,2538,0.7221149473,1.0000000000,0.9167411894,0.3333333333,0.6748717949,0.7317744106
2026-07-05T13:56:59Z,20260705T135649Z,2539,0.7677204728,1.0000000000,0.7422378832,0.5000000000,0.8174358974,0.7629930795
2026-07-05T13:56:59Z,20260705T135649Z,2540,0.6009334931,1.0000000000,0.7346916464,0.2000000000,0.8825641026,0.6695563179
2026-07-05T13:56:59Z,20260705T135649Z,2541,0.6806608889,1.0000000000,0.9256057529,0.4000000000,0.7552564103,0.7485748343
2026-07-05T13:56:59Z,20260705T135649Z,2542,0.6498738620,1.0000000000,0.6290860787,0.4000000000,0.6658974359,0.6681702966
2026-07-05T13:56:59Z,20260705T135649Z,2543,0.5639078629,1.0000000000,0.5656940561,0.2857142857,0.8120512821,0.6330663264
2026-07-05T13:56:59Z,20260705T135649Z,2544,0.7294061770,1.0000000000,0.8110385021,0.5000000000,0.7221794872,0.7528861678
2026-07-05T13:56:59Z,20260705T135649Z,2545,0.5386299864,1.0000000000,0.3392884268,0.2857142857,0.8176923077,0.5823118852
2026-07-05T13:56:59Z,20260705T135649Z,2546,0.7084204534,1.0000000000,0.5090305362,0.5000000000,0.8547435897,0.7071227590
2026-07-05T13:56:59Z,20260705T135649Z,2547,0.6385522430,1.0000000000,0.8036953706,0.4000000000,0.7030769231,0.7058386733
2026-07-05T13:56:59Z,20260705T135649Z,2548,0.6948796091,1.0000000000,0.3162642297,0.6000000000,0.8543589744,0.6851265944
2026-07-05T13:56:59Z,20260705T135649Z,2549,0.6135432051,1.0000000000,0.5186799216,0.3750000000,0.8775641026,0.6637564010
2026-07-05T13:56:59Z,20260705T135649Z,2550,0.6852528384,1.0000000000,0.5855536148,0.5714285714,0.6689743590,0.7030558007
2026-07-05T13:56:59Z,20260705T135649Z,2551,0.7006776931,1.0000000000,0.6057020253,0.4000000000,0.5958974359,0.6656944437
2026-07-05T13:56:59Z,20260705T135649Z,2552,0.6666666667,1.0000000000,0.9220336936,0.3333333333,0.6010256410,0.7078939182
2026-07-05T13:56:59Z,20260705T135649Z,2553,1.0000000000,1.0000000000,0.9630288418,1.0000000000,0.8214102564,0.9658173068
2026-07-05T13:56:59Z,20260705T135649Z,2554,0.6666666667,1.0000000000,0.9526695251,0.3333333333,0.6670512821,0.7239249307
2026-07-05T13:56:59Z,20260705T135649Z,2555,1.0000000000,1.0000000000,1.0000000000,1.0000000000,0.8774358974,0.9816153846
2026-07-05T13:56:59Z,20260705T135649Z,2556,0.7677204728,1.0000000000,0.9665245833,0.5000000000,0.6787179487,0.7870427272
2026-07-05T13:56:59Z,20260705T135649Z,2557,0.7221149473,1.0000000000,0.6610115682,0.3333333333,0.7511538462,0.6920707940
2026-07-05T13:56:59Z,20260705T135649Z,2558,0.6468804614,1.0000000000,0.6109015659,0.4000000000,0.8515384615,0.6916311978
2026-07-05T13:56:59Z,20260705T135649Z,2559,0.9373647380,1.0000000000,0.6393734028,1.0000000000,0.9916666667,0.9109658651
2026-07-05T13:56:59Z,20260705T135649Z,2560,0.7811646086,1.0000000000,0.7268456502,0.5000000000,0.6789743590,0.7425064360
2026-07-05T13:56:59Z,20260705T135649Z,2561,1.0000000000,1.0000000000,0.9999999866,1.0000000000,0.7235897436,0.9585384589
2026-07-05T13:56:59Z,20260705T135649Z,2562,0.7000699263,1.0000000000,0.5317395265,0.4000000000,0.7917948718,0.6801346176
2026-07-05T13:56:59Z,20260705T135649Z,2563,0.7373524509,1.0000000000,0.5779325021,0.6000000000,0.7853846154,0.7377323055
2026-07-05T13:56:59Z,20260705T135649Z,2564,0.8461736740,1.0000000000,0.9033968258,0.7500000000,0.7800000000,0.8592227837
2026-07-05T13:56:59Z,20260705T135649Z,2565,0.8543900003,1.0000000000,0.9342730471,0.8000000000,0.7530769231,0.8734136480
2026-07-05T13:56:59Z,20260705T135649Z,2566,0.6756777789,1.0000000000,0.1473630668,0.6000000000,0.7439743590,0.6299882119
2026-07-05T13:56:59Z,20260705T135649Z,2567,0.8308156933,1.0000000000,0.9435168154,0.6666666667,0.8225641026,0.8531252351
2026-07-05T13:56:59Z,20260705T135649Z,2568,0.8178906433,1.0000000000,0.4786603467,0.6666666667,0.5820512821,0.7208457558
2026-07-05T13:56:59Z,20260705T135649Z,2569,0.7496918975,1.0000000000,0.8595450376,0.5000000000,0.7891025641,0.7776973665
2026-07-05T13:56:59Z,20260705T135649Z,2570,0.7415433010,1.0000000000,0.5152277576,0.5000000000,0.6991025641,0.6932967614
2026-07-05T13:56:59Z,20260705T135649Z,2571,0.7110955233,1.0000000000,0.8621365639,0.4000000000,0.8343589744,0.7553550398
2026-07-05T13:56:59Z,20260705T135649Z,2572,0.8461736740,1.0000000000,0.8346655857,0.7500000000,0.8471794872,0.8555534587
2026-07-05T13:56:59Z,20260705T135649Z,2573,0.7160887327,1.0000000000,0.0634827610,0.6666666667,0.7492307692,0.6374366841
2026-07-05T13:56:59Z,20260705T135649Z,2574,0.7677204728,1.0000000000,0.7422378832,0.5000000000,0.7362820513,0.7508200025
2026-07-05T13:56:59Z,20260705T135649Z,2575,0.7011185094,1.0000000000,0.6271410026,0.2500000000,0.7025641026,0.6560924433
2026-07-05T13:56:59Z,20260705T135649Z,2576,0.7094030901,1.0000000000,0.3645354534,0.5000000000,0.8470512821,0.6773155555
2026-07-05T13:56:59Z,20260705T135649Z,2577,1.0000000000,1.0000000000,0.7559937331,1.0000000000,0.8519230769,0.9289872082
2026-07-05T13:56:59Z,20260705T135649Z,2578,0.7677204728,1.0000000000,0.9295534250,0.5000000000,0.6374358974,0.7734561878
2026-07-05T13:56:59Z,20260705T135649Z,2579,0.9999999953,1.0000000000,1.0000000000,1.0000000000,0.8728205128,0.9809230757
2026-07-05T13:56:59Z,20260705T135649Z,2580,0.9999999953,1.0000000000,1.0000000000,1.0000000000,0.7751282051,0.9662692296
2026-07-05T13:56:59Z,20260705T135649Z,2581,0.9999999953,1.0000000000,1.0000000000,1.0000000000,0.8320512821,0.9748076911
2026-07-05T13:56:59Z,20260705T135649Z,2582,0.9999999953,1.0000000000,1.0000000000,1.0000000000,0.8408974359,0.9761346142
2026-07-05T13:56:59Z,20260705T135649Z,2583,0.9999999953,1.0000000000,1.0000000000,1.0000000000,0.7255128205,0.9588269219
2026-07-05T13:56:59Z,20260705T135649Z,2584,0.9999999953,1.0000000000,1.0000000000,1.0000000000,0.7824358974,0.9673653834
2026-07-05T13:56:59Z,20260705T135649Z,2585,0.7221149473,1.0000000000,0.8292275133,0.3333333333,0.8975641026,0.7476755215
2026-07-05T13:56:59Z,20260705T135649Z,2586,0.8308156933,1.0000000000,0.8961891502,0.6666666667,0.7652564103,0.8350635482
2026-07-05T13:56:59Z,20260705T135649Z,2587,0.8048689313,1.0000000000,0.9209582315,0.6666666667,0.7738461538,0.8348191355
2026-07-05T13:56:59Z,20260705T135649Z,2588,0.7233498105,1.0000000000,0.8886112460,0.3333333333,0.6969230769,0.7297648300
2026-07-05T13:56:59Z,20260705T135649Z,2589,0.7233498105,1.0000000000,0.9500849642,0.3333333333,0.8021794872,0.7578480352
2026-07-05T13:56:59Z,20260705T135649Z,2590,0.7233498105,1.0000000000,0.9500849642,0.3333333333,0.8358974359,0.7629057275
2026-07-05T13:56:59Z,20260705T135649Z,2591,0.7677204728,1.0000000000,0.9665245833,0.5000000000,0.7019230769,0.7905234964
2026-07-05T13:56:59Z,20260705T135649Z,2592,0.7677204728,1.0000000000,0.9665245833,0.5000000000,0.7821794872,0.8025619579
2026-07-05T13:56:59Z,20260705T135649Z,2593,0.7677204728,1.0000000000,0.9665245833,0.5000000000,0.7193589744,0.7931388810
2026-07-05T13:56:59Z,20260705T135649Z,2594,0.7677204728,1.0000000000,0.9665245833,0.5000000000,0.7634615385,0.7997542656
2026-07-05T13:56:59Z,20260705T135649Z,2595,0.9999999953,1.0000000000,1.0000000000,1.0000000000,0.6251282051,0.9437692296
2026-07-05T13:56:59Z,20260705T135649Z,2596,0.7677204728,1.0000000000,0.9295534250,0.5000000000,0.6266666667,0.7718408032
2026-07-05T13:56:59Z,20260705T135649Z,2597,0.8308156933,1.0000000000,0.8626274645,0.6666666667,0.7852564103,0.8313512111
2026-07-05T13:56:59Z,20260705T135649Z,2598,0.7221149473,1.0000000000,0.8031614184,0.3333333333,0.8237179487,0.7313853795
2026-07-05T13:56:59Z,20260705T135649Z,2599,0.7677204728,1.0000000000,0.7951672353,0.5000000000,0.8051282051,0.7717327960
2026-07-05T13:56:59Z,20260705T135649Z,2600,0.8308156933,1.0000000000,0.9048335204,0.6666666667,0.6771794872,0.8235808838
2026-07-05T13:56:59Z,20260705T135649Z,2601,0.8308156933,1.0000000000,0.9069391514,0.6666666667,0.6708974359,0.8230597023
2026-07-05T13:56:59Z,20260705T135649Z,2602,0.6257641301,1.0000000000,0.8097933824,0.2500000000,0.8291025641,0.6927650936
2026-07-05T13:56:59Z,20260705T135649Z,2603,0.8159462650,1.0000000000,0.6744876150,0.5000000000,0.6605128205,0.7379610123
2026-07-05T13:56:59Z,20260705T135649Z,2604,0.6817885408,1.0000000000,0.5066319358,0.1666666667,0.7873076923,0.6232030095
2026-07-05T13:56:59Z,20260705T135649Z,2605,0.7677204728,1.0000000000,0.9665245833,0.5000000000,0.7824358974,0.8026004195
2026-07-05T13:56:59Z,20260705T135649Z,2606,0.7677204728,1.0000000000,0.9665245833,0.5000000000,0.7373076923,0.7958311887
2026-07-05T13:56:59Z,20260705T135649Z,2607,0.9999999953,1.0000000000,1.0000000000,1.0000000000,0.7141025641,0.9571153834
2026-07-05T13:56:59Z,20260705T135649Z,2608,0.9999999953,1.0000000000,1.0000000000,1.0000000000,0.8298717949,0.9744807680
2026-07-05T13:56:59Z,20260705T135649Z,2609,0.9999999953,1.0000000000,1.0000000000,1.0000000000,0.6935897436,0.9540384604
2026-07-05T13:56:59Z,20260705T135649Z,2610,0.9999999953,1.0000000000,1.0000000000,1.0000000000,0.7770512821,0.9665576911
2026-07-05T13:56:59Z,20260705T135649Z,2611,0.9999999953,1.0000000000,1.0000000000,1.0000000000,0.7435897436,0.9615384604
2026-07-05T13:56:59Z,20260705T135649Z,2612,0.7677204728,1.0000000000,0.9665245833,0.5000000000,0.7603846154,0.7992927272
2026-07-05T13:56:59Z,20260705T135649Z,2613,0.6666666667,1.0000000000,0.7925436939,0.3333333333,0.7401282051,0.7028613029
2026-07-05T13:56:59Z,20260705T135649Z,2614,1.0000000000,1.0000000000,0.9063670109,1.0000000000,0.6884615385,0.9345426329
2026-07-05T13:56:59Z,20260705T135649Z,2615,0.8048689313,1.0000000000,0.9163663756,0.6666666667,0.7039743590,0.8234199951
2026-07-05T13:56:59Z,20260705T135649Z,2616,0.8048689313,1.0000000000,0.9646740990,0.6666666667,0.7292307692,0.8368700014
2026-07-05T13:56:59Z,20260705T135649Z,2617,0.6666666667,1.0000000000,0.9526695251,0.3333333333,0.6524358974,0.7217326230
2026-07-05T13:56:59Z,20260705T135649Z,2618,0.7677204728,1.0000000000,0.9665245833,0.5000000000,0.8360256410,0.8106388810
2026-07-05T13:56:59Z,20260705T135649Z,2619,0.7677204728,1.0000000000,0.9665245833,0.5000000000,0.5771794872,0.7718119579
2026-07-05T13:56:59Z,20260705T135649Z,2620,0.7677204728,1.0000000000,0.9665245833,0.5000000000,0.7138461538,0.7923119579
2026-07-05T13:56:59Z,20260705T135649Z,2621,0.7677204728,1.0000000000,0.9665245833,0.5000000000,0.7237179487,0.7937927272
2026-07-05T13:56:59Z,20260705T135649Z,2622,0.7677204728,1.0000000000,0.9665245833,0.5000000000,0.9120512821,0.8220427272
2026-07-05T13:56:59Z,20260705T135649Z,2623,0.7677204728,1.0000000000,0.9665245833,0.5000000000,0.7332051282,0.7952158041
2026-07-05T13:56:59Z,20260705T135649Z,2624,0.8308156933,1.0000000000,0.9069391514,0.6666666667,0.7721794872,0.8382520100
2026-07-05T13:56:59Z,20260705T135649Z,2625,0.6498738620,1.0000000000,0.8109273687,0.4000000000,0.6284615385,0.6989231700
2026-07-05T13:56:59Z,20260705T135649Z,2626,0.5485426810,1.0000000000,0.8265748036,0.1666666667,0.7373076923,0.6463801182
2026-07-05T13:56:59Z,20260705T135649Z,2627,0.6937816918,1.0000000000,0.8868005442,0.4000000000,0.7600000000,0.7448055318
2026-07-05T13:56:59Z,20260705T135649Z,2628,0.7520734596,1.0000000000,0.9036050085,0.5000000000,0.6371794872,0.7643162897
2026-07-05T13:56:59Z,20260705T135649Z,2629,0.8333333333,1.0000000000,0.8597864589,0.6000000000,0.8305128205,0.8248675482
2026-07-05T13:56:59Z,20260705T135649Z,2630,0.6557645106,1.0000000000,0.4667091896,0.5000000000,0.7305128205,0.6668598887
2026-07-05T13:56:59Z,20260705T135649Z,2631,0.6137683947,1.0000000000,0.4657213402,0.4000000000,0.7558974359,0.6399709821
2026-07-05T13:56:59Z,20260705T135649Z,2632,0.8202606934,1.0000000000,0.9474327708,0.7500000000,0.7373076923,0.8551478814
2026-07-05T13:56:59Z,20260705T135649Z,2633,0.7778850527,1.0000000000,0.9254705402,0.6666666667,0.6356410256,0.8082448584
2026-07-05T13:56:59Z,20260705T135649Z,2634,0.8048689313,1.0000000000,0.9646740990,0.6666666667,0.6841025641,0.8301007706
2026-07-05T13:56:59Z,20260705T135649Z,2635,0.7233498105,1.0000000000,0.9500849642,0.3333333333,0.7273076923,0.7466172660
2026-07-05T13:56:59Z,20260705T135649Z,2636,0.9999999953,1.0000000000,1.0000000000,1.0000000000,0.8307692308,0.9746153834
2026-07-05T13:56:59Z,20260705T135649Z,2637,0.7677204728,1.0000000000,0.9665245833,0.5000000000,0.7926923077,0.8041388810
2026-07-05T13:56:59Z,20260705T135649Z,2638,0.7677204728,1.0000000000,0.9665245833,0.5000000000,0.6939743590,0.7893311887
2026-07-05T13:56:59Z,20260705T135649Z,2639,0.7677204728,1.0000000000,0.9665245833,0.5000000000,0.7939743590,0.8043311887
2026-07-05T13:56:59Z,20260705T135649Z,2640,0.7677204728,1.0000000000,0.9665245833,0.5000000000,0.8273076923,0.8093311887
2026-07-05T13:56:59Z,20260705T135649Z,2641,0.7677204728,1.0000000000,0.8440417392,0.5000000000,0.6326923077,0.7556423122
2026-07-05T13:56:59Z,20260705T135649Z,2642,0.8308156933,1.0000000000,0.9455495523,0.6666666667,0.9192307692,0.8680317825
2026-07-05T13:56:59Z,20260705T135649Z,2643,0.8308156933,1.0000000000,0.9069391514,0.6666666667,0.6191025641,0.8152904715
2026-07-05T13:56:59Z,20260705T135649Z,2644,0.7525263750,1.0000000000,0.9471067961,0.5000000000,0.6689743590,0.7778991068
2026-07-05T13:56:59Z,20260705T135649Z,2645,0.7038845844,1.0000000000,0.9353608262,0.2500000000,0.8442307692,0.7396779267
2026-07-05T13:56:59Z,20260705T135649Z,2646,0.7002216302,1.0000000000,0.8337420285,0.2500000000,0.7939743590,0.7108999671
2026-07-05T13:56:59Z,20260705T135649Z,2647,0.8650480845,1.0000000000,0.9291412217,0.7500000000,0.6652564103,0.8518787270
2026-07-05T13:56:59Z,20260705T135649Z,2648,0.8048689313,1.0000000000,0.9091757782,0.6666666667,0.7600000000,0.8303857218
2026-07-05T13:56:59Z,20260705T135649Z,2649,0.7677204728,1.0000000000,0.9665245833,0.5000000000,0.7969230769,0.8047734964
2026-07-05T13:56:59Z,20260705T135649Z,2650,0.6968385816,1.0000000000,0.0334754167,0.5000000000,0.8505128205,0.6084816518
2026-07-05T13:56:59Z,20260705T135649Z,2651,1.0000000000,1.0000000000,0.5969264516,1.0000000000,0.6639743590,0.8689814442
2026-07-05T13:56:59Z,20260705T135649Z,2652,0.8178906433,1.0000000000,0.6591267959,0.6666666667,0.7874358974,0.7877467380
2026-07-05T13:56:59Z,20260705T135649Z,2653,0.8178906433,1.0000000000,0.5407294088,0.6666666667,0.8008974359,0.7660864913
2026-07-05T13:56:59Z,20260705T135649Z,2654,0.6968385816,1.0000000000,0.3144528418,0.5000000000,0.7789743590,0.6539463676
2026-07-05T13:56:59Z,20260705T135649Z,2655,0.7221149473,1.0000000000,0.8031614184,0.3333333333,0.7321794872,0.7176546102
2026-07-05T13:56:59Z,20260705T135649Z,2656,0.7688234628,1.0000000000,0.6666666667,0.7500000000,0.8135897436,0.7975776606
2026-07-05T13:56:59Z,20260705T135649Z,2657,0.8224757615,1.0000000000,0.8908174465,0.7500000000,0.7885897436,0.8520708912
2026-07-05T13:56:59Z,20260705T135649Z,2658,0.8349916978,1.0000000000,0.5694031032,0.7500000000,0.5838461538,0.7602054682
2026-07-05T13:56:59Z,20260705T135649Z,2659,0.5642719819,1.0000000000,0.2840101855,0.2000000000,0.7153846154,0.5451777249
2026-07-05T13:56:59Z,20260705T135649Z,2660,0.8308156933,1.0000000000,0.9455495523,0.6666666667,0.8271794872,0.8542240902
2026-07-05T13:56:59Z,20260705T135649Z,2661,0.7309729266,1.0000000000,0.9020902036,0.5000000000,0.5771794872,0.7497381954
2026-07-05T13:56:59Z,20260705T135649Z,2662,0.5800528066,1.0000000000,0.5293769252,0.2000000000,0.6741025641,0.5920039713
2026-07-05T13:56:59Z,20260705T135649Z,2663,0.8556136734,1.0000000000,0.8304986811,0.7500000000,0.6896153846,0.8334454623
2026-07-05T13:56:59Z,20260705T135649Z,2664,0.6652549795,1.0000000000,0.4163322649,0.6000000000,0.6288461538,0.6639071209
2026-07-05T13:56:59Z,20260705T135649Z,2665,0.6009334931,1.0000000000,0.9272334413,0.2000000000,0.6821794872,0.6780069846
2026-07-05T13:56:59Z,20260705T135649Z,2666,0.7677204728,1.0000000000,0.9665245833,0.5000000000,0.5902564103,0.7737734964
2026-07-05T13:56:59Z,20260705T135649Z,2667,0.9999999953,1.0000000000,1.0000000000,1.0000000000,0.6003846154,0.9400576911
2026-07-05T13:56:59Z,20260705T135649Z,2668,0.7677204728,1.0000000000,0.7951672353,0.5000000000,0.6784615385,0.7527327960
2026-07-05T13:56:59Z,20260705T135649Z,2669,0.6666666667,1.0000000000,0.7925436939,0.3333333333,0.6861538462,0.6947651490
2026-07-05T13:56:59Z,20260705T135649Z,2670,1.0000000000,1.0000000000,1.0000000000,1.0000000000,0.6110256410,0.9416538462
2026-07-05T13:56:59Z,20260705T135649Z,2671,1.0000000000,1.0000000000,1.0000000000,1.0000000000,0.8670512821,0.9800576923
2026-07-05T13:56:59Z,20260705T135649Z,2672,1.0000000000,1.0000000000,1.0000000000,1.0000000000,0.7551282051,0.9632692308
2026-07-05T13:56:59Z,20260705T135649Z,2673,0.8308156933,1.0000000000,0.9446321591,0.6666666667,0.7469230769,0.8420021500
2026-07-05T13:56:59Z,20260705T135649Z,2674,0.7778850527,1.0000000000,0.8602506629,0.6666666667,0.7874358974,0.8179701137
2026-07-05T13:56:59Z,20260705T135649Z,2675,0.7778850527,1.0000000000,0.8565420375,0.6666666667,0.7569230769,0.8126514656
2026-07-05T13:56:59Z,20260705T135649Z,2676,0.7778850527,1.0000000000,0.8655319373,0.6666666667,0.7414102564,0.8121225224
2026-07-05T13:56:59Z,20260705T135649Z,2677,0.7295870522,1.0000000000,0.9115516734,0.5000000000,0.6938461538,0.7687840208
2026-07-05T13:56:59Z,20260705T135649Z,2678,0.6355981610,1.0000000000,0.4662124549,0.4000000000,0.8424358974,0.6585074159
2026-07-05T13:56:59Z,20260705T135649Z,2679,0.8178906433,1.0000000000,0.6198918618,0.6666666667,0.7262820513,0.7707266742
2026-07-05T13:56:59Z,20260705T135649Z,2680,0.7677204728,1.0000000000,0.8440417392,0.5000000000,0.7993589744,0.7806423122
2026-07-05T13:56:59Z,20260705T135649Z,2681,0.7677204728,1.0000000000,0.9665245833,0.5000000000,0.7885897436,0.8035234964
2026-07-05T13:56:59Z,20260705T135649Z,2682,0.6666666667,1.0000000000,0.7401924071,0.3333333333,0.7974358974,0.7009871994
2026-07-05T13:56:59Z,20260705T135649Z,2683,0.6666666667,1.0000000000,0.7401924071,0.3333333333,0.7887179487,0.6996795071
2026-07-05T13:56:59Z,20260705T135649Z,2684,0.7677204728,1.0000000000,0.9665245833,0.5000000000,0.6951282051,0.7895042656
2026-07-05T13:56:59Z,20260705T135649Z,2685,0.9999999953,1.0000000000,1.0000000000,1.0000000000,0.7803846154,0.9670576911
2026-07-05T13:56:59Z,20260705T135649Z,2686,0.9999999953,1.0000000000,1.0000000000,1.0000000000,0.7519230769,0.9627884604
2026-07-05T13:56:59Z,20260705T135649Z,2687,0.7677204728,1.0000000000,0.9295534250,0.5000000000,0.7020512821,0.7831484955
2026-07-05T13:56:59Z,20260705T135649Z,2688,0.7006776931,1.0000000000,0.8934445028,0.4000000000,0.7919230769,0.7526467854
2026-07-05T13:56:59Z,20260705T135649Z,2689,0.8440420309,1.0000000000,0.8776599474,0.8000000000,0.7835897436,0.8640809588
2026-07-05T13:56:59Z,20260705T135649Z,2690,0.9514110373,1.0000000000,0.8799110182,1.0000000000,0.6771794872,0.9154118860
2026-07-05T13:56:59Z,20260705T135649Z,2691,0.7911717252,1.0000000000,0.9279996001,0.5000000000,0.8358974359,0.8087774667
2026-07-05T13:56:59Z,20260705T135649Z,2692,0.6251540513,1.0000000000,0.7195129066,0.2500000000,0.6056410256,0.6410372480
2026-07-05T13:56:59Z,20260705T135649Z,2693,0.6279096327,1.0000000000,0.6114212717,0.3333333333,0.6820512821,0.6482360215
2026-07-05T13:56:59Z,20260705T135649Z,2694,0.6888213532,1.0000000000,0.7017030379,0.2000000000,0.7006410256,0.6576420997
2026-07-05T13:56:59Z,20260705T135649Z,2695,0.7677204728,1.0000000000,0.9665245833,0.5000000000,0.7157692308,0.7926004195
2026-07-05T13:56:59Z,20260705T135649Z,2696,0.7677204728,1.0000000000,0.9665245833,0.5000000000,0.7415384615,0.7964658041
2026-07-05T13:56:59Z,20260705T135649Z,2697,0.7233498105,1.0000000000,0.9500849642,0.3333333333,0.7398717949,0.7485018814
2026-07-05T13:56:59Z,20260705T135649Z,2698,0.8048689313,1.0000000000,0.9646740990,0.6666666667,0.8512820513,0.8551776937
2026-07-05T13:56:59Z,20260705T135649Z,2699,0.7677204728,1.0000000000,0.9665245833,0.5000000000,0.6267948718,0.7792542656
2026-07-05T13:56:59Z,20260705T135649Z,2700,0.9999999953,1.0000000000,1.0000000000,1.0000000000,0.7910256410,0.9686538450
2026-07-05T13:56:59Z,20260705T135649Z,2701,0.7677204728,1.0000000000,0.9665245833,0.5000000000,0.8274358974,0.8093504195
2026-07-05T13:56:59Z,20260705T135649Z,2702,1.0000000000,1.0000000000,1.0000000000,1.0000000000,0.7756410256,0.9663461538
2026-07-05T13:56:59Z,20260705T135649Z,2703,0.7778850527,1.0000000000,0.7818237107,0.6666666667,0.7175641026,0.7918039540
2026-07-05T13:56:59Z,20260705T135649Z,2704,0.9694646303,1.0000000000,0.8568929172,1.0000000000,0.7505128205,0.9263216641
2026-07-05T13:56:59Z,20260705T135649Z,2705,1.0000000000,1.0000000000,0.9385262818,1.0000000000,0.6820512821,0.9400129487
2026-07-05T13:56:59Z,20260705T135649Z,2706,0.9694646303,1.0000000000,0.9607964412,1.0000000000,0.6362820513,0.9299677535
2026-07-05T13:56:59Z,20260705T135649Z,2707,0.6820617591,1.0000000000,0.6591409414,0.5000000000,0.6301282051,0.6968628588
2026-07-05T13:56:59Z,20260705T135649Z,2708,0.8308156933,1.0000000000,0.7128244978,0.6666666667,0.7592307692,0.7974867716
2026-07-05T13:56:59Z,20260705T135649Z,2709,1.0000000000,1.0000000000,0.9999999905,1.0000000000,0.7323076923,0.9598461519
2026-07-05T13:56:59Z,20260705T135649Z,2710,1.0000000000,1.0000000000,0.9999999905,1.0000000000,0.6169230769,0.9425384596
2026-07-05T13:56:59Z,20260705T135649Z,2711,0.6666666667,1.0000000000,0.9004753771,0.3333333333,0.8503846154,0.7409861011
2026-07-05T13:56:59Z,20260705T135649Z,2712,0.8308156933,1.0000000000,0.7697817391,0.6666666667,0.8388461538,0.8208205275
2026-07-05T13:56:59Z,20260705T135649Z,2713,0.7778850527,1.0000000000,0.7416298882,0.6666666667,0.8257692308,0.7999959588
2026-07-05T13:56:59Z,20260705T135649Z,2714,0.7895834242,1.0000000000,0.6630691632,0.5000000000,0.7203846154,0.7380673810
2026-07-05T13:56:59Z,20260705T135649Z,2715,0.7895834242,1.0000000000,0.8752664653,0.5000000000,0.6373076923,0.7680453030
2026-07-05T13:56:59Z,20260705T135649Z,2716,0.8308156933,1.0000000000,0.6363125708,0.6666666667,0.7315384615,0.7780305400
2026-07-05T13:56:59Z,20260705T135649Z,2717,1.0000000000,1.0000000000,1.0000000000,1.0000000000,0.7705128205,0.9655769231
2026-07-05T13:56:59Z,20260705T135649Z,2718,0.8308156933,1.0000000000,0.9105614780,0.6666666667,0.8902564103,0.8566880138
2026-07-05T13:56:59Z,20260705T135649Z,2719,0.6666666667,1.0000000000,0.7805564134,0.3333333333,0.7287179487,0.6987523083
2026-07-05T13:56:59Z,20260705T135649Z,2720,0.8308156933,1.0000000000,0.9455495523,0.6666666667,0.8373076923,0.8557433210
2026-07-05T13:56:59Z,20260705T135649Z,2721,0.8308156933,1.0000000000,0.9069391514,0.6666666667,0.7851282051,0.8401943177
2026-07-05T13:56:59Z,20260705T135649Z,2722,0.8048689313,1.0000000000,0.9646740990,0.6666666667,0.8037179487,0.8480430783
2026-07-05T13:56:59Z,20260705T135649Z,2723,0.7309729266,1.0000000000,0.8304088421,0.5000000000,0.7300000000,0.7583250001
2026-07-05T13:56:59Z,20260705T135649Z,2724,0.7221149473,1.0000000000,0.8031614184,0.3333333333,0.8292307692,0.7322123025
2026-07-05T13:56:59Z,20260705T135649Z,2725,0.9999999953,1.0000000000,1.0000000000,1.0000000000,0.5493589744,0.9324038450
2026-07-05T13:56:59Z,20260705T135649Z,2726,0.9999999953,1.0000000000,1.0000000000,1.0000000000,0.6024358974,0.9403653834
2026-07-05T13:56:59Z,20260705T135649Z,2727,0.7677204728,1.0000000000,0.9665245833,0.5000000000,0.7641025641,0.7998504195
2026-07-05T13:56:59Z,20260705T135649Z,2728,0.7677204728,1.0000000000,0.9665245833,0.5000000000,0.7337179487,0.7952927272
2026-07-05T13:56:59Z,20260705T135649Z,2729,0.9999999953,1.0000000000,1.0000000000,1.0000000000,0.6525641026,0.9478846142
2026-07-05T13:56:59Z,20260705T135649Z,2730,0.7038845844,1.0000000000,0.9353608262,0.2500000000,0.7438461538,0.7246202344
2026-07-05T13:56:59Z,20260705T135649Z,2731,0.7525263750,1.0000000000,0.9471067961,0.5000000000,0.8305128205,0.8021298761
2026-07-05T13:56:59Z,20260705T135649Z,2732,0.7525263750,1.0000000000,0.9471067961,0.5000000000,0.7119230769,0.7843414145
2026-07-05T13:56:59Z,20260705T135649Z,2733,0.7525263750,1.0000000000,0.8703663628,0.5000000000,0.7751282051,0.7784740971
2026-07-05T13:56:59Z,20260705T135649Z,2734,0.7911717252,1.0000000000,0.9052184800,0.5000000000,0.8193589744,0.8017404734
2026-07-05T13:56:59Z,20260705T135649Z,2735,0.7911717252,1.0000000000,0.9279996001,0.5000000000,0.8452564103,0.8101813129
2026-07-05T13:56:59Z,20260705T135649Z,2736,0.7778850527,1.0000000000,0.7250300900,0.6666666667,0.7089743590,0.7791567684
2026-07-05T13:56:59Z,20260705T135649Z,2737,0.5796768414,1.0000000000,0.7099860134,0.2000000000,0.7705128205,0.6424933361
2026-07-05T13:56:59Z,20260705T135649Z,2738,0.7221149473,1.0000000000,0.9167411894,0.3333333333,0.6253846154,0.7243513337
2026-07-05T13:56:59Z,20260705T135649Z,2739,0.9999999953,1.0000000000,1.0000000000,1.0000000000,0.6452564103,0.9467884604
2026-07-05T13:56:59Z,20260705T135649Z,2740,0.9999999953,1.0000000000,1.0000000000,1.0000000000,0.8387179487,0.9758076911
2026-07-05T13:56:59Z,20260705T135649Z,2741,0.9999999953,1.0000000000,1.0000000000,1.0000000000,0.7043589744,0.9556538450
2026-07-05T13:56:59Z,20260705T135649Z,2742,0.9999999953,1.0000000000,1.0000000000,1.0000000000,0.6255128205,0.9438269219
2026-07-05T13:56:59Z,20260705T135649Z,2743,0.7677204728,1.0000000000,0.9665245833,0.5000000000,0.7233333333,0.7937350349
2026-07-05T13:56:59Z,20260705T135649Z,2744,0.7677204728,1.0000000000,0.9665245833,0.5000000000,0.8407692308,0.8113504195
2026-07-05T13:56:59Z,20260705T135649Z,2745,0.9999999953,1.0000000000,1.0000000000,1.0000000000,0.7358974359,0.9603846142
2026-07-05T13:56:59Z,20260705T135649Z,2746,0.7677204728,1.0000000000,0.8440417392,0.5000000000,0.7421794872,0.7720653891
2026-07-05T13:56:59Z,20260705T135649Z,2747,1.0000000000,1.0000000000,0.9144883142,1.0000000000,0.6851282051,0.9356668936
2026-07-05T13:56:59Z,20260705T135649Z,2748,0.8308156933,1.0000000000,0.9626244068,0.6666666667,0.7605128205,0.8476390611
2026-07-05T13:56:59Z,20260705T135649Z,2749,0.7221149473,1.0000000000,0.9167411894,0.3333333333,0.8239743590,0.7541397952
2026-07-05T13:56:59Z,20260705T135649Z,2750,0.7221149473,1.0000000000,0.9167411894,0.3333333333,0.7484615385,0.7428128721
2026-07-05T13:56:59Z,20260705T135649Z,2751,0.7221149473,1.0000000000,0.9167411894,0.3333333333,0.7657692308,0.7454090260
2026-07-05T13:56:59Z,20260705T135649Z,2752,0.7677204728,1.0000000000,0.9665245833,0.5000000000,0.7139743590,0.7923311887
2026-07-05T13:56:59Z,20260705T135649Z,2753,0.7677204728,1.0000000000,0.9665245833,0.5000000000,0.6789743590,0.7870811887
2026-07-05T13:56:59Z,20260705T135649Z,2754,0.7677204728,1.0000000000,0.7422378832,0.5000000000,0.7475641026,0.7525123102
2026-07-05T13:56:59Z,20260705T135649Z,2755,0.7677204728,1.0000000000,0.7422378832,0.5000000000,0.8524358974,0.7682430795
2026-07-05T13:56:59Z,20260705T135649Z,2756,0.7677204728,1.0000000000,0.7422378832,0.5000000000,0.7288461538,0.7497046179
2026-07-05T13:56:59Z,20260705T135649Z,2757,0.7677204728,1.0000000000,0.7422378832,0.5000000000,0.7502564103,0.7529161564
2026-07-05T13:56:59Z,20260705T135649Z,2758,0.7677204728,1.0000000000,0.9295534250,0.5000000000,0.6819230769,0.7801292647
2026-07-05T13:56:59Z,20260705T135649Z,2759,0.7677204728,1.0000000000,0.9295534250,0.5000000000,0.6907692308,0.7814561878
2026-07-05T13:56:59Z,20260705T135649Z,2760,0.7677204728,1.0000000000,0.8440417392,0.5000000000,0.6157692308,0.7531038507
2026-07-05T13:56:59Z,20260705T135649Z,2761,1.0000000000,1.0000000000,0.9552415148,1.0000000000,0.7719230769,0.9568367645
2026-07-05T13:56:59Z,20260705T135649Z,2762,0.7778850527,1.0000000000,0.8953096701,0.6666666667,0.7793589744,0.8237703767
2026-07-05T13:56:59Z,20260705T135649Z,2763,0.6972020364,1.0000000000,0.9176449982,0.5000000000,0.7958974359,0.7772141241
2026-07-05T13:56:59Z,20260705T135649Z,2764,0.6377493710,1.0000000000,0.6645484389,0.4000000000,0.6321794872,0.6671739536
2026-07-05T13:56:59Z,20260705T135649Z,2765,0.7988864688,1.0000000000,0.7913342079,0.6000000000,0.8655128205,0.8078153819
2026-07-05T13:56:59Z,20260705T135649Z,2766,0.7002216302,1.0000000000,0.8337420285,0.2500000000,0.8326923077,0.7167076594
2026-07-05T13:56:59Z,20260705T135649Z,2767,0.7677204728,1.0000000000,0.7422378832,0.5000000000,0.7320512821,0.7501853871
2026-07-05T13:56:59Z,20260705T135649Z,2768,0.7677204728,1.0000000000,0.7422378832,0.5000000000,0.6317948718,0.7351469256
2026-07-05T13:56:59Z,20260705T135649Z,2769,0.7677204728,1.0000000000,0.9665245833,0.5000000000,0.6441025641,0.7818504195
2026-07-05T13:56:59Z,20260705T135649Z,2770,0.7677204728,1.0000000000,0.9665245833,0.5000000000,0.6307692308,0.7798504195
2026-07-05T13:56:59Z,20260705T135649Z,2771,0.7677204728,1.0000000000,0.7951672353,0.5000000000,0.7439743590,0.7625597191
2026-07-05T13:56:59Z,20260705T135649Z,2772,0.6251540513,1.0000000000,0.7615675170,0.2500000000,0.7910256410,0.6772558624
2026-07-05T13:56:59Z,20260705T135649Z,2773,0.8202606934,1.0000000000,0.9113624492,0.7500000000,0.6320512821,0.8321453555
2026-07-05T13:56:59Z,20260705T135649Z,2774,0.7525263750,1.0000000000,0.9471067961,0.5000000000,0.5752564103,0.7638414145
2026-07-05T13:56:59Z,20260705T135649Z,2775,0.7778850527,1.0000000000,0.8342126435,0.6666666667,0.7256410256,0.8034932791
2026-07-05T13:56:59Z,20260705T135649Z,2776,0.6943980101,1.0000000000,0.8697086176,0.4000000000,0.7785897436,0.7443296876
2026-07-05T13:56:59Z,20260705T135649Z,2777,0.7831406584,1.0000000000,0.8305575059,0.8000000000,0.7673076923,0.8369928196
2026-07-05T13:56:59Z,20260705T135649Z,2778,0.6829229447,1.0000000000,0.7780738346,0.4000000000,0.7353846154,0.7166531954
2026-07-05T13:56:59Z,20260705T135649Z,2779,0.8048689313,1.0000000000,0.9646740990,0.6666666667,0.7303846154,0.8370430783
2026-07-05T13:56:59Z,20260705T135649Z,2780,0.7233498105,1.0000000000,0.9500849642,0.3333333333,0.7411538462,0.7486941890
2026-07-05T13:56:59Z,20260705T135649Z,2781,0.7677204728,1.0000000000,0.9295534250,0.5000000000,0.8176923077,0.8004946494
2026-07-05T13:56:59Z,20260705T135649Z,2782,0.7778850527,1.0000000000,0.8783347274,0.6666666667,0.6451282051,0.8002407728
2026-07-05T13:56:59Z,20260705T135649Z,2783,0.9389292606,1.0000000000,0.4554302801,1.0000000000,0.6319230769,0.8206068327
2026-07-05T13:56:59Z,20260705T135649Z,2784,0.9389292606,1.0000000000,0.5032816033,1.0000000000,0.8546153846,0.8635809435
2026-07-05T13:56:59Z,20260705T135649Z,2785,0.7221149473,1.0000000000,0.8292275133,0.3333333333,0.7710256410,0.7286947523
2026-07-05T13:56:59Z,20260705T135649Z,2786,0.9999999953,1.0000000000,1.0000000000,1.0000000000,0.7734615385,0.9660192296
2026-07-05T13:56:59Z,20260705T135649Z,2787,0.7221149473,1.0000000000,0.8292275133,0.3333333333,0.7506410256,0.7256370600
2026-07-05T13:56:59Z,20260705T135649Z,2788,1.0000000000,1.0000000000,1.0000000000,1.0000000000,0.7742307692,0.9661346154
2026-07-05T13:56:59Z,20260705T135649Z,2789,0.8308156933,1.0000000000,0.8994854171,0.6666666667,0.7235897436,0.8294728016
2026-07-05T13:56:59Z,20260705T135649Z,2790,0.8308156933,1.0000000000,0.8986883744,0.6666666667,0.8025641026,0.8411595469
2026-07-05T13:56:59Z,20260705T135649Z,2791,0.6251540513,1.0000000000,0.6568816137,0.2500000000,0.7707692308,0.6532802202
2026-07-05T13:56:59Z,20260705T135649Z,2792,0.7778850527,1.0000000000,0.8129441486,0.6666666667,0.7910256410,0.8090472724
2026-07-05T13:56:59Z,20260705T135649Z,2793,0.9389292606,1.0000000000,0.2975538547,1.0000000000,0.7639743590,0.8088392399
2026-07-05T13:56:59Z,20260705T135649Z,2794,0.8308156933,1.0000000000,0.9069391514,0.6666666667,0.8071794872,0.8435020100
2026-07-05T13:56:59Z,20260705T135649Z,2795,0.8308156933,1.0000000000,0.5647906294,0.6666666667,0.8319230769,0.7787838441
2026-07-05T13:56:59Z,20260705T135649Z,2796,0.7415433010,1.0000000000,0.7923827061,0.5000000000,0.7558974359,0.7572469818
2026-07-05T13:56:59Z,20260705T135649Z,2797,0.8308156933,1.0000000000,0.9404540319,0.6666666667,0.7717948718,0.8448972938
2026-07-05T13:56:59Z,20260705T135649Z,2798,0.9291181088,1.0000000000,0.4447806586,1.0000000000,0.7715384615,0.8369664281
2026-07-05T13:56:59Z,20260705T135649Z,2799,0.8308156933,1.0000000000,0.8961891502,0.6666666667,0.7105128205,0.8268520098
2026-07-05T13:56:59Z,20260705T135649Z,2800,0.6616313865,1.0000000000,0.2027894319,0.5000000000,0.5239743590,0.5845618868
2026-07-05T13:56:59Z,20260705T135649Z,2801,0.8938939633,1.0000000000,0.2973301552,1.0000000000,0.7657692308,0.7978049065
2026-07-05T13:56:59Z,20260705T135649Z,2802,0.7221149473,1.0000000000,0.9167411894,0.3333333333,0.6651282051,0.7303128721
2026-07-05T13:56:59Z,20260705T135649Z,2803,0.9999999953,1.0000000000,1.0000000000,1.0000000000,0.6535897436,0.9480384604
2026-07-05T13:56:59Z,20260705T135649Z,2804,0.7677204728,1.0000000000,0.9665245833,0.5000000000,0.7403846154,0.7962927272
2026-07-05T13:56:59Z,20260705T135649Z,2805,0.7677204728,1.0000000000,0.9665245833,0.5000000000,0.6485897436,0.7825234964
2026-07-05T13:56:59Z,20260705T135649Z,2806,0.9999999953,1.0000000000,1.0000000000,1.0000000000,0.5543589744,0.9331538450
2026-07-05T13:56:59Z,20260705T135649Z,2807,0.7677204728,1.0000000000,0.9665245833,0.5000000000,0.6085897436,0.7765234964
2026-07-05T13:56:59Z,20260705T135649Z,2808,1.0000000000,1.0000000000,1.0000000000,1.0000000000,0.5869230769,0.9380384615
2026-07-05T13:56:59Z,20260705T135649Z,2809,0.7677204728,1.0000000000,0.9665245833,0.5000000000,0.6491025641,0.7826004195
2026-07-05T13:56:59Z,20260705T135649Z,2810,0.7002216302,1.0000000000,0.4652060382,0.2500000000,0.7057692308,0.6239619998
2026-07-05T13:56:59Z,20260705T135649Z,2811,0.7063658756,1.0000000000,0.5315804423,0.6000000000,0.6297435897,0.6973690958
2026-07-05T13:56:59Z,20260705T135649Z,2812,0.7769957847,1.0000000000,0.6078307183,0.7500000000,0.6987179487,0.7706227822
2026-07-05T13:56:59Z,20260705T135649Z,2813,1.0000000000,1.0000000000,1.0000000000,1.0000000000,0.7941025641,0.9691153846
2026-07-05T13:56:59Z,20260705T135649Z,2814,0.7778850527,1.0000000000,0.9254705402,0.6666666667,0.6985897436,0.8176871661
2026-07-05T13:56:59Z,20260705T135649Z,2815,0.5857228750,1.0000000000,0.3347133086,0.2500000000,0.8387179487,0.5891810728
2026-07-05T13:56:59Z,20260705T135649Z,2816,0.6683552816,1.0000000000,0.4171057109,0.5000000000,0.8208974359,0.6736445780
2026-07-05T13:56:59Z,20260705T135649Z,2817,0.9389292606,1.0000000000,0.5034543539,1.0000000000,0.6802564103,0.8374616475
2026-07-05T13:56:59Z,20260705T135649Z,2818,0.7778850527,1.0000000000,0.8171260896,0.6666666667,0.8373076923,0.8168259683
2026-07-05T13:56:59Z,20260705T135649Z,2819,0.7475513658,1.0000000000,0.8196922759,0.5000000000,0.6551282051,0.7490955274
2026-07-05T13:56:59Z,20260705T135649Z,2820,0.7104165758,1.0000000000,0.8380159544,0.5000000000,0.8355128205,0.7705342579
2026-07-05T13:56:59Z,20260705T135649Z,2821,0.6666666667,1.0000000000,0.9220336936,0.3333333333,0.4761538462,0.6891631490
2026-07-05T13:56:59Z,20260705T135649Z,2822,0.7895834242,1.0000000000,0.7136394309,0.5000000000,1.0000000000,0.7901237422
2026-07-05T13:56:59Z,20260705T135649Z,2823,0.7104165758,1.0000000000,0.6905367233,0.5000000000,1.0000000000,0.7657114886
2026-07-05T13:56:59Z,20260705T135649Z,2824,0.7677204728,1.0000000000,0.9295534250,0.5000000000,1.0000000000,0.8278408032
2026-07-05T13:56:59Z,20260705T135649Z,2825,0.6945217305,1.0000000000,0.4134202818,0.3333333333,0.5306410256,0.6025773095
2026-07-05T13:56:59Z,20260705T135649Z,2826,0.6900517948,1.0000000000,0.5537543304,0.5000000000,0.7278205128,0.6924368917
2026-07-05T13:56:59Z,20260705T135649Z,2827,0.7778850527,1.0000000000,0.7082484128,0.6666666667,0.7173076923,0.7770504329
2026-07-05T13:56:59Z,20260705T135649Z,2828,0.7677204728,1.0000000000,0.8888002244,0.5000000000,0.7058974359,0.7755747785
2026-07-05T13:56:59Z,20260705T135649Z,2829,0.9999999953,1.0000000000,1.0000000000,1.0000000000,0.7891025641,0.9683653834
2026-07-05T13:56:59Z,20260705T135649Z,2830,0.7677204728,1.0000000000,0.9665245833,0.5000000000,0.7923076923,0.8040811887
2026-07-05T13:56:59Z,20260705T135649Z,2831,0.6251540513,1.0000000000,0.9102991883,0.2500000000,0.7820512821,0.7056560428
2026-07-05T13:56:59Z,20260705T135649Z,2832,0.7221149473,1.0000000000,0.9167411894,0.3333333333,0.7576923077,0.7441974875
2026-07-05T13:56:59Z,20260705T135649Z,2833,0.9999999953,1.0000000000,1.0000000000,1.0000000000,0.7771794872,0.9665769219
2026-07-05T13:56:59Z,20260705T135649Z,2834,0.9999999953,1.0000000000,1.0000000000,1.0000000000,0.7243589744,0.9586538450
2026-07-05T13:56:59Z,20260705T135649Z,2835,0.7677204728,1.0000000000,0.8440417392,0.5000000000,0.8126923077,0.7826423122
2026-07-05T13:56:59Z,20260705T135649Z,2836,0.7778850527,1.0000000000,0.7042226340,0.6666666667,0.6905128205,0.7722260464
2026-07-05T13:56:59Z,20260705T135649Z,2837,0.6274425223,1.0000000000,0.2870684395,0.6000000000,0.6702564103,0.6348127800
2026-07-05T13:56:59Z,20260705T135649Z,2838,0.7312974408,1.0000000000,0.6497215909,0.4000000000,0.7887179487,0.7110763707
2026-07-05T13:56:59Z,20260705T135649Z,2839,0.8178906433,1.0000000000,0.5312391776,0.6666666667,0.6751282051,0.7453230604
2026-07-05T13:56:59Z,20260705T135649Z,2840,0.7496918975,1.0000000000,0.8076563524,0.5000000000,0.5783333333,0.7357042449
2026-07-05T13:56:59Z,20260705T135649Z,2841,0.6095230051,1.0000000000,0.1249304436,0.4000000000,0.8105128205,0.5789437631
2026-07-05T13:56:59Z,20260705T135649Z,2842,0.7781154987,1.0000000000,0.2529448690,0.8000000000,0.8205128205,0.7281947715
2026-07-05T13:56:59Z,20260705T135649Z,2843,0.8695053551,1.0000000000,0.8458534422,0.8000000000,0.8357692308,0.8719124118
2026-07-05T13:56:59Z,20260705T135649Z,2844,0.8296522562,1.0000000000,0.6129580503,0.7500000000,0.7639743590,0.7946008280
2026-07-05T13:56:59Z,20260705T135649Z,2845,0.7778850527,1.0000000000,0.6324928147,0.6666666667,0.7289743590,0.7636493133
2026-07-05T13:56:59Z,20260705T135649Z,2846,0.8178906433,1.0000000000,0.4911620371,0.6666666667,0.7374358974,0.7466537862
2026-07-05T13:56:59Z,20260705T135649Z,2847,0.7221149473,1.0000000000,0.8757779321,0.3333333333,0.8658974359,0.7522356053
2026-07-05T13:56:59Z,20260705T135649Z,2848,0.9999999953,1.0000000000,1.0000000000,1.0000000000,0.8069230769,0.9710384604
2026-07-05T13:56:59Z,20260705T135649Z,2849,0.9999999953,1.0000000000,1.0000000000,1.0000000000,0.8510256410,0.9776538450
2026-07-05T13:56:59Z,20260705T135649Z,2850,0.9999999953,1.0000000000,1.0000000000,1.0000000000,0.7160256410,0.9574038450
2026-07-05T13:56:59Z,20260705T135649Z,2851,0.9999999953,1.0000000000,1.0000000000,1.0000000000,0.7221794872,0.9583269219
2026-07-05T13:56:59Z,20260705T135649Z,2852,0.7221149473,1.0000000000,0.6610115682,0.3333333333,0.7423076923,0.6907438710
2026-07-05T13:56:59Z,20260705T135649Z,2853,0.7107144013,1.0000000000,0.6387313271,0.5000000000,0.7767948718,0.7219440965
2026-07-05T13:56:59Z,20260705T135649Z,2854,0.8274928135,1.0000000000,0.7153604996,0.6666666667,0.7951282051,0.8025478674
2026-07-05T13:56:59Z,20260705T135649Z,2855,0.8274928135,1.0000000000,0.8300517300,0.6666666667,0.8106410256,0.8278130366
2026-07-05T13:56:59Z,20260705T135649Z,2856,0.8308156933,1.0000000000,0.8610190853,0.6666666667,0.6421794872,0.8095679968
2026-07-05T13:56:59Z,20260705T135649Z,2857,0.8308156933,1.0000000000,0.8610190853,0.6666666667,0.7839743590,0.8308372276
2026-07-05T13:56:59Z,20260705T135649Z,2858,0.9389292606,1.0000000000,0.7732683752,1.0000000000,0.7337179487,0.8994436825
2026-07-05T13:56:59Z,20260705T135649Z,2859,1.0000000000,1.0000000000,0.8751276772,1.0000000000,0.6406410256,0.9211216893
2026-07-05T13:56:59Z,20260705T135649Z,2860,1.0000000000,1.0000000000,0.9360402207,1.0000000000,0.7352564103,0.9474965057
2026-07-05T13:56:59Z,20260705T135649Z,2861,1.0000000000,1.0000000000,0.8300517300,1.0000000000,0.7315384615,0.9257411152
2026-07-05T13:56:59Z,20260705T135649Z,2862,0.7496918975,1.0000000000,0.8192484236,0.5000000000,0.7806410256,0.7683688129
2026-07-05T13:56:59Z,20260705T135649Z,2863,0.7415433010,1.0000000000,0.5509182284,0.5000000000,0.7193589744,0.7034733171
2026-07-05T13:56:59Z,20260705T135649Z,2864,0.8308156933,1.0000000000,0.8383998770,0.6666666667,0.6653846154,0.8085249244
2026-07-05T13:56:59Z,20260705T135649Z,2865,0.7312974408,1.0000000000,0.6792093097,0.4000000000,0.6273076923,0.6927623760
2026-07-05T13:56:59Z,20260705T135649Z,2866,0.7576258402,1.0000000000,0.7285889235,0.6000000000,0.6550000000,0.7533742447
2026-07-05T13:56:59Z,20260705T135649Z,2867,0.7221149473,1.0000000000,0.9167411894,0.3333333333,0.6541025641,0.7286590260
2026-07-05T13:56:59Z,20260705T135649Z,2868,0.9999999953,1.0000000000,1.0000000000,1.0000000000,0.7620512821,0.9643076911
2026-07-05T13:56:59Z,20260705T135649Z,2869,0.9999999953,1.0000000000,1.0000000000,1.0000000000,0.7657692308,0.9648653834
2026-07-05T13:56:59Z,20260705T135649Z,2870,0.7677204728,1.0000000000,0.9295534250,0.5000000000,0.8105128205,0.7994177263
2026-07-05T13:56:59Z,20260705T135649Z,2871,0.7677204728,1.0000000000,0.9295534250,0.5000000000,0.6902564103,0.7813792647
2026-07-05T13:56:59Z,20260705T135649Z,2872,0.9999999953,1.0000000000,1.0000000000,1.0000000000,0.7226923077,0.9584038450
2026-07-05T13:56:59Z,20260705T135649Z,2873,0.7233498105,1.0000000000,0.9500849642,0.3333333333,0.7288461538,0.7468480352
2026-07-05T13:56:59Z,20260705T135649Z,2874,0.8048689313,1.0000000000,0.9646740990,0.6666666667,0.8156410256,0.8498315398
2026-07-05T13:56:59Z,20260705T135649Z,2875,0.6666666667,1.0000000000,0.8405601341,0.3333333333,0.7553846154,0.7147530525
2026-07-05T13:56:59Z,20260705T135649Z,2876,1.0000000000,1.0000000000,0.9552415148,1.0000000000,0.7292307692,0.9504329183
2026-07-05T13:56:59Z,20260705T135649Z,2877,0.5468786502,1.0000000000,0.0821959233,0.2000000000,0.7352564103,0.5034473088
2026-07-05T13:56:59Z,20260705T135649Z,2878,0.9514110373,1.0000000000,0.9555050436,1.0000000000,0.7734615385,0.9449729988
2026-07-05T13:56:59Z,20260705T135649Z,2879,0.6474930472,1.0000000000,0.2031635140,0.4000000000,0.7683333333,0.5977559646
2026-07-05T13:56:59Z,20260705T135649Z,2880,0.7107144013,1.0000000000,0.8463038518,0.5000000000,0.8008974359,0.7670739861
2026-07-05T13:56:59Z,20260705T135649Z,2881,0.7415433010,1.0000000000,0.1918388099,0.5000000000,0.8243589744,0.6474074334
2026-07-05T13:56:59Z,20260705T135649Z,2882,0.6961594867,1.0000000000,0.1546893812,0.5000000000,0.8724358974,0.6358431325
2026-07-05T13:56:59Z,20260705T135649Z,2883,0.7221149473,1.0000000000,0.8757779321,0.3333333333,0.7171794872,0.7299279130
2026-07-05T13:56:59Z,20260705T135649Z,2884,0.9999999953,1.0000000000,1.0000000000,1.0000000000,0.8442307692,0.9766346142
2026-07-05T13:56:59Z,20260705T135649Z,2885,0.9999999953,1.0000000000,1.0000000000,1.0000000000,0.7974358974,0.9696153834
2026-07-05T13:56:59Z,20260705T135649Z,2886,0.7677204728,1.0000000000,0.9665245833,0.5000000000,0.7810256410,0.8023888810
2026-07-05T13:56:59Z,20260705T135649Z,2887,1.0000000000,1.0000000000,1.0000000000,1.0000000000,0.7541025641,0.9631153846
2026-07-05T13:56:59Z,20260705T135649Z,2888,0.7677204728,1.0000000000,0.9665245833,0.5000000000,0.8125641026,0.8071196502
2026-07-05T13:56:59Z,20260705T135649Z,2889,0.7677204728,1.0000000000,0.9665245833,0.5000000000,0.6503846154,0.7827927272
2026-07-05T13:56:59Z,20260705T135649Z,2890,0.6666666667,1.0000000000,0.9526695251,0.3333333333,0.7071794872,0.7299441614
2026-07-05T13:56:59Z,20260705T135649Z,2891,0.6666666667,1.0000000000,0.9220336936,0.3333333333,0.7334615385,0.7277593028
2026-07-05T13:56:59Z,20260705T135649Z,2892,1.0000000000,1.0000000000,0.9144883142,1.0000000000,0.8210256410,0.9560515090
2026-07-05T13:56:59Z,20260705T135649Z,2893,0.7295870522,1.0000000000,0.8543815259,0.5000000000,0.7524358974,0.7661384529
2026-07-05T13:56:59Z,20260705T135649Z,2894,0.7295870522,1.0000000000,0.9115516734,0.5000000000,0.7538461538,0.7777840208
2026-07-05T13:56:59Z,20260705T135649Z,2895,0.6814984824,1.0000000000,0.8339797705,0.3333333333,0.7988461538,0.7236641644
2026-07-05T13:56:59Z,20260705T135649Z,2896,0.7881737651,1.0000000000,0.6728812130,0.6666666667,0.7184615385,0.7727222480
2026-07-05T13:56:59Z,20260705T135649Z,2897,0.7475513658,1.0000000000,0.5846057988,0.5000000000,0.7998717949,0.7237897704
2026-07-05T13:56:59Z,20260705T135649Z,2898,0.7677204728,1.0000000000,0.9665245833,0.5000000000,0.7083333333,0.7914850349
2026-07-05T13:56:59Z,20260705T135649Z,2899,0.7677204728,1.0000000000,0.9665245833,0.5000000000,0.8123076923,0.8070811887
2026-07-05T13:56:59Z,20260705T135649Z,2900,0.7677204728,1.0000000000,0.9665245833,0.5000000000,0.6733333333,0.7862350349
2026-07-05T13:56:59Z,20260705T135649Z,2901,0.9999999953,1.0000000000,1.0000000000,1.0000000000,0.7508974359,0.9626346142
2026-07-05T13:56:59Z,20260705T135649Z,2902,0.7233498105,1.0000000000,0.9500849642,0.3333333333,0.8141025641,0.7596364967
2026-07-05T13:56:59Z,20260705T135649Z,2903,0.8048689313,1.0000000000,0.9646740990,0.6666666667,0.8078205128,0.8486584629
2026-07-05T13:56:59Z,20260705T135649Z,2904,0.7677204728,1.0000000000,0.9665245833,0.5000000000,0.8650000000,0.8149850349
2026-07-05T13:56:59Z,20260705T135649Z,2905,0.7221149473,1.0000000000,0.9167411894,0.3333333333,0.8224358974,0.7539090260
2026-07-05T13:56:59Z,20260705T135649Z,2906,0.7778850527,1.0000000000,0.8171260896,0.6666666667,0.7393589744,0.8021336606
2026-07-05T13:56:59Z,20260705T135649Z,2907,0.8308156933,1.0000000000,0.8645991675,0.6666666667,0.8373076923,0.8395532440
2026-07-05T13:56:59Z,20260705T135649Z,2908,0.7107144013,1.0000000000,0.7219767580,0.5000000000,0.7057692308,0.7279393365
2026-07-05T13:56:59Z,20260705T135649Z,2909,0.5796768414,1.0000000000,0.6761275261,0.2000000000,0.7451282051,0.6319139463
2026-07-05T13:56:59Z,20260705T135649Z,2910,0.7544036109,1.0000000000,0.3139572254,0.7500000000,0.7907692308,0.7200077324
2026-07-05T13:56:59Z,20260705T135649Z,2911,0.6288932976,1.0000000000,0.2047555220,0.4000000000,0.7785897436,0.5949628903
2026-07-05T13:56:59Z,20260705T135649Z,2912,0.8048689313,1.0000000000,0.9646740990,0.6666666667,0.8337179487,0.8525430783
2026-07-05T13:56:59Z,20260705T135649Z,2913,0.6666666667,1.0000000000,0.9526695251,0.3333333333,0.6738461538,0.7249441614
2026-07-05T13:56:59Z,20260705T135649Z,2914,0.6666666667,1.0000000000,0.9526695251,0.3333333333,0.6301282051,0.7183864691
2026-07-05T13:56:59Z,20260705T135649Z,2915,0.6666666667,1.0000000000,0.9526695251,0.3333333333,0.7687179487,0.7391749307
2026-07-05T13:56:59Z,20260705T135649Z,2916,0.6666666667,1.0000000000,0.9526695251,0.3333333333,0.6737179487,0.7249249307
2026-07-05T13:56:59Z,20260705T135649Z,2917,0.7677204728,1.0000000000,0.9665245833,0.5000000000,0.8121794872,0.8070619579
2026-07-05T13:56:59Z,20260705T135649Z,2918,0.9999999953,1.0000000000,1.0000000000,1.0000000000,0.6934615385,0.9540192296
2026-07-05T13:56:59Z,20260705T135649Z,2919,0.7677204728,1.0000000000,0.9665245833,0.5000000000,0.7934615385,0.8042542656
2026-07-05T13:56:59Z,20260705T135649Z,2920,0.6251540513,1.0000000000,0.9102991883,0.2500000000,0.7253846154,0.6971560428
2026-07-05T13:56:59Z,20260705T135649Z,2921,0.7496918975,1.0000000000,0.8933266677,0.5000000000,0.7419230769,0.7773767694
2026-07-05T13:56:59Z,20260705T135649Z,2922,0.9389292606,1.0000000000,0.8837272455,1.0000000000,0.7614102564,0.9256893027
2026-07-05T13:56:59Z,20260705T135649Z,2923,0.7778850527,1.0000000000,0.8655319373,0.6666666667,0.8557692308,0.8292763686
2026-07-05T13:56:59Z,20260705T135649Z,2924,1.0000000000,1.0000000000,1.0000000000,1.0000000000,0.6324358974,0.9448653846
2026-07-05T13:56:59Z,20260705T135649Z,2925,0.6666666667,1.0000000000,0.9526695251,0.3333333333,0.7867948718,0.7418864691
2026-07-05T13:56:59Z,20260705T135649Z,2926,0.6251540513,1.0000000000,0.9102991883,0.2500000000,0.6082051282,0.6795791197
2026-07-05T13:56:59Z,20260705T135649Z,2927,0.6251540513,1.0000000000,0.9102991883,0.2500000000,0.6691025641,0.6887137351
2026-07-05T13:56:59Z,20260705T135649Z,2928,0.7677204728,1.0000000000,0.9665245833,0.5000000000,0.6585897436,0.7840234964
2026-07-05T13:56:59Z,20260705T135649Z,2929,0.9999999953,1.0000000000,1.0000000000,1.0000000000,0.6639743590,0.9495961527
2026-07-05T13:56:59Z,20260705T135649Z,2930,0.7677204728,1.0000000000,0.9665245833,0.5000000000,0.6034615385,0.7757542656
2026-07-05T13:56:59Z,20260705T135649Z,2931,1.0000000000,1.0000000000,1.0000000000,1.0000000000,0.8207692308,0.9731153846
2026-07-05T13:56:59Z,20260705T135649Z,2932,0.6666666667,1.0000000000,0.9526695251,0.3333333333,0.7755128205,0.7401941614
2026-07-05T13:56:59Z,20260705T135649Z,2933,0.6251540513,1.0000000000,0.7478680893,0.2500000000,0.6882051282,0.6590928999
2026-07-05T13:56:59Z,20260705T135649Z,2934,0.8308156933,1.0000000000,0.8136414475,0.6666666667,0.6541025641,0.8018809308
2026-07-05T13:56:59Z,20260705T135649Z,2935,0.6666666667,1.0000000000,0.8291610675,0.3333333333,0.7808974359,0.7163001622
2026-07-05T13:56:59Z,20260705T135649Z,2936,1.0000000000,1.0000000000,0.9144883142,1.0000000000,0.7355128205,0.9432245859
2026-07-05T13:56:59Z,20260705T135649Z,2937,0.7778850527,1.0000000000,0.9185995894,0.6666666667,0.7496153846,0.8239668221
2026-07-05T13:56:59Z,20260705T135649Z,2938,0.7778850527,1.0000000000,0.9254705402,0.6666666667,0.7838461538,0.8304756276
2026-07-05T13:56:59Z,20260705T135649Z,2939,0.8048689313,1.0000000000,0.9646740990,0.6666666667,0.7801282051,0.8445046167
2026-07-05T13:56:59Z,20260705T135649Z,2940,0.6557645106,1.0000000000,0.2196795358,0.5000000000,0.8139743590,0.6299731887
2026-07-05T13:56:59Z,20260705T135649Z,2941,0.6665729829,1.0000000000,0.2178632370,0.3333333333,0.7189743590,0.5847287136
2026-07-05T13:56:59Z,20260705T135649Z,2942,0.6167490524,1.0000000000,0.3468855383,0.3333333333,0.7750000000,0.6064810374
2026-07-05T13:56:59Z,20260705T135649Z,2943,0.8933992419,1.0000000000,0.4582742923,1.0000000000,0.8250000000,0.8387546689
2026-07-05T13:56:59Z,20260705T135649Z,2944,0.8048689313,1.0000000000,0.9209582315,0.6666666667,0.6771794872,0.8203191355
2026-07-05T13:56:59Z,20260705T135649Z,2945,1.0000000000,1.0000000000,0.9630288418,1.0000000000,0.6776923077,0.9442596145
2026-07-05T13:56:59Z,20260705T135649Z,2946,0.7677204728,1.0000000000,0.9665245833,0.5000000000,0.5837179487,0.7727927272
2026-07-05T13:56:59Z,20260705T135649Z,2947,0.7677204728,1.0000000000,0.9665245833,0.5000000000,0.8173076923,0.8078311887
2026-07-05T13:56:59Z,20260705T135649Z,2948,0.8048689313,1.0000000000,0.5045001434,0.6666666667,0.8462820513,0.7623929025
2026-07-05T13:56:59Z,20260705T135649Z,2949,0.9694646303,1.0000000000,0.6276155666,1.0000000000,0.8073076923,0.8889854247
2026-07-05T13:56:59Z,20260705T135649Z,2950,0.7221149473,1.0000000000,0.8498246549,0.3333333333,0.6974358974,0.7217757191
2026-07-05T13:56:59Z,20260705T135649Z,2951,0.9999999953,1.0000000000,1.0000000000,1.0000000000,0.6241025641,0.9436153834
2026-07-05T13:56:59Z,20260705T135649Z,2952,0.7677204728,1.0000000000,0.9665245833,0.5000000000,0.6891025641,0.7886004195
2026-07-05T13:56:59Z,20260705T135649Z,2953,0.6666666667,1.0000000000,0.7401924071,0.3333333333,0.8239743590,0.7049679686
2026-07-05T13:56:59Z,20260705T135649Z,2954,0.6666666667,1.0000000000,0.7401924071,0.3333333333,0.8676923077,0.7115256609
2026-07-05T13:56:59Z,20260705T135649Z,2955,0.6666666667,1.0000000000,0.9220336936,0.3333333333,0.8171794872,0.7403169951
2026-07-05T13:56:59Z,20260705T135649Z,2956,1.0000000000,1.0000000000,0.9592467994,1.0000000000,0.8406410256,0.9679455137
2026-07-05T13:56:59Z,20260705T135649Z,2957,0.7295870522,1.0000000000,0.8291085106,0.5000000000,0.6393589744,0.7441223113
2026-07-05T13:56:59Z,20260705T135649Z,2958,0.7760247655,1.0000000000,0.8348057812,0.7500000000,0.8606410256,0.8400635015
2026-07-05T13:56:59Z,20260705T135649Z,2959,0.6257641301,1.0000000000,0.9399182504,0.2500000000,0.7760256410,0.7108285288
2026-07-05T13:56:59Z,20260705T135649Z,2960,0.7691695844,1.0000000000,0.8937198328,0.5000000000,0.7767948718,0.7875555934
2026-07-05T13:56:59Z,20260705T135649Z,2961,0.7804020929,1.0000000000,0.8828734957,0.6000000000,0.8335897436,0.8167136839
2026-07-05T13:56:59Z,20260705T135649Z,2962,0.7295870522,1.0000000000,0.8177245854,0.5000000000,0.7867948718,0.7639609109
2026-07-05T13:56:59Z,20260705T135649Z,2963,0.7677204728,1.0000000000,0.9665245833,0.5000000000,0.8487179487,0.8125427272
2026-07-05T13:56:59Z,20260705T135649Z,2964,0.7221149473,1.0000000000,0.9167411894,0.3333333333,0.7857692308,0.7484090260
2026-07-05T13:56:59Z,20260705T135649Z,2965,0.7221149473,1.0000000000,0.9167411894,0.3333333333,0.7383333333,0.7412936414
2026-07-05T13:56:59Z,20260705T135649Z,2966,0.7233498105,1.0000000000,0.9500849642,0.3333333333,0.6821794872,0.7398480352
2026-07-05T13:56:59Z,20260705T135649Z,2967,0.7233498105,1.0000000000,0.9500849642,0.3333333333,0.6028205128,0.7279441890
2026-07-05T13:56:59Z,20260705T135649Z,2968,0.7233498105,1.0000000000,0.9500849642,0.3333333333,0.7624358974,0.7518864967
2026-07-05T13:56:59Z,20260705T135649Z,2969,0.6257641301,1.0000000000,0.9399182504,0.2500000000,0.7739743590,0.7105208365
2026-07-05T13:56:59Z,20260705T135649Z,2970,0.6666666667,1.0000000000,0.8839199776,0.3333333333,0.8787179487,0.7419250212
2026-07-05T13:56:59Z,20260705T135649Z,2971,0.6666666667,1.0000000000,0.8685561163,0.3333333333,0.7835897436,0.7245830181
2026-07-05T13:56:59Z,20260705T135649Z,2972,1.0000000000,1.0000000000,0.9592467994,1.0000000000,0.8324358974,0.9667147445
2026-07-05T13:56:59Z,20260705T135649Z,2973,1.0000000000,1.0000000000,0.9222756411,1.0000000000,0.8325641026,0.9593397436
2026-07-05T13:56:59Z,20260705T135649Z,2974,0.7375521961,1.0000000000,0.2398543562,0.6666666667,0.7261538462,0.6746153305
2026-07-05T13:56:59Z,20260705T135649Z,2975,0.8892706552,1.0000000000,0.3632799616,1.0000000000,0.8070512821,0.8160313484
2026-07-05T13:56:59Z,20260705T135649Z,2976,0.9389292606,1.0000000000,0.9416207080,1.0000000000,0.7401282051,0.9340756875
2026-07-05T13:56:59Z,20260705T135649Z,2977,0.8892706552,1.0000000000,0.4841014981,1.0000000000,0.8524358974,0.8470033480
2026-07-05T13:56:59Z,20260705T135649Z,2978,0.7216876901,1.0000000000,0.3637764585,0.6666666667,0.7734615385,0.7025297783
2026-07-05T13:56:59Z,20260705T135649Z,2979,0.5997124834,1.0000000000,0.6961846900,0.2000000000,0.7620512821,0.6434727512
2026-07-05T13:56:59Z,20260705T135649Z,2980,0.6029000941,1.0000000000,0.6975543163,0.3333333333,0.6971794872,0.6614794765
2026-07-05T13:56:59Z,20260705T135649Z,2981,0.7525263750,1.0000000000,0.9471067961,0.5000000000,0.7696153846,0.7929952607
2026-07-05T13:56:59Z,20260705T135649Z,2982,0.8048689313,1.0000000000,0.5045001434,0.6666666667,0.7621794872,0.7497775179
2026-07-05T13:56:59Z,20260705T135649Z,2983,1.0000000000,1.0000000000,0.6685896304,1.0000000000,0.6866666667,0.8867179261
2026-07-05T13:56:59Z,20260705T135649Z,2984,0.7309729266,1.0000000000,0.8588612621,0.5000000000,0.7325641026,0.7644000995
2026-07-05T13:56:59Z,20260705T135649Z,2985,0.7221149473,1.0000000000,0.8292275133,0.3333333333,0.7674358974,0.7281562908
2026-07-05T13:56:59Z,20260705T135649Z,2986,0.7221149473,1.0000000000,0.5449819432,0.3333333333,0.7303846154,0.6657494844
2026-07-05T13:56:59Z,20260705T135649Z,2987,0.9389292606,1.0000000000,0.7671825263,1.0000000000,0.7910256410,0.9068226666
2026-07-05T13:56:59Z,20260705T135649Z,2988,0.7221149473,1.0000000000,0.7662498775,0.3333333333,0.7855128205,0.7182723021
2026-07-05T13:56:59Z,20260705T135649Z,2989,0.7677204728,1.0000000000,0.9665245833,0.5000000000,0.8526923077,0.8131388810
2026-07-05T13:56:59Z,20260705T135649Z,2990,0.6666666667,1.0000000000,0.9526695251,0.3333333333,0.6506410256,0.7214633922
2026-07-05T13:56:59Z,20260705T135649Z,2991,0.7677204728,1.0000000000,0.9665245833,0.5000000000,0.7741025641,0.8013504195
2026-07-05T13:56:59Z,20260705T135649Z,2992,0.7677204728,1.0000000000,0.9665245833,0.5000000000,0.8144871795,0.8074081118
2026-07-05T13:56:59Z,20260705T135649Z,2993,0.7677204728,1.0000000000,0.9665245833,0.5000000000,0.7360256410,0.7956388810
2026-07-05T13:56:59Z,20260705T135649Z,2994,0.9999999953,1.0000000000,1.0000000000,1.0000000000,0.6706410256,0.9505961527
2026-07-05T13:56:59Z,20260705T135649Z,2995,0.7677204728,1.0000000000,0.9665245833,0.5000000000,0.8789743590,0.8170811887
2026-07-05T13:56:59Z,20260705T135649Z,2996,0.6666666667,1.0000000000,0.9220336936,0.3333333333,0.7805128205,0.7348169951
2026-07-05T13:56:59Z,20260705T135649Z,2997,0.8048689313,1.0000000000,0.8539894749,0.6666666667,0.7923076923,0.8241946150
2026-07-05T13:56:59Z,20260705T135649Z,2998,0.8650480845,1.0000000000,0.9384330301,0.7500000000,0.8770512821,0.8855063194
2026-07-05T13:56:59Z,20260705T135649Z,2999,0.7039302083,1.0000000000,0.8523667646,0.6000000000,0.8035897436,0.7869943665
2026-07-05T13:56:59Z,20260705T135649Z,3000,0.7038845844,1.0000000000,0.9353608262,0.2500000000,0.6474358974,0.7101586960
2026-07-05T13:56:59Z,20260705T135649Z,3001,0.7677204728,1.0000000000,0.9665245833,0.5000000000,0.7671794872,0.8003119579
2026-07-05T13:56:59Z,20260705T135649Z,3002,0.6666666667,1.0000000000,0.9526695251,0.3333333333,0.7156410256,0.7312133922
2026-07-05T13:56:59Z,20260705T135649Z,3003,0.6666666667,1.0000000000,0.9526695251,0.3333333333,0.7014102564,0.7290787768
2026-07-05T13:56:59Z,20260705T135649Z,3004,1.0000000000,1.0000000000,1.0000000000,1.0000000000,0.6902564103,0.9535384615
2026-07-05T13:56:59Z,20260705T135649Z,3005,0.7677204728,1.0000000000,0.9665245833,0.5000000000,0.6373076923,0.7808311887
2026-07-05T13:56:59Z,20260705T135649Z,3006,0.9999999953,1.0000000000,1.0000000000,1.0000000000,0.6288461538,0.9443269219
2026-07-05T13:56:59Z,20260705T135649Z,3007,0.7677204728,1.0000000000,0.9665245833,0.5000000000,0.6489743590,0.7825811887
2026-07-05T13:56:59Z,20260705T135649Z,3008,0.7677204728,1.0000000000,0.9665245833,0.5000000000,0.6038461538,0.7758119579
2026-07-05T13:56:59Z,20260705T135649Z,3009,0.9999999953,1.0000000000,1.0000000000,1.0000000000,0.7524358974,0.9628653834
2026-07-05T13:56:59Z,20260705T135649Z,3010,0.9999999953,1.0000000000,1.0000000000,1.0000000000,0.7674358974,0.9651153834
2026-07-05T13:56:59Z,20260705T135649Z,3011,0.7677204728,1.0000000000,0.9295534250,0.5000000000,0.8071794872,0.7989177263
2026-07-05T13:56:59Z,20260705T135649Z,3012,0.8308156933,1.0000000000,0.9384884944,0.6666666667,0.7723076923,0.8445811094
2026-07-05T13:56:59Z,20260705T135649Z,3013,0.9694646303,1.0000000000,0.9447286544,1.0000000000,0.7039743590,0.9369080423
2026-07-05T13:56:59Z,20260705T135649Z,3014,0.9694646303,1.0000000000,0.9583338247,1.0000000000,0.8006410256,0.9541290764
2026-07-05T13:56:59Z,20260705T135649Z,3015,0.7496918975,1.0000000000,0.9474775917,0.5000000000,0.8475641026,0.8040531081
2026-07-05T13:56:59Z,20260705T135649Z,3016,0.6943980101,1.0000000000,0.8990626916,0.4000000000,0.7019230769,0.7387005024
2026-07-05T13:56:59Z,20260705T135649Z,3017,0.7954950513,1.0000000000,0.9030648197,0.7500000000,0.6233333333,0.8229867268
2026-07-05T13:56:59Z,20260705T135649Z,3018,0.5441478455,1.0000000000,0.1174056098,0.2000000000,0.7232051282,0.5079988526
2026-07-05T13:56:59Z,20260705T135649Z,3019,0.8178906433,1.0000000000,0.1880774960,0.6666666667,0.8205128205,0.6984984164
2026-07-05T13:56:59Z,20260705T135649Z,3020,0.6666666667,1.0000000000,0.9220336936,0.3333333333,0.6750000000,0.7189900721
2026-07-05T13:56:59Z,20260705T135649Z,3021,0.7677204728,1.0000000000,0.9665245833,0.5000000000,0.5682051282,0.7704658041
2026-07-05T13:56:59Z,20260705T135649Z,3022,0.7677204728,1.0000000000,0.9665245833,0.5000000000,0.6217948718,0.7785042656
2026-07-05T13:56:59Z,20260705T135649Z,3023,0.7677204728,1.0000000000,0.9665245833,0.5000000000,0.6035897436,0.7757734964
2026-07-05T13:56:59Z,20260705T135649Z,3024,0.9999999953,1.0000000000,1.0000000000,1.0000000000,0.8053846154,0.9708076911
2026-07-05T13:56:59Z,20260705T135649Z,3025,0.7221149473,1.0000000000,0.8757779321,0.3333333333,0.7369230769,0.7328894514
2026-07-05T13:56:59Z,20260705T135649Z,3026,0.7221149473,1.0000000000,0.8757779321,0.3333333333,0.7991025641,0.7422163745
2026-07-05T13:56:59Z,20260705T135649Z,3027,0.7221149473,1.0000000000,0.8498246549,0.3333333333,0.6982051282,0.7218911037
2026-07-05T13:56:59Z,20260705T135649Z,3028,0.5485061349,1.0000000000,0.7612824621,0.1666666667,0.5817948718,0.6099855903
2026-07-05T13:56:59Z,20260705T135649Z,3029,0.7911717252,1.0000000000,0.9097882557,0.5000000000,0.8423076923,0.8060967363
2026-07-05T13:56:59Z,20260705T135649Z,3030,0.7525263750,1.0000000000,0.9093608425,0.5000000000,0.7914102564,0.7887153007
2026-07-05T13:56:59Z,20260705T135649Z,3031,0.6009334931,1.0000000000,0.9272334413,0.2000000000,0.7017948718,0.6809492923
2026-07-05T13:56:59Z,20260705T135649Z,3032,0.7911717252,1.0000000000,0.9279996001,0.5000000000,0.7992307692,0.8032774667
2026-07-05T13:56:59Z,20260705T135649Z,3033,0.7708807339,1.0000000000,0.9263891964,0.6000000000,0.6691025641,0.7983634074
2026-07-05T13:56:59Z,20260705T135649Z,3034,0.8403704676,1.0000000000,0.9006112042,0.7500000000,0.9462820513,0.8821571654
2026-07-05T13:56:59Z,20260705T135649Z,3035,0.7233498105,1.0000000000,0.9500849642,0.3333333333,0.8289743590,0.7618672660
2026-07-05T13:56:59Z,20260705T135649Z,3036,0.9999999953,1.0000000000,1.0000000000,1.0000000000,0.6316666667,0.9447499988
2026-07-05T13:56:59Z,20260705T135649Z,3037,0.7233498105,1.0000000000,0.9500849642,0.3333333333,0.7467948718,0.7495403429
2026-07-05T13:56:59Z,20260705T135649Z,3038,0.7233498105,1.0000000000,0.9500849642,0.3333333333,0.7617948718,0.7517903429
2026-07-05T13:56:59Z,20260705T135649Z,3039,0.7233498105,1.0000000000,0.9500849642,0.3333333333,0.7505128205,0.7500980352
2026-07-05T13:56:59Z,20260705T135649Z,3040,0.6257641301,1.0000000000,0.9399182504,0.2500000000,0.8002564103,0.7144631442
2026-07-05T13:56:59Z,20260705T135649Z,3041,0.6666666667,1.0000000000,0.9526695251,0.3333333333,0.8573076923,0.7524633922
2026-07-05T13:56:59Z,20260705T135649Z,3042,0.7677204728,1.0000000000,0.9665245833,0.5000000000,0.7410256410,0.7963888810
2026-07-05T13:56:59Z,20260705T135649Z,3043,0.7221149473,1.0000000000,0.7776398117,0.3333333333,0.8352564103,0.7280118274
2026-07-05T13:56:59Z,20260705T135649Z,3044,1.0000000000,1.0000000000,0.8563531705,1.0000000000,0.6635897436,0.9208090956
2026-07-05T13:56:59Z,20260705T135649Z,3045,0.8031901549,1.0000000000,0.8203602212,0.7500000000,0.6938461538,0.8189465061
2026-07-05T13:56:59Z,20260705T135649Z,3046,0.7104165758,1.0000000000,0.7891041220,0.5000000000,0.7698717949,0.7509057376
2026-07-05T13:56:59Z,20260705T135649Z,3047,0.7525263750,1.0000000000,0.9471067961,0.5000000000,0.8657692308,0.8074183376
2026-07-05T13:56:59Z,20260705T135649Z,3048,0.7525263750,1.0000000000,0.9093608425,0.5000000000,0.7158974359,0.7773883776
2026-07-05T13:56:59Z,20260705T135649Z,3049,0.8308156933,1.0000000000,0.9478320785,0.6666666667,0.7789743590,0.8474498262
2026-07-05T13:56:59Z,20260705T135649Z,3050,0.7221149473,1.0000000000,0.9167411894,0.3333333333,0.7824358974,0.7479090260
2026-07-05T13:56:59Z,20260705T135649Z,3051,0.9999999953,1.0000000000,1.0000000000,1.0000000000,0.8208974359,0.9731346142
2026-07-05T13:56:59Z,20260705T135649Z,3052,0.7233498105,1.0000000000,0.9500849642,0.3333333333,0.6987179487,0.7423288044
2026-07-05T13:56:59Z,20260705T135649Z,3053,0.7233498105,1.0000000000,0.9500849642,0.3333333333,0.8024358974,0.7578864967
2026-07-05T13:56:59Z,20260705T135649Z,3054,0.7677204728,1.0000000000,0.9665245833,0.5000000000,0.8291025641,0.8096004195
2026-07-05T13:56:59Z,20260705T135649Z,3055,1.0000000000,1.0000000000,1.0000000000,1.0000000000,0.7891025641,0.9683653846
2026-07-05T13:56:59Z,20260705T135649Z,3056,0.7687025592,1.0000000000,0.5764987398,0.4000000000,0.7807692308,0.7045907724
2026-07-05T13:56:59Z,20260705T135649Z,3057,0.6660322235,1.0000000000,0.5526674945,0.4000000000,0.6620512821,0.6563492471
2026-07-05T13:56:59Z,20260705T135649Z,3058,0.8308156933,1.0000000000,0.9578593300,0.6666666667,0.7116666667,0.8393591226
2026-07-05T13:56:59Z,20260705T135649Z,3059,0.7266473016,1.0000000000,0.7229277497,0.6000000000,0.7734615385,0.7622666061
2026-07-05T13:56:59Z,20260705T135649Z,3060,0.8922603244,1.0000000000,0.7900996408,1.0000000000,0.6960256410,0.8854888554
2026-07-05T13:56:59Z,20260705T135649Z,3061,0.9239992904,1.0000000000,0.9234227024,1.0000000000,0.6724358974,0.9165497477
2026-07-05T13:56:59Z,20260705T135649Z,3062,0.6910978712,1.0000000000,0.8277626715,0.2000000000,0.7491025641,0.6906923867
2026-07-05T13:56:59Z,20260705T135649Z,3063,0.7038845844,1.0000000000,0.9353608262,0.2500000000,0.7911538462,0.7317163883
2026-07-05T13:56:59Z,20260705T135649Z,3064,0.7038845844,1.0000000000,0.9353608262,0.2500000000,0.6255128205,0.7068702344
2026-07-05T13:56:59Z,20260705T135649Z,3065,0.7221149473,1.0000000000,0.5973455428,0.3333333333,0.5515384615,0.6493952813
2026-07-05T13:56:59Z,20260705T135649Z,3066,0.8296522562,1.0000000000,0.5090321571,0.7500000000,0.8208974359,0.7823541109
2026-07-05T13:56:59Z,20260705T135649Z,3067,0.7811646086,1.0000000000,0.6284835257,0.5000000000,0.7841025641,0.7386032419
2026-07-05T13:56:59Z,20260705T135649Z,3068,0.9291181088,1.0000000000,0.3607910255,1.0000000000,0.5017948718,0.7797069631
2026-07-05T13:56:59Z,20260705T135649Z,3069,1.0000000000,1.0000000000,0.9511254961,1.0000000000,0.6674358974,0.9403404838
2026-07-05T13:56:59Z,20260705T135649Z,3070,0.8308156933,1.0000000000,0.9435168154,0.6666666667,0.7953846154,0.8490483120
2026-07-05T13:56:59Z,20260705T135649Z,3071,1.0000000000,1.0000000000,0.9087421033,1.0000000000,0.6701282051,0.9322676514
2026-07-05T13:56:59Z,20260705T135649Z,3072,0.8308156933,1.0000000000,0.9626244068,0.6666666667,0.5885897436,0.8218505995
2026-07-05T13:56:59Z,20260705T135649Z,3073,1.0000000000,1.0000000000,0.9592467994,1.0000000000,0.6371794872,0.9374262830
2026-07-05T13:56:59Z,20260705T135649Z,3074,1.0000000000,1.0000000000,0.9552415148,1.0000000000,0.6171794872,0.9336252260
2026-07-05T13:56:59Z,20260705T135649Z,3075,1.0000000000,1.0000000000,0.9144883142,1.0000000000,0.7810256410,0.9500515090
2026-07-05T13:56:59Z,20260705T135649Z,3076,1.0000000000,1.0000000000,0.8656138103,1.0000000000,0.7914102564,0.9418343005
2026-07-05T13:56:59Z,20260705T135649Z,3077,1.0000000000,1.0000000000,0.9999999866,1.0000000000,0.7517948718,0.9627692281
2026-07-05T13:56:59Z,20260705T135649Z,3078,1.0000000000,1.0000000000,0.9999999866,1.0000000000,0.7689743590,0.9653461512
2026-07-05T13:56:59Z,20260705T135649Z,3079,0.8308156933,1.0000000000,0.9167818480,0.6666666667,0.8241025641,0.8480090109
2026-07-05T13:56:59Z,20260705T135649Z,3080,0.9389292606,1.0000000000,0.5703054991,1.0000000000,0.7521794872,0.8616203380
2026-07-05T13:56:59Z,20260705T135649Z,3081,0.8461736740,1.0000000000,0.3850886120,0.7500000000,0.7771794872,0.7551380640
2026-07-05T13:56:59Z,20260705T135649Z,3082,0.8645221980,1.0000000000,0.7870632511,0.7500000000,0.5219230769,0.8018316612
2026-07-05T13:56:59Z,20260705T135649Z,3083,1.0000000000,1.0000000000,0.9366775019,1.0000000000,0.6443589744,0.9339893465
2026-07-05T13:56:59Z,20260705T135649Z,3084,0.8308156933,1.0000000000,0.7305833490,0.6666666667,0.8153846154,0.8094616188
2026-07-05T13:56:59Z,20260705T135649Z,3085,0.7691695844,1.0000000000,0.4846576582,0.5000000000,0.8103846154,0.7107816201
2026-07-05T13:56:59Z,20260705T135649Z,3086,0.7690154523,1.0000000000,0.5719258422,0.6000000000,0.6205128205,0.7197159546
2026-07-05T13:56:59Z,20260705T135649Z,3087,0.8770767457,1.0000000000,0.4095382659,1.0000000000,0.7925641026,0.8200614550
2026-07-05T13:56:59Z,20260705T135649Z,3088,0.7011185094,1.0000000000,0.6639304927,0.2500000000,0.8157692308,0.6804311105
2026-07-05T13:56:59Z,20260705T135649Z,3089,0.7677204728,1.0000000000,0.9665245833,0.5000000000,0.8258974359,0.8091196502
2026-07-05T13:56:59Z,20260705T135649Z,3090,0.7677204728,1.0000000000,0.9665245833,0.5000000000,0.7885897436,0.8035234964
2026-07-05T13:56:59Z,20260705T135649Z,3091,0.7221149473,1.0000000000,0.6513736399,0.3333333333,0.7050000000,0.6832201315
2026-07-05T13:56:59Z,20260705T135649Z,3092,0.6972020364,1.0000000000,0.6641458019,0.5000000000,0.7874358974,0.7252450541
2026-07-05T13:56:59Z,20260705T135649Z,3093,0.7233498105,1.0000000000,0.9500849642,0.3333333333,0.8644871795,0.7671941890
2026-07-05T13:56:59Z,20260705T135649Z,3094,0.7677204728,1.0000000000,0.9295534250,0.5000000000,0.8276923077,0.8019946494
2026-07-05T13:56:59Z,20260705T135649Z,3095,0.6666666667,1.0000000000,0.8685561163,0.3333333333,0.8175641026,0.7296791720
2026-07-05T13:56:59Z,20260705T135649Z,3096,0.7677204728,1.0000000000,0.8888002244,0.5000000000,0.7488461538,0.7820170862
2026-07-05T13:56:59Z,20260705T135649Z,3097,0.9999999953,1.0000000000,1.0000000000,1.0000000000,0.7432051282,0.9614807680
2026-07-05T13:56:59Z,20260705T135649Z,3098,0.7677204728,1.0000000000,0.7951672353,0.5000000000,0.7921794872,0.7697904883
2026-07-05T13:56:59Z,20260705T135649Z,3099,1.0000000000,1.0000000000,0.8656138103,1.0000000000,0.6767948718,0.9246419928
2026-07-05T13:56:59Z,20260705T135649Z,3100,0.7778850527,1.0000000000,0.8783347274,0.6666666667,0.8469230769,0.8305100035
2026-07-05T13:56:59Z,20260705T135649Z,3101,0.9694646303,1.0000000000,0.9173898678,1.0000000000,0.7973076923,0.9454402850
2026-07-05T13:56:59Z,20260705T135649Z,3102,0.8225951886,1.0000000000,0.9626090465,0.7500000000,0.7706410256,0.8637667603
2026-07-05T13:56:59Z,20260705T135649Z,3103,0.8225951886,1.0000000000,0.9626090465,0.7500000000,0.7102564103,0.8547090680
2026-07-05T13:56:59Z,20260705T135649Z,3104,0.7233498105,1.0000000000,0.9500849642,0.3333333333,0.7735897436,0.7535595737
2026-07-05T13:56:59Z,20260705T135649Z,3105,0.7677204728,1.0000000000,0.9665245833,0.5000000000,0.7489743590,0.7975811887
2026-07-05T13:56:59Z,20260705T135649Z,3106,1.0000000000,1.0000000000,1.0000000000,1.0000000000,0.6703846154,0.9505576923
2026-07-05T13:56:59Z,20260705T135649Z,3107,0.6251540513,1.0000000000,0.8004252408,0.2500000000,0.8071794872,0.6874504841
2026-07-05T13:56:59Z,20260705T135649Z,3108,0.8274928135,1.0000000000,0.6666666667,0.6666666667,0.8220512821,0.7968475624
2026-07-05T13:56:59Z,20260705T135649Z,3109,0.7322795272,1.0000000000,0.5000000000,0.5000000000,0.8456410256,0.7099160356
2026-07-05T13:56:59Z,20260705T135649Z,3110,0.9999999953,1.0000000000,1.0000000000,1.0000000000,0.7339743590,0.9600961527
2026-07-05T13:56:59Z,20260705T135649Z,3111,0.7233498105,1.0000000000,0.9500849642,0.3333333333,0.7521794872,0.7503480352
2026-07-05T13:56:59Z,20260705T135649Z,3112,0.6557645106,1.0000000000,0.4288755866,0.5000000000,0.7224358974,0.6580816296
2026-07-05T13:56:59Z,20260705T135649Z,3113,0.6683552816,1.0000000000,0.4339935777,0.5000000000,0.8305128205,0.6784644590
2026-07-05T13:56:59Z,20260705T135649Z,3114,1.0000000000,1.0000000000,0.9556318169,1.0000000000,0.8291025641,0.9654917480
2026-07-05T13:56:59Z,20260705T135649Z,3115,0.7496918975,1.0000000000,0.6273869998,0.5000000000,0.7119230769,0.7196888359
2026-07-05T13:56:59Z,20260705T135649Z,3116,0.8461736740,1.0000000000,0.6974229673,0.7500000000,0.6239743590,0.7946241658
2026-07-05T13:56:59Z,20260705T135649Z,3117,0.7760247655,1.0000000000,0.8176046687,0.7500000000,0.7748717949,0.8237578944
2026-07-05T13:56:59Z,20260705T135649Z,3118,0.6972020364,1.0000000000,0.8841972083,0.5000000000,0.7911538462,0.7698130277
2026-07-05T13:56:59Z,20260705T135649Z,3119,0.6972020364,1.0000000000,0.9176449982,0.5000000000,0.7057692308,0.7636948934
2026-07-05T13:56:59Z,20260705T135649Z,3120,0.9694646303,1.0000000000,0.9607964412,1.0000000000,0.6316666667,0.9292754458
2026-07-05T13:56:59Z,20260705T135649Z,3121,0.7221149473,1.0000000000,0.9167411894,0.3333333333,0.7635897436,0.7450821029
2026-07-05T13:56:59Z,20260705T135649Z,3122,0.9999999953,1.0000000000,1.0000000000,1.0000000000,0.9075641026,0.9861346142
2026-07-05T13:56:59Z,20260705T135649Z,3123,0.9999999953,1.0000000000,1.0000000000,1.0000000000,0.8087179487,0.9713076911
2026-07-05T13:56:59Z,20260705T135649Z,3124,0.7677204728,1.0000000000,0.9665245833,0.5000000000,0.7900000000,0.8037350349
2026-07-05T13:56:59Z,20260705T135649Z,3125,0.7677204728,1.0000000000,0.9665245833,0.5000000000,0.8075641026,0.8063696502
2026-07-05T13:56:59Z,20260705T135649Z,3126,0.9999999953,1.0000000000,1.0000000000,1.0000000000,0.7753846154,0.9663076911
2026-07-05T13:56:59Z,20260705T135649Z,3127,0.9999999953,1.0000000000,1.0000000000,1.0000000000,0.7269230769,0.9590384604
2026-07-05T13:56:59Z,20260705T135649Z,3128,0.7677204728,1.0000000000,0.8888002244,0.5000000000,0.7208974359,0.7778247785
2026-07-05T13:56:59Z,20260705T135649Z,3129,0.7677204728,1.0000000000,0.8888002244,0.5000000000,0.8221794872,0.7930170862
2026-07-05T13:56:59Z,20260705T135649Z,3130,0.7221149473,1.0000000000,0.7776398117,0.3333333333,0.7848717949,0.7204541351
2026-07-05T13:56:59Z,20260705T135649Z,3131,0.8308156933,1.0000000000,0.8461221871,0.6666666667,0.7667948718,0.8252809248
2026-07-05T13:56:59Z,20260705T135649Z,3132,0.7778850527,1.0000000000,0.9185995894,0.6666666667,0.7356410256,0.8218706682
2026-07-05T13:56:59Z,20260705T135649Z,3133,0.7778850527,1.0000000000,0.9254705402,0.6666666667,0.8228205128,0.8363217815
2026-07-05T13:56:59Z,20260705T135649Z,3134,0.8048689313,1.0000000000,0.9646740990,0.6666666667,0.8117948718,0.8492546167
2026-07-05T13:56:59Z,20260705T135649Z,3135,0.8048689313,1.0000000000,0.8269519658,0.6666666667,0.7708974359,0.8155755747
2026-07-05T13:56:59Z,20260705T135649Z,3136,0.6666666667,1.0000000000,0.7925436939,0.3333333333,0.8210256410,0.7149959183
2026-07-05T13:56:59Z,20260705T135649Z,3137,0.7677204728,1.0000000000,0.9665245833,0.5000000000,0.6950000000,0.7894850349
2026-07-05T13:56:59Z,20260705T135649Z,3138,0.9999999953,1.0000000000,1.0000000000,1.0000000000,0.6658974359,0.9498846142
2026-07-05T13:56:59Z,20260705T135649Z,3139,0.9999999953,1.0000000000,1.0000000000,1.0000000000,0.6710256410,0.9506538450
2026-07-05T13:56:59Z,20260705T135649Z,3140,0.7233498105,1.0000000000,0.9500849642,0.3333333333,0.5820512821,0.7248288044
2026-07-05T13:56:59Z,20260705T135649Z,3141,0.7233498105,1.0000000000,0.9500849642,0.3333333333,0.5789743590,0.7243672660
2026-07-05T13:56:59Z,20260705T135649Z,3142,0.9999999953,1.0000000000,1.0000000000,1.0000000000,0.7383333333,0.9607499988
2026-07-05T13:56:59Z,20260705T135649Z,3143,0.7011185094,1.0000000000,0.9032887910,0.2500000000,0.7217948718,0.7142066163
2026-07-05T13:56:59Z,20260705T135649Z,3144,0.7011185094,1.0000000000,0.9032887910,0.2500000000,0.6687179487,0.7062450779
2026-07-05T13:56:59Z,20260705T135649Z,3145,0.7221149473,1.0000000000,0.8031614184,0.3333333333,0.7287179487,0.7171353795
2026-07-05T13:56:59Z,20260705T135649Z,3146,0.8308156933,1.0000000000,0.8626274645,0.6666666667,0.7623076923,0.8279089034
2026-07-05T13:56:59Z,20260705T135649Z,3147,1.0000000000,1.0000000000,0.9999999905,1.0000000000,0.7806410256,0.9670961519
2026-07-05T13:56:59Z,20260705T135649Z,3148,0.7677204728,1.0000000000,0.9295534250,0.5000000000,0.8803846154,0.8098984955
2026-07-05T13:56:59Z,20260705T135649Z,3149,0.7233498105,1.0000000000,0.9500849642,0.3333333333,0.7734615385,0.7535403429
2026-07-05T13:56:59Z,20260705T135649Z,3150,0.6257641301,1.0000000000,0.8782153545,0.2500000000,0.8375641026,0.7077187188
2026-07-05T13:56:59Z,20260705T135649Z,3151,0.6009334931,1.0000000000,0.8715437659,0.2000000000,0.9230769231,0.7030036649
2026-07-05T13:56:59Z,20260705T135649Z,3152,0.8202606934,1.0000000000,0.8156056922,0.7500000000,0.6739743590,0.8192824656
2026-07-05T13:56:59Z,20260705T135649Z,3153,0.6251540513,1.0000000000,0.7752363395,0.2500000000,0.5352564103,0.6416242423
2026-07-05T13:56:59Z,20260705T135649Z,3154,0.6666666667,1.0000000000,0.9526695251,0.3333333333,0.6256410256,0.7177133922
2026-07-05T13:56:59Z,20260705T135649Z,3155,0.7677204728,1.0000000000,0.9665245833,0.5000000000,0.6524358974,0.7831004195
2026-07-05T13:56:59Z,20260705T135649Z,3156,0.9999999953,1.0000000000,1.0000000000,1.0000000000,0.6875641026,0.9531346142
2026-07-05T13:56:59Z,20260705T135649Z,3157,0.7677204728,1.0000000000,0.9665245833,0.5000000000,0.7021794872,0.7905619579
2026-07-05T13:56:59Z,20260705T135649Z,3158,0.7677204728,1.0000000000,0.9665245833,0.5000000000,0.7588461538,0.7990619579
2026-07-05T13:56:59Z,20260705T135649Z,3159,0.7677204728,1.0000000000,0.9665245833,0.5000000000,0.8151282051,0.8075042656
2026-07-05T13:56:59Z,20260705T135649Z,3160,1.0000000000,1.0000000000,0.8775171560,1.0000000000,0.7376923077,0.9361572773
2026-07-05T13:56:59Z,20260705T135649Z,3161,1.0000000000,1.0000000000,0.9144883142,1.0000000000,0.8305128205,0.9574745859
2026-07-05T13:56:59Z,20260705T135649Z,3162,1.0000000000,1.0000000000,0.9630288418,1.0000000000,0.7921794872,0.9614326914
2026-07-05T13:56:59Z,20260705T135649Z,3163,0.7525263750,1.0000000000,0.9471067961,0.5000000000,0.6821794872,0.7798798761
2026-07-05T13:56:59Z,20260705T135649Z,3164,0.6524308986,1.0000000000,0.7759501210,0.4000000000,0.7689743590,0.7136439027
2026-07-05T13:56:59Z,20260705T135649Z,3165,0.8556136734,1.0000000000,0.6734641059,0.7500000000,0.7491025641,0.8109616241
2026-07-05T13:56:59Z,20260705T135649Z,3166,0.6512923670,1.0000000000,0.4531455328,0.2500000000,0.7289743590,0.6127983522
2026-07-05T13:56:59Z,20260705T135649Z,3167,0.7677204728,1.0000000000,0.9665245833,0.5000000000,0.7139743590,0.7923311887
2026-07-05T13:56:59Z,20260705T135649Z,3168,0.7677204728,1.0000000000,0.9665245833,0.5000000000,0.7875641026,0.8033696502
2026-07-05T13:56:59Z,20260705T135649Z,3169,0.9999999953,1.0000000000,1.0000000000,1.0000000000,0.8241025641,0.9736153834
2026-07-05T13:56:59Z,20260705T135649Z,3170,0.7677204728,1.0000000000,0.9665245833,0.5000000000,0.7370512821,0.7957927272
2026-07-05T13:56:59Z,20260705T135649Z,3171,1.0000000000,1.0000000000,1.0000000000,1.0000000000,0.6388461538,0.9458269231
2026-07-05T13:56:59Z,20260705T135649Z,3172,0.7778850527,1.0000000000,0.9254705402,0.6666666667,0.7124358974,0.8197640892
2026-07-05T13:56:59Z,20260705T135649Z,3173,0.6626838260,1.0000000000,0.8122384215,0.4000000000,0.9100000000,0.7446186408
2026-07-05T13:56:59Z,20260705T135649Z,3174,0.7295870522,1.0000000000,0.8164339559,0.5000000000,0.7405128205,0.7567604773
2026-07-05T13:56:59Z,20260705T135649Z,3175,0.7778850527,1.0000000000,0.8321371256,0.6666666667,0.9125641026,0.8311166370
2026-07-05T13:56:59Z,20260705T135649Z,3176,0.7496918975,1.0000000000,0.8993750183,0.5000000000,0.7973076923,0.7868941319
2026-07-05T13:56:59Z,20260705T135649Z,3177,0.7688234628,1.0000000000,0.7976675165,0.7500000000,0.8724358974,0.8326047536
2026-07-05T13:56:59Z,20260705T135649Z,3178,0.7039302083,1.0000000000,0.7998803331,0.6000000000,0.6762820513,0.7574009264
2026-07-05T13:56:59Z,20260705T135649Z,3179,0.6009334931,1.0000000000,0.7346916464,0.2000000000,0.5989743590,0.6270178564
2026-07-05T13:56:59Z,20260705T135649Z,3180,0.5831289857,1.0000000000,0.7309980153,0.1666666667,0.7973076923,0.6449113367
2026-07-05T13:56:59Z,20260705T135649Z,3181,0.6323592548,1.0000000000,0.3444477242,0.3333333333,0.8064102564,0.6146075637
2026-07-05T13:56:59Z,20260705T135649Z,3182,0.7415433010,1.0000000000,0.5682496204,0.5000000000,0.7623076923,0.7133819032
2026-07-05T13:56:59Z,20260705T135649Z,3183,0.6972020364,1.0000000000,0.7230085668,0.5000000000,0.7569230769,0.7324406840
2026-07-05T13:56:59Z,20260705T135649Z,3184,0.7233498105,1.0000000000,0.9500849642,0.3333333333,0.6819230769,0.7398095737
2026-07-05T13:56:59Z,20260705T135649Z,3185,0.7677204728,1.0000000000,0.7422378832,0.5000000000,0.6557692308,0.7387430795
2026-07-05T13:56:59Z,20260705T135649Z,3186,0.7677204728,1.0000000000,0.7422378832,0.5000000000,0.7303846154,0.7499353871
2026-07-05T13:56:59Z,20260705T135649Z,3187,0.9999999953,1.0000000000,1.0000000000,1.0000000000,0.7841025641,0.9676153834
2026-07-05T13:56:59Z,20260705T135649Z,3188,0.7677204728,1.0000000000,0.9665245833,0.5000000000,0.6391025641,0.7811004195
2026-07-05T13:56:59Z,20260705T135649Z,3189,1.0000000000,1.0000000000,0.9630288418,1.0000000000,0.8024358974,0.9629711530
2026-07-05T13:56:59Z,20260705T135649Z,3190,0.7677204728,1.0000000000,0.9295534250,0.5000000000,0.6823076923,0.7801869571
2026-07-05T13:56:59Z,20260705T135649Z,3191,0.7677204728,1.0000000000,0.9665245833,0.5000000000,0.7856410256,0.8030811887
2026-07-05T13:56:59Z,20260705T135649Z,3192,1.0000000000,1.0000000000,0.8775171560,1.0000000000,0.8438461538,0.9520803543
2026-07-05T13:56:59Z,20260705T135649Z,3193,1.0000000000,1.0000000000,0.9144883142,1.0000000000,0.8792307692,0.9647822782
2026-07-05T13:56:59Z,20260705T135649Z,3194,0.7525263750,1.0000000000,0.9377784458,0.5000000000,0.7978205128,0.7953603598
2026-07-05T13:56:59Z,20260705T135649Z,3195,0.7525263750,1.0000000000,0.8703663628,0.5000000000,0.8023076923,0.7825510202
2026-07-05T13:56:59Z,20260705T135649Z,3196,0.8308156933,1.0000000000,0.9455495523,0.6666666667,0.8523076923,0.8579933210
2026-07-05T13:56:59Z,20260705T135649Z,3197,0.6806608889,1.0000000000,0.8961914554,0.4000000000,0.5956410256,0.7187496671
2026-07-05T13:56:59Z,20260705T135649Z,3198,0.6524308986,1.0000000000,0.9088470572,0.4000000000,0.5660256410,0.7097809822
2026-07-05T13:56:59Z,20260705T135649Z,3199,0.7221149473,1.0000000000,0.9167411894,0.3333333333,0.7042307692,0.7361782567
2026-07-05T13:56:59Z,20260705T135649Z,3200,0.7677204728,1.0000000000,0.9665245833,0.5000000000,0.6826923077,0.7876388810
2026-07-05T13:56:59Z,20260705T135649Z,3201,0.6666666667,1.0000000000,0.6839169010,0.3333333333,0.7888461538,0.6884436366
2026-07-05T13:56:59Z,20260705T135649Z,3202,0.7677204728,1.0000000000,0.6855471582,0.5000000000,0.8253846154,0.7528472421
2026-07-05T13:56:59Z,20260705T135649Z,3203,0.7677204728,1.0000000000,0.8440417392,0.5000000000,0.6720512821,0.7615461584
2026-07-05T13:56:59Z,20260705T135649Z,3204,1.0000000000,1.0000000000,0.8775171560,1.0000000000,0.6567948718,0.9240226620
2026-07-05T13:56:59Z,20260705T135649Z,3205,0.8048689313,1.0000000000,0.9646740990,0.6666666667,0.6273076923,0.8215815398
2026-07-05T13:56:59Z,20260705T135649Z,3206,0.6972020364,1.0000000000,0.8770383728,0.5000000000,0.8708974359,0.7803427990
2026-07-05T13:56:59Z,20260705T135649Z,3207,1.0000000000,1.0000000000,0.8429661232,1.0000000000,0.5519230769,0.9013816862
2026-07-05T13:56:59Z,20260705T135649Z,3208,0.6468804614,1.0000000000,0.6662260314,0.4000000000,0.6262820513,0.6689076293
2026-07-05T13:56:59Z,20260705T135649Z,3209,0.7895834242,1.0000000000,0.7950150553,0.5000000000,0.6824358974,0.7587642517
2026-07-05T13:56:59Z,20260705T135649Z,3210,0.7778850527,1.0000000000,0.8783347274,0.6666666667,0.8089743590,0.8248176958
2026-07-05T13:56:59Z,20260705T135649Z,3211,0.6385522430,1.0000000000,0.7841141617,0.4000000000,0.7403846154,0.7075185854
2026-07-05T13:56:59Z,20260705T135649Z,3212,0.7294061770,1.0000000000,0.9200624515,0.5000000000,0.8001282051,0.7863832653
2026-07-05T13:56:59Z,20260705T135649Z,3213,0.8321627679,1.0000000000,0.6481909303,0.8000000000,0.7992307692,0.8175634934
2026-07-05T13:56:59Z,20260705T135649Z,3214,0.6721372281,1.0000000000,0.5999776067,0.4000000000,0.8088461538,0.6893567514
2026-07-05T13:56:59Z,20260705T135649Z,3215,0.8266479091,1.0000000000,0.5608897692,0.6666666667,0.6628205128,0.7515963414
2026-07-05T13:56:59Z,20260705T135649Z,3216,0.7677204728,1.0000000000,0.9295534250,0.5000000000,0.5655128205,0.7626677263
2026-07-05T13:56:59Z,20260705T135649Z,3217,0.7677204728,1.0000000000,0.9665245833,0.5000000000,0.6489743590,0.7825811887
2026-07-05T13:56:59Z,20260705T135649Z,3218,0.7677204728,1.0000000000,0.9665245833,0.5000000000,0.7203846154,0.7932927272
2026-07-05T13:56:59Z,20260705T135649Z,3219,0.9999999953,1.0000000000,1.0000000000,1.0000000000,0.6229487179,0.9434423065
2026-07-05T13:56:59Z,20260705T135649Z,3220,0.9999999953,1.0000000000,1.0000000000,1.0000000000,0.6087179487,0.9413076911
2026-07-05T13:56:59Z,20260705T135649Z,3221,0.7677204728,1.0000000000,0.9665245833,0.5000000000,0.7656410256,0.8000811887
2026-07-05T13:56:59Z,20260705T135649Z,3222,0.6666666667,1.0000000000,0.9220336936,0.3333333333,0.6885897436,0.7210285336
2026-07-05T13:56:59Z,20260705T135649Z,3223,0.7778850527,1.0000000000,0.9185995894,0.6666666667,0.7506410256,0.8241206682
2026-07-05T13:56:59Z,20260705T135649Z,3224,0.8683435189,1.0000000000,0.9100641067,0.7500000000,0.7687179487,0.8644063934
2026-07-05T13:56:59Z,20260705T135649Z,3225,0.8224757615,1.0000000000,0.8240296145,0.7500000000,0.8575641026,0.8490594787
2026-07-05T13:56:59Z,20260705T135649Z,3226,0.7778850527,1.0000000000,0.7515843736,0.6666666667,0.7901282051,0.7966407020
2026-07-05T13:56:59Z,20260705T135649Z,3227,0.7517556886,1.0000000000,0.5070400948,0.6666666667,0.8257692308,0.7465456590
2026-07-05T13:56:59Z,20260705T135649Z,3228,0.6624500968,1.0000000000,0.4890116716,0.5000000000,0.7708974359,0.6790494739
2026-07-05T13:56:59Z,20260705T135649Z,3229,0.7221149473,1.0000000000,0.8757779321,0.3333333333,0.7471794872,0.7344279130
2026-07-05T13:56:59Z,20260705T135649Z,3230,0.7002216302,1.0000000000,0.7274040254,0.2500000000,0.7770512821,0.6870939049
2026-07-05T13:56:59Z,20260705T135649Z,3231,0.8683435189,1.0000000000,0.8873829764,0.7500000000,0.7506410256,0.8571586288
2026-07-05T13:56:59Z,20260705T135649Z,3232,0.6251540513,1.0000000000,0.8260550879,0.2500000000,0.7671794872,0.6865764535
2026-07-05T13:56:59Z,20260705T135649Z,3233,0.6666666667,1.0000000000,0.8405601341,0.3333333333,0.7930769231,0.7204068986
2026-07-05T13:56:59Z,20260705T135649Z,3234,0.7677204728,1.0000000000,0.8440417392,0.5000000000,0.7820512821,0.7780461584
2026-07-05T13:56:59Z,20260705T135649Z,3235,0.9999999953,1.0000000000,1.0000000000,1.0000000000,0.7620512821,0.9643076911
2026-07-05T13:56:59Z,20260705T135649Z,3236,0.9999999953,1.0000000000,1.0000000000,1.0000000000,0.7874358974,0.9681153834
2026-07-05T13:56:59Z,20260705T135649Z,3237,0.7677204728,1.0000000000,0.9295534250,0.5000000000,0.7905128205,0.7964177263
2026-07-05T13:56:59Z,20260705T135649Z,3238,1.0000000000,1.0000000000,0.9999999905,1.0000000000,0.8274358974,0.9741153827
2026-07-05T13:56:59Z,20260705T135649Z,3239,0.7778850527,1.0000000000,0.6643609787,0.6666666667,0.8388461538,0.7865037153
2026-07-05T13:56:59Z,20260705T135649Z,3240,0.6616313865,1.0000000000,0.2036287478,0.5000000000,0.7521794872,0.6189605193
2026-07-05T13:56:59Z,20260705T135649Z,3241,0.6102407817,1.0000000000,0.1827745449,0.5000000000,0.7587179487,0.6029227967
2026-07-05T13:56:59Z,20260705T135649Z,3242,0.5476038968,1.0000000000,0.2752460743,0.2500000000,0.6070512821,0.5330078814
2026-07-05T13:56:59Z,20260705T135649Z,3243,0.7295870522,1.0000000000,0.8677146913,0.5000000000,0.8089743590,0.7772858552
2026-07-05T13:56:59Z,20260705T135649Z,3244,0.6673780623,1.0000000000,0.8850253289,0.3333333333,0.5908974359,0.6991508634
2026-07-05T13:56:59Z,20260705T135649Z,3245,0.7895834242,1.0000000000,0.8826002508,0.5000000000,0.8891025641,0.8072812908
2026-07-05T13:56:59Z,20260705T135649Z,3246,0.7778850527,1.0000000000,0.8783347274,0.6666666667,0.7507692308,0.8160869266
2026-07-05T13:56:59Z,20260705T135649Z,3247,0.7221149473,1.0000000000,0.8757779321,0.3333333333,0.7573076923,0.7359471438
2026-07-05T13:56:59Z,20260705T135649Z,3248,0.6895710071,1.0000000000,0.5329876247,0.2000000000,0.8105128205,0.6405671998
2026-07-05T13:56:59Z,20260705T135649Z,3249,0.6990368723,1.0000000000,0.6142455118,0.5000000000,0.7730769231,0.7135698589
2026-07-05T13:56:59Z,20260705T135649Z,3250,0.7295870522,1.0000000000,0.8677146913,0.5000000000,0.6702564103,0.7564781628
2026-07-05T13:56:59Z,20260705T135649Z,3251,0.6666666667,1.0000000000,0.9526695251,0.3333333333,0.8075641026,0.7450018537
2026-07-05T13:56:59Z,20260705T135649Z,3252,0.7677204728,1.0000000000,0.9665245833,0.5000000000,0.7673076923,0.8003311887
2026-07-05T13:56:59Z,20260705T135649Z,3253,0.7677204728,1.0000000000,0.9665245833,0.5000000000,0.8187179487,0.8080427272
2026-07-05T13:56:59Z,20260705T135649Z,3254,0.7677204728,1.0000000000,0.9665245833,0.5000000000,0.8469230769,0.8122734964
2026-07-05T13:56:59Z,20260705T135649Z,3255,0.9999999953,1.0000000000,1.0000000000,1.0000000000,0.7826923077,0.9674038450
2026-07-05T13:56:59Z,20260705T135649Z,3256,0.9999999953,1.0000000000,1.0000000000,1.0000000000,0.7201282051,0.9580192296
2026-07-05T13:56:59Z,20260705T135649Z,3257,0.7677204728,1.0000000000,0.9295534250,0.5000000000,0.8265384615,0.8018215724
2026-07-05T13:56:59Z,20260705T135649Z,3258,1.0000000000,1.0000000000,0.9630288418,1.0000000000,0.8650000000,0.9723557684
2026-07-05T13:56:59Z,20260705T135649Z,3259,0.7778850527,1.0000000000,0.7604963421,0.6666666667,1.0000000000,0.8299038649
2026-07-05T13:56:59Z,20260705T135649Z,3260,0.8308156933,1.0000000000,0.8136414475,0.6666666667,0.7471794872,0.8158424692
2026-07-05T13:56:59Z,20260705T135649Z,3261,0.6822064905,1.0000000000,0.7243899233,0.4000000000,0.6903846154,0.6989872996
2026-07-05T13:56:59Z,20260705T135649Z,3262,0.6822064905,1.0000000000,0.7236676428,0.4000000000,0.5856410256,0.6831313050
2026-07-05T13:56:59Z,20260705T135649Z,3263,0.7778850527,1.0000000000,0.9254705402,0.6666666667,0.7871794872,0.8309756276
2026-07-05T13:56:59Z,20260705T135649Z,3264,0.6626838260,1.0000000000,0.8122384215,0.4000000000,0.7657692308,0.7229840254
2026-07-05T13:56:59Z,20260705T135649Z,3265,0.7743054762,1.0000000000,0.8096348569,0.7500000000,0.5617948718,0.7897725712
2026-07-05T13:56:59Z,20260705T135649Z,3266,0.8308156933,1.0000000000,0.9384884944,0.6666666667,0.8871794872,0.8618118786
2026-07-05T13:56:59Z,20260705T135649Z,3267,1.0000000000,1.0000000000,0.9592467994,1.0000000000,0.6205128205,0.9349262830
2026-07-05T13:56:59Z,20260705T135649Z,3268,1.0000000000,1.0000000000,0.9592467994,1.0000000000,0.8187179487,0.9646570522
2026-07-05T13:56:59Z,20260705T135649Z,3269,0.6666666667,1.0000000000,0.9004753771,0.3333333333,0.8342307692,0.7385630241
2026-07-05T13:56:59Z,20260705T135649Z,3270,0.5993152312,1.0000000000,0.8197473961,0.2000000000,0.7683333333,0.6690282870
2026-07-05T13:56:59Z,20260705T135649Z,3271,0.7796750095,1.0000000000,0.2022929587,0.5000000000,0.7048717949,0.6411081134
2026-07-05T13:56:59Z,20260705T135649Z,3272,0.5295108608,1.0000000000,0.0145553496,0.2000000000,0.8482051282,0.5025195544
2026-07-05T13:56:59Z,20260705T135649Z,3273,0.9720464599,1.0000000000,0.9502904823,1.0000000000,0.7775641026,0.9497043268
2026-07-05T13:56:59Z,20260705T135649Z,3274,0.6846705113,1.0000000000,0.3702867148,0.4000000000,0.7608974359,0.6393595862
2026-07-05T13:56:59Z,20260705T135649Z,3275,0.9389292606,1.0000000000,0.7551430507,1.0000000000,0.8288461538,0.9100878484
2026-07-05T13:56:59Z,20260705T135649Z,3276,1.0000000000,1.0000000000,0.8147107840,1.0000000000,0.6538461538,0.9110190799
2026-07-05T13:56:59Z,20260705T135649Z,3277,0.6251540513,1.0000000000,0.8260550879,0.2500000000,0.8102564103,0.6930379919
2026-07-05T13:56:59Z,20260705T135649Z,3278,0.6251540513,1.0000000000,0.9102991883,0.2500000000,0.7517948718,0.7011175812
2026-07-05T13:56:59Z,20260705T135649Z,3279,0.7778850527,1.0000000000,0.8602506629,0.6666666667,0.8305128205,0.8244316522
2026-07-05T13:56:59Z,20260705T135649Z,3280,0.8308156933,1.0000000000,0.9105614780,0.6666666667,0.8371794872,0.8487264753
2026-07-05T13:56:59Z,20260705T135649Z,3281,0.7625051470,1.0000000000,0.8481456471,0.6000000000,0.7641025641,0.7948708008
2026-07-05T13:56:59Z,20260705T135649Z,3282,0.5804306233,1.0000000000,0.8127364382,0.1666666667,0.7988461538,0.6608151999
2026-07-05T13:56:59Z,20260705T135649Z,3283,0.7516694881,1.0000000000,0.8770284364,0.4000000000,0.8505128205,0.7708999824
2026-07-05T13:56:59Z,20260705T135649Z,3284,0.7294816543,1.0000000000,0.8002510337,0.5000000000,0.7953846154,0.7617283126
2026-07-05T13:56:59Z,20260705T135649Z,3285,0.7002216302,1.0000000000,0.7442052596,0.2500000000,0.7876923077,0.6920503056
2026-07-05T13:56:59Z,20260705T135649Z,3286,0.7038845844,1.0000000000,0.9353608262,0.2500000000,0.7308974359,0.7226779267
2026-07-05T13:56:59Z,20260705T135649Z,3287,0.6009334931,1.0000000000,0.7346916464,0.2000000000,0.7307692308,0.6467870872
2026-07-05T13:56:59Z,20260705T135649Z,3288,0.6666666667,1.0000000000,0.7401924071,0.3333333333,0.7216666667,0.6896218148
2026-07-05T13:56:59Z,20260705T135649Z,3289,0.7677204728,1.0000000000,0.9665245833,0.5000000000,0.7675641026,0.8003696502
2026-07-05T13:56:59Z,20260705T135649Z,3290,0.9999999953,1.0000000000,1.0000000000,1.0000000000,0.6071794872,0.9410769219
2026-07-05T13:56:59Z,20260705T135649Z,3291,0.7677204728,1.0000000000,0.9665245833,0.5000000000,0.8391025641,0.8111004195
2026-07-05T13:56:59Z,20260705T135649Z,3292,0.6666666667,1.0000000000,0.9526695251,0.3333333333,0.8326923077,0.7487710845
2026-07-05T13:56:59Z,20260705T135649Z,3293,0.7911717252,1.0000000000,0.8438487297,0.5000000000,0.7538461538,0.7796396003
2026-07-05T13:56:59Z,20260705T135649Z,3294,0.5913116357,1.0000000000,0.7982874328,0.3333333333,0.7671794872,0.6892289852
2026-07-05T13:56:59Z,20260705T135649Z,3295,0.8461736740,1.0000000000,0.9049470807,0.7500000000,0.7674358974,0.8576482192
2026-07-05T13:56:59Z,20260705T135649Z,3296,0.7496918975,1.0000000000,0.8933266677,0.5000000000,0.6987179487,0.7708960002
2026-07-05T13:56:59Z,20260705T135649Z,3297,0.5439435634,1.0000000000,0.3320688125,0.2000000000,0.8219230769,0.5656881149
2026-07-05T13:56:59Z,20260705T135649Z,3298,0.7415433010,1.0000000000,0.6069296219,0.5000000000,0.6135897436,0.6988102112
2026-07-05T13:56:59Z,20260705T135649Z,3299,0.8308156933,1.0000000000,0.9522826136,0.6666666667,0.8337179487,0.8565514717
2026-07-05T13:56:59Z,20260705T135649Z,3300,0.9291181088,1.0000000000,0.3689618924,1.0000000000,0.7780769231,0.8227834441
2026-07-05T13:56:59Z,20260705T135649Z,3301,0.7611707559,1.0000000000,0.2511479492,0.4000000000,0.6419230769,0.6168107404
2026-07-05T13:56:59Z,20260705T135649Z,3302,0.8258679853,1.0000000000,0.6997944512,0.6000000000,0.7805128205,0.7835028096
2026-07-05T13:56:59Z,20260705T135649Z,3303,0.6251540513,1.0000000000,0.5439689149,0.2500000000,0.8060256410,0.6359861419
2026-07-05T13:56:59Z,20260705T135649Z,3304,0.7677204728,1.0000000000,0.9665245833,0.5000000000,0.7119230769,0.7920234964
2026-07-05T13:56:59Z,20260705T135649Z,3305,0.9999999953,1.0000000000,1.0000000000,1.0000000000,0.7388461538,0.9608269219
2026-07-05T13:56:59Z,20260705T135649Z,3306,0.9999999953,1.0000000000,1.0000000000,1.0000000000,0.7383333333,0.9607499988
2026-07-05T13:56:59Z,20260705T135649Z,3307,0.7677204728,1.0000000000,0.9295534250,0.5000000000,0.7560256410,0.7912446494
2026-07-05T13:56:59Z,20260705T135649Z,3308,0.7677204728,1.0000000000,0.9295534250,0.5000000000,0.8002564103,0.7978792647
2026-07-05T13:56:59Z,20260705T135649Z,3309,0.9999999953,1.0000000000,1.0000000000,1.0000000000,0.7702564103,0.9655384604
2026-07-05T13:56:59Z,20260705T135649Z,3310,0.7677204728,1.0000000000,0.8888002244,0.5000000000,0.8355128205,0.7950170862
2026-07-05T13:56:59Z,20260705T135649Z,3311,0.7677204728,1.0000000000,0.8888002244,0.5000000000,0.6769230769,0.7712286246
2026-07-05T13:56:59Z,20260705T135649Z,3312,0.7221149473,1.0000000000,0.9167411894,0.3333333333,0.8789743590,0.7623897952
2026-07-05T13:56:59Z,20260705T135649Z,3313,0.7496918975,1.0000000000,0.9308145509,0.5000000000,0.7941025641,0.7927012692
2026-07-05T13:56:59Z,20260705T135649Z,3314,1.0000000000,1.0000000000,0.9565934266,1.0000000000,0.8087179487,0.9626263776
2026-07-05T13:56:59Z,20260705T135649Z,3315,0.8308156933,1.0000000000,0.9446321591,0.6666666667,0.7875641026,0.8480983039
2026-07-05T13:56:59Z,20260705T135649Z,3316,0.7778850527,1.0000000000,0.9254705402,0.6666666667,0.6958974359,0.8172833199
2026-07-05T13:56:59Z,20260705T135649Z,3317,0.7266473016,1.0000000000,0.8035945151,0.6000000000,0.7843589744,0.7800345746
2026-07-05T13:56:59Z,20260705T135649Z,3318,0.6757168504,1.0000000000,0.5724368200,0.5000000000,0.6685897436,0.6837050381
2026-07-05T13:56:59Z,20260705T135649Z,3319,0.7002216302,1.0000000000,0.5502283119,0.2500000000,0.7282051282,0.6443318392
2026-07-05T13:56:59Z,20260705T135649Z,3320,0.7677204728,1.0000000000,0.7951672353,0.5000000000,0.8153846154,0.7732712576
2026-07-05T13:56:59Z,20260705T135649Z,3321,0.7677204728,1.0000000000,0.7951672353,0.5000000000,0.6438461538,0.7475404883
2026-07-05T13:56:59Z,20260705T135649Z,3322,0.9999999953,1.0000000000,1.0000000000,1.0000000000,0.8329487179,0.9749423065
2026-07-05T13:56:59Z,20260705T135649Z,3323,0.9999999953,1.0000000000,1.0000000000,1.0000000000,0.7142307692,0.9571346142
2026-07-05T13:56:59Z,20260705T135649Z,3324,0.7233498105,1.0000000000,0.9500849642,0.3333333333,0.8243589744,0.7611749583
2026-07-05T13:56:59Z,20260705T135649Z,3325,0.7233498105,1.0000000000,0.9500849642,0.3333333333,0.6489743590,0.7348672660
2026-07-05T13:56:59Z,20260705T135649Z,3326,0.7677204728,1.0000000000,0.9665245833,0.5000000000,0.7508974359,0.7978696502
2026-07-05T13:56:59Z,20260705T135649Z,3327,0.7677204728,1.0000000000,0.9665245833,0.5000000000,0.7857692308,0.8031004195
2026-07-05T13:56:59Z,20260705T135649Z,3328,0.7221149473,1.0000000000,0.7776398117,0.3333333333,0.7537179487,0.7157810581
2026-07-05T13:56:59Z,20260705T135649Z,3329,0.8308156933,1.0000000000,0.8461221871,0.6666666667,0.7923076923,0.8291078479
2026-07-05T13:56:59Z,20260705T135649Z,3330,1.0000000000,1.0000000000,0.9630288418,1.0000000000,0.7903846154,0.9611634607
2026-07-05T13:56:59Z,20260705T135649Z,3331,1.0000000000,1.0000000000,1.0000000000,1.0000000000,0.6856410256,0.9528461538
2026-07-05T13:56:59Z,20260705T135649Z,3332,0.8048689313,1.0000000000,0.9646740990,0.6666666667,0.8023076923,0.8478315398
2026-07-05T13:56:59Z,20260705T135649Z,3333,0.6458731984,1.0000000000,0.1575267181,0.5000000000,0.7624358974,0.6073390278
2026-07-05T13:56:59Z,20260705T135649Z,3334,0.7160887327,1.0000000000,0.1570808574,0.6666666667,0.8575641026,0.6724063034
2026-07-05T13:56:59Z,20260705T135649Z,3335,1.0000000000,1.0000000000,0.9630288418,1.0000000000,0.7591025641,0.9564711530
2026-07-05T13:56:59Z,20260705T135649Z,3336,0.6186566985,1.0000000000,0.3717417715,0.3333333333,0.8371794872,0.6212561187
2026-07-05T13:56:59Z,20260705T135649Z,3337,0.6968385816,1.0000000000,0.3743340836,0.5000000000,0.6741025641,0.6501918467
2026-07-05T13:56:59Z,20260705T135649Z,3338,0.9999999953,1.0000000000,1.0000000000,1.0000000000,0.7875641026,0.9681346142
2026-07-05T13:56:59Z,20260705T135649Z,3339,0.7677204728,1.0000000000,0.9665245833,0.5000000000,0.8070512821,0.8062927272
2026-07-05T13:56:59Z,20260705T135649Z,3340,0.7677204728,1.0000000000,0.9665245833,0.5000000000,0.6439743590,0.7818311887
2026-07-05T13:56:59Z,20260705T135649Z,3341,0.7677204728,1.0000000000,0.9665245833,0.5000000000,0.6191025641,0.7781004195
2026-07-05T13:56:59Z,20260705T135649Z,3342,0.8048689313,1.0000000000,0.9646740990,0.6666666667,0.7673076923,0.8425815398
2026-07-05T13:56:59Z,20260705T135649Z,3343,0.7309729266,1.0000000000,0.8727468559,0.5000000000,0.7634615385,0.7718118336
2026-07-05T13:56:59Z,20260705T135649Z,3344,0.8003084866,1.0000000000,0.8462822462,0.7500000000,0.7257692308,0.8281989555
2026-07-05T13:56:59Z,20260705T135649Z,3345,0.9258367513,1.0000000000,0.7772450351,1.0000000000,0.6825641026,0.8892928102
2026-07-05T13:56:59Z,20260705T135649Z,3346,0.7104165758,1.0000000000,0.5944855876,0.5000000000,0.8407692308,0.7226166461
2026-07-05T13:56:59Z,20260705T135649Z,3347,0.7525263750,1.0000000000,0.9377784458,0.5000000000,0.7607692308,0.7898026675
2026-07-05T13:56:59Z,20260705T135649Z,3348,0.7038845844,1.0000000000,0.9353608262,0.2500000000,0.7771794872,0.7296202344
2026-07-05T13:56:59Z,20260705T135649Z,3349,0.7233498105,1.0000000000,0.9500849642,0.3333333333,0.8024358974,0.7578864967
2026-07-05T13:56:59Z,20260705T135649Z,3350,0.8048689313,1.0000000000,0.9646740990,0.6666666667,0.7157692308,0.8348507706
2026-07-05T13:56:59Z,20260705T135649Z,3351,1.0000000000,1.0000000000,1.0000000000,1.0000000000,0.6775641026,0.9516346154
2026-07-05T13:56:59Z,20260705T135649Z,3352,0.7677204728,1.0000000000,0.9665245833,0.5000000000,0.7974358974,0.8048504195
2026-07-05T13:56:59Z,20260705T135649Z,3353,0.7677204728,1.0000000000,0.9665245833,0.5000000000,0.8257692308,0.8091004195
2026-07-05T13:56:59Z,20260705T135649Z,3354,0.7677204728,1.0000000000,0.9665245833,0.5000000000,0.8989743590,0.8200811887
2026-07-05T13:56:59Z,20260705T135649Z,3355,0.9999999953,1.0000000000,1.0000000000,1.0000000000,0.8105128205,0.9715769219
2026-07-05T13:56:59Z,20260705T135649Z,3356,0.7677204728,1.0000000000,0.9665245833,0.5000000000,0.7807692308,0.8023504195
2026-07-05T13:56:59Z,20260705T135649Z,3357,0.8048689313,1.0000000000,0.9646740990,0.6666666667,0.7858974359,0.8453700014
2026-07-05T13:56:59Z,20260705T135649Z,3358,0.7233498105,1.0000000000,0.9500849642,0.3333333333,0.7991025641,0.7573864967
2026-07-05T13:56:59Z,20260705T135649Z,3359,0.7011185094,1.0000000000,0.8126754436,0.2500000000,0.8121794872,0.7096416392
2026-07-05T13:56:59Z,20260705T135649Z,3360,0.7911717252,1.0000000000,0.8768984150,0.5000000000,0.7258974359,0.7820572297
2026-07-05T13:56:59Z,20260705T135649Z,3361,0.7525263750,1.0000000000,0.9377784458,0.5000000000,0.7601282051,0.7897065137
2026-07-05T13:56:59Z,20260705T135649Z,3362,0.7525263750,1.0000000000,0.9471067961,0.5000000000,0.6271794872,0.7716298761
2026-07-05T13:56:59Z,20260705T135649Z,3363,0.7295870522,1.0000000000,0.8677146913,0.5000000000,0.6658974359,0.7558243167
2026-07-05T13:56:59Z,20260705T135649Z,3364,0.7110955233,1.0000000000,0.9138453752,0.4000000000,0.7889743590,0.7588891097
2026-07-05T13:56:59Z,20260705T135649Z,3365,0.7221149473,1.0000000000,0.9167411894,0.3333333333,0.7388461538,0.7413705644
2026-07-05T13:56:59Z,20260705T135649Z,3366,0.9999999953,1.0000000000,1.0000000000,1.0000000000,0.8506410256,0.9775961527
2026-07-05T13:56:59Z,20260705T135649Z,3367,0.7677204728,1.0000000000,0.9665245833,0.5000000000,0.6956410256,0.7895811887
2026-07-05T13:56:59Z,20260705T135649Z,3368,0.6666666667,1.0000000000,0.9220336936,0.3333333333,0.8643589744,0.7473939182
2026-07-05T13:56:59Z,20260705T135649Z,3369,0.7677204728,1.0000000000,0.9295534250,0.5000000000,0.6578205128,0.7765138801
2026-07-05T13:56:59Z,20260705T135649Z,3370,0.7233498105,1.0000000000,0.9500849642,0.3333333333,0.6308974359,0.7321557275
2026-07-05T13:56:59Z,20260705T135649Z,3371,0.8048689313,1.0000000000,0.9502376885,0.6666666667,0.7674358974,0.8397134885
2026-07-05T13:56:59Z,20260705T135649Z,3372,0.7699465438,1.0000000000,0.8630015368,0.4000000000,0.8239743590,0.7686830972
2026-07-05T13:56:59Z,20260705T135649Z,3373,0.8358978213,1.0000000000,0.8094750285,0.6000000000,0.7334615385,0.8008886918
2026-07-05T13:56:59Z,20260705T135649Z,3374,0.7221149473,1.0000000000,0.6513736399,0.3333333333,0.8442307692,0.7041047469
2026-07-05T13:56:59Z,20260705T135649Z,3375,0.7221149473,1.0000000000,0.7776398117,0.3333333333,0.8106410256,0.7243195197
2026-07-05T13:56:59Z,20260705T135649Z,3376,0.8308156933,1.0000000000,0.8461221871,0.6666666667,0.8337179487,0.8353193864
2026-07-05T13:56:59Z,20260705T135649Z,3377,0.8048689313,1.0000000000,0.9209582315,0.6666666667,0.8269230769,0.8427806740
2026-07-05T13:56:59Z,20260705T135649Z,3378,0.7233498105,1.0000000000,0.8886112460,0.3333333333,0.6979487179,0.7299186762
2026-07-05T13:56:59Z,20260705T135649Z,3379,0.7677204728,1.0000000000,0.9665245833,0.5000000000,0.7488461538,0.7975619579
2026-07-05T13:56:59Z,20260705T135649Z,3380,0.6251540513,1.0000000000,0.9102991883,0.2500000000,0.5970512821,0.6779060428
2026-07-05T13:56:59Z,20260705T135649Z,3381,0.7221149473,1.0000000000,0.9167411894,0.3333333333,0.5351282051,0.7108128721
2026-07-05T13:56:59Z,20260705T135649Z,3382,0.9999999953,1.0000000000,1.0000000000,1.0000000000,0.8473076923,0.9770961527
2026-07-05T13:56:59Z,20260705T135649Z,3383,0.9999999953,1.0000000000,1.0000000000,1.0000000000,0.8126923077,0.9719038450
2026-07-05T13:56:59Z,20260705T135649Z,3384,0.9999999953,1.0000000000,1.0000000000,1.0000000000,0.5898717949,0.9384807680
2026-07-05T13:56:59Z,20260705T135649Z,3385,0.7677204728,1.0000000000,0.9665245833,0.5000000000,0.7171794872,0.7928119579
2026-07-05T13:56:59Z,20260705T135649Z,3386,0.7677204728,1.0000000000,0.9665245833,0.5000000000,0.7646153846,0.7999273425
2026-07-05T13:56:59Z,20260705T135649Z,3387,0.7677204728,1.0000000000,0.9665245833,0.5000000000,0.8135897436,0.8072734964
2026-07-05T13:56:59Z,20260705T135649Z,3388,0.7677204728,1.0000000000,0.9665245833,0.5000000000,0.6734615385,0.7862542656
2026-07-05T13:56:59Z,20260705T135649Z,3389,0.7002216302,1.0000000000,0.8337420285,0.2500000000,0.8221794872,0.7151307363
2026-07-05T13:56:59Z,20260705T135649Z,3390,0.8683435189,1.0000000000,0.9319946949,0.7500000000,0.9006410256,0.8885809726
2026-07-05T13:56:59Z,20260705T135649Z,3391,0.9694646303,1.0000000000,0.9173898678,1.0000000000,0.7357692308,0.9362095157
2026-07-05T13:56:59Z,20260705T135649Z,3392,1.0000000000,1.0000000000,1.0000000000,1.0000000000,0.7639743590,0.9645961538
2026-07-05T13:56:59Z,20260705T135649Z,3393,0.6512534889,1.0000000000,0.9049215397,0.4000000000,0.8103846154,0.7453553725
2026-07-05T13:56:59Z,20260705T135649Z,3394,0.6226900841,1.0000000000,0.5678799290,0.3333333333,0.6233333333,0.6294151735
2026-07-05T13:56:59Z,20260705T135649Z,3395,0.7823478129,1.0000000000,0.7649843208,0.6000000000,0.5753846154,0.7548915097
2026-07-05T13:56:59Z,20260705T135649Z,3396,0.7861187152,1.0000000000,0.5518715829,0.5000000000,0.8388461538,0.7327309185
2026-07-05T13:56:59Z,20260705T135649Z,3397,0.7895834242,1.0000000000,0.8908629730,0.5000000000,0.8092307692,0.7969530660
2026-07-05T13:56:59Z,20260705T135649Z,3398,0.8556136734,1.0000000000,0.6529306894,0.7500000000,0.8257692308,0.8183549408
2026-07-05T13:56:59Z,20260705T135649Z,3399,0.7248934060,1.0000000000,0.4674960702,0.6666666667,0.8842307692,0.7406905143
2026-07-05T13:56:59Z,20260705T135649Z,3400,1.0000000000,1.0000000000,1.0000000000,1.0000000000,0.7938461538,0.9690769231
2026-07-05T13:56:59Z,20260705T135649Z,3401,0.8048689313,1.0000000000,0.9091757782,0.6666666667,0.7188461538,0.8242126449
2026-07-05T13:56:59Z,20260705T135649Z,3402,0.7309729266,1.0000000000,0.8762451271,0.5000000000,0.6398717949,0.7539730263
2026-07-05T13:56:59Z,20260705T135649Z,3403,0.6251540513,1.0000000000,0.8155921466,0.2500000000,0.6723076923,0.6702530960
2026-07-05T13:56:59Z,20260705T135649Z,3404,0.7677204728,1.0000000000,0.9295534250,0.5000000000,0.7607692308,0.7919561878
2026-07-05T13:56:59Z,20260705T135649Z,3405,0.7038845844,1.0000000000,0.9353608262,0.2500000000,0.7606410256,0.7271394652
2026-07-05T13:56:59Z,20260705T135649Z,3406,0.7038845844,1.0000000000,0.9353608262,0.2500000000,0.8674358974,0.7431586960
2026-07-05T13:56:59Z,20260705T135649Z,3407,0.7221149473,1.0000000000,0.8292275133,0.3333333333,0.8288461538,0.7373678292
2026-07-05T13:56:59Z,20260705T135649Z,3408,1.0000000000,1.0000000000,0.9087421033,1.0000000000,0.8269230769,0.9557868822
2026-07-05T13:56:59Z,20260705T135649Z,3409,0.7496918975,1.0000000000,0.9474775917,0.5000000000,0.6253846154,0.7707261850
2026-07-05T13:56:59Z,20260705T135649Z,3410,0.7221149473,1.0000000000,0.9167411894,0.3333333333,0.5023076923,0.7058897952
2026-07-05T13:56:59Z,20260705T135649Z,3411,0.7221149473,1.0000000000,0.8498246549,0.3333333333,0.7885897436,0.7354487960
2026-07-05T13:56:59Z,20260705T135649Z,3412,0.8308156933,1.0000000000,0.8763023934,0.6666666667,0.7256410256,0.8251438892
2026-07-05T13:56:59Z,20260705T135649Z,3413,1.0000000000,1.0000000000,1.0000000000,1.0000000000,0.8188461538,0.9728269231
2026-07-05T13:56:59Z,20260705T135649Z,3414,0.7677204728,1.0000000000,0.9665245833,0.5000000000,0.6916666667,0.7889850349
2026-07-05T13:56:59Z,20260705T135649Z,3415,0.9999999953,1.0000000000,1.0000000000,1.0000000000,0.7442307692,0.9616346142
2026-07-05T13:56:59Z,20260705T135649Z,3416,0.7233498105,1.0000000000,0.9500849642,0.3333333333,0.8407692308,0.7636364967
2026-07-05T13:56:59Z,20260705T135649Z,3417,0.6257641301,1.0000000000,0.9399182504,0.2500000000,0.7751282051,0.7106939134
2026-07-05T13:56:59Z,20260705T135649Z,3418,0.7677204728,1.0000000000,0.9665245833,0.5000000000,0.6974358974,0.7898504195
2026-07-05T13:56:59Z,20260705T135649Z,3419,0.7677204728,1.0000000000,0.9665245833,0.5000000000,0.6888461538,0.7885619579
2026-07-05T13:56:59Z,20260705T135649Z,3420,0.7677204728,1.0000000000,0.9665245833,0.5000000000,0.8462820513,0.8121773425
2026-07-05T13:56:59Z,20260705T135649Z,3421,0.7677204728,1.0000000000,0.9665245833,0.5000000000,0.8052564103,0.8060234964
2026-07-05T13:56:59Z,20260705T135649Z,3422,0.6251540513,1.0000000000,0.8260550879,0.2500000000,0.7991025641,0.6913649150
2026-07-05T13:56:59Z,20260705T135649Z,3423,0.7107144013,1.0000000000,0.6998860143,0.5000000000,0.8106410256,0.7392519570
2026-07-05T13:56:59Z,20260705T135649Z,3424,0.6268086504,1.0000000000,0.6810644723,0.4000000000,0.7538461538,0.6859919801
2026-07-05T13:56:59Z,20260705T135649Z,3425,0.5897693768,1.0000000000,0.2164248741,0.4000000000,0.8428205128,0.5971503959
2026-07-05T13:56:59Z,20260705T135649Z,3426,0.6665729829,1.0000000000,0.2178632370,0.3333333333,0.7456410256,0.5887287136
2026-07-05T13:56:59Z,20260705T135649Z,3427,0.7011185094,1.0000000000,0.9032887910,0.2500000000,0.8756410256,0.7372835394
2026-07-05T13:56:59Z,20260705T135649Z,3428,0.7585645240,1.0000000000,0.2345235548,0.6000000000,0.5006410256,0.6316419958
2026-07-05T13:56:59Z,20260705T135649Z,3429,0.7104165758,1.0000000000,0.7488695527,0.5000000000,0.4855128205,0.7002049776
2026-07-05T13:56:59Z,20260705T135649Z,3430,0.6666666667,1.0000000000,0.8685561163,0.3333333333,0.6655128205,0.7068714797
2026-07-05T13:56:59Z,20260705T135649Z,3431,0.7691695844,1.0000000000,0.8482355996,0.5000000000,0.8260256410,0.7858433622
2026-07-05T13:56:59Z,20260705T135649Z,3432,0.7113754386,1.0000000000,0.7991544076,0.5000000000,0.5310256410,0.7173285873
2026-07-05T13:56:59Z,20260705T135649Z,3433,0.6257641301,1.0000000000,0.9399182504,0.2500000000,0.5580769231,0.6781362211
2026-07-05T13:56:59Z,20260705T135649Z,3434,0.7216876901,1.0000000000,0.0370845214,0.6666666667,0.8273076923,0.6452683140
2026-07-05T13:56:59Z,20260705T135649Z,3435,0.7525263750,1.0000000000,0.9471067961,0.5000000000,0.7664102564,0.7925144914
2026-07-05T13:56:59Z,20260705T135649Z,3436,0.6009334931,1.0000000000,0.9044810860,0.2000000000,0.7235897436,0.6796680520
2026-07-05T13:56:59Z,20260705T135649Z,3437,0.6666666667,1.0000000000,0.9220336936,0.3333333333,0.7403846154,0.7287977644
2026-07-05T13:56:59Z,20260705T135649Z,3438,0.6666666667,1.0000000000,0.9526695251,0.3333333333,0.7516666667,0.7366172384
2026-07-05T13:56:59Z,20260705T135649Z,3439,0.6666666667,1.0000000000,0.9526695251,0.3333333333,0.7924358974,0.7427326230
2026-07-05T13:56:59Z,20260705T135649Z,3440,1.0000000000,1.0000000000,1.0000000000,1.0000000000,0.6287179487,0.9443076923
2026-07-05T13:56:59Z,20260705T135649Z,3441,0.7677204728,1.0000000000,0.9665245833,0.5000000000,0.7019230769,0.7905234964
2026-07-05T13:56:59Z,20260705T135649Z,3442,0.7221149473,1.0000000000,0.7499837614,0.3333333333,0.7221794872,0.7055190788
2026-07-05T13:56:59Z,20260705T135649Z,3443,0.8308156933,1.0000000000,0.9047432778,0.6666666667,0.8466666667,0.8489859122
2026-07-05T13:56:59Z,20260705T135649Z,3444,0.7911717252,1.0000000000,0.9015420416,0.5000000000,0.6203846154,0.7711590319
2026-07-05T13:56:59Z,20260705T135649Z,3445,0.7743054762,1.0000000000,0.8249148428,0.7500000000,0.7871794872,0.8266362607
2026-07-05T13:56:59Z,20260705T135649Z,3446,0.8461736740,1.0000000000,0.9049470807,0.7500000000,0.7469230769,0.8545712962
2026-07-05T13:56:59Z,20260705T135649Z,3447,0.7494712451,1.0000000000,0.9316296726,0.6000000000,0.6587179487,0.7925014381
2026-07-05T13:56:59Z,20260705T135649Z,3448,0.7525263750,1.0000000000,0.9471067961,0.5000000000,0.8292307692,0.8019375684
2026-07-05T13:56:59Z,20260705T135649Z,3449,0.7911717252,1.0000000000,0.9279996001,0.5000000000,0.7891025641,0.8017582359
2026-07-05T13:56:59Z,20260705T135649Z,3450,0.6297267614,1.0000000000,0.1075549938,0.4000000000,0.7678205128,0.5741157660
2026-07-05T13:56:59Z,20260705T135649Z,3451,0.6161870225,1.0000000000,0.0869026167,0.3333333333,0.8302564103,0.5626324072
2026-07-05T13:56:59Z,20260705T135649Z,3452,0.7677204728,1.0000000000,0.7951672353,0.5000000000,0.8839743590,0.7835597191
2026-07-05T13:56:59Z,20260705T135649Z,3453,0.7778850527,1.0000000000,0.8171260896,0.6666666667,0.7770512821,0.8077875067
2026-07-05T13:56:59Z,20260705T135649Z,3454,0.7221149473,1.0000000000,0.9167411894,0.3333333333,0.6823076923,0.7328897952
2026-07-05T13:56:59Z,20260705T135649Z,3455,0.7677204728,1.0000000000,0.9665245833,0.5000000000,0.8693589744,0.8156388810
2026-07-05T13:56:59Z,20260705T135649Z,3456,0.7677204728,1.0000000000,0.9665245833,0.5000000000,0.6039743590,0.7758311887
2026-07-05T13:56:59Z,20260705T135649Z,3457,0.9999999953,1.0000000000,1.0000000000,1.0000000000,0.8288461538,0.9743269219
2026-07-05T13:56:59Z,20260705T135649Z,3458,0.7677204728,1.0000000000,0.9665245833,0.5000000000,0.6587179487,0.7840427272
2026-07-05T13:56:59Z,20260705T135649Z,3459,0.7525263750,1.0000000000,0.9471067961,0.5000000000,0.8164102564,0.8000144914
2026-07-05T13:56:59Z,20260705T135649Z,3460,0.6806608889,1.0000000000,0.9256057529,0.4000000000,0.7471794872,0.7473632959
2026-07-05T13:56:59Z,20260705T135649Z,3461,0.9389292606,1.0000000000,0.9122925691,1.0000000000,0.7767948718,0.9337100598
2026-07-05T13:56:59Z,20260705T135649Z,3462,0.8308156933,1.0000000000,0.9384884944,0.6666666667,0.7117948718,0.8355041863
2026-07-05T13:56:59Z,20260705T135649Z,3463,0.7691695844,1.0000000000,0.9055796355,0.5000000000,0.7789743590,0.7902544770
2026-07-05T13:56:59Z,20260705T135649Z,3464,0.8003084866,1.0000000000,0.9158158044,0.7500000000,0.8005128205,0.8533172056
2026-07-05T13:56:59Z,20260705T135649Z,3465,0.8202606934,1.0000000000,0.9474327708,0.7500000000,0.5901282051,0.8330709583
2026-07-05T13:56:59Z,20260705T135649Z,3466,0.7525263750,1.0000000000,0.9093608425,0.5000000000,0.8034615385,0.7905229930
2026-07-05T13:56:59Z,20260705T135649Z,3467,0.6257641301,1.0000000000,0.8782153545,0.2500000000,0.8170512821,0.7046417957
2026-07-05T13:56:59Z,20260705T135649Z,3468,0.7149010414,1.0000000000,0.9501233359,0.5000000000,0.7919230769,0.7875383891
2026-07-05T13:56:59Z,20260705T135649Z,3469,0.6257641301,1.0000000000,0.9399182504,0.2500000000,0.8226923077,0.7178285288
2026-07-05T13:56:59Z,20260705T135649Z,3470,0.6666666667,1.0000000000,0.9526695251,0.3333333333,0.5970512821,0.7134249307
2026-07-05T13:56:59Z,20260705T135649Z,3471,0.7677204728,1.0000000000,0.9665245833,0.5000000000,0.7582051282,0.7989658041
2026-07-05T13:56:59Z,20260705T135649Z,3472,0.7221149473,1.0000000000,0.7662498775,0.3333333333,0.7476923077,0.7125992251
2026-07-05T13:56:59Z,20260705T135649Z,3473,0.8938939633,1.0000000000,0.6177342541,1.0000000000,0.7455128205,0.8588472647
2026-07-05T13:56:59Z,20260705T135649Z,3474,0.7248934060,1.0000000000,0.4595490479,0.6666666667,0.8947435897,0.7406780329
2026-07-05T13:56:59Z,20260705T135649Z,3475,1.0000000000,1.0000000000,0.9592467994,1.0000000000,0.6071794872,0.9329262830
2026-07-05T13:56:59Z,20260705T135649Z,3476,0.7737924475,1.0000000000,0.6702762345,0.4000000000,0.7498717949,0.7199841280
2026-07-05T13:56:59Z,20260705T135649Z,3477,0.7860231941,1.0000000000,0.7009351051,0.6000000000,0.8075641026,0.7778274349
2026-07-05T13:56:59Z,20260705T135649Z,3478,0.6524308986,1.0000000000,0.5654361636,0.4000000000,0.7441025641,0.6678103420
2026-07-05T13:56:59Z,20260705T135649Z,3479,0.9438743789,1.0000000000,0.6740624695,1.0000000000,0.7687179487,0.8860887809
2026-07-05T13:56:59Z,20260705T135649Z,3480,0.6775242385,1.0000000000,0.6461906274,0.4000000000,0.7141025641,0.6857345697
2026-07-05T13:56:59Z,20260705T135649Z,3481,0.7700287414,1.0000000000,0.2297049699,0.6000000000,0.8394871795,0.6843712563
2026-07-05T13:56:59Z,20260705T135649Z,3482,0.6888720839,1.0000000000,0.1932477076,0.6000000000,0.7674358974,0.6459829471
2026-07-05T13:56:59Z,20260705T135649Z,3483,0.6257641301,1.0000000000,0.9399182504,0.2500000000,0.7903846154,0.7129823749
2026-07-05T13:56:59Z,20260705T135649Z,3484,0.7737924475,1.0000000000,0.7033104374,0.4000000000,0.7457692308,0.7259755840
2026-07-05T13:56:59Z,20260705T135649Z,3485,0.6072917209,1.0000000000,0.6565499007,0.3333333333,0.8607692308,0.6789149616
2026-07-05T13:56:59Z,20260705T135649Z,3486,0.8308156933,1.0000000000,0.9069391514,0.6666666667,0.8142307692,0.8445597023
2026-07-05T13:56:59Z,20260705T135649Z,3487,0.8308156933,1.0000000000,0.8324540231,0.6666666667,0.7523076923,0.8203742151
2026-07-05T13:56:59Z,20260705T135649Z,3488,1.0000000000,1.0000000000,0.9241389701,1.0000000000,0.7525641026,0.9477124094
2026-07-05T13:56:59Z,20260705T135649Z,3489,0.6251540513,1.0000000000,0.8714019262,0.2500000000,0.8205128205,0.7036458211
2026-07-05T13:56:59Z,20260705T135649Z,3490,0.7677204728,1.0000000000,0.9665245833,0.5000000000,0.6651282051,0.7850042656
2026-07-05T13:56:59Z,20260705T135649Z,3491,0.7677204728,1.0000000000,0.9665245833,0.5000000000,0.7507692308,0.7978504195
2026-07-05T13:56:59Z,20260705T135649Z,3492,0.8048689313,1.0000000000,0.9646740990,0.6666666667,0.7639743590,0.8420815398
2026-07-05T13:56:59Z,20260705T135649Z,3493,0.7760247655,1.0000000000,0.9208946666,0.7500000000,0.8703846154,0.8587428170
2026-07-05T13:56:59Z,20260705T135649Z,3494,0.7295870522,1.0000000000,0.9066127506,0.5000000000,0.6757692308,0.7650846978
2026-07-05T13:56:59Z,20260705T135649Z,3495,0.6251540513,1.0000000000,0.8910669939,0.2500000000,0.6021794872,0.6748288347
2026-07-05T13:56:59Z,20260705T135649Z,3496,0.6283958482,1.0000000000,0.1243602620,0.4000000000,0.5998717949,0.5519517837
2026-07-05T13:56:59Z,20260705T135649Z,3497,0.9512680542,1.0000000000,0.9291599155,1.0000000000,0.6967948718,0.9281682274
2026-07-05T13:56:59Z,20260705T135649Z,3498,0.6474930472,1.0000000000,0.2218957097,0.4000000000,0.7788461538,0.6030793268
2026-07-05T13:56:59Z,20260705T135649Z,3499,0.6262925536,1.0000000000,0.6160291330,0.4000000000,0.6753846154,0.6610866573
2026-07-05T13:56:59Z,20260705T135649Z,3500,0.8126140003,1.0000000000,0.5837352113,0.7500000000,0.6906410256,0.7734966962
2026-07-05T13:56:59Z,20260705T135649Z,3501,0.7043382816,1.0000000000,0.6279887561,0.4000000000,0.6858974359,0.6845669370
2026-07-05T13:56:59Z,20260705T135649Z,3502,0.6937816918,1.0000000000,0.6662866069,0.4000000000,0.6471794872,0.6837796674
2026-07-05T13:56:59Z,20260705T135649Z,3503,0.7279184350,1.0000000000,0.9056817181,0.6000000000,0.7853846154,0.8009236447
2026-07-05T13:56:59Z,20260705T135649Z,3504,0.7860231941,1.0000000000,0.8108377314,0.6000000000,0.7524358974,0.7915387294
2026-07-05T13:56:59Z,20260705T135649Z,3505,0.7415433010,1.0000000000,0.4344073851,0.5000000000,0.9165384615,0.7097480715
2026-07-05T13:56:59Z,20260705T135649Z,3506,0.6665729829,1.0000000000,0.2178632370,0.3333333333,0.7921794872,0.5957094829
2026-07-05T13:56:59Z,20260705T135649Z,3507,0.7677204728,1.0000000000,0.9665245833,0.5000000000,0.7592307692,0.7991196502
2026-07-05T13:56:59Z,20260705T135649Z,3508,0.7677204728,1.0000000000,0.9665245833,0.5000000000,0.6107692308,0.7768504195
2026-07-05T13:56:59Z,20260705T135649Z,3509,0.9999999953,1.0000000000,1.0000000000,1.0000000000,0.8001282051,0.9700192296
2026-07-05T13:56:59Z,20260705T135649Z,3510,0.9999999953,1.0000000000,1.0000000000,1.0000000000,0.8360256410,0.9754038450
2026-07-05T13:56:59Z,20260705T135649Z,3511,0.7677204728,1.0000000000,0.9665245833,0.5000000000,0.6039743590,0.7758311887
2026-07-05T13:56:59Z,20260705T135649Z,3512,1.0000000000,1.0000000000,1.0000000000,1.0000000000,0.7493589744,0.9624038462
2026-07-05T13:56:59Z,20260705T135649Z,3513,0.8308156933,1.0000000000,0.8763023934,0.6666666667,0.7185897436,0.8240861969
2026-07-05T13:56:59Z,20260705T135649Z,3514,0.7221149473,1.0000000000,0.8498246549,0.3333333333,0.6487179487,0.7144680268
2026-07-05T13:56:59Z,20260705T135649Z,3515,0.7011185094,1.0000000000,0.8614669463,0.2500000000,0.8574358974,0.7261884012
2026-07-05T13:56:59Z,20260705T135649Z,3516,0.7911717252,1.0000000000,0.9395596258,0.5000000000,0.6451282051,0.7824740872
2026-07-05T13:56:59Z,20260705T135649Z,3517,0.7525263750,1.0000000000,0.9093608425,0.5000000000,0.8248717949,0.7937345315
2026-07-05T13:56:59Z,20260705T135649Z,3518,0.6672130795,1.0000000000,0.9365319137,0.4000000000,0.7498717949,0.7465904218
2026-07-05T13:56:59Z,20260705T135649Z,3519,1.0000000000,1.0000000000,1.0000000000,1.0000000000,0.7075641026,0.9561346154
2026-07-05T13:56:59Z,20260705T135649Z,3520,0.7745830086,1.0000000000,0.8561779145,0.7500000000,0.7105128205,0.8214582581
2026-07-05T13:56:59Z,20260705T135649Z,3521,0.6775242385,1.0000000000,0.8543425133,0.4000000000,0.7780769231,0.7369611008
2026-07-05T13:56:59Z,20260705T135649Z,3522,0.6251540513,1.0000000000,0.9102991883,0.2500000000,0.8512820513,0.7160406582
2026-07-05T13:56:59Z,20260705T135649Z,3523,0.7677204728,1.0000000000,0.9665245833,0.5000000000,0.7324358974,0.7951004195
2026-07-05T13:56:59Z,20260705T135649Z,3524,0.9999999953,1.0000000000,1.0000000000,1.0000000000,0.6188461538,0.9428269219
2026-07-05T13:56:59Z,20260705T135649Z,3525,0.9999999953,1.0000000000,1.0000000000,1.0000000000,0.8041025641,0.9706153834
2026-07-05T13:56:59Z,20260705T135649Z,3526,0.7677204728,1.0000000000,0.9665245833,0.5000000000,0.7687179487,0.8005427272
2026-07-05T13:56:59Z,20260705T135649Z,3527,0.6666666667,1.0000000000,0.9526695251,0.3333333333,0.8161538462,0.7462903153
2026-07-05T13:56:59Z,20260705T135649Z,3528,0.7677204728,1.0000000000,0.9665245833,0.5000000000,0.7189743590,0.7930811887
2026-07-05T13:56:59Z,20260705T135649Z,3529,0.9999999953,1.0000000000,1.0000000000,1.0000000000,0.7688461538,0.9653269219
2026-07-05T13:56:59Z,20260705T135649Z,3530,0.7677204728,1.0000000000,0.9295534250,0.5000000000,0.8255128205,0.8016677263
2026-07-05T13:56:59Z,20260705T135649Z,3531,0.7895834242,1.0000000000,0.8826002508,0.5000000000,0.6389743590,0.7697620600
2026-07-05T13:56:59Z,20260705T135649Z,3532,0.7895834242,1.0000000000,0.8987058241,0.5000000000,0.8520512821,0.8049447132
2026-07-05T13:56:59Z,20260705T135649Z,3533,0.7778850527,1.0000000000,0.7188832742,0.6666666667,0.7982051282,0.7913120206
2026-07-05T13:56:59Z,20260705T135649Z,3534,0.7496918975,1.0000000000,0.8595450376,0.5000000000,0.6474358974,0.7564473665
2026-07-05T13:56:59Z,20260705T135649Z,3535,0.6751341254,1.0000000000,0.5970989849,0.4000000000,0.7673076923,0.6832994822
2026-07-05T13:56:59Z,20260705T135649Z,3536,0.8461736740,1.0000000000,0.8473445117,0.7500000000,0.6491025641,0.8283777054
2026-07-05T13:56:59Z,20260705T135649Z,3537,0.7778850527,1.0000000000,0.8007555270,0.6666666667,0.8525641026,0.8158403173
2026-07-05T13:56:59Z,20260705T135649Z,3538,0.6666666667,1.0000000000,0.9220336936,0.3333333333,0.6291025641,0.7121054567
2026-07-05T13:56:59Z,20260705T135649Z,3539,0.7677204728,1.0000000000,0.9665245833,0.5000000000,0.7023076923,0.7905811887
2026-07-05T13:56:59Z,20260705T135649Z,3540,0.7677204728,1.0000000000,0.9665245833,0.5000000000,0.8237179487,0.8087927272
2026-07-05T13:56:59Z,20260705T135649Z,3541,0.7677204728,1.0000000000,0.9665245833,0.5000000000,0.8488461538,0.8125619579
2026-07-05T13:56:59Z,20260705T135649Z,3542,0.7677204728,1.0000000000,0.9665245833,0.5000000000,0.6214102564,0.7784465733
2026-07-05T13:56:59Z,20260705T135649Z,3543,0.6666666667,1.0000000000,0.9526695251,0.3333333333,0.8066666667,0.7448672384
2026-07-05T13:56:59Z,20260705T135649Z,3544,0.8048689313,1.0000000000,0.9646740990,0.6666666667,0.7365384615,0.8379661552
2026-07-05T13:56:59Z,20260705T135649Z,3545,0.8403704676,1.0000000000,0.9410205382,0.7500000000,0.7369230769,0.8588351861
2026-07-05T13:56:59Z,20260705T135649Z,3546,0.7545100415,1.0000000000,0.9212888733,0.6000000000,0.7075641026,0.7990199004
2026-07-05T13:56:59Z,20260705T135649Z,3547,0.8839353298,1.0000000000,0.7769217227,0.8000000000,0.8134615385,0.8583874078
2026-07-05T13:56:59Z,20260705T135649Z,3548,0.7944092125,1.0000000000,0.7480936448,0.6000000000,0.8273076923,0.7923171859
2026-07-05T13:56:59Z,20260705T135649Z,3549,0.7662723608,1.0000000000,0.7837488188,0.6000000000,0.6524358974,0.7661832386
2026-07-05T13:56:59Z,20260705T135649Z,3550,0.8918536077,1.0000000000,0.8699597043,0.8000000000,0.8830769231,0.8894168812
2026-07-05T13:56:59Z,20260705T135649Z,3551,0.7847446552,1.0000000000,0.8092441957,0.6000000000,0.8964102564,0.8124965414
2026-07-05T13:56:59Z,20260705T135649Z,3552,0.8633772194,1.0000000000,0.7490384489,0.8000000000,0.6141025641,0.8177673793
2026-07-05T13:56:59Z,20260705T135649Z,3553,0.8327150314,1.0000000000,0.8723023395,0.6000000000,0.8143589744,0.8247930719
2026-07-05T13:56:59Z,20260705T135649Z,3554,0.8461736740,1.0000000000,0.8771448748,0.7500000000,0.6274358974,0.8310877781
2026-07-05T13:56:59Z,20260705T135649Z,3555,0.9512680542,1.0000000000,0.9118773785,1.0000000000,0.8178205128,0.9428655662
2026-07-05T13:56:59Z,20260705T135649Z,3556,0.8202606934,1.0000000000,0.9474327708,0.7500000000,0.8434615385,0.8710709583
2026-07-05T13:56:59Z,20260705T135649Z,3557,0.9389292606,1.0000000000,0.9474775917,1.0000000000,0.7469230769,0.9362662950
2026-07-05T13:56:59Z,20260705T135649Z,3558,0.9694646303,1.0000000000,0.9607964412,1.0000000000,0.7682051282,0.9497562150
2026-07-05T13:56:59Z,20260705T135649Z,3559,0.8048689313,1.0000000000,0.9646740990,0.6666666667,0.6441025641,0.8241007706
2026-07-05T13:56:59Z,20260705T135649Z,3560,0.7778850527,1.0000000000,0.9254705402,0.6666666667,0.8514102564,0.8406102430
2026-07-05T13:56:59Z,20260705T135649Z,3561,0.9389292606,1.0000000000,0.9474775917,1.0000000000,0.8357692308,0.9495932181
2026-07-05T13:56:59Z,20260705T135649Z,3562,0.9389292606,1.0000000000,0.9120166639,1.0000000000,0.7960256410,0.9365394941
2026-07-05T13:56:59Z,20260705T135649Z,3563,0.9389292606,1.0000000000,0.7384816464,1.0000000000,0.7392307692,0.8933132598
2026-07-05T13:56:59Z,20260705T135649Z,3564,0.8202606934,1.0000000000,0.6996052598,0.7500000000,0.7411538462,0.8061593022
2026-07-05T13:56:59Z,20260705T135649Z,3565,0.8849732719,1.0000000000,0.7997998604,0.8000000000,0.8474358974,0.8683186747
2026-07-05T13:56:59Z,20260705T135649Z,3566,0.8850315737,1.0000000000,0.8256727593,0.8000000000,0.8021794872,0.8667193683
2026-07-05T13:56:59Z,20260705T135649Z,3567,0.8308562200,1.0000000000,0.7773931500,0.8000000000,0.7892307692,0.8415773004
2026-07-05T13:56:59Z,20260705T135649Z,3568,0.8638784687,1.0000000000,0.8591837957,0.8000000000,0.7573076923,0.8614025302
2026-07-05T13:56:59Z,20260705T135649Z,3569,0.7101383926,1.0000000000,0.8789900665,0.4000000000,0.7953846154,0.7526403038
2026-07-05T13:56:59Z,20260705T135649Z,3570,0.8030992629,1.0000000000,0.8106526409,0.6000000000,0.6255128205,0.7767322670
2026-07-05T13:56:59Z,20260705T135649Z,3571,0.8519177089,1.0000000000,0.9032206077,0.8000000000,0.7993589744,0.8735273949
2026-07-05T13:56:59Z,20260705T135649Z,3572,0.9720464599,1.0000000000,0.7554081340,1.0000000000,0.8530769231,0.9220547802
2026-07-05T13:56:59Z,20260705T135649Z,3573,0.7911717252,1.0000000000,0.9436304152,0.5000000000,0.8912820513,0.8202113220
2026-07-05T13:56:59Z,20260705T135649Z,3574,0.8048689313,1.0000000000,0.9209582315,0.6666666667,0.7823076923,0.8360883663
2026-07-05T13:56:59Z,20260705T135649Z,3575,0.6257641301,1.0000000000,0.8837390990,0.2500000000,0.9039743590,0.7187850062
2026-07-05T13:56:59Z,20260705T135649Z,3576,0.6666666667,1.0000000000,0.9220336936,0.3333333333,0.7734615385,0.7337593028
2026-07-05T13:56:59Z,20260705T135649Z,3577,0.7677204728,1.0000000000,0.9295534250,0.5000000000,0.7401282051,0.7888600340
2026-07-05T13:56:59Z,20260705T135649Z,3578,0.7677204728,1.0000000000,0.9665245833,0.5000000000,0.7321794872,0.7950619579
2026-07-05T13:56:59Z,20260705T135649Z,3579,0.7911717252,1.0000000000,0.9279996001,0.5000000000,0.7317948718,0.7931620821
2026-07-05T13:56:59Z,20260705T135649Z,3580,1.0000000000,1.0000000000,1.0000000000,1.0000000000,0.6401282051,0.9460192308
2026-07-05T13:56:59Z,20260705T135649Z,3581,0.7494712451,1.0000000000,0.9316296726,0.6000000000,0.8346153846,0.8188860535
2026-07-05T13:56:59Z,20260705T135649Z,3582,0.9062375387,1.0000000000,0.4297381761,1.0000000000,0.6158974359,0.8048916353
2026-07-05T13:56:59Z,20260705T135649Z,3583,0.8096446905,1.0000000000,0.4403254293,0.7500000000,0.7280769231,0.7496877970
2026-07-05T13:56:59Z,20260705T135649Z,3584,0.8645221980,1.0000000000,0.9304476923,0.7500000000,0.8842307692,0.8848547033
2026-07-05T13:56:59Z,20260705T135649Z,3585,0.8645221980,1.0000000000,0.8993756260,0.7500000000,0.7021794872,0.8513325978
2026-07-05T13:56:59Z,20260705T135649Z,3586,0.7110955233,1.0000000000,0.9179696200,0.4000000000,0.8507692308,0.7689831894
2026-07-05T13:56:59Z,20260705T135649Z,3587,0.7708807339,1.0000000000,0.8759208177,0.6000000000,0.7042307692,0.7935389624
2026-07-05T13:56:59Z,20260705T135649Z,3588,0.7911717252,1.0000000000,0.8617362324,0.5000000000,0.6196153846,0.7630824855
2026-07-05T13:56:59Z,20260705T135649Z,3589,0.8048689313,1.0000000000,0.9163663756,0.6666666667,0.7512820513,0.8305161490
2026-07-05T13:56:59Z,20260705T135649Z,3590,0.9694646303,1.0000000000,0.7603559910,1.0000000000,0.8302564103,0.9189758173
2026-07-05T13:56:59Z,20260705T135649Z,3591,0.8308156933,1.0000000000,0.7905756498,0.6666666667,0.6533333333,0.7971523866
2026-07-05T13:56:59Z,20260705T135649Z,3592,1.0000000000,1.0000000000,0.9999999905,1.0000000000,0.8130769231,0.9719615366
2026-07-05T13:56:59Z,20260705T135649Z,3593,0.8048689313,1.0000000000,0.9502376885,0.6666666667,0.6555128205,0.8229250269
2026-07-05T13:56:59Z,20260705T135649Z,3594,0.8048689313,1.0000000000,0.9502376885,0.6666666667,0.7985897436,0.8443865654
2026-07-05T13:56:59Z,20260705T135649Z,3595,0.7525263750,1.0000000000,0.9377784458,0.5000000000,0.8243589744,0.7993411291
2026-07-05T13:56:59Z,20260705T135649Z,3596,0.8202606934,1.0000000000,0.9474327708,0.7500000000,0.8560256410,0.8729555737
2026-07-05T13:56:59Z,20260705T135649Z,3597,0.7309729266,1.0000000000,0.8510894633,0.5000000000,0.8614102564,0.7821726628
2026-07-05T13:56:59Z,20260705T135649Z,3598,0.8048689313,1.0000000000,0.8346922016,0.6666666667,0.7019230769,0.8067774680
2026-07-05T13:56:59Z,20260705T135649Z,3599,0.7691695844,1.0000000000,0.8937198328,0.5000000000,0.7102564103,0.7775748242
2026-07-05T13:56:59Z,20260705T135649Z,3600,0.8645221980,1.0000000000,0.8754692540,0.7500000000,0.8538461538,0.8693013234
2026-07-05T13:56:59Z,20260705T135649Z,3601,0.8461736740,1.0000000000,0.8473445117,0.7500000000,0.7656410256,0.8458584747
2026-07-05T13:56:59Z,20260705T135649Z,3602,0.7545100415,1.0000000000,0.8906318363,0.6000000000,0.7738461538,0.8028308007
2026-07-05T13:56:59Z,20260705T135649Z,3603,0.7911717252,1.0000000000,0.9194711772,0.5000000000,0.8900000000,0.8151871667
2026-07-05T13:56:59Z,20260705T135649Z,3604,0.7699465438,1.0000000000,0.8630015368,0.4000000000,0.6992307692,0.7499715587
2026-07-05T13:56:59Z,20260705T135649Z,3605,0.6503491234,1.0000000000,0.6854983948,0.3333333333,0.8628205128,0.6957767034
2026-07-05T13:56:59Z,20260705T135649Z,3606,0.6503491234,1.0000000000,0.6209380848,0.3333333333,0.6123076923,0.6452877183
2026-07-05T13:56:59Z,20260705T135649Z,3607,0.7699465438,1.0000000000,0.7221862889,0.4000000000,0.7175641026,0.7245585091
2026-07-05T13:56:59Z,20260705T135649Z,3608,0.7691695844,1.0000000000,0.9055796355,0.5000000000,0.7193589744,0.7813121694
2026-07-05T13:56:59Z,20260705T135649Z,3609,0.7691695844,1.0000000000,0.8937198328,0.5000000000,0.6352564103,0.7663248242
2026-07-05T13:56:59Z,20260705T135649Z,3610,1.0000000000,1.0000000000,1.0000000000,1.0000000000,0.7650000000,0.9647500000
2026-07-05T13:56:59Z,20260705T135649Z,3611,0.8308156933,1.0000000000,0.9446321591,0.6666666667,0.6915384615,0.8336944577
2026-07-05T13:56:59Z,20260705T135649Z,3612,0.8308156933,1.0000000000,0.9446321591,0.6666666667,0.7680769231,0.8451752269
2026-07-05T13:56:59Z,20260705T135649Z,3613,0.8048689313,1.0000000000,0.9646740990,0.6666666667,0.7385897436,0.8382738475
2026-07-05T13:56:59Z,20260705T135649Z,3614,0.8048689313,1.0000000000,0.9646740990,0.6666666667,0.8225641026,0.8508700014
2026-07-05T13:56:59Z,20260705T135649Z,3615,0.8308156933,1.0000000000,0.8614710364,0.6666666667,0.6674358974,0.8134468485
2026-07-05T13:56:59Z,20260705T135649Z,3616,0.8308156933,1.0000000000,0.9578593300,0.6666666667,0.8569230769,0.8611475842
2026-07-05T13:56:59Z,20260705T135649Z,3617,0.8048689313,1.0000000000,0.8902782067,0.6666666667,0.7058974359,0.8184908229
2026-07-05T13:56:59Z,20260705T135649Z,3618,0.9694646303,1.0000000000,0.9536828392,1.0000000000,0.7687179487,0.9484104177
2026-07-05T13:56:59Z,20260705T135649Z,3619,0.9389292606,1.0000000000,0.9416207080,1.0000000000,0.8508974359,0.9506910721
2026-07-05T13:56:59Z,20260705T135649Z,3620,0.6468804614,1.0000000000,0.6536050275,0.4000000000,0.8303846154,0.6969988132
2026-07-05T13:56:59Z,20260705T135649Z,3621,0.6847120998,1.0000000000,0.6691934201,0.6000000000,0.7294871795,0.7344397859
2026-07-05T13:56:59Z,20260705T135649Z,3622,0.7691695844,1.0000000000,0.9055796355,0.5000000000,0.7411538462,0.7845814001
2026-07-05T13:56:59Z,20260705T135649Z,3623,0.7895834242,1.0000000000,0.7428546157,0.5000000000,0.8637179487,0.7755244715
2026-07-05T13:56:59Z,20260705T135649Z,3624,0.7550117889,1.0000000000,0.7846362205,0.6000000000,0.7903846154,0.7842378836
2026-07-05T13:56:59Z,20260705T135649Z,3625,0.7911717252,1.0000000000,0.9194711772,0.5000000000,0.7139743590,0.7887833206
2026-07-05T13:56:59Z,20260705T135649Z,3626,1.0000000000,1.0000000000,0.9999999905,1.0000000000,0.7505128205,0.9625769212
2026-07-05T13:56:59Z,20260705T135649Z,3627,1.0000000000,1.0000000000,0.9630288418,1.0000000000,0.8252564103,0.9663942299
2026-07-05T13:56:59Z,20260705T135649Z,3628,0.7677204728,1.0000000000,0.9665245833,0.5000000000,0.7661538462,0.8001581118
2026-07-05T13:56:59Z,20260705T135649Z,3629,0.5000000000,1.0000000000,0.0637685609,0.1666666667,0.6603846154,0.4701447378
2026-07-05T13:56:59Z,20260705T135649Z,3630,0.7778778871,1.0000000000,0.5815798026,0.6666666667,0.8917948718,0.7778879964
2026-07-05T13:56:59Z,20260705T135649Z,3631,0.8987279676,1.0000000000,0.4832225663,1.0000000000,0.8535897436,0.8493649667
2026-07-05T13:56:59Z,20260705T135649Z,3632,0.9258367513,1.0000000000,0.7496187342,1.0000000000,0.6407692308,0.8774983193
2026-07-05T13:56:59Z,20260705T135649Z,3633,0.7622023982,1.0000000000,0.4850264983,0.7500000000,0.8120512821,0.7593635915
2026-07-05T13:56:59Z,20260705T135649Z,3634,0.8461736740,1.0000000000,0.8124173341,0.7500000000,0.8582051282,0.8527576545
2026-07-05T13:56:59Z,20260705T135649Z,3635,0.8461736740,1.0000000000,0.9425226619,0.7500000000,0.7519230769,0.8628364124
2026-07-05T13:56:59Z,20260705T135649Z,3636,1.0000000000,1.0000000000,0.8184808835,1.0000000000,0.7519230769,0.9264846382
2026-07-05T13:56:59Z,20260705T135649Z,3637,0.9189432581,1.0000000000,0.5381297449,1.0000000000,0.7510256410,0.8500156097
2026-07-05T13:56:59Z,20260705T135649Z,3638,0.8300540566,1.0000000000,0.7923112682,0.7500000000,0.8275641026,0.8401103832
2026-07-05T13:56:59Z,20260705T135649Z,3639,0.6143641192,1.0000000000,0.5257232585,0.3333333333,0.6405128205,0.6214792712
2026-07-05T13:56:59Z,20260705T135649Z,3640,0.6806608889,1.0000000000,0.6886611810,0.4000000000,0.8500000000,0.7153974584
2026-07-05T13:56:59Z,20260705T135649Z,3641,0.8308156933,1.0000000000,0.7669049906,0.6666666667,0.6691025641,0.7947836394
2026-07-05T13:56:59Z,20260705T135649Z,3642,0.7778850527,1.0000000000,0.8602506629,0.6666666667,0.7928205128,0.8187778060
2026-07-05T13:56:59Z,20260705T135649Z,3643,0.7239154022,1.0000000000,0.4543710517,0.7500000000,0.7766666667,0.7383530609
2026-07-05T13:56:59Z,20260705T135649Z,3644,1.0000000000,1.0000000000,0.7200012025,1.0000000000,0.7530769231,0.9069617790
2026-07-05T13:56:59Z,20260705T135649Z,3645,0.8006369171,1.0000000000,0.2694869900,0.7500000000,0.7806410256,0.7211527811
2026-07-05T13:56:59Z,20260705T135649Z,3646,0.7149010414,1.0000000000,0.9034603140,0.5000000000,0.8825641026,0.7918019385
2026-07-05T13:56:59Z,20260705T135649Z,3647,0.7149010414,1.0000000000,0.9034603140,0.5000000000,0.7421794872,0.7707442462
2026-07-05T13:56:59Z,20260705T135649Z,3648,0.7149010414,1.0000000000,0.9034603140,0.5000000000,0.8224358974,0.7827827078
2026-07-05T13:56:59Z,20260705T135649Z,3649,0.6257641301,1.0000000000,0.9399182504,0.2500000000,0.8773076923,0.7260208365
2026-07-05T13:56:59Z,20260705T135649Z,3650,0.7677204728,1.0000000000,0.9665245833,0.5000000000,0.7573076923,0.7988311887
2026-07-05T13:56:59Z,20260705T135649Z,3651,0.9999999953,1.0000000000,1.0000000000,1.0000000000,0.7684615385,0.9652692296
2026-07-05T13:56:59Z,20260705T135649Z,3652,0.9999999953,1.0000000000,1.0000000000,1.0000000000,0.7144871795,0.9571730757
2026-07-05T13:56:59Z,20260705T135649Z,3653,0.7677204728,1.0000000000,0.9665245833,0.5000000000,0.5635897436,0.7697734964
2026-07-05T13:56:59Z,20260705T135649Z,3654,0.8048689313,1.0000000000,0.9646740990,0.6666666667,0.7997435897,0.8474469244
2026-07-05T13:56:59Z,20260705T135649Z,3655,0.7233498105,1.0000000000,0.9500849642,0.3333333333,0.5919230769,0.7263095737
2026-07-05T13:56:59Z,20260705T135649Z,3656,0.7221149473,1.0000000000,0.9167411894,0.3333333333,0.7984615385,0.7503128721
2026-07-05T13:56:59Z,20260705T135649Z,3657,0.7221149473,1.0000000000,0.9167411894,0.3333333333,0.6685897436,0.7308321029
2026-07-05T13:56:59Z,20260705T135649Z,3658,0.9999999953,1.0000000000,1.0000000000,1.0000000000,0.8374358974,0.9756153834
2026-07-05T13:56:59Z,20260705T135649Z,3659,0.7677204728,1.0000000000,0.8888002244,0.5000000000,0.8221794872,0.7930170862
2026-07-05T13:56:59Z,20260705T135649Z,3660,1.0000000000,1.0000000000,0.9999999905,1.0000000000,0.8303846154,0.9745576904
2026-07-05T13:56:59Z,20260705T135649Z,3661,0.8048689313,1.0000000000,0.9163663756,0.6666666667,0.8226923077,0.8412276874
2026-07-05T13:56:59Z,20260705T135649Z,3662,0.8048689313,1.0000000000,0.9646740990,0.6666666667,0.6107692308,0.8191007706
2026-07-05T13:56:59Z,20260705T135649Z,3663,0.8048689313,1.0000000000,0.9646740990,0.6666666667,0.8689743590,0.8578315398
2026-07-05T13:56:59Z,20260705T135649Z,3664,0.8048689313,1.0000000000,0.9646740990,0.6666666667,0.7734615385,0.8435046167
2026-07-05T13:56:59Z,20260705T135649Z,3665,0.7677204728,1.0000000000,0.9665245833,0.5000000000,0.7505128205,0.7978119579
2026-07-05T13:56:59Z,20260705T135649Z,3666,0.9999999953,1.0000000000,1.0000000000,1.0000000000,0.8060256410,0.9709038450
2026-07-05T13:56:59Z,20260705T135649Z,3667,0.7233498105,1.0000000000,0.9500849642,0.3333333333,0.8207692308,0.7606364967
2026-07-05T13:56:59Z,20260705T135649Z,3668,0.7233498105,1.0000000000,0.9500849642,0.3333333333,0.7057692308,0.7433864967
2026-07-05T13:56:59Z,20260705T135649Z,3669,0.7221149473,1.0000000000,0.9167411894,0.3333333333,0.7666666667,0.7455436414
2026-07-05T13:56:59Z,20260705T135649Z,3670,0.7221149473,1.0000000000,0.9167411894,0.3333333333,0.6750000000,0.7317936414
2026-07-05T13:56:59Z,20260705T135649Z,3671,0.9999999953,1.0000000000,1.0000000000,1.0000000000,0.7089743590,0.9563461527
2026-07-05T13:56:59Z,20260705T135649Z,3672,0.6968385816,1.0000000000,0.0334754167,0.5000000000,0.6551282051,0.5791739595
2026-07-05T13:56:59Z,20260705T135649Z,3673,0.9291181088,1.0000000000,0.0669508334,1.0000000000,0.6130769231,0.7376312323
2026-07-05T13:56:59Z,20260705T135649Z,3674,0.6257641301,1.0000000000,0.9399182504,0.2500000000,0.8020512821,0.7147323749
2026-07-05T13:56:59Z,20260705T135649Z,3675,0.9694646303,1.0000000000,0.9173898678,1.0000000000,0.8106410256,0.9474402850
2026-07-05T13:56:59Z,20260705T135649Z,3676,0.8308156933,1.0000000000,0.9384884944,0.6666666667,0.7344871795,0.8389080325
2026-07-05T13:56:59Z,20260705T135649Z,3677,0.7778850527,1.0000000000,0.7246414281,0.6666666667,0.8253846154,0.7965405744
2026-07-05T13:56:59Z,20260705T135649Z,3678,0.6972020364,1.0000000000,0.7135985457,0.5000000000,0.8247435897,0.7407317567
2026-07-05T13:56:59Z,20260705T135649Z,3679,0.8048689313,1.0000000000,0.9091757782,0.6666666667,0.7006410256,0.8214818757
2026-07-05T13:56:59Z,20260705T135649Z,3680,0.6251540513,1.0000000000,0.8714019262,0.2500000000,0.7471794872,0.6926458211
2026-07-05T13:56:59Z,20260705T135649Z,3681,0.7221149473,1.0000000000,0.8757779321,0.3333333333,0.7806410256,0.7394471438
2026-07-05T13:56:59Z,20260705T135649Z,3682,0.7233498105,1.0000000000,0.9500849642,0.3333333333,0.7837179487,0.7550788044
2026-07-05T13:56:59Z,20260705T135649Z,3683,0.7233498105,1.0000000000,0.9500849642,0.3333333333,0.7771794872,0.7540980352
2026-07-05T13:56:59Z,20260705T135649Z,3684,0.7677204728,1.0000000000,0.9665245833,0.5000000000,0.6303846154,0.7797927272
2026-07-05T13:56:59Z,20260705T135649Z,3685,0.8048689313,1.0000000000,0.9646740990,0.6666666667,0.5984615385,0.8172546167
2026-07-05T13:56:59Z,20260705T135649Z,3686,0.7233498105,1.0000000000,0.9500849642,0.3333333333,0.7824358974,0.7548864967
2026-07-05T13:56:59Z,20260705T135649Z,3687,0.9999999953,1.0000000000,1.0000000000,1.0000000000,0.7173076923,0.9575961527
2026-07-05T13:56:59Z,20260705T135649Z,3688,0.7233498105,1.0000000000,0.7195622020,0.3333333333,0.8347435897,0.7166280981
2026-07-05T13:56:59Z,20260705T135649Z,3689,0.9694646303,1.0000000000,0.7969455369,1.0000000000,0.8141025641,0.9238706496
2026-07-05T13:56:59Z,20260705T135649Z,3690,0.6251540513,1.0000000000,0.8910669939,0.2500000000,0.7521794872,0.6973288347
2026-07-05T13:56:59Z,20260705T135649Z,3691,1.0000000000,1.0000000000,0.9144883142,1.0000000000,0.7856410256,0.9507438167
2026-07-05T13:56:59Z,20260705T135649Z,3692,1.0000000000,1.0000000000,0.9144883142,1.0000000000,0.7953846154,0.9522053551
2026-07-05T13:56:59Z,20260705T135649Z,3693,0.8308156933,1.0000000000,0.9626244068,0.6666666667,0.7053846154,0.8393698303
2026-07-05T13:56:59Z,20260705T135649Z,3694,0.7221149473,1.0000000000,0.9167411894,0.3333333333,0.6024358974,0.7209090260
2026-07-05T13:56:59Z,20260705T135649Z,3695,0.7677204728,1.0000000000,0.9665245833,0.5000000000,0.7037179487,0.7907927272
2026-07-05T13:56:59Z,20260705T135649Z,3696,0.7778850527,1.0000000000,0.9254705402,0.6666666667,0.7720512821,0.8287063969
2026-07-05T13:56:59Z,20260705T135649Z,3697,0.7221149473,1.0000000000,0.9167411894,0.3333333333,0.6985897436,0.7353321029
2026-07-05T13:56:59Z,20260705T135649Z,3698,0.9999999953,1.0000000000,1.0000000000,1.0000000000,0.7408974359,0.9611346142
2026-07-05T13:56:59Z,20260705T135649Z,3699,0.9999999953,1.0000000000,1.0000000000,1.0000000000,0.7073076923,0.9560961527
2026-07-05T13:56:59Z,20260705T135649Z,3700,0.9999999953,1.0000000000,1.0000000000,1.0000000000,0.7807692308,0.9671153834
2026-07-05T13:56:59Z,20260705T135649Z,3701,0.7233498105,1.0000000000,0.9500849642,0.3333333333,0.7117948718,0.7442903429
2026-07-05T13:56:59Z,20260705T135649Z,3702,0.7233498105,1.0000000000,0.9500849642,0.3333333333,0.7112820513,0.7442134198
2026-07-05T13:56:59Z,20260705T135649Z,3703,0.7233498105,1.0000000000,0.9500849642,0.3333333333,0.7535897436,0.7505595737
2026-07-05T13:56:59Z,20260705T135649Z,3704,0.6643597294,1.0000000000,0.6721365087,0.4000000000,0.8037179487,0.7010749264
2026-07-05T13:56:59Z,20260705T135649Z,3705,0.6743822770,1.0000000000,0.6908014097,0.4000000000,0.7823076923,0.7041020050
2026-07-05T13:56:59Z,20260705T135649Z,3706,0.5485061349,1.0000000000,0.7446672614,0.1666666667,0.7374358974,0.6300087040
2026-07-05T13:56:59Z,20260705T135649Z,3707,1.0000000000,1.0000000000,0.8922697316,1.0000000000,0.8319230769,0.9532424078
2026-07-05T13:56:59Z,20260705T135649Z,3708,0.7911717252,1.0000000000,0.8908243304,0.5000000000,0.8171794872,0.7985347204
2026-07-05T13:56:59Z,20260705T135649Z,3709,0.7525263750,1.0000000000,0.9471067961,0.5000000000,0.6474358974,0.7746683376
2026-07-05T13:56:59Z,20260705T135649Z,3710,0.8225951886,1.0000000000,0.9626090465,0.7500000000,0.6207692308,0.8412859911
2026-07-05T13:56:59Z,20260705T135649Z,3711,0.7309729266,1.0000000000,0.9355157590,0.5000000000,0.7903846154,0.7884040757
2026-07-05T13:56:59Z,20260705T135649Z,3712,0.8308156933,1.0000000000,0.9446321591,0.6666666667,0.6974358974,0.8345790731
2026-07-05T13:56:59Z,20260705T135649Z,3713,0.6186566985,1.0000000000,0.3139791351,0.3333333333,0.8302564103,0.6086651299
2026-07-05T13:56:59Z,20260705T135649Z,3714,0.9291181088,1.0000000000,0.5192856065,1.0000000000,0.6038461538,0.8267135716
2026-07-05T13:56:59Z,20260705T135649Z,3715,0.6666666667,1.0000000000,0.7837903840,0.3333333333,0.8393589744,0.7159952563
2026-07-05T13:56:59Z,20260705T135649Z,3716,0.7677204728,1.0000000000,0.9295534250,0.5000000000,0.7425641026,0.7892254186
2026-07-05T13:56:59Z,20260705T135649Z,3717,0.9999999953,1.0000000000,1.0000000000,1.0000000000,0.6923076923,0.9538461527
2026-07-05T13:56:59Z,20260705T135649Z,3718,0.7677204728,1.0000000000,0.9295534250,0.5000000000,0.7623076923,0.7921869571
2026-07-05T13:56:59Z,20260705T135649Z,3719,0.7677204728,1.0000000000,0.9295534250,0.5000000000,0.7187179487,0.7856484955
2026-07-05T13:56:59Z,20260705T135649Z,3720,0.7677204728,1.0000000000,0.9665245833,0.5000000000,0.8024358974,0.8056004195
2026-07-05T13:56:59Z,20260705T135649Z,3721,0.7677204728,1.0000000000,0.9665245833,0.5000000000,0.8460256410,0.8121388810
2026-07-05T13:56:59Z,20260705T135649Z,3722,0.7221149473,1.0000000000,0.7213875578,0.3333333333,0.7724358974,0.7073382997
2026-07-05T13:56:59Z,20260705T135649Z,3723,0.8308156933,1.0000000000,0.7905756498,0.6666666667,0.8217948718,0.8224216174
2026-07-05T13:56:59Z,20260705T135649Z,3724,0.8048689313,1.0000000000,0.9209582315,0.6666666667,0.8062820513,0.8396845202
2026-07-05T13:56:59Z,20260705T135649Z,3725,0.7287159565,1.0000000000,0.2023662540,0.7500000000,0.7962820513,0.6920945476
2026-07-05T13:56:59Z,20260705T135649Z,3726,0.7895834242,1.0000000000,0.8127794083,0.5000000000,0.6502564103,0.7574901992
2026-07-05T13:56:59Z,20260705T135649Z,3727,0.8178906433,1.0000000000,0.1078434986,0.6666666667,0.8908974359,0.6930093093
2026-07-05T13:56:59Z,20260705T135649Z,3728,0.6972020364,1.0000000000,0.8841972083,0.5000000000,0.5483333333,0.7333899507
2026-07-05T13:56:59Z,20260705T135649Z,3729,0.7233498105,1.0000000000,0.8886112460,0.3333333333,0.8500000000,0.7527263685
2026-07-05T13:56:59Z,20260705T135649Z,3730,0.7677204728,1.0000000000,0.9295534250,0.5000000000,0.8619230769,0.8071292647
2026-07-05T13:56:59Z,20260705T135649Z,3731,0.7677204728,1.0000000000,0.9295534250,0.5000000000,0.8141025641,0.7999561878
2026-07-05T13:56:59Z,20260705T135649Z,3732,0.7233498105,1.0000000000,0.9500849642,0.3333333333,0.8271794872,0.7615980352
2026-07-05T13:56:59Z,20260705T135649Z,3733,0.7233498105,1.0000000000,0.9500849642,0.3333333333,0.8119230769,0.7593095737
2026-07-05T13:56:59Z,20260705T135649Z,3734,0.7677204728,1.0000000000,0.8888002244,0.5000000000,0.8273076923,0.7937863169
2026-07-05T13:56:59Z,20260705T135649Z,3735,0.7677204728,1.0000000000,0.8888002244,0.5000000000,0.7500000000,0.7821901631
2026-07-05T13:56:59Z,20260705T135649Z,3736,0.7677204728,1.0000000000,0.9665245833,0.5000000000,0.7989743590,0.8050811887
2026-07-05T13:56:59Z,20260705T135649Z,3737,0.7677204728,1.0000000000,0.9665245833,0.5000000000,0.8139743590,0.8073311887
2026-07-05T13:56:59Z,20260705T135649Z,3738,0.7677204728,1.0000000000,0.5634510349,0.5000000000,0.7830769231,0.7220818636
2026-07-05T13:56:59Z,20260705T135649Z,3739,0.7677204728,1.0000000000,0.5634510349,0.5000000000,0.6252564103,0.6984087867
2026-07-05T13:56:59Z,20260705T135649Z,3740,0.7221149473,1.0000000000,0.8757779321,0.3333333333,0.8142307692,0.7444856053
2026-07-05T13:56:59Z,20260705T135649Z,3741,0.8308156933,1.0000000000,0.9455495523,0.6666666667,0.6688461538,0.8304740902
2026-07-05T13:56:59Z,20260705T135649Z,3742,1.0000000000,1.0000000000,0.8775171560,1.0000000000,0.7742307692,0.9416380466
2026-07-05T13:56:59Z,20260705T135649Z,3743,0.8048689313,1.0000000000,0.9646740990,0.6666666667,0.7292307692,0.8368700014
2026-07-05T13:56:59Z,20260705T135649Z,3744,0.8225951886,1.0000000000,0.9626090465,0.7500000000,0.7219230769,0.8564590680
2026-07-05T13:56:59Z,20260705T135649Z,3745,0.7525263750,1.0000000000,0.9471067961,0.5000000000,0.7807692308,0.7946683376
2026-07-05T13:56:59Z,20260705T135649Z,3746,0.6251540513,1.0000000000,0.9102991883,0.2500000000,0.7887179487,0.7066560428
2026-07-05T13:56:59Z,20260705T135649Z,3747,0.8308156933,1.0000000000,0.9446321591,0.6666666667,0.7471794872,0.8420406115
2026-07-05T13:56:59Z,20260705T135649Z,3748,0.6257641301,1.0000000000,0.9399182504,0.2500000000,0.7174358974,0.7020400672
2026-07-05T13:56:59Z,20260705T135649Z,3749,0.8048689313,1.0000000000,0.9502376885,0.6666666667,0.8724358974,0.8554634885
2026-07-05T13:56:59Z,20260705T135649Z,3750,1.0000000000,1.0000000000,0.9630288418,1.0000000000,0.7970512821,0.9621634607
2026-07-05T13:56:59Z,20260705T135649Z,3751,0.7677204728,1.0000000000,0.9665245833,0.5000000000,0.7848717949,0.8029658041
2026-07-05T13:56:59Z,20260705T135649Z,3752,0.7677204728,1.0000000000,0.9665245833,0.5000000000,0.7556410256,0.7985811887
2026-07-05T13:56:59Z,20260705T135649Z,3753,1.0000000000,1.0000000000,0.9222756411,1.0000000000,0.7589743590,0.9483012821
2026-07-05T13:56:59Z,20260705T135649Z,3754,0.7677204728,1.0000000000,0.8888002244,0.5000000000,0.8038461538,0.7902670862
2026-07-05T13:56:59Z,20260705T135649Z,3755,0.7221149473,1.0000000000,0.8292275133,0.3333333333,0.8207692308,0.7361562908
2026-07-05T13:56:59Z,20260705T135649Z,3756,0.8308156933,1.0000000000,0.8961891502,0.6666666667,0.7841025641,0.8378904713
2026-07-05T13:56:59Z,20260705T135649Z,3757,0.7778850527,1.0000000000,0.8783347274,0.6666666667,0.7637179487,0.8180292343
2026-07-05T13:56:59Z,20260705T135649Z,3758,0.9694646303,1.0000000000,0.9173898678,1.0000000000,0.7358974359,0.9362287465
2026-07-05T13:56:59Z,20260705T135649Z,3759,1.0000000000,1.0000000000,1.0000000000,1.0000000000,0.6001282051,0.9400192308
2026-07-05T13:56:59Z,20260705T135649Z,3760,0.6257641301,1.0000000000,0.9399182504,0.2500000000,0.8739743590,0.7255208365
2026-07-05T13:56:59Z,20260705T135649Z,3761,0.7677204728,1.0000000000,0.9665245833,0.5000000000,0.7832051282,0.8027158041
2026-07-05T13:56:59Z,20260705T135649Z,3762,0.9999999953,1.0000000000,1.0000000000,1.0000000000,0.7870512821,0.9680576911
2026-07-05T13:56:59Z,20260705T135649Z,3763,0.9999999953,1.0000000000,1.0000000000,1.0000000000,0.5737179487,0.9360576911
2026-07-05T13:56:59Z,20260705T135649Z,3764,0.9999999953,1.0000000000,1.0000000000,1.0000000000,0.8292307692,0.9743846142
2026-07-05T13:56:59Z,20260705T135649Z,3765,0.9999999953,1.0000000000,1.0000000000,1.0000000000,0.8643589744,0.9796538450
2026-07-05T13:56:59Z,20260705T135649Z,3766,0.7677204728,1.0000000000,0.7422378832,0.5000000000,0.7357692308,0.7507430795
2026-07-05T13:56:59Z,20260705T135649Z,3767,0.6431777520,1.0000000000,0.4504066899,0.3333333333,0.7353846154,0.6278501349
2026-07-05T13:56:59Z,20260705T135649Z,3768,0.6431777520,1.0000000000,0.4991206898,0.3333333333,0.7038461538,0.6328621657
2026-07-05T13:56:59Z,20260705T135649Z,3769,0.6666666667,1.0000000000,0.9526695251,0.3333333333,0.8020512821,0.7441749307
2026-07-05T13:56:59Z,20260705T135649Z,3770,0.6666666667,1.0000000000,0.9526695251,0.3333333333,0.6846153846,0.7265595460
2026-07-05T13:56:59Z,20260705T135649Z,3771,1.0000000000,1.0000000000,0.8775171560,1.0000000000,0.8810256410,0.9576572773
2026-07-05T13:56:59Z,20260705T135649Z,3772,0.7911717252,1.0000000000,0.9052184800,0.5000000000,0.7888461538,0.7971635504
2026-07-05T13:56:59Z,20260705T135649Z,3773,0.7911717252,1.0000000000,0.9279996001,0.5000000000,0.7785897436,0.8001813129
2026-07-05T13:56:59Z,20260705T135649Z,3774,1.0000000000,1.0000000000,1.0000000000,1.0000000000,0.5820512821,0.9373076923
2026-07-05T13:56:59Z,20260705T135649Z,3775,0.6666666667,1.0000000000,0.9220336936,0.3333333333,0.8406410256,0.7438362259
2026-07-05T13:56:59Z,20260705T135649Z,3776,0.8048689313,1.0000000000,0.9502376885,0.6666666667,0.8350000000,0.8498481039
2026-07-05T13:56:59Z,20260705T135649Z,3777,0.8048689313,1.0000000000,0.9646740990,0.6666666667,0.8542307692,0.8556200014
2026-07-05T13:56:59Z,20260705T135649Z,3778,0.7677204728,1.0000000000,0.9665245833,0.5000000000,0.7053846154,0.7910427272
2026-07-05T13:56:59Z,20260705T135649Z,3779,0.7677204728,1.0000000000,0.9665245833,0.5000000000,0.7982051282,0.8049658041
2026-07-05T13:56:59Z,20260705T135649Z,3780,1.0000000000,1.0000000000,0.9630288418,1.0000000000,0.7467948718,0.9546249991
2026-07-05T13:56:59Z,20260705T135649Z,3781,0.7677204728,1.0000000000,0.9295534250,0.5000000000,0.8207692308,0.8009561878
2026-07-05T13:56:59Z,20260705T135649Z,3782,0.7677204728,1.0000000000,0.9665245833,0.5000000000,0.8456410256,0.8120811887
2026-07-05T13:56:59Z,20260705T135649Z,3783,0.6666666667,1.0000000000,0.9526695251,0.3333333333,0.7137179487,0.7309249307
2026-07-05T13:56:59Z,20260705T135649Z,3784,0.8308156933,1.0000000000,0.8614710364,0.6666666667,0.7943589744,0.8324853101
2026-07-05T13:56:59Z,20260705T135649Z,3785,0.6251540513,1.0000000000,0.7700050379,0.2500000000,0.7855128205,0.6781164435
2026-07-05T13:56:59Z,20260705T135649Z,3786,1.0000000000,1.0000000000,0.9144883142,1.0000000000,0.7787179487,0.9497053551
2026-07-05T13:56:59Z,20260705T135649Z,3787,0.7525263750,1.0000000000,0.9377784458,0.5000000000,0.7441025641,0.7873026675
2026-07-05T13:56:59Z,20260705T135649Z,3788,0.6672130795,1.0000000000,0.9365319137,0.4000000000,0.8070512821,0.7551673449
2026-07-05T13:56:59Z,20260705T135649Z,3789,0.6512534889,1.0000000000,0.8632638847,0.4000000000,0.7906410256,0.7340623030
2026-07-05T13:56:59Z,20260705T135649Z,3790,0.7110955233,1.0000000000,0.9138453752,0.4000000000,0.8707692308,0.7711583405
2026-07-05T13:56:59Z,20260705T135649Z,3791,0.7221149473,1.0000000000,0.9167411894,0.3333333333,0.8393589744,0.7564474875
2026-07-05T13:56:59Z,20260705T135649Z,3792,0.7677204728,1.0000000000,0.9665245833,0.5000000000,0.8056410256,0.8060811887
2026-07-05T13:56:59Z,20260705T135649Z,3793,0.7677204728,1.0000000000,0.9665245833,0.5000000000,0.7824358974,0.8026004195
2026-07-05T13:56:59Z,20260705T135649Z,3794,0.7677204728,1.0000000000,0.8888002244,0.5000000000,0.7289743590,0.7790363169
2026-07-05T13:56:59Z,20260705T135649Z,3795,1.0000000000,1.0000000000,0.9222756411,1.0000000000,0.7789743590,0.9513012821
2026-07-05T13:56:59Z,20260705T135649Z,3796,1.0000000000,1.0000000000,1.0000000000,1.0000000000,0.7665384615,0.9649807692
2026-07-05T13:56:59Z,20260705T135649Z,3797,0.7677204728,1.0000000000,0.9665245833,0.5000000000,0.7789743590,0.8020811887
2026-07-05T13:56:59Z,20260705T135649Z,3798,0.7221149473,1.0000000000,0.9167411894,0.3333333333,0.8810256410,0.7626974875
2026-07-05T13:56:59Z,20260705T135649Z,3799,0.7221149473,1.0000000000,0.9167411894,0.3333333333,0.7019230769,0.7358321029
2026-07-05T13:56:59Z,20260705T135649Z,3800,0.7221149473,1.0000000000,0.8757779321,0.3333333333,0.7787179487,0.7391586822
2026-07-05T13:56:59Z,20260705T135649Z,3801,0.8308156933,1.0000000000,0.9603556692,0.6666666667,0.7493589744,0.8455122366
2026-07-05T13:56:59Z,20260705T135649Z,3802,1.0000000000,1.0000000000,0.9222756411,1.0000000000,0.7703846154,0.9500128205
2026-07-05T13:56:59Z,20260705T135649Z,3803,0.8048689313,1.0000000000,0.9646740990,0.6666666667,0.8123076923,0.8493315398
2026-07-05T13:56:59Z,20260705T135649Z,3804,0.9694646303,1.0000000000,0.9173898678,1.0000000000,0.8257692308,0.9497095157
2026-07-05T13:56:59Z,20260705T135649Z,3805,0.8308156933,1.0000000000,0.9384884944,0.6666666667,0.7858974359,0.8466195709
2026-07-05T13:56:59Z,20260705T135649Z,3806,0.7677204728,1.0000000000,0.9295534250,0.5000000000,0.8023076923,0.7981869571
2026-07-05T13:56:59Z,20260705T135649Z,3807,0.7233498105,1.0000000000,0.9500849642,0.3333333333,0.7339743590,0.7476172660
2026-07-05T13:56:59Z,20260705T135649Z,3808,0.8048689313,1.0000000000,0.9646740990,0.6666666667,0.6107692308,0.8191007706
2026-07-05T13:56:59Z,20260705T135649Z,3809,0.7677204728,1.0000000000,0.9665245833,0.5000000000,0.8476923077,0.8123888810
2026-07-05T13:56:59Z,20260705T135649Z,3810,0.9999999953,1.0000000000,1.0000000000,1.0000000000,0.8751282051,0.9812692296
2026-07-05T13:56:59Z,20260705T135649Z,3811,0.9999999953,1.0000000000,1.0000000000,1.0000000000,0.6207692308,0.9431153834
2026-07-05T13:56:59Z,20260705T135649Z,3812,0.9999999953,1.0000000000,1.0000000000,1.0000000000,0.7933333333,0.9689999988
2026-07-05T13:56:59Z,20260705T135649Z,3813,0.7677204728,1.0000000000,0.9665245833,0.5000000000,0.8076923077,0.8063888810
2026-07-05T13:56:59Z,20260705T135649Z,3814,0.7677204728,1.0000000000,0.9665245833,0.5000000000,0.7583333333,0.7989850349
2026-07-05T13:56:59Z,20260705T135649Z,3815,0.7677204728,1.0000000000,0.8440417392,0.5000000000,0.7433333333,0.7722384660
2026-07-05T13:56:59Z,20260705T135649Z,3816,0.7911717252,1.0000000000,0.9052184800,0.5000000000,0.8189743590,0.8016827811
2026-07-05T13:56:59Z,20260705T135649Z,3817,0.6937816918,1.0000000000,0.9208946666,0.4000000000,0.7958974359,0.7570089716
2026-07-05T13:56:59Z,20260705T135649Z,3818,0.8048689313,1.0000000000,0.9646740990,0.6666666667,0.8303846154,0.8520430783
2026-07-05T13:56:59Z,20260705T135649Z,3819,0.7525263750,1.0000000000,0.9471067961,0.5000000000,0.7903846154,0.7961106453
2026-07-05T13:56:59Z,20260705T135649Z,3820,0.8225951886,1.0000000000,0.9626090465,0.7500000000,0.7684615385,0.8634398372
2026-07-05T13:56:59Z,20260705T135649Z,3821,0.5800528066,1.0000000000,0.8222510780,0.2000000000,0.6484615385,0.6467326480
2026-07-05T13:56:59Z,20260705T135649Z,3822,0.7221149473,1.0000000000,0.8292275133,0.3333333333,0.7598717949,0.7270216754
2026-07-05T13:56:59Z,20260705T135649Z,3823,0.7677204728,1.0000000000,0.9665245833,0.5000000000,0.7533333333,0.7982350349
2026-07-05T13:56:59Z,20260705T135649Z,3824,0.7525263750,1.0000000000,0.9471067961,0.5000000000,0.8408974359,0.8036875684
2026-07-05T13:56:59Z,20260705T135649Z,3825,0.7525263750,1.0000000000,0.9471067961,0.5000000000,0.6588461538,0.7763798761
2026-07-05T13:56:59Z,20260705T135649Z,3826,0.7677204728,1.0000000000,0.9665245833,0.5000000000,0.8039743590,0.8058311887
2026-07-05T13:56:59Z,20260705T135649Z,3827,0.7677204728,1.0000000000,0.9665245833,0.5000000000,0.8070512821,0.8062927272
2026-07-05T13:56:59Z,20260705T135649Z,3828,0.7677204728,1.0000000000,0.9665245833,0.5000000000,0.8576923077,0.8138888810
2026-07-05T13:56:59Z,20260705T135649Z,3829,0.7677204728,1.0000000000,0.9665245833,0.5000000000,0.7505128205,0.7978119579
2026-07-05T13:56:59Z,20260705T135649Z,3830,0.6666666667,1.0000000000,0.9220336936,0.3333333333,0.8671794872,0.7478169951
2026-07-05T13:56:59Z,20260705T135649Z,3831,0.8308156933,1.0000000000,0.8961891502,0.6666666667,0.6570512821,0.8188327790
2026-07-05T13:56:59Z,20260705T135649Z,3832,0.8308156933,1.0000000000,0.8961891502,0.6666666667,0.7607692308,0.8343904713
2026-07-05T13:56:59Z,20260705T135649Z,3833,0.8048689313,1.0000000000,0.9502376885,0.6666666667,0.6967948718,0.8291173346
2026-07-05T13:56:59Z,20260705T135649Z,3834,0.7233498105,1.0000000000,0.9500849642,0.3333333333,0.9008974359,0.7726557275
2026-07-05T13:56:59Z,20260705T135649Z,3835,0.7011185094,1.0000000000,0.8126754436,0.2500000000,0.6728205128,0.6887377930
2026-07-05T13:56:59Z,20260705T135649Z,3836,0.7911717252,1.0000000000,0.8438487297,0.5000000000,0.8273076923,0.7906588311
2026-07-05T13:56:59Z,20260705T135649Z,3837,1.0000000000,1.0000000000,1.0000000000,1.0000000000,0.8558974359,0.9783846154
2026-07-05T13:56:59Z,20260705T135649Z,3838,0.6666666667,1.0000000000,0.9526695251,0.3333333333,0.7870512821,0.7419249307
2026-07-05T13:56:59Z,20260705T135649Z,3839,0.7677204728,1.0000000000,0.9665245833,0.5000000000,0.7837179487,0.8027927272
2026-07-05T13:56:59Z,20260705T135649Z,3840,0.7677204728,1.0000000000,0.9665245833,0.5000000000,0.7738461538,0.8013119579
2026-07-05T13:56:59Z,20260705T135649Z,3841,0.7677204728,1.0000000000,0.9665245833,0.5000000000,0.6794871795,0.7871581118
2026-07-05T13:56:59Z,20260705T135649Z,3842,0.9999999953,1.0000000000,1.0000000000,1.0000000000,0.8108974359,0.9716346142
2026-07-05T13:56:59Z,20260705T135649Z,3843,0.9999999953,1.0000000000,1.0000000000,1.0000000000,0.7655128205,0.9648269219
2026-07-05T13:56:59Z,20260705T135649Z,3844,0.7677204728,1.0000000000,0.9665245833,0.5000000000,0.8170512821,0.8077927272
2026-07-05T13:56:59Z,20260705T135649Z,3845,0.6666666667,1.0000000000,0.9220336936,0.3333333333,0.7233333333,0.7262400721
2026-07-05T13:56:59Z,20260705T135649Z,3846,0.8308156933,1.0000000000,0.8961891502,0.6666666667,0.8537179487,0.8483327790
2026-07-05T13:56:59Z,20260705T135649Z,3847,0.8308156933,1.0000000000,0.8614710364,0.6666666667,0.7976923077,0.8329853101
2026-07-05T13:56:59Z,20260705T135649Z,3848,0.7778850527,1.0000000000,0.9254705402,0.6666666667,0.7808974359,0.8300333199
2026-07-05T13:56:59Z,20260705T135649Z,3849,1.0000000000,1.0000000000,0.9565934266,1.0000000000,0.7489743590,0.9536648392
2026-07-05T13:56:59Z,20260705T135649Z,3850,0.8308156933,1.0000000000,0.9603556692,0.6666666667,0.7170512821,0.8406660828
2026-07-05T13:56:59Z,20260705T135649Z,3851,1.0000000000,1.0000000000,0.9222756411,1.0000000000,0.7576923077,0.9481089744
2026-07-05T13:56:59Z,20260705T135649Z,3852,0.6186566985,1.0000000000,0.3737476522,0.3333333333,0.7107692308,0.6026957563
2026-07-05T13:56:59Z,20260705T135649Z,3853,0.9291181088,1.0000000000,0.4447806586,1.0000000000,0.7439743590,0.8328318128
2026-07-05T13:56:59Z,20260705T135649Z,3854,0.7677204728,1.0000000000,0.9295534250,0.5000000000,0.7605128205,0.7919177263
2026-07-05T13:56:59Z,20260705T135649Z,3855,0.9999999953,1.0000000000,1.0000000000,1.0000000000,0.7476923077,0.9621538450
2026-07-05T13:56:59Z,20260705T135649Z,3856,0.9999999953,1.0000000000,1.0000000000,1.0000000000,0.7628205128,0.9644230757
2026-07-05T13:56:59Z,20260705T135649Z,3857,0.9999999953,1.0000000000,1.0000000000,1.0000000000,0.7575641026,0.9636346142
2026-07-05T13:56:59Z,20260705T135649Z,3858,0.9999999953,1.0000000000,1.0000000000,1.0000000000,0.7225641026,0.9583846142
2026-07-05T13:56:59Z,20260705T135649Z,3859,0.9999999953,1.0000000000,1.0000000000,1.0000000000,0.8743589744,0.9811538450
2026-07-05T13:56:59Z,20260705T135649Z,3860,0.7011185094,1.0000000000,0.9032887910,0.2500000000,0.7287179487,0.7152450779
2026-07-05T13:56:59Z,20260705T135649Z,3861,0.7911717252,1.0000000000,0.9052184800,0.5000000000,0.8420512821,0.8051443196
2026-07-05T13:56:59Z,20260705T135649Z,3862,0.8048689313,1.0000000000,0.8902782067,0.6666666667,0.8074358974,0.8337215921
2026-07-05T13:56:59Z,20260705T135649Z,3863,1.0000000000,1.0000000000,0.9385262818,1.0000000000,0.8162820513,0.9601475640
2026-07-05T13:56:59Z,20260705T135649Z,3864,0.8225951886,1.0000000000,0.9626090465,0.7500000000,0.7338461538,0.8582475295
2026-07-05T13:56:59Z,20260705T135649Z,3865,0.8202606934,1.0000000000,0.9474327708,0.7500000000,0.6758974359,0.8459363429
2026-07-05T13:56:59Z,20260705T135649Z,3866,0.6972020364,1.0000000000,0.9176449982,0.5000000000,0.8506410256,0.7854256626
2026-07-05T13:56:59Z,20260705T135649Z,3867,0.5800528066,1.0000000000,0.9029983851,0.2000000000,0.8256410256,0.6894590325
2026-07-05T13:56:59Z,20260705T135649Z,3868,0.7221149473,1.0000000000,0.9167411894,0.3333333333,0.7623076923,0.7448897952
2026-07-05T13:56:59Z,20260705T135649Z,3869,0.7677204728,1.0000000000,0.6855471582,0.5000000000,0.7670512821,0.7440972421
2026-07-05T13:56:59Z,20260705T135649Z,3870,1.0000000000,1.0000000000,0.9433092750,1.0000000000,0.8593589744,0.9675657011
2026-07-05T13:56:59Z,20260705T135649Z,3871,0.9291181088,1.0000000000,0.6943110820,1.0000000000,0.6550000000,0.8693917436
2026-07-05T13:56:59Z,20260705T135649Z,3872,0.8178906433,1.0000000000,0.6006301841,0.6666666667,0.7838461538,0.7755089540
2026-07-05T13:56:59Z,20260705T135649Z,3873,0.8308156933,1.0000000000,0.7264618900,0.6666666667,0.8303846154,0.8108873270
2026-07-05T13:56:59Z,20260705T135649Z,3874,1.0000000000,1.0000000000,0.8779038767,1.0000000000,0.6303846154,0.9201384676
2026-07-05T13:56:59Z,20260705T135649Z,3875,0.6666666667,1.0000000000,0.4772980352,0.3333333333,0.8362820513,0.6542352481
2026-07-05T13:56:59Z,20260705T135649Z,3876,1.0000000000,1.0000000000,0.9377851185,1.0000000000,0.8000000000,0.9575570237
2026-07-05T13:56:59Z,20260705T135649Z,3877,1.0000000000,1.0000000000,0.7816241771,1.0000000000,0.8107692308,0.9279402200
2026-07-05T13:56:59Z,20260705T135649Z,3878,0.8178906433,1.0000000000,0.5542194617,0.6666666667,0.7756410256,0.7649960403
2026-07-05T13:56:59Z,20260705T135649Z,3879,0.8178906433,1.0000000000,0.7112123231,0.6666666667,0.6265384615,0.7740292280
2026-07-05T13:56:59Z,20260705T135649Z,3880,1.0000000000,1.0000000000,0.7190225749,1.0000000000,0.8321794872,0.9186314381
2026-07-05T13:56:59Z,20260705T135649Z,3881,0.7778850527,1.0000000000,0.8342126435,0.6666666667,0.7957692308,0.8140125098
2026-07-05T13:56:59Z,20260705T135649Z,3882,1.0000000000,1.0000000000,0.9087421033,1.0000000000,0.6960256410,0.9361522668
2026-07-05T13:56:59Z,20260705T135649Z,3883,0.9389292606,1.0000000000,0.9474775917,1.0000000000,0.7244871795,0.9329009104
2026-07-05T13:56:59Z,20260705T135649Z,3884,0.7778850527,1.0000000000,0.9254705402,0.6666666667,0.8537179487,0.8409563969
2026-07-05T13:56:59Z,20260705T135649Z,3885,0.8048689313,1.0000000000,0.9646740990,0.6666666667,0.6120512821,0.8192930783
2026-07-05T13:56:59Z,20260705T135649Z,3886,0.7233498105,1.0000000000,0.9500849642,0.3333333333,0.7783333333,0.7542711121
2026-07-05T13:56:59Z,20260705T135649Z,3887,0.7677204728,1.0000000000,0.9665245833,0.5000000000,0.7303846154,0.7947927272
2026-07-05T13:56:59Z,20260705T135649Z,3888,0.7677204728,1.0000000000,0.9665245833,0.5000000000,0.6701282051,0.7857542656
2026-07-05T13:56:59Z,20260705T135649Z,3889,0.9999999953,1.0000000000,1.0000000000,1.0000000000,0.7487179487,0.9623076911
2026-07-05T13:56:59Z,20260705T135649Z,3890,0.7677204728,1.0000000000,0.6256659164,0.5000000000,0.7719230769,0.7328517630
2026-07-05T13:56:59Z,20260705T135649Z,3891,0.7677204728,1.0000000000,0.6256659164,0.5000000000,0.7662820513,0.7320056092
2026-07-05T13:56:59Z,20260705T135649Z,3892,0.9999999953,1.0000000000,1.0000000000,1.0000000000,0.8771794872,0.9815769219
2026-07-05T13:56:59Z,20260705T135649Z,3893,0.9999999953,1.0000000000,1.0000000000,1.0000000000,0.8124358974,0.9718653834
2026-07-05T13:56:59Z,20260705T135649Z,3894,0.9999999953,1.0000000000,1.0000000000,1.0000000000,0.8202564103,0.9730384604
2026-07-05T13:56:59Z,20260705T135649Z,3895,0.9999999953,1.0000000000,1.0000000000,1.0000000000,0.7857692308,0.9678653834
2026-07-05T13:56:59Z,20260705T135649Z,3896,0.7677204728,1.0000000000,0.8440417392,0.5000000000,0.7625641026,0.7751230814
2026-07-05T13:56:59Z,20260705T135649Z,3897,0.8308156933,1.0000000000,0.9105614780,0.6666666667,0.6015384615,0.8133803215
2026-07-05T13:56:59Z,20260705T135649Z,3898,0.6683552816,1.0000000000,0.4018483896,0.5000000000,0.7583333333,0.6612084983
2026-07-05T13:56:59Z,20260705T135649Z,3899,0.8308156933,1.0000000000,0.9465575149,0.6666666667,0.7798717949,0.8473295289
2026-07-05T13:56:59Z,20260705T135649Z,3900,0.8308156933,1.0000000000,0.9465575149,0.6666666667,0.7691025641,0.8457141443
2026-07-05T13:56:59Z,20260705T135649Z,3901,0.8178906433,1.0000000000,0.7700460733,0.6666666667,0.7624358974,0.8061805934
2026-07-05T13:56:59Z,20260705T135649Z,3902,0.9291181088,1.0000000000,0.8108830488,1.0000000000,0.8474358974,0.9215715216
2026-07-05T13:56:59Z,20260705T135649Z,3903,0.8308156933,1.0000000000,0.8328589269,0.6666666667,0.7937179487,0.8266667343
2026-07-05T13:56:59Z,20260705T135649Z,3904,0.8178906433,1.0000000000,0.6471003434,0.6666666667,0.8275641026,0.7913606782
2026-07-05T13:56:59Z,20260705T135649Z,3905,1.0000000000,1.0000000000,0.6591413331,1.0000000000,0.7287179487,0.8911359589
2026-07-05T13:56:59Z,20260705T135649Z,3906,0.7677204728,1.0000000000,0.9665245833,0.5000000000,0.7835897436,0.8027734964
2026-07-05T13:56:59Z,20260705T135649Z,3907,0.9999999953,1.0000000000,1.0000000000,1.0000000000,0.6587179487,0.9488076911
2026-07-05T13:56:59Z,20260705T135649Z,3908,0.9999999953,1.0000000000,1.0000000000,1.0000000000,0.6306410256,0.9445961527
2026-07-05T13:56:59Z,20260705T135649Z,3909,0.7677204728,1.0000000000,0.9665245833,0.5000000000,0.7488461538,0.7975619579
2026-07-05T13:56:59Z,20260705T135649Z,3910,0.7677204728,1.0000000000,0.9665245833,0.5000000000,0.7821794872,0.8025619579
2026-07-05T13:56:59Z,20260705T135649Z,3911,0.9999999953,1.0000000000,1.0000000000,1.0000000000,0.7351282051,0.9602692296
2026-07-05T13:56:59Z,20260705T135649Z,3912,0.7677204728,1.0000000000,0.9665245833,0.5000000000,0.7871794872,0.8033119579
2026-07-05T13:56:59Z,20260705T135649Z,3913,0.6257641301,1.0000000000,0.9399182504,0.2500000000,0.7421794872,0.7057516057
2026-07-05T13:56:59Z,20260705T135649Z,3914,0.6257641301,1.0000000000,0.9399182504,0.2500000000,0.6943589744,0.6985785288
2026-07-05T13:56:59Z,20260705T135649Z,3915,0.6251540513,1.0000000000,0.8260550879,0.2500000000,0.8133333333,0.6934995304
2026-07-05T13:56:59Z,20260705T135649Z,3916,1.0000000000,1.0000000000,0.9087421033,1.0000000000,0.7891025641,0.9501138053
2026-07-05T13:56:59Z,20260705T135649Z,3917,0.7496918975,1.0000000000,0.9474775917,0.5000000000,0.6502564103,0.7744569542
2026-07-05T13:56:59Z,20260705T135649Z,3918,0.7221149473,1.0000000000,0.9167411894,0.3333333333,0.7235897436,0.7390821029
2026-07-05T13:56:59Z,20260705T135649Z,3919,0.7011185094,1.0000000000,0.9032887910,0.2500000000,0.7808974359,0.7230720009
2026-07-05T13:56:59Z,20260705T135649Z,3920,0.7011185094,1.0000000000,0.9032887910,0.2500000000,0.7652564103,0.7207258471
2026-07-05T13:56:59Z,20260705T135649Z,3921,0.9999999953,1.0000000000,1.0000000000,1.0000000000,0.6187179487,0.9428076911
2026-07-05T13:56:59Z,20260705T135649Z,3922,0.7677204728,1.0000000000,0.9665245833,0.5000000000,0.5817948718,0.7725042656
2026-07-05T13:56:59Z,20260705T135649Z,3923,0.7677204728,1.0000000000,0.9665245833,0.5000000000,0.6170512821,0.7777927272
2026-07-05T13:56:59Z,20260705T135649Z,3924,0.9999999953,1.0000000000,1.0000000000,1.0000000000,0.7373076923,0.9605961527
2026-07-05T13:56:59Z,20260705T135649Z,3925,0.9999999953,1.0000000000,1.0000000000,1.0000000000,0.7906410256,0.9685961527
2026-07-05T13:56:59Z,20260705T135649Z,3926,0.7233498105,1.0000000000,0.9500849642,0.3333333333,0.6473076923,0.7346172660
2026-07-05T13:56:59Z,20260705T135649Z,3927,0.8048689313,1.0000000000,0.9646740990,0.6666666667,0.8403846154,0.8535430783
2026-07-05T13:56:59Z,20260705T135649Z,3928,0.6666666667,1.0000000000,0.9526695251,0.3333333333,0.7770512821,0.7404249307
2026-07-05T13:56:59Z,20260705T135649Z,3929,0.6251540513,1.0000000000,0.9102991883,0.2500000000,0.8080769231,0.7095598889
2026-07-05T13:56:59Z,20260705T135649Z,3930,0.5796768414,1.0000000000,0.8104531428,0.2000000000,0.8353846154,0.6723175312
2026-07-05T13:56:59Z,20260705T135649Z,3931,1.0000000000,1.0000000000,0.9087421033,1.0000000000,0.7838461538,0.9493253437
2026-07-05T13:56:59Z,20260705T135649Z,3932,0.7743054762,1.0000000000,0.9138189211,0.7500000000,0.6773076923,0.8279363071
2026-07-05T13:56:59Z,20260705T135649Z,3933,0.7691695844,1.0000000000,0.6598519686,0.8000000000,0.8444871795,0.8109358667
2026-07-05T13:56:59Z,20260705T135649Z,3934,0.6888213532,1.0000000000,0.6339308198,0.2000000000,0.8408974359,0.6651261176
2026-07-05T13:56:59Z,20260705T135649Z,3935,0.6665729829,1.0000000000,0.2745654903,0.3333333333,0.5866666667,0.5762230105
2026-07-05T13:56:59Z,20260705T135649Z,3936,0.7938906972,1.0000000000,0.5723667271,0.5000000000,0.7691025641,0.7283114043
2026-07-05T13:56:59Z,20260705T135649Z,3937,0.7511429768,1.0000000000,0.5455743187,0.3333333333,0.7591025641,0.6774326592
2026-07-05T13:56:59Z,20260705T135649Z,3938,0.7911717252,1.0000000000,0.8131414665,0.5000000000,0.6887179487,0.7637289169
2026-07-05T13:56:59Z,20260705T135649Z,3939,0.6519264212,1.0000000000,0.0788625447,0.2500000000,0.6541025641,0.5268694989
2026-07-05T13:56:59Z,20260705T135649Z,3940,0.7011185094,1.0000000000,0.6978931265,0.2500000000,0.8461538462,0.6917813296
2026-07-05T13:56:59Z,20260705T135649Z,3941,0.7295870522,1.0000000000,0.7017406505,0.5000000000,0.8382051282,0.7484756624
2026-07-05T13:56:59Z,20260705T135649Z,3942,0.6251540513,1.0000000000,0.7131787952,0.2500000000,0.6419230769,0.6452127334
2026-07-05T13:56:59Z,20260705T135649Z,3943,0.7221149473,1.0000000000,0.7213875578,0.3333333333,0.7937179487,0.7105306073
2026-07-05T13:56:59Z,20260705T135649Z,3944,0.7677204728,1.0000000000,0.9295534250,0.5000000000,0.5950000000,0.7670908032
2026-07-05T13:56:59Z,20260705T135649Z,3945,1.0000000000,1.0000000000,0.9630288418,1.0000000000,0.6074358974,0.9337211530
2026-07-05T13:56:59Z,20260705T135649Z,3946,0.7677204728,1.0000000000,0.9665245833,0.5000000000,0.5920512821,0.7740427272
2026-07-05T13:56:59Z,20260705T135649Z,3947,0.7221149473,1.0000000000,0.6022693343,0.3333333333,0.5269230769,0.6466877319
2026-07-05T13:56:59Z,20260705T135649Z,3948,0.9389292606,1.0000000000,0.5410913388,1.0000000000,0.6357692308,0.8383159675
2026-07-05T13:56:59Z,20260705T135649Z,3949,0.7248934060,1.0000000000,0.2199349097,0.6666666667,0.7943589744,0.6776975129
2026-07-05T13:56:59Z,20260705T135649Z,3950,0.7113754386,1.0000000000,0.8812772764,0.5000000000,0.7811538462,0.7712723919
2026-07-05T13:56:59Z,20260705T135649Z,3951,0.8003084866,1.0000000000,0.8836035367,0.7500000000,0.6417948718,0.8230670598
2026-07-05T13:56:59Z,20260705T135649Z,3952,0.9694646303,1.0000000000,0.8695385445,1.0000000000,0.7039743590,0.9218700203
2026-07-05T13:56:59Z,20260705T135649Z,3953,0.5265566214,1.0000000000,0.0351686700,0.2000000000,0.6984615385,0.4834421201
2026-07-05T13:56:59Z,20260705T135649Z,3954,0.5668540905,1.0000000000,0.0352283503,0.2500000000,0.6114102564,0.4904707311
2026-07-05T13:56:59Z,20260705T135649Z,3955,1.0000000000,1.0000000000,0.9630288418,1.0000000000,0.7223076923,0.9509519222
2026-07-05T13:56:59Z,20260705T135649Z,3956,0.6257641301,1.0000000000,0.9137210992,0.2500000000,0.7437179487,0.7007429447
2026-07-05T13:56:59Z,20260705T135649Z,3957,0.8048689313,1.0000000000,0.9646740990,0.6666666667,0.7332051282,0.8374661552
2026-07-05T13:56:59Z,20260705T135649Z,3958,0.7677204728,1.0000000000,0.9665245833,0.5000000000,0.6896153846,0.7886773425
2026-07-05T13:56:59Z,20260705T135649Z,3959,0.9999999953,1.0000000000,1.0000000000,1.0000000000,0.7869230769,0.9680384604
2026-07-05T13:56:59Z,20260705T135649Z,3960,0.7677204728,1.0000000000,0.9665245833,0.5000000000,0.8058974359,0.8061196502
2026-07-05T13:56:59Z,20260705T135649Z,3961,1.0000000000,1.0000000000,0.9630288418,1.0000000000,0.8041025641,0.9632211530
2026-07-05T13:56:59Z,20260705T135649Z,3962,0.8048689313,1.0000000000,0.8539894749,0.6666666667,0.7532051282,0.8183292304
2026-07-05T13:56:59Z,20260705T135649Z,3963,0.8048689313,1.0000000000,0.8665118703,0.6666666667,0.8182051282,0.8305837094
2026-07-05T13:56:59Z,20260705T135649Z,3964,0.6251540513,1.0000000000,0.5339292075,0.2500000000,0.8073076923,0.6341705082
2026-07-05T13:56:59Z,20260705T135649Z,3965,0.9694646303,1.0000000000,0.8227416179,1.0000000000,0.8471794872,0.9339914042
2026-07-05T13:56:59Z,20260705T135649Z,3966,0.8048689313,1.0000000000,0.8050177710,0.6666666667,0.7374358974,0.8061695050
2026-07-05T13:56:59Z,20260705T135649Z,3967,1.0000000000,1.0000000000,0.8903799229,1.0000000000,0.6876923077,0.9312298307
2026-07-05T13:56:59Z,20260705T135649Z,3968,0.7677204728,1.0000000000,0.6855471582,0.5000000000,0.8003846154,0.7490972421
2026-07-05T13:56:59Z,20260705T135649Z,3969,0.7221149473,1.0000000000,0.8031614184,0.3333333333,0.8357692308,0.7331930718
2026-07-05T13:56:59Z,20260705T135649Z,3970,1.0000000000,1.0000000000,0.8864202290,1.0000000000,0.7505128205,0.9398609689
2026-07-05T13:56:59Z,20260705T135649Z,3971,0.6119272555,1.0000000000,0.2513588988,0.4000000000,0.9092307692,0.6196382090
2026-07-05T13:56:59Z,20260705T135649Z,3972,0.8556136734,1.0000000000,0.5248727277,0.7500000000,0.8091025641,0.7902433485
2026-07-05T13:56:59Z,20260705T135649Z,3973,0.8178906433,1.0000000000,0.6471003434,0.6666666667,0.7473076923,0.7793222167
2026-07-05T13:56:59Z,20260705T135649Z,3974,0.8178906433,1.0000000000,0.7071741901,0.6666666667,0.8479487179,0.8064331399
2026-07-05T13:56:59Z,20260705T135649Z,3975,0.7496918975,1.0000000000,0.8542322579,0.5000000000,0.7957692308,0.7776348106
2026-07-05T13:56:59Z,20260705T135649Z,3976,0.8178906433,1.0000000000,0.7205229067,0.6666666667,0.6985897436,0.7866990370
2026-07-05T13:56:59Z,20260705T135649Z,3977,0.7911717252,1.0000000000,0.9234227024,0.5000000000,0.7806410256,0.7995736256
2026-07-05T13:56:59Z,20260705T135649Z,3978,0.6158017865,1.0000000000,0.2906356522,0.4000000000,0.8243589744,0.6157314232
2026-07-05T13:56:59Z,20260705T135649Z,3979,0.7233498105,1.0000000000,0.8126754436,0.3333333333,0.7826923077,0.7274430542
2026-07-05T13:56:59Z,20260705T135649Z,3980,0.7221149473,1.0000000000,0.7213875578,0.3333333333,0.7616666667,0.7057229150
2026-07-05T13:56:59Z,20260705T135649Z,3981,0.6251540513,1.0000000000,0.7195129066,0.2500000000,0.7666666667,0.6651910941
2026-07-05T13:56:59Z,20260705T135649Z,3982,0.6251540513,1.0000000000,0.7195129066,0.2500000000,0.8338461538,0.6752680172
2026-07-05T13:56:59Z,20260705T135649Z,3983,0.8461736740,1.0000000000,0.9486921032,0.7500000000,0.9110256410,0.8879356853
2026-07-05T13:56:59Z,20260705T135649Z,3984,0.7110955233,1.0000000000,0.9173751699,0.4000000000,0.7158974359,0.7486335302
2026-07-05T13:56:59Z,20260705T135649Z,3985,0.8683435189,1.0000000000,0.7878002727,0.7500000000,0.7487179487,0.8369536266
2026-07-05T13:56:59Z,20260705T135649Z,3986,0.7408128828,1.0000000000,0.5841162414,0.5000000000,0.7974358974,0.7216418536
2026-07-05T13:56:59Z,20260705T135649Z,3987,0.7643619349,1.0000000000,0.6258833721,0.5000000000,0.7506410256,0.7288633120
2026-07-05T13:56:59Z,20260705T135649Z,3988,0.8678028272,1.0000000000,0.9285710907,0.7500000000,0.8256410256,0.8765110788
2026-07-05T13:56:59Z,20260705T135649Z,3989,0.7309729266,1.0000000000,0.6529992247,0.5000000000,0.7169230769,0.7208815381
2026-07-05T13:56:59Z,20260705T135649Z,3990,0.7034222654,1.0000000000,0.7563441244,0.4000000000,0.8291025641,0.7314897758
2026-07-05T13:56:59Z,20260705T135649Z,3991,0.6147802883,1.0000000000,0.3497341205,0.4000000000,0.8452564103,0.6304303577
2026-07-05T13:56:59Z,20260705T135649Z,3992,0.6524308986,1.0000000000,0.7205063017,0.4000000000,0.8291025641,0.7115743696
2026-07-05T13:56:59Z,20260705T135649Z,3993,0.7039302083,1.0000000000,0.6074279637,0.6000000000,0.8237179487,0.7410258371
2026-07-05T13:56:59Z,20260705T135649Z,3994,0.7770063851,1.0000000000,0.7126274630,0.6000000000,0.7139743590,0.7638732427
2026-07-05T13:56:59Z,20260705T135649Z,3995,0.9373647380,1.0000000000,0.7328963067,1.0000000000,0.7688461538,0.8962473689
2026-07-05T13:56:59Z,20260705T135649Z,3996,0.8519177089,1.0000000000,0.8990001528,0.8000000000,0.8326923077,0.8776833039
2026-07-05T13:56:59Z,20260705T135649Z,3997,0.7914957715,1.0000000000,0.9034111226,0.6666666667,0.9526923077,0.8547933469
2026-07-05T13:56:59Z,20260705T135649Z,3998,0.7293260629,1.0000000000,0.8930263035,0.4285714286,0.7860256410,0.7645549083
2026-07-05T13:56:59Z,20260705T135649Z,3999,0.7818691271,1.0000000000,0.8614896959,0.6000000000,0.7475641026,0.7998998363
2026-07-05T13:56:59Z,20260705T135649Z,4000,0.6856582731,1.0000000000,0.8451881855,0.3333333333,0.7302564103,0.7166573336
2026-07-05T13:56:59Z,20260705T135649Z,4001,0.8583729646,1.0000000000,0.9054214937,0.8000000000,0.7319230769,0.8654660014
2026-07-05T13:56:59Z,20260705T135649Z,4002,0.7104165758,1.0000000000,0.6687179897,0.5000000000,0.9162820513,0.7487900496
2026-07-05T13:56:59Z,20260705T135649Z,4003,0.7006776931,1.0000000000,0.8934445028,0.4000000000,0.9116666667,0.7706083238
2026-07-05T13:56:59Z,20260705T135649Z,4004,0.7737924475,1.0000000000,0.9261289416,0.4000000000,0.7373076923,0.7692700541
2026-07-05T13:56:59Z,20260705T135649Z,4005,0.6666666667,1.0000000000,0.9004753771,0.3333333333,0.8055128205,0.7342553318
2026-07-05T13:56:59Z,20260705T135649Z,4006,1.0000000000,1.0000000000,0.9144883142,1.0000000000,0.8375641026,0.9585322782
2026-07-05T13:56:59Z,20260705T135649Z,4007,0.6666666667,1.0000000000,0.7009762378,0.3333333333,0.5833333333,0.6610285809
2026-07-05T13:56:59Z,20260705T135649Z,4008,1.0000000000,1.0000000000,1.0000000000,1.0000000000,0.5769230769,0.9365384615
2026-07-05T13:56:59Z,20260705T135649Z,4009,0.6257641301,1.0000000000,0.7377117931,0.2500000000,0.8623076923,0.6833295450
2026-07-05T13:56:59Z,20260705T135649Z,4010,0.6257641301,1.0000000000,0.9399182504,0.2500000000,0.7206410256,0.7025208365
2026-07-05T13:56:59Z,20260705T135649Z,4011,0.6666666667,1.0000000000,0.9526695251,0.3333333333,0.7350000000,0.7341172384
2026-07-05T13:56:59Z,20260705T135649Z,4012,0.6666666667,1.0000000000,0.9526695251,0.3333333333,0.7437179487,0.7354249307
2026-07-05T13:56:59Z,20260705T135649Z,4013,1.0000000000,1.0000000000,0.8775171560,1.0000000000,0.7906410256,0.9440995850
2026-07-05T13:56:59Z,20260705T135649Z,4014,0.7295870522,1.0000000000,0.6258292255,0.5000000000,0.7842307692,0.7251972235
2026-07-05T13:56:59Z,20260705T135649Z,4015,0.8461736740,1.0000000000,0.9454944581,0.7500000000,0.8442307692,0.8772769255
2026-07-05T13:56:59Z,20260705T135649Z,4016,0.9389292606,1.0000000000,0.8032316967,1.0000000000,0.6691025641,0.8957440391
2026-07-05T13:56:59Z,20260705T135649Z,4017,0.8178906433,1.0000000000,0.6682846636,0.6666666667,0.5855128205,0.7592898500
2026-07-05T13:56:59Z,20260705T135649Z,4018,0.9291181088,1.0000000000,0.4096655294,1.0000000000,0.6238461538,0.8077895562
2026-07-05T13:56:59Z,20260705T135649Z,4019,1.0000000000,1.0000000000,0.9470706479,1.0000000000,0.6338461538,0.9344910527
2026-07-05T13:56:59Z,20260705T135649Z,4020,0.7911717252,1.0000000000,0.8986385028,0.5000000000,0.9044871795,0.8131937088
2026-07-05T13:56:59Z,20260705T135649Z,4021,0.7011185094,1.0000000000,0.8126754436,0.2500000000,0.6246153846,0.6815070238
2026-07-05T13:56:59Z,20260705T135649Z,4022,0.6512923670,1.0000000000,0.3815350763,0.2500000000,0.8905128205,0.6227070301
2026-07-05T13:56:59Z,20260705T135649Z,4023,0.6691512980,1.0000000000,0.3592688447,0.5000000000,0.8719230769,0.6699300550
2026-07-05T13:56:59Z,20260705T135649Z,4024,0.7248934060,1.0000000000,0.4779665757,0.6666666667,0.6237179487,0.7037076923
2026-07-05T13:56:59Z,20260705T135649Z,4025,0.6251540513,1.0000000000,0.5156168554,0.2500000000,0.7223076923,0.6177580377
2026-07-05T13:56:59Z,20260705T135649Z,4026,0.8308156933,1.0000000000,0.9069391514,0.6666666667,0.7102564103,0.8289635485
2026-07-05T13:56:59Z,20260705T135649Z,4027,0.8308156933,1.0000000000,0.9384884944,0.6666666667,0.7175641026,0.8363695709
2026-07-05T13:56:59Z,20260705T135649Z,4028,0.7677204728,1.0000000000,0.9295534250,0.5000000000,0.8311538462,0.8025138801
2026-07-05T13:56:59Z,20260705T135649Z,4029,0.7677204728,1.0000000000,0.9665245833,0.5000000000,0.6871794872,0.7883119579
2026-07-05T13:56:59Z,20260705T135649Z,4030,1.0000000000,1.0000000000,1.0000000000,1.0000000000,0.7244871795,0.9586730769
2026-07-05T13:56:59Z,20260705T135649Z,4031,0.6666666667,1.0000000000,0.9526695251,0.3333333333,0.7221794872,0.7321941614
2026-07-05T13:56:59Z,20260705T135649Z,4032,0.6666666667,1.0000000000,0.9526695251,0.3333333333,0.7717948718,0.7396364691
2026-07-05T13:56:59Z,20260705T135649Z,4033,0.7677204728,1.0000000000,0.9665245833,0.5000000000,0.6707692308,0.7858504195
2026-07-05T13:56:59Z,20260705T135649Z,4034,0.7221149473,1.0000000000,0.7213875578,0.3333333333,0.7289743590,0.7008190689
2026-07-05T13:56:59Z,20260705T135649Z,4035,0.7107144013,1.0000000000,0.7003768640,0.5000000000,0.8088461538,0.7390808962
2026-07-05T13:56:59Z,20260705T135649Z,4036,1.0000000000,1.0000000000,0.9521486767,1.0000000000,0.7970512821,0.9599874277
2026-07-05T13:56:59Z,20260705T135649Z,4037,0.8202606934,1.0000000000,0.9113624492,0.7500000000,0.8006410256,0.8574338170
2026-07-05T13:56:59Z,20260705T135649Z,4038,0.7038845844,1.0000000000,0.9353608262,0.2500000000,0.7574358974,0.7266586960
2026-07-05T13:56:59Z,20260705T135649Z,4039,0.7677204728,1.0000000000,0.9665245833,0.5000000000,0.7757692308,0.8016004195
2026-07-05T13:56:59Z,20260705T135649Z,4040,0.6666666667,1.0000000000,0.9526695251,0.3333333333,0.7419230769,0.7351556999
2026-07-05T13:56:59Z,20260705T135649Z,4041,0.7677204728,1.0000000000,0.9665245833,0.5000000000,0.7473076923,0.7973311887
2026-07-05T13:56:59Z,20260705T135649Z,4042,0.9999999953,1.0000000000,1.0000000000,1.0000000000,0.8007692308,0.9701153834
2026-07-05T13:56:59Z,20260705T135649Z,4043,0.7233498105,1.0000000000,0.9500849642,0.3333333333,0.7691025641,0.7528864967
2026-07-05T13:56:59Z,20260705T135649Z,4044,0.7149010414,1.0000000000,0.9501233359,0.5000000000,0.8289743590,0.7930960814
2026-07-05T13:56:59Z,20260705T135649Z,4045,0.7233498105,1.0000000000,0.9500849642,0.3333333333,0.6580769231,0.7362326506
2026-07-05T13:56:59Z,20260705T135649Z,4046,0.9999999953,1.0000000000,1.0000000000,1.0000000000,0.6085897436,0.9412884604
2026-07-05T13:56:59Z,20260705T135649Z,4047,0.9999999953,1.0000000000,1.0000000000,1.0000000000,0.6567948718,0.9485192296
2026-07-05T13:56:59Z,20260705T135649Z,4048,0.9999999953,1.0000000000,1.0000000000,1.0000000000,0.7973076923,0.9695961527
2026-07-05T13:56:59Z,20260705T135649Z,4049,0.7677204728,1.0000000000,0.9665245833,0.5000000000,0.7421794872,0.7965619579
2026-07-05T13:56:59Z,20260705T135649Z,4050,1.0000000000,1.0000000000,0.8775171560,1.0000000000,0.7120512821,0.9323111235
2026-07-05T13:56:59Z,20260705T135649Z,4051,0.8308156933,1.0000000000,0.9455495523,0.6666666667,0.6903846154,0.8337048594
2026-07-05T13:56:59Z,20260705T135649Z,4052,0.6806608889,1.0000000000,0.8961914554,0.4000000000,0.8134615385,0.7514227441
2026-07-05T13:56:59Z,20260705T135649Z,4053,0.8225951886,1.0000000000,0.9626090465,0.7500000000,0.7843589744,0.8658244526
2026-07-05T13:56:59Z,20260705T135649Z,4054,0.8048689313,1.0000000000,0.9646740990,0.6666666667,0.7507692308,0.8401007706
2026-07-05T13:56:59Z,20260705T135649Z,4055,0.6666666667,1.0000000000,0.9526695251,0.3333333333,0.8938461538,0.7579441614
2026-07-05T13:56:59Z,20260705T135649Z,4056,0.7677204728,1.0000000000,0.9665245833,0.5000000000,0.8837179487,0.8177927272
2026-07-05T13:56:59Z,20260705T135649Z,4057,0.7233498105,1.0000000000,0.9500849642,0.3333333333,0.7715384615,0.7532518814
2026-07-05T13:56:59Z,20260705T135649Z,4058,0.8048689313,1.0000000000,0.9646740990,0.6666666667,0.7383333333,0.8382353860
2026-07-05T13:56:59Z,20260705T135649Z,4059,0.6666666667,1.0000000000,0.9526695251,0.3333333333,0.7975641026,0.7435018537
2026-07-05T13:56:59Z,20260705T135649Z,4060,0.7677204728,1.0000000000,0.9665245833,0.5000000000,0.7156410256,0.7925811887
2026-07-05T13:56:59Z,20260705T135649Z,4061,0.7677204728,1.0000000000,0.9665245833,0.5000000000,0.6789743590,0.7870811887
2026-07-05T13:56:59Z,20260705T135649Z,4062,0.6666666667,1.0000000000,0.9526695251,0.3333333333,0.6857692308,0.7267326230
2026-07-05T13:56:59Z,20260705T135649Z,4063,0.6666666667,1.0000000000,0.9220336936,0.3333333333,0.7521794872,0.7305669951
2026-07-05T13:56:59Z,20260705T135649Z,4064,0.7677204728,1.0000000000,0.9295534250,0.5000000000,0.7823076923,0.7951869571
2026-07-05T13:56:59Z,20260705T135649Z,4065,0.7677204728,1.0000000000,0.8440417392,0.5000000000,0.8356410256,0.7860846199
2026-07-05T13:56:59Z,20260705T135649Z,4066,1.0000000000,1.0000000000,0.9552415148,1.0000000000,0.7460256410,0.9529521491
2026-07-05T13:56:59Z,20260705T135649Z,4067,0.7778850527,1.0000000000,0.6602190499,0.6666666667,0.7403846154,0.7709060988
2026-07-05T13:56:59Z,20260705T135649Z,4068,0.6419070734,1.0000000000,0.3411826134,0.5000000000,0.8110256410,0.6503671372
2026-07-05T13:56:59Z,20260705T135649Z,4069,0.7415433010,1.0000000000,0.5152277576,0.5000000000,0.5352564103,0.6687198383
2026-07-05T13:56:59Z,20260705T135649Z,4070,0.7101383926,1.0000000000,0.8680580240,0.4000000000,0.6523076923,0.7289923568
2026-07-05T13:56:59Z,20260705T135649Z,4071,0.8683435189,1.0000000000,0.7179254140,0.7500000000,0.8101282051,0.8321901933
2026-07-05T13:56:59Z,20260705T135649Z,4072,0.7769957847,1.0000000000,0.4897466575,0.7500000000,0.8802564103,0.7742367392
2026-07-05T13:56:59Z,20260705T135649Z,4073,0.6874616597,1.0000000000,0.2006047511,0.5000000000,0.6069230769,0.6030248267
2026-07-05T13:56:59Z,20260705T135649Z,4074,0.7911717252,1.0000000000,0.9395596258,0.5000000000,0.8188461538,0.8085317795
2026-07-05T13:56:59Z,20260705T135649Z,4075,0.5997124834,1.0000000000,0.8575420650,0.2000000000,0.7241025641,0.6700519185
2026-07-05T13:56:59Z,20260705T135649Z,4076,0.6257641301,1.0000000000,0.9399182504,0.2500000000,0.6928205128,0.6983477595
2026-07-05T13:56:59Z,20260705T135649Z,4077,1.0000000000,1.0000000000,0.9999999905,1.0000000000,0.8055128205,0.9708269212
2026-07-05T13:56:59Z,20260705T135649Z,4078,0.6257641301,1.0000000000,0.9399182504,0.2500000000,0.8038461538,0.7150016057
2026-07-05T13:56:59Z,20260705T135649Z,4079,0.7876837595,1.0000000000,0.5291652232,0.5000000000,0.6907692308,0.7063693691
2026-07-05T13:56:59Z,20260705T135649Z,4080,0.7876837595,1.0000000000,0.7482066951,0.5000000000,0.7984615385,0.7663315097
2026-07-05T13:56:59Z,20260705T135649Z,4081,0.7911717252,1.0000000000,0.8131414665,0.5000000000,0.7721794872,0.7762481477
2026-07-05T13:56:59Z,20260705T135649Z,4082,0.7708807339,1.0000000000,0.7760999996,0.6000000000,0.7024358974,0.7733055680
2026-07-05T13:56:59Z,20260705T135649Z,4083,0.6029000941,1.0000000000,0.6975543163,0.3333333333,0.7275641026,0.6660371688
2026-07-05T13:56:59Z,20260705T135649Z,4084,0.6861551872,1.0000000000,0.9327517140,0.5000000000,0.7788461538,0.7749160627
2026-07-05T13:56:59Z,20260705T135649Z,4085,0.7233498105,1.0000000000,0.8652798411,0.4000000000,0.7741025641,0.7500088055
2026-07-05T13:56:59Z,20260705T135649Z,4086,1.0000000000,1.0000000000,0.9144883142,1.0000000000,0.7953846154,0.9522053551
2026-07-05T13:56:59Z,20260705T135649Z,4087,0.7104165758,1.0000000000,0.7885835249,0.5000000000,0.8307692308,0.7599362335
2026-07-05T13:56:59Z,20260705T135649Z,4088,0.7895834242,1.0000000000,0.8420966333,0.5000000000,0.7158974359,0.7731997981
2026-07-05T13:56:59Z,20260705T135649Z,4089,0.7322795272,1.0000000000,0.8405388045,0.4000000000,0.8423076923,0.7575237966
2026-07-05T13:56:59Z,20260705T135649Z,4090,0.8358978213,1.0000000000,0.9299551366,0.6000000000,0.7888461538,0.8332924057
2026-07-05T13:56:59Z,20260705T135649Z,4091,0.7044687353,1.0000000000,0.4642934589,0.5000000000,0.6867948718,0.6719951064
2026-07-05T13:56:59Z,20260705T135649Z,4092,0.6426100872,1.0000000000,0.3673674227,0.5000000000,0.4503846154,0.6016836987
2026-07-05T13:56:59Z,20260705T135649Z,4093,0.7221149473,1.0000000000,0.8757779321,0.3333333333,0.4678205128,0.6925240668
2026-07-05T13:56:59Z,20260705T135649Z,4094,0.7221149473,1.0000000000,0.6513736399,0.3333333333,0.4678205128,0.6476432084
2026-07-05T13:56:59Z,20260705T135649Z,4095,0.6251540513,1.0000000000,0.6499334366,0.2500000000,0.4806410256,0.6083713540
2026-07-05T13:56:59Z,20260705T135649Z,4096,0.7677204728,1.0000000000,0.9665245833,0.5000000000,0.7067948718,0.7912542656
2026-07-05T13:56:59Z,20260705T135649Z,4097,0.6968385816,1.0000000000,0.1559582608,0.5000000000,0.7820512821,0.6227089899
2026-07-05T13:56:59Z,20260705T135649Z,4098,0.7677204728,1.0000000000,0.8440417392,0.5000000000,0.8960256410,0.7951423122
2026-07-05T13:56:59Z,20260705T135649Z,4099,0.7677204728,1.0000000000,0.9665245833,0.5000000000,0.7703846154,0.8007927272
2026-07-05T13:56:59Z,20260705T135649Z,4100,0.7677204728,1.0000000000,0.9665245833,0.5000000000,0.9100000000,0.8217350349
2026-07-05T13:56:59Z,20260705T135649Z,4101,0.9999999953,1.0000000000,1.0000000000,1.0000000000,0.7174358974,0.9576153834
2026-07-05T13:56:59Z,20260705T135649Z,4102,0.9999999953,1.0000000000,1.0000000000,1.0000000000,0.7821794872,0.9673269219
2026-07-05T13:56:59Z,20260705T135649Z,4103,0.9999999953,1.0000000000,1.0000000000,1.0000000000,0.8171794872,0.9725769219
2026-07-05T13:56:59Z,20260705T135649Z,4104,0.7011185094,1.0000000000,0.9032887910,0.2500000000,0.7493589744,0.7183412317
2026-07-05T13:56:59Z,20260705T135649Z,4105,0.7847446552,1.0000000000,0.8634290075,0.6000000000,0.8907692308,0.8224873499
2026-07-05T13:56:59Z,20260705T135649Z,4106,0.6369155281,1.0000000000,0.7962344416,0.3333333333,0.8261538462,0.7090655139
2026-07-05T13:56:59Z,20260705T135649Z,4107,0.6752827753,1.0000000000,0.2996935009,0.6000000000,0.8393589744,0.6746632402
2026-07-05T13:56:59Z,20260705T135649Z,4108,0.6631314664,1.0000000000,0.2972442575,0.6000000000,0.6055128205,0.6360586412
2026-07-05T13:56:59Z,20260705T135649Z,4109,0.7891110302,1.0000000000,0.8919166698,0.8000000000,0.6665384615,0.8356418608
2026-07-05T13:56:59Z,20260705T135649Z,4110,0.6532637123,1.0000000000,0.7622097258,0.5714285714,0.8547435897,0.7582551260
2026-07-05T13:56:59Z,20260705T135649Z,4111,0.5647808334,1.0000000000,0.6980886430,0.1428571429,0.7987179487,0.6291920578
2026-07-05T13:56:59Z,20260705T135649Z,4112,0.7006776931,1.0000000000,0.8518051072,0.4000000000,0.8288461538,0.7498573678
2026-07-05T13:56:59Z,20260705T135649Z,4113,0.6702232963,1.0000000000,0.6668630439,0.5000000000,0.8264102564,0.7248899713
2026-07-05T13:56:59Z,20260705T135649Z,4114,0.6331599075,1.0000000000,0.6119327016,0.2857142857,0.7688461538,0.6531462974
2026-07-05T13:56:59Z,20260705T135649Z,4115,0.7648066922,1.0000000000,0.6232437758,0.4000000000,0.8528205128,0.7237735051
2026-07-05T13:56:59Z,20260705T135649Z,4116,0.7911717252,1.0000000000,0.9304251867,0.5000000000,0.7485897436,0.7961664302
2026-07-05T13:56:59Z,20260705T135649Z,4117,0.7110955233,1.0000000000,0.9173751699,0.4000000000,0.7366666667,0.7517489148
2026-07-05T13:56:59Z,20260705T135649Z,4118,0.7496918975,1.0000000000,0.9372465868,0.5000000000,0.7389743590,0.7857184456
2026-07-05T13:56:59Z,20260705T135649Z,4119,1.0000000000,1.0000000000,1.0000000000,1.0000000000,0.8356410256,0.9753461538
2026-07-05T13:56:59Z,20260705T135649Z,4120,1.0000000000,1.0000000000,1.0000000000,1.0000000000,0.7702564103,0.9655384615
2026-07-05T13:56:59Z,20260705T135649Z,4121,0.7110955233,1.0000000000,0.9173751699,0.4000000000,0.6292307692,0.7356335302
2026-07-05T13:56:59Z,20260705T135649Z,4122,0.8461736740,1.0000000000,0.8170083581,0.7500000000,0.6752564103,0.8262335516
2026-07-05T13:56:59Z,20260705T135649Z,4123,0.8308156933,1.0000000000,0.6792635141,0.6666666667,0.7192307692,0.7847745748
2026-07-05T13:56:59Z,20260705T135649Z,4124,0.8308156933,1.0000000000,0.6363125708,0.6666666667,0.6824358974,0.7706651554
2026-07-05T13:56:59Z,20260705T135649Z,4125,0.7415433010,1.0000000000,0.5378642916,0.5000000000,0.6958974359,0.6973432989
2026-07-05T13:56:59Z,20260705T135649Z,4126,0.7496918975,1.0000000000,0.8542322579,0.5000000000,0.7332051282,0.7682501952
2026-07-05T13:56:59Z,20260705T135649Z,4127,0.8308156933,1.0000000000,0.9404540319,0.6666666667,0.8617948718,0.8583972938
2026-07-05T13:56:59Z,20260705T135649Z,4128,0.5826023359,1.0000000000,0.3730310879,0.2500000000,0.6778205128,0.5719298785
2026-07-05T13:56:59Z,20260705T135649Z,4129,0.6338602364,1.0000000000,0.4980590740,0.4000000000,0.7552564103,0.6513653354
2026-07-05T13:56:59Z,20260705T135649Z,4130,0.9719380415,1.0000000000,0.8852003358,1.0000000000,0.8674358974,0.9501399621
2026-07-05T13:56:59Z,20260705T135649Z,4131,0.9373647380,1.0000000000,0.7840611798,1.0000000000,0.7433333333,0.9026534205
2026-07-05T13:56:59Z,20260705T135649Z,4132,0.9373647380,1.0000000000,0.7449260520,1.0000000000,0.7032051282,0.8888071641
2026-07-05T13:56:59Z,20260705T135649Z,4133,0.9438760830,1.0000000000,0.6088072687,1.0000000000,0.6002564103,0.8477689360
2026-07-05T13:56:59Z,20260705T135649Z,4134,0.7145061183,1.0000000000,0.8119726657,0.6000000000,0.7487179487,0.7733287550
2026-07-05T13:56:59Z,20260705T135649Z,4135,0.7094030901,1.0000000000,0.1502262189,0.5000000000,0.8111538462,0.6290690932
2026-07-05T13:56:59Z,20260705T135649Z,4136,0.6251540513,1.0000000000,0.8613396374,0.2500000000,0.7956410256,0.6979025941
2026-07-05T13:56:59Z,20260705T135649Z,4137,0.8178906433,1.0000000000,0.3316927196,0.6666666667,0.7787179487,0.7209522304
2026-07-05T13:56:59Z,20260705T135649Z,4138,0.5579274389,1.0000000000,0.2270743085,0.2000000000,0.6161538462,0.5173197983
2026-07-05T13:56:59Z,20260705T135649Z,4139,0.7554158774,1.0000000000,0.2402379825,0.5000000000,0.6341025641,0.6320169505
2026-07-05T13:56:59Z,20260705T135649Z,4140,0.8308156933,1.0000000000,0.6305422954,0.6666666667,0.6357692308,0.7625111003
2026-07-05T13:56:59Z,20260705T135649Z,4141,0.7869708545,1.0000000000,0.6335190410,0.7500000000,0.7370512821,0.7840042141
2026-07-05T13:56:59Z,20260705T135649Z,4142,0.6268086504,1.0000000000,0.8602993333,0.4000000000,0.7721794872,0.7245889523
2026-07-05T13:56:59Z,20260705T135649Z,4143,0.7575558929,1.0000000000,0.4084641936,0.6666666667,0.7939743590,0.7235112991
2026-07-05T13:56:59Z,20260705T135649Z,4144,0.7796750095,1.0000000000,0.7377254517,0.5000000000,0.8138461538,0.7645407658
2026-07-05T13:56:59Z,20260705T135649Z,4145,0.8556136734,1.0000000000,0.7119749348,0.7500000000,0.7337179487,0.8163560976
2026-07-05T13:56:59Z,20260705T135649Z,4146,0.6760660495,1.0000000000,0.3378641759,0.5000000000,0.8021794872,0.6569162706
2026-07-05T13:56:59Z,20260705T135649Z,4147,0.7139653040,1.0000000000,0.0874035242,0.7500000000,0.7773076923,0.6625681847
2026-07-05T13:56:59Z,20260705T135649Z,4148,0.7811646086,1.0000000000,0.3633468108,0.5000000000,0.8391025641,0.6938258989
2026-07-05T13:56:59Z,20260705T135649Z,4149,0.8308156933,1.0000000000,0.7305833490,0.6666666667,0.8088461538,0.8084808495
2026-07-05T13:56:59Z,20260705T135649Z,4150,0.8308156933,1.0000000000,0.8142116903,0.6666666667,0.6382051282,0.7996103639
2026-07-05T13:56:59Z,20260705T135649Z,4151,1.0000000000,1.0000000000,0.9511254961,1.0000000000,0.6725641026,0.9411097146
2026-07-05T13:56:59Z,20260705T135649Z,4152,1.0000000000,1.0000000000,0.8304986811,1.0000000000,0.6021794872,0.9064266593
2026-07-05T13:56:59Z,20260705T135649Z,4153,0.8308156933,1.0000000000,0.8383998770,0.6666666667,0.7887179487,0.8270249244
2026-07-05T13:56:59Z,20260705T135649Z,4154,0.8308156933,1.0000000000,0.9551503268,0.6666666667,0.8287179487,0.8563750143
2026-07-05T13:56:59Z,20260705T135649Z,4155,1.0000000000,1.0000000000,0.9470706479,1.0000000000,0.6823076923,0.9417602834
2026-07-05T13:56:59Z,20260705T135649Z,4156,0.7796750095,1.0000000000,0.4996845918,0.5000000000,0.7997435897,0.7148172092
2026-07-05T13:56:59Z,20260705T135649Z,4157,0.9720464599,1.0000000000,0.8172713233,1.0000000000,0.7315384615,0.9161966489
2026-07-05T13:56:59Z,20260705T135649Z,4158,0.7811646086,1.0000000000,0.7921380277,0.5000000000,0.8205128205,0.7767956808
2026-07-05T13:56:59Z,20260705T135649Z,4159,0.8308156933,1.0000000000,0.9021676509,0.6666666667,0.8071794872,0.8425477099
2026-07-05T13:56:59Z,20260705T135649Z,4160,0.8126140003,1.0000000000,0.7918967189,0.7500000000,0.8774358974,0.8431482285
2026-07-05T13:56:59Z,20260705T135649Z,4161,0.8197753036,1.0000000000,0.8799501953,0.7500000000,0.7621794872,0.8452607880
2026-07-05T13:56:59Z,20260705T135649Z,4162,0.8139261287,1.0000000000,0.8218843780,0.6000000000,0.6385897436,0.7836468693
2026-07-05T13:56:59Z,20260705T135649Z,4163,0.8953931611,1.0000000000,0.8641826732,0.8000000000,0.7267948718,0.8657040557
2026-07-05T13:56:59Z,20260705T135649Z,4164,0.7811646086,1.0000000000,0.4481250538,0.5000000000,0.7784615385,0.7016853937
2026-07-05T13:56:59Z,20260705T135649Z,4165,0.8308156933,1.0000000000,0.8142116903,0.6666666667,0.7420512821,0.8151872870
2026-07-05T13:56:59Z,20260705T135649Z,4166,0.7415433010,1.0000000000,0.7289574755,0.5000000000,0.7758974359,0.7475619357
2026-07-05T13:56:59Z,20260705T135649Z,4167,0.8461736740,1.0000000000,0.7230580076,0.7500000000,0.7206410256,0.8142511739
2026-07-05T13:56:59Z,20260705T135649Z,4168,0.7957797440,1.0000000000,0.2439393924,0.7500000000,0.6287179487,0.6920405068
2026-07-05T13:56:59Z,20260705T135649Z,4169,0.6355981610,1.0000000000,0.3377706421,0.4000000000,0.6691025641,0.6068190533
2026-07-05T13:56:59Z,20260705T135649Z,4170,0.6680931393,1.0000000000,0.7830036458,0.3333333333,0.7356410256,0.7006368345
2026-07-05T13:56:59Z,20260705T135649Z,4171,0.8461736740,1.0000000000,0.8278983314,0.7500000000,0.7939743590,0.8462192386
2026-07-05T13:56:59Z,20260705T135649Z,4172,0.7496918975,1.0000000000,0.7578759921,0.5000000000,0.7538461538,0.7520750959
2026-07-05T13:56:59Z,20260705T135649Z,4173,0.9389292606,1.0000000000,0.5672413826,1.0000000000,0.7791025641,0.8650459763
2026-07-05T13:56:59Z,20260705T135649Z,4174,0.7496918975,1.0000000000,0.9339559926,0.5000000000,0.5720512821,0.7600218652
2026-07-05T13:56:59Z,20260705T135649Z,4175,0.7415433010,1.0000000000,0.8514072073,0.5000000000,0.8571794872,0.7842441898
2026-07-05T13:56:59Z,20260705T135649Z,4176,0.8178906433,1.0000000000,0.7761405268,0.6666666667,0.7576923077,0.8066879457
2026-07-05T13:56:59Z,20260705T135649Z,4177,0.8308156933,1.0000000000,0.9408166570,0.6666666667,0.8141025641,0.8513159727
2026-07-05T13:56:59Z,20260705T135649Z,4178,1.0000000000,1.0000000000,0.8374371064,1.0000000000,0.6910256410,0.9211412674
2026-07-05T13:56:59Z,20260705T135649Z,4179,0.7496918975,1.0000000000,0.8122435432,0.5000000000,0.7539743590,0.7629678369
2026-07-05T13:56:59Z,20260705T135649Z,4180,0.8308156933,1.0000000000,0.9522826136,0.6666666667,0.7258974359,0.8403783947
2026-07-05T13:56:59Z,20260705T135649Z,4181,1.0000000000,1.0000000000,0.9433092750,1.0000000000,0.6239743590,0.9322580088
2026-07-05T13:56:59Z,20260705T135649Z,4182,0.8178906433,1.0000000000,0.7112123231,0.6666666667,0.7837179487,0.7976061511
2026-07-05T13:56:59Z,20260705T135649Z,4183,0.7034222654,1.0000000000,0.6946636638,0.4000000000,0.8275641026,0.7189229145
2026-07-05T13:56:59Z,20260705T135649Z,4184,0.8683435189,1.0000000000,0.9135940140,0.7500000000,0.9383333333,0.8905546825
2026-07-05T13:56:59Z,20260705T135649Z,4185,0.7415433010,1.0000000000,0.6224770463,0.5000000000,0.7973076923,0.7294773883
2026-07-05T13:56:59Z,20260705T135649Z,4186,1.0000000000,1.0000000000,0.9320255939,1.0000000000,0.7471794872,0.9484820418
2026-07-05T13:56:59Z,20260705T135649Z,4187,1.0000000000,1.0000000000,0.9405180032,1.0000000000,0.8365384615,0.9635843699
2026-07-05T13:56:59Z,20260705T135649Z,4188,0.8178906433,1.0000000000,0.6551994567,0.6666666667,0.8301282051,0.7933651163
2026-07-05T13:56:59Z,20260705T135649Z,4189,0.8308156933,1.0000000000,0.8025111963,0.6666666667,0.6903846154,0.8050971882
2026-07-05T13:56:59Z,20260705T135649Z,4190,0.7869708545,1.0000000000,0.6124393789,0.7500000000,0.7821794872,0.7865575125
2026-07-05T13:56:59Z,20260705T135649Z,4191,0.8461736740,1.0000000000,0.6287489173,0.7500000000,0.6888461538,0.7906201250
2026-07-05T13:56:59Z,20260705T135649Z,4192,0.8556136734,1.0000000000,0.6852929136,0.7500000000,0.6642307692,0.8005966165
2026-07-05T13:56:59Z,20260705T135649Z,4193,0.8429356829,1.0000000000,0.5971307177,0.8000000000,0.6871794872,0.7932369873
2026-07-05T13:56:59Z,20260705T135649Z,4194,0.8072167355,1.0000000000,0.4358424424,0.6000000000,0.7902564103,0.7275111339
2026-07-05T13:56:59Z,20260705T135649Z,4195,0.8461736740,1.0000000000,0.6033590242,0.7500000000,0.8000000000,0.8022152233
2026-07-05T13:56:59Z,20260705T135649Z,4196,0.7254638286,1.0000000000,0.5615971623,0.5000000000,0.7925641026,0.7125700050
2026-07-05T13:56:59Z,20260705T135649Z,4197,0.7796750095,1.0000000000,0.6792093097,0.5000000000,0.7607692308,0.7448759989
2026-07-05T13:56:59Z,20260705T135649Z,4198,0.8650480845,1.0000000000,0.7930164331,0.7500000000,0.8201282051,0.8478845385
2026-07-05T13:56:59Z,20260705T135649Z,4199,0.8650480845,1.0000000000,0.8656204643,0.7500000000,0.7985897436,0.8591745755
2026-07-05T13:56:59Z,20260705T135649Z,4200,0.8683435189,1.0000000000,0.8919191329,0.7500000000,0.7206410256,0.8535658602
2026-07-05T13:56:59Z,20260705T135649Z,4201,0.8772872787,1.0000000000,0.5580634075,1.0000000000,0.8320512821,0.8557421935
2026-07-05T13:56:59Z,20260705T135649Z,4202,0.9389292606,1.0000000000,0.8596545658,1.0000000000,0.6607692308,0.9057786129
2026-07-05T13:56:59Z,20260705T135649Z,4203,0.8328538820,1.0000000000,0.4898509080,0.7500000000,0.7589743590,0.7700298059
2026-07-05T13:56:59Z,20260705T135649Z,4204,0.8683435189,1.0000000000,0.9313766130,0.7500000000,0.8526923077,0.8812650485
2026-07-05T13:56:59Z,20260705T135649Z,4205,0.8683435189,1.0000000000,0.9313766130,0.7500000000,0.7912820513,0.8720535100
2026-07-05T13:56:59Z,20260705T135649Z,4206,0.7847446552,1.0000000000,0.8665746522,0.6000000000,0.7483333333,0.8017510942
2026-07-05T13:56:59Z,20260705T135649Z,4207,0.8461736740,1.0000000000,0.8305931553,0.7500000000,0.8623076923,0.8570082034
2026-07-05T13:56:59Z,20260705T135649Z,4208,1.0000000000,1.0000000000,1.0000000000,1.0000000000,0.6742307692,0.9511346154
2026-07-05T13:56:59Z,20260705T135649Z,4209,0.9694646303,1.0000000000,0.9268136050,1.0000000000,0.8419230769,0.9540173401
2026-07-05T13:56:59Z,20260705T135649Z,4210,0.8048689313,1.0000000000,0.7316271316,0.6666666667,0.7987179487,0.8006836848
2026-07-05T13:56:59Z,20260705T135649Z,4211,0.8308156933,1.0000000000,0.9038524651,0.6666666667,0.8173076923,0.8444039035
2026-07-05T13:56:59Z,20260705T135649Z,4212,0.8308156933,1.0000000000,0.8986883744,0.6666666667,0.7957692308,0.8401403161
2026-07-05T13:56:59Z,20260705T135649Z,4213,0.7160887327,1.0000000000,0.2004982458,0.6666666667,0.6887179487,0.6557628580
2026-07-05T13:56:59Z,20260705T135649Z,4214,0.7575558929,1.0000000000,0.3701590487,0.6666666667,0.8171794872,0.7193310394
2026-07-05T13:56:59Z,20260705T135649Z,4215,0.9291181088,1.0000000000,0.6887869255,1.0000000000,0.8024358974,0.8904022969
2026-07-05T13:56:59Z,20260705T135649Z,4216,0.9291181088,1.0000000000,0.5302923444,1.0000000000,0.8085897436,0.8596264576
2026-07-05T13:56:59Z,20260705T135649Z,4217,0.9291181088,1.0000000000,0.5302923444,1.0000000000,0.7920512821,0.8571456884
2026-07-05T13:56:59Z,20260705T135649Z,4218,1.0000000000,1.0000000000,0.9377851185,1.0000000000,0.6217948718,0.9308262545
2026-07-05T13:56:59Z,20260705T135649Z,4219,1.0000000000,1.0000000000,0.9377851185,1.0000000000,0.6542307692,0.9356916391
2026-07-05T13:56:59Z,20260705T135649Z,4220,1.0000000000,1.0000000000,0.8304986811,1.0000000000,0.7207692308,0.9242151208
2026-07-05T13:56:59Z,20260705T135649Z,4221,1.0000000000,1.0000000000,0.8903799229,1.0000000000,0.6670512821,0.9281336769
2026-07-05T13:56:59Z,20260705T135649Z,4222,1.0000000000,1.0000000000,1.0000000000,1.0000000000,0.8041025641,0.9706153846
2026-07-05T13:56:59Z,20260705T135649Z,4223,0.7811646086,1.0000000000,0.7351073237,0.5000000000,0.7807692308,0.7594280015
2026-07-05T13:56:59Z,20260705T135649Z,4224,0.7770063851,1.0000000000,0.8001968713,0.6000000000,0.7487179487,0.7865986629
2026-07-05T13:56:59Z,20260705T135649Z,4225,0.8683435189,1.0000000000,0.8060112058,0.7500000000,0.7287179487,0.8375958132
2026-07-05T13:56:59Z,20260705T135649Z,4226,0.9389292606,1.0000000000,0.7186527585,1.0000000000,0.8488461538,0.9057897899
2026-07-05T13:56:59Z,20260705T135649Z,4227,0.8308156933,1.0000000000,0.6589975683,0.6666666667,0.6991025641,0.7777021549
2026-07-05T13:56:59Z,20260705T135649Z,4228,1.0000000000,1.0000000000,0.9511254961,1.0000000000,0.8057692308,0.9610904838
2026-07-05T13:56:59Z,20260705T135649Z,4229,1.0000000000,1.0000000000,0.9999999866,1.0000000000,0.7537179487,0.9630576896
2026-07-05T13:56:59Z,20260705T135649Z,4230,0.8178906433,1.0000000000,0.5391490121,0.6666666667,0.7439743590,0.7572319504
2026-07-05T13:56:59Z,20260705T135649Z,4231,0.8178906433,1.0000000000,0.7683668270,0.6666666667,0.6973076923,0.7960755134
2026-07-05T13:56:59Z,20260705T135649Z,4232,0.8178906433,1.0000000000,0.8341335128,0.6666666667,0.8402564103,0.8306711583
2026-07-05T13:56:59Z,20260705T135649Z,4233,0.9389292606,1.0000000000,0.7278856266,1.0000000000,0.6105128205,0.8718863635
2026-07-05T13:56:59Z,20260705T135649Z,4234,0.8224757615,1.0000000000,0.8883171307,0.7500000000,0.8480769231,0.8604939050
2026-07-05T13:56:59Z,20260705T135649Z,4235,0.9440929198,1.0000000000,0.7114428042,1.0000000000,0.9084615385,0.9145810215
2026-07-05T13:56:59Z,20260705T135649Z,4236,0.7104018881,1.0000000000,0.4144010383,0.6000000000,0.8489743590,0.7078268335
2026-07-05T13:56:59Z,20260705T135649Z,4237,0.8582423394,1.0000000000,0.5510176430,0.8000000000,0.6752564103,0.7860525750
2026-07-05T13:56:59Z,20260705T135649Z,4238,0.6224083293,1.0000000000,0.4173364344,0.3333333333,0.6921794872,0.6095629590
2026-07-05T13:56:59Z,20260705T135649Z,4239,0.8308156933,1.0000000000,0.7998200406,0.6666666667,0.7420512821,0.8123089571
2026-07-05T13:56:59Z,20260705T135649Z,4240,0.8308156933,1.0000000000,0.9493633843,0.6666666667,0.7838461538,0.8484868566
2026-07-05T13:56:59Z,20260705T135649Z,4241,0.8178906433,1.0000000000,0.7071741901,0.6666666667,0.7174358974,0.7868562168
2026-07-05T13:56:59Z,20260705T135649Z,4242,0.8178906433,1.0000000000,0.8341379724,0.6666666667,0.7574358974,0.8182489732
2026-07-05T13:56:59Z,20260705T135649Z,4243,0.8308156933,1.0000000000,0.7343189922,0.6666666667,0.8410256410,0.8140549012
2026-07-05T13:56:59Z,20260705T135649Z,4244,0.8308156933,1.0000000000,0.8645991675,0.6666666667,0.7106410256,0.8205532440
2026-07-05T13:56:59Z,20260705T135649Z,4245,0.7496918975,1.0000000000,0.8456096151,0.5000000000,0.6537179487,0.7546025897
2026-07-05T13:56:59Z,20260705T135649Z,4246,0.8308156933,1.0000000000,0.8383998770,0.6666666667,0.9135897436,0.8457556936
2026-07-05T13:56:59Z,20260705T135649Z,4247,1.0000000000,1.0000000000,0.6591413331,1.0000000000,0.6842307692,0.8844628820
2026-07-05T13:56:59Z,20260705T135649Z,4248,0.7677204728,1.0000000000,0.9665245833,0.5000000000,0.7841025641,0.8028504195
2026-07-05T13:56:59Z,20260705T135649Z,4249,0.6968385816,1.0000000000,0.3743340836,0.5000000000,0.7428205128,0.6604995390
2026-07-05T13:56:59Z,20260705T135649Z,4250,0.8178906433,1.0000000000,0.4479661730,0.6666666667,0.6335897436,0.7224376903
2026-07-05T13:56:59Z,20260705T135649Z,4251,0.8308156933,1.0000000000,0.6363125708,0.6666666667,0.5567948718,0.7518190016
2026-07-05T13:56:59Z,20260705T135649Z,4252,1.0000000000,1.0000000000,0.8212131517,1.0000000000,0.8057692308,0.9351080150
2026-07-05T13:56:59Z,20260705T135649Z,4253,0.9291181088,1.0000000000,0.5155242336,1.0000000000,0.7487179487,0.8476920662
2026-07-05T13:56:59Z,20260705T135649Z,4254,0.9291181088,1.0000000000,0.5722149587,1.0000000000,0.8488461538,0.8740494420
2026-07-05T13:56:59Z,20260705T135649Z,4255,0.9291181088,1.0000000000,0.6887869255,1.0000000000,0.8511538462,0.8977099892
2026-07-05T13:56:59Z,20260705T135649Z,4256,0.8178906433,1.0000000000,0.7758992956,0.6666666667,0.7335897436,0.8030243148
2026-07-05T13:56:59Z,20260705T135649Z,4257,1.0000000000,1.0000000000,0.9283398159,1.0000000000,0.7667948718,0.9506871939
2026-07-05T13:56:59Z,20260705T135649Z,4258,0.8178906433,1.0000000000,0.6179295153,0.6666666667,0.7871794872,0.7794688203
2026-07-05T13:56:59Z,20260705T135649Z,4259,1.0000000000,1.0000000000,0.8834280332,1.0000000000,0.7892307692,0.9450702220
2026-07-05T13:56:59Z,20260705T135649Z,4260,0.8178906433,1.0000000000,0.7700460733,0.6666666667,0.8157692308,0.8141805934
2026-07-05T13:56:59Z,20260705T135649Z,4261,0.8178906433,1.0000000000,0.6551994567,0.6666666667,0.7985897436,0.7886343470
2026-07-05T13:56:59Z,20260705T135649Z,4262,0.7094030901,1.0000000000,0.2944229652,0.5000000000,0.7473076923,0.6483315194
2026-07-05T13:56:59Z,20260705T135649Z,4263,1.0000000000,1.0000000000,1.0000000000,1.0000000000,0.8058974359,0.9708846154
2026-07-05T13:56:59Z,20260705T135649Z,4264,0.7295870522,1.0000000000,0.7654537064,0.5000000000,0.7869230769,0.7535259659
2026-07-05T13:56:59Z,20260705T135649Z,4265,0.8308156933,1.0000000000,0.9061066109,0.6666666667,0.7403846154,0.8333162711
2026-07-05T13:56:59Z,20260705T135649Z,4266,0.8308156933,1.0000000000,0.9061066109,0.6666666667,0.7226923077,0.8306624250
2026-07-05T13:56:59Z,20260705T135649Z,4267,1.0000000000,1.0000000000,0.9470706479,1.0000000000,0.6739743590,0.9405102834
2026-07-05T13:56:59Z,20260705T135649Z,4268,0.9291181088,1.0000000000,0.4096655294,1.0000000000,0.6242307692,0.8078472485
2026-07-05T13:56:59Z,20260705T135649Z,4269,0.7796750095,1.0000000000,0.5121852061,0.5000000000,0.8744871795,0.7285288705
2026-07-05T13:56:59Z,20260705T135649Z,4270,0.8556136734,1.0000000000,0.6489322435,0.7500000000,0.6117948718,0.7854590978
2026-07-05T13:56:59Z,20260705T135649Z,4271,0.7415433010,1.0000000000,0.6069296219,0.5000000000,0.6317948718,0.7015409804
2026-07-05T13:56:59Z,20260705T135649Z,4272,0.7496918975,1.0000000000,0.8048446515,0.5000000000,0.7274358974,0.7575072893
2026-07-05T13:56:59Z,20260705T135649Z,4273,0.9389292606,1.0000000000,0.7662212177,1.0000000000,0.7057692308,0.8938419433
2026-07-05T13:56:59Z,20260705T135649Z,4274,0.9389292606,1.0000000000,0.7371896526,1.0000000000,0.8705128205,0.9127471688
2026-07-05T13:56:59Z,20260705T135649Z,4275,0.8308156933,1.0000000000,0.7706049291,0.6666666667,0.7665384615,0.8101390117
2026-07-05T13:56:59Z,20260705T135649Z,4276,0.7895834242,1.0000000000,0.7008183223,0.5000000000,0.7502564103,0.7500979820
2026-07-05T13:56:59Z,20260705T135649Z,4277,0.6743822770,1.0000000000,0.5861523018,0.4000000000,0.8491025641,0.6931914142
2026-07-05T13:56:59Z,20260705T135649Z,4278,0.6696017451,1.0000000000,0.5166319167,0.4000000000,0.8303846154,0.6752845119
2026-07-05T13:56:59Z,20260705T135649Z,4279,0.7876837595,1.0000000000,0.8561599338,0.5000000000,0.6876923077,0.7713067728
2026-07-05T13:56:59Z,20260705T135649Z,4280,0.8178906433,1.0000000000,0.4911620371,0.6666666667,0.7174358974,0.7436537862
2026-07-05T13:56:59Z,20260705T135649Z,4281,0.8461736740,1.0000000000,0.9265197498,0.7500000000,0.7406410256,0.8579435223
2026-07-05T13:56:59Z,20260705T135649Z,4282,0.6369155281,1.0000000000,0.6718438083,0.3333333333,0.7985897436,0.6800527719
2026-07-05T13:56:59Z,20260705T135649Z,4283,0.6498738620,1.0000000000,0.6039681826,0.4000000000,0.8188461538,0.6860890251
2026-07-05T13:56:59Z,20260705T135649Z,4284,1.0000000000,1.0000000000,0.7630752111,1.0000000000,0.6992307692,0.9074996576
2026-07-05T13:56:59Z,20260705T135649Z,4285,0.6624500968,1.0000000000,0.4063928910,0.5000000000,0.6869230769,0.6499295639
2026-07-05T13:56:59Z,20260705T135649Z,4286,0.6624500968,1.0000000000,0.4494444151,0.5000000000,0.8489743590,0.6828475611
2026-07-05T13:56:59Z,20260705T135649Z,4287,0.5439435634,1.0000000000,0.4313060306,0.2000000000,0.8232051282,0.5857278662
2026-07-05T13:56:59Z,20260705T135649Z,4288,0.5439435634,1.0000000000,0.3912079900,0.2000000000,0.8242307692,0.5778621042
2026-07-05T13:56:59Z,20260705T135649Z,4289,0.7778850527,1.0000000000,0.7277374061,0.6666666667,0.7510256410,0.7860059239
2026-07-05T13:56:59Z,20260705T135649Z,4290,0.7160887327,1.0000000000,0.4161769028,0.6666666667,0.7838461538,0.7131678201
2026-07-05T13:56:59Z,20260705T135649Z,4291,0.6290805998,1.0000000000,0.1919411414,0.5000000000,0.7684615385,0.6109276090
2026-07-05T13:56:59Z,20260705T135649Z,4292,0.7101383926,1.0000000000,0.1683595225,0.7500000000,0.7352564103,0.6714949642
2026-07-05T13:56:59Z,20260705T135649Z,4293,0.5608126940,1.0000000000,0.0775295868,0.4000000000,0.8260256410,0.5596129370
2026-07-05T13:56:59Z,20260705T135649Z,4294,0.9694646303,1.0000000000,0.8181484056,1.0000000000,0.8275641026,0.9301304541
2026-07-05T13:56:59Z,20260705T135649Z,4295,0.9189432581,1.0000000000,0.6784261495,1.0000000000,0.6084615385,0.8566902752
2026-07-05T13:56:59Z,20260705T135649Z,4296,0.8892706552,1.0000000000,0.5015212000,1.0000000000,0.7458974359,0.8345065192
2026-07-05T13:56:59Z,20260705T135649Z,4297,0.8556136734,1.0000000000,0.7773532233,0.7500000000,0.8428205128,0.8457971399
2026-07-05T13:56:59Z,20260705T135649Z,4298,0.6619963639,1.0000000000,0.5310534444,0.4000000000,0.8057692308,0.6725751645
2026-07-05T13:56:59Z,20260705T135649Z,4299,0.6444992497,1.0000000000,0.3762031183,0.4000000000,0.7756410256,0.6327115899
2026-07-05T13:56:59Z,20260705T135649Z,4300,0.7497579933,1.0000000000,0.5230518429,0.6000000000,0.6325641026,0.7069344823
2026-07-05T13:56:59Z,20260705T135649Z,4301,0.8148276554,1.0000000000,0.6007949559,0.7500000000,0.7424358974,0.7852312897
2026-07-05T13:56:59Z,20260705T135649Z,4302,0.8892706552,1.0000000000,0.5409390555,1.0000000000,0.8056410256,0.8513516288
2026-07-05T13:56:59Z,20260705T135649Z,4303,0.8772872787,1.0000000000,0.2455998033,1.0000000000,0.8007692308,0.7885571649
2026-07-05T13:56:59Z,20260705T135649Z,4304,0.9389292606,1.0000000000,0.6305385707,1.0000000000,0.6662820513,0.8607823370
2026-07-05T13:56:59Z,20260705T135649Z,4305,0.6290805998,1.0000000000,0.2469644835,0.5000000000,0.8796153846,0.6386053543
2026-07-05T13:56:59Z,20260705T135649Z,4306,0.7248934060,1.0000000000,0.4636964075,0.6666666667,0.8707692308,0.7379113509
2026-07-05T13:56:59Z,20260705T135649Z,4307,0.7216876901,1.0000000000,0.3831265486,0.6666666667,0.8692307692,0.7207651810
2026-07-05T13:56:59Z,20260705T135649Z,4308,0.9468867573,1.0000000000,0.8024038760,1.0000000000,0.8606410256,0.9262986184
2026-07-05T13:56:59Z,20260705T135649Z,4309,0.7375521961,1.0000000000,0.5067992099,0.6666666667,0.5667948718,0.7041004551
2026-07-05T13:56:59Z,20260705T135649Z,4310,0.5814457004,1.0000000000,0.0991866202,0.3333333333,0.6367948718,0.5273846466
2026-07-05T13:56:59Z,20260705T135649Z,4311,1.0000000000,1.0000000000,0.9433092750,1.0000000000,0.8301282051,0.9631810858
2026-07-05T13:56:59Z,20260705T135649Z,4312,0.8308156933,1.0000000000,0.7921695959,0.6666666667,0.8041025641,0.8200865604
2026-07-05T13:56:59Z,20260705T135649Z,4313,0.6102407817,1.0000000000,0.2398090545,0.5000000000,0.8402564103,0.6265604679
2026-07-05T13:56:59Z,20260705T135649Z,4314,0.7496918975,1.0000000000,0.6822866790,0.5000000000,0.7155128205,0.7312072333
2026-07-05T13:56:59Z,20260705T135649Z,4315,0.8938939633,1.0000000000,0.6126991371,1.0000000000,0.8206410256,0.8691094721
2026-07-05T13:56:59Z,20260705T135649Z,4316,0.8938939633,1.0000000000,0.6059690779,1.0000000000,0.8353846154,0.8699749987
2026-07-05T13:56:59Z,20260705T135649Z,4317,0.8683435189,1.0000000000,0.8943241295,0.7500000000,0.7832051282,0.8634314749
2026-07-05T13:56:59Z,20260705T135649Z,4318,0.8224757615,1.0000000000,0.4284142751,0.7500000000,0.7814102564,0.7585133339
2026-07-05T13:56:59Z,20260705T135649Z,4319,0.7623666500,1.0000000000,0.2986500319,0.6000000000,0.8344871795,0.6954947458
2026-07-05T13:56:59Z,20260705T135649Z,4320,0.7860231941,1.0000000000,0.6870380156,0.6000000000,0.7620512821,0.7682210939
2026-07-05T13:56:59Z,20260705T135649Z,4321,1.0000000000,1.0000000000,0.8737912607,1.0000000000,0.7037179487,0.9303159444
2026-07-05T13:56:59Z,20260705T135649Z,4322,0.8556136734,1.0000000000,0.6372931787,0.7500000000,0.6571794872,0.7899389772
2026-07-05T13:56:59Z,20260705T135649Z,4323,1.0000000000,1.0000000000,0.9301656355,1.0000000000,0.7523076923,0.9488792810
2026-07-05T13:56:59Z,20260705T135649Z,4324,0.8466277612,1.0000000000,0.5922308311,0.7500000000,0.9041025641,0.8157184911
2026-07-05T13:56:59Z,20260705T135649Z,4325,0.8892706552,1.0000000000,0.3160009859,1.0000000000,0.7958974359,0.8049024764
2026-07-05T13:56:59Z,20260705T135649Z,4326,0.8296522562,1.0000000000,0.5378800436,0.7500000000,0.6656410256,0.7648352266
2026-07-05T13:56:59Z,20260705T135649Z,4327,0.8321486825,1.0000000000,0.6847579516,0.7500000000,0.6641025641,0.7946041456
2026-07-05T13:56:59Z,20260705T135649Z,4328,0.8650480845,1.0000000000,0.8180303474,0.7500000000,0.8661538462,0.8597911675
2026-07-05T13:56:59Z,20260705T135649Z,4329,0.8556136734,1.0000000000,0.5248727277,0.7500000000,0.6639743590,0.7684741177
2026-07-05T13:56:59Z,20260705T135649Z,4330,0.8556136734,1.0000000000,0.6218822437,0.7500000000,0.6638461538,0.7878567902
2026-07-05T13:56:59Z,20260705T135649Z,4331,0.7305751109,1.0000000000,0.4836247561,0.5000000000,0.6853846154,0.6821764213
2026-07-05T13:56:59Z,20260705T135649Z,4332,0.8308156933,1.0000000000,0.9092703219,0.6666666667,0.6215384615,0.8161220903
2026-07-05T13:56:59Z,20260705T135649Z,4333,0.8556136734,1.0000000000,0.6476172626,0.7500000000,0.8065384615,0.8144076401
2026-07-05T13:56:59Z,20260705T135649Z,4334,0.8556136734,1.0000000000,0.6476172626,0.7500000000,0.7419230769,0.8047153324
2026-07-05T13:56:59Z,20260705T135649Z,4335,0.8224757615,1.0000000000,0.2525912202,0.7500000000,0.7539743590,0.7192333382
2026-07-05T13:56:59Z,20260705T135649Z,4336,0.6949824946,1.0000000000,0.2326565496,0.5000000000,0.8747435897,0.6514884720
2026-07-05T13:56:59Z,20260705T135649Z,4337,0.7796750095,1.0000000000,0.7035001341,0.5000000000,0.7441025641,0.7472341638
2026-07-05T13:56:59Z,20260705T135649Z,4338,0.7796750095,1.0000000000,0.7035001341,0.5000000000,0.7991025641,0.7554841638
2026-07-05T13:56:59Z,20260705T135649Z,4339,1.0000000000,1.0000000000,0.8779038767,1.0000000000,0.6883333333,0.9288307753
2026-07-05T13:56:59Z,20260705T135649Z,4340,0.7575558929,1.0000000000,0.3758559201,0.6666666667,0.7887179487,0.7162011829
2026-07-05T13:56:59Z,20260705T135649Z,4341,0.9389292606,1.0000000000,0.7782796138,1.0000000000,0.7233333333,0.8988882379
2026-07-05T13:56:59Z,20260705T135649Z,4342,0.7415433010,1.0000000000,0.5654675315,0.5000000000,0.7102564103,0.7050177931
2026-07-05T13:56:59Z,20260705T135649Z,4343,0.7305030567,1.0000000000,0.4821016110,0.6000000000,0.6802564103,0.7010845479
2026-07-05T13:56:59Z,20260705T135649Z,4344,0.7611707559,1.0000000000,0.5066650011,0.4000000000,0.8670512821,0.7016833815
2026-07-05T13:56:59Z,20260705T135649Z,4345,0.7877679844,1.0000000000,0.4049742490,0.6666666667,0.7025641026,0.7166547946
2026-07-05T13:56:59Z,20260705T135649Z,4346,0.9694646303,1.0000000000,0.8718857587,1.0000000000,0.6688461538,0.9170702324
2026-07-05T13:56:59Z,20260705T135649Z,4347,0.8349916978,1.0000000000,0.7743294447,0.7500000000,0.7887179487,0.8319215057
2026-07-05T13:56:59Z,20260705T135649Z,4348,0.7847446552,1.0000000000,0.9020836970,0.6000000000,0.7578205128,0.8102759801
2026-07-05T13:56:59Z,20260705T135649Z,4349,0.7895834242,1.0000000000,0.8837653351,0.5000000000,0.8453846154,0.8009566154
2026-07-05T13:56:59Z,20260705T135649Z,4350,0.8178906433,1.0000000000,0.6324211459,0.6666666667,0.5985897436,0.7540786849
2026-07-05T13:56:59Z,20260705T135649Z,4351,0.8178906433,1.0000000000,0.5918170423,0.6666666667,0.7657692308,0.7710347872
2026-07-05T13:56:59Z,20260705T135649Z,4352,0.7796750095,1.0000000000,0.6869483605,0.5000000000,0.7074358974,0.7384238091
2026-07-05T13:56:59Z,20260705T135649Z,4353,0.7796750095,1.0000000000,0.6389035828,0.5000000000,0.7369230769,0.7332379305
2026-07-05T13:56:59Z,20260705T135649Z,4354,1.0000000000,1.0000000000,1.0000000000,1.0000000000,0.8292307692,0.9743846154
2026-07-05T13:56:59Z,20260705T135649Z,4355,0.7575558929,1.0000000000,0.4584429025,0.6666666667,0.7101282051,0.7209301178
2026-07-05T13:56:59Z,20260705T135649Z,4356,0.6743822770,1.0000000000,0.5295312547,0.4000000000,0.7319230769,0.6642902817
2026-07-05T13:56:59Z,20260705T135649Z,4357,0.8466277612,1.0000000000,0.7620365107,0.7500000000,0.8323076923,0.8389103963
2026-07-05T13:56:59Z,20260705T135649Z,4358,0.7988410445,1.0000000000,0.6666666667,0.6666666667,0.8621794872,0.7957038509
2026-07-05T13:56:59Z,20260705T135649Z,4359,0.8274928135,1.0000000000,0.8789622817,0.6666666667,0.7687179487,0.8313066854
2026-07-05T13:56:59Z,20260705T135649Z,4360,0.6076561704,1.0000000000,0.1011506532,0.5000000000,0.6137179487,0.5642018656
2026-07-05T13:56:59Z,20260705T135649Z,4361,0.6458731984,1.0000000000,0.1220005749,0.5000000000,0.8538461538,0.6139453377
2026-07-05T13:56:59Z,20260705T135649Z,4362,0.8308156933,1.0000000000,0.9023267692,0.6666666667,0.5969230769,0.8110410720
2026-07-05T13:56:59Z,20260705T135649Z,4363,0.7554158774,1.0000000000,0.5682873230,0.5000000000,0.8435897436,0.7290498955
2026-07-05T13:56:59Z,20260705T135649Z,4364,0.8461736740,1.0000000000,0.7523246450,0.7500000000,0.6021794872,0.8023352706
2026-07-05T13:56:59Z,20260705T135649Z,4365,0.9189432581,1.0000000000,0.7405293845,1.0000000000,0.6971794872,0.8824186145
2026-07-05T13:56:59Z,20260705T135649Z,4366,1.0000000000,1.0000000000,1.0000000000,1.0000000000,0.8621794872,0.9793269231
2026-07-05T13:56:59Z,20260705T135649Z,4367,0.7877679844,1.0000000000,0.4981275781,0.6666666667,0.8720512821,0.7607085374
2026-07-05T13:56:59Z,20260705T135649Z,4368,0.5814457004,1.0000000000,0.0488745039,0.3333333333,0.7435897436,0.5333414541
2026-07-05T13:56:59Z,20260705T135649Z,4369,0.8308156933,1.0000000000,0.7230697624,0.6666666667,0.7637179487,0.8002089014
2026-07-05T13:56:59Z,20260705T135649Z,4370,0.8892706552,1.0000000000,0.5370180781,1.0000000000,0.8125641026,0.8516058948
2026-07-05T13:56:59Z,20260705T135649Z,4371,0.7216876901,1.0000000000,0.3297179448,0.6666666667,0.6970512821,0.6842565371
2026-07-05T13:56:59Z,20260705T135649Z,4372,0.8308156933,1.0000000000,0.9578593300,0.6666666667,0.6923076923,0.8364552765
2026-07-05T13:56:59Z,20260705T135649Z,4373,0.6878860804,1.0000000000,0.8734195631,0.3333333333,0.7111538462,0.7199951763
2026-07-05T13:56:59Z,20260705T135649Z,4374,0.7737924475,1.0000000000,0.9037716032,0.4000000000,0.8125641026,0.7760870479
2026-07-05T13:56:59Z,20260705T135649Z,4375,0.8308156933,1.0000000000,0.9551503268,0.6666666667,0.7924358974,0.8509327066
2026-07-05T13:56:59Z,20260705T135649Z,4376,0.7309729266,1.0000000000,0.6089789410,0.5000000000,0.6088461538,0.6958659429
2026-07-05T13:56:59Z,20260705T135649Z,4377,0.7988410445,1.0000000000,0.6454387150,0.6666666667,0.8155128205,0.7844582605
2026-07-05T13:56:59Z,20260705T135649Z,4378,0.9645590544,1.0000000000,0.7048327647,1.0000000000,0.8191025641,0.9049717012
2026-07-05T13:56:59Z,20260705T135649Z,4379,0.7699465438,1.0000000000,0.8090233689,0.4000000000,0.6456410256,0.7311374636
2026-07-05T13:56:59Z,20260705T135649Z,4380,0.8358978213,1.0000000000,0.8877960081,0.6000000000,0.7623076923,0.8208798108
2026-07-05T13:56:59Z,20260705T135649Z,4381,1.0000000000,1.0000000000,0.8926984227,1.0000000000,0.7910256410,0.9471935307
2026-07-05T13:56:59Z,20260705T135649Z,4382,1.0000000000,1.0000000000,0.8804660704,1.0000000000,0.7087179487,0.9324009064
2026-07-05T13:56:59Z,20260705T135649Z,4383,0.9389292606,1.0000000000,0.7371896526,1.0000000000,0.7851282051,0.8999394764
2026-07-05T13:56:59Z,20260705T135649Z,4384,0.8126140003,1.0000000000,0.8283775295,0.7500000000,0.8138461538,0.8409059290
2026-07-05T13:56:59Z,20260705T135649Z,4385,0.7895834242,1.0000000000,0.7183137791,0.5000000000,0.7991025641,0.7609239965
2026-07-05T13:56:59Z,20260705T135649Z,4386,1.0000000000,1.0000000000,0.8304986811,1.0000000000,0.7179487179,0.9237920439
2026-07-05T13:56:59Z,20260705T135649Z,4387,0.8178906433,1.0000000000,0.7700460733,0.6666666667,0.7457692308,0.8036805934
2026-07-05T13:56:59Z,20260705T135649Z,4388,0.8274928135,1.0000000000,0.8899806873,0.6666666667,0.8882051282,0.8514334434
2026-07-05T13:56:59Z,20260705T135649Z,4389,0.7988410445,1.0000000000,0.5342403695,0.6666666667,0.8144871795,0.7620647453
2026-07-05T13:56:59Z,20260705T135649Z,4390,0.8048689313,1.0000000000,0.7749026563,0.6666666667,0.7696153846,0.8049734051
2026-07-05T13:56:59Z,20260705T135649Z,4391,0.9291181088,1.0000000000,0.5155242336,1.0000000000,0.5652564103,0.8201728355
2026-07-05T13:56:59Z,20260705T135649Z,4392,1.0000000000,1.0000000000,0.9433092750,1.0000000000,0.7971794872,0.9582387781
2026-07-05T13:56:59Z,20260705T135649Z,4393,1.0000000000,1.0000000000,0.7190225749,1.0000000000,0.6253846154,0.8876122073
2026-07-05T13:56:59Z,20260705T135649Z,4394,0.8048689313,1.0000000000,0.9646740990,0.6666666667,0.7405128205,0.8385623090
2026-07-05T13:56:59Z,20260705T135649Z,4395,0.7233498105,1.0000000000,0.9500849642,0.3333333333,0.8575641026,0.7661557275
2026-07-05T13:56:59Z,20260705T135649Z,4396,0.7677204728,1.0000000000,0.7422378832,0.5000000000,0.8876923077,0.7735315410
2026-07-05T13:56:59Z,20260705T135649Z,4397,0.6666666667,1.0000000000,0.7204966064,0.3333333333,0.7573076923,0.6910288085
2026-07-05T13:56:59Z,20260705T135649Z,4398,0.6666666667,1.0000000000,0.8839199776,0.3333333333,0.7467948718,0.7221365596
2026-07-05T13:56:59Z,20260705T135649Z,4399,0.6251540513,1.0000000000,0.8462067276,0.2500000000,0.7688461538,0.6908567814
2026-07-05T13:56:59Z,20260705T135649Z,4400,0.7221149473,1.0000000000,0.8498246549,0.3333333333,0.7658974359,0.7320449499
2026-07-05T13:56:59Z,20260705T135649Z,4401,0.7221149473,1.0000000000,0.7213875578,0.3333333333,0.7389743590,0.7023190689
2026-07-05T13:56:59Z,20260705T135649Z,4402,0.6251540513,1.0000000000,0.7013547054,0.2500000000,0.8057692308,0.6674248385
2026-07-05T13:56:59Z,20260705T135649Z,4403,0.8308156933,1.0000000000,0.8910174787,0.6666666667,0.8239743590,0.8428369062
2026-07-05T13:56:59Z,20260705T135649Z,4404,0.9389292606,1.0000000000,0.9010489915,1.0000000000,0.8423076923,0.9412882673
2026-07-05T13:56:59Z,20260705T135649Z,4405,0.7496918975,1.0000000000,0.8959948606,0.5000000000,0.7720512821,0.7824296388
2026-07-05T13:56:59Z,20260705T135649Z,4406,0.6806608889,1.0000000000,0.9256057529,0.4000000000,0.6671794872,0.7353632959
2026-07-05T13:56:59Z,20260705T135649Z,4407,0.7038845844,1.0000000000,0.9353608262,0.2500000000,0.8002564103,0.7330817729
2026-07-05T13:56:59Z,20260705T135649Z,4408,0.7233498105,1.0000000000,0.8886112460,0.3333333333,0.7469230769,0.7372648300
2026-07-05T13:56:59Z,20260705T135649Z,4409,0.6257641301,1.0000000000,0.6679454418,0.2500000000,0.8557692308,0.6683955055
2026-07-05T13:56:59Z,20260705T135649Z,4410,1.0000000000,1.0000000000,0.8415054189,1.0000000000,0.7888461538,0.9366280069
2026-07-05T13:56:59Z,20260705T135649Z,4411,0.8308156933,1.0000000000,0.9578593300,0.6666666667,0.7353846154,0.8429168150
2026-07-05T13:56:59Z,20260705T135649Z,4412,0.7743054762,1.0000000000,0.8249148428,0.7500000000,0.7738461538,0.8246362607
2026-07-05T13:56:59Z,20260705T135649Z,4413,0.7911717252,1.0000000000,0.8908243304,0.5000000000,0.6969230769,0.7804962589
2026-07-05T13:56:59Z,20260705T135649Z,4414,1.0000000000,1.0000000000,1.0000000000,1.0000000000,0.7667948718,0.9650192308
2026-07-05T13:56:59Z,20260705T135649Z,4415,0.6251540513,1.0000000000,0.9102991883,0.2500000000,0.7773076923,0.7049445043
2026-07-05T13:56:59Z,20260705T135649Z,4416,0.6251540513,1.0000000000,0.9102991883,0.2500000000,0.7791025641,0.7052137351
2026-07-05T13:56:59Z,20260705T135649Z,4417,1.0000000000,1.0000000000,0.8286426520,1.0000000000,0.7773076923,0.9323246842
2026-07-05T13:56:59Z,20260705T135649Z,4418,0.7778850527,1.0000000000,0.7979759865,0.6666666667,0.8437179487,0.8139574861
2026-07-05T13:56:59Z,20260705T135649Z,4419,0.7107144013,1.0000000000,0.7056269420,0.5000000000,0.7867948718,0.7368232195
2026-07-05T13:56:59Z,20260705T135649Z,4420,0.8683435189,1.0000000000,0.8938864043,0.7500000000,0.8757692308,0.8772285452
2026-07-05T13:56:59Z,20260705T135649Z,4421,0.7101383926,1.0000000000,0.6650292459,0.4000000000,0.8830769231,0.7230019858
2026-07-05T13:56:59Z,20260705T135649Z,4422,0.7107144013,1.0000000000,0.8837460476,0.5000000000,0.9666666667,0.7994278098
2026-07-05T13:56:59Z,20260705T135649Z,4423,0.8308156933,1.0000000000,0.9384884944,0.6666666667,0.6937179487,0.8327926478
2026-07-05T13:56:59Z,20260705T135649Z,4424,0.8048689313,1.0000000000,0.9209582315,0.6666666667,0.7987179487,0.8385499048
2026-07-05T13:56:59Z,20260705T135649Z,4425,0.7233498105,1.0000000000,0.8886112460,0.3333333333,0.7003846154,0.7302840608
2026-07-05T13:56:59Z,20260705T135649Z,4426,0.7221149473,1.0000000000,0.7776398117,0.3333333333,0.8706410256,0.7333195197
2026-07-05T13:56:59Z,20260705T135649Z,4427,0.6251540513,1.0000000000,0.6636490506,0.2500000000,0.7271794872,0.6480952460
2026-07-05T13:56:59Z,20260705T135649Z,4428,1.0000000000,1.0000000000,0.7757132999,1.0000000000,0.7035897436,0.9106811215
2026-07-05T13:56:59Z,20260705T135649Z,4429,0.7677204728,1.0000000000,0.9665245833,0.5000000000,0.8323076923,0.8100811887
2026-07-05T13:56:59Z,20260705T135649Z,4430,0.7677204728,1.0000000000,0.9665245833,0.5000000000,0.8442307692,0.8118696502
2026-07-05T13:56:59Z,20260705T135649Z,4431,0.7677204728,1.0000000000,0.9665245833,0.5000000000,0.6520512821,0.7830427272
2026-07-05T13:56:59Z,20260705T135649Z,4432,0.9999999953,1.0000000000,1.0000000000,1.0000000000,0.9191025641,0.9878653834
2026-07-05T13:56:59Z,20260705T135649Z,4433,0.9999999953,1.0000000000,1.0000000000,1.0000000000,0.6991025641,0.9548653834
2026-07-05T13:56:59Z,20260705T135649Z,4434,0.9999999953,1.0000000000,1.0000000000,1.0000000000,0.7493589744,0.9624038450
2026-07-05T13:56:59Z,20260705T135649Z,4435,0.7677204728,1.0000000000,0.9665245833,0.5000000000,0.7957692308,0.8046004195
2026-07-05T13:56:59Z,20260705T135649Z,4436,0.6251540513,1.0000000000,0.9102991883,0.2500000000,0.7466666667,0.7003483505
2026-07-05T13:56:59Z,20260705T135649Z,4437,0.7415433010,1.0000000000,0.3043459179,0.5000000000,0.8003846154,0.6663127011
2026-07-05T13:56:59Z,20260705T135649Z,4438,0.7869708545,1.0000000000,0.3846687599,0.7500000000,0.8053846154,0.7444841579
2026-07-05T13:56:59Z,20260705T135649Z,4439,0.7691695844,1.0000000000,0.8141144369,0.5000000000,0.5834615385,0.7426345142
2026-07-05T13:56:59Z,20260705T135649Z,4440,0.7525263750,1.0000000000,0.9093608425,0.5000000000,0.7008974359,0.7751383776
2026-07-05T13:56:59Z,20260705T135649Z,4441,0.5490847583,1.0000000000,0.6460338593,0.1666666667,0.7555128205,0.6131382178
2026-07-05T13:56:59Z,20260705T135649Z,4442,0.6251540513,1.0000000000,0.6499334366,0.2500000000,0.8025641026,0.6566598155
2026-07-05T13:56:59Z,20260705T135649Z,4443,0.6251540513,1.0000000000,0.6595212582,0.2500000000,0.8402564103,0.6642312260
2026-07-05T13:56:59Z,20260705T135649Z,4444,0.8308156933,1.0000000000,0.9493633843,0.6666666667,0.7742307692,0.8470445489
2026-07-05T13:56:59Z,20260705T135649Z,4445,1.0000000000,1.0000000000,0.8903799229,1.0000000000,0.6556410256,0.9264221384
2026-07-05T13:56:59Z,20260705T135649Z,4446,0.9291181088,1.0000000000,0.5192856065,1.0000000000,0.6603846154,0.8351943408
2026-07-05T13:56:59Z,20260705T135649Z,4447,0.6968385816,1.0000000000,0.3144528418,0.5000000000,0.7466666667,0.6491002138
2026-07-05T13:56:59Z,20260705T135649Z,4448,0.9999999953,1.0000000000,1.0000000000,1.0000000000,0.8289743590,0.9743461527
2026-07-05T13:56:59Z,20260705T135649Z,4449,0.6968385816,1.0000000000,0.2577621168,0.5000000000,0.7210256410,0.6339159149
2026-07-05T13:56:59Z,20260705T135649Z,4450,0.6968385816,1.0000000000,0.2577621168,0.5000000000,0.6338461538,0.6208389918
2026-07-05T13:56:59Z,20260705T135649Z,4451,0.9999999953,1.0000000000,1.0000000000,1.0000000000,0.6987179487,0.9548076911
2026-07-05T13:56:59Z,20260705T135649Z,4452,0.9999999953,1.0000000000,1.0000000000,1.0000000000,0.7585897436,0.9637884604
2026-07-05T13:56:59Z,20260705T135649Z,4453,0.7221149473,1.0000000000,0.9167411894,0.3333333333,0.7569230769,0.7440821029
2026-07-05T13:56:59Z,20260705T135649Z,4454,0.7778850527,1.0000000000,0.9254705402,0.6666666667,0.7050000000,0.8186487046
2026-07-05T13:56:59Z,20260705T135649Z,4455,0.6666666667,1.0000000000,0.9220336936,0.3333333333,0.8685897436,0.7480285336
2026-07-05T13:56:59Z,20260705T135649Z,4456,1.0000000000,1.0000000000,0.9144883142,1.0000000000,0.6600000000,0.9318976628
2026-07-05T13:56:59Z,20260705T135649Z,4457,1.0000000000,1.0000000000,0.8775171560,1.0000000000,0.7853846154,0.9433111235
2026-07-05T13:56:59Z,20260705T135649Z,4458,0.8048689313,1.0000000000,0.9646740990,0.6666666667,0.6321794872,0.8223123090
2026-07-05T13:56:59Z,20260705T135649Z,4459,0.8048689313,1.0000000000,0.9646740990,0.6666666667,0.8035897436,0.8480238475
2026-07-05T13:56:59Z,20260705T135649Z,4460,0.5857228750,1.0000000000,0.4641625467,0.2500000000,0.8079487179,0.6104555358
2026-07-05T13:56:59Z,20260705T135649Z,4461,0.7415433010,1.0000000000,0.6277513838,0.5000000000,0.8360256410,0.7363399482
2026-07-05T13:56:59Z,20260705T135649Z,4462,1.0000000000,1.0000000000,0.8609070358,1.0000000000,0.6010256410,0.9123352533
2026-07-05T13:56:59Z,20260705T135649Z,4463,0.8683435189,1.0000000000,0.9029097819,0.7500000000,0.6060256410,0.8385716823
2026-07-05T13:56:59Z,20260705T135649Z,4464,0.7002216302,1.0000000000,0.6205953846,0.2500000000,0.6820512821,0.6514821768
2026-07-05T13:56:59Z,20260705T135649Z,4465,0.7011185094,1.0000000000,0.9032887910,0.2500000000,0.7491025641,0.7183027702
2026-07-05T13:56:59Z,20260705T135649Z,4466,0.7911717252,1.0000000000,0.9357725134,0.5000000000,0.8201282051,0.8079666648
2026-07-05T13:56:59Z,20260705T135649Z,4467,0.6666666667,1.0000000000,0.8839199776,0.3333333333,0.8342307692,0.7352519442
2026-07-05T13:56:59Z,20260705T135649Z,4468,0.7677204728,1.0000000000,0.9665245833,0.5000000000,0.7387179487,0.7960427272
2026-07-05T13:56:59Z,20260705T135649Z,4469,0.7011185094,1.0000000000,0.7532482856,0.2500000000,0.7557692308,0.6892946691
2026-07-05T13:56:59Z,20260705T135649Z,4470,0.8461736740,1.0000000000,0.8672108516,0.7500000000,0.8173076923,0.8575817427
2026-07-05T13:56:59Z,20260705T135649Z,4471,0.7778850527,1.0000000000,0.7246414281,0.6666666667,0.6524358974,0.7705982667
2026-07-05T13:56:59Z,20260705T135649Z,4472,0.7778850527,1.0000000000,0.9185995894,0.6666666667,0.7941025641,0.8306398990
2026-07-05T13:56:59Z,20260705T135649Z,4473,0.8461736740,1.0000000000,0.8701687446,0.7500000000,0.7137179487,0.8426348597
2026-07-05T13:56:59Z,20260705T135649Z,4474,0.7110955233,1.0000000000,0.8455752009,0.4000000000,0.8155128205,0.7492158441
2026-07-05T13:56:59Z,20260705T135649Z,4475,0.8308156933,1.0000000000,0.9446321591,0.6666666667,0.8556410256,0.8583098423
2026-07-05T13:56:59Z,20260705T135649Z,4476,1.0000000000,1.0000000000,1.0000000000,1.0000000000,0.6237179487,0.9435576923
2026-07-05T13:56:59Z,20260705T135649Z,4477,0.6251540513,1.0000000000,0.7195129066,0.2500000000,0.7950000000,0.6694410941
2026-07-05T13:56:59Z,20260705T135649Z,4478,0.8178906433,1.0000000000,0.6471003434,0.6666666667,0.6847435897,0.7699376013
2026-07-05T13:56:59Z,20260705T135649Z,4479,0.6968385816,1.0000000000,0.3743340836,0.5000000000,0.7943589744,0.6682303083
2026-07-05T13:56:59Z,20260705T135649Z,4480,0.9999999953,1.0000000000,1.0000000000,1.0000000000,0.7639743590,0.9645961527
2026-07-05T13:56:59Z,20260705T135649Z,4481,0.9999999953,1.0000000000,1.0000000000,1.0000000000,0.7491025641,0.9623653834
2026-07-05T13:56:59Z,20260705T135649Z,4482,0.9999999953,1.0000000000,1.0000000000,1.0000000000,0.7352564103,0.9602884604
2026-07-05T13:56:59Z,20260705T135649Z,4483,0.7677204728,1.0000000000,0.9665245833,0.5000000000,0.5941025641,0.7743504195
2026-07-05T13:56:59Z,20260705T135649Z,4484,0.7677204728,1.0000000000,0.9665245833,0.5000000000,0.7285897436,0.7945234964
2026-07-05T13:56:59Z,20260705T135649Z,4485,0.9999999953,1.0000000000,1.0000000000,1.0000000000,0.8241025641,0.9736153834
2026-07-05T13:56:59Z,20260705T135649Z,4486,0.9999999953,1.0000000000,1.0000000000,1.0000000000,0.7469230769,0.9620384604
2026-07-05T13:56:59Z,20260705T135649Z,4487,0.7677204728,1.0000000000,0.9295534250,0.5000000000,0.7300000000,0.7873408032
2026-07-05T13:56:59Z,20260705T135649Z,4488,1.0000000000,1.0000000000,0.9144883142,1.0000000000,0.8061538462,0.9538207398
2026-07-05T13:56:59Z,20260705T135649Z,4489,1.0000000000,1.0000000000,0.8775171560,1.0000000000,0.7671794872,0.9405803543
2026-07-05T13:56:59Z,20260705T135649Z,4490,0.7525263750,1.0000000000,0.9471067961,0.5000000000,0.7101282051,0.7840721837
2026-07-05T13:56:59Z,20260705T135649Z,4491,0.6672130795,1.0000000000,0.9365319137,0.4000000000,0.7671794872,0.7491865757
2026-07-05T13:56:59Z,20260705T135649Z,4492,0.7149010414,1.0000000000,0.9501233359,0.5000000000,0.8119230769,0.7905383891
2026-07-05T13:56:59Z,20260705T135649Z,4493,0.7233498105,1.0000000000,0.9500849642,0.3333333333,0.7384615385,0.7482903429
2026-07-05T13:56:59Z,20260705T135649Z,4494,0.7677204728,1.0000000000,0.9665245833,0.5000000000,0.7369230769,0.7957734964
2026-07-05T13:56:59Z,20260705T135649Z,4495,1.0000000000,1.0000000000,1.0000000000,1.0000000000,0.8993589744,0.9849038462
2026-07-05T13:56:59Z,20260705T135649Z,4496,1.0000000000,1.0000000000,0.9222756411,1.0000000000,0.7491025641,0.9468205128
2026-07-05T13:56:59Z,20260705T135649Z,4497,0.7677204728,1.0000000000,0.8888002244,0.5000000000,0.7974358974,0.7893055477
2026-07-05T13:56:59Z,20260705T135649Z,4498,0.9999999953,1.0000000000,1.0000000000,1.0000000000,0.6792307692,0.9518846142
2026-07-05T13:56:59Z,20260705T135649Z,4499,0.7677204728,1.0000000000,0.6855471582,0.5000000000,0.6603846154,0.7280972421
2026-07-05T13:56:59Z,20260705T135649Z,4500,1.0000000000,1.0000000000,0.8903799229,1.0000000000,0.6717948718,0.9288452153
2026-07-05T13:56:59Z,20260705T135649Z,4501,0.6666666667,1.0000000000,0.7925436939,0.3333333333,0.5921794872,0.6806689952
2026-07-05T13:56:59Z,20260705T135649Z,4502,0.8048689313,1.0000000000,0.9646740990,0.6666666667,0.8892307692,0.8608700014
2026-07-05T13:56:59Z,20260705T135649Z,4503,0.6257641301,1.0000000000,0.9137210992,0.2500000000,0.8071794872,0.7102621755
2026-07-05T13:56:59Z,20260705T135649Z,4504,0.8308156933,1.0000000000,0.8961891502,0.6666666667,0.8085897436,0.8415635482
2026-07-05T13:56:59Z,20260705T135649Z,4505,0.7489891291,1.0000000000,0.8370344747,0.6000000000,0.7771794872,0.7912311003
2026-07-05T13:56:59Z,20260705T135649Z,4506,0.6956605018,1.0000000000,0.8261297738,0.6000000000,0.8394871795,0.7850641571
2026-07-05T13:56:59Z,20260705T135649Z,4507,0.6972020364,1.0000000000,0.8306696859,0.5000000000,0.8275641026,0.7645690617
2026-07-05T13:56:59Z,20260705T135649Z,4508,0.7297943644,1.0000000000,0.2982889031,0.7500000000,0.7442307692,0.7037409871
2026-07-05T13:56:59Z,20260705T135649Z,4509,0.7911717252,1.0000000000,0.9234227024,0.5000000000,0.7439743590,0.7940736256
2026-07-05T13:56:59Z,20260705T135649Z,4510,0.8308156933,1.0000000000,0.9418854513,0.6666666667,0.7050000000,0.8351643469
2026-07-05T13:56:59Z,20260705T135649Z,4511,1.0000000000,1.0000000000,0.8563531705,1.0000000000,0.6891025641,0.9246360187
2026-07-05T13:56:59Z,20260705T135649Z,4512,0.8308156933,1.0000000000,0.9446321591,0.6666666667,0.7671794872,0.8450406115
2026-07-05T13:56:59Z,20260705T135649Z,4513,0.9291181088,1.0000000000,0.4700243819,1.0000000000,0.7082051282,0.8325151728
2026-07-05T13:56:59Z,20260705T135649Z,4514,0.8178906433,1.0000000000,0.8922577354,0.6666666667,0.6819230769,0.8185460028
2026-07-05T13:56:59Z,20260705T135649Z,4515,1.0000000000,1.0000000000,0.9999999905,1.0000000000,0.7816666667,0.9672499981
2026-07-05T13:56:59Z,20260705T135649Z,4516,1.0000000000,1.0000000000,0.8092324602,1.0000000000,0.7569230769,0.9253849536
2026-07-05T13:56:59Z,20260705T135649Z,4517,0.9389292606,1.0000000000,0.7424659802,1.0000000000,0.7687179487,0.8985332035
2026-07-05T13:56:59Z,20260705T135649Z,4518,0.8308156933,1.0000000000,0.8964896351,0.6666666667,0.6687179487,0.8206428760
2026-07-05T13:56:59Z,20260705T135649Z,4519,0.8178906433,1.0000000000,0.6471003434,0.6666666667,0.7867948718,0.7852452936
2026-07-05T13:56:59Z,20260705T135649Z,4520,0.7415433010,1.0000000000,0.4907414535,0.5000000000,0.8091025641,0.7048995006
2026-07-05T13:56:59Z,20260705T135649Z,4521,0.7496918975,1.0000000000,0.7442147874,0.5000000000,0.8107692308,0.7578813165
2026-07-05T13:56:59Z,20260705T135649Z,4522,0.7496918975,1.0000000000,0.7983926674,0.5000000000,0.7921794872,0.7659284309
2026-07-05T13:56:59Z,20260705T135649Z,4523,0.8308156933,1.0000000000,0.8328589269,0.6666666667,0.7753846154,0.8239167343
2026-07-05T13:56:59Z,20260705T135649Z,4524,1.0000000000,1.0000000000,1.0000000000,1.0000000000,0.7706410256,0.9655961538
2026-07-05T13:56:59Z,20260705T135649Z,4525,1.0000000000,1.0000000000,0.9377851185,1.0000000000,0.7755128205,0.9538839468
2026-07-05T13:56:59Z,20260705T135649Z,4526,1.0000000000,1.0000000000,0.9377851185,1.0000000000,0.7148717949,0.9447877929
2026-07-05T13:56:59Z,20260705T135649Z,4527,0.8178906433,1.0000000000,0.7683668270,0.6666666667,0.8253846154,0.8152870519
2026-07-05T13:56:59Z,20260705T135649Z,4528,0.8308156933,1.0000000000,0.8142116903,0.6666666667,0.8041025641,0.8244949793
2026-07-05T13:56:59Z,20260705T135649Z,4529,1.0000000000,1.0000000000,0.8981961439,1.0000000000,0.7155128205,0.9369661519
2026-07-05T13:56:59Z,20260705T135649Z,4530,1.0000000000,1.0000000000,0.8212131517,1.0000000000,0.8157692308,0.9366080150
2026-07-05T13:56:59Z,20260705T135649Z,4531,0.9291181088,1.0000000000,0.8730979303,1.0000000000,0.8335897436,0.9319375748
2026-07-05T13:56:59Z,20260705T135649Z,4532,0.8308156933,1.0000000000,0.9011275871,0.6666666667,0.8421794872,0.8475896971
2026-07-05T13:56:59Z,20260705T135649Z,4533,0.8349916978,1.0000000000,0.7806791678,0.7500000000,0.6141025641,0.8069991426
2026-07-05T13:56:59Z,20260705T135649Z,4534,0.8461736740,1.0000000000,0.9069019318,0.7500000000,0.7973076923,0.8625199587
2026-07-05T13:56:59Z,20260705T135649Z,4535,1.0000000000,1.0000000000,0.8233837287,1.0000000000,0.8475641026,0.9418113611
2026-07-05T13:56:59Z,20260705T135649Z,4536,1.0000000000,1.0000000000,0.7524388395,1.0000000000,0.7770512821,0.9170454602
2026-07-05T13:56:59Z,20260705T135649Z,4537,0.8308156933,1.0000000000,0.8846841354,0.6666666667,0.7708974359,0.8336086991
2026-07-05T13:56:59Z,20260705T135649Z,4538,1.0000000000,1.0000000000,0.7967469337,1.0000000000,0.7108974359,0.9159840021
2026-07-05T13:56:59Z,20260705T135649Z,4539,0.8308156933,1.0000000000,0.9408166570,0.6666666667,0.8276923077,0.8533544342
2026-07-05T13:56:59Z,20260705T135649Z,4540,0.8178906433,1.0000000000,0.6471003434,0.6666666667,0.8075641026,0.7883606782
2026-07-05T13:56:59Z,20260705T135649Z,4541,0.9291181088,1.0000000000,0.7486681672,1.0000000000,0.8725641026,0.9128977760
2026-07-05T13:56:59Z,20260705T135649Z,4542,0.7911717252,1.0000000000,0.8455790417,0.5000000000,0.5703846154,0.7524664319
2026-07-05T13:56:59Z,20260705T135649Z,4543,0.7110955233,1.0000000000,0.8621365639,0.4000000000,0.8187179487,0.7530088859
2026-07-05T13:56:59Z,20260705T135649Z,4544,0.8308156933,1.0000000000,0.8549639196,0.6666666667,0.7467948718,0.8240492713
2026-07-05T13:56:59Z,20260705T135649Z,4545,1.0000000000,1.0000000000,0.9470706479,1.0000000000,0.8457692308,0.9662795142
2026-07-05T13:56:59Z,20260705T135649Z,4546,0.6666666667,1.0000000000,0.7925436939,0.3333333333,0.7838461538,0.7094189952
2026-07-05T13:56:59Z,20260705T135649Z,4547,0.6666666667,1.0000000000,0.7401924071,0.3333333333,0.7734615385,0.6973910455
2026-07-05T13:56:59Z,20260705T135649Z,4548,0.9645590544,1.0000000000,0.7577621168,1.0000000000,0.6273076923,0.8867883408
2026-07-05T13:56:59Z,20260705T135649Z,4549,1.0000000000,1.0000000000,0.9999999866,1.0000000000,0.6302564103,0.9445384589
2026-07-05T13:56:59Z,20260705T135649Z,4550,0.9645590544,1.0000000000,0.8743340836,1.0000000000,0.7179487179,0.9236988880
2026-07-05T13:56:59Z,20260705T135649Z,4551,1.0000000000,1.0000000000,0.9401187582,1.0000000000,0.8787179487,0.9698314440
2026-07-05T13:56:59Z,20260705T135649Z,4552,0.9291181088,1.0000000000,0.6289056837,1.0000000000,0.7808974359,0.8751952793
2026-07-05T13:56:59Z,20260705T135649Z,4553,1.0000000000,1.0000000000,0.8779038767,1.0000000000,0.7789743590,0.9424269292
2026-07-05T13:56:59Z,20260705T135649Z,4554,1.0000000000,1.0000000000,0.8212131517,1.0000000000,0.7325641026,0.9241272457
2026-07-05T13:56:59Z,20260705T135649Z,4555,1.0000000000,1.0000000000,0.9433092750,1.0000000000,0.6941025641,0.9427772396
2026-07-05T13:56:59Z,20260705T135649Z,4556,0.8308156933,1.0000000000,0.9408166570,0.6666666667,0.6188461538,0.8220275111
2026-07-05T13:56:59Z,20260705T135649Z,4557,0.9389292606,1.0000000000,0.6124641569,1.0000000000,0.5367948718,0.8377443773
2026-07-05T13:56:59Z,20260705T135649Z,4558,0.8178906433,1.0000000000,0.6479577061,0.6666666667,0.8002564103,0.7874359969
2026-07-05T13:56:59Z,20260705T135649Z,4559,1.0000000000,1.0000000000,0.9433092750,1.0000000000,0.7185897436,0.9464503165
2026-07-05T13:56:59Z,20260705T135649Z,4560,0.9291181088,1.0000000000,0.5722149587,1.0000000000,0.7907692308,0.8653379035
2026-07-05T13:56:59Z,20260705T135649Z,4561,1.0000000000,1.0000000000,0.8903799229,1.0000000000,0.7803846154,0.9451336769
2026-07-05T13:56:59Z,20260705T135649Z,4562,1.0000000000,1.0000000000,0.9470706479,1.0000000000,0.7189743590,0.9472602834
2026-07-05T13:56:59Z,20260705T135649Z,4563,1.0000000000,1.0000000000,0.9470706479,1.0000000000,0.7673076923,0.9545102834
2026-07-05T13:56:59Z,20260705T135649Z,4564,0.9291181088,1.0000000000,0.4096655294,1.0000000000,0.7157692308,0.8215780177
2026-07-05T13:56:59Z,20260705T135649Z,4565,0.7811646086,1.0000000000,0.6284835257,0.5000000000,0.6467948718,0.7180070880
2026-07-05T13:56:59Z,20260705T135649Z,4566,0.8461736740,1.0000000000,0.7837539000,0.7500000000,0.8521794872,0.8461211216
2026-07-05T13:56:59Z,20260705T135649Z,4567,1.0000000000,1.0000000000,0.9079535863,1.0000000000,0.7889743590,0.9499368711
2026-07-05T13:56:59Z,20260705T135649Z,4568,1.0000000000,1.0000000000,0.8670845759,1.0000000000,0.8112820513,0.9451092229
2026-07-05T13:56:59Z,20260705T135649Z,4569,0.8308156933,1.0000000000,0.8487751244,0.6666666667,0.7892307692,0.8291768969
2026-07-05T13:56:59Z,20260705T135649Z,4570,0.8308156933,1.0000000000,0.8460095594,0.6666666667,0.7003846154,0.8152968608
2026-07-05T13:56:59Z,20260705T135649Z,4571,0.8308156933,1.0000000000,0.9316952934,0.6666666667,0.7191025641,0.8352416999
2026-07-05T13:56:59Z,20260705T135649Z,4572,1.0000000000,1.0000000000,0.7967469337,1.0000000000,0.7997435897,0.9293109252
2026-07-05T13:56:59Z,20260705T135649Z,4573,0.7895834242,1.0000000000,0.8875217404,0.5000000000,0.7202564103,0.7829386657
2026-07-05T13:56:59Z,20260705T135649Z,4574,0.7895834242,1.0000000000,0.8875217404,0.5000000000,0.7987179487,0.7947078964
2026-07-05T13:56:59Z,20260705T135649Z,4575,0.9291181088,1.0000000000,0.6289056837,1.0000000000,0.8138461538,0.8801375870
2026-07-05T13:56:59Z,20260705T135649Z,4576,0.8178906433,1.0000000000,0.4791207578,0.6666666667,0.6924358974,0.7374955303
2026-07-05T13:56:59Z,20260705T135649Z,4577,0.8461736740,1.0000000000,0.9422922306,0.7500000000,0.7155128205,0.8573287877
2026-07-05T13:56:59Z,20260705T135649Z,4578,0.7911717252,1.0000000000,0.9015420416,0.5000000000,0.7506410256,0.7906974935
2026-07-05T13:56:59Z,20260705T135649Z,4579,0.8308156933,1.0000000000,0.8610190853,0.6666666667,0.7341025641,0.8233564583
2026-07-05T13:56:59Z,20260705T135649Z,4580,0.8308156933,1.0000000000,0.6941174070,0.6666666667,0.6651282051,0.7796299688
2026-07-05T13:56:59Z,20260705T135649Z,4581,0.7677204728,1.0000000000,0.9665245833,0.5000000000,0.7238461538,0.7938119579
2026-07-05T13:56:59Z,20260705T135649Z,4582,0.7221149473,1.0000000000,0.7776398117,0.3333333333,0.7817948718,0.7199925966
2026-07-05T13:56:59Z,20260705T135649Z,4583,0.8274928135,1.0000000000,0.7153604996,0.6666666667,0.7506410256,0.7958747905
2026-07-05T13:56:59Z,20260705T135649Z,4584,0.9645590544,1.0000000000,0.9365489651,1.0000000000,0.7728205128,0.9443726336
2026-07-05T13:56:59Z,20260705T135649Z,4585,1.0000000000,1.0000000000,0.9377851185,1.0000000000,0.7688461538,0.9528839468
2026-07-05T13:56:59Z,20260705T135649Z,4586,1.0000000000,1.0000000000,0.9377851185,1.0000000000,0.8423076923,0.9639031775
2026-07-05T13:56:59Z,20260705T135649Z,4587,0.8178906433,1.0000000000,0.7683668270,0.6666666667,0.8156410256,0.8138255134
2026-07-05T13:56:59Z,20260705T135649Z,4588,0.8178906433,1.0000000000,0.7683668270,0.6666666667,0.8237179487,0.8150370519
2026-07-05T13:56:59Z,20260705T135649Z,4589,0.9291181088,1.0000000000,0.6943110820,1.0000000000,0.6956410256,0.8754878974
2026-07-05T13:56:59Z,20260705T135649Z,4590,1.0000000000,1.0000000000,0.8212131517,1.0000000000,0.7392307692,0.9251272457
2026-07-05T13:56:59Z,20260705T135649Z,4591,1.0000000000,1.0000000000,0.7682837996,1.0000000000,0.6553846154,0.9019644522
2026-07-05T13:56:59Z,20260705T135649Z,4592,0.8178906433,1.0000000000,0.6682846636,0.6666666667,0.6317948718,0.7662321576
2026-07-05T13:56:59Z,20260705T135649Z,4593,0.9389292606,1.0000000000,0.8032316967,1.0000000000,0.7852564103,0.9131671160
2026-07-05T13:56:59Z,20260705T135649Z,4594,0.8308156933,1.0000000000,0.8610190853,0.6666666667,0.6658974359,0.8131256891
2026-07-05T13:56:59Z,20260705T135649Z,4595,0.8178906433,1.0000000000,0.5391490121,0.6666666667,0.6652564103,0.7454242581
2026-07-05T13:56:59Z,20260705T135649Z,4596,0.8308156933,1.0000000000,0.9404540319,0.6666666667,0.6923076923,0.8329742169
2026-07-05T13:56:59Z,20260705T135649Z,4597,0.9645590544,1.0000000000,0.8743340836,1.0000000000,0.7305128205,0.9255835034
2026-07-05T13:56:59Z,20260705T135649Z,4598,0.8274928135,1.0000000000,0.7153604996,0.6666666667,0.7105128205,0.7898555597
2026-07-05T13:56:59Z,20260705T135649Z,4599,1.0000000000,1.0000000000,0.8484860046,1.0000000000,0.8210256410,0.9428510471
2026-07-05T13:56:59Z,20260705T135649Z,4600,0.9694646303,1.0000000000,0.8624261192,1.0000000000,0.7038461538,0.9204283045
2026-07-05T13:56:59Z,20260705T135649Z,4601,0.9694646303,1.0000000000,0.7366198408,1.0000000000,0.7571794872,0.9032670488
2026-07-05T13:56:59Z,20260705T135649Z,4602,0.9389292606,1.0000000000,0.5098502304,1.0000000000,0.7117948718,0.8434715920
2026-07-05T13:56:59Z,20260705T135649Z,4603,0.8274928135,1.0000000000,0.7711170433,0.6666666667,0.8624358974,0.8237953300
2026-07-05T13:56:59Z,20260705T135649Z,4604,0.8274928135,1.0000000000,0.8899806873,0.6666666667,0.7089743590,0.8245488280
2026-07-05T13:56:59Z,20260705T135649Z,4605,0.8308156933,1.0000000000,0.8501184345,0.6666666667,0.7373076923,0.8216570974
2026-07-05T13:56:59Z,20260705T135649Z,4606,0.8178906433,1.0000000000,0.5917333287,0.6666666667,0.7471794872,0.7682295830
2026-07-05T13:56:59Z,20260705T135649Z,4607,0.8308156933,1.0000000000,0.8897787526,0.6666666667,0.6834615385,0.8215122379
2026-07-05T13:56:59Z,20260705T135649Z,4608,0.8308156933,1.0000000000,0.8328589269,0.6666666667,0.8693589744,0.8380128882
2026-07-05T13:56:59Z,20260705T135649Z,4609,0.8178906433,1.0000000000,0.7086634066,0.6666666667,0.7574358974,0.7931540601
2026-07-05T13:56:59Z,20260705T135649Z,4610,1.0000000000,1.0000000000,0.8212131517,1.0000000000,0.7939743590,0.9333387842
2026-07-05T13:56:59Z,20260705T135649Z,4611,1.0000000000,1.0000000000,0.8212131517,1.0000000000,0.7821794872,0.9315695534
2026-07-05T13:56:59Z,20260705T135649Z,4612,1.0000000000,1.0000000000,0.7682837996,1.0000000000,0.7941025641,0.9227721445
2026-07-05T13:56:59Z,20260705T135649Z,4613,0.8308156933,1.0000000000,0.9047432778,0.6666666667,0.7823076923,0.8393320660
2026-07-05T13:56:59Z,20260705T135649Z,4614,0.8308156933,1.0000000000,0.8806109053,0.6666666667,0.6938461538,0.8212363608
2026-07-05T13:56:59Z,20260705T135649Z,4615,1.0000000000,1.0000000000,1.0000000000,1.0000000000,0.7057692308,0.9558653846
2026-07-05T13:56:59Z,20260705T135649Z,4616,0.8308156933,1.0000000000,0.9578593300,0.6666666667,0.8558974359,0.8609937380
2026-07-05T13:56:59Z,20260705T135649Z,4617,0.8308156933,1.0000000000,0.8994854171,0.6666666667,0.7676923077,0.8360881862
2026-07-05T13:56:59Z,20260705T135649Z,4618,1.0000000000,1.0000000000,0.8126844581,1.0000000000,0.8156410256,0.9348830455
2026-07-05T13:56:59Z,20260705T135649Z,4619,1.0000000000,1.0000000000,0.9630288418,1.0000000000,0.9010256410,0.9777596145
2026-07-05T13:56:59Z,20260705T135649Z,4620,0.6257641301,1.0000000000,0.9399182504,0.2500000000,0.8171794872,0.7170016057
2026-07-05T13:56:59Z,20260705T135649Z,4621,0.6557645106,1.0000000000,0.2763708910,0.5000000000,0.8357692308,0.6445806905
2026-07-05T13:56:59Z,20260705T135649Z,4622,1.0000000000,1.0000000000,0.9464057609,1.0000000000,0.7266666667,0.9482811522
2026-07-05T13:56:59Z,20260705T135649Z,4623,0.8427735791,1.0000000000,0.7861113866,0.7500000000,0.8378205128,0.8435887490
2026-07-05T13:56:59Z,20260705T135649Z,4624,0.8427735791,1.0000000000,0.8293453161,0.7500000000,0.6174358974,0.8191778426
2026-07-05T13:56:59Z,20260705T135649Z,4625,0.8308156933,1.0000000000,0.6941174070,0.6666666667,0.6053846154,0.7706684304
2026-07-05T13:56:59Z,20260705T135649Z,4626,0.7575558929,1.0000000000,0.0703947148,0.6666666667,0.8170512821,0.6593589418
2026-07-05T13:56:59Z,20260705T135649Z,4627,0.7221149473,1.0000000000,0.9167411894,0.3333333333,0.7962820513,0.7499859491
2026-07-05T13:56:59Z,20260705T135649Z,4628,0.6968385816,1.0000000000,0.1111997756,0.5000000000,0.8744871795,0.6276226774
2026-07-05T13:56:59Z,20260705T135649Z,4629,0.7677204728,1.0000000000,0.8888002244,0.5000000000,0.7283333333,0.7789401631
2026-07-05T13:56:59Z,20260705T135649Z,4630,0.9999999953,1.0000000000,1.0000000000,1.0000000000,0.5571794872,0.9335769219
2026-07-05T13:56:59Z,20260705T135649Z,4631,0.5603012573,1.0000000000,0.0418262200,0.2000000000,0.5544871795,0.4716136352
2026-07-05T13:56:59Z,20260705T135649Z,4632,0.7900852964,1.0000000000,0.2992363180,0.8000000000,0.6150000000,0.7096185877
2026-07-05T13:56:59Z,20260705T135649Z,4633,0.7796750095,1.0000000000,0.3166908662,0.5000000000,0.8419230769,0.6845453872
2026-07-05T13:56:59Z,20260705T135649Z,4634,0.6009334931,1.0000000000,0.9044810860,0.2000000000,0.6301282051,0.6656488212
2026-07-05T13:56:59Z,20260705T135649Z,4635,0.7038845844,1.0000000000,0.9353608262,0.2500000000,0.6689743590,0.7133894652
2026-07-05T13:56:59Z,20260705T135649Z,4636,0.7221149473,1.0000000000,0.9167411894,0.3333333333,0.5358974359,0.7109282567
2026-07-05T13:56:59Z,20260705T135649Z,4637,0.8308156933,1.0000000000,0.9626244068,0.6666666667,0.8348717949,0.8587929072
2026-07-05T13:56:59Z,20260705T135649Z,4638,0.7677204728,1.0000000000,0.9295534250,0.5000000000,0.8623076923,0.8071869571
2026-07-05T13:56:59Z,20260705T135649Z,4639,0.9999999953,1.0000000000,1.0000000000,1.0000000000,0.5953846154,0.9393076911
2026-07-05T13:56:59Z,20260705T135649Z,4640,0.9999999953,1.0000000000,1.0000000000,1.0000000000,0.7448717949,0.9617307680
2026-07-05T13:56:59Z,20260705T135649Z,4641,0.7677204728,1.0000000000,0.9295534250,0.5000000000,0.7620512821,0.7921484955
2026-07-05T13:56:59Z,20260705T135649Z,4642,0.8308156933,1.0000000000,0.9626244068,0.6666666667,0.7107692308,0.8401775226
2026-07-05T13:56:59Z,20260705T135649Z,4643,1.0000000000,1.0000000000,0.8474695743,1.0000000000,0.7273076923,0.9285900687
2026-07-05T13:56:59Z,20260705T135649Z,4644,0.6820617591,1.0000000000,0.6115948345,0.5000000000,0.8394871795,0.7187574836
2026-07-05T13:56:59Z,20260705T135649Z,4645,0.8461736740,1.0000000000,0.9454944581,0.7500000000,0.6667948718,0.8506615409
2026-07-05T13:56:59Z,20260705T135649Z,4646,0.6781864993,1.0000000000,0.6331386681,0.6000000000,0.8591025641,0.7450397431
2026-07-05T13:56:59Z,20260705T135649Z,4647,1.0000000000,1.0000000000,0.8458614900,1.0000000000,0.8578205128,0.9478453749
2026-07-05T13:56:59Z,20260705T135649Z,4648,0.7911717252,1.0000000000,0.7875484706,0.5000000000,0.7706410256,0.7708987793
2026-07-05T13:56:59Z,20260705T135649Z,4649,0.9291181088,1.0000000000,0.6413817298,1.0000000000,0.9146153846,0.8977481809
2026-07-05T13:56:59Z,20260705T135649Z,4650,0.8308156933,1.0000000000,0.9551503268,0.6666666667,0.8511538462,0.8597403989
2026-07-05T13:56:59Z,20260705T135649Z,4651,0.8308156933,1.0000000000,0.9418854513,0.6666666667,0.7320512821,0.8392220392
2026-07-05T13:56:59Z,20260705T135649Z,4652,1.0000000000,1.0000000000,0.9470706479,1.0000000000,0.8123076923,0.9612602834
2026-07-05T13:56:59Z,20260705T135649Z,4653,0.6666666667,1.0000000000,0.7128674137,0.3333333333,0.7743589744,0.6920606622
2026-07-05T13:56:59Z,20260705T135649Z,4654,0.5668540905,1.0000000000,0.1846772363,0.2500000000,0.7220512821,0.5369566622
2026-07-05T13:56:59Z,20260705T135649Z,4655,0.6458731984,1.0000000000,0.1718880638,0.5000000000,0.7758974359,0.6122305277
2026-07-05T13:56:59Z,20260705T135649Z,4656,0.5814158541,1.0000000000,0.1370249864,0.4000000000,0.7206410256,0.5608551146
2026-07-05T13:56:59Z,20260705T135649Z,4657,0.6996782811,1.0000000000,0.3349531978,0.5000000000,0.7356410256,0.6522563637
2026-07-05T13:56:59Z,20260705T135649Z,4658,0.7160887327,1.0000000000,0.2763026733,0.6666666667,0.8471794872,0.6946929742
2026-07-05T13:56:59Z,20260705T135649Z,4659,0.8308156933,1.0000000000,0.8588550841,0.6666666667,0.6724358974,0.8136736581
2026-07-05T13:56:59Z,20260705T135649Z,4660,0.7167933476,1.0000000000,0.4492415121,0.4000000000,0.8506410256,0.6766427932
2026-07-05T13:56:59Z,20260705T135649Z,4661,0.7611707559,1.0000000000,0.4773912611,0.4000000000,0.6439743590,0.6623670951
2026-07-05T13:56:59Z,20260705T135649Z,4662,0.5510326027,1.0000000000,0.1187780654,0.2500000000,0.8437179487,0.5380714561
2026-07-05T13:56:59Z,20260705T135649Z,4663,0.8308156933,1.0000000000,0.8501184345,0.6666666667,0.7862820513,0.8290032512
2026-07-05T13:56:59Z,20260705T135649Z,4664,0.7691695844,1.0000000000,0.5866257235,0.5000000000,0.7492307692,0.7220021562
2026-07-05T13:56:59Z,20260705T135649Z,4665,0.6767325834,1.0000000000,0.5223533892,0.6000000000,0.8117948718,0.7154230545
2026-07-05T13:56:59Z,20260705T135649Z,4666,0.7110955233,1.0000000000,0.7067090442,0.4000000000,0.8730769231,0.7300772281
2026-07-05T13:56:59Z,20260705T135649Z,4667,0.8772872787,1.0000000000,0.5224605888,1.0000000000,0.7488461538,0.8361408605
2026-07-05T13:56:59Z,20260705T135649Z,4668,0.6616313865,1.0000000000,0.2675793900,0.5000000000,0.7516666667,0.6316737246
2026-07-05T13:56:59Z,20260705T135649Z,4669,0.8308156933,1.0000000000,0.8169063636,0.6666666667,0.7706410256,0.8200146832
2026-07-05T13:56:59Z,20260705T135649Z,4670,1.0000000000,1.0000000000,0.8903799229,1.0000000000,0.6088461538,0.9194029076
2026-07-05T13:56:59Z,20260705T135649Z,4671,0.7778850527,1.0000000000,0.6691569790,0.6666666667,0.8526923077,0.7895398385
2026-07-05T13:56:59Z,20260705T135649Z,4672,0.7778850527,1.0000000000,0.6660979928,0.6666666667,0.8221794872,0.7843511181
2026-07-05T13:56:59Z,20260705T135649Z,4673,0.8178906433,1.0000000000,0.5542194617,0.6666666667,0.8191025641,0.7715152711
2026-07-05T13:56:59Z,20260705T135649Z,4674,0.8308156933,1.0000000000,0.8501184345,0.6666666667,0.8041025641,0.8316763282
2026-07-05T13:56:59Z,20260705T135649Z,4675,0.8308156933,1.0000000000,0.8501184345,0.6666666667,0.6884615385,0.8143301743
2026-07-05T13:56:59Z,20260705T135649Z,4676,0.8178906433,1.0000000000,0.5542194617,0.6666666667,0.7334615385,0.7586691173
2026-07-05T13:56:59Z,20260705T135649Z,4677,0.7876837595,1.0000000000,0.6495228039,0.5000000000,0.8542307692,0.7549601160
2026-07-05T13:56:59Z,20260705T135649Z,4678,0.8427735791,1.0000000000,0.7706025621,0.7500000000,0.7978205128,0.8344869841
2026-07-05T13:56:59Z,20260705T135649Z,4679,0.9389292606,1.0000000000,0.7186527585,1.0000000000,0.8373076923,0.9040590207
2026-07-05T13:56:59Z,20260705T135649Z,4680,1.0000000000,1.0000000000,0.8339443127,1.0000000000,0.7639743590,0.9313850164
2026-07-05T13:56:59Z,20260705T135649Z,4681,0.8349916978,1.0000000000,0.5690509279,0.7500000000,0.7385897436,0.7833465716
2026-07-05T13:56:59Z,20260705T135649Z,4682,0.6751341254,1.0000000000,0.6705295288,0.4000000000,0.6905128205,0.6864663602
2026-07-05T13:56:59Z,20260705T135649Z,4683,0.7107144013,1.0000000000,0.5357667137,0.5000000000,0.7656410256,0.6996780969
2026-07-05T13:56:59Z,20260705T135649Z,4684,0.6775242385,1.0000000000,0.5259866394,0.4000000000,0.8471794872,0.6816553106
2026-07-05T13:56:59Z,20260705T135649Z,4685,0.7914854434,1.0000000000,0.7349554715,0.8000000000,0.7776923077,0.8215163013
2026-07-05T13:56:59Z,20260705T135649Z,4686,0.6483950608,1.0000000000,0.3744965052,0.5000000000,0.8173076923,0.6595942201
2026-07-05T13:56:59Z,20260705T135649Z,4687,0.6468804614,1.0000000000,0.4580243535,0.4000000000,0.6806410256,0.6354211399
2026-07-05T13:56:59Z,20260705T135649Z,4688,0.6961594867,1.0000000000,0.4140116351,0.5000000000,0.8439743590,0.6834383525
2026-07-05T13:56:59Z,20260705T135649Z,4689,0.8178906433,1.0000000000,0.5694496879,0.6666666667,0.6303846154,0.7462536240
2026-07-05T13:56:59Z,20260705T135649Z,4690,0.8308156933,1.0000000000,0.8610190853,0.6666666667,0.8560256410,0.8416449199
2026-07-05T13:56:59Z,20260705T135649Z,4691,0.4865741805,1.0000000000,0.2020355948,0.1666666667,0.8432051282,0.5218647666
2026-07-05T13:56:59Z,20260705T135649Z,4692,0.5296253533,1.0000000000,0.1258192301,0.2000000000,0.6957692308,0.5019355690
2026-07-05T13:56:59Z,20260705T135649Z,4693,1.0000000000,1.0000000000,0.9999999866,1.0000000000,0.7656410256,0.9648461512
2026-07-05T13:56:59Z,20260705T135649Z,4694,0.7026303599,1.0000000000,0.2672292629,0.5000000000,0.5389743590,0.6099495964
2026-07-05T13:56:59Z,20260705T135649Z,4695,0.7891110302,1.0000000000,0.3452082830,0.8000000000,0.7091025641,0.7326847988
2026-07-05T13:56:59Z,20260705T135649Z,4696,0.6588252304,1.0000000000,0.3443542368,0.4000000000,0.7973076923,0.6331733088
2026-07-05T13:56:59Z,20260705T135649Z,4697,0.6666666667,1.0000000000,0.6198648780,0.3333333333,0.7774358974,0.6739216936
2026-07-05T13:56:59Z,20260705T135649Z,4698,0.6666666667,1.0000000000,0.9004753771,0.3333333333,0.7238461538,0.7220053318
2026-07-05T13:56:59Z,20260705T135649Z,4699,0.7677204728,1.0000000000,0.9295534250,0.5000000000,0.8156410256,0.8001869571
2026-07-05T13:56:59Z,20260705T135649Z,4700,0.7677204728,1.0000000000,0.9665245833,0.5000000000,0.7939743590,0.8043311887
2026-07-05T13:56:59Z,20260705T135649Z,4701,0.7677204728,1.0000000000,0.9665245833,0.5000000000,0.7669230769,0.8002734964
2026-07-05T13:56:59Z,20260705T135649Z,4702,0.7038845844,1.0000000000,0.9353608262,0.2500000000,0.7437179487,0.7246010037
2026-07-05T13:56:59Z,20260705T135649Z,4703,0.7038845844,1.0000000000,0.9353608262,0.2500000000,0.8021794872,0.7333702344
2026-07-05T13:56:59Z,20260705T135649Z,4704,0.7011185094,1.0000000000,0.7532482856,0.2500000000,0.7230769231,0.6843908229
2026-07-05T13:56:59Z,20260705T135649Z,4705,0.7295870522,1.0000000000,0.7650201844,0.5000000000,0.7756410256,0.7517469538
2026-07-05T13:56:59Z,20260705T135649Z,4706,0.6666666667,1.0000000000,0.9220336936,0.3333333333,0.7288461538,0.7270669951
2026-07-05T13:56:59Z,20260705T135649Z,4707,0.7911717252,1.0000000000,0.9194711772,0.5000000000,0.8257692308,0.8055525513
2026-07-05T13:56:59Z,20260705T135649Z,4708,1.0000000000,1.0000000000,0.9535917584,1.0000000000,0.8756410256,0.9720645055
2026-07-05T13:56:59Z,20260705T135649Z,4709,0.8296522562,1.0000000000,0.8630778100,0.7500000000,0.8205128205,0.8531055491
2026-07-05T13:56:59Z,20260705T135649Z,4710,0.9694646303,1.0000000000,0.8695385445,1.0000000000,0.7693589744,0.9316777126
2026-07-05T13:56:59Z,20260705T135649Z,4711,0.7309729266,1.0000000000,0.6297237686,0.5000000000,0.6720512821,0.7094956777
2026-07-05T13:56:59Z,20260705T135649Z,4712,0.5476038968,1.0000000000,0.2070339011,0.2500000000,0.7810256410,0.5454616006
2026-07-05T13:56:59Z,20260705T135649Z,4713,0.6666666667,1.0000000000,0.8685561163,0.3333333333,0.5832051282,0.6945253258
2026-07-05T13:56:59Z,20260705T135649Z,4714,0.8308156933,1.0000000000,0.8178615130,0.6666666667,0.4923076923,0.7784557131
2026-07-05T13:56:59Z,20260705T135649Z,4715,0.6251540513,1.0000000000,0.7563268322,0.2500000000,0.7470512821,0.6696115716
2026-07-05T13:56:59Z,20260705T135649Z,4716,0.7677204728,1.0000000000,0.9295534250,0.5000000000,0.4911538462,0.7515138801
2026-07-05T13:56:59Z,20260705T135649Z,4717,0.6288222976,1.0000000000,0.0834732504,0.2500000000,0.5323076923,0.5037463783
2026-07-05T13:56:59Z,20260705T135649Z,4718,0.6792157784,1.0000000000,0.8888948441,0.4000000000,0.7667948718,0.7426021442
2026-07-05T13:56:59Z,20260705T135649Z,4719,0.7233498105,1.0000000000,0.9500849642,0.3333333333,0.7785897436,0.7543095737
2026-07-05T13:56:59Z,20260705T135649Z,4720,0.7677204728,1.0000000000,0.9665245833,0.5000000000,0.7392307692,0.7961196502
2026-07-05T13:56:59Z,20260705T135649Z,4721,0.7475513658,1.0000000000,0.6734527976,0.5000000000,0.8638461538,0.7511553241
2026-07-05T13:56:59Z,20260705T135649Z,4722,0.7002216302,1.0000000000,0.6644024537,0.2500000000,0.8275641026,0.6820705137
2026-07-05T13:56:59Z,20260705T135649Z,4723,0.9999999953,1.0000000000,1.0000000000,1.0000000000,0.5985897436,0.9397884604
2026-07-05T13:56:59Z,20260705T135649Z,4724,0.7221149473,1.0000000000,0.8292275133,0.3333333333,0.6403846154,0.7090985985
2026-07-05T13:56:59Z,20260705T135649Z,4725,0.8274928135,1.0000000000,0.6636373187,0.6666666667,0.8402564103,0.7989724620
2026-07-05T13:56:59Z,20260705T135649Z,4726,0.8274928135,1.0000000000,0.8899806873,0.6666666667,0.7906410256,0.8367988280
2026-07-05T13:56:59Z,20260705T135649Z,4727,0.7415433010,1.0000000000,0.6698028464,0.5000000000,0.7791025641,0.7362117791
2026-07-05T13:56:59Z,20260705T135649Z,4728,0.7496918975,1.0000000000,0.8752130326,0.5000000000,0.8423076923,0.7888117347
2026-07-05T13:56:59Z,20260705T135649Z,4729,1.0000000000,1.0000000000,0.9476110672,1.0000000000,0.6158974359,0.9319068288
2026-07-05T13:56:59Z,20260705T135649Z,4730,0.8308156933,1.0000000000,0.8949036535,0.6666666667,0.7971794872,0.8395949104
2026-07-05T13:56:59Z,20260705T135649Z,4731,0.9291181088,1.0000000000,0.5722149587,1.0000000000,0.6205128205,0.8397994420
2026-07-05T13:56:59Z,20260705T135649Z,4732,0.8308156933,1.0000000000,0.8025111963,0.6666666667,0.6692307692,0.8019241113
2026-07-05T13:56:59Z,20260705T135649Z,4733,0.7608808796,1.0000000000,0.4983246771,0.7500000000,0.8356410256,0.7652313092
2026-07-05T13:56:59Z,20260705T135649Z,4734,0.9029146381,1.0000000000,0.4496424350,1.0000000000,0.8305128205,0.8402340696
2026-07-05T13:56:59Z,20260705T135649Z,4735,0.6730920095,1.0000000000,0.3954059372,0.6000000000,0.7808974359,0.6844888052
2026-07-05T13:56:59Z,20260705T135649Z,4736,0.7372806574,1.0000000000,0.6032702232,0.6000000000,0.7438461538,0.7365511321
2026-07-05T13:56:59Z,20260705T135649Z,4737,0.6943980101,1.0000000000,0.5673026465,0.4000000000,0.7473076923,0.6791561857
2026-07-05T13:56:59Z,20260705T135649Z,4738,0.7496918975,1.0000000000,0.9161914555,0.5000000000,0.8356410256,0.7960074193
2026-07-05T13:56:59Z,20260705T135649Z,4739,0.8308156933,1.0000000000,0.8915264903,0.6666666667,0.7288461538,0.8286694778
2026-07-05T13:56:59Z,20260705T135649Z,4740,0.8308156933,1.0000000000,0.8915264903,0.6666666667,0.7873076923,0.8374387086
2026-07-05T13:56:59Z,20260705T135649Z,4741,0.8308156933,1.0000000000,0.8328589269,0.6666666667,0.8324358974,0.8324744266
2026-07-05T13:56:59Z,20260705T135649Z,4742,0.9291181088,1.0000000000,0.8730979303,1.0000000000,0.6838461538,0.9094760363
2026-07-05T13:56:59Z,20260705T135649Z,4743,0.9291181088,1.0000000000,0.5925072259,1.0000000000,0.7342307692,0.8609155878
2026-07-05T13:56:59Z,20260705T135649Z,4744,0.8308156933,1.0000000000,0.9578593300,0.6666666667,0.7038461538,0.8381860457
2026-07-05T13:56:59Z,20260705T135649Z,4745,0.8308156933,1.0000000000,0.7877277524,0.6666666667,0.6821794872,0.8009097302
2026-07-05T13:56:59Z,20260705T135649Z,4746,0.7248934060,1.0000000000,0.1197915563,0.6666666667,0.7888461538,0.6568419192
2026-07-05T13:56:59Z,20260705T135649Z,4747,0.8349916978,1.0000000000,0.1985345958,0.7500000000,0.5303846154,0.6780125359
2026-07-05T13:56:59Z,20260705T135649Z,4748,0.7295870522,1.0000000000,0.8132776539,0.5000000000,0.5784615385,0.7318215246
2026-07-05T13:56:59Z,20260705T135649Z,4749,0.8178906433,1.0000000000,0.3698706986,0.6666666667,0.6135897436,0.7038185954
2026-07-05T13:56:59Z,20260705T135649Z,4750,1.0000000000,1.0000000000,0.8300517300,1.0000000000,0.7929487179,0.9349526537
2026-07-05T13:56:59Z,20260705T135649Z,4751,0.8274928135,1.0000000000,0.8300517300,0.6666666667,0.6971794872,0.8107938058
2026-07-05T13:56:59Z,20260705T135649Z,4752,0.9645590544,1.0000000000,0.9365489651,1.0000000000,0.8458974359,0.9553341720
2026-07-05T13:56:59Z,20260705T135649Z,4753,1.0000000000,1.0000000000,0.9377851185,1.0000000000,0.7439743590,0.9491531775
2026-07-05T13:56:59Z,20260705T135649Z,4754,1.0000000000,1.0000000000,0.9401187582,1.0000000000,0.6623076923,0.9373699055
2026-07-05T13:56:59Z,20260705T135649Z,4755,1.0000000000,1.0000000000,0.9401187582,1.0000000000,0.8144871795,0.9601968286
2026-07-05T13:56:59Z,20260705T135649Z,4756,1.0000000000,1.0000000000,0.8834280332,1.0000000000,0.8158974359,0.9490702220
2026-07-05T13:56:59Z,20260705T135649Z,4757,1.0000000000,1.0000000000,0.8834280332,1.0000000000,0.7914102564,0.9453971451
2026-07-05T13:56:59Z,20260705T135649Z,4758,1.0000000000,1.0000000000,0.9999999866,1.0000000000,0.7334615385,0.9600192281
2026-07-05T13:56:59Z,20260705T135649Z,4759,0.7475513658,1.0000000000,0.6349870962,0.5000000000,0.7074358974,0.7200006453
2026-07-05T13:56:59Z,20260705T135649Z,4760,0.7475513658,1.0000000000,0.6349870962,0.5000000000,0.8124358974,0.7357506453
2026-07-05T13:56:59Z,20260705T135649Z,4761,0.8178906433,1.0000000000,0.6471003434,0.6666666667,0.8125641026,0.7891106782
2026-07-05T13:56:59Z,20260705T135649Z,4762,0.7496918975,1.0000000000,0.9372465868,0.5000000000,0.8255128205,0.7986992148
2026-07-05T13:56:59Z,20260705T135649Z,4763,0.9389292606,1.0000000000,0.6764239361,1.0000000000,0.6988461538,0.8748440255
2026-07-05T13:56:59Z,20260705T135649Z,4764,0.7496918975,1.0000000000,0.9339559926,0.5000000000,0.8337179487,0.7992718652
2026-07-05T13:56:59Z,20260705T135649Z,4765,0.7496918975,1.0000000000,0.9339559926,0.5000000000,0.7325641026,0.7840987883
2026-07-05T13:56:59Z,20260705T135649Z,4766,0.8349916978,1.0000000000,0.6929465019,0.7500000000,0.7887179487,0.8156449171
2026-07-05T13:56:59Z,20260705T135649Z,4767,0.8461736740,1.0000000000,0.7972890549,0.7500000000,0.8138461538,0.8430781526
2026-07-05T13:56:59Z,20260705T135649Z,4768,0.9389292606,1.0000000000,0.8265154077,1.0000000000,0.7920512821,0.9188430890
2026-07-05T13:56:59Z,20260705T135649Z,4769,0.8349916978,1.0000000000,0.7570902630,0.7500000000,0.7110256410,0.8168198232
2026-07-05T13:56:59Z,20260705T135649Z,4770,0.8296522562,1.0000000000,0.7018955727,0.7500000000,0.6957692308,0.8021575632
2026-07-05T13:56:59Z,20260705T135649Z,4771,0.9389292606,1.0000000000,0.6693078088,1.0000000000,0.6642307692,0.8682284923
2026-07-05T13:56:59Z,20260705T135649Z,4772,0.7818691271,1.0000000000,0.7466466691,0.6000000000,0.6424358974,0.7611620002
2026-07-05T13:56:59Z,20260705T135649Z,4773,0.8358978213,1.0000000000,0.8107149737,0.6000000000,0.7537179487,0.8041751424
2026-07-05T13:56:59Z,20260705T135649Z,4774,0.8556136734,1.0000000000,0.8213065258,0.7500000000,0.7957692308,0.8475301081
2026-07-05T13:56:59Z,20260705T135649Z,4775,0.7931354197,1.0000000000,0.7558781030,0.6000000000,0.7444871795,0.7811325524
2026-07-05T13:56:59Z,20260705T135649Z,4776,0.7931354197,1.0000000000,0.8930263035,0.6000000000,0.7934615385,0.8159083464
2026-07-05T13:56:59Z,20260705T135649Z,4777,0.8013695375,1.0000000000,0.8941387548,0.6000000000,0.8897435897,0.8326316738
2026-07-05T13:56:59Z,20260705T135649Z,4778,0.8683435189,1.0000000000,0.8701203263,0.7500000000,0.9196153846,0.8790522527
2026-07-05T13:56:59Z,20260705T135649Z,4779,1.0000000000,1.0000000000,0.8770113547,1.0000000000,0.8605128205,0.9544791940
2026-07-05T13:56:59Z,20260705T135649Z,4780,0.8683435189,1.0000000000,0.9083263765,0.7500000000,0.7843589744,0.8664050012
2026-07-05T13:56:59Z,20260705T135649Z,4781,0.8683435189,1.0000000000,0.9255570418,0.7500000000,0.5905128205,0.8407742112
2026-07-05T13:56:59Z,20260705T135649Z,4782,0.8461736740,1.0000000000,0.7549777708,0.7500000000,0.6203846154,0.8055966650
2026-07-05T13:56:59Z,20260705T135649Z,4783,0.7911717252,1.0000000000,0.8964896351,0.5000000000,0.8106410256,0.7986870122
2026-07-05T13:56:59Z,20260705T135649Z,4784,0.6251540513,1.0000000000,0.6175876087,0.2500000000,0.7838461538,0.6473829576
2026-07-05T13:56:59Z,20260705T135649Z,4785,0.7575558929,1.0000000000,0.2405005979,0.6666666667,0.6503846154,0.6683801184
2026-07-05T13:56:59Z,20260705T135649Z,4786,1.0000000000,1.0000000000,0.8304986811,1.0000000000,0.7317948718,0.9258689670
2026-07-05T13:56:59Z,20260705T135649Z,4787,0.8178906433,1.0000000000,0.7071741901,0.6666666667,0.7170512821,0.7867985245
2026-07-05T13:56:59Z,20260705T135649Z,4788,0.8178906433,1.0000000000,0.5917333287,0.6666666667,0.7470512821,0.7682103522
2026-07-05T13:56:59Z,20260705T135649Z,4789,0.9645590544,1.0000000000,0.7577621168,1.0000000000,0.7689743590,0.9080383408
2026-07-05T13:56:59Z,20260705T135649Z,4790,0.9645590544,1.0000000000,0.6559582608,1.0000000000,0.6062820513,0.8632737234
2026-07-05T13:56:59Z,20260705T135649Z,4791,1.0000000000,1.0000000000,0.7816241771,1.0000000000,0.6187179487,0.8991325277
2026-07-05T13:56:59Z,20260705T135649Z,4792,1.0000000000,1.0000000000,0.8834280332,1.0000000000,0.6402564103,0.9227240682
2026-07-05T13:56:59Z,20260705T135649Z,4793,1.0000000000,1.0000000000,0.8834280332,1.0000000000,0.6773076923,0.9282817605
2026-07-05T13:56:59Z,20260705T135649Z,4794,1.0000000000,1.0000000000,0.9377851185,1.0000000000,0.8237179487,0.9611147160
2026-07-05T13:56:59Z,20260705T135649Z,4795,1.0000000000,1.0000000000,0.8779038767,1.0000000000,0.7989743590,0.9454269292
2026-07-05T13:56:59Z,20260705T135649Z,4796,1.0000000000,1.0000000000,1.0000000000,1.0000000000,0.5992307692,0.9398846154
2026-07-05T13:56:59Z,20260705T135649Z,4797,0.8178906433,1.0000000000,0.5312391776,0.6666666667,0.8341025641,0.7691692143
2026-07-05T13:56:59Z,20260705T135649Z,4798,1.0000000000,1.0000000000,0.9495929510,1.0000000000,0.6255128205,0.9337455133
2026-07-05T13:56:59Z,20260705T135649Z,4799,0.7496918975,1.0000000000,0.8560387825,0.5000000000,0.5723076923,0.7444768847
2026-07-05T13:56:59Z,20260705T135649Z,4800,0.8178906433,1.0000000000,0.4905400360,0.6666666667,0.6405128205,0.7319909244
2026-07-05T13:56:59Z,20260705T135649Z,4801,0.8308156933,1.0000000000,0.7230697624,0.6666666667,0.6241025641,0.7792665937
2026-07-05T13:56:59Z,20260705T135649Z,4802,0.9389292606,1.0000000000,0.6245830606,1.0000000000,0.8238461538,0.8832258504
2026-07-05T13:56:59Z,20260705T135649Z,4803,1.0000000000,1.0000000000,0.8286902325,1.0000000000,0.7307692308,0.9253534311
2026-07-05T13:56:59Z,20260705T135649Z,4804,0.9389292606,1.0000000000,0.7371896526,1.0000000000,0.8006410256,0.9022663995
2026-07-05T13:56:59Z,20260705T135649Z,4805,0.9389292606,1.0000000000,0.5032816033,1.0000000000,0.6866666667,0.8383886358
2026-07-05T13:56:59Z,20260705T135649Z,4806,0.8308156933,1.0000000000,0.7264618900,0.6666666667,0.7891025641,0.8046950193
2026-07-05T13:56:59Z,20260705T135649Z,4807,0.8308156933,1.0000000000,0.8897787526,0.6666666667,0.7911538462,0.8376660841
2026-07-05T13:56:59Z,20260705T135649Z,4808,0.8308156933,1.0000000000,0.9404540319,0.6666666667,0.7691025641,0.8444934476
2026-07-05T13:56:59Z,20260705T135649Z,4809,0.8178906433,1.0000000000,0.6471003434,0.6666666667,0.7591025641,0.7810914474
2026-07-05T13:56:59Z,20260705T135649Z,4810,0.8349916978,1.0000000000,0.5694031032,0.7500000000,0.8555128205,0.8009554682
2026-07-05T13:56:59Z,20260705T135649Z,4811,0.8695053551,1.0000000000,0.9195899607,0.8000000000,0.8242307692,0.8849289463
2026-07-05T13:56:59Z,20260705T135649Z,4812,0.8358978213,1.0000000000,0.9225413174,0.6000000000,0.7558974359,0.8268673342
2026-07-05T13:56:59Z,20260705T135649Z,4813,0.8308156933,1.0000000000,0.8986883744,0.6666666667,0.7638461538,0.8353518546
2026-07-05T13:56:59Z,20260705T135649Z,4814,0.7677204728,1.0000000000,0.7422378832,0.5000000000,0.8569230769,0.7689161564
2026-07-05T13:56:59Z,20260705T135649Z,4815,0.6161870225,1.0000000000,0.2103535909,0.3333333333,0.8220512821,0.5860918328
2026-07-05T13:56:59Z,20260705T135649Z,4816,0.7778850527,1.0000000000,0.6691569790,0.6666666667,0.8087179487,0.7829436846
2026-07-05T13:56:59Z,20260705T135649Z,4817,0.9291181088,1.0000000000,0.7510018070,1.0000000000,0.7667948718,0.8974991194
2026-07-05T13:56:59Z,20260705T135649Z,4818,0.9291181088,1.0000000000,0.8108830488,1.0000000000,0.6221794872,0.8877830600
2026-07-05T13:56:59Z,20260705T135649Z,4819,1.0000000000,1.0000000000,0.9377851185,1.0000000000,0.7723076923,0.9534031775
2026-07-05T13:56:59Z,20260705T135649Z,4820,0.9291181088,1.0000000000,0.7510018070,1.0000000000,0.7844871795,0.9001529655
2026-07-05T13:56:59Z,20260705T135649Z,4821,0.9291181088,1.0000000000,0.4704111026,1.0000000000,0.8241025641,0.8499771323
2026-07-05T13:56:59Z,20260705T135649Z,4822,0.9645590544,1.0000000000,0.6559582608,1.0000000000,0.8320512821,0.8971391081
2026-07-05T13:56:59Z,20260705T135649Z,4823,0.9645590544,1.0000000000,0.7048327647,1.0000000000,0.6897435897,0.8855678550
2026-07-05T13:56:59Z,20260705T135649Z,4824,1.0000000000,1.0000000000,0.7682837996,1.0000000000,0.6835897436,0.9061952215
2026-07-05T13:56:59Z,20260705T135649Z,4825,1.0000000000,1.0000000000,0.9377851185,1.0000000000,0.8076923077,0.9587108699
2026-07-05T13:56:59Z,20260705T135649Z,4826,1.0000000000,1.0000000000,0.7816241771,1.0000000000,0.6937179487,0.9103825277
2026-07-05T13:56:59Z,20260705T135649Z,4827,0.8178906433,1.0000000000,0.4905400360,0.6666666667,0.7541025641,0.7490293860
2026-07-05T13:56:59Z,20260705T135649Z,4828,0.8308156933,1.0000000000,0.9092703219,0.6666666667,0.8206410256,0.8459874749
2026-07-05T13:56:59Z,20260705T135649Z,4829,1.0000000000,1.0000000000,0.9433092750,1.0000000000,0.7535897436,0.9517003165
2026-07-05T13:56:59Z,20260705T135649Z,4830,0.9291181088,1.0000000000,0.5192856065,1.0000000000,0.7807692308,0.8532520331
2026-07-05T13:56:59Z,20260705T135649Z,4831,0.7895834242,1.0000000000,0.8820991465,0.5000000000,0.7869230769,0.7918541469
2026-07-05T13:56:59Z,20260705T135649Z,4832,0.8556136734,1.0000000000,0.6141035418,0.7500000000,0.7705128205,0.8023010498
2026-07-05T13:56:59Z,20260705T135649Z,4833,0.8349916978,1.0000000000,0.7591492508,0.7500000000,0.6637179487,0.8101354669
2026-07-05T13:56:59Z,20260705T135649Z,4834,0.7911717252,1.0000000000,0.8444189782,0.5000000000,0.7567948718,0.7801959577
2026-07-05T13:56:59Z,20260705T135649Z,4835,0.8178906433,1.0000000000,0.7683668270,0.6666666667,0.7171794872,0.7990562826
2026-07-05T13:56:59Z,20260705T135649Z,4836,0.6152447439,1.0000000000,0.3661265010,0.4000000000,0.7637179487,0.6215941785
2026-07-05T13:56:59Z,20260705T135649Z,4837,0.6847120998,1.0000000000,0.5154827098,0.6000000000,0.7370512821,0.7048322592
2026-07-05T13:56:59Z,20260705T135649Z,4838,0.8300540566,1.0000000000,0.6159994473,0.7500000000,0.7566666667,0.7942134036
2026-07-05T13:56:59Z,20260705T135649Z,4839,0.9694646303,1.0000000000,0.8799501953,1.0000000000,0.7576923077,0.9320100428
2026-07-05T13:56:59Z,20260705T135649Z,4840,0.8772872787,1.0000000000,0.4490777686,1.0000000000,0.8228205128,0.8325604503
2026-07-05T13:56:59Z,20260705T135649Z,4841,0.8556136734,1.0000000000,0.7832972124,0.7500000000,0.7258974359,0.8294474762
2026-07-05T13:56:59Z,20260705T135649Z,4842,0.6949824946,1.0000000000,0.4467936408,0.5000000000,0.8412820513,0.6892966595
2026-07-05T13:56:59Z,20260705T135649Z,4843,0.8308156933,1.0000000000,0.6877574403,0.6666666667,0.7723076923,0.7944348985
2026-07-05T13:56:59Z,20260705T135649Z,4844,0.8938939633,1.0000000000,0.5761728717,1.0000000000,0.7767948718,0.8552272959
2026-07-05T13:56:59Z,20260705T135649Z,4845,0.8308156933,1.0000000000,0.8501184345,0.6666666667,0.8475641026,0.8381955589
2026-07-05T13:56:59Z,20260705T135649Z,4846,0.7216876901,1.0000000000,0.4722013403,0.6666666667,0.6969230769,0.7127339855
2026-07-05T13:56:59Z,20260705T135649Z,4847,0.8048689313,1.0000000000,0.6048694646,0.6666666667,0.6725641026,0.7564090745
2026-07-05T13:56:59Z,20260705T135649Z,4848,1.0000000000,1.0000000000,0.7682837996,1.0000000000,0.8024358974,0.9240221445
2026-07-05T13:56:59Z,20260705T135649Z,4849,0.8178906433,1.0000000000,0.7019932405,0.6666666667,0.5900000000,0.7667046422
2026-07-05T13:56:59Z,20260705T135649Z,4850,0.8178906433,1.0000000000,0.5334392351,0.6666666667,0.7743589744,0.7606476873
2026-07-05T13:56:59Z,20260705T135649Z,4851,1.0000000000,1.0000000000,0.7816241771,1.0000000000,0.7705128205,0.9219017585
2026-07-05T13:56:59Z,20260705T135649Z,4852,1.0000000000,1.0000000000,0.9401187582,1.0000000000,0.7329487179,0.9479660593
2026-07-05T13:56:59Z,20260705T135649Z,4853,1.0000000000,1.0000000000,0.8903799229,1.0000000000,0.6838461538,0.9306529076
2026-07-05T13:56:59Z,20260705T135649Z,4854,1.0000000000,1.0000000000,0.9999999866,1.0000000000,0.6152564103,0.9422884589
2026-07-05T13:56:59Z,20260705T135649Z,4855,1.0000000000,1.0000000000,0.9470706479,1.0000000000,0.7155128205,0.9467410527
2026-07-05T13:56:59Z,20260705T135649Z,4856,1.0000000000,1.0000000000,0.8534376588,1.0000000000,0.7526923077,0.9335913779
2026-07-05T13:56:59Z,20260705T135649Z,4857,1.0000000000,1.0000000000,0.6746508104,1.0000000000,0.8019230769,0.9052186236
2026-07-05T13:56:59Z,20260705T135649Z,4858,0.9291181088,1.0000000000,0.8108830488,1.0000000000,0.7620512821,0.9087638293
2026-07-05T13:56:59Z,20260705T135649Z,4859,0.7796750095,1.0000000000,0.8001157969,0.5000000000,0.6688461538,0.7552688348
2026-07-05T13:56:59Z,20260705T135649Z,4860,0.7895834242,1.0000000000,0.7183137791,0.5000000000,0.6991025641,0.7459239965
2026-07-05T13:56:59Z,20260705T135649Z,4861,0.8308156933,1.0000000000,0.9088272235,0.6666666667,0.6602564103,0.8218411629
2026-07-05T13:56:59Z,20260705T135649Z,4862,0.8556136734,1.0000000000,0.6401384607,0.7500000000,0.7453846154,0.8037388028
2026-07-05T13:56:59Z,20260705T135649Z,4863,0.8556136734,1.0000000000,0.6955288029,0.7500000000,0.7871794872,0.8210861020
2026-07-05T13:56:59Z,20260705T135649Z,4864,0.6616313865,1.0000000000,0.0778660480,0.5000000000,0.8160256410,0.6033849024
2026-07-05T13:56:59Z,20260705T135649Z,4865,0.8328538820,1.0000000000,0.2214746312,0.7500000000,0.7694871795,0.7179314737
2026-07-05T13:56:59Z,20260705T135649Z,4866,0.8126140003,1.0000000000,0.7878635492,0.7500000000,0.7858974359,0.8286108253
2026-07-05T13:56:59Z,20260705T135649Z,4867,0.8461736740,1.0000000000,0.8495553931,0.7500000000,0.6955128205,0.8357814202
2026-07-05T13:56:59Z,20260705T135649Z,4868,0.7911717252,1.0000000000,0.8877487579,0.5000000000,0.8115384615,0.7970734521
2026-07-05T13:56:59Z,20260705T135649Z,4869,0.8178906433,1.0000000000,0.6027440936,0.6666666667,0.7616666667,0.7726048129
2026-07-05T13:56:59Z,20260705T135649Z,4870,0.7496918975,1.0000000000,0.9085182776,0.5000000000,0.7373076923,0.7797227837
2026-07-05T13:56:59Z,20260705T135649Z,4871,0.8308156933,1.0000000000,0.9092703219,0.6666666667,0.7098717949,0.8293720903
2026-07-05T13:56:59Z,20260705T135649Z,4872,0.7811646086,1.0000000000,0.6131510630,0.5000000000,0.7088461538,0.7242482878
2026-07-05T13:56:59Z,20260705T135649Z,4873,0.7110955233,1.0000000000,0.7452577830,0.4000000000,0.8208974359,0.7299600528
2026-07-05T13:56:59Z,20260705T135649Z,4874,0.9694646303,1.0000000000,0.6157244275,1.0000000000,0.8256410256,0.8893571969
2026-07-05T13:56:59Z,20260705T135649Z,4875,0.8266479091,1.0000000000,0.6433055004,0.6666666667,0.7542307692,0.7817910261
2026-07-05T13:56:59Z,20260705T135649Z,4876,1.0000000000,1.0000000000,0.8981961439,1.0000000000,0.7453846154,0.9414469211
2026-07-05T13:56:59Z,20260705T135649Z,4877,1.0000000000,1.0000000000,0.8534376588,1.0000000000,0.8374358974,0.9463029164
2026-07-05T13:56:59Z,20260705T135649Z,4878,0.8308156933,1.0000000000,0.9316952934,0.6666666667,0.5941025641,0.8164916999
2026-07-05T13:56:59Z,20260705T135649Z,4879,1.0000000000,1.0000000000,0.9476110672,1.0000000000,0.6011538462,0.9296952904
2026-07-05T13:56:59Z,20260705T135649Z,4880,0.8308156933,1.0000000000,0.9551503268,0.6666666667,0.6194871795,0.8249903989
2026-07-05T13:56:59Z,20260705T135649Z,4881,0.8308156933,1.0000000000,0.9551503268,0.6666666667,0.7488461538,0.8443942451
2026-07-05T13:56:59Z,20260705T135649Z,4882,0.8308156933,1.0000000000,0.7778385530,0.6666666667,0.8371794872,0.8221818903
2026-07-05T13:56:59Z,20260705T135649Z,4883,0.7216876901,1.0000000000,0.5153931397,0.6666666667,0.7289743590,0.7261800376
2026-07-05T13:56:59Z,20260705T135649Z,4884,0.7216876901,1.0000000000,0.4908943740,0.6666666667,0.8124358974,0.7337995153
2026-07-05T13:56:59Z,20260705T135649Z,4885,0.8308156933,1.0000000000,0.8460095594,0.6666666667,0.8026923077,0.8306430147
2026-07-05T13:56:59Z,20260705T135649Z,4886,1.0000000000,1.0000000000,0.6964328328,1.0000000000,0.7802564103,0.9063250281
2026-07-05T13:56:59Z,20260705T135649Z,4887,0.8461736740,1.0000000000,0.8275151314,0.7500000000,0.7307692308,0.8366618294
2026-07-05T13:56:59Z,20260705T135649Z,4888,0.8543900003,1.0000000000,0.8782263520,0.8000000000,0.7641025641,0.8638581551
2026-07-05T13:56:59Z,20260705T135649Z,4889,0.8515714915,1.0000000000,0.8123305728,0.8000000000,0.6384615385,0.8311282182
2026-07-05T13:56:59Z,20260705T135649Z,4890,0.9719380415,1.0000000000,0.9299808181,1.0000000000,0.7541025641,0.9420960586
2026-07-05T13:56:59Z,20260705T135649Z,4891,0.7911717252,1.0000000000,0.8148102034,0.5000000000,0.8224358974,0.7841203566
2026-07-05T13:56:59Z,20260705T135649Z,4892,0.8308156933,1.0000000000,0.8501184345,0.6666666667,0.7742307692,0.8271955589
2026-07-05T13:56:59Z,20260705T135649Z,4893,0.7043382816,1.0000000000,0.8106440059,0.4000000000,0.7671794872,0.7332902946
2026-07-05T13:56:59Z,20260705T135649Z,4894,0.7911717252,1.0000000000,0.9108958461,0.5000000000,0.7457692308,0.7918374851
2026-07-05T13:56:59Z,20260705T135649Z,4895,0.7737924475,1.0000000000,0.8960169408,0.4000000000,0.7708974359,0.7682861154
2026-07-05T13:56:59Z,20260705T135649Z,4896,0.7648066922,1.0000000000,0.4243178919,0.4000000000,0.7782051282,0.6727960206
2026-07-05T13:56:59Z,20260705T135649Z,4897,0.8308156933,1.0000000000,0.6679603192,0.6666666667,0.7606410256,0.7887254743
2026-07-05T13:56:59Z,20260705T135649Z,4898,0.8308156933,1.0000000000,0.7554216999,0.6666666667,0.8438461538,0.8186985197
2026-07-05T13:56:59Z,20260705T135649Z,4899,0.8308156933,1.0000000000,0.9435168154,0.6666666667,0.8758974359,0.8611252351
2026-07-05T13:56:59Z,20260705T135649Z,4900,0.8308156933,1.0000000000,0.9578593300,0.6666666667,0.8625641026,0.8619937380
2026-07-05T13:56:59Z,20260705T135649Z,4901,1.0000000000,1.0000000000,1.0000000000,1.0000000000,0.6974358974,0.9546153846
2026-07-05T13:56:59Z,20260705T135649Z,4902,1.0000000000,1.0000000000,0.9511254961,1.0000000000,0.6584615385,0.9389943300
2026-07-05T13:56:59Z,20260705T135649Z,4903,0.7677204728,1.0000000000,0.7951672353,0.5000000000,0.6438461538,0.7475404883
2026-07-05T13:56:59Z,20260705T135649Z,4904,0.7221149473,1.0000000000,0.9167411894,0.3333333333,0.7737179487,0.7466013337
2026-07-05T13:56:59Z,20260705T135649Z,4905,0.6251540513,1.0000000000,0.8613396374,0.2500000000,0.8025641026,0.6989410557
2026-07-05T13:56:59Z,20260705T135649Z,4906,0.6257641301,1.0000000000,0.8782153545,0.2500000000,0.7958974359,0.7014687188
2026-07-05T13:56:59Z,20260705T135649Z,4907,0.7954950513,1.0000000000,0.8224657102,0.7500000000,0.7607692308,0.8274822895
2026-07-05T13:56:59Z,20260705T135649Z,4908,0.8003084866,1.0000000000,0.8431457031,0.7500000000,0.7110256410,0.8253601084
2026-07-05T13:56:59Z,20260705T135649Z,4909,0.6293424783,1.0000000000,0.8861306124,0.3333333333,0.8382051282,0.7269591779
2026-07-05T13:56:59Z,20260705T135649Z,4910,0.7648066922,1.0000000000,0.1538071002,0.4000000000,0.6255128205,0.5957900162
2026-07-05T13:56:59Z,20260705T135649Z,4911,0.6186566985,1.0000000000,0.0703488072,0.3333333333,0.7824358974,0.5527659873
2026-07-05T13:56:59Z,20260705T135649Z,4912,0.8308156933,1.0000000000,0.9446321591,0.6666666667,0.7885897436,0.8482521500
2026-07-05T13:56:59Z,20260705T135649Z,4913,0.5439435634,1.0000000000,0.3951298117,0.2000000000,0.6887179487,0.5583195455
2026-07-05T13:56:59Z,20260705T135649Z,4914,0.8178906433,1.0000000000,0.4323911159,0.6666666667,0.8093589744,0.7456880635
2026-07-05T13:56:59Z,20260705T135649Z,4915,0.6666666667,1.0000000000,0.9526695251,0.3333333333,0.8155128205,0.7461941614
2026-07-05T13:56:59Z,20260705T135649Z,4916,0.6251540513,1.0000000000,0.7195129066,0.2500000000,0.8007692308,0.6703064787
2026-07-05T13:56:59Z,20260705T135649Z,4917,0.8308156933,1.0000000000,0.9522826136,0.6666666667,0.7857692308,0.8493591640
2026-07-05T13:56:59Z,20260705T135649Z,4918,0.8308156933,1.0000000000,0.9092703219,0.6666666667,0.8170512821,0.8454490133
2026-07-05T13:56:59Z,20260705T135649Z,4919,0.8308156933,1.0000000000,0.9493633843,0.6666666667,0.8323076923,0.8557560874
2026-07-05T13:56:59Z,20260705T135649Z,4920,1.0000000000,1.0000000000,0.9433092750,1.0000000000,0.7305128205,0.9482387781
2026-07-05T13:56:59Z,20260705T135649Z,4921,0.6666666667,1.0000000000,0.7401924071,0.3333333333,0.7160256410,0.6887756609
2026-07-05T13:56:59Z,20260705T135649Z,4922,0.6666666667,1.0000000000,0.7401924071,0.3333333333,0.7848717949,0.6991025840
2026-07-05T13:56:59Z,20260705T135649Z,4923,0.9291181088,1.0000000000,0.5155242336,1.0000000000,0.7370512821,0.8459420662
2026-07-05T13:56:59Z,20260705T135649Z,4924,0.5579274389,1.0000000000,0.2546232384,0.2000000000,0.8323076923,0.5552526612
2026-07-05T13:56:59Z,20260705T135649Z,4925,0.7295870522,1.0000000000,0.9115516734,0.5000000000,0.8803846154,0.7967647900
2026-07-05T13:56:59Z,20260705T135649Z,4926,0.6666666667,1.0000000000,0.8405601341,0.3333333333,0.7124358974,0.7083107448
2026-07-05T13:56:59Z,20260705T135649Z,4927,0.8308156933,1.0000000000,0.9105614780,0.6666666667,0.7823076923,0.8404957061
2026-07-05T13:56:59Z,20260705T135649Z,4928,0.7496918975,1.0000000000,0.9474775917,0.5000000000,0.7206410256,0.7850146466
2026-07-05T13:56:59Z,20260705T135649Z,4929,0.8202606934,1.0000000000,0.9474327708,0.7500000000,0.7537179487,0.8576094198
2026-07-05T13:56:59Z,20260705T135649Z,4930,0.8202606934,1.0000000000,0.9474327708,0.7500000000,0.8291025641,0.8689171121
2026-07-05T13:56:59Z,20260705T135649Z,4931,0.8003084866,1.0000000000,0.9158158044,0.7500000000,0.7600000000,0.8472402825
2026-07-05T13:56:59Z,20260705T135649Z,4932,0.7011185094,1.0000000000,0.8743340836,0.2500000000,0.8157692308,0.7225118287
2026-07-05T13:56:59Z,20260705T135649Z,4933,0.9999999953,1.0000000000,1.0000000000,1.0000000000,0.8407692308,0.9761153834
2026-07-05T13:56:59Z,20260705T135649Z,4934,0.7233498105,1.0000000000,0.9500849642,0.3333333333,0.7487179487,0.7498288044
2026-07-05T13:56:59Z,20260705T135649Z,4935,0.6257641301,1.0000000000,0.9399182504,0.2500000000,0.8121794872,0.7162516057
2026-07-05T13:56:59Z,20260705T135649Z,4936,0.7677204728,1.0000000000,0.9665245833,0.5000000000,0.7920512821,0.8040427272
2026-07-05T13:56:59Z,20260705T135649Z,4937,0.7221149473,1.0000000000,0.9167411894,0.3333333333,0.7203846154,0.7386013337
2026-07-05T13:56:59Z,20260705T135649Z,4938,0.8308156933,1.0000000000,0.9446321591,0.6666666667,0.7710256410,0.8456175346
2026-07-05T13:56:59Z,20260705T135649Z,4939,0.7778850527,1.0000000000,0.9254705402,0.6666666667,0.6148717949,0.8051294738
2026-07-05T13:56:59Z,20260705T135649Z,4940,0.9389292606,1.0000000000,0.9122925691,1.0000000000,0.7293589744,0.9265946751
2026-07-05T13:56:59Z,20260705T135649Z,4941,0.7107144013,1.0000000000,0.8837460476,0.5000000000,0.8587179487,0.7832355022
2026-07-05T13:56:59Z,20260705T135649Z,4942,0.8308156933,1.0000000000,0.8645991675,0.6666666667,0.7374358974,0.8245724748
2026-07-05T13:56:59Z,20260705T135649Z,4943,1.0000000000,1.0000000000,0.8656138103,1.0000000000,0.6956410256,0.9274689159
2026-07-05T13:56:59Z,20260705T135649Z,4944,0.7295870522,1.0000000000,0.9066127506,0.5000000000,0.8024358974,0.7840846978
2026-07-05T13:56:59Z,20260705T135649Z,4945,0.7011185094,1.0000000000,0.9032887910,0.2500000000,0.7558974359,0.7193220009
2026-07-05T13:56:59Z,20260705T135649Z,4946,0.6959132760,1.0000000000,0.9208331517,0.2000000000,0.7453846154,0.7099526416
2026-07-05T13:56:59Z,20260705T135649Z,4947,0.7677204728,1.0000000000,0.9437500873,0.6000000000,0.7388461538,0.8115070587
2026-07-05T13:56:59Z,20260705T135649Z,4948,0.7309729266,1.0000000000,0.9355157590,0.5000000000,0.7056410256,0.7756925373
2026-07-05T13:56:59Z,20260705T135649Z,4949,0.5796768414,1.0000000000,0.8507523892,0.2000000000,0.8757692308,0.6864350728
2026-07-05T13:56:59Z,20260705T135649Z,4950,0.6251540513,1.0000000000,0.8574144267,0.2500000000,0.7958974359,0.6971560135
2026-07-05T13:56:59Z,20260705T135649Z,4951,1.0000000000,1.0000000000,0.9999999905,1.0000000000,0.8894871795,0.9834230750
2026-07-05T13:56:59Z,20260705T135649Z,4952,0.7677204728,1.0000000000,0.9295534250,0.5000000000,0.8069230769,0.7988792647
2026-07-05T13:56:59Z,20260705T135649Z,4953,0.7677204728,1.0000000000,0.9665245833,0.5000000000,0.8558974359,0.8136196502
2026-07-05T13:56:59Z,20260705T135649Z,4954,0.7525263750,1.0000000000,0.9471067961,0.5000000000,0.7547435897,0.7907644914
2026-07-05T13:56:59Z,20260705T135649Z,4955,0.6009334931,1.0000000000,0.7855486050,0.2000000000,0.7992307692,0.6672277097
2026-07-05T13:56:59Z,20260705T135649Z,4956,0.6666666667,1.0000000000,0.7678549546,0.3333333333,0.6375641026,0.6825389396
2026-07-05T13:56:59Z,20260705T135649Z,4957,0.7778850527,1.0000000000,0.8725915946,0.6666666667,0.7505128205,0.8148998385
2026-07-05T13:56:59Z,20260705T135649Z,4958,0.8308156933,1.0000000000,0.9118951572,0.6666666667,0.7771794872,0.8399932112
2026-07-05T13:56:59Z,20260705T135649Z,4959,0.7295870522,1.0000000000,0.8543815259,0.5000000000,0.7925641026,0.7721576836
2026-07-05T13:56:59Z,20260705T135649Z,4960,0.7048492880,1.0000000000,0.9127505765,0.6000000000,0.8456410256,0.8056085911
2026-07-05T13:56:59Z,20260705T135649Z,4961,0.8202606934,1.0000000000,0.9474327708,0.7500000000,0.8043589744,0.8652055737
2026-07-05T13:56:59Z,20260705T135649Z,4962,0.7107144013,1.0000000000,0.8002247874,0.5000000000,0.8087179487,0.7590312501
2026-07-05T13:56:59Z,20260705T135649Z,4963,0.7221149473,1.0000000000,0.7776398117,0.3333333333,0.7839743590,0.7203195197
2026-07-05T13:56:59Z,20260705T135649Z,4964,0.9999999953,1.0000000000,1.0000000000,1.0000000000,0.8221794872,0.9733269219
2026-07-05T13:56:59Z,20260705T135649Z,4965,0.9999999953,1.0000000000,1.0000000000,1.0000000000,0.7257692308,0.9588653834
2026-07-05T13:56:59Z,20260705T135649Z,4966,0.7677204728,1.0000000000,0.9665245833,0.5000000000,0.8052564103,0.8060234964
2026-07-05T13:56:59Z,20260705T135649Z,4967,0.6666666667,1.0000000000,0.9526695251,0.3333333333,0.5652564103,0.7086556999
2026-07-05T13:56:59Z,20260705T135649Z,4968,0.7677204728,1.0000000000,0.9665245833,0.5000000000,0.6537179487,0.7832927272
2026-07-05T13:56:59Z,20260705T135649Z,4969,0.7677204728,1.0000000000,0.9665245833,0.5000000000,0.8135897436,0.8072734964
2026-07-05T13:56:59Z,20260705T135649Z,4970,0.7677204728,1.0000000000,0.9665245833,0.5000000000,0.7956410256,0.8045811887
2026-07-05T13:56:59Z,20260705T135649Z,4971,0.7011185094,1.0000000000,0.9032887910,0.2500000000,0.6987179487,0.7107450779
2026-07-05T13:56:59Z,20260705T135649Z,4972,0.6626838260,1.0000000000,0.8982235546,0.4000000000,0.5688461538,0.7106425905
2026-07-05T13:56:59Z,20260705T135649Z,4973,0.8258679853,1.0000000000,0.8733772377,0.6000000000,0.8120512821,0.8229501362
2026-07-05T13:56:59Z,20260705T135649Z,4974,0.8695053551,1.0000000000,0.9265803561,0.8000000000,0.7998717949,0.8826731792
2026-07-05T13:56:59Z,20260705T135649Z,4975,0.7372806574,1.0000000000,0.8982035816,0.6000000000,0.7810256410,0.8011147268
2026-07-05T13:56:59Z,20260705T135649Z,4976,0.7372806574,1.0000000000,0.9075809731,0.6000000000,0.8285897436,0.8101248205
2026-07-05T13:56:59Z,20260705T135649Z,4977,0.7295870522,1.0000000000,0.9115516734,0.5000000000,0.8069230769,0.7857455593
2026-07-05T13:56:59Z,20260705T135649Z,4978,0.6009334931,1.0000000000,0.9272334413,0.2000000000,0.8053846154,0.6964877538
2026-07-05T13:56:59Z,20260705T135649Z,4979,0.8225951886,1.0000000000,0.9626090465,0.7500000000,0.6566666667,0.8466706065
2026-07-05T13:56:59Z,20260705T135649Z,4980,0.5800528066,1.0000000000,0.6248582784,0.2000000000,0.6566666667,0.6084848573
2026-07-05T13:56:59Z,20260705T135649Z,4981,1.0000000000,1.0000000000,0.7984096004,1.0000000000,0.8221794872,0.9330088432
2026-07-05T13:56:59Z,20260705T135649Z,4982,0.8308156933,1.0000000000,0.8614710364,0.6666666667,0.7371794872,0.8239083870
2026-07-05T13:56:59Z,20260705T135649Z,4983,1.0000000000,1.0000000000,0.9222756411,1.0000000000,0.7737179487,0.9505128205
2026-07-05T13:56:59Z,20260705T135649Z,4984,0.6186566985,1.0000000000,0.4286629272,0.3333333333,0.7589743590,0.6209095806
2026-07-05T13:56:59Z,20260705T135649Z,4985,0.7796750095,1.0000000000,0.6710343338,0.5000000000,0.7066666667,0.7351256191
2026-07-05T13:56:59Z,20260705T135649Z,4986,0.7002216302,1.0000000000,0.7274040254,0.2500000000,0.7671794872,0.6856131357
2026-07-05T13:56:59Z,20260705T135649Z,4987,0.7677204728,1.0000000000,0.8888002244,0.5000000000,0.7307692308,0.7793055477
2026-07-05T13:56:59Z,20260705T135649Z,4988,0.8048689313,1.0000000000,0.9163663756,0.6666666667,0.7138461538,0.8249007644
2026-07-05T13:56:59Z,20260705T135649Z,4989,0.8048689313,1.0000000000,0.8269519658,0.6666666667,0.6232051282,0.7934217286
2026-07-05T13:56:59Z,20260705T135649Z,4990,1.0000000000,1.0000000000,0.9511254961,1.0000000000,0.6720512821,0.9410327915
2026-07-05T13:56:59Z,20260705T135649Z,4991,0.6257641301,1.0000000000,0.8364016295,0.2500000000,0.7814102564,0.6909328969
2026-07-05T13:56:59Z,20260705T135649Z,4992,0.6972020364,1.0000000000,0.7828873003,0.5000000000,0.7974358974,0.7504933538
2026-07-05T13:56:59Z,20260705T135649Z,4993,1.0000000000,1.0000000000,0.9157993400,1.0000000000,0.7278205128,0.9423329449
2026-07-05T13:56:59Z,20260705T135649Z,4994,1.0000000000,1.0000000000,0.8462916796,1.0000000000,0.6820512821,0.9215660282
2026-07-05T13:56:59Z,20260705T135649Z,4995,0.8003084866,1.0000000000,0.7925490109,0.7500000000,0.7455128205,0.8204138469
2026-07-05T13:56:59Z,20260705T135649Z,4996,0.9514110373,1.0000000000,0.9413113061,1.0000000000,0.7810256410,0.9432688667
2026-07-05T13:56:59Z,20260705T135649Z,4997,0.7708807339,1.0000000000,0.9413736858,0.6000000000,0.8911538462,0.8346679976
