cand_id,stratum,policy,hit,fa
0,cross/offaxis/l0.05,always_multiD,1,1
0,cross/offaxis/l0.05,union4_bonf,1,0
0,cross/offaxis/l0.05,dci_v3,1,0
0,cross/offaxis/l0.05,dci_v3_a8,1,0
0,cross/offaxis/l0.05,best_axis_oracle,1,0
0,cross/offaxis/l0.05,every_k2,1,0
0,cross/offaxis/l0.05,adwin,0,0
0,cross/offaxis/l0.05,mcusum,0,0
0,cross/offaxis/l0.05,sketch1,0,1
1,cross/offaxis/l0.1,always_multiD,1,1
1,cross/offaxis/l0.1,union4_bonf,1,0
1,cross/offaxis/l0.1,dci_v3,1,0
1,cross/offaxis/l0.1,dci_v3_a8,1,0
1,cross/offaxis/l0.1,best_axis_oracle,1,0
1,cross/offaxis/l0.1,every_k2,1,0
1,cross/offaxis/l0.1,adwin,0,0
1,cross/offaxis/l0.1,mcusum,0,0
1,cross/offaxis/l0.1,sketch1,0,1
2,cross/offaxis/l0.2,always_multiD,1,0
2,cross/offaxis/l0.2,union4_bonf,1,4
2,cross/offaxis/l0.2,dci_v3,1,4
2,cross/offaxis/l0.2,dci_v3_a8,1,3
2,cross/offaxis/l0.2,best_axis_oracle,1,3
2,cross/offaxis/l0.2,every_k2,1,0
2,cross/offaxis/l0.2,adwin,0,0
2,cross/offaxis/l0.2,mcusum,1,0
2,cross/offaxis/l0.2,sketch1,1,0
3,cross/offaxis/l0.4,always_multiD,1,11
3,cross/offaxis/l0.4,union4_bonf,1,11
3,cross/offaxis/l0.4,dci_v3,1,11
3,cross/offaxis/l0.4,dci_v3_a8,1,11
3,cross/offaxis/l0.4,best_axis_oracle,1,11
3,cross/offaxis/l0.4,every_k2,1,5
3,cross/offaxis/l0.4,adwin,0,0
3,cross/offaxis/l0.4,mcusum,1,1
3,cross/offaxis/l0.4,sketch1,1,0
4,cross/offaxis/l1,always_multiD,1,11
4,cross/offaxis/l1,union4_bonf,1,11
4,cross/offaxis/l1,dci_v3,1,11
4,cross/offaxis/l1,dci_v3_a8,1,11
4,cross/offaxis/l1,best_axis_oracle,1,11
4,cross/offaxis/l1,every_k2,0,6
4,cross/offaxis/l1,adwin,0,0
4,cross/offaxis/l1,mcusum,1,11
4,cross/offaxis/l1,sketch1,1,11
5,cross/offaxis/l0.05,always_multiD,1,17
5,cross/offaxis/l0.05,union4_bonf,1,14
5,cross/offaxis/l0.05,dci_v3,1,15
5,cross/offaxis/l0.05,dci_v3_a8,1,15
5,cross/offaxis/l0.05,best_axis_oracle,1,11
5,cross/offaxis/l0.05,every_k2,1,8
5,cross/offaxis/l0.05,adwin,0,0
5,cross/offaxis/l0.05,mcusum,1,2
5,cross/offaxis/l0.05,sketch1,1,13
6,cross/offaxis/l0.1,always_multiD,1,18
6,cross/offaxis/l0.1,union4_bonf,1,14
6,cross/offaxis/l0.1,dci_v3,1,16
6,cross/offaxis/l0.1,dci_v3_a8,1,16
6,cross/offaxis/l0.1,best_axis_oracle,1,11
6,cross/offaxis/l0.1,every_k2,1,8
6,cross/offaxis/l0.1,adwin,0,0
6,cross/offaxis/l0.1,mcusum,1,2
6,cross/offaxis/l0.1,sketch1,1,13
7,cross/offaxis/l0.2,always_multiD,1,18
7,cross/offaxis/l0.2,union4_bonf,1,14
7,cross/offaxis/l0.2,dci_v3,1,16
7,cross/offaxis/l0.2,dci_v3_a8,1,16
7,cross/offaxis/l0.2,best_axis_oracle,1,11
7,cross/offaxis/l0.2,every_k2,0,10
7,cross/offaxis/l0.2,adwin,0,0
7,cross/offaxis/l0.2,mcusum,0,3
7,cross/offaxis/l0.2,sketch1,1,13
8,cross/offaxis/l0.4,always_multiD,1,18
8,cross/offaxis/l0.4,union4_bonf,1,14
8,cross/offaxis/l0.4,dci_v3,1,16
8,cross/offaxis/l0.4,dci_v3_a8,1,16
8,cross/offaxis/l0.4,best_axis_oracle,1,11
8,cross/offaxis/l0.4,every_k2,0,10
8,cross/offaxis/l0.4,adwin,0,0
8,cross/offaxis/l0.4,mcusum,0,4
8,cross/offaxis/l0.4,sketch1,1,12
9,cross/offaxis/l1,always_multiD,1,18
9,cross/offaxis/l1,union4_bonf,1,14
9,cross/offaxis/l1,dci_v3,1,16
9,cross/offaxis/l1,dci_v3_a8,1,17
9,cross/offaxis/l1,best_axis_oracle,1,3
9,cross/offaxis/l1,every_k2,0,10
9,cross/offaxis/l1,adwin,0,0
9,cross/offaxis/l1,mcusum,1,3
9,cross/offaxis/l1,sketch1,0,15
10,cross/offaxis/l0.05,always_multiD,1,18
10,cross/offaxis/l0.05,union4_bonf,1,14
10,cross/offaxis/l0.05,dci_v3,1,16
10,cross/offaxis/l0.05,dci_v3_a8,1,16
10,cross/offaxis/l0.05,best_axis_oracle,1,7
10,cross/offaxis/l0.05,every_k2,1,8
10,cross/offaxis/l0.05,adwin,0,0
10,cross/offaxis/l0.05,mcusum,1,3
10,cross/offaxis/l0.05,sketch1,1,14
11,cross/offaxis/l0.1,always_multiD,1,18
11,cross/offaxis/l0.1,union4_bonf,1,14
11,cross/offaxis/l0.1,dci_v3,1,16
11,cross/offaxis/l0.1,dci_v3_a8,1,16
11,cross/offaxis/l0.1,best_axis_oracle,1,3
11,cross/offaxis/l0.1,every_k2,0,10
11,cross/offaxis/l0.1,adwin,0,0
11,cross/offaxis/l0.1,mcusum,1,4
11,cross/offaxis/l0.1,sketch1,1,14
12,cross/offaxis/l0.2,always_multiD,1,18
12,cross/offaxis/l0.2,union4_bonf,1,14
12,cross/offaxis/l0.2,dci_v3,1,16
12,cross/offaxis/l0.2,dci_v3_a8,1,16
12,cross/offaxis/l0.2,best_axis_oracle,1,11
12,cross/offaxis/l0.2,every_k2,1,8
12,cross/offaxis/l0.2,adwin,0,0
12,cross/offaxis/l0.2,mcusum,1,3
12,cross/offaxis/l0.2,sketch1,1,14
13,cross/offaxis/l0.4,always_multiD,1,18
13,cross/offaxis/l0.4,union4_bonf,1,14
13,cross/offaxis/l0.4,dci_v3,1,16
13,cross/offaxis/l0.4,dci_v3_a8,1,16
13,cross/offaxis/l0.4,best_axis_oracle,1,11
13,cross/offaxis/l0.4,every_k2,0,10
13,cross/offaxis/l0.4,adwin,0,0
13,cross/offaxis/l0.4,mcusum,0,5
13,cross/offaxis/l0.4,sketch1,1,14
14,cross/offaxis/l1,always_multiD,1,18
14,cross/offaxis/l1,union4_bonf,1,14
14,cross/offaxis/l1,dci_v3,1,16
14,cross/offaxis/l1,dci_v3_a8,1,16
14,cross/offaxis/l1,best_axis_oracle,1,9
14,cross/offaxis/l1,every_k2,1,8
14,cross/offaxis/l1,adwin,0,0
14,cross/offaxis/l1,mcusum,1,8
14,cross/offaxis/l1,sketch1,0,6
15,cross/offaxis/l0.05,always_multiD,1,15
15,cross/offaxis/l0.05,union4_bonf,0,10
15,cross/offaxis/l0.05,dci_v3,1,13
15,cross/offaxis/l0.05,dci_v3_a8,1,14
15,cross/offaxis/l0.05,best_axis_oracle,0,0
15,cross/offaxis/l0.05,every_k2,1,6
15,cross/offaxis/l0.05,adwin,0,0
15,cross/offaxis/l0.05,mcusum,0,2
15,cross/offaxis/l0.05,sketch1,1,7
16,cross/offaxis/l0.1,always_multiD,1,13
16,cross/offaxis/l0.1,union4_bonf,0,7
16,cross/offaxis/l0.1,dci_v3,1,11
16,cross/offaxis/l0.1,dci_v3_a8,1,11
16,cross/offaxis/l0.1,best_axis_oracle,0,0
16,cross/offaxis/l0.1,every_k2,0,7
16,cross/offaxis/l0.1,adwin,0,0
16,cross/offaxis/l0.1,mcusum,0,2
16,cross/offaxis/l0.1,sketch1,1,7
17,cross/offaxis/l0.2,always_multiD,0,15
17,cross/offaxis/l0.2,union4_bonf,0,11
17,cross/offaxis/l0.2,dci_v3,0,13
17,cross/offaxis/l0.2,dci_v3_a8,0,13
17,cross/offaxis/l0.2,best_axis_oracle,0,0
17,cross/offaxis/l0.2,every_k2,0,6
17,cross/offaxis/l0.2,adwin,0,0
17,cross/offaxis/l0.2,mcusum,0,3
17,cross/offaxis/l0.2,sketch1,0,10
18,cross/offaxis/l0.4,always_multiD,1,18
18,cross/offaxis/l0.4,union4_bonf,1,10
18,cross/offaxis/l0.4,dci_v3,1,16
18,cross/offaxis/l0.4,dci_v3_a8,1,16
18,cross/offaxis/l0.4,best_axis_oracle,1,9
18,cross/offaxis/l0.4,every_k2,0,10
18,cross/offaxis/l0.4,adwin,0,0
18,cross/offaxis/l0.4,mcusum,0,3
18,cross/offaxis/l0.4,sketch1,0,12
19,cross/offaxis/l1,always_multiD,1,18
19,cross/offaxis/l1,union4_bonf,1,14
19,cross/offaxis/l1,dci_v3,1,16
19,cross/offaxis/l1,dci_v3_a8,1,16
19,cross/offaxis/l1,best_axis_oracle,1,10
19,cross/offaxis/l1,every_k2,0,10
19,cross/offaxis/l1,adwin,0,0
19,cross/offaxis/l1,mcusum,1,6
19,cross/offaxis/l1,sketch1,0,15
20,cross/offaxis/l0.05,always_multiD,1,18
20,cross/offaxis/l0.05,union4_bonf,1,14
20,cross/offaxis/l0.05,dci_v3,1,16
20,cross/offaxis/l0.05,dci_v3_a8,1,16
20,cross/offaxis/l0.05,best_axis_oracle,1,11
20,cross/offaxis/l0.05,every_k2,1,8
20,cross/offaxis/l0.05,adwin,0,0
20,cross/offaxis/l0.05,mcusum,1,3
20,cross/offaxis/l0.05,sketch1,1,14
21,cross/offaxis/l0.1,always_multiD,1,18
21,cross/offaxis/l0.1,union4_bonf,1,14
21,cross/offaxis/l0.1,dci_v3,1,16
21,cross/offaxis/l0.1,dci_v3_a8,1,16
21,cross/offaxis/l0.1,best_axis_oracle,1,11
21,cross/offaxis/l0.1,every_k2,1,8
21,cross/offaxis/l0.1,adwin,0,0
21,cross/offaxis/l0.1,mcusum,1,4
21,cross/offaxis/l0.1,sketch1,1,15
22,cross/offaxis/l0.2,always_multiD,1,18
22,cross/offaxis/l0.2,union4_bonf,1,14
22,cross/offaxis/l0.2,dci_v3,1,16
22,cross/offaxis/l0.2,dci_v3_a8,1,16
22,cross/offaxis/l0.2,best_axis_oracle,1,11
22,cross/offaxis/l0.2,every_k2,1,8
22,cross/offaxis/l0.2,adwin,0,0
22,cross/offaxis/l0.2,mcusum,0,4
22,cross/offaxis/l0.2,sketch1,1,15
23,cross/offaxis/l0.4,always_multiD,1,18
23,cross/offaxis/l0.4,union4_bonf,1,14
23,cross/offaxis/l0.4,dci_v3,1,16
23,cross/offaxis/l0.4,dci_v3_a8,1,16
23,cross/offaxis/l0.4,best_axis_oracle,1,11
23,cross/offaxis/l0.4,every_k2,0,10
23,cross/offaxis/l0.4,adwin,0,0
23,cross/offaxis/l0.4,mcusum,1,3
23,cross/offaxis/l0.4,sketch1,1,15
24,cross/offaxis/l1,always_multiD,1,18
24,cross/offaxis/l1,union4_bonf,1,14
24,cross/offaxis/l1,dci_v3,1,16
24,cross/offaxis/l1,dci_v3_a8,1,16
24,cross/offaxis/l1,best_axis_oracle,1,11
24,cross/offaxis/l1,every_k2,1,8
24,cross/offaxis/l1,adwin,0,0
24,cross/offaxis/l1,mcusum,1,3
24,cross/offaxis/l1,sketch1,0,15
25,cross/offaxis/l0.05,always_multiD,0,2
25,cross/offaxis/l0.05,union4_bonf,0,2
25,cross/offaxis/l0.05,dci_v3,0,2
25,cross/offaxis/l0.05,dci_v3_a8,0,2
25,cross/offaxis/l0.05,best_axis_oracle,0,0
25,cross/offaxis/l0.05,every_k2,0,0
25,cross/offaxis/l0.05,adwin,0,0
25,cross/offaxis/l0.05,mcusum,0,0
25,cross/offaxis/l0.05,sketch1,0,1
26,cross/offaxis/l0.1,always_multiD,0,1
26,cross/offaxis/l0.1,union4_bonf,0,2
26,cross/offaxis/l0.1,dci_v3,0,2
26,cross/offaxis/l0.1,dci_v3_a8,0,2
26,cross/offaxis/l0.1,best_axis_oracle,0,0
26,cross/offaxis/l0.1,every_k2,0,1
26,cross/offaxis/l0.1,adwin,0,0
26,cross/offaxis/l0.1,mcusum,0,0
26,cross/offaxis/l0.1,sketch1,0,1
27,cross/offaxis/l0.2,always_multiD,0,1
27,cross/offaxis/l0.2,union4_bonf,0,2
27,cross/offaxis/l0.2,dci_v3,0,2
27,cross/offaxis/l0.2,dci_v3_a8,0,2
27,cross/offaxis/l0.2,best_axis_oracle,0,0
27,cross/offaxis/l0.2,every_k2,0,1
27,cross/offaxis/l0.2,adwin,0,0
27,cross/offaxis/l0.2,mcusum,0,0
27,cross/offaxis/l0.2,sketch1,0,3
28,cross/offaxis/l0.4,always_multiD,0,2
28,cross/offaxis/l0.4,union4_bonf,0,1
28,cross/offaxis/l0.4,dci_v3,0,1
28,cross/offaxis/l0.4,dci_v3_a8,0,1
28,cross/offaxis/l0.4,best_axis_oracle,0,0
28,cross/offaxis/l0.4,every_k2,0,1
28,cross/offaxis/l0.4,adwin,0,0
28,cross/offaxis/l0.4,mcusum,0,0
28,cross/offaxis/l0.4,sketch1,0,7
29,cross/offaxis/l1,always_multiD,1,12
29,cross/offaxis/l1,union4_bonf,1,11
29,cross/offaxis/l1,dci_v3,1,12
29,cross/offaxis/l1,dci_v3_a8,1,12
29,cross/offaxis/l1,best_axis_oracle,1,0
29,cross/offaxis/l1,every_k2,1,5
29,cross/offaxis/l1,adwin,0,0
29,cross/offaxis/l1,mcusum,0,1
29,cross/offaxis/l1,sketch1,0,12
30,cross/offaxis/l0.05,always_multiD,0,2
30,cross/offaxis/l0.05,union4_bonf,0,2
30,cross/offaxis/l0.05,dci_v3,0,2
30,cross/offaxis/l0.05,dci_v3_a8,0,2
30,cross/offaxis/l0.05,best_axis_oracle,0,0
30,cross/offaxis/l0.05,every_k2,0,0
30,cross/offaxis/l0.05,adwin,0,0
30,cross/offaxis/l0.05,mcusum,0,0
30,cross/offaxis/l0.05,sketch1,0,1
31,cross/offaxis/l0.1,always_multiD,0,2
31,cross/offaxis/l0.1,union4_bonf,0,2
31,cross/offaxis/l0.1,dci_v3,0,2
31,cross/offaxis/l0.1,dci_v3_a8,0,2
31,cross/offaxis/l0.1,best_axis_oracle,0,0
31,cross/offaxis/l0.1,every_k2,0,2
31,cross/offaxis/l0.1,adwin,0,0
31,cross/offaxis/l0.1,mcusum,0,0
31,cross/offaxis/l0.1,sketch1,0,1
32,cross/offaxis/l0.2,always_multiD,0,1
32,cross/offaxis/l0.2,union4_bonf,0,1
32,cross/offaxis/l0.2,dci_v3,0,1
32,cross/offaxis/l0.2,dci_v3_a8,0,1
32,cross/offaxis/l0.2,best_axis_oracle,0,0
32,cross/offaxis/l0.2,every_k2,0,1
32,cross/offaxis/l0.2,adwin,0,0
32,cross/offaxis/l0.2,mcusum,0,0
32,cross/offaxis/l0.2,sketch1,0,1
33,cross/offaxis/l0.4,always_multiD,1,1
33,cross/offaxis/l0.4,union4_bonf,0,1
33,cross/offaxis/l0.4,dci_v3,0,1
33,cross/offaxis/l0.4,dci_v3_a8,0,1
33,cross/offaxis/l0.4,best_axis_oracle,1,0
33,cross/offaxis/l0.4,every_k2,1,0
33,cross/offaxis/l0.4,adwin,0,0
33,cross/offaxis/l0.4,mcusum,0,0
33,cross/offaxis/l0.4,sketch1,0,1
34,cross/offaxis/l1,always_multiD,1,3
34,cross/offaxis/l1,union4_bonf,1,4
34,cross/offaxis/l1,dci_v3,1,4
34,cross/offaxis/l1,dci_v3_a8,1,4
34,cross/offaxis/l1,best_axis_oracle,1,2
34,cross/offaxis/l1,every_k2,0,2
34,cross/offaxis/l1,adwin,0,0
34,cross/offaxis/l1,mcusum,0,0
34,cross/offaxis/l1,sketch1,0,4
35,cross/offaxis/l0.05,always_multiD,0,2
35,cross/offaxis/l0.05,union4_bonf,0,2
35,cross/offaxis/l0.05,dci_v3,0,2
35,cross/offaxis/l0.05,dci_v3_a8,0,2
35,cross/offaxis/l0.05,best_axis_oracle,0,0
35,cross/offaxis/l0.05,every_k2,0,2
35,cross/offaxis/l0.05,adwin,0,0
35,cross/offaxis/l0.05,mcusum,0,0
35,cross/offaxis/l0.05,sketch1,0,1
36,cross/offaxis/l0.1,always_multiD,0,2
36,cross/offaxis/l0.1,union4_bonf,0,2
36,cross/offaxis/l0.1,dci_v3,0,2
36,cross/offaxis/l0.1,dci_v3_a8,0,2
36,cross/offaxis/l0.1,best_axis_oracle,0,0
36,cross/offaxis/l0.1,every_k2,0,2
36,cross/offaxis/l0.1,adwin,0,0
36,cross/offaxis/l0.1,mcusum,0,0
36,cross/offaxis/l0.1,sketch1,0,1
37,cross/offaxis/l0.2,always_multiD,0,2
37,cross/offaxis/l0.2,union4_bonf,0,2
37,cross/offaxis/l0.2,dci_v3,0,2
37,cross/offaxis/l0.2,dci_v3_a8,0,2
37,cross/offaxis/l0.2,best_axis_oracle,0,0
37,cross/offaxis/l0.2,every_k2,0,0
37,cross/offaxis/l0.2,adwin,0,0
37,cross/offaxis/l0.2,mcusum,0,0
37,cross/offaxis/l0.2,sketch1,0,1
38,cross/offaxis/l0.4,always_multiD,0,3
38,cross/offaxis/l0.4,union4_bonf,0,2
38,cross/offaxis/l0.4,dci_v3,0,2
38,cross/offaxis/l0.4,dci_v3_a8,0,2
38,cross/offaxis/l0.4,best_axis_oracle,0,0
38,cross/offaxis/l0.4,every_k2,0,2
38,cross/offaxis/l0.4,adwin,0,0
38,cross/offaxis/l0.4,mcusum,0,0
38,cross/offaxis/l0.4,sketch1,0,1
39,cross/offaxis/l1,always_multiD,1,12
39,cross/offaxis/l1,union4_bonf,1,7
39,cross/offaxis/l1,dci_v3,1,10
39,cross/offaxis/l1,dci_v3_a8,1,10
39,cross/offaxis/l1,best_axis_oracle,1,8
39,cross/offaxis/l1,every_k2,0,7
39,cross/offaxis/l1,adwin,0,0
39,cross/offaxis/l1,mcusum,0,2
39,cross/offaxis/l1,sketch1,0,2
40,cross/offaxis/l0.05,always_multiD,0,2
40,cross/offaxis/l0.05,union4_bonf,0,2
40,cross/offaxis/l0.05,dci_v3,0,2
40,cross/offaxis/l0.05,dci_v3_a8,0,2
40,cross/offaxis/l0.05,best_axis_oracle,0,0
40,cross/offaxis/l0.05,every_k2,0,0
40,cross/offaxis/l0.05,adwin,0,0
40,cross/offaxis/l0.05,mcusum,0,0
40,cross/offaxis/l0.05,sketch1,0,1
41,cross/offaxis/l0.1,always_multiD,0,2
41,cross/offaxis/l0.1,union4_bonf,0,2
41,cross/offaxis/l0.1,dci_v3,0,2
41,cross/offaxis/l0.1,dci_v3_a8,0,2
41,cross/offaxis/l0.1,best_axis_oracle,0,0
41,cross/offaxis/l0.1,every_k2,0,2
41,cross/offaxis/l0.1,adwin,0,0
41,cross/offaxis/l0.1,mcusum,0,0
41,cross/offaxis/l0.1,sketch1,0,1
42,cross/offaxis/l0.2,always_multiD,0,3
42,cross/offaxis/l0.2,union4_bonf,0,1
42,cross/offaxis/l0.2,dci_v3,0,1
42,cross/offaxis/l0.2,dci_v3_a8,0,1
42,cross/offaxis/l0.2,best_axis_oracle,0,0
42,cross/offaxis/l0.2,every_k2,0,2
42,cross/offaxis/l0.2,adwin,0,0
42,cross/offaxis/l0.2,mcusum,0,0
42,cross/offaxis/l0.2,sketch1,0,1
43,cross/offaxis/l0.4,always_multiD,1,2
43,cross/offaxis/l0.4,union4_bonf,0,1
43,cross/offaxis/l0.4,dci_v3,0,1
43,cross/offaxis/l0.4,dci_v3_a8,0,1
43,cross/offaxis/l0.4,best_axis_oracle,1,0
43,cross/offaxis/l0.4,every_k2,0,1
43,cross/offaxis/l0.4,adwin,0,0
43,cross/offaxis/l0.4,mcusum,0,0
43,cross/offaxis/l0.4,sketch1,0,1
44,cross/offaxis/l1,always_multiD,1,5
44,cross/offaxis/l1,union4_bonf,1,2
44,cross/offaxis/l1,dci_v3,1,3
44,cross/offaxis/l1,dci_v3_a8,1,4
44,cross/offaxis/l1,best_axis_oracle,1,0
44,cross/offaxis/l1,every_k2,0,3
44,cross/offaxis/l1,adwin,0,0
44,cross/offaxis/l1,mcusum,0,1
44,cross/offaxis/l1,sketch1,0,3
45,cross/offaxis/l0.05,always_multiD,0,2
45,cross/offaxis/l0.05,union4_bonf,0,2
45,cross/offaxis/l0.05,dci_v3,0,2
45,cross/offaxis/l0.05,dci_v3_a8,0,2
45,cross/offaxis/l0.05,best_axis_oracle,0,0
45,cross/offaxis/l0.05,every_k2,0,0
45,cross/offaxis/l0.05,adwin,0,0
45,cross/offaxis/l0.05,mcusum,0,0
45,cross/offaxis/l0.05,sketch1,0,1
46,cross/offaxis/l0.1,always_multiD,0,2
46,cross/offaxis/l0.1,union4_bonf,0,2
46,cross/offaxis/l0.1,dci_v3,0,2
46,cross/offaxis/l0.1,dci_v3_a8,0,2
46,cross/offaxis/l0.1,best_axis_oracle,0,0
46,cross/offaxis/l0.1,every_k2,0,0
46,cross/offaxis/l0.1,adwin,0,0
46,cross/offaxis/l0.1,mcusum,0,0
46,cross/offaxis/l0.1,sketch1,0,1
47,cross/offaxis/l0.2,always_multiD,0,2
47,cross/offaxis/l0.2,union4_bonf,0,1
47,cross/offaxis/l0.2,dci_v3,0,1
47,cross/offaxis/l0.2,dci_v3_a8,0,2
47,cross/offaxis/l0.2,best_axis_oracle,0,0
47,cross/offaxis/l0.2,every_k2,0,0
47,cross/offaxis/l0.2,adwin,0,0
47,cross/offaxis/l0.2,mcusum,0,0
47,cross/offaxis/l0.2,sketch1,0,1
48,cross/offaxis/l0.4,always_multiD,1,1
48,cross/offaxis/l0.4,union4_bonf,0,1
48,cross/offaxis/l0.4,dci_v3,0,1
48,cross/offaxis/l0.4,dci_v3_a8,0,1
48,cross/offaxis/l0.4,best_axis_oracle,1,0
48,cross/offaxis/l0.4,every_k2,0,1
48,cross/offaxis/l0.4,adwin,0,0
48,cross/offaxis/l0.4,mcusum,0,0
48,cross/offaxis/l0.4,sketch1,0,1
49,cross/offaxis/l1,always_multiD,1,3
49,cross/offaxis/l1,union4_bonf,1,1
49,cross/offaxis/l1,dci_v3,1,1
49,cross/offaxis/l1,dci_v3_a8,1,2
49,cross/offaxis/l1,best_axis_oracle,1,0
49,cross/offaxis/l1,every_k2,1,1
49,cross/offaxis/l1,adwin,0,0
49,cross/offaxis/l1,mcusum,0,0
49,cross/offaxis/l1,sketch1,0,1
50,cross/offaxis/l0.05,always_multiD,0,3
50,cross/offaxis/l0.05,union4_bonf,0,3
50,cross/offaxis/l0.05,dci_v3,0,3
50,cross/offaxis/l0.05,dci_v3_a8,0,2
50,cross/offaxis/l0.05,best_axis_oracle,0,0
50,cross/offaxis/l0.05,every_k2,0,2
50,cross/offaxis/l0.05,adwin,0,0
50,cross/offaxis/l0.05,mcusum,0,0
50,cross/offaxis/l0.05,sketch1,0,1
51,cross/offaxis/l0.1,always_multiD,0,3
51,cross/offaxis/l0.1,union4_bonf,0,3
51,cross/offaxis/l0.1,dci_v3,0,3
51,cross/offaxis/l0.1,dci_v3_a8,0,3
51,cross/offaxis/l0.1,best_axis_oracle,0,0
51,cross/offaxis/l0.1,every_k2,0,1
51,cross/offaxis/l0.1,adwin,0,0
51,cross/offaxis/l0.1,mcusum,0,0
51,cross/offaxis/l0.1,sketch1,0,1
52,cross/offaxis/l0.2,always_multiD,0,5
52,cross/offaxis/l0.2,union4_bonf,0,2
52,cross/offaxis/l0.2,dci_v3,0,2
52,cross/offaxis/l0.2,dci_v3_a8,0,2
52,cross/offaxis/l0.2,best_axis_oracle,0,0
52,cross/offaxis/l0.2,every_k2,0,2
52,cross/offaxis/l0.2,adwin,0,0
52,cross/offaxis/l0.2,mcusum,0,0
52,cross/offaxis/l0.2,sketch1,0,1
53,cross/offaxis/l0.4,always_multiD,1,4
53,cross/offaxis/l0.4,union4_bonf,0,1
53,cross/offaxis/l0.4,dci_v3,0,1
53,cross/offaxis/l0.4,dci_v3_a8,0,1
53,cross/offaxis/l0.4,best_axis_oracle,0,0
53,cross/offaxis/l0.4,every_k2,1,2
53,cross/offaxis/l0.4,adwin,0,0
53,cross/offaxis/l0.4,mcusum,0,0
53,cross/offaxis/l0.4,sketch1,0,2
54,cross/offaxis/l1,always_multiD,1,11
54,cross/offaxis/l1,union4_bonf,1,10
54,cross/offaxis/l1,dci_v3,1,11
54,cross/offaxis/l1,dci_v3_a8,1,11
54,cross/offaxis/l1,best_axis_oracle,1,0
54,cross/offaxis/l1,every_k2,1,5
54,cross/offaxis/l1,adwin,0,0
54,cross/offaxis/l1,mcusum,0,7
54,cross/offaxis/l1,sketch1,1,8
55,cross/offaxis/l0.05,always_multiD,0,3
55,cross/offaxis/l0.05,union4_bonf,0,3
55,cross/offaxis/l0.05,dci_v3,0,3
55,cross/offaxis/l0.05,dci_v3_a8,0,2
55,cross/offaxis/l0.05,best_axis_oracle,0,0
55,cross/offaxis/l0.05,every_k2,0,1
55,cross/offaxis/l0.05,adwin,0,0
55,cross/offaxis/l0.05,mcusum,0,0
55,cross/offaxis/l0.05,sketch1,0,1
56,cross/offaxis/l0.1,always_multiD,0,3
56,cross/offaxis/l0.1,union4_bonf,0,3
56,cross/offaxis/l0.1,dci_v3,0,3
56,cross/offaxis/l0.1,dci_v3_a8,0,3
56,cross/offaxis/l0.1,best_axis_oracle,0,0
56,cross/offaxis/l0.1,every_k2,0,2
56,cross/offaxis/l0.1,adwin,0,0
56,cross/offaxis/l0.1,mcusum,0,0
56,cross/offaxis/l0.1,sketch1,0,1
57,cross/offaxis/l0.2,always_multiD,0,4
57,cross/offaxis/l0.2,union4_bonf,0,2
57,cross/offaxis/l0.2,dci_v3,0,2
57,cross/offaxis/l0.2,dci_v3_a8,0,3
57,cross/offaxis/l0.2,best_axis_oracle,0,0
57,cross/offaxis/l0.2,every_k2,0,3
57,cross/offaxis/l0.2,adwin,0,0
57,cross/offaxis/l0.2,mcusum,0,0
57,cross/offaxis/l0.2,sketch1,0,1
58,cross/offaxis/l0.4,always_multiD,1,3
58,cross/offaxis/l0.4,union4_bonf,0,2
58,cross/offaxis/l0.4,dci_v3,0,3
58,cross/offaxis/l0.4,dci_v3_a8,0,3
58,cross/offaxis/l0.4,best_axis_oracle,0,0
58,cross/offaxis/l0.4,every_k2,1,1
58,cross/offaxis/l0.4,adwin,0,0
58,cross/offaxis/l0.4,mcusum,0,0
58,cross/offaxis/l0.4,sketch1,0,2
59,cross/offaxis/l1,always_multiD,1,11
59,cross/offaxis/l1,union4_bonf,1,10
59,cross/offaxis/l1,dci_v3,1,11
59,cross/offaxis/l1,dci_v3_a8,1,11
59,cross/offaxis/l1,best_axis_oracle,1,0
59,cross/offaxis/l1,every_k2,0,6
59,cross/offaxis/l1,adwin,0,0
59,cross/offaxis/l1,mcusum,0,5
59,cross/offaxis/l1,sketch1,1,8
60,cross/offaxis/l0.05,always_multiD,0,3
60,cross/offaxis/l0.05,union4_bonf,0,3
60,cross/offaxis/l0.05,dci_v3,0,3
60,cross/offaxis/l0.05,dci_v3_a8,0,4
60,cross/offaxis/l0.05,best_axis_oracle,0,0
60,cross/offaxis/l0.05,every_k2,0,1
60,cross/offaxis/l0.05,adwin,0,0
60,cross/offaxis/l0.05,mcusum,0,0
60,cross/offaxis/l0.05,sketch1,0,1
61,cross/offaxis/l0.1,always_multiD,0,4
61,cross/offaxis/l0.1,union4_bonf,0,3
61,cross/offaxis/l0.1,dci_v3,0,3
61,cross/offaxis/l0.1,dci_v3_a8,0,3
61,cross/offaxis/l0.1,best_axis_oracle,0,0
61,cross/offaxis/l0.1,every_k2,0,3
61,cross/offaxis/l0.1,adwin,0,0
61,cross/offaxis/l0.1,mcusum,0,0
61,cross/offaxis/l0.1,sketch1,0,2
62,cross/offaxis/l0.2,always_multiD,0,3
62,cross/offaxis/l0.2,union4_bonf,0,1
62,cross/offaxis/l0.2,dci_v3,0,1
62,cross/offaxis/l0.2,dci_v3_a8,0,1
62,cross/offaxis/l0.2,best_axis_oracle,0,0
62,cross/offaxis/l0.2,every_k2,0,0
62,cross/offaxis/l0.2,adwin,0,0
62,cross/offaxis/l0.2,mcusum,0,0
62,cross/offaxis/l0.2,sketch1,0,1
63,cross/offaxis/l0.4,always_multiD,1,4
63,cross/offaxis/l0.4,union4_bonf,0,2
63,cross/offaxis/l0.4,dci_v3,0,3
63,cross/offaxis/l0.4,dci_v3_a8,0,3
63,cross/offaxis/l0.4,best_axis_oracle,0,0
63,cross/offaxis/l0.4,every_k2,1,2
63,cross/offaxis/l0.4,adwin,0,0
63,cross/offaxis/l0.4,mcusum,0,0
63,cross/offaxis/l0.4,sketch1,0,2
64,cross/offaxis/l1,always_multiD,1,11
64,cross/offaxis/l1,union4_bonf,1,11
64,cross/offaxis/l1,dci_v3,1,11
64,cross/offaxis/l1,dci_v3_a8,1,11
64,cross/offaxis/l1,best_axis_oracle,1,0
64,cross/offaxis/l1,every_k2,0,6
64,cross/offaxis/l1,adwin,0,0
64,cross/offaxis/l1,mcusum,0,9
64,cross/offaxis/l1,sketch1,1,11
65,cross/offaxis/l0.05,always_multiD,0,3
65,cross/offaxis/l0.05,union4_bonf,0,3
65,cross/offaxis/l0.05,dci_v3,0,3
65,cross/offaxis/l0.05,dci_v3_a8,0,3
65,cross/offaxis/l0.05,best_axis_oracle,0,0
65,cross/offaxis/l0.05,every_k2,0,2
65,cross/offaxis/l0.05,adwin,0,0
65,cross/offaxis/l0.05,mcusum,0,0
65,cross/offaxis/l0.05,sketch1,0,1
66,cross/offaxis/l0.1,always_multiD,0,3
66,cross/offaxis/l0.1,union4_bonf,0,3
66,cross/offaxis/l0.1,dci_v3,0,3
66,cross/offaxis/l0.1,dci_v3_a8,0,2
66,cross/offaxis/l0.1,best_axis_oracle,0,0
66,cross/offaxis/l0.1,every_k2,0,2
66,cross/offaxis/l0.1,adwin,0,0
66,cross/offaxis/l0.1,mcusum,0,0
66,cross/offaxis/l0.1,sketch1,0,1
67,cross/offaxis/l0.2,always_multiD,0,3
67,cross/offaxis/l0.2,union4_bonf,0,2
67,cross/offaxis/l0.2,dci_v3,0,2
67,cross/offaxis/l0.2,dci_v3_a8,0,2
67,cross/offaxis/l0.2,best_axis_oracle,0,0
67,cross/offaxis/l0.2,every_k2,0,1
67,cross/offaxis/l0.2,adwin,0,0
67,cross/offaxis/l0.2,mcusum,0,0
67,cross/offaxis/l0.2,sketch1,0,0
68,cross/offaxis/l0.4,always_multiD,1,4
68,cross/offaxis/l0.4,union4_bonf,0,2
68,cross/offaxis/l0.4,dci_v3,0,3
68,cross/offaxis/l0.4,dci_v3_a8,1,4
68,cross/offaxis/l0.4,best_axis_oracle,0,0
68,cross/offaxis/l0.4,every_k2,1,2
68,cross/offaxis/l0.4,adwin,0,0
68,cross/offaxis/l0.4,mcusum,0,0
68,cross/offaxis/l0.4,sketch1,0,2
69,cross/offaxis/l1,always_multiD,1,11
69,cross/offaxis/l1,union4_bonf,1,11
69,cross/offaxis/l1,dci_v3,1,11
69,cross/offaxis/l1,dci_v3_a8,1,11
69,cross/offaxis/l1,best_axis_oracle,1,0
69,cross/offaxis/l1,every_k2,0,6
69,cross/offaxis/l1,adwin,0,0
69,cross/offaxis/l1,mcusum,0,8
69,cross/offaxis/l1,sketch1,1,11
70,cross/offaxis/l0.05,always_multiD,0,4
70,cross/offaxis/l0.05,union4_bonf,0,3
70,cross/offaxis/l0.05,dci_v3,0,3
70,cross/offaxis/l0.05,dci_v3_a8,0,4
70,cross/offaxis/l0.05,best_axis_oracle,0,0
70,cross/offaxis/l0.05,every_k2,0,3
70,cross/offaxis/l0.05,adwin,0,0
70,cross/offaxis/l0.05,mcusum,0,0
70,cross/offaxis/l0.05,sketch1,0,1
71,cross/offaxis/l0.1,always_multiD,0,3
71,cross/offaxis/l0.1,union4_bonf,0,3
71,cross/offaxis/l0.1,dci_v3,0,3
71,cross/offaxis/l0.1,dci_v3_a8,0,3
71,cross/offaxis/l0.1,best_axis_oracle,0,0
71,cross/offaxis/l0.1,every_k2,0,1
71,cross/offaxis/l0.1,adwin,0,0
71,cross/offaxis/l0.1,mcusum,0,0
71,cross/offaxis/l0.1,sketch1,0,1
72,cross/offaxis/l0.2,always_multiD,0,5
72,cross/offaxis/l0.2,union4_bonf,0,2
72,cross/offaxis/l0.2,dci_v3,0,2
72,cross/offaxis/l0.2,dci_v3_a8,0,2
72,cross/offaxis/l0.2,best_axis_oracle,0,0
72,cross/offaxis/l0.2,every_k2,0,3
72,cross/offaxis/l0.2,adwin,0,0
72,cross/offaxis/l0.2,mcusum,0,0
72,cross/offaxis/l0.2,sketch1,0,1
73,cross/offaxis/l0.4,always_multiD,1,3
73,cross/offaxis/l0.4,union4_bonf,0,2
73,cross/offaxis/l0.4,dci_v3,0,3
73,cross/offaxis/l0.4,dci_v3_a8,0,3
73,cross/offaxis/l0.4,best_axis_oracle,0,0
73,cross/offaxis/l0.4,every_k2,1,1
73,cross/offaxis/l0.4,adwin,0,0
73,cross/offaxis/l0.4,mcusum,0,0
73,cross/offaxis/l0.4,sketch1,0,2
74,cross/offaxis/l1,always_multiD,1,11
74,cross/offaxis/l1,union4_bonf,1,11
74,cross/offaxis/l1,dci_v3,1,11
74,cross/offaxis/l1,dci_v3_a8,1,11
74,cross/offaxis/l1,best_axis_oracle,1,0
74,cross/offaxis/l1,every_k2,0,6
74,cross/offaxis/l1,adwin,0,0
74,cross/offaxis/l1,mcusum,0,11
74,cross/offaxis/l1,sketch1,1,11
75,cross/offaxis/l0.05,always_multiD,0,3
75,cross/offaxis/l0.05,union4_bonf,0,4
75,cross/offaxis/l0.05,dci_v3,0,4
75,cross/offaxis/l0.05,dci_v3_a8,0,3
75,cross/offaxis/l0.05,best_axis_oracle,0,0
75,cross/offaxis/l0.05,every_k2,0,2
75,cross/offaxis/l0.05,adwin,0,0
75,cross/offaxis/l0.05,mcusum,0,0
75,cross/offaxis/l0.05,sketch1,0,3
76,cross/offaxis/l0.1,always_multiD,0,2
76,cross/offaxis/l0.1,union4_bonf,0,3
76,cross/offaxis/l0.1,dci_v3,0,3
76,cross/offaxis/l0.1,dci_v3_a8,0,4
76,cross/offaxis/l0.1,best_axis_oracle,0,0
76,cross/offaxis/l0.1,every_k2,0,1
76,cross/offaxis/l0.1,adwin,0,0
76,cross/offaxis/l0.1,mcusum,0,0
76,cross/offaxis/l0.1,sketch1,0,1
77,cross/offaxis/l0.2,always_multiD,0,2
77,cross/offaxis/l0.2,union4_bonf,0,2
77,cross/offaxis/l0.2,dci_v3,0,2
77,cross/offaxis/l0.2,dci_v3_a8,0,1
77,cross/offaxis/l0.2,best_axis_oracle,0,0
77,cross/offaxis/l0.2,every_k2,0,1
77,cross/offaxis/l0.2,adwin,0,0
77,cross/offaxis/l0.2,mcusum,0,0
77,cross/offaxis/l0.2,sketch1,0,1
78,cross/offaxis/l0.4,always_multiD,0,2
78,cross/offaxis/l0.4,union4_bonf,0,1
78,cross/offaxis/l0.4,dci_v3,0,1
78,cross/offaxis/l0.4,dci_v3_a8,0,1
78,cross/offaxis/l0.4,best_axis_oracle,0,0
78,cross/offaxis/l0.4,every_k2,0,1
78,cross/offaxis/l0.4,adwin,0,0
78,cross/offaxis/l0.4,mcusum,0,0
78,cross/offaxis/l0.4,sketch1,0,2
79,cross/offaxis/l1,always_multiD,1,10
79,cross/offaxis/l1,union4_bonf,1,0
79,cross/offaxis/l1,dci_v3,1,10
79,cross/offaxis/l1,dci_v3_a8,1,10
79,cross/offaxis/l1,best_axis_oracle,1,0
79,cross/offaxis/l1,every_k2,0,6
79,cross/offaxis/l1,adwin,0,0
79,cross/offaxis/l1,mcusum,0,1
79,cross/offaxis/l1,sketch1,1,0
80,cross/offaxis/l0.05,always_multiD,0,2
80,cross/offaxis/l0.05,union4_bonf,0,3
80,cross/offaxis/l0.05,dci_v3,0,3
80,cross/offaxis/l0.05,dci_v3_a8,0,2
80,cross/offaxis/l0.05,best_axis_oracle,0,0
80,cross/offaxis/l0.05,every_k2,0,1
80,cross/offaxis/l0.05,adwin,0,0
80,cross/offaxis/l0.05,mcusum,0,0
80,cross/offaxis/l0.05,sketch1,0,2
81,cross/offaxis/l0.1,always_multiD,0,2
81,cross/offaxis/l0.1,union4_bonf,0,3
81,cross/offaxis/l0.1,dci_v3,0,3
81,cross/offaxis/l0.1,dci_v3_a8,0,3
81,cross/offaxis/l0.1,best_axis_oracle,0,0
81,cross/offaxis/l0.1,every_k2,0,1
81,cross/offaxis/l0.1,adwin,0,0
81,cross/offaxis/l0.1,mcusum,0,0
81,cross/offaxis/l0.1,sketch1,0,1
82,cross/offaxis/l0.2,always_multiD,0,3
82,cross/offaxis/l0.2,union4_bonf,0,2
82,cross/offaxis/l0.2,dci_v3,0,2
82,cross/offaxis/l0.2,dci_v3_a8,0,2
82,cross/offaxis/l0.2,best_axis_oracle,0,0
82,cross/offaxis/l0.2,every_k2,0,1
82,cross/offaxis/l0.2,adwin,0,0
82,cross/offaxis/l0.2,mcusum,0,0
82,cross/offaxis/l0.2,sketch1,0,1
83,cross/offaxis/l0.4,always_multiD,0,3
83,cross/offaxis/l0.4,union4_bonf,0,1
83,cross/offaxis/l0.4,dci_v3,0,1
83,cross/offaxis/l0.4,dci_v3_a8,0,1
83,cross/offaxis/l0.4,best_axis_oracle,0,0
83,cross/offaxis/l0.4,every_k2,0,2
83,cross/offaxis/l0.4,adwin,0,0
83,cross/offaxis/l0.4,mcusum,0,0
83,cross/offaxis/l0.4,sketch1,0,2
84,cross/offaxis/l1,always_multiD,1,11
84,cross/offaxis/l1,union4_bonf,1,0
84,cross/offaxis/l1,dci_v3,1,11
84,cross/offaxis/l1,dci_v3_a8,1,11
84,cross/offaxis/l1,best_axis_oracle,1,0
84,cross/offaxis/l1,every_k2,0,6
84,cross/offaxis/l1,adwin,0,0
84,cross/offaxis/l1,mcusum,0,1
84,cross/offaxis/l1,sketch1,1,0
85,cross/offaxis/l0.05,always_multiD,0,2
85,cross/offaxis/l0.05,union4_bonf,0,3
85,cross/offaxis/l0.05,dci_v3,0,3
85,cross/offaxis/l0.05,dci_v3_a8,0,4
85,cross/offaxis/l0.05,best_axis_oracle,0,0
85,cross/offaxis/l0.05,every_k2,0,1
85,cross/offaxis/l0.05,adwin,0,0
85,cross/offaxis/l0.05,mcusum,0,0
85,cross/offaxis/l0.05,sketch1,0,1
86,cross/offaxis/l0.1,always_multiD,0,3
86,cross/offaxis/l0.1,union4_bonf,0,3
86,cross/offaxis/l0.1,dci_v3,0,3
86,cross/offaxis/l0.1,dci_v3_a8,0,4
86,cross/offaxis/l0.1,best_axis_oracle,0,0
86,cross/offaxis/l0.1,every_k2,0,2
86,cross/offaxis/l0.1,adwin,0,0
86,cross/offaxis/l0.1,mcusum,0,0
86,cross/offaxis/l0.1,sketch1,0,1
87,cross/offaxis/l0.2,always_multiD,0,2
87,cross/offaxis/l0.2,union4_bonf,0,2
87,cross/offaxis/l0.2,dci_v3,0,2
87,cross/offaxis/l0.2,dci_v3_a8,0,2
87,cross/offaxis/l0.2,best_axis_oracle,0,0
87,cross/offaxis/l0.2,every_k2,0,1
87,cross/offaxis/l0.2,adwin,0,0
87,cross/offaxis/l0.2,mcusum,0,0
87,cross/offaxis/l0.2,sketch1,0,1
88,cross/offaxis/l0.4,always_multiD,0,4
88,cross/offaxis/l0.4,union4_bonf,0,1
88,cross/offaxis/l0.4,dci_v3,0,1
88,cross/offaxis/l0.4,dci_v3_a8,0,3
88,cross/offaxis/l0.4,best_axis_oracle,0,0
88,cross/offaxis/l0.4,every_k2,0,1
88,cross/offaxis/l0.4,adwin,0,0
88,cross/offaxis/l0.4,mcusum,0,0
88,cross/offaxis/l0.4,sketch1,0,3
89,cross/offaxis/l1,always_multiD,1,11
89,cross/offaxis/l1,union4_bonf,1,0
89,cross/offaxis/l1,dci_v3,1,11
89,cross/offaxis/l1,dci_v3_a8,1,11
89,cross/offaxis/l1,best_axis_oracle,1,0
89,cross/offaxis/l1,every_k2,1,5
89,cross/offaxis/l1,adwin,0,0
89,cross/offaxis/l1,mcusum,0,1
89,cross/offaxis/l1,sketch1,1,0
90,cross/offaxis/l0.05,always_multiD,0,3
90,cross/offaxis/l0.05,union4_bonf,0,3
90,cross/offaxis/l0.05,dci_v3,0,3
90,cross/offaxis/l0.05,dci_v3_a8,0,3
90,cross/offaxis/l0.05,best_axis_oracle,0,0
90,cross/offaxis/l0.05,every_k2,0,1
90,cross/offaxis/l0.05,adwin,0,0
90,cross/offaxis/l0.05,mcusum,0,0
90,cross/offaxis/l0.05,sketch1,0,2
91,cross/offaxis/l0.1,always_multiD,0,2
91,cross/offaxis/l0.1,union4_bonf,0,3
91,cross/offaxis/l0.1,dci_v3,0,3
91,cross/offaxis/l0.1,dci_v3_a8,0,3
91,cross/offaxis/l0.1,best_axis_oracle,0,0
91,cross/offaxis/l0.1,every_k2,0,1
91,cross/offaxis/l0.1,adwin,0,0
91,cross/offaxis/l0.1,mcusum,0,0
91,cross/offaxis/l0.1,sketch1,0,1
92,cross/offaxis/l0.2,always_multiD,0,3
92,cross/offaxis/l0.2,union4_bonf,0,2
92,cross/offaxis/l0.2,dci_v3,0,2
92,cross/offaxis/l0.2,dci_v3_a8,0,2
92,cross/offaxis/l0.2,best_axis_oracle,0,0
92,cross/offaxis/l0.2,every_k2,0,1
92,cross/offaxis/l0.2,adwin,0,0
92,cross/offaxis/l0.2,mcusum,0,0
92,cross/offaxis/l0.2,sketch1,0,1
93,cross/offaxis/l0.4,always_multiD,0,3
93,cross/offaxis/l0.4,union4_bonf,0,1
93,cross/offaxis/l0.4,dci_v3,0,1
93,cross/offaxis/l0.4,dci_v3_a8,0,1
93,cross/offaxis/l0.4,best_axis_oracle,0,0
93,cross/offaxis/l0.4,every_k2,0,2
93,cross/offaxis/l0.4,adwin,0,0
93,cross/offaxis/l0.4,mcusum,0,0
93,cross/offaxis/l0.4,sketch1,0,4
94,cross/offaxis/l1,always_multiD,1,7
94,cross/offaxis/l1,union4_bonf,1,0
94,cross/offaxis/l1,dci_v3,1,7
94,cross/offaxis/l1,dci_v3_a8,1,7
94,cross/offaxis/l1,best_axis_oracle,1,0
94,cross/offaxis/l1,every_k2,1,3
94,cross/offaxis/l1,adwin,0,0
94,cross/offaxis/l1,mcusum,0,1
94,cross/offaxis/l1,sketch1,1,0
95,cross/offaxis/l0.05,always_multiD,0,3
95,cross/offaxis/l0.05,union4_bonf,0,3
95,cross/offaxis/l0.05,dci_v3,0,3
95,cross/offaxis/l0.05,dci_v3_a8,0,3
95,cross/offaxis/l0.05,best_axis_oracle,0,0
95,cross/offaxis/l0.05,every_k2,0,1
95,cross/offaxis/l0.05,adwin,0,0
95,cross/offaxis/l0.05,mcusum,0,0
95,cross/offaxis/l0.05,sketch1,0,1
96,cross/offaxis/l0.1,always_multiD,0,2
96,cross/offaxis/l0.1,union4_bonf,0,2
96,cross/offaxis/l0.1,dci_v3,0,2
96,cross/offaxis/l0.1,dci_v3_a8,0,2
96,cross/offaxis/l0.1,best_axis_oracle,0,0
96,cross/offaxis/l0.1,every_k2,0,1
96,cross/offaxis/l0.1,adwin,0,0
96,cross/offaxis/l0.1,mcusum,0,0
96,cross/offaxis/l0.1,sketch1,0,1
97,cross/offaxis/l0.2,always_multiD,0,3
97,cross/offaxis/l0.2,union4_bonf,0,2
97,cross/offaxis/l0.2,dci_v3,0,2
97,cross/offaxis/l0.2,dci_v3_a8,0,3
97,cross/offaxis/l0.2,best_axis_oracle,0,0
97,cross/offaxis/l0.2,every_k2,0,2
97,cross/offaxis/l0.2,adwin,0,0
97,cross/offaxis/l0.2,mcusum,0,0
97,cross/offaxis/l0.2,sketch1,0,2
98,cross/offaxis/l0.4,always_multiD,0,4
98,cross/offaxis/l0.4,union4_bonf,0,1
98,cross/offaxis/l0.4,dci_v3,0,1
98,cross/offaxis/l0.4,dci_v3_a8,0,1
98,cross/offaxis/l0.4,best_axis_oracle,0,0
98,cross/offaxis/l0.4,every_k2,0,3
98,cross/offaxis/l0.4,adwin,0,0
98,cross/offaxis/l0.4,mcusum,0,0
98,cross/offaxis/l0.4,sketch1,0,3
99,cross/offaxis/l1,always_multiD,1,11
99,cross/offaxis/l1,union4_bonf,1,0
99,cross/offaxis/l1,dci_v3,1,11
99,cross/offaxis/l1,dci_v3_a8,1,11
99,cross/offaxis/l1,best_axis_oracle,1,0
99,cross/offaxis/l1,every_k2,0,6
99,cross/offaxis/l1,adwin,0,0
99,cross/offaxis/l1,mcusum,0,1
99,cross/offaxis/l1,sketch1,1,0
100,cross/offaxis/l0.05,always_multiD,0,3
100,cross/offaxis/l0.05,union4_bonf,0,3
100,cross/offaxis/l0.05,dci_v3,0,3
100,cross/offaxis/l0.05,dci_v3_a8,0,4
100,cross/offaxis/l0.05,best_axis_oracle,0,0
100,cross/offaxis/l0.05,every_k2,0,2
100,cross/offaxis/l0.05,adwin,0,0
100,cross/offaxis/l0.05,mcusum,0,0
100,cross/offaxis/l0.05,sketch1,0,1
101,cross/offaxis/l0.1,always_multiD,0,4
101,cross/offaxis/l0.1,union4_bonf,0,3
101,cross/offaxis/l0.1,dci_v3,0,3
101,cross/offaxis/l0.1,dci_v3_a8,0,3
101,cross/offaxis/l0.1,best_axis_oracle,0,0
101,cross/offaxis/l0.1,every_k2,0,1
101,cross/offaxis/l0.1,adwin,0,0
101,cross/offaxis/l0.1,mcusum,0,0
101,cross/offaxis/l0.1,sketch1,0,2
102,cross/offaxis/l0.2,always_multiD,0,2
102,cross/offaxis/l0.2,union4_bonf,0,2
102,cross/offaxis/l0.2,dci_v3,0,2
102,cross/offaxis/l0.2,dci_v3_a8,0,1
102,cross/offaxis/l0.2,best_axis_oracle,0,0
102,cross/offaxis/l0.2,every_k2,0,1
102,cross/offaxis/l0.2,adwin,0,0
102,cross/offaxis/l0.2,mcusum,0,0
102,cross/offaxis/l0.2,sketch1,0,1
103,cross/offaxis/l0.4,always_multiD,0,3
103,cross/offaxis/l0.4,union4_bonf,0,1
103,cross/offaxis/l0.4,dci_v3,0,1
103,cross/offaxis/l0.4,dci_v3_a8,0,2
103,cross/offaxis/l0.4,best_axis_oracle,0,0
103,cross/offaxis/l0.4,every_k2,0,2
103,cross/offaxis/l0.4,adwin,0,0
103,cross/offaxis/l0.4,mcusum,0,0
103,cross/offaxis/l0.4,sketch1,0,1
104,cross/offaxis/l1,always_multiD,1,0
104,cross/offaxis/l1,union4_bonf,1,0
104,cross/offaxis/l1,dci_v3,1,0
104,cross/offaxis/l1,dci_v3_a8,1,0
104,cross/offaxis/l1,best_axis_oracle,1,0
104,cross/offaxis/l1,every_k2,0,0
104,cross/offaxis/l1,adwin,0,0
104,cross/offaxis/l1,mcusum,0,0
104,cross/offaxis/l1,sketch1,1,0
105,cross/offaxis/l0.05,always_multiD,0,3
105,cross/offaxis/l0.05,union4_bonf,0,3
105,cross/offaxis/l0.05,dci_v3,0,3
105,cross/offaxis/l0.05,dci_v3_a8,0,4
105,cross/offaxis/l0.05,best_axis_oracle,0,0
105,cross/offaxis/l0.05,every_k2,0,1
105,cross/offaxis/l0.05,adwin,0,0
105,cross/offaxis/l0.05,mcusum,0,0
105,cross/offaxis/l0.05,sketch1,0,1
106,cross/offaxis/l0.1,always_multiD,0,3
106,cross/offaxis/l0.1,union4_bonf,0,3
106,cross/offaxis/l0.1,dci_v3,0,3
106,cross/offaxis/l0.1,dci_v3_a8,0,4
106,cross/offaxis/l0.1,best_axis_oracle,0,0
106,cross/offaxis/l0.1,every_k2,0,2
106,cross/offaxis/l0.1,adwin,0,0
106,cross/offaxis/l0.1,mcusum,0,0
106,cross/offaxis/l0.1,sketch1,0,1
107,cross/offaxis/l0.2,always_multiD,0,2
107,cross/offaxis/l0.2,union4_bonf,0,3
107,cross/offaxis/l0.2,dci_v3,0,3
107,cross/offaxis/l0.2,dci_v3_a8,0,2
107,cross/offaxis/l0.2,best_axis_oracle,0,0
107,cross/offaxis/l0.2,every_k2,0,1
107,cross/offaxis/l0.2,adwin,0,0
107,cross/offaxis/l0.2,mcusum,0,0
107,cross/offaxis/l0.2,sketch1,0,1
108,cross/offaxis/l0.4,always_multiD,0,1
108,cross/offaxis/l0.4,union4_bonf,0,1
108,cross/offaxis/l0.4,dci_v3,0,1
108,cross/offaxis/l0.4,dci_v3_a8,0,1
108,cross/offaxis/l0.4,best_axis_oracle,0,0
108,cross/offaxis/l0.4,every_k2,0,1
108,cross/offaxis/l0.4,adwin,0,0
108,cross/offaxis/l0.4,mcusum,0,0
108,cross/offaxis/l0.4,sketch1,0,2
109,cross/offaxis/l1,always_multiD,1,2
109,cross/offaxis/l1,union4_bonf,1,1
109,cross/offaxis/l1,dci_v3,1,2
109,cross/offaxis/l1,dci_v3_a8,1,2
109,cross/offaxis/l1,best_axis_oracle,1,0
109,cross/offaxis/l1,every_k2,0,1
109,cross/offaxis/l1,adwin,0,0
109,cross/offaxis/l1,mcusum,0,1
109,cross/offaxis/l1,sketch1,1,1
110,cross/offaxis/l0.05,always_multiD,0,3
110,cross/offaxis/l0.05,union4_bonf,0,2
110,cross/offaxis/l0.05,dci_v3,0,2
110,cross/offaxis/l0.05,dci_v3_a8,0,2
110,cross/offaxis/l0.05,best_axis_oracle,0,0
110,cross/offaxis/l0.05,every_k2,0,2
110,cross/offaxis/l0.05,adwin,0,0
110,cross/offaxis/l0.05,mcusum,0,0
110,cross/offaxis/l0.05,sketch1,0,1
111,cross/offaxis/l0.1,always_multiD,0,3
111,cross/offaxis/l0.1,union4_bonf,0,2
111,cross/offaxis/l0.1,dci_v3,0,2
111,cross/offaxis/l0.1,dci_v3_a8,0,2
111,cross/offaxis/l0.1,best_axis_oracle,0,0
111,cross/offaxis/l0.1,every_k2,0,2
111,cross/offaxis/l0.1,adwin,0,0
111,cross/offaxis/l0.1,mcusum,0,0
111,cross/offaxis/l0.1,sketch1,0,1
112,cross/offaxis/l0.2,always_multiD,0,2
112,cross/offaxis/l0.2,union4_bonf,0,2
112,cross/offaxis/l0.2,dci_v3,0,2
112,cross/offaxis/l0.2,dci_v3_a8,0,3
112,cross/offaxis/l0.2,best_axis_oracle,0,0
112,cross/offaxis/l0.2,every_k2,0,1
112,cross/offaxis/l0.2,adwin,0,0
112,cross/offaxis/l0.2,mcusum,0,0
112,cross/offaxis/l0.2,sketch1,0,1
113,cross/offaxis/l0.4,always_multiD,0,1
113,cross/offaxis/l0.4,union4_bonf,0,0
113,cross/offaxis/l0.4,dci_v3,0,0
113,cross/offaxis/l0.4,dci_v3_a8,0,0
113,cross/offaxis/l0.4,best_axis_oracle,0,0
113,cross/offaxis/l0.4,every_k2,0,0
113,cross/offaxis/l0.4,adwin,0,0
113,cross/offaxis/l0.4,mcusum,0,0
113,cross/offaxis/l0.4,sketch1,0,1
114,cross/offaxis/l1,always_multiD,1,4
114,cross/offaxis/l1,union4_bonf,1,4
114,cross/offaxis/l1,dci_v3,1,4
114,cross/offaxis/l1,dci_v3_a8,1,4
114,cross/offaxis/l1,best_axis_oracle,1,0
114,cross/offaxis/l1,every_k2,0,3
114,cross/offaxis/l1,adwin,0,0
114,cross/offaxis/l1,mcusum,0,1
114,cross/offaxis/l1,sketch1,1,2
115,cross/offaxis/l0.05,always_multiD,0,4
115,cross/offaxis/l0.05,union4_bonf,0,3
115,cross/offaxis/l0.05,dci_v3,0,3
115,cross/offaxis/l0.05,dci_v3_a8,0,4
115,cross/offaxis/l0.05,best_axis_oracle,0,0
115,cross/offaxis/l0.05,every_k2,0,1
115,cross/offaxis/l0.05,adwin,0,0
115,cross/offaxis/l0.05,mcusum,0,0
115,cross/offaxis/l0.05,sketch1,0,1
116,cross/offaxis/l0.1,always_multiD,0,3
116,cross/offaxis/l0.1,union4_bonf,0,3
116,cross/offaxis/l0.1,dci_v3,0,3
116,cross/offaxis/l0.1,dci_v3_a8,0,3
116,cross/offaxis/l0.1,best_axis_oracle,0,0
116,cross/offaxis/l0.1,every_k2,0,1
116,cross/offaxis/l0.1,adwin,0,0
116,cross/offaxis/l0.1,mcusum,0,0
116,cross/offaxis/l0.1,sketch1,0,1
117,cross/offaxis/l0.2,always_multiD,0,3
117,cross/offaxis/l0.2,union4_bonf,0,3
117,cross/offaxis/l0.2,dci_v3,0,3
117,cross/offaxis/l0.2,dci_v3_a8,0,3
117,cross/offaxis/l0.2,best_axis_oracle,0,0
117,cross/offaxis/l0.2,every_k2,0,2
117,cross/offaxis/l0.2,adwin,0,0
117,cross/offaxis/l0.2,mcusum,0,0
117,cross/offaxis/l0.2,sketch1,0,1
118,cross/offaxis/l0.4,always_multiD,0,3
118,cross/offaxis/l0.4,union4_bonf,0,2
118,cross/offaxis/l0.4,dci_v3,0,2
118,cross/offaxis/l0.4,dci_v3_a8,0,2
118,cross/offaxis/l0.4,best_axis_oracle,0,0
118,cross/offaxis/l0.4,every_k2,0,2
118,cross/offaxis/l0.4,adwin,0,0
118,cross/offaxis/l0.4,mcusum,0,0
118,cross/offaxis/l0.4,sketch1,0,1
119,cross/offaxis/l1,always_multiD,1,4
119,cross/offaxis/l1,union4_bonf,1,4
119,cross/offaxis/l1,dci_v3,1,4
119,cross/offaxis/l1,dci_v3_a8,1,4
119,cross/offaxis/l1,best_axis_oracle,1,0
119,cross/offaxis/l1,every_k2,1,2
119,cross/offaxis/l1,adwin,0,0
119,cross/offaxis/l1,mcusum,0,1
119,cross/offaxis/l1,sketch1,1,3
120,cross/offaxis/l0.05,always_multiD,0,3
120,cross/offaxis/l0.05,union4_bonf,0,2
120,cross/offaxis/l0.05,dci_v3,0,2
120,cross/offaxis/l0.05,dci_v3_a8,0,3
120,cross/offaxis/l0.05,best_axis_oracle,0,0
120,cross/offaxis/l0.05,every_k2,0,2
120,cross/offaxis/l0.05,adwin,0,0
120,cross/offaxis/l0.05,mcusum,0,0
120,cross/offaxis/l0.05,sketch1,0,1
121,cross/offaxis/l0.1,always_multiD,0,3
121,cross/offaxis/l0.1,union4_bonf,0,2
121,cross/offaxis/l0.1,dci_v3,0,2
121,cross/offaxis/l0.1,dci_v3_a8,0,2
121,cross/offaxis/l0.1,best_axis_oracle,0,0
121,cross/offaxis/l0.1,every_k2,0,2
121,cross/offaxis/l0.1,adwin,0,0
121,cross/offaxis/l0.1,mcusum,0,0
121,cross/offaxis/l0.1,sketch1,0,1
122,cross/offaxis/l0.2,always_multiD,0,2
122,cross/offaxis/l0.2,union4_bonf,0,2
122,cross/offaxis/l0.2,dci_v3,0,2
122,cross/offaxis/l0.2,dci_v3_a8,0,2
122,cross/offaxis/l0.2,best_axis_oracle,0,0
122,cross/offaxis/l0.2,every_k2,0,1
122,cross/offaxis/l0.2,adwin,0,0
122,cross/offaxis/l0.2,mcusum,0,0
122,cross/offaxis/l0.2,sketch1,0,1
123,cross/offaxis/l0.4,always_multiD,0,1
123,cross/offaxis/l0.4,union4_bonf,0,0
123,cross/offaxis/l0.4,dci_v3,0,0
123,cross/offaxis/l0.4,dci_v3_a8,0,0
123,cross/offaxis/l0.4,best_axis_oracle,0,0
123,cross/offaxis/l0.4,every_k2,0,0
123,cross/offaxis/l0.4,adwin,0,0
123,cross/offaxis/l0.4,mcusum,0,0
123,cross/offaxis/l0.4,sketch1,0,0
124,cross/offaxis/l1,always_multiD,1,4
124,cross/offaxis/l1,union4_bonf,1,4
124,cross/offaxis/l1,dci_v3,1,4
124,cross/offaxis/l1,dci_v3_a8,1,4
124,cross/offaxis/l1,best_axis_oracle,1,0
124,cross/offaxis/l1,every_k2,0,3
124,cross/offaxis/l1,adwin,0,0
124,cross/offaxis/l1,mcusum,0,1
124,cross/offaxis/l1,sketch1,1,2
125,cross/offaxis/l0.05,always_multiD,0,4
125,cross/offaxis/l0.05,union4_bonf,0,3
125,cross/offaxis/l0.05,dci_v3,0,3
125,cross/offaxis/l0.05,dci_v3_a8,0,3
125,cross/offaxis/l0.05,best_axis_oracle,0,0
125,cross/offaxis/l0.05,every_k2,0,3
125,cross/offaxis/l0.05,adwin,0,0
125,cross/offaxis/l0.05,mcusum,0,0
125,cross/offaxis/l0.05,sketch1,0,1
126,cross/offaxis/l0.1,always_multiD,0,4
126,cross/offaxis/l0.1,union4_bonf,0,3
126,cross/offaxis/l0.1,dci_v3,0,3
126,cross/offaxis/l0.1,dci_v3_a8,0,3
126,cross/offaxis/l0.1,best_axis_oracle,0,0
126,cross/offaxis/l0.1,every_k2,0,3
126,cross/offaxis/l0.1,adwin,0,0
126,cross/offaxis/l0.1,mcusum,0,0
126,cross/offaxis/l0.1,sketch1,0,1
127,cross/offaxis/l0.2,always_multiD,0,4
127,cross/offaxis/l0.2,union4_bonf,0,2
127,cross/offaxis/l0.2,dci_v3,0,2
127,cross/offaxis/l0.2,dci_v3_a8,0,2
127,cross/offaxis/l0.2,best_axis_oracle,0,0
127,cross/offaxis/l0.2,every_k2,0,3
127,cross/offaxis/l0.2,adwin,0,0
127,cross/offaxis/l0.2,mcusum,0,0
127,cross/offaxis/l0.2,sketch1,0,2
128,cross/offaxis/l0.4,always_multiD,0,3
128,cross/offaxis/l0.4,union4_bonf,0,1
128,cross/offaxis/l0.4,dci_v3,0,1
128,cross/offaxis/l0.4,dci_v3_a8,0,1
128,cross/offaxis/l0.4,best_axis_oracle,0,0
128,cross/offaxis/l0.4,every_k2,0,2
128,cross/offaxis/l0.4,adwin,0,0
128,cross/offaxis/l0.4,mcusum,0,0
128,cross/offaxis/l0.4,sketch1,0,2
129,cross/offaxis/l1,always_multiD,1,2
129,cross/offaxis/l1,union4_bonf,1,1
129,cross/offaxis/l1,dci_v3,1,2
129,cross/offaxis/l1,dci_v3_a8,1,2
129,cross/offaxis/l1,best_axis_oracle,1,1
129,cross/offaxis/l1,every_k2,0,2
129,cross/offaxis/l1,adwin,0,0
129,cross/offaxis/l1,mcusum,0,0
129,cross/offaxis/l1,sketch1,1,1
130,cross/offaxis/l0.05,always_multiD,0,4
130,cross/offaxis/l0.05,union4_bonf,0,3
130,cross/offaxis/l0.05,dci_v3,0,3
130,cross/offaxis/l0.05,dci_v3_a8,0,3
130,cross/offaxis/l0.05,best_axis_oracle,0,0
130,cross/offaxis/l0.05,every_k2,0,1
130,cross/offaxis/l0.05,adwin,0,0
130,cross/offaxis/l0.05,mcusum,0,0
130,cross/offaxis/l0.05,sketch1,0,1
131,cross/offaxis/l0.1,always_multiD,0,3
131,cross/offaxis/l0.1,union4_bonf,0,2
131,cross/offaxis/l0.1,dci_v3,0,2
131,cross/offaxis/l0.1,dci_v3_a8,0,1
131,cross/offaxis/l0.1,best_axis_oracle,0,0
131,cross/offaxis/l0.1,every_k2,0,1
131,cross/offaxis/l0.1,adwin,0,0
131,cross/offaxis/l0.1,mcusum,0,0
131,cross/offaxis/l0.1,sketch1,0,1
132,cross/offaxis/l0.2,always_multiD,0,3
132,cross/offaxis/l0.2,union4_bonf,0,1
132,cross/offaxis/l0.2,dci_v3,0,1
132,cross/offaxis/l0.2,dci_v3_a8,0,1
132,cross/offaxis/l0.2,best_axis_oracle,0,0
132,cross/offaxis/l0.2,every_k2,0,2
132,cross/offaxis/l0.2,adwin,0,0
132,cross/offaxis/l0.2,mcusum,0,0
132,cross/offaxis/l0.2,sketch1,0,1
133,cross/offaxis/l0.4,always_multiD,0,3
133,cross/offaxis/l0.4,union4_bonf,0,3
133,cross/offaxis/l0.4,dci_v3,0,3
133,cross/offaxis/l0.4,dci_v3_a8,0,3
133,cross/offaxis/l0.4,best_axis_oracle,0,0
133,cross/offaxis/l0.4,every_k2,0,2
133,cross/offaxis/l0.4,adwin,0,0
133,cross/offaxis/l0.4,mcusum,0,0
133,cross/offaxis/l0.4,sketch1,0,1
134,cross/offaxis/l1,always_multiD,1,3
134,cross/offaxis/l1,union4_bonf,1,3
134,cross/offaxis/l1,dci_v3,1,3
134,cross/offaxis/l1,dci_v3_a8,1,3
134,cross/offaxis/l1,best_axis_oracle,1,0
134,cross/offaxis/l1,every_k2,1,2
134,cross/offaxis/l1,adwin,0,0
134,cross/offaxis/l1,mcusum,0,1
134,cross/offaxis/l1,sketch1,1,2
135,cross/offaxis/l0.05,always_multiD,0,3
135,cross/offaxis/l0.05,union4_bonf,0,3
135,cross/offaxis/l0.05,dci_v3,0,3
135,cross/offaxis/l0.05,dci_v3_a8,0,3
135,cross/offaxis/l0.05,best_axis_oracle,0,0
135,cross/offaxis/l0.05,every_k2,0,1
135,cross/offaxis/l0.05,adwin,0,0
135,cross/offaxis/l0.05,mcusum,0,0
135,cross/offaxis/l0.05,sketch1,0,1
136,cross/offaxis/l0.1,always_multiD,0,4
136,cross/offaxis/l0.1,union4_bonf,0,2
136,cross/offaxis/l0.1,dci_v3,0,2
136,cross/offaxis/l0.1,dci_v3_a8,0,3
136,cross/offaxis/l0.1,best_axis_oracle,0,0
136,cross/offaxis/l0.1,every_k2,0,3
136,cross/offaxis/l0.1,adwin,0,0
136,cross/offaxis/l0.1,mcusum,0,0
136,cross/offaxis/l0.1,sketch1,0,1
137,cross/offaxis/l0.2,always_multiD,0,3
137,cross/offaxis/l0.2,union4_bonf,0,3
137,cross/offaxis/l0.2,dci_v3,0,3
137,cross/offaxis/l0.2,dci_v3_a8,0,3
137,cross/offaxis/l0.2,best_axis_oracle,0,0
137,cross/offaxis/l0.2,every_k2,0,1
137,cross/offaxis/l0.2,adwin,0,0
137,cross/offaxis/l0.2,mcusum,0,0
137,cross/offaxis/l0.2,sketch1,0,1
138,cross/offaxis/l0.4,always_multiD,0,2
138,cross/offaxis/l0.4,union4_bonf,0,2
138,cross/offaxis/l0.4,dci_v3,0,2
138,cross/offaxis/l0.4,dci_v3_a8,0,1
138,cross/offaxis/l0.4,best_axis_oracle,0,0
138,cross/offaxis/l0.4,every_k2,0,0
138,cross/offaxis/l0.4,adwin,0,0
138,cross/offaxis/l0.4,mcusum,0,0
138,cross/offaxis/l0.4,sketch1,0,2
139,cross/offaxis/l1,always_multiD,1,7
139,cross/offaxis/l1,union4_bonf,1,5
139,cross/offaxis/l1,dci_v3,1,7
139,cross/offaxis/l1,dci_v3_a8,1,7
139,cross/offaxis/l1,best_axis_oracle,1,1
139,cross/offaxis/l1,every_k2,0,3
139,cross/offaxis/l1,adwin,0,0
139,cross/offaxis/l1,mcusum,0,1
139,cross/offaxis/l1,sketch1,1,5
140,cross/offaxis/l0.05,always_multiD,0,4
140,cross/offaxis/l0.05,union4_bonf,0,3
140,cross/offaxis/l0.05,dci_v3,0,3
140,cross/offaxis/l0.05,dci_v3_a8,0,4
140,cross/offaxis/l0.05,best_axis_oracle,0,0
140,cross/offaxis/l0.05,every_k2,0,1
140,cross/offaxis/l0.05,adwin,0,0
140,cross/offaxis/l0.05,mcusum,0,0
140,cross/offaxis/l0.05,sketch1,0,1
141,cross/offaxis/l0.1,always_multiD,0,3
141,cross/offaxis/l0.1,union4_bonf,0,3
141,cross/offaxis/l0.1,dci_v3,0,3
141,cross/offaxis/l0.1,dci_v3_a8,0,3
141,cross/offaxis/l0.1,best_axis_oracle,0,0
141,cross/offaxis/l0.1,every_k2,0,1
141,cross/offaxis/l0.1,adwin,0,0
141,cross/offaxis/l0.1,mcusum,0,0
141,cross/offaxis/l0.1,sketch1,0,1
142,cross/offaxis/l0.2,always_multiD,0,2
142,cross/offaxis/l0.2,union4_bonf,0,3
142,cross/offaxis/l0.2,dci_v3,0,3
142,cross/offaxis/l0.2,dci_v3_a8,0,3
142,cross/offaxis/l0.2,best_axis_oracle,0,0
142,cross/offaxis/l0.2,every_k2,0,1
142,cross/offaxis/l0.2,adwin,0,0
142,cross/offaxis/l0.2,mcusum,0,0
142,cross/offaxis/l0.2,sketch1,0,1
143,cross/offaxis/l0.4,always_multiD,0,3
143,cross/offaxis/l0.4,union4_bonf,0,2
143,cross/offaxis/l0.4,dci_v3,0,2
143,cross/offaxis/l0.4,dci_v3_a8,0,2
143,cross/offaxis/l0.4,best_axis_oracle,0,0
143,cross/offaxis/l0.4,every_k2,0,2
143,cross/offaxis/l0.4,adwin,0,0
143,cross/offaxis/l0.4,mcusum,0,0
143,cross/offaxis/l0.4,sketch1,0,1
144,cross/offaxis/l1,always_multiD,1,4
144,cross/offaxis/l1,union4_bonf,1,4
144,cross/offaxis/l1,dci_v3,1,4
144,cross/offaxis/l1,dci_v3_a8,1,4
144,cross/offaxis/l1,best_axis_oracle,1,0
144,cross/offaxis/l1,every_k2,0,2
144,cross/offaxis/l1,adwin,0,0
144,cross/offaxis/l1,mcusum,0,1
144,cross/offaxis/l1,sketch1,1,3
145,cross/offaxis/l0.05,always_multiD,0,2
145,cross/offaxis/l0.05,union4_bonf,0,2
145,cross/offaxis/l0.05,dci_v3,0,2
145,cross/offaxis/l0.05,dci_v3_a8,0,1
145,cross/offaxis/l0.05,best_axis_oracle,0,0
145,cross/offaxis/l0.05,every_k2,0,1
145,cross/offaxis/l0.05,adwin,0,0
145,cross/offaxis/l0.05,mcusum,0,0
145,cross/offaxis/l0.05,sketch1,0,1
146,cross/offaxis/l0.1,always_multiD,0,1
146,cross/offaxis/l0.1,union4_bonf,0,2
146,cross/offaxis/l0.1,dci_v3,0,2
146,cross/offaxis/l0.1,dci_v3_a8,0,2
146,cross/offaxis/l0.1,best_axis_oracle,0,0
146,cross/offaxis/l0.1,every_k2,0,0
146,cross/offaxis/l0.1,adwin,0,0
146,cross/offaxis/l0.1,mcusum,0,0
146,cross/offaxis/l0.1,sketch1,0,1
147,cross/offaxis/l0.2,always_multiD,0,1
147,cross/offaxis/l0.2,union4_bonf,0,2
147,cross/offaxis/l0.2,dci_v3,0,2
147,cross/offaxis/l0.2,dci_v3_a8,0,2
147,cross/offaxis/l0.2,best_axis_oracle,0,0
147,cross/offaxis/l0.2,every_k2,0,0
147,cross/offaxis/l0.2,adwin,0,0
147,cross/offaxis/l0.2,mcusum,0,0
147,cross/offaxis/l0.2,sketch1,0,1
148,cross/offaxis/l0.4,always_multiD,0,2
148,cross/offaxis/l0.4,union4_bonf,0,2
148,cross/offaxis/l0.4,dci_v3,0,2
148,cross/offaxis/l0.4,dci_v3_a8,0,2
148,cross/offaxis/l0.4,best_axis_oracle,0,0
148,cross/offaxis/l0.4,every_k2,0,1
148,cross/offaxis/l0.4,adwin,0,0
148,cross/offaxis/l0.4,mcusum,0,0
148,cross/offaxis/l0.4,sketch1,0,1
149,cross/offaxis/l1,always_multiD,1,4
149,cross/offaxis/l1,union4_bonf,1,3
149,cross/offaxis/l1,dci_v3,1,4
149,cross/offaxis/l1,dci_v3_a8,1,4
149,cross/offaxis/l1,best_axis_oracle,1,0
149,cross/offaxis/l1,every_k2,1,1
149,cross/offaxis/l1,adwin,0,0
149,cross/offaxis/l1,mcusum,0,1
149,cross/offaxis/l1,sketch1,1,5
150,cross/offaxis/l0.05,always_multiD,0,2
150,cross/offaxis/l0.05,union4_bonf,0,2
150,cross/offaxis/l0.05,dci_v3,0,2
150,cross/offaxis/l0.05,dci_v3_a8,0,1
150,cross/offaxis/l0.05,best_axis_oracle,0,0
150,cross/offaxis/l0.05,every_k2,0,1
150,cross/offaxis/l0.05,adwin,0,0
150,cross/offaxis/l0.05,mcusum,0,0
150,cross/offaxis/l0.05,sketch1,0,0
151,cross/offaxis/l0.1,always_multiD,0,2
151,cross/offaxis/l0.1,union4_bonf,0,2
151,cross/offaxis/l0.1,dci_v3,0,2
151,cross/offaxis/l0.1,dci_v3_a8,0,2
151,cross/offaxis/l0.1,best_axis_oracle,0,0
151,cross/offaxis/l0.1,every_k2,0,1
151,cross/offaxis/l0.1,adwin,0,0
151,cross/offaxis/l0.1,mcusum,0,0
151,cross/offaxis/l0.1,sketch1,0,1
152,cross/offaxis/l0.2,always_multiD,0,2
152,cross/offaxis/l0.2,union4_bonf,0,2
152,cross/offaxis/l0.2,dci_v3,0,2
152,cross/offaxis/l0.2,dci_v3_a8,0,2
152,cross/offaxis/l0.2,best_axis_oracle,0,0
152,cross/offaxis/l0.2,every_k2,0,1
152,cross/offaxis/l0.2,adwin,0,0
152,cross/offaxis/l0.2,mcusum,0,0
152,cross/offaxis/l0.2,sketch1,0,0
153,cross/offaxis/l0.4,always_multiD,0,1
153,cross/offaxis/l0.4,union4_bonf,0,2
153,cross/offaxis/l0.4,dci_v3,0,2
153,cross/offaxis/l0.4,dci_v3_a8,0,2
153,cross/offaxis/l0.4,best_axis_oracle,0,0
153,cross/offaxis/l0.4,every_k2,0,0
153,cross/offaxis/l0.4,adwin,0,0
153,cross/offaxis/l0.4,mcusum,0,0
153,cross/offaxis/l0.4,sketch1,0,1
154,cross/offaxis/l1,always_multiD,1,5
154,cross/offaxis/l1,union4_bonf,1,5
154,cross/offaxis/l1,dci_v3,1,5
154,cross/offaxis/l1,dci_v3_a8,1,5
154,cross/offaxis/l1,best_axis_oracle,1,0
154,cross/offaxis/l1,every_k2,0,3
154,cross/offaxis/l1,adwin,0,0
154,cross/offaxis/l1,mcusum,0,1
154,cross/offaxis/l1,sketch1,1,8
155,cross/offaxis/l0.05,always_multiD,0,3
155,cross/offaxis/l0.05,union4_bonf,0,3
155,cross/offaxis/l0.05,dci_v3,0,3
155,cross/offaxis/l0.05,dci_v3_a8,0,3
155,cross/offaxis/l0.05,best_axis_oracle,0,0
155,cross/offaxis/l0.05,every_k2,0,1
155,cross/offaxis/l0.05,adwin,0,0
155,cross/offaxis/l0.05,mcusum,0,0
155,cross/offaxis/l0.05,sketch1,0,1
156,cross/offaxis/l0.1,always_multiD,0,2
156,cross/offaxis/l0.1,union4_bonf,0,4
156,cross/offaxis/l0.1,dci_v3,0,4
156,cross/offaxis/l0.1,dci_v3_a8,0,3
156,cross/offaxis/l0.1,best_axis_oracle,0,0
156,cross/offaxis/l0.1,every_k2,0,1
156,cross/offaxis/l0.1,adwin,0,0
156,cross/offaxis/l0.1,mcusum,0,0
156,cross/offaxis/l0.1,sketch1,0,1
157,cross/offaxis/l0.2,always_multiD,0,3
157,cross/offaxis/l0.2,union4_bonf,0,4
157,cross/offaxis/l0.2,dci_v3,0,4
157,cross/offaxis/l0.2,dci_v3_a8,0,3
157,cross/offaxis/l0.2,best_axis_oracle,0,0
157,cross/offaxis/l0.2,every_k2,0,1
157,cross/offaxis/l0.2,adwin,0,0
157,cross/offaxis/l0.2,mcusum,0,0
157,cross/offaxis/l0.2,sketch1,0,1
158,cross/offaxis/l0.4,always_multiD,0,3
158,cross/offaxis/l0.4,union4_bonf,0,2
158,cross/offaxis/l0.4,dci_v3,0,2
158,cross/offaxis/l0.4,dci_v3_a8,0,2
158,cross/offaxis/l0.4,best_axis_oracle,0,0
158,cross/offaxis/l0.4,every_k2,0,2
158,cross/offaxis/l0.4,adwin,0,0
158,cross/offaxis/l0.4,mcusum,0,0
158,cross/offaxis/l0.4,sketch1,0,1
159,cross/offaxis/l1,always_multiD,1,6
159,cross/offaxis/l1,union4_bonf,1,4
159,cross/offaxis/l1,dci_v3,1,6
159,cross/offaxis/l1,dci_v3_a8,1,6
159,cross/offaxis/l1,best_axis_oracle,1,1
159,cross/offaxis/l1,every_k2,0,3
159,cross/offaxis/l1,adwin,0,0
159,cross/offaxis/l1,mcusum,0,1
159,cross/offaxis/l1,sketch1,1,7
160,cross/offaxis/l0.05,always_multiD,0,3
160,cross/offaxis/l0.05,union4_bonf,0,2
160,cross/offaxis/l0.05,dci_v3,0,2
160,cross/offaxis/l0.05,dci_v3_a8,0,3
160,cross/offaxis/l0.05,best_axis_oracle,0,0
160,cross/offaxis/l0.05,every_k2,0,2
160,cross/offaxis/l0.05,adwin,0,0
160,cross/offaxis/l0.05,mcusum,0,0
160,cross/offaxis/l0.05,sketch1,0,2
161,cross/offaxis/l0.1,always_multiD,0,2
161,cross/offaxis/l0.1,union4_bonf,0,4
161,cross/offaxis/l0.1,dci_v3,0,4
161,cross/offaxis/l0.1,dci_v3_a8,0,4
161,cross/offaxis/l0.1,best_axis_oracle,0,0
161,cross/offaxis/l0.1,every_k2,0,1
161,cross/offaxis/l0.1,adwin,0,0
161,cross/offaxis/l0.1,mcusum,0,0
161,cross/offaxis/l0.1,sketch1,0,1
162,cross/offaxis/l0.2,always_multiD,0,3
162,cross/offaxis/l0.2,union4_bonf,0,3
162,cross/offaxis/l0.2,dci_v3,0,3
162,cross/offaxis/l0.2,dci_v3_a8,0,3
162,cross/offaxis/l0.2,best_axis_oracle,0,0
162,cross/offaxis/l0.2,every_k2,0,1
162,cross/offaxis/l0.2,adwin,0,0
162,cross/offaxis/l0.2,mcusum,0,0
162,cross/offaxis/l0.2,sketch1,0,1
163,cross/offaxis/l0.4,always_multiD,0,2
163,cross/offaxis/l0.4,union4_bonf,0,3
163,cross/offaxis/l0.4,dci_v3,0,3
163,cross/offaxis/l0.4,dci_v3_a8,0,2
163,cross/offaxis/l0.4,best_axis_oracle,0,0
163,cross/offaxis/l0.4,every_k2,0,1
163,cross/offaxis/l0.4,adwin,0,0
163,cross/offaxis/l0.4,mcusum,0,0
163,cross/offaxis/l0.4,sketch1,0,1
164,cross/offaxis/l1,always_multiD,1,6
164,cross/offaxis/l1,union4_bonf,1,4
164,cross/offaxis/l1,dci_v3,1,6
164,cross/offaxis/l1,dci_v3_a8,1,6
164,cross/offaxis/l1,best_axis_oracle,1,1
164,cross/offaxis/l1,every_k2,0,3
164,cross/offaxis/l1,adwin,0,0
164,cross/offaxis/l1,mcusum,0,1
164,cross/offaxis/l1,sketch1,1,7
165,cross/offaxis/l0.05,always_multiD,0,3
165,cross/offaxis/l0.05,union4_bonf,0,2
165,cross/offaxis/l0.05,dci_v3,0,2
165,cross/offaxis/l0.05,dci_v3_a8,0,2
165,cross/offaxis/l0.05,best_axis_oracle,0,0
165,cross/offaxis/l0.05,every_k2,0,1
165,cross/offaxis/l0.05,adwin,0,0
165,cross/offaxis/l0.05,mcusum,0,0
165,cross/offaxis/l0.05,sketch1,0,1
166,cross/offaxis/l0.1,always_multiD,0,3
166,cross/offaxis/l0.1,union4_bonf,0,2
166,cross/offaxis/l0.1,dci_v3,0,2
166,cross/offaxis/l0.1,dci_v3_a8,0,2
166,cross/offaxis/l0.1,best_axis_oracle,0,0
166,cross/offaxis/l0.1,every_k2,0,2
166,cross/offaxis/l0.1,adwin,0,0
166,cross/offaxis/l0.1,mcusum,0,0
166,cross/offaxis/l0.1,sketch1,0,2
167,cross/offaxis/l0.2,always_multiD,0,3
167,cross/offaxis/l0.2,union4_bonf,0,3
167,cross/offaxis/l0.2,dci_v3,0,3
167,cross/offaxis/l0.2,dci_v3_a8,0,4
167,cross/offaxis/l0.2,best_axis_oracle,0,0
167,cross/offaxis/l0.2,every_k2,0,1
167,cross/offaxis/l0.2,adwin,0,0
167,cross/offaxis/l0.2,mcusum,0,0
167,cross/offaxis/l0.2,sketch1,0,1
168,cross/offaxis/l0.4,always_multiD,0,3
168,cross/offaxis/l0.4,union4_bonf,0,1
168,cross/offaxis/l0.4,dci_v3,0,1
168,cross/offaxis/l0.4,dci_v3_a8,0,2
168,cross/offaxis/l0.4,best_axis_oracle,0,0
168,cross/offaxis/l0.4,every_k2,0,3
168,cross/offaxis/l0.4,adwin,0,0
168,cross/offaxis/l0.4,mcusum,0,0
168,cross/offaxis/l0.4,sketch1,0,1
169,cross/offaxis/l1,always_multiD,1,4
169,cross/offaxis/l1,union4_bonf,1,2
169,cross/offaxis/l1,dci_v3,1,4
169,cross/offaxis/l1,dci_v3_a8,1,4
169,cross/offaxis/l1,best_axis_oracle,1,2
169,cross/offaxis/l1,every_k2,0,3
169,cross/offaxis/l1,adwin,0,0
169,cross/offaxis/l1,mcusum,0,1
169,cross/offaxis/l1,sketch1,1,3
170,cross/offaxis/l0.05,always_multiD,0,4
170,cross/offaxis/l0.05,union4_bonf,0,2
170,cross/offaxis/l0.05,dci_v3,0,2
170,cross/offaxis/l0.05,dci_v3_a8,0,2
170,cross/offaxis/l0.05,best_axis_oracle,0,0
170,cross/offaxis/l0.05,every_k2,0,1
170,cross/offaxis/l0.05,adwin,0,0
170,cross/offaxis/l0.05,mcusum,0,0
170,cross/offaxis/l0.05,sketch1,0,2
171,cross/offaxis/l0.1,always_multiD,0,3
171,cross/offaxis/l0.1,union4_bonf,0,2
171,cross/offaxis/l0.1,dci_v3,0,2
171,cross/offaxis/l0.1,dci_v3_a8,0,2
171,cross/offaxis/l0.1,best_axis_oracle,0,0
171,cross/offaxis/l0.1,every_k2,0,2
171,cross/offaxis/l0.1,adwin,0,0
171,cross/offaxis/l0.1,mcusum,0,0
171,cross/offaxis/l0.1,sketch1,0,2
172,cross/offaxis/l0.2,always_multiD,0,3
172,cross/offaxis/l0.2,union4_bonf,0,1
172,cross/offaxis/l0.2,dci_v3,0,1
172,cross/offaxis/l0.2,dci_v3_a8,0,2
172,cross/offaxis/l0.2,best_axis_oracle,0,0
172,cross/offaxis/l0.2,every_k2,0,2
172,cross/offaxis/l0.2,adwin,0,0
172,cross/offaxis/l0.2,mcusum,0,0
172,cross/offaxis/l0.2,sketch1,0,1
173,cross/offaxis/l0.4,always_multiD,0,4
173,cross/offaxis/l0.4,union4_bonf,0,1
173,cross/offaxis/l0.4,dci_v3,0,1
173,cross/offaxis/l0.4,dci_v3_a8,0,1
173,cross/offaxis/l0.4,best_axis_oracle,0,0
173,cross/offaxis/l0.4,every_k2,0,4
173,cross/offaxis/l0.4,adwin,0,0
173,cross/offaxis/l0.4,mcusum,0,0
173,cross/offaxis/l0.4,sketch1,0,1
174,cross/offaxis/l1,always_multiD,1,4
174,cross/offaxis/l1,union4_bonf,1,2
174,cross/offaxis/l1,dci_v3,1,4
174,cross/offaxis/l1,dci_v3_a8,1,4
174,cross/offaxis/l1,best_axis_oracle,1,2
174,cross/offaxis/l1,every_k2,0,3
174,cross/offaxis/l1,adwin,0,0
174,cross/offaxis/l1,mcusum,0,1
174,cross/offaxis/l1,sketch1,1,3
175,cross/offaxis/l0.05,always_multiD,0,4
175,cross/offaxis/l0.05,union4_bonf,0,2
175,cross/offaxis/l0.05,dci_v3,0,2
175,cross/offaxis/l0.05,dci_v3_a8,0,2
175,cross/offaxis/l0.05,best_axis_oracle,0,0
175,cross/offaxis/l0.05,every_k2,0,1
175,cross/offaxis/l0.05,adwin,0,0
175,cross/offaxis/l0.05,mcusum,0,0
175,cross/offaxis/l0.05,sketch1,0,2
176,cross/offaxis/l0.1,always_multiD,0,2
176,cross/offaxis/l0.1,union4_bonf,0,1
176,cross/offaxis/l0.1,dci_v3,0,1
176,cross/offaxis/l0.1,dci_v3_a8,0,1
176,cross/offaxis/l0.1,best_axis_oracle,0,0
176,cross/offaxis/l0.1,every_k2,0,1
176,cross/offaxis/l0.1,adwin,0,0
176,cross/offaxis/l0.1,mcusum,0,0
176,cross/offaxis/l0.1,sketch1,0,2
177,cross/offaxis/l0.2,always_multiD,0,4
177,cross/offaxis/l0.2,union4_bonf,0,2
177,cross/offaxis/l0.2,dci_v3,0,2
177,cross/offaxis/l0.2,dci_v3_a8,0,2
177,cross/offaxis/l0.2,best_axis_oracle,0,0
177,cross/offaxis/l0.2,every_k2,0,1
177,cross/offaxis/l0.2,adwin,0,0
177,cross/offaxis/l0.2,mcusum,0,0
177,cross/offaxis/l0.2,sketch1,0,1
178,cross/offaxis/l0.4,always_multiD,0,2
178,cross/offaxis/l0.4,union4_bonf,0,1
178,cross/offaxis/l0.4,dci_v3,0,1
178,cross/offaxis/l0.4,dci_v3_a8,0,1
178,cross/offaxis/l0.4,best_axis_oracle,0,0
178,cross/offaxis/l0.4,every_k2,0,0
178,cross/offaxis/l0.4,adwin,0,0
178,cross/offaxis/l0.4,mcusum,0,0
178,cross/offaxis/l0.4,sketch1,0,0
179,cross/offaxis/l1,always_multiD,1,4
179,cross/offaxis/l1,union4_bonf,1,2
179,cross/offaxis/l1,dci_v3,1,4
179,cross/offaxis/l1,dci_v3_a8,1,4
179,cross/offaxis/l1,best_axis_oracle,1,2
179,cross/offaxis/l1,every_k2,0,3
179,cross/offaxis/l1,adwin,0,0
179,cross/offaxis/l1,mcusum,0,1
179,cross/offaxis/l1,sketch1,1,3
180,cross/offaxis/l0.05,always_multiD,0,4
180,cross/offaxis/l0.05,union4_bonf,0,2
180,cross/offaxis/l0.05,dci_v3,0,2
180,cross/offaxis/l0.05,dci_v3_a8,0,3
180,cross/offaxis/l0.05,best_axis_oracle,0,0
180,cross/offaxis/l0.05,every_k2,0,3
180,cross/offaxis/l0.05,adwin,0,0
180,cross/offaxis/l0.05,mcusum,0,0
180,cross/offaxis/l0.05,sketch1,0,1
181,cross/offaxis/l0.1,always_multiD,0,3
181,cross/offaxis/l0.1,union4_bonf,0,3
181,cross/offaxis/l0.1,dci_v3,0,3
181,cross/offaxis/l0.1,dci_v3_a8,0,4
181,cross/offaxis/l0.1,best_axis_oracle,0,0
181,cross/offaxis/l0.1,every_k2,0,1
181,cross/offaxis/l0.1,adwin,0,0
181,cross/offaxis/l0.1,mcusum,0,0
181,cross/offaxis/l0.1,sketch1,0,1
182,cross/offaxis/l0.2,always_multiD,0,4
182,cross/offaxis/l0.2,union4_bonf,0,3
182,cross/offaxis/l0.2,dci_v3,0,3
182,cross/offaxis/l0.2,dci_v3_a8,0,3
182,cross/offaxis/l0.2,best_axis_oracle,0,0
182,cross/offaxis/l0.2,every_k2,0,1
182,cross/offaxis/l0.2,adwin,0,0
182,cross/offaxis/l0.2,mcusum,0,0
182,cross/offaxis/l0.2,sketch1,0,1
183,cross/offaxis/l0.4,always_multiD,1,5
183,cross/offaxis/l0.4,union4_bonf,0,3
183,cross/offaxis/l0.4,dci_v3,0,3
183,cross/offaxis/l0.4,dci_v3_a8,1,3
183,cross/offaxis/l0.4,best_axis_oracle,0,0
183,cross/offaxis/l0.4,every_k2,0,3
183,cross/offaxis/l0.4,adwin,0,0
183,cross/offaxis/l0.4,mcusum,0,0
183,cross/offaxis/l0.4,sketch1,0,1
184,cross/offaxis/l1,always_multiD,1,7
184,cross/offaxis/l1,union4_bonf,1,6
184,cross/offaxis/l1,dci_v3,1,7
184,cross/offaxis/l1,dci_v3_a8,1,7
184,cross/offaxis/l1,best_axis_oracle,1,5
184,cross/offaxis/l1,every_k2,0,5
184,cross/offaxis/l1,adwin,0,0
184,cross/offaxis/l1,mcusum,0,1
184,cross/offaxis/l1,sketch1,1,4
185,cross/offaxis/l0.05,always_multiD,0,3
185,cross/offaxis/l0.05,union4_bonf,0,2
185,cross/offaxis/l0.05,dci_v3,0,2
185,cross/offaxis/l0.05,dci_v3_a8,0,2
185,cross/offaxis/l0.05,best_axis_oracle,0,0
185,cross/offaxis/l0.05,every_k2,0,1
185,cross/offaxis/l0.05,adwin,0,0
185,cross/offaxis/l0.05,mcusum,0,0
185,cross/offaxis/l0.05,sketch1,0,1
186,cross/offaxis/l0.1,always_multiD,0,3
186,cross/offaxis/l0.1,union4_bonf,0,3
186,cross/offaxis/l0.1,dci_v3,0,3
186,cross/offaxis/l0.1,dci_v3_a8,0,3
186,cross/offaxis/l0.1,best_axis_oracle,0,0
186,cross/offaxis/l0.1,every_k2,0,2
186,cross/offaxis/l0.1,adwin,0,0
186,cross/offaxis/l0.1,mcusum,0,0
186,cross/offaxis/l0.1,sketch1,0,2
187,cross/offaxis/l0.2,always_multiD,0,3
187,cross/offaxis/l0.2,union4_bonf,0,3
187,cross/offaxis/l0.2,dci_v3,0,3
187,cross/offaxis/l0.2,dci_v3_a8,0,3
187,cross/offaxis/l0.2,best_axis_oracle,0,0
187,cross/offaxis/l0.2,every_k2,0,1
187,cross/offaxis/l0.2,adwin,0,0
187,cross/offaxis/l0.2,mcusum,0,0
187,cross/offaxis/l0.2,sketch1,0,2
188,cross/offaxis/l0.4,always_multiD,1,3
188,cross/offaxis/l0.4,union4_bonf,0,3
188,cross/offaxis/l0.4,dci_v3,0,3
188,cross/offaxis/l0.4,dci_v3_a8,0,3
188,cross/offaxis/l0.4,best_axis_oracle,0,0
188,cross/offaxis/l0.4,every_k2,0,2
188,cross/offaxis/l0.4,adwin,0,0
188,cross/offaxis/l0.4,mcusum,0,0
188,cross/offaxis/l0.4,sketch1,0,1
189,cross/offaxis/l1,always_multiD,1,7
189,cross/offaxis/l1,union4_bonf,1,6
189,cross/offaxis/l1,dci_v3,1,7
189,cross/offaxis/l1,dci_v3_a8,1,7
189,cross/offaxis/l1,best_axis_oracle,1,5
189,cross/offaxis/l1,every_k2,1,2
189,cross/offaxis/l1,adwin,0,0
189,cross/offaxis/l1,mcusum,0,1
189,cross/offaxis/l1,sketch1,1,4
190,cross/offaxis/l0.05,always_multiD,0,3
190,cross/offaxis/l0.05,union4_bonf,0,3
190,cross/offaxis/l0.05,dci_v3,0,3
190,cross/offaxis/l0.05,dci_v3_a8,0,3
190,cross/offaxis/l0.05,best_axis_oracle,0,0
190,cross/offaxis/l0.05,every_k2,0,1
190,cross/offaxis/l0.05,adwin,0,0
190,cross/offaxis/l0.05,mcusum,0,0
190,cross/offaxis/l0.05,sketch1,0,1
191,cross/offaxis/l0.1,always_multiD,0,3
191,cross/offaxis/l0.1,union4_bonf,0,3
191,cross/offaxis/l0.1,dci_v3,0,3
191,cross/offaxis/l0.1,dci_v3_a8,0,4
191,cross/offaxis/l0.1,best_axis_oracle,0,0
191,cross/offaxis/l0.1,every_k2,0,2
191,cross/offaxis/l0.1,adwin,0,0
191,cross/offaxis/l0.1,mcusum,0,0
191,cross/offaxis/l0.1,sketch1,0,2
192,cross/offaxis/l0.2,always_multiD,0,5
192,cross/offaxis/l0.2,union4_bonf,0,1
192,cross/offaxis/l0.2,dci_v3,0,1
192,cross/offaxis/l0.2,dci_v3_a8,0,2
192,cross/offaxis/l0.2,best_axis_oracle,0,0
192,cross/offaxis/l0.2,every_k2,0,3
192,cross/offaxis/l0.2,adwin,0,0
192,cross/offaxis/l0.2,mcusum,0,0
192,cross/offaxis/l0.2,sketch1,0,1
193,cross/offaxis/l0.4,always_multiD,1,3
193,cross/offaxis/l0.4,union4_bonf,0,2
193,cross/offaxis/l0.4,dci_v3,0,2
193,cross/offaxis/l0.4,dci_v3_a8,1,2
193,cross/offaxis/l0.4,best_axis_oracle,0,0
193,cross/offaxis/l0.4,every_k2,0,2
193,cross/offaxis/l0.4,adwin,0,0
193,cross/offaxis/l0.4,mcusum,0,0
193,cross/offaxis/l0.4,sketch1,0,2
194,cross/offaxis/l1,always_multiD,1,7
194,cross/offaxis/l1,union4_bonf,1,3
194,cross/offaxis/l1,dci_v3,1,7
194,cross/offaxis/l1,dci_v3_a8,1,7
194,cross/offaxis/l1,best_axis_oracle,1,0
194,cross/offaxis/l1,every_k2,0,3
194,cross/offaxis/l1,adwin,0,0
194,cross/offaxis/l1,mcusum,0,2
194,cross/offaxis/l1,sketch1,1,6
195,cross/offaxis/l0.05,always_multiD,0,3
195,cross/offaxis/l0.05,union4_bonf,0,3
195,cross/offaxis/l0.05,dci_v3,0,3
195,cross/offaxis/l0.05,dci_v3_a8,0,4
195,cross/offaxis/l0.05,best_axis_oracle,0,0
195,cross/offaxis/l0.05,every_k2,0,2
195,cross/offaxis/l0.05,adwin,0,0
195,cross/offaxis/l0.05,mcusum,0,0
195,cross/offaxis/l0.05,sketch1,0,2
196,cross/offaxis/l0.1,always_multiD,0,4
196,cross/offaxis/l0.1,union4_bonf,0,3
196,cross/offaxis/l0.1,dci_v3,0,3
196,cross/offaxis/l0.1,dci_v3_a8,0,3
196,cross/offaxis/l0.1,best_axis_oracle,0,0
196,cross/offaxis/l0.1,every_k2,0,3
196,cross/offaxis/l0.1,adwin,0,0
196,cross/offaxis/l0.1,mcusum,0,0
196,cross/offaxis/l0.1,sketch1,0,2
197,cross/offaxis/l0.2,always_multiD,0,4
197,cross/offaxis/l0.2,union4_bonf,0,2
197,cross/offaxis/l0.2,dci_v3,0,2
197,cross/offaxis/l0.2,dci_v3_a8,0,3
197,cross/offaxis/l0.2,best_axis_oracle,0,0
197,cross/offaxis/l0.2,every_k2,0,1
197,cross/offaxis/l0.2,adwin,0,0
197,cross/offaxis/l0.2,mcusum,0,0
197,cross/offaxis/l0.2,sketch1,0,2
198,cross/offaxis/l0.4,always_multiD,0,8
198,cross/offaxis/l0.4,union4_bonf,0,5
198,cross/offaxis/l0.4,dci_v3,0,7
198,cross/offaxis/l0.4,dci_v3_a8,0,7
198,cross/offaxis/l0.4,best_axis_oracle,0,0
198,cross/offaxis/l0.4,every_k2,0,4
198,cross/offaxis/l0.4,adwin,0,0
198,cross/offaxis/l0.4,mcusum,0,0
198,cross/offaxis/l0.4,sketch1,0,3
199,cross/offaxis/l1,always_multiD,1,11
199,cross/offaxis/l1,union4_bonf,1,5
199,cross/offaxis/l1,dci_v3,1,11
199,cross/offaxis/l1,dci_v3_a8,1,11
199,cross/offaxis/l1,best_axis_oracle,1,8
199,cross/offaxis/l1,every_k2,1,5
199,cross/offaxis/l1,adwin,0,0
199,cross/offaxis/l1,mcusum,0,2
199,cross/offaxis/l1,sketch1,1,6
200,cross/offaxis/l0.05,always_multiD,0,4
200,cross/offaxis/l0.05,union4_bonf,0,3
200,cross/offaxis/l0.05,dci_v3,0,3
200,cross/offaxis/l0.05,dci_v3_a8,0,3
200,cross/offaxis/l0.05,best_axis_oracle,0,0
200,cross/offaxis/l0.05,every_k2,0,3
200,cross/offaxis/l0.05,adwin,0,0
200,cross/offaxis/l0.05,mcusum,0,0
200,cross/offaxis/l0.05,sketch1,0,1
201,cross/offaxis/l0.1,always_multiD,0,3
201,cross/offaxis/l0.1,union4_bonf,0,3
201,cross/offaxis/l0.1,dci_v3,0,3
201,cross/offaxis/l0.1,dci_v3_a8,0,3
201,cross/offaxis/l0.1,best_axis_oracle,0,0
201,cross/offaxis/l0.1,every_k2,0,1
201,cross/offaxis/l0.1,adwin,0,0
201,cross/offaxis/l0.1,mcusum,0,0
201,cross/offaxis/l0.1,sketch1,0,1
202,cross/offaxis/l0.2,always_multiD,0,5
202,cross/offaxis/l0.2,union4_bonf,0,1
202,cross/offaxis/l0.2,dci_v3,0,1
202,cross/offaxis/l0.2,dci_v3_a8,0,2
202,cross/offaxis/l0.2,best_axis_oracle,0,0
202,cross/offaxis/l0.2,every_k2,0,2
202,cross/offaxis/l0.2,adwin,0,0
202,cross/offaxis/l0.2,mcusum,0,0
202,cross/offaxis/l0.2,sketch1,0,2
203,cross/offaxis/l0.4,always_multiD,1,5
203,cross/offaxis/l0.4,union4_bonf,0,1
203,cross/offaxis/l0.4,dci_v3,0,1
203,cross/offaxis/l0.4,dci_v3_a8,0,1
203,cross/offaxis/l0.4,best_axis_oracle,0,0
203,cross/offaxis/l0.4,every_k2,0,4
203,cross/offaxis/l0.4,adwin,0,0
203,cross/offaxis/l0.4,mcusum,0,0
203,cross/offaxis/l0.4,sketch1,0,1
204,cross/offaxis/l1,always_multiD,1,9
204,cross/offaxis/l1,union4_bonf,1,7
204,cross/offaxis/l1,dci_v3,1,9
204,cross/offaxis/l1,dci_v3_a8,1,9
204,cross/offaxis/l1,best_axis_oracle,1,0
204,cross/offaxis/l1,every_k2,0,4
204,cross/offaxis/l1,adwin,0,0
204,cross/offaxis/l1,mcusum,0,3
204,cross/offaxis/l1,sketch1,1,9
205,cross/offaxis/l0.05,always_multiD,0,3
205,cross/offaxis/l0.05,union4_bonf,0,2
205,cross/offaxis/l0.05,dci_v3,0,2
205,cross/offaxis/l0.05,dci_v3_a8,0,3
205,cross/offaxis/l0.05,best_axis_oracle,0,0
205,cross/offaxis/l0.05,every_k2,0,2
205,cross/offaxis/l0.05,adwin,0,0
205,cross/offaxis/l0.05,mcusum,0,0
205,cross/offaxis/l0.05,sketch1,0,2
206,cross/offaxis/l0.1,always_multiD,0,4
206,cross/offaxis/l0.1,union4_bonf,0,2
206,cross/offaxis/l0.1,dci_v3,0,2
206,cross/offaxis/l0.1,dci_v3_a8,0,2
206,cross/offaxis/l0.1,best_axis_oracle,0,0
206,cross/offaxis/l0.1,every_k2,0,1
206,cross/offaxis/l0.1,adwin,0,0
206,cross/offaxis/l0.1,mcusum,0,0
206,cross/offaxis/l0.1,sketch1,0,2
207,cross/offaxis/l0.2,always_multiD,0,4
207,cross/offaxis/l0.2,union4_bonf,0,2
207,cross/offaxis/l0.2,dci_v3,0,2
207,cross/offaxis/l0.2,dci_v3_a8,0,2
207,cross/offaxis/l0.2,best_axis_oracle,0,0
207,cross/offaxis/l0.2,every_k2,0,1
207,cross/offaxis/l0.2,adwin,0,0
207,cross/offaxis/l0.2,mcusum,0,0
207,cross/offaxis/l0.2,sketch1,0,2
208,cross/offaxis/l0.4,always_multiD,0,8
208,cross/offaxis/l0.4,union4_bonf,0,4
208,cross/offaxis/l0.4,dci_v3,0,7
208,cross/offaxis/l0.4,dci_v3_a8,0,7
208,cross/offaxis/l0.4,best_axis_oracle,0,0
208,cross/offaxis/l0.4,every_k2,0,4
208,cross/offaxis/l0.4,adwin,0,0
208,cross/offaxis/l0.4,mcusum,0,0
208,cross/offaxis/l0.4,sketch1,0,5
209,cross/offaxis/l1,always_multiD,1,11
209,cross/offaxis/l1,union4_bonf,1,5
209,cross/offaxis/l1,dci_v3,1,11
209,cross/offaxis/l1,dci_v3_a8,1,11
209,cross/offaxis/l1,best_axis_oracle,1,8
209,cross/offaxis/l1,every_k2,0,6
209,cross/offaxis/l1,adwin,0,0
209,cross/offaxis/l1,mcusum,0,2
209,cross/offaxis/l1,sketch1,1,6
210,cross/offaxis/l0.05,always_multiD,0,4
210,cross/offaxis/l0.05,union4_bonf,0,3
210,cross/offaxis/l0.05,dci_v3,0,3
210,cross/offaxis/l0.05,dci_v3_a8,0,3
210,cross/offaxis/l0.05,best_axis_oracle,0,0
210,cross/offaxis/l0.05,every_k2,0,1
210,cross/offaxis/l0.05,adwin,0,0
210,cross/offaxis/l0.05,mcusum,0,0
210,cross/offaxis/l0.05,sketch1,0,1
211,cross/offaxis/l0.1,always_multiD,0,3
211,cross/offaxis/l0.1,union4_bonf,0,2
211,cross/offaxis/l0.1,dci_v3,0,2
211,cross/offaxis/l0.1,dci_v3_a8,0,2
211,cross/offaxis/l0.1,best_axis_oracle,0,0
211,cross/offaxis/l0.1,every_k2,0,1
211,cross/offaxis/l0.1,adwin,0,0
211,cross/offaxis/l0.1,mcusum,0,0
211,cross/offaxis/l0.1,sketch1,0,1
212,cross/offaxis/l0.2,always_multiD,0,5
212,cross/offaxis/l0.2,union4_bonf,0,3
212,cross/offaxis/l0.2,dci_v3,0,3
212,cross/offaxis/l0.2,dci_v3_a8,0,3
212,cross/offaxis/l0.2,best_axis_oracle,0,0
212,cross/offaxis/l0.2,every_k2,0,2
212,cross/offaxis/l0.2,adwin,0,0
212,cross/offaxis/l0.2,mcusum,0,0
212,cross/offaxis/l0.2,sketch1,0,2
213,cross/offaxis/l0.4,always_multiD,0,4
213,cross/offaxis/l0.4,union4_bonf,0,1
213,cross/offaxis/l0.4,dci_v3,0,1
213,cross/offaxis/l0.4,dci_v3_a8,0,2
213,cross/offaxis/l0.4,best_axis_oracle,0,0
213,cross/offaxis/l0.4,every_k2,0,3
213,cross/offaxis/l0.4,adwin,0,0
213,cross/offaxis/l0.4,mcusum,0,0
213,cross/offaxis/l0.4,sketch1,0,1
214,cross/offaxis/l1,always_multiD,1,11
214,cross/offaxis/l1,union4_bonf,1,11
214,cross/offaxis/l1,dci_v3,1,11
214,cross/offaxis/l1,dci_v3_a8,1,11
214,cross/offaxis/l1,best_axis_oracle,1,0
214,cross/offaxis/l1,every_k2,0,6
214,cross/offaxis/l1,adwin,0,0
214,cross/offaxis/l1,mcusum,0,11
214,cross/offaxis/l1,sketch1,1,11
215,cross/offaxis/l0.05,always_multiD,0,4
215,cross/offaxis/l0.05,union4_bonf,0,3
215,cross/offaxis/l0.05,dci_v3,0,3
215,cross/offaxis/l0.05,dci_v3_a8,0,2
215,cross/offaxis/l0.05,best_axis_oracle,0,0
215,cross/offaxis/l0.05,every_k2,0,3
215,cross/offaxis/l0.05,adwin,0,0
215,cross/offaxis/l0.05,mcusum,0,0
215,cross/offaxis/l0.05,sketch1,0,1
216,cross/offaxis/l0.1,always_multiD,0,3
216,cross/offaxis/l0.1,union4_bonf,0,3
216,cross/offaxis/l0.1,dci_v3,0,3
216,cross/offaxis/l0.1,dci_v3_a8,0,3
216,cross/offaxis/l0.1,best_axis_oracle,0,0
216,cross/offaxis/l0.1,every_k2,0,2
216,cross/offaxis/l0.1,adwin,0,0
216,cross/offaxis/l0.1,mcusum,0,0
216,cross/offaxis/l0.1,sketch1,0,1
217,cross/offaxis/l0.2,always_multiD,0,4
217,cross/offaxis/l0.2,union4_bonf,0,2
217,cross/offaxis/l0.2,dci_v3,0,2
217,cross/offaxis/l0.2,dci_v3_a8,0,2
217,cross/offaxis/l0.2,best_axis_oracle,0,0
217,cross/offaxis/l0.2,every_k2,0,3
217,cross/offaxis/l0.2,adwin,0,0
217,cross/offaxis/l0.2,mcusum,0,0
217,cross/offaxis/l0.2,sketch1,0,2
218,cross/offaxis/l0.4,always_multiD,0,4
218,cross/offaxis/l0.4,union4_bonf,0,1
218,cross/offaxis/l0.4,dci_v3,0,1
218,cross/offaxis/l0.4,dci_v3_a8,0,1
218,cross/offaxis/l0.4,best_axis_oracle,0,0
218,cross/offaxis/l0.4,every_k2,0,1
218,cross/offaxis/l0.4,adwin,0,0
218,cross/offaxis/l0.4,mcusum,0,0
218,cross/offaxis/l0.4,sketch1,0,1
219,cross/offaxis/l1,always_multiD,1,11
219,cross/offaxis/l1,union4_bonf,1,11
219,cross/offaxis/l1,dci_v3,1,11
219,cross/offaxis/l1,dci_v3_a8,1,11
219,cross/offaxis/l1,best_axis_oracle,1,0
219,cross/offaxis/l1,every_k2,0,6
219,cross/offaxis/l1,adwin,0,0
219,cross/offaxis/l1,mcusum,0,11
219,cross/offaxis/l1,sketch1,1,11
220,cross/offaxis/l0.05,always_multiD,0,4
220,cross/offaxis/l0.05,union4_bonf,0,3
220,cross/offaxis/l0.05,dci_v3,0,3
220,cross/offaxis/l0.05,dci_v3_a8,0,2
220,cross/offaxis/l0.05,best_axis_oracle,0,0
220,cross/offaxis/l0.05,every_k2,0,1
220,cross/offaxis/l0.05,adwin,0,0
220,cross/offaxis/l0.05,mcusum,0,0
220,cross/offaxis/l0.05,sketch1,0,1
221,cross/offaxis/l0.1,always_multiD,0,3
221,cross/offaxis/l0.1,union4_bonf,0,3
221,cross/offaxis/l0.1,dci_v3,0,3
221,cross/offaxis/l0.1,dci_v3_a8,0,3
221,cross/offaxis/l0.1,best_axis_oracle,0,0
221,cross/offaxis/l0.1,every_k2,0,1
221,cross/offaxis/l0.1,adwin,0,0
221,cross/offaxis/l0.1,mcusum,0,0
221,cross/offaxis/l0.1,sketch1,0,1
222,cross/offaxis/l0.2,always_multiD,0,4
222,cross/offaxis/l0.2,union4_bonf,0,3
222,cross/offaxis/l0.2,dci_v3,0,3
222,cross/offaxis/l0.2,dci_v3_a8,0,3
222,cross/offaxis/l0.2,best_axis_oracle,0,0
222,cross/offaxis/l0.2,every_k2,0,3
222,cross/offaxis/l0.2,adwin,0,0
222,cross/offaxis/l0.2,mcusum,0,0
222,cross/offaxis/l0.2,sketch1,0,2
223,cross/offaxis/l0.4,always_multiD,1,4
223,cross/offaxis/l0.4,union4_bonf,0,1
223,cross/offaxis/l0.4,dci_v3,0,1
223,cross/offaxis/l0.4,dci_v3_a8,0,1
223,cross/offaxis/l0.4,best_axis_oracle,0,0
223,cross/offaxis/l0.4,every_k2,0,3
223,cross/offaxis/l0.4,adwin,0,0
223,cross/offaxis/l0.4,mcusum,0,0
223,cross/offaxis/l0.4,sketch1,0,1
224,cross/offaxis/l1,always_multiD,1,11
224,cross/offaxis/l1,union4_bonf,1,11
224,cross/offaxis/l1,dci_v3,1,11
224,cross/offaxis/l1,dci_v3_a8,1,11
224,cross/offaxis/l1,best_axis_oracle,1,0
224,cross/offaxis/l1,every_k2,0,6
224,cross/offaxis/l1,adwin,0,0
224,cross/offaxis/l1,mcusum,0,11
224,cross/offaxis/l1,sketch1,1,11
225,cross/offaxis/l0.05,always_multiD,0,4
225,cross/offaxis/l0.05,union4_bonf,0,3
225,cross/offaxis/l0.05,dci_v3,0,3
225,cross/offaxis/l0.05,dci_v3_a8,0,4
225,cross/offaxis/l0.05,best_axis_oracle,0,0
225,cross/offaxis/l0.05,every_k2,0,3
225,cross/offaxis/l0.05,adwin,0,0
225,cross/offaxis/l0.05,mcusum,0,0
225,cross/offaxis/l0.05,sketch1,0,1
226,cross/offaxis/l0.1,always_multiD,0,3
226,cross/offaxis/l0.1,union4_bonf,0,3
226,cross/offaxis/l0.1,dci_v3,0,3
226,cross/offaxis/l0.1,dci_v3_a8,0,2
226,cross/offaxis/l0.1,best_axis_oracle,0,0
226,cross/offaxis/l0.1,every_k2,0,1
226,cross/offaxis/l0.1,adwin,0,0
226,cross/offaxis/l0.1,mcusum,0,0
226,cross/offaxis/l0.1,sketch1,0,1
227,cross/offaxis/l0.2,always_multiD,0,4
227,cross/offaxis/l0.2,union4_bonf,0,3
227,cross/offaxis/l0.2,dci_v3,0,3
227,cross/offaxis/l0.2,dci_v3_a8,0,4
227,cross/offaxis/l0.2,best_axis_oracle,0,0
227,cross/offaxis/l0.2,every_k2,0,2
227,cross/offaxis/l0.2,adwin,0,0
227,cross/offaxis/l0.2,mcusum,0,0
227,cross/offaxis/l0.2,sketch1,0,2
228,cross/offaxis/l0.4,always_multiD,0,4
228,cross/offaxis/l0.4,union4_bonf,0,1
228,cross/offaxis/l0.4,dci_v3,0,1
228,cross/offaxis/l0.4,dci_v3_a8,0,1
228,cross/offaxis/l0.4,best_axis_oracle,0,0
228,cross/offaxis/l0.4,every_k2,0,1
228,cross/offaxis/l0.4,adwin,0,0
228,cross/offaxis/l0.4,mcusum,0,0
228,cross/offaxis/l0.4,sketch1,0,1
229,cross/offaxis/l1,always_multiD,1,11
229,cross/offaxis/l1,union4_bonf,1,11
229,cross/offaxis/l1,dci_v3,1,11
229,cross/offaxis/l1,dci_v3_a8,1,11
229,cross/offaxis/l1,best_axis_oracle,1,0
229,cross/offaxis/l1,every_k2,1,5
229,cross/offaxis/l1,adwin,0,0
229,cross/offaxis/l1,mcusum,0,11
229,cross/offaxis/l1,sketch1,1,11
230,cross/offaxis/l0.05,always_multiD,0,3
230,cross/offaxis/l0.05,union4_bonf,0,3
230,cross/offaxis/l0.05,dci_v3,0,3
230,cross/offaxis/l0.05,dci_v3_a8,0,4
230,cross/offaxis/l0.05,best_axis_oracle,0,0
230,cross/offaxis/l0.05,every_k2,0,2
230,cross/offaxis/l0.05,adwin,0,0
230,cross/offaxis/l0.05,mcusum,0,0
230,cross/offaxis/l0.05,sketch1,0,1
231,cross/offaxis/l0.1,always_multiD,0,3
231,cross/offaxis/l0.1,union4_bonf,0,3
231,cross/offaxis/l0.1,dci_v3,0,3
231,cross/offaxis/l0.1,dci_v3_a8,0,4
231,cross/offaxis/l0.1,best_axis_oracle,0,0
231,cross/offaxis/l0.1,every_k2,0,1
231,cross/offaxis/l0.1,adwin,0,0
231,cross/offaxis/l0.1,mcusum,0,0
231,cross/offaxis/l0.1,sketch1,0,1
232,cross/offaxis/l0.2,always_multiD,0,4
232,cross/offaxis/l0.2,union4_bonf,0,2
232,cross/offaxis/l0.2,dci_v3,0,2
232,cross/offaxis/l0.2,dci_v3_a8,0,2
232,cross/offaxis/l0.2,best_axis_oracle,0,0
232,cross/offaxis/l0.2,every_k2,0,1
232,cross/offaxis/l0.2,adwin,0,0
232,cross/offaxis/l0.2,mcusum,0,0
232,cross/offaxis/l0.2,sketch1,0,2
233,cross/offaxis/l0.4,always_multiD,0,4
233,cross/offaxis/l0.4,union4_bonf,0,2
233,cross/offaxis/l0.4,dci_v3,0,2
233,cross/offaxis/l0.4,dci_v3_a8,0,2
233,cross/offaxis/l0.4,best_axis_oracle,0,0
233,cross/offaxis/l0.4,every_k2,0,3
233,cross/offaxis/l0.4,adwin,0,0
233,cross/offaxis/l0.4,mcusum,0,0
233,cross/offaxis/l0.4,sketch1,0,1
234,cross/offaxis/l1,always_multiD,1,11
234,cross/offaxis/l1,union4_bonf,1,11
234,cross/offaxis/l1,dci_v3,1,11
234,cross/offaxis/l1,dci_v3_a8,1,11
234,cross/offaxis/l1,best_axis_oracle,1,0
234,cross/offaxis/l1,every_k2,0,6
234,cross/offaxis/l1,adwin,0,0
234,cross/offaxis/l1,mcusum,0,11
234,cross/offaxis/l1,sketch1,1,11
235,cross/offaxis/l0.05,always_multiD,0,5
235,cross/offaxis/l0.05,union4_bonf,0,3
235,cross/offaxis/l0.05,dci_v3,0,3
235,cross/offaxis/l0.05,dci_v3_a8,0,3
235,cross/offaxis/l0.05,best_axis_oracle,0,0
235,cross/offaxis/l0.05,every_k2,0,4
235,cross/offaxis/l0.05,adwin,0,0
235,cross/offaxis/l0.05,mcusum,0,0
235,cross/offaxis/l0.05,sketch1,0,2
236,cross/offaxis/l0.1,always_multiD,0,3
236,cross/offaxis/l0.1,union4_bonf,0,3
236,cross/offaxis/l0.1,dci_v3,0,3
236,cross/offaxis/l0.1,dci_v3_a8,0,3
236,cross/offaxis/l0.1,best_axis_oracle,0,0
236,cross/offaxis/l0.1,every_k2,0,2
236,cross/offaxis/l0.1,adwin,0,0
236,cross/offaxis/l0.1,mcusum,0,0
236,cross/offaxis/l0.1,sketch1,0,1
237,cross/offaxis/l0.2,always_multiD,0,3
237,cross/offaxis/l0.2,union4_bonf,0,3
237,cross/offaxis/l0.2,dci_v3,0,3
237,cross/offaxis/l0.2,dci_v3_a8,0,3
237,cross/offaxis/l0.2,best_axis_oracle,0,0
237,cross/offaxis/l0.2,every_k2,0,2
237,cross/offaxis/l0.2,adwin,0,0
237,cross/offaxis/l0.2,mcusum,0,0
237,cross/offaxis/l0.2,sketch1,0,1
238,cross/offaxis/l0.4,always_multiD,0,4
238,cross/offaxis/l0.4,union4_bonf,0,0
238,cross/offaxis/l0.4,dci_v3,0,0
238,cross/offaxis/l0.4,dci_v3_a8,0,0
238,cross/offaxis/l0.4,best_axis_oracle,0,0
238,cross/offaxis/l0.4,every_k2,0,1
238,cross/offaxis/l0.4,adwin,0,0
238,cross/offaxis/l0.4,mcusum,0,0
238,cross/offaxis/l0.4,sketch1,0,1
239,cross/offaxis/l1,always_multiD,1,11
239,cross/offaxis/l1,union4_bonf,1,11
239,cross/offaxis/l1,dci_v3,1,11
239,cross/offaxis/l1,dci_v3_a8,1,11
239,cross/offaxis/l1,best_axis_oracle,1,0
239,cross/offaxis/l1,every_k2,1,5
239,cross/offaxis/l1,adwin,0,0
239,cross/offaxis/l1,mcusum,0,11
239,cross/offaxis/l1,sketch1,1,11
240,cross/offaxis/l0.05,always_multiD,0,4
240,cross/offaxis/l0.05,union4_bonf,0,3
240,cross/offaxis/l0.05,dci_v3,0,3
240,cross/offaxis/l0.05,dci_v3_a8,0,4
240,cross/offaxis/l0.05,best_axis_oracle,0,0
240,cross/offaxis/l0.05,every_k2,0,1
240,cross/offaxis/l0.05,adwin,0,0
240,cross/offaxis/l0.05,mcusum,0,0
240,cross/offaxis/l0.05,sketch1,0,1
241,cross/offaxis/l0.1,always_multiD,0,3
241,cross/offaxis/l0.1,union4_bonf,0,3
241,cross/offaxis/l0.1,dci_v3,0,3
241,cross/offaxis/l0.1,dci_v3_a8,0,2
241,cross/offaxis/l0.1,best_axis_oracle,0,0
241,cross/offaxis/l0.1,every_k2,0,2
241,cross/offaxis/l0.1,adwin,0,0
241,cross/offaxis/l0.1,mcusum,0,0
241,cross/offaxis/l0.1,sketch1,0,1
242,cross/offaxis/l0.2,always_multiD,0,3
242,cross/offaxis/l0.2,union4_bonf,0,2
242,cross/offaxis/l0.2,dci_v3,0,2
242,cross/offaxis/l0.2,dci_v3_a8,0,1
242,cross/offaxis/l0.2,best_axis_oracle,0,0
242,cross/offaxis/l0.2,every_k2,0,2
242,cross/offaxis/l0.2,adwin,0,0
242,cross/offaxis/l0.2,mcusum,0,0
242,cross/offaxis/l0.2,sketch1,0,1
243,cross/offaxis/l0.4,always_multiD,0,4
243,cross/offaxis/l0.4,union4_bonf,0,1
243,cross/offaxis/l0.4,dci_v3,0,1
243,cross/offaxis/l0.4,dci_v3_a8,0,2
243,cross/offaxis/l0.4,best_axis_oracle,0,0
243,cross/offaxis/l0.4,every_k2,0,3
243,cross/offaxis/l0.4,adwin,0,0
243,cross/offaxis/l0.4,mcusum,0,0
243,cross/offaxis/l0.4,sketch1,0,1
244,cross/offaxis/l1,always_multiD,1,11
244,cross/offaxis/l1,union4_bonf,1,11
244,cross/offaxis/l1,dci_v3,1,11
244,cross/offaxis/l1,dci_v3_a8,1,11
244,cross/offaxis/l1,best_axis_oracle,1,0
244,cross/offaxis/l1,every_k2,1,5
244,cross/offaxis/l1,adwin,0,0
244,cross/offaxis/l1,mcusum,0,11
244,cross/offaxis/l1,sketch1,1,11
245,cross/offaxis/l0.05,always_multiD,0,3
245,cross/offaxis/l0.05,union4_bonf,0,2
245,cross/offaxis/l0.05,dci_v3,0,2
245,cross/offaxis/l0.05,dci_v3_a8,0,2
245,cross/offaxis/l0.05,best_axis_oracle,0,0
245,cross/offaxis/l0.05,every_k2,0,1
245,cross/offaxis/l0.05,adwin,0,0
245,cross/offaxis/l0.05,mcusum,0,0
245,cross/offaxis/l0.05,sketch1,0,1
246,cross/offaxis/l0.1,always_multiD,0,3
246,cross/offaxis/l0.1,union4_bonf,0,2
246,cross/offaxis/l0.1,dci_v3,0,2
246,cross/offaxis/l0.1,dci_v3_a8,0,2
246,cross/offaxis/l0.1,best_axis_oracle,0,0
246,cross/offaxis/l0.1,every_k2,0,2
246,cross/offaxis/l0.1,adwin,0,0
246,cross/offaxis/l0.1,mcusum,0,0
246,cross/offaxis/l0.1,sketch1,0,2
247,cross/offaxis/l0.2,always_multiD,0,2
247,cross/offaxis/l0.2,union4_bonf,0,1
247,cross/offaxis/l0.2,dci_v3,0,1
247,cross/offaxis/l0.2,dci_v3_a8,0,1
247,cross/offaxis/l0.2,best_axis_oracle,0,0
247,cross/offaxis/l0.2,every_k2,0,1
247,cross/offaxis/l0.2,adwin,0,0
247,cross/offaxis/l0.2,mcusum,0,0
247,cross/offaxis/l0.2,sketch1,0,1
248,cross/offaxis/l0.4,always_multiD,0,3
248,cross/offaxis/l0.4,union4_bonf,0,0
248,cross/offaxis/l0.4,dci_v3,0,0
248,cross/offaxis/l0.4,dci_v3_a8,0,2
248,cross/offaxis/l0.4,best_axis_oracle,0,0
248,cross/offaxis/l0.4,every_k2,0,2
248,cross/offaxis/l0.4,adwin,0,0
248,cross/offaxis/l0.4,mcusum,0,0
248,cross/offaxis/l0.4,sketch1,0,2
249,cross/offaxis/l1,always_multiD,1,0
249,cross/offaxis/l1,union4_bonf,1,0
249,cross/offaxis/l1,dci_v3,1,0
249,cross/offaxis/l1,dci_v3_a8,1,0
249,cross/offaxis/l1,best_axis_oracle,1,0
249,cross/offaxis/l1,every_k2,1,0
249,cross/offaxis/l1,adwin,0,0
249,cross/offaxis/l1,mcusum,0,0
249,cross/offaxis/l1,sketch1,1,0
250,cross/offaxis/l0.05,always_multiD,0,3
250,cross/offaxis/l0.05,union4_bonf,0,2
250,cross/offaxis/l0.05,dci_v3,0,2
250,cross/offaxis/l0.05,dci_v3_a8,0,2
250,cross/offaxis/l0.05,best_axis_oracle,0,0
250,cross/offaxis/l0.05,every_k2,0,1
250,cross/offaxis/l0.05,adwin,0,0
250,cross/offaxis/l0.05,mcusum,0,0
250,cross/offaxis/l0.05,sketch1,0,2
251,cross/offaxis/l0.1,always_multiD,0,3
251,cross/offaxis/l0.1,union4_bonf,0,2
251,cross/offaxis/l0.1,dci_v3,0,2
251,cross/offaxis/l0.1,dci_v3_a8,0,2
251,cross/offaxis/l0.1,best_axis_oracle,0,0
251,cross/offaxis/l0.1,every_k2,0,2
251,cross/offaxis/l0.1,adwin,0,0
251,cross/offaxis/l0.1,mcusum,0,0
251,cross/offaxis/l0.1,sketch1,0,2
252,cross/offaxis/l0.2,always_multiD,0,3
252,cross/offaxis/l0.2,union4_bonf,0,1
252,cross/offaxis/l0.2,dci_v3,0,1
252,cross/offaxis/l0.2,dci_v3_a8,0,1
252,cross/offaxis/l0.2,best_axis_oracle,0,0
252,cross/offaxis/l0.2,every_k2,0,2
252,cross/offaxis/l0.2,adwin,0,0
252,cross/offaxis/l0.2,mcusum,0,0
252,cross/offaxis/l0.2,sketch1,0,2
253,cross/offaxis/l0.4,always_multiD,0,3
253,cross/offaxis/l0.4,union4_bonf,0,0
253,cross/offaxis/l0.4,dci_v3,0,0
253,cross/offaxis/l0.4,dci_v3_a8,0,0
253,cross/offaxis/l0.4,best_axis_oracle,0,0
253,cross/offaxis/l0.4,every_k2,0,1
253,cross/offaxis/l0.4,adwin,0,0
253,cross/offaxis/l0.4,mcusum,0,0
253,cross/offaxis/l0.4,sketch1,0,1
254,cross/offaxis/l1,always_multiD,1,0
254,cross/offaxis/l1,union4_bonf,1,0
254,cross/offaxis/l1,dci_v3,1,0
254,cross/offaxis/l1,dci_v3_a8,1,0
254,cross/offaxis/l1,best_axis_oracle,1,0
254,cross/offaxis/l1,every_k2,1,0
254,cross/offaxis/l1,adwin,0,0
254,cross/offaxis/l1,mcusum,0,0
254,cross/offaxis/l1,sketch1,1,0
255,cross/offaxis/l0.05,always_multiD,0,3
255,cross/offaxis/l0.05,union4_bonf,0,3
255,cross/offaxis/l0.05,dci_v3,0,3
255,cross/offaxis/l0.05,dci_v3_a8,0,3
255,cross/offaxis/l0.05,best_axis_oracle,0,0
255,cross/offaxis/l0.05,every_k2,0,1
255,cross/offaxis/l0.05,adwin,0,0
255,cross/offaxis/l0.05,mcusum,0,0
255,cross/offaxis/l0.05,sketch1,0,1
256,cross/offaxis/l0.1,always_multiD,0,2
256,cross/offaxis/l0.1,union4_bonf,0,3
256,cross/offaxis/l0.1,dci_v3,0,3
256,cross/offaxis/l0.1,dci_v3_a8,0,2
256,cross/offaxis/l0.1,best_axis_oracle,0,0
256,cross/offaxis/l0.1,every_k2,0,1
256,cross/offaxis/l0.1,adwin,0,0
256,cross/offaxis/l0.1,mcusum,0,0
256,cross/offaxis/l0.1,sketch1,0,1
257,cross/offaxis/l0.2,always_multiD,0,3
257,cross/offaxis/l0.2,union4_bonf,0,2
257,cross/offaxis/l0.2,dci_v3,0,2
257,cross/offaxis/l0.2,dci_v3_a8,0,2
257,cross/offaxis/l0.2,best_axis_oracle,0,0
257,cross/offaxis/l0.2,every_k2,0,1
257,cross/offaxis/l0.2,adwin,0,0
257,cross/offaxis/l0.2,mcusum,0,0
257,cross/offaxis/l0.2,sketch1,0,2
258,cross/offaxis/l0.4,always_multiD,1,3
258,cross/offaxis/l0.4,union4_bonf,0,1
258,cross/offaxis/l0.4,dci_v3,0,2
258,cross/offaxis/l0.4,dci_v3_a8,1,2
258,cross/offaxis/l0.4,best_axis_oracle,0,0
258,cross/offaxis/l0.4,every_k2,0,2
258,cross/offaxis/l0.4,adwin,0,0
258,cross/offaxis/l0.4,mcusum,0,0
258,cross/offaxis/l0.4,sketch1,0,2
259,cross/offaxis/l1,always_multiD,1,11
259,cross/offaxis/l1,union4_bonf,1,7
259,cross/offaxis/l1,dci_v3,1,11
259,cross/offaxis/l1,dci_v3_a8,1,11
259,cross/offaxis/l1,best_axis_oracle,1,0
259,cross/offaxis/l1,every_k2,0,6
259,cross/offaxis/l1,adwin,0,0
259,cross/offaxis/l1,mcusum,0,2
259,cross/offaxis/l1,sketch1,1,10
260,cross/offaxis/l0.05,always_multiD,0,3
260,cross/offaxis/l0.05,union4_bonf,0,3
260,cross/offaxis/l0.05,dci_v3,0,3
260,cross/offaxis/l0.05,dci_v3_a8,0,2
260,cross/offaxis/l0.05,best_axis_oracle,0,0
260,cross/offaxis/l0.05,every_k2,0,1
260,cross/offaxis/l0.05,adwin,0,0
260,cross/offaxis/l0.05,mcusum,0,0
260,cross/offaxis/l0.05,sketch1,0,1
261,cross/offaxis/l0.1,always_multiD,0,3
261,cross/offaxis/l0.1,union4_bonf,0,3
261,cross/offaxis/l0.1,dci_v3,0,3
261,cross/offaxis/l0.1,dci_v3_a8,0,3
261,cross/offaxis/l0.1,best_axis_oracle,0,0
261,cross/offaxis/l0.1,every_k2,0,1
261,cross/offaxis/l0.1,adwin,0,0
261,cross/offaxis/l0.1,mcusum,0,0
261,cross/offaxis/l0.1,sketch1,0,2
262,cross/offaxis/l0.2,always_multiD,0,5
262,cross/offaxis/l0.2,union4_bonf,0,2
262,cross/offaxis/l0.2,dci_v3,0,2
262,cross/offaxis/l0.2,dci_v3_a8,0,3
262,cross/offaxis/l0.2,best_axis_oracle,0,0
262,cross/offaxis/l0.2,every_k2,0,2
262,cross/offaxis/l0.2,adwin,0,0
262,cross/offaxis/l0.2,mcusum,0,0
262,cross/offaxis/l0.2,sketch1,0,2
263,cross/offaxis/l0.4,always_multiD,1,4
263,cross/offaxis/l0.4,union4_bonf,0,2
263,cross/offaxis/l0.4,dci_v3,0,3
263,cross/offaxis/l0.4,dci_v3_a8,0,4
263,cross/offaxis/l0.4,best_axis_oracle,0,0
263,cross/offaxis/l0.4,every_k2,0,3
263,cross/offaxis/l0.4,adwin,0,0
263,cross/offaxis/l0.4,mcusum,0,0
263,cross/offaxis/l0.4,sketch1,0,1
264,cross/offaxis/l1,always_multiD,1,6
264,cross/offaxis/l1,union4_bonf,1,1
264,cross/offaxis/l1,dci_v3,1,6
264,cross/offaxis/l1,dci_v3_a8,1,6
264,cross/offaxis/l1,best_axis_oracle,1,0
264,cross/offaxis/l1,every_k2,0,3
264,cross/offaxis/l1,adwin,0,0
264,cross/offaxis/l1,mcusum,0,1
264,cross/offaxis/l1,sketch1,1,9
265,cross/offaxis/l0.05,always_multiD,0,3
265,cross/offaxis/l0.05,union4_bonf,0,3
265,cross/offaxis/l0.05,dci_v3,0,3
265,cross/offaxis/l0.05,dci_v3_a8,0,4
265,cross/offaxis/l0.05,best_axis_oracle,0,0
265,cross/offaxis/l0.05,every_k2,0,1
265,cross/offaxis/l0.05,adwin,0,0
265,cross/offaxis/l0.05,mcusum,0,0
265,cross/offaxis/l0.05,sketch1,0,1
266,cross/offaxis/l0.1,always_multiD,0,3
266,cross/offaxis/l0.1,union4_bonf,0,3
266,cross/offaxis/l0.1,dci_v3,0,3
266,cross/offaxis/l0.1,dci_v3_a8,0,3
266,cross/offaxis/l0.1,best_axis_oracle,0,0
266,cross/offaxis/l0.1,every_k2,0,2
266,cross/offaxis/l0.1,adwin,0,0
266,cross/offaxis/l0.1,mcusum,0,0
266,cross/offaxis/l0.1,sketch1,0,2
267,cross/offaxis/l0.2,always_multiD,0,5
267,cross/offaxis/l0.2,union4_bonf,0,2
267,cross/offaxis/l0.2,dci_v3,0,2
267,cross/offaxis/l0.2,dci_v3_a8,0,2
267,cross/offaxis/l0.2,best_axis_oracle,0,0
267,cross/offaxis/l0.2,every_k2,0,2
267,cross/offaxis/l0.2,adwin,0,0
267,cross/offaxis/l0.2,mcusum,0,0
267,cross/offaxis/l0.2,sketch1,0,3
268,cross/offaxis/l0.4,always_multiD,1,3
268,cross/offaxis/l0.4,union4_bonf,0,2
268,cross/offaxis/l0.4,dci_v3,0,2
268,cross/offaxis/l0.4,dci_v3_a8,0,3
268,cross/offaxis/l0.4,best_axis_oracle,0,0
268,cross/offaxis/l0.4,every_k2,1,1
268,cross/offaxis/l0.4,adwin,0,0
268,cross/offaxis/l0.4,mcusum,0,0
268,cross/offaxis/l0.4,sketch1,0,1
269,cross/offaxis/l1,always_multiD,1,6
269,cross/offaxis/l1,union4_bonf,1,1
269,cross/offaxis/l1,dci_v3,1,6
269,cross/offaxis/l1,dci_v3_a8,1,6
269,cross/offaxis/l1,best_axis_oracle,1,0
269,cross/offaxis/l1,every_k2,1,3
269,cross/offaxis/l1,adwin,0,0
269,cross/offaxis/l1,mcusum,0,1
269,cross/offaxis/l1,sketch1,1,9
270,cross/offaxis/l0.05,always_multiD,0,4
270,cross/offaxis/l0.05,union4_bonf,0,3
270,cross/offaxis/l0.05,dci_v3,0,3
270,cross/offaxis/l0.05,dci_v3_a8,0,4
270,cross/offaxis/l0.05,best_axis_oracle,0,0
270,cross/offaxis/l0.05,every_k2,0,3
270,cross/offaxis/l0.05,adwin,0,0
270,cross/offaxis/l0.05,mcusum,0,0
270,cross/offaxis/l0.05,sketch1,0,1
271,cross/offaxis/l0.1,always_multiD,0,2
271,cross/offaxis/l0.1,union4_bonf,0,3
271,cross/offaxis/l0.1,dci_v3,0,3
271,cross/offaxis/l0.1,dci_v3_a8,0,2
271,cross/offaxis/l0.1,best_axis_oracle,0,0
271,cross/offaxis/l0.1,every_k2,0,1
271,cross/offaxis/l0.1,adwin,0,0
271,cross/offaxis/l0.1,mcusum,0,0
271,cross/offaxis/l0.1,sketch1,0,2
272,cross/offaxis/l0.2,always_multiD,0,3
272,cross/offaxis/l0.2,union4_bonf,0,3
272,cross/offaxis/l0.2,dci_v3,0,3
272,cross/offaxis/l0.2,dci_v3_a8,0,3
272,cross/offaxis/l0.2,best_axis_oracle,0,0
272,cross/offaxis/l0.2,every_k2,0,1
272,cross/offaxis/l0.2,adwin,0,0
272,cross/offaxis/l0.2,mcusum,0,0
272,cross/offaxis/l0.2,sketch1,0,3
273,cross/offaxis/l0.4,always_multiD,1,4
273,cross/offaxis/l0.4,union4_bonf,0,1
273,cross/offaxis/l0.4,dci_v3,0,2
273,cross/offaxis/l0.4,dci_v3_a8,0,2
273,cross/offaxis/l0.4,best_axis_oracle,0,0
273,cross/offaxis/l0.4,every_k2,1,2
273,cross/offaxis/l0.4,adwin,0,0
273,cross/offaxis/l0.4,mcusum,0,0
273,cross/offaxis/l0.4,sketch1,0,2
274,cross/offaxis/l1,always_multiD,1,11
274,cross/offaxis/l1,union4_bonf,1,7
274,cross/offaxis/l1,dci_v3,1,11
274,cross/offaxis/l1,dci_v3_a8,1,11
274,cross/offaxis/l1,best_axis_oracle,1,0
274,cross/offaxis/l1,every_k2,0,6
274,cross/offaxis/l1,adwin,0,0
274,cross/offaxis/l1,mcusum,0,2
274,cross/offaxis/l1,sketch1,1,10
275,cross/offaxis/l0.05,always_multiD,0,3
275,cross/offaxis/l0.05,union4_bonf,0,3
275,cross/offaxis/l0.05,dci_v3,0,3
275,cross/offaxis/l0.05,dci_v3_a8,0,3
275,cross/offaxis/l0.05,best_axis_oracle,0,0
275,cross/offaxis/l0.05,every_k2,0,2
275,cross/offaxis/l0.05,adwin,0,0
275,cross/offaxis/l0.05,mcusum,0,0
275,cross/offaxis/l0.05,sketch1,0,1
276,cross/offaxis/l0.1,always_multiD,0,3
276,cross/offaxis/l0.1,union4_bonf,0,3
276,cross/offaxis/l0.1,dci_v3,0,3
276,cross/offaxis/l0.1,dci_v3_a8,0,3
276,cross/offaxis/l0.1,best_axis_oracle,0,0
276,cross/offaxis/l0.1,every_k2,0,1
276,cross/offaxis/l0.1,adwin,0,0
276,cross/offaxis/l0.1,mcusum,0,0
276,cross/offaxis/l0.1,sketch1,0,1
277,cross/offaxis/l0.2,always_multiD,0,5
277,cross/offaxis/l0.2,union4_bonf,0,2
277,cross/offaxis/l0.2,dci_v3,0,2
277,cross/offaxis/l0.2,dci_v3_a8,0,2
277,cross/offaxis/l0.2,best_axis_oracle,0,0
277,cross/offaxis/l0.2,every_k2,0,3
277,cross/offaxis/l0.2,adwin,0,0
277,cross/offaxis/l0.2,mcusum,0,0
277,cross/offaxis/l0.2,sketch1,0,3
278,cross/offaxis/l0.4,always_multiD,1,3
278,cross/offaxis/l0.4,union4_bonf,0,2
278,cross/offaxis/l0.4,dci_v3,0,3
278,cross/offaxis/l0.4,dci_v3_a8,0,3
278,cross/offaxis/l0.4,best_axis_oracle,0,0
278,cross/offaxis/l0.4,every_k2,1,1
278,cross/offaxis/l0.4,adwin,0,0
278,cross/offaxis/l0.4,mcusum,0,0
278,cross/offaxis/l0.4,sketch1,0,2
279,cross/offaxis/l1,always_multiD,1,6
279,cross/offaxis/l1,union4_bonf,1,1
279,cross/offaxis/l1,dci_v3,1,6
279,cross/offaxis/l1,dci_v3_a8,1,6
279,cross/offaxis/l1,best_axis_oracle,1,0
279,cross/offaxis/l1,every_k2,1,3
279,cross/offaxis/l1,adwin,0,0
279,cross/offaxis/l1,mcusum,0,1
279,cross/offaxis/l1,sketch1,1,9
280,cross/offaxis/l0.05,always_multiD,0,3
280,cross/offaxis/l0.05,union4_bonf,0,2
280,cross/offaxis/l0.05,dci_v3,0,2
280,cross/offaxis/l0.05,dci_v3_a8,0,2
280,cross/offaxis/l0.05,best_axis_oracle,0,0
280,cross/offaxis/l0.05,every_k2,0,2
280,cross/offaxis/l0.05,adwin,0,0
280,cross/offaxis/l0.05,mcusum,0,0
280,cross/offaxis/l0.05,sketch1,0,3
281,cross/offaxis/l0.1,always_multiD,0,3
281,cross/offaxis/l0.1,union4_bonf,0,1
281,cross/offaxis/l0.1,dci_v3,0,1
281,cross/offaxis/l0.1,dci_v3_a8,0,1
281,cross/offaxis/l0.1,best_axis_oracle,0,0
281,cross/offaxis/l0.1,every_k2,0,1
281,cross/offaxis/l0.1,adwin,0,0
281,cross/offaxis/l0.1,mcusum,0,0
281,cross/offaxis/l0.1,sketch1,0,3
282,cross/offaxis/l0.2,always_multiD,0,2
282,cross/offaxis/l0.2,union4_bonf,0,0
282,cross/offaxis/l0.2,dci_v3,0,0
282,cross/offaxis/l0.2,dci_v3_a8,0,0
282,cross/offaxis/l0.2,best_axis_oracle,0,0
282,cross/offaxis/l0.2,every_k2,0,1
282,cross/offaxis/l0.2,adwin,0,0
282,cross/offaxis/l0.2,mcusum,0,0
282,cross/offaxis/l0.2,sketch1,0,3
283,cross/offaxis/l0.4,always_multiD,1,1
283,cross/offaxis/l0.4,union4_bonf,0,0
283,cross/offaxis/l0.4,dci_v3,0,0
283,cross/offaxis/l0.4,dci_v3_a8,1,0
283,cross/offaxis/l0.4,best_axis_oracle,0,0
283,cross/offaxis/l0.4,every_k2,1,0
283,cross/offaxis/l0.4,adwin,0,0
283,cross/offaxis/l0.4,mcusum,0,0
283,cross/offaxis/l0.4,sketch1,0,1
284,cross/offaxis/l1,always_multiD,1,0
284,cross/offaxis/l1,union4_bonf,1,0
284,cross/offaxis/l1,dci_v3,1,0
284,cross/offaxis/l1,dci_v3_a8,1,0
284,cross/offaxis/l1,best_axis_oracle,1,0
284,cross/offaxis/l1,every_k2,1,0
284,cross/offaxis/l1,adwin,0,0
284,cross/offaxis/l1,mcusum,0,0
284,cross/offaxis/l1,sketch1,1,0
285,cross/offaxis/l0.05,always_multiD,0,3
285,cross/offaxis/l0.05,union4_bonf,0,2
285,cross/offaxis/l0.05,dci_v3,0,2
285,cross/offaxis/l0.05,dci_v3_a8,0,1
285,cross/offaxis/l0.05,best_axis_oracle,0,0
285,cross/offaxis/l0.05,every_k2,0,1
285,cross/offaxis/l0.05,adwin,0,0
285,cross/offaxis/l0.05,mcusum,0,0
285,cross/offaxis/l0.05,sketch1,0,3
286,cross/offaxis/l0.1,always_multiD,0,3
286,cross/offaxis/l0.1,union4_bonf,0,1
286,cross/offaxis/l0.1,dci_v3,0,1
286,cross/offaxis/l0.1,dci_v3_a8,0,1
286,cross/offaxis/l0.1,best_axis_oracle,0,0
286,cross/offaxis/l0.1,every_k2,0,2
286,cross/offaxis/l0.1,adwin,0,0
286,cross/offaxis/l0.1,mcusum,0,0
286,cross/offaxis/l0.1,sketch1,0,3
287,cross/offaxis/l0.2,always_multiD,0,2
287,cross/offaxis/l0.2,union4_bonf,0,1
287,cross/offaxis/l0.2,dci_v3,0,1
287,cross/offaxis/l0.2,dci_v3_a8,0,2
287,cross/offaxis/l0.2,best_axis_oracle,0,0
287,cross/offaxis/l0.2,every_k2,0,1
287,cross/offaxis/l0.2,adwin,0,0
287,cross/offaxis/l0.2,mcusum,0,0
287,cross/offaxis/l0.2,sketch1,0,3
288,cross/offaxis/l0.4,always_multiD,1,1
288,cross/offaxis/l0.4,union4_bonf,0,0
288,cross/offaxis/l0.4,dci_v3,0,0
288,cross/offaxis/l0.4,dci_v3_a8,0,0
288,cross/offaxis/l0.4,best_axis_oracle,0,0
288,cross/offaxis/l0.4,every_k2,1,0
288,cross/offaxis/l0.4,adwin,0,0
288,cross/offaxis/l0.4,mcusum,0,0
288,cross/offaxis/l0.4,sketch1,0,1
289,cross/offaxis/l1,always_multiD,1,0
289,cross/offaxis/l1,union4_bonf,1,0
289,cross/offaxis/l1,dci_v3,1,0
289,cross/offaxis/l1,dci_v3_a8,1,0
289,cross/offaxis/l1,best_axis_oracle,1,0
289,cross/offaxis/l1,every_k2,1,0
289,cross/offaxis/l1,adwin,0,0
289,cross/offaxis/l1,mcusum,0,0
289,cross/offaxis/l1,sketch1,1,0
290,cross/offaxis/l0.05,always_multiD,0,4
290,cross/offaxis/l0.05,union4_bonf,0,2
290,cross/offaxis/l0.05,dci_v3,0,2
290,cross/offaxis/l0.05,dci_v3_a8,0,3
290,cross/offaxis/l0.05,best_axis_oracle,0,0
290,cross/offaxis/l0.05,every_k2,0,1
290,cross/offaxis/l0.05,adwin,0,0
290,cross/offaxis/l0.05,mcusum,0,0
290,cross/offaxis/l0.05,sketch1,0,3
291,cross/offaxis/l0.1,always_multiD,0,3
291,cross/offaxis/l0.1,union4_bonf,0,1
291,cross/offaxis/l0.1,dci_v3,0,1
291,cross/offaxis/l0.1,dci_v3_a8,0,1
291,cross/offaxis/l0.1,best_axis_oracle,0,0
291,cross/offaxis/l0.1,every_k2,0,1
291,cross/offaxis/l0.1,adwin,0,0
291,cross/offaxis/l0.1,mcusum,0,0
291,cross/offaxis/l0.1,sketch1,0,3
292,cross/offaxis/l0.2,always_multiD,0,3
292,cross/offaxis/l0.2,union4_bonf,0,1
292,cross/offaxis/l0.2,dci_v3,0,1
292,cross/offaxis/l0.2,dci_v3_a8,0,1
292,cross/offaxis/l0.2,best_axis_oracle,0,0
292,cross/offaxis/l0.2,every_k2,0,2
292,cross/offaxis/l0.2,adwin,0,0
292,cross/offaxis/l0.2,mcusum,0,0
292,cross/offaxis/l0.2,sketch1,0,3
293,cross/offaxis/l0.4,always_multiD,1,1
293,cross/offaxis/l0.4,union4_bonf,0,0
293,cross/offaxis/l0.4,dci_v3,0,0
293,cross/offaxis/l0.4,dci_v3_a8,0,0
293,cross/offaxis/l0.4,best_axis_oracle,0,0
293,cross/offaxis/l0.4,every_k2,0,1
293,cross/offaxis/l0.4,adwin,0,0
293,cross/offaxis/l0.4,mcusum,0,0
293,cross/offaxis/l0.4,sketch1,0,4
294,cross/offaxis/l1,always_multiD,1,0
294,cross/offaxis/l1,union4_bonf,1,0
294,cross/offaxis/l1,dci_v3,1,0
294,cross/offaxis/l1,dci_v3_a8,1,0
294,cross/offaxis/l1,best_axis_oracle,1,0
294,cross/offaxis/l1,every_k2,0,0
294,cross/offaxis/l1,adwin,0,0
294,cross/offaxis/l1,mcusum,0,0
294,cross/offaxis/l1,sketch1,1,0
295,cross/offaxis/l0.05,always_multiD,0,3
295,cross/offaxis/l0.05,union4_bonf,0,2
295,cross/offaxis/l0.05,dci_v3,0,2
295,cross/offaxis/l0.05,dci_v3_a8,0,2
295,cross/offaxis/l0.05,best_axis_oracle,0,0
295,cross/offaxis/l0.05,every_k2,0,2
295,cross/offaxis/l0.05,adwin,0,0
295,cross/offaxis/l0.05,mcusum,0,0
295,cross/offaxis/l0.05,sketch1,0,2
296,cross/offaxis/l0.1,always_multiD,0,3
296,cross/offaxis/l0.1,union4_bonf,0,1
296,cross/offaxis/l0.1,dci_v3,0,1
296,cross/offaxis/l0.1,dci_v3_a8,0,2
296,cross/offaxis/l0.1,best_axis_oracle,0,0
296,cross/offaxis/l0.1,every_k2,0,2
296,cross/offaxis/l0.1,adwin,0,0
296,cross/offaxis/l0.1,mcusum,0,0
296,cross/offaxis/l0.1,sketch1,0,3
297,cross/offaxis/l0.2,always_multiD,0,3
297,cross/offaxis/l0.2,union4_bonf,0,1
297,cross/offaxis/l0.2,dci_v3,0,1
297,cross/offaxis/l0.2,dci_v3_a8,0,1
297,cross/offaxis/l0.2,best_axis_oracle,0,0
297,cross/offaxis/l0.2,every_k2,0,2
297,cross/offaxis/l0.2,adwin,0,0
297,cross/offaxis/l0.2,mcusum,0,0
297,cross/offaxis/l0.2,sketch1,0,3
298,cross/offaxis/l0.4,always_multiD,1,1
298,cross/offaxis/l0.4,union4_bonf,0,0
298,cross/offaxis/l0.4,dci_v3,0,0
298,cross/offaxis/l0.4,dci_v3_a8,0,0
298,cross/offaxis/l0.4,best_axis_oracle,0,0
298,cross/offaxis/l0.4,every_k2,0,1
298,cross/offaxis/l0.4,adwin,0,0
298,cross/offaxis/l0.4,mcusum,0,0
298,cross/offaxis/l0.4,sketch1,0,3
299,cross/offaxis/l1,always_multiD,1,0
299,cross/offaxis/l1,union4_bonf,1,0
299,cross/offaxis/l1,dci_v3,1,0
299,cross/offaxis/l1,dci_v3_a8,1,0
299,cross/offaxis/l1,best_axis_oracle,1,0
299,cross/offaxis/l1,every_k2,0,0
299,cross/offaxis/l1,adwin,0,0
299,cross/offaxis/l1,mcusum,0,0
299,cross/offaxis/l1,sketch1,1,0
300,cross/offaxis/l0.05,always_multiD,0,4
300,cross/offaxis/l0.05,union4_bonf,0,2
300,cross/offaxis/l0.05,dci_v3,0,2
300,cross/offaxis/l0.05,dci_v3_a8,0,2
300,cross/offaxis/l0.05,best_axis_oracle,0,0
300,cross/offaxis/l0.05,every_k2,0,3
300,cross/offaxis/l0.05,adwin,0,0
300,cross/offaxis/l0.05,mcusum,0,0
300,cross/offaxis/l0.05,sketch1,0,2
301,cross/offaxis/l0.1,always_multiD,0,3
301,cross/offaxis/l0.1,union4_bonf,0,1
301,cross/offaxis/l0.1,dci_v3,0,1
301,cross/offaxis/l0.1,dci_v3_a8,0,1
301,cross/offaxis/l0.1,best_axis_oracle,0,0
301,cross/offaxis/l0.1,every_k2,0,2
301,cross/offaxis/l0.1,adwin,0,0
301,cross/offaxis/l0.1,mcusum,0,0
301,cross/offaxis/l0.1,sketch1,0,2
302,cross/offaxis/l0.2,always_multiD,0,2
302,cross/offaxis/l0.2,union4_bonf,0,1
302,cross/offaxis/l0.2,dci_v3,0,1
302,cross/offaxis/l0.2,dci_v3_a8,0,1
302,cross/offaxis/l0.2,best_axis_oracle,0,0
302,cross/offaxis/l0.2,every_k2,0,1
302,cross/offaxis/l0.2,adwin,0,0
302,cross/offaxis/l0.2,mcusum,0,0
302,cross/offaxis/l0.2,sketch1,0,2
303,cross/offaxis/l0.4,always_multiD,1,1
303,cross/offaxis/l0.4,union4_bonf,0,0
303,cross/offaxis/l0.4,dci_v3,0,0
303,cross/offaxis/l0.4,dci_v3_a8,0,1
303,cross/offaxis/l0.4,best_axis_oracle,0,0
303,cross/offaxis/l0.4,every_k2,0,1
303,cross/offaxis/l0.4,adwin,0,0
303,cross/offaxis/l0.4,mcusum,0,0
303,cross/offaxis/l0.4,sketch1,0,1
304,cross/offaxis/l1,always_multiD,1,0
304,cross/offaxis/l1,union4_bonf,1,0
304,cross/offaxis/l1,dci_v3,1,0
304,cross/offaxis/l1,dci_v3_a8,1,0
304,cross/offaxis/l1,best_axis_oracle,1,0
304,cross/offaxis/l1,every_k2,0,0
304,cross/offaxis/l1,adwin,0,0
304,cross/offaxis/l1,mcusum,0,0
304,cross/offaxis/l1,sketch1,1,0
305,cross/offaxis/l0.05,always_multiD,0,3
305,cross/offaxis/l0.05,union4_bonf,0,2
305,cross/offaxis/l0.05,dci_v3,0,2
305,cross/offaxis/l0.05,dci_v3_a8,0,3
305,cross/offaxis/l0.05,best_axis_oracle,0,0
305,cross/offaxis/l0.05,every_k2,0,1
305,cross/offaxis/l0.05,adwin,0,0
305,cross/offaxis/l0.05,mcusum,0,0
305,cross/offaxis/l0.05,sketch1,0,3
306,cross/offaxis/l0.1,always_multiD,0,3
306,cross/offaxis/l0.1,union4_bonf,0,1
306,cross/offaxis/l0.1,dci_v3,0,1
306,cross/offaxis/l0.1,dci_v3_a8,0,1
306,cross/offaxis/l0.1,best_axis_oracle,0,0
306,cross/offaxis/l0.1,every_k2,0,2
306,cross/offaxis/l0.1,adwin,0,0
306,cross/offaxis/l0.1,mcusum,0,0
306,cross/offaxis/l0.1,sketch1,0,3
307,cross/offaxis/l0.2,always_multiD,0,2
307,cross/offaxis/l0.2,union4_bonf,0,1
307,cross/offaxis/l0.2,dci_v3,0,1
307,cross/offaxis/l0.2,dci_v3_a8,0,1
307,cross/offaxis/l0.2,best_axis_oracle,0,0
307,cross/offaxis/l0.2,every_k2,0,1
307,cross/offaxis/l0.2,adwin,0,0
307,cross/offaxis/l0.2,mcusum,0,0
307,cross/offaxis/l0.2,sketch1,0,3
308,cross/offaxis/l0.4,always_multiD,1,1
308,cross/offaxis/l0.4,union4_bonf,0,0
308,cross/offaxis/l0.4,dci_v3,0,0
308,cross/offaxis/l0.4,dci_v3_a8,0,0
308,cross/offaxis/l0.4,best_axis_oracle,0,0
308,cross/offaxis/l0.4,every_k2,1,0
308,cross/offaxis/l0.4,adwin,0,0
308,cross/offaxis/l0.4,mcusum,0,0
308,cross/offaxis/l0.4,sketch1,0,1
309,cross/offaxis/l1,always_multiD,1,0
309,cross/offaxis/l1,union4_bonf,1,0
309,cross/offaxis/l1,dci_v3,1,0
309,cross/offaxis/l1,dci_v3_a8,1,0
309,cross/offaxis/l1,best_axis_oracle,1,0
309,cross/offaxis/l1,every_k2,1,0
309,cross/offaxis/l1,adwin,0,0
309,cross/offaxis/l1,mcusum,0,0
309,cross/offaxis/l1,sketch1,1,0
310,cross/offaxis/l0.05,always_multiD,0,4
310,cross/offaxis/l0.05,union4_bonf,0,2
310,cross/offaxis/l0.05,dci_v3,0,2
310,cross/offaxis/l0.05,dci_v3_a8,0,2
310,cross/offaxis/l0.05,best_axis_oracle,0,0
310,cross/offaxis/l0.05,every_k2,0,1
310,cross/offaxis/l0.05,adwin,0,0
310,cross/offaxis/l0.05,mcusum,0,0
310,cross/offaxis/l0.05,sketch1,0,3
311,cross/offaxis/l0.1,always_multiD,0,2
311,cross/offaxis/l0.1,union4_bonf,0,2
311,cross/offaxis/l0.1,dci_v3,0,2
311,cross/offaxis/l0.1,dci_v3_a8,0,2
311,cross/offaxis/l0.1,best_axis_oracle,0,0
311,cross/offaxis/l0.1,every_k2,0,1
311,cross/offaxis/l0.1,adwin,0,0
311,cross/offaxis/l0.1,mcusum,0,0
311,cross/offaxis/l0.1,sketch1,0,2
312,cross/offaxis/l0.2,always_multiD,0,1
312,cross/offaxis/l0.2,union4_bonf,0,1
312,cross/offaxis/l0.2,dci_v3,0,1
312,cross/offaxis/l0.2,dci_v3_a8,0,1
312,cross/offaxis/l0.2,best_axis_oracle,0,0
312,cross/offaxis/l0.2,every_k2,0,0
312,cross/offaxis/l0.2,adwin,0,0
312,cross/offaxis/l0.2,mcusum,0,0
312,cross/offaxis/l0.2,sketch1,0,2
313,cross/offaxis/l0.4,always_multiD,0,0
313,cross/offaxis/l0.4,union4_bonf,0,0
313,cross/offaxis/l0.4,dci_v3,0,0
313,cross/offaxis/l0.4,dci_v3_a8,0,0
313,cross/offaxis/l0.4,best_axis_oracle,0,0
313,cross/offaxis/l0.4,every_k2,0,0
313,cross/offaxis/l0.4,adwin,0,0
313,cross/offaxis/l0.4,mcusum,0,0
313,cross/offaxis/l0.4,sketch1,0,1
314,cross/offaxis/l1,always_multiD,1,1
314,cross/offaxis/l1,union4_bonf,1,0
314,cross/offaxis/l1,dci_v3,1,1
314,cross/offaxis/l1,dci_v3_a8,1,1
314,cross/offaxis/l1,best_axis_oracle,1,0
314,cross/offaxis/l1,every_k2,1,1
314,cross/offaxis/l1,adwin,0,0
314,cross/offaxis/l1,mcusum,0,0
314,cross/offaxis/l1,sketch1,1,0
315,cross/offaxis/l0.05,always_multiD,0,4
315,cross/offaxis/l0.05,union4_bonf,0,2
315,cross/offaxis/l0.05,dci_v3,0,2
315,cross/offaxis/l0.05,dci_v3_a8,0,1
315,cross/offaxis/l0.05,best_axis_oracle,0,0
315,cross/offaxis/l0.05,every_k2,0,1
315,cross/offaxis/l0.05,adwin,0,0
315,cross/offaxis/l0.05,mcusum,0,0
315,cross/offaxis/l0.05,sketch1,0,3
316,cross/offaxis/l0.1,always_multiD,0,2
316,cross/offaxis/l0.1,union4_bonf,0,2
316,cross/offaxis/l0.1,dci_v3,0,2
316,cross/offaxis/l0.1,dci_v3_a8,0,3
316,cross/offaxis/l0.1,best_axis_oracle,0,0
316,cross/offaxis/l0.1,every_k2,0,1
316,cross/offaxis/l0.1,adwin,0,0
316,cross/offaxis/l0.1,mcusum,0,0
316,cross/offaxis/l0.1,sketch1,0,3
317,cross/offaxis/l0.2,always_multiD,0,1
317,cross/offaxis/l0.2,union4_bonf,0,1
317,cross/offaxis/l0.2,dci_v3,0,1
317,cross/offaxis/l0.2,dci_v3_a8,0,1
317,cross/offaxis/l0.2,best_axis_oracle,0,0
317,cross/offaxis/l0.2,every_k2,0,0
317,cross/offaxis/l0.2,adwin,0,0
317,cross/offaxis/l0.2,mcusum,0,0
317,cross/offaxis/l0.2,sketch1,0,1
318,cross/offaxis/l0.4,always_multiD,0,0
318,cross/offaxis/l0.4,union4_bonf,0,0
318,cross/offaxis/l0.4,dci_v3,0,0
318,cross/offaxis/l0.4,dci_v3_a8,0,0
318,cross/offaxis/l0.4,best_axis_oracle,0,0
318,cross/offaxis/l0.4,every_k2,0,0
318,cross/offaxis/l0.4,adwin,0,0
318,cross/offaxis/l0.4,mcusum,0,0
318,cross/offaxis/l0.4,sketch1,0,0
319,cross/offaxis/l1,always_multiD,1,1
319,cross/offaxis/l1,union4_bonf,1,0
319,cross/offaxis/l1,dci_v3,1,1
319,cross/offaxis/l1,dci_v3_a8,1,1
319,cross/offaxis/l1,best_axis_oracle,1,0
319,cross/offaxis/l1,every_k2,0,0
319,cross/offaxis/l1,adwin,0,0
319,cross/offaxis/l1,mcusum,0,0
319,cross/offaxis/l1,sketch1,1,0
320,cross/offaxis/l0.05,always_multiD,0,3
320,cross/offaxis/l0.05,union4_bonf,0,2
320,cross/offaxis/l0.05,dci_v3,0,2
320,cross/offaxis/l0.05,dci_v3_a8,0,3
320,cross/offaxis/l0.05,best_axis_oracle,0,0
320,cross/offaxis/l0.05,every_k2,0,2
320,cross/offaxis/l0.05,adwin,0,0
320,cross/offaxis/l0.05,mcusum,0,0
320,cross/offaxis/l0.05,sketch1,0,2
321,cross/offaxis/l0.1,always_multiD,0,3
321,cross/offaxis/l0.1,union4_bonf,0,2
321,cross/offaxis/l0.1,dci_v3,0,2
321,cross/offaxis/l0.1,dci_v3_a8,0,3
321,cross/offaxis/l0.1,best_axis_oracle,0,0
321,cross/offaxis/l0.1,every_k2,0,1
321,cross/offaxis/l0.1,adwin,0,0
321,cross/offaxis/l0.1,mcusum,0,0
321,cross/offaxis/l0.1,sketch1,0,2
322,cross/offaxis/l0.2,always_multiD,0,3
322,cross/offaxis/l0.2,union4_bonf,0,1
322,cross/offaxis/l0.2,dci_v3,0,1
322,cross/offaxis/l0.2,dci_v3_a8,0,1
322,cross/offaxis/l0.2,best_axis_oracle,0,0
322,cross/offaxis/l0.2,every_k2,0,2
322,cross/offaxis/l0.2,adwin,0,0
322,cross/offaxis/l0.2,mcusum,0,0
322,cross/offaxis/l0.2,sketch1,0,2
323,cross/offaxis/l0.4,always_multiD,0,2
323,cross/offaxis/l0.4,union4_bonf,0,0
323,cross/offaxis/l0.4,dci_v3,0,0
323,cross/offaxis/l0.4,dci_v3_a8,0,0
323,cross/offaxis/l0.4,best_axis_oracle,0,0
323,cross/offaxis/l0.4,every_k2,0,1
323,cross/offaxis/l0.4,adwin,0,0
323,cross/offaxis/l0.4,mcusum,0,0
323,cross/offaxis/l0.4,sketch1,0,2
324,cross/offaxis/l1,always_multiD,1,0
324,cross/offaxis/l1,union4_bonf,1,0
324,cross/offaxis/l1,dci_v3,1,0
324,cross/offaxis/l1,dci_v3_a8,1,0
324,cross/offaxis/l1,best_axis_oracle,1,0
324,cross/offaxis/l1,every_k2,0,0
324,cross/offaxis/l1,adwin,0,0
324,cross/offaxis/l1,mcusum,0,0
324,cross/offaxis/l1,sketch1,1,0
325,cross/offaxis/l0.05,always_multiD,0,3
325,cross/offaxis/l0.05,union4_bonf,0,2
325,cross/offaxis/l0.05,dci_v3,0,2
325,cross/offaxis/l0.05,dci_v3_a8,0,3
325,cross/offaxis/l0.05,best_axis_oracle,0,0
325,cross/offaxis/l0.05,every_k2,0,1
325,cross/offaxis/l0.05,adwin,0,0
325,cross/offaxis/l0.05,mcusum,0,0
325,cross/offaxis/l0.05,sketch1,0,2
326,cross/offaxis/l0.1,always_multiD,0,3
326,cross/offaxis/l0.1,union4_bonf,0,2
326,cross/offaxis/l0.1,dci_v3,0,2
326,cross/offaxis/l0.1,dci_v3_a8,0,3
326,cross/offaxis/l0.1,best_axis_oracle,0,0
326,cross/offaxis/l0.1,every_k2,0,1
326,cross/offaxis/l0.1,adwin,0,0
326,cross/offaxis/l0.1,mcusum,0,0
326,cross/offaxis/l0.1,sketch1,0,2
327,cross/offaxis/l0.2,always_multiD,0,3
327,cross/offaxis/l0.2,union4_bonf,0,1
327,cross/offaxis/l0.2,dci_v3,0,1
327,cross/offaxis/l0.2,dci_v3_a8,0,1
327,cross/offaxis/l0.2,best_axis_oracle,0,0
327,cross/offaxis/l0.2,every_k2,0,2
327,cross/offaxis/l0.2,adwin,0,0
327,cross/offaxis/l0.2,mcusum,0,0
327,cross/offaxis/l0.2,sketch1,0,2
328,cross/offaxis/l0.4,always_multiD,0,2
328,cross/offaxis/l0.4,union4_bonf,0,0
328,cross/offaxis/l0.4,dci_v3,0,0
328,cross/offaxis/l0.4,dci_v3_a8,0,0
328,cross/offaxis/l0.4,best_axis_oracle,0,0
328,cross/offaxis/l0.4,every_k2,0,1
328,cross/offaxis/l0.4,adwin,0,0
328,cross/offaxis/l0.4,mcusum,0,0
328,cross/offaxis/l0.4,sketch1,0,1
329,cross/offaxis/l1,always_multiD,1,0
329,cross/offaxis/l1,union4_bonf,1,0
329,cross/offaxis/l1,dci_v3,1,0
329,cross/offaxis/l1,dci_v3_a8,1,0
329,cross/offaxis/l1,best_axis_oracle,1,0
329,cross/offaxis/l1,every_k2,0,0
329,cross/offaxis/l1,adwin,0,0
329,cross/offaxis/l1,mcusum,0,0
329,cross/offaxis/l1,sketch1,1,0
330,cross/offaxis/l0.05,always_multiD,0,2
330,cross/offaxis/l0.05,union4_bonf,0,2
330,cross/offaxis/l0.05,dci_v3,0,2
330,cross/offaxis/l0.05,dci_v3_a8,0,2
330,cross/offaxis/l0.05,best_axis_oracle,0,0
330,cross/offaxis/l0.05,every_k2,0,1
330,cross/offaxis/l0.05,adwin,0,0
330,cross/offaxis/l0.05,mcusum,0,0
330,cross/offaxis/l0.05,sketch1,0,2
331,cross/offaxis/l0.1,always_multiD,0,2
331,cross/offaxis/l0.1,union4_bonf,0,2
331,cross/offaxis/l0.1,dci_v3,0,2
331,cross/offaxis/l0.1,dci_v3_a8,0,2
331,cross/offaxis/l0.1,best_axis_oracle,0,0
331,cross/offaxis/l0.1,every_k2,0,1
331,cross/offaxis/l0.1,adwin,0,0
331,cross/offaxis/l0.1,mcusum,0,0
331,cross/offaxis/l0.1,sketch1,0,1
332,cross/offaxis/l0.2,always_multiD,0,1
332,cross/offaxis/l0.2,union4_bonf,0,1
332,cross/offaxis/l0.2,dci_v3,0,1
332,cross/offaxis/l0.2,dci_v3_a8,0,1
332,cross/offaxis/l0.2,best_axis_oracle,0,0
332,cross/offaxis/l0.2,every_k2,0,1
332,cross/offaxis/l0.2,adwin,0,0
332,cross/offaxis/l0.2,mcusum,0,0
332,cross/offaxis/l0.2,sketch1,0,0
333,cross/offaxis/l0.4,always_multiD,0,1
333,cross/offaxis/l0.4,union4_bonf,0,0
333,cross/offaxis/l0.4,dci_v3,0,0
333,cross/offaxis/l0.4,dci_v3_a8,0,0
333,cross/offaxis/l0.4,best_axis_oracle,0,0
333,cross/offaxis/l0.4,every_k2,0,0
333,cross/offaxis/l0.4,adwin,0,0
333,cross/offaxis/l0.4,mcusum,0,0
333,cross/offaxis/l0.4,sketch1,0,1
334,cross/offaxis/l1,always_multiD,1,1
334,cross/offaxis/l1,union4_bonf,1,1
334,cross/offaxis/l1,dci_v3,1,1
334,cross/offaxis/l1,dci_v3_a8,1,1
334,cross/offaxis/l1,best_axis_oracle,1,0
334,cross/offaxis/l1,every_k2,1,0
334,cross/offaxis/l1,adwin,0,0
334,cross/offaxis/l1,mcusum,0,0
334,cross/offaxis/l1,sketch1,1,1
335,cross/offaxis/l0.05,always_multiD,0,3
335,cross/offaxis/l0.05,union4_bonf,0,2
335,cross/offaxis/l0.05,dci_v3,0,2
335,cross/offaxis/l0.05,dci_v3_a8,0,2
335,cross/offaxis/l0.05,best_axis_oracle,0,0
335,cross/offaxis/l0.05,every_k2,0,1
335,cross/offaxis/l0.05,adwin,0,0
335,cross/offaxis/l0.05,mcusum,0,0
335,cross/offaxis/l0.05,sketch1,0,2
336,cross/offaxis/l0.1,always_multiD,0,3
336,cross/offaxis/l0.1,union4_bonf,0,2
336,cross/offaxis/l0.1,dci_v3,0,2
336,cross/offaxis/l0.1,dci_v3_a8,0,2
336,cross/offaxis/l0.1,best_axis_oracle,0,0
336,cross/offaxis/l0.1,every_k2,0,2
336,cross/offaxis/l0.1,adwin,0,0
336,cross/offaxis/l0.1,mcusum,0,0
336,cross/offaxis/l0.1,sketch1,0,2
337,cross/offaxis/l0.2,always_multiD,0,3
337,cross/offaxis/l0.2,union4_bonf,0,1
337,cross/offaxis/l0.2,dci_v3,0,1
337,cross/offaxis/l0.2,dci_v3_a8,0,2
337,cross/offaxis/l0.2,best_axis_oracle,0,0
337,cross/offaxis/l0.2,every_k2,0,2
337,cross/offaxis/l0.2,adwin,0,0
337,cross/offaxis/l0.2,mcusum,0,0
337,cross/offaxis/l0.2,sketch1,0,2
338,cross/offaxis/l0.4,always_multiD,0,2
338,cross/offaxis/l0.4,union4_bonf,0,0
338,cross/offaxis/l0.4,dci_v3,0,0
338,cross/offaxis/l0.4,dci_v3_a8,0,0
338,cross/offaxis/l0.4,best_axis_oracle,0,0
338,cross/offaxis/l0.4,every_k2,0,1
338,cross/offaxis/l0.4,adwin,0,0
338,cross/offaxis/l0.4,mcusum,0,0
338,cross/offaxis/l0.4,sketch1,0,1
339,cross/offaxis/l1,always_multiD,1,0
339,cross/offaxis/l1,union4_bonf,1,0
339,cross/offaxis/l1,dci_v3,1,0
339,cross/offaxis/l1,dci_v3_a8,1,0
339,cross/offaxis/l1,best_axis_oracle,1,0
339,cross/offaxis/l1,every_k2,1,0
339,cross/offaxis/l1,adwin,0,0
339,cross/offaxis/l1,mcusum,0,0
339,cross/offaxis/l1,sketch1,1,0
340,within/offaxis/l0.05,always_multiD,1,18
340,within/offaxis/l0.05,union4_bonf,1,14
340,within/offaxis/l0.05,dci_v3,1,16
340,within/offaxis/l0.05,dci_v3_a8,1,16
340,within/offaxis/l0.05,best_axis_oracle,1,10
340,within/offaxis/l0.05,every_k2,1,8
340,within/offaxis/l0.05,adwin,0,0
340,within/offaxis/l0.05,mcusum,1,2
340,within/offaxis/l0.05,sketch1,1,14
341,within/offaxis/l0.1,always_multiD,1,18
341,within/offaxis/l0.1,union4_bonf,1,14
341,within/offaxis/l0.1,dci_v3,1,16
341,within/offaxis/l0.1,dci_v3_a8,1,17
341,within/offaxis/l0.1,best_axis_oracle,1,10
341,within/offaxis/l0.1,every_k2,0,10
341,within/offaxis/l0.1,adwin,0,0
341,within/offaxis/l0.1,mcusum,1,3
341,within/offaxis/l0.1,sketch1,1,14
342,within/offaxis/l0.2,always_multiD,1,18
342,within/offaxis/l0.2,union4_bonf,1,14
342,within/offaxis/l0.2,dci_v3,1,16
342,within/offaxis/l0.2,dci_v3_a8,1,17
342,within/offaxis/l0.2,best_axis_oracle,1,11
342,within/offaxis/l0.2,every_k2,0,10
342,within/offaxis/l0.2,adwin,0,0
342,within/offaxis/l0.2,mcusum,1,3
342,within/offaxis/l0.2,sketch1,1,15
343,within/offaxis/l0.4,always_multiD,1,18
343,within/offaxis/l0.4,union4_bonf,1,14
343,within/offaxis/l0.4,dci_v3,1,16
343,within/offaxis/l0.4,dci_v3_a8,1,16
343,within/offaxis/l0.4,best_axis_oracle,1,11
343,within/offaxis/l0.4,every_k2,0,10
343,within/offaxis/l0.4,adwin,0,0
343,within/offaxis/l0.4,mcusum,0,4
343,within/offaxis/l0.4,sketch1,1,15
344,within/offaxis/l1,always_multiD,1,18
344,within/offaxis/l1,union4_bonf,1,14
344,within/offaxis/l1,dci_v3,1,16
344,within/offaxis/l1,dci_v3_a8,1,17
344,within/offaxis/l1,best_axis_oracle,1,2
344,within/offaxis/l1,every_k2,0,10
344,within/offaxis/l1,adwin,0,0
344,within/offaxis/l1,mcusum,1,4
344,within/offaxis/l1,sketch1,0,15
345,within/offaxis/l0.05,always_multiD,1,18
345,within/offaxis/l0.05,union4_bonf,1,14
345,within/offaxis/l0.05,dci_v3,1,16
345,within/offaxis/l0.05,dci_v3_a8,1,16
345,within/offaxis/l0.05,best_axis_oracle,1,9
345,within/offaxis/l0.05,every_k2,0,10
345,within/offaxis/l0.05,adwin,0,0
345,within/offaxis/l0.05,mcusum,1,2
345,within/offaxis/l0.05,sketch1,1,14
346,within/offaxis/l0.1,always_multiD,1,18
346,within/offaxis/l0.1,union4_bonf,1,14
346,within/offaxis/l0.1,dci_v3,1,16
346,within/offaxis/l0.1,dci_v3_a8,1,17
346,within/offaxis/l0.1,best_axis_oracle,1,11
346,within/offaxis/l0.1,every_k2,1,8
346,within/offaxis/l0.1,adwin,0,0
346,within/offaxis/l0.1,mcusum,1,3
346,within/offaxis/l0.1,sketch1,1,14
347,within/offaxis/l0.2,always_multiD,1,18
347,within/offaxis/l0.2,union4_bonf,1,14
347,within/offaxis/l0.2,dci_v3,1,16
347,within/offaxis/l0.2,dci_v3_a8,1,16
347,within/offaxis/l0.2,best_axis_oracle,1,11
347,within/offaxis/l0.2,every_k2,1,8
347,within/offaxis/l0.2,adwin,0,0
347,within/offaxis/l0.2,mcusum,1,3
347,within/offaxis/l0.2,sketch1,1,15
348,within/offaxis/l0.4,always_multiD,1,18
348,within/offaxis/l0.4,union4_bonf,1,14
348,within/offaxis/l0.4,dci_v3,1,16
348,within/offaxis/l0.4,dci_v3_a8,1,16
348,within/offaxis/l0.4,best_axis_oracle,1,11
348,within/offaxis/l0.4,every_k2,1,8
348,within/offaxis/l0.4,adwin,0,0
348,within/offaxis/l0.4,mcusum,0,4
348,within/offaxis/l0.4,sketch1,1,15
349,within/offaxis/l1,always_multiD,1,18
349,within/offaxis/l1,union4_bonf,1,14
349,within/offaxis/l1,dci_v3,1,16
349,within/offaxis/l1,dci_v3_a8,1,16
349,within/offaxis/l1,best_axis_oracle,1,2
349,within/offaxis/l1,every_k2,1,8
349,within/offaxis/l1,adwin,0,0
349,within/offaxis/l1,mcusum,1,6
349,within/offaxis/l1,sketch1,0,15
350,within/offaxis/l0.05,always_multiD,1,18
350,within/offaxis/l0.05,union4_bonf,1,14
350,within/offaxis/l0.05,dci_v3,1,16
350,within/offaxis/l0.05,dci_v3_a8,1,16
350,within/offaxis/l0.05,best_axis_oracle,1,10
350,within/offaxis/l0.05,every_k2,0,10
350,within/offaxis/l0.05,adwin,0,0
350,within/offaxis/l0.05,mcusum,1,2
350,within/offaxis/l0.05,sketch1,1,14
351,within/offaxis/l0.1,always_multiD,1,18
351,within/offaxis/l0.1,union4_bonf,1,14
351,within/offaxis/l0.1,dci_v3,1,16
351,within/offaxis/l0.1,dci_v3_a8,1,16
351,within/offaxis/l0.1,best_axis_oracle,1,9
351,within/offaxis/l0.1,every_k2,0,10
351,within/offaxis/l0.1,adwin,0,0
351,within/offaxis/l0.1,mcusum,1,3
351,within/offaxis/l0.1,sketch1,1,14
352,within/offaxis/l0.2,always_multiD,1,18
352,within/offaxis/l0.2,union4_bonf,1,14
352,within/offaxis/l0.2,dci_v3,1,16
352,within/offaxis/l0.2,dci_v3_a8,1,16
352,within/offaxis/l0.2,best_axis_oracle,1,11
352,within/offaxis/l0.2,every_k2,0,10
352,within/offaxis/l0.2,adwin,0,0
352,within/offaxis/l0.2,mcusum,1,3
352,within/offaxis/l0.2,sketch1,1,15
353,within/offaxis/l0.4,always_multiD,1,18
353,within/offaxis/l0.4,union4_bonf,1,14
353,within/offaxis/l0.4,dci_v3,1,16
353,within/offaxis/l0.4,dci_v3_a8,1,17
353,within/offaxis/l0.4,best_axis_oracle,1,11
353,within/offaxis/l0.4,every_k2,0,10
353,within/offaxis/l0.4,adwin,0,0
353,within/offaxis/l0.4,mcusum,0,4
353,within/offaxis/l0.4,sketch1,1,15
354,within/offaxis/l1,always_multiD,1,18
354,within/offaxis/l1,union4_bonf,1,14
354,within/offaxis/l1,dci_v3,1,16
354,within/offaxis/l1,dci_v3_a8,1,16
354,within/offaxis/l1,best_axis_oracle,1,5
354,within/offaxis/l1,every_k2,0,10
354,within/offaxis/l1,adwin,0,0
354,within/offaxis/l1,mcusum,1,12
354,within/offaxis/l1,sketch1,0,15
355,within/offaxis/l0.05,always_multiD,1,18
355,within/offaxis/l0.05,union4_bonf,1,14
355,within/offaxis/l0.05,dci_v3,1,16
355,within/offaxis/l0.05,dci_v3_a8,1,16
355,within/offaxis/l0.05,best_axis_oracle,1,10
355,within/offaxis/l0.05,every_k2,0,10
355,within/offaxis/l0.05,adwin,0,0
355,within/offaxis/l0.05,mcusum,1,2
355,within/offaxis/l0.05,sketch1,1,14
356,within/offaxis/l0.1,always_multiD,1,18
356,within/offaxis/l0.1,union4_bonf,1,14
356,within/offaxis/l0.1,dci_v3,1,16
356,within/offaxis/l0.1,dci_v3_a8,1,16
356,within/offaxis/l0.1,best_axis_oracle,1,7
356,within/offaxis/l0.1,every_k2,0,10
356,within/offaxis/l0.1,adwin,0,0
356,within/offaxis/l0.1,mcusum,1,3
356,within/offaxis/l0.1,sketch1,1,14
357,within/offaxis/l0.2,always_multiD,1,18
357,within/offaxis/l0.2,union4_bonf,1,14
357,within/offaxis/l0.2,dci_v3,1,16
357,within/offaxis/l0.2,dci_v3_a8,1,16
357,within/offaxis/l0.2,best_axis_oracle,1,11
357,within/offaxis/l0.2,every_k2,1,8
357,within/offaxis/l0.2,adwin,0,0
357,within/offaxis/l0.2,mcusum,1,3
357,within/offaxis/l0.2,sketch1,1,15
358,within/offaxis/l0.4,always_multiD,1,18
358,within/offaxis/l0.4,union4_bonf,1,14
358,within/offaxis/l0.4,dci_v3,1,16
358,within/offaxis/l0.4,dci_v3_a8,1,16
358,within/offaxis/l0.4,best_axis_oracle,1,11
358,within/offaxis/l0.4,every_k2,1,8
358,within/offaxis/l0.4,adwin,0,0
358,within/offaxis/l0.4,mcusum,0,4
358,within/offaxis/l0.4,sketch1,1,15
359,within/offaxis/l1,always_multiD,1,18
359,within/offaxis/l1,union4_bonf,1,14
359,within/offaxis/l1,dci_v3,1,16
359,within/offaxis/l1,dci_v3_a8,1,16
359,within/offaxis/l1,best_axis_oracle,1,2
359,within/offaxis/l1,every_k2,0,10
359,within/offaxis/l1,adwin,0,0
359,within/offaxis/l1,mcusum,1,7
359,within/offaxis/l1,sketch1,0,15
360,within/offaxis/l0.05,always_multiD,1,18
360,within/offaxis/l0.05,union4_bonf,1,14
360,within/offaxis/l0.05,dci_v3,1,16
360,within/offaxis/l0.05,dci_v3_a8,1,16
360,within/offaxis/l0.05,best_axis_oracle,1,10
360,within/offaxis/l0.05,every_k2,1,8
360,within/offaxis/l0.05,adwin,0,0
360,within/offaxis/l0.05,mcusum,1,2
360,within/offaxis/l0.05,sketch1,1,14
361,within/offaxis/l0.1,always_multiD,1,18
361,within/offaxis/l0.1,union4_bonf,1,14
361,within/offaxis/l0.1,dci_v3,1,16
361,within/offaxis/l0.1,dci_v3_a8,1,16
361,within/offaxis/l0.1,best_axis_oracle,1,8
361,within/offaxis/l0.1,every_k2,1,8
361,within/offaxis/l0.1,adwin,0,0
361,within/offaxis/l0.1,mcusum,1,2
361,within/offaxis/l0.1,sketch1,1,14
362,within/offaxis/l0.2,always_multiD,1,18
362,within/offaxis/l0.2,union4_bonf,1,14
362,within/offaxis/l0.2,dci_v3,1,16
362,within/offaxis/l0.2,dci_v3_a8,1,16
362,within/offaxis/l0.2,best_axis_oracle,1,11
362,within/offaxis/l0.2,every_k2,1,8
362,within/offaxis/l0.2,adwin,0,0
362,within/offaxis/l0.2,mcusum,1,3
362,within/offaxis/l0.2,sketch1,1,15
363,within/offaxis/l0.4,always_multiD,1,18
363,within/offaxis/l0.4,union4_bonf,1,14
363,within/offaxis/l0.4,dci_v3,1,16
363,within/offaxis/l0.4,dci_v3_a8,1,16
363,within/offaxis/l0.4,best_axis_oracle,1,11
363,within/offaxis/l0.4,every_k2,0,10
363,within/offaxis/l0.4,adwin,0,0
363,within/offaxis/l0.4,mcusum,0,4
363,within/offaxis/l0.4,sketch1,1,15
364,within/offaxis/l1,always_multiD,1,18
364,within/offaxis/l1,union4_bonf,1,14
364,within/offaxis/l1,dci_v3,1,16
364,within/offaxis/l1,dci_v3_a8,1,17
364,within/offaxis/l1,best_axis_oracle,1,2
364,within/offaxis/l1,every_k2,1,8
364,within/offaxis/l1,adwin,0,0
364,within/offaxis/l1,mcusum,1,4
364,within/offaxis/l1,sketch1,0,15
365,within/offaxis/l0.05,always_multiD,1,18
365,within/offaxis/l0.05,union4_bonf,1,14
365,within/offaxis/l0.05,dci_v3,1,16
365,within/offaxis/l0.05,dci_v3_a8,1,16
365,within/offaxis/l0.05,best_axis_oracle,1,10
365,within/offaxis/l0.05,every_k2,0,10
365,within/offaxis/l0.05,adwin,0,0
365,within/offaxis/l0.05,mcusum,1,2
365,within/offaxis/l0.05,sketch1,1,14
366,within/offaxis/l0.1,always_multiD,1,18
366,within/offaxis/l0.1,union4_bonf,1,14
366,within/offaxis/l0.1,dci_v3,1,16
366,within/offaxis/l0.1,dci_v3_a8,1,16
366,within/offaxis/l0.1,best_axis_oracle,1,7
366,within/offaxis/l0.1,every_k2,1,8
366,within/offaxis/l0.1,adwin,0,0
366,within/offaxis/l0.1,mcusum,1,3
366,within/offaxis/l0.1,sketch1,1,14
367,within/offaxis/l0.2,always_multiD,1,18
367,within/offaxis/l0.2,union4_bonf,1,14
367,within/offaxis/l0.2,dci_v3,1,16
367,within/offaxis/l0.2,dci_v3_a8,1,16
367,within/offaxis/l0.2,best_axis_oracle,1,11
367,within/offaxis/l0.2,every_k2,0,10
367,within/offaxis/l0.2,adwin,0,0
367,within/offaxis/l0.2,mcusum,1,3
367,within/offaxis/l0.2,sketch1,1,15
368,within/offaxis/l0.4,always_multiD,1,18
368,within/offaxis/l0.4,union4_bonf,1,14
368,within/offaxis/l0.4,dci_v3,1,16
368,within/offaxis/l0.4,dci_v3_a8,1,16
368,within/offaxis/l0.4,best_axis_oracle,1,11
368,within/offaxis/l0.4,every_k2,0,10
368,within/offaxis/l0.4,adwin,0,0
368,within/offaxis/l0.4,mcusum,0,4
368,within/offaxis/l0.4,sketch1,1,15
369,within/offaxis/l1,always_multiD,1,18
369,within/offaxis/l1,union4_bonf,1,14
369,within/offaxis/l1,dci_v3,1,16
369,within/offaxis/l1,dci_v3_a8,1,16
369,within/offaxis/l1,best_axis_oracle,1,11
369,within/offaxis/l1,every_k2,1,8
369,within/offaxis/l1,adwin,0,0
369,within/offaxis/l1,mcusum,1,10
369,within/offaxis/l1,sketch1,0,15
370,within/offaxis/l0.05,always_multiD,1,18
370,within/offaxis/l0.05,union4_bonf,1,14
370,within/offaxis/l0.05,dci_v3,1,16
370,within/offaxis/l0.05,dci_v3_a8,1,17
370,within/offaxis/l0.05,best_axis_oracle,1,11
370,within/offaxis/l0.05,every_k2,1,8
370,within/offaxis/l0.05,adwin,0,0
370,within/offaxis/l0.05,mcusum,1,2
370,within/offaxis/l0.05,sketch1,1,14
371,within/offaxis/l0.1,always_multiD,1,18
371,within/offaxis/l0.1,union4_bonf,1,14
371,within/offaxis/l0.1,dci_v3,1,16
371,within/offaxis/l0.1,dci_v3_a8,1,16
371,within/offaxis/l0.1,best_axis_oracle,1,8
371,within/offaxis/l0.1,every_k2,0,10
371,within/offaxis/l0.1,adwin,0,0
371,within/offaxis/l0.1,mcusum,1,2
371,within/offaxis/l0.1,sketch1,1,14
372,within/offaxis/l0.2,always_multiD,1,18
372,within/offaxis/l0.2,union4_bonf,1,14
372,within/offaxis/l0.2,dci_v3,1,16
372,within/offaxis/l0.2,dci_v3_a8,1,16
372,within/offaxis/l0.2,best_axis_oracle,1,11
372,within/offaxis/l0.2,every_k2,0,10
372,within/offaxis/l0.2,adwin,0,0
372,within/offaxis/l0.2,mcusum,1,3
372,within/offaxis/l0.2,sketch1,1,15
373,within/offaxis/l0.4,always_multiD,1,18
373,within/offaxis/l0.4,union4_bonf,1,14
373,within/offaxis/l0.4,dci_v3,1,16
373,within/offaxis/l0.4,dci_v3_a8,1,16
373,within/offaxis/l0.4,best_axis_oracle,1,11
373,within/offaxis/l0.4,every_k2,1,8
373,within/offaxis/l0.4,adwin,0,0
373,within/offaxis/l0.4,mcusum,0,4
373,within/offaxis/l0.4,sketch1,1,15
374,within/offaxis/l1,always_multiD,1,18
374,within/offaxis/l1,union4_bonf,1,14
374,within/offaxis/l1,dci_v3,1,16
374,within/offaxis/l1,dci_v3_a8,1,17
374,within/offaxis/l1,best_axis_oracle,1,11
374,within/offaxis/l1,every_k2,1,8
374,within/offaxis/l1,adwin,0,0
374,within/offaxis/l1,mcusum,1,12
374,within/offaxis/l1,sketch1,0,15
375,cross/aligned/l0.05,always_multiD,1,3
375,cross/aligned/l0.05,union4_bonf,1,4
375,cross/aligned/l0.05,dci_v3,1,4
375,cross/aligned/l0.05,dci_v3_a8,1,4
375,cross/aligned/l0.05,best_axis_oracle,1,4
375,cross/aligned/l0.05,every_k2,1,2
375,cross/aligned/l0.05,adwin,0,0
375,cross/aligned/l0.05,mcusum,0,1
375,cross/aligned/l0.05,sketch1,0,0
376,cross/aligned/l0.1,always_multiD,1,6
376,cross/aligned/l0.1,union4_bonf,1,6
376,cross/aligned/l0.1,dci_v3,1,6
376,cross/aligned/l0.1,dci_v3_a8,1,6
376,cross/aligned/l0.1,best_axis_oracle,1,7
376,cross/aligned/l0.1,every_k2,1,3
376,cross/aligned/l0.1,adwin,0,0
376,cross/aligned/l0.1,mcusum,0,3
376,cross/aligned/l0.1,sketch1,0,0
377,cross/aligned/l0.2,always_multiD,1,7
377,cross/aligned/l0.2,union4_bonf,1,7
377,cross/aligned/l0.2,dci_v3,1,7
377,cross/aligned/l0.2,dci_v3_a8,1,7
377,cross/aligned/l0.2,best_axis_oracle,1,8
377,cross/aligned/l0.2,every_k2,1,3
377,cross/aligned/l0.2,adwin,0,0
377,cross/aligned/l0.2,mcusum,1,5
377,cross/aligned/l0.2,sketch1,0,0
378,cross/aligned/l0.4,always_multiD,1,9
378,cross/aligned/l0.4,union4_bonf,1,8
378,cross/aligned/l0.4,dci_v3,1,8
378,cross/aligned/l0.4,dci_v3_a8,1,9
378,cross/aligned/l0.4,best_axis_oracle,1,8
378,cross/aligned/l0.4,every_k2,0,5
378,cross/aligned/l0.4,adwin,0,0
378,cross/aligned/l0.4,mcusum,1,7
378,cross/aligned/l0.4,sketch1,0,2
379,cross/aligned/l1,always_multiD,1,10
379,cross/aligned/l1,union4_bonf,1,10
379,cross/aligned/l1,dci_v3,1,10
379,cross/aligned/l1,dci_v3_a8,1,10
379,cross/aligned/l1,best_axis_oracle,1,1
379,cross/aligned/l1,every_k2,1,4
379,cross/aligned/l1,adwin,0,0
379,cross/aligned/l1,mcusum,1,7
379,cross/aligned/l1,sketch1,1,6
380,cross/aligned/l0.05,always_multiD,0,4
380,cross/aligned/l0.05,union4_bonf,0,5
380,cross/aligned/l0.05,dci_v3,0,5
380,cross/aligned/l0.05,dci_v3_a8,0,5
380,cross/aligned/l0.05,best_axis_oracle,0,0
380,cross/aligned/l0.05,every_k2,0,1
380,cross/aligned/l0.05,adwin,0,0
380,cross/aligned/l0.05,mcusum,0,0
380,cross/aligned/l0.05,sketch1,0,4
381,cross/aligned/l0.1,always_multiD,0,4
381,cross/aligned/l0.1,union4_bonf,0,5
381,cross/aligned/l0.1,dci_v3,0,5
381,cross/aligned/l0.1,dci_v3_a8,0,5
381,cross/aligned/l0.1,best_axis_oracle,0,0
381,cross/aligned/l0.1,every_k2,0,1
381,cross/aligned/l0.1,adwin,0,0
381,cross/aligned/l0.1,mcusum,0,0
381,cross/aligned/l0.1,sketch1,0,4
382,cross/aligned/l0.2,always_multiD,0,4
382,cross/aligned/l0.2,union4_bonf,0,5
382,cross/aligned/l0.2,dci_v3,0,5
382,cross/aligned/l0.2,dci_v3_a8,0,5
382,cross/aligned/l0.2,best_axis_oracle,0,0
382,cross/aligned/l0.2,every_k2,0,3
382,cross/aligned/l0.2,adwin,0,0
382,cross/aligned/l0.2,mcusum,0,0
382,cross/aligned/l0.2,sketch1,0,4
383,cross/aligned/l0.4,always_multiD,0,4
383,cross/aligned/l0.4,union4_bonf,0,5
383,cross/aligned/l0.4,dci_v3,0,5
383,cross/aligned/l0.4,dci_v3_a8,0,5
383,cross/aligned/l0.4,best_axis_oracle,0,0
383,cross/aligned/l0.4,every_k2,0,3
383,cross/aligned/l0.4,adwin,0,0
383,cross/aligned/l0.4,mcusum,0,0
383,cross/aligned/l0.4,sketch1,0,4
384,cross/aligned/l1,always_multiD,0,6
384,cross/aligned/l1,union4_bonf,0,5
384,cross/aligned/l1,dci_v3,0,5
384,cross/aligned/l1,dci_v3_a8,0,5
384,cross/aligned/l1,best_axis_oracle,0,0
384,cross/aligned/l1,every_k2,0,2
384,cross/aligned/l1,adwin,0,0
384,cross/aligned/l1,mcusum,0,0
384,cross/aligned/l1,sketch1,0,4
385,cross/aligned/l0.05,always_multiD,1,11
385,cross/aligned/l0.05,union4_bonf,1,10
385,cross/aligned/l0.05,dci_v3,1,10
385,cross/aligned/l0.05,dci_v3_a8,1,10
385,cross/aligned/l0.05,best_axis_oracle,1,7
385,cross/aligned/l0.05,every_k2,0,6
385,cross/aligned/l0.05,adwin,0,0
385,cross/aligned/l0.05,mcusum,0,1
385,cross/aligned/l0.05,sketch1,1,10
386,cross/aligned/l0.1,always_multiD,1,11
386,cross/aligned/l0.1,union4_bonf,1,11
386,cross/aligned/l0.1,dci_v3,1,11
386,cross/aligned/l0.1,dci_v3_a8,1,11
386,cross/aligned/l0.1,best_axis_oracle,1,0
386,cross/aligned/l0.1,every_k2,1,5
386,cross/aligned/l0.1,adwin,0,0
386,cross/aligned/l0.1,mcusum,0,2
386,cross/aligned/l0.1,sketch1,1,11
387,cross/aligned/l0.2,always_multiD,1,11
387,cross/aligned/l0.2,union4_bonf,1,11
387,cross/aligned/l0.2,dci_v3,1,11
387,cross/aligned/l0.2,dci_v3_a8,1,11
387,cross/aligned/l0.2,best_axis_oracle,1,0
387,cross/aligned/l0.2,every_k2,1,5
387,cross/aligned/l0.2,adwin,0,0
387,cross/aligned/l0.2,mcusum,1,5
387,cross/aligned/l0.2,sketch1,1,11
388,cross/aligned/l0.4,always_multiD,1,11
388,cross/aligned/l0.4,union4_bonf,1,11
388,cross/aligned/l0.4,dci_v3,1,11
388,cross/aligned/l0.4,dci_v3_a8,1,11
388,cross/aligned/l0.4,best_axis_oracle,1,0
388,cross/aligned/l0.4,every_k2,1,5
388,cross/aligned/l0.4,adwin,0,0
388,cross/aligned/l0.4,mcusum,1,7
388,cross/aligned/l0.4,sketch1,1,11
389,cross/aligned/l1,always_multiD,1,11
389,cross/aligned/l1,union4_bonf,1,11
389,cross/aligned/l1,dci_v3,1,11
389,cross/aligned/l1,dci_v3_a8,1,11
389,cross/aligned/l1,best_axis_oracle,1,10
389,cross/aligned/l1,every_k2,0,6
389,cross/aligned/l1,adwin,0,0
389,cross/aligned/l1,mcusum,1,10
389,cross/aligned/l1,sketch1,1,9
390,cross/aligned/l0.05,always_multiD,0,4
390,cross/aligned/l0.05,union4_bonf,0,5
390,cross/aligned/l0.05,dci_v3,0,5
390,cross/aligned/l0.05,dci_v3_a8,0,5
390,cross/aligned/l0.05,best_axis_oracle,0,0
390,cross/aligned/l0.05,every_k2,0,3
390,cross/aligned/l0.05,adwin,0,0
390,cross/aligned/l0.05,mcusum,0,0
390,cross/aligned/l0.05,sketch1,0,4
391,cross/aligned/l0.1,always_multiD,0,4
391,cross/aligned/l0.1,union4_bonf,0,5
391,cross/aligned/l0.1,dci_v3,0,5
391,cross/aligned/l0.1,dci_v3_a8,0,5
391,cross/aligned/l0.1,best_axis_oracle,0,0
391,cross/aligned/l0.1,every_k2,0,3
391,cross/aligned/l0.1,adwin,0,0
391,cross/aligned/l0.1,mcusum,0,0
391,cross/aligned/l0.1,sketch1,0,4
392,cross/aligned/l0.2,always_multiD,0,4
392,cross/aligned/l0.2,union4_bonf,0,5
392,cross/aligned/l0.2,dci_v3,0,5
392,cross/aligned/l0.2,dci_v3_a8,0,5
392,cross/aligned/l0.2,best_axis_oracle,0,0
392,cross/aligned/l0.2,every_k2,0,1
392,cross/aligned/l0.2,adwin,0,0
392,cross/aligned/l0.2,mcusum,0,0
392,cross/aligned/l0.2,sketch1,0,4
393,cross/aligned/l0.4,always_multiD,0,4
393,cross/aligned/l0.4,union4_bonf,0,5
393,cross/aligned/l0.4,dci_v3,0,5
393,cross/aligned/l0.4,dci_v3_a8,0,5
393,cross/aligned/l0.4,best_axis_oracle,0,0
393,cross/aligned/l0.4,every_k2,0,1
393,cross/aligned/l0.4,adwin,0,0
393,cross/aligned/l0.4,mcusum,0,0
393,cross/aligned/l0.4,sketch1,0,4
394,cross/aligned/l1,always_multiD,0,5
394,cross/aligned/l1,union4_bonf,0,5
394,cross/aligned/l1,dci_v3,0,5
394,cross/aligned/l1,dci_v3_a8,0,5
394,cross/aligned/l1,best_axis_oracle,0,0
394,cross/aligned/l1,every_k2,0,4
394,cross/aligned/l1,adwin,0,0
394,cross/aligned/l1,mcusum,0,0
394,cross/aligned/l1,sketch1,0,4
395,cross/aligned/l0.05,always_multiD,0,0
395,cross/aligned/l0.05,union4_bonf,0,0
395,cross/aligned/l0.05,dci_v3,0,0
395,cross/aligned/l0.05,dci_v3_a8,0,0
395,cross/aligned/l0.05,best_axis_oracle,0,0
395,cross/aligned/l0.05,every_k2,0,0
395,cross/aligned/l0.05,adwin,0,0
395,cross/aligned/l0.05,mcusum,0,0
395,cross/aligned/l0.05,sketch1,0,0
396,cross/aligned/l0.1,always_multiD,0,0
396,cross/aligned/l0.1,union4_bonf,0,0
396,cross/aligned/l0.1,dci_v3,0,0
396,cross/aligned/l0.1,dci_v3_a8,0,0
396,cross/aligned/l0.1,best_axis_oracle,0,0
396,cross/aligned/l0.1,every_k2,0,0
396,cross/aligned/l0.1,adwin,0,0
396,cross/aligned/l0.1,mcusum,0,0
396,cross/aligned/l0.1,sketch1,0,0
397,cross/aligned/l0.2,always_multiD,0,0
397,cross/aligned/l0.2,union4_bonf,0,0
397,cross/aligned/l0.2,dci_v3,0,0
397,cross/aligned/l0.2,dci_v3_a8,0,0
397,cross/aligned/l0.2,best_axis_oracle,0,0
397,cross/aligned/l0.2,every_k2,0,0
397,cross/aligned/l0.2,adwin,0,0
397,cross/aligned/l0.2,mcusum,0,0
397,cross/aligned/l0.2,sketch1,0,0
398,cross/aligned/l0.4,always_multiD,1,0
398,cross/aligned/l0.4,union4_bonf,1,0
398,cross/aligned/l0.4,dci_v3,1,0
398,cross/aligned/l0.4,dci_v3_a8,1,0
398,cross/aligned/l0.4,best_axis_oracle,1,0
398,cross/aligned/l0.4,every_k2,1,0
398,cross/aligned/l0.4,adwin,0,0
398,cross/aligned/l0.4,mcusum,0,0
398,cross/aligned/l0.4,sketch1,0,0
399,cross/aligned/l1,always_multiD,1,11
399,cross/aligned/l1,union4_bonf,1,11
399,cross/aligned/l1,dci_v3,1,11
399,cross/aligned/l1,dci_v3_a8,1,11
399,cross/aligned/l1,best_axis_oracle,1,7
399,cross/aligned/l1,every_k2,1,5
399,cross/aligned/l1,adwin,0,0
399,cross/aligned/l1,mcusum,0,11
399,cross/aligned/l1,sketch1,0,11
400,cross/aligned/l0.05,always_multiD,0,4
400,cross/aligned/l0.05,union4_bonf,0,3
400,cross/aligned/l0.05,dci_v3,0,3
400,cross/aligned/l0.05,dci_v3_a8,0,3
400,cross/aligned/l0.05,best_axis_oracle,0,0
400,cross/aligned/l0.05,every_k2,0,1
400,cross/aligned/l0.05,adwin,0,0
400,cross/aligned/l0.05,mcusum,0,0
400,cross/aligned/l0.05,sketch1,0,0
401,cross/aligned/l0.1,always_multiD,0,5
401,cross/aligned/l0.1,union4_bonf,0,5
401,cross/aligned/l0.1,dci_v3,0,5
401,cross/aligned/l0.1,dci_v3_a8,0,5
401,cross/aligned/l0.1,best_axis_oracle,0,0
401,cross/aligned/l0.1,every_k2,0,1
401,cross/aligned/l0.1,adwin,0,0
401,cross/aligned/l0.1,mcusum,0,0
401,cross/aligned/l0.1,sketch1,0,0
402,cross/aligned/l0.2,always_multiD,0,7
402,cross/aligned/l0.2,union4_bonf,0,7
402,cross/aligned/l0.2,dci_v3,0,7
402,cross/aligned/l0.2,dci_v3_a8,0,7
402,cross/aligned/l0.2,best_axis_oracle,0,0
402,cross/aligned/l0.2,every_k2,0,4
402,cross/aligned/l0.2,adwin,0,0
402,cross/aligned/l0.2,mcusum,0,0
402,cross/aligned/l0.2,sketch1,0,1
403,cross/aligned/l0.4,always_multiD,0,8
403,cross/aligned/l0.4,union4_bonf,0,8
403,cross/aligned/l0.4,dci_v3,0,8
403,cross/aligned/l0.4,dci_v3_a8,0,8
403,cross/aligned/l0.4,best_axis_oracle,0,0
403,cross/aligned/l0.4,every_k2,0,3
403,cross/aligned/l0.4,adwin,0,0
403,cross/aligned/l0.4,mcusum,0,0
403,cross/aligned/l0.4,sketch1,0,2
404,cross/aligned/l1,always_multiD,1,14
404,cross/aligned/l1,union4_bonf,1,13
404,cross/aligned/l1,dci_v3,1,13
404,cross/aligned/l1,dci_v3_a8,1,13
404,cross/aligned/l1,best_axis_oracle,1,2
404,cross/aligned/l1,every_k2,1,6
404,cross/aligned/l1,adwin,0,0
404,cross/aligned/l1,mcusum,0,1
404,cross/aligned/l1,sketch1,0,3
405,cross/aligned/l0.05,always_multiD,1,3
405,cross/aligned/l0.05,union4_bonf,1,4
405,cross/aligned/l0.05,dci_v3,1,4
405,cross/aligned/l0.05,dci_v3_a8,1,4
405,cross/aligned/l0.05,best_axis_oracle,1,5
405,cross/aligned/l0.05,every_k2,0,2
405,cross/aligned/l0.05,adwin,0,0
405,cross/aligned/l0.05,mcusum,0,0
405,cross/aligned/l0.05,sketch1,0,0
406,cross/aligned/l0.1,always_multiD,1,6
406,cross/aligned/l0.1,union4_bonf,1,8
406,cross/aligned/l0.1,dci_v3,1,8
406,cross/aligned/l0.1,dci_v3_a8,1,8
406,cross/aligned/l0.1,best_axis_oracle,1,10
406,cross/aligned/l0.1,every_k2,1,4
406,cross/aligned/l0.1,adwin,0,0
406,cross/aligned/l0.1,mcusum,1,1
406,cross/aligned/l0.1,sketch1,0,0
407,cross/aligned/l0.2,always_multiD,1,10
407,cross/aligned/l0.2,union4_bonf,1,10
407,cross/aligned/l0.2,dci_v3,1,10
407,cross/aligned/l0.2,dci_v3_a8,1,10
407,cross/aligned/l0.2,best_axis_oracle,1,10
407,cross/aligned/l0.2,every_k2,0,5
407,cross/aligned/l0.2,adwin,0,0
407,cross/aligned/l0.2,mcusum,1,3
407,cross/aligned/l0.2,sketch1,0,0
408,cross/aligned/l0.4,always_multiD,1,10
408,cross/aligned/l0.4,union4_bonf,1,10
408,cross/aligned/l0.4,dci_v3,1,10
408,cross/aligned/l0.4,dci_v3_a8,1,10
408,cross/aligned/l0.4,best_axis_oracle,1,10
408,cross/aligned/l0.4,every_k2,0,5
408,cross/aligned/l0.4,adwin,0,0
408,cross/aligned/l0.4,mcusum,1,10
408,cross/aligned/l0.4,sketch1,0,1
409,cross/aligned/l1,always_multiD,1,10
409,cross/aligned/l1,union4_bonf,1,10
409,cross/aligned/l1,dci_v3,1,10
409,cross/aligned/l1,dci_v3_a8,1,10
409,cross/aligned/l1,best_axis_oracle,1,10
409,cross/aligned/l1,every_k2,0,5
409,cross/aligned/l1,adwin,0,0
409,cross/aligned/l1,mcusum,1,8
409,cross/aligned/l1,sketch1,0,7
410,cross/aligned/l0.05,always_multiD,0,0
410,cross/aligned/l0.05,union4_bonf,0,0
410,cross/aligned/l0.05,dci_v3,0,0
410,cross/aligned/l0.05,dci_v3_a8,0,0
410,cross/aligned/l0.05,best_axis_oracle,0,0
410,cross/aligned/l0.05,every_k2,0,0
410,cross/aligned/l0.05,adwin,0,0
410,cross/aligned/l0.05,mcusum,0,0
410,cross/aligned/l0.05,sketch1,0,0
411,cross/aligned/l0.1,always_multiD,0,0
411,cross/aligned/l0.1,union4_bonf,0,0
411,cross/aligned/l0.1,dci_v3,0,0
411,cross/aligned/l0.1,dci_v3_a8,0,0
411,cross/aligned/l0.1,best_axis_oracle,0,0
411,cross/aligned/l0.1,every_k2,0,0
411,cross/aligned/l0.1,adwin,0,0
411,cross/aligned/l0.1,mcusum,0,0
411,cross/aligned/l0.1,sketch1,0,0
412,cross/aligned/l0.2,always_multiD,0,0
412,cross/aligned/l0.2,union4_bonf,0,0
412,cross/aligned/l0.2,dci_v3,0,0
412,cross/aligned/l0.2,dci_v3_a8,0,0
412,cross/aligned/l0.2,best_axis_oracle,0,0
412,cross/aligned/l0.2,every_k2,0,0
412,cross/aligned/l0.2,adwin,0,0
412,cross/aligned/l0.2,mcusum,0,0
412,cross/aligned/l0.2,sketch1,0,0
413,cross/aligned/l0.4,always_multiD,0,0
413,cross/aligned/l0.4,union4_bonf,0,0
413,cross/aligned/l0.4,dci_v3,0,0
413,cross/aligned/l0.4,dci_v3_a8,0,0
413,cross/aligned/l0.4,best_axis_oracle,0,0
413,cross/aligned/l0.4,every_k2,0,0
413,cross/aligned/l0.4,adwin,0,0
413,cross/aligned/l0.4,mcusum,0,0
413,cross/aligned/l0.4,sketch1,0,1
414,cross/aligned/l1,always_multiD,0,8
414,cross/aligned/l1,union4_bonf,1,0
414,cross/aligned/l1,dci_v3,1,0
414,cross/aligned/l1,dci_v3_a8,1,1
414,cross/aligned/l1,best_axis_oracle,1,0
414,cross/aligned/l1,every_k2,0,5
414,cross/aligned/l1,adwin,0,0
414,cross/aligned/l1,mcusum,0,1
414,cross/aligned/l1,sketch1,0,0
415,cross/aligned/l0.05,always_multiD,1,11
415,cross/aligned/l0.05,union4_bonf,1,11
415,cross/aligned/l0.05,dci_v3,1,11
415,cross/aligned/l0.05,dci_v3_a8,1,11
415,cross/aligned/l0.05,best_axis_oracle,1,11
415,cross/aligned/l0.05,every_k2,1,5
415,cross/aligned/l0.05,adwin,0,0
415,cross/aligned/l0.05,mcusum,0,6
415,cross/aligned/l0.05,sketch1,0,0
416,cross/aligned/l0.1,always_multiD,1,11
416,cross/aligned/l0.1,union4_bonf,1,11
416,cross/aligned/l0.1,dci_v3,1,11
416,cross/aligned/l0.1,dci_v3_a8,1,11
416,cross/aligned/l0.1,best_axis_oracle,1,11
416,cross/aligned/l0.1,every_k2,1,5
416,cross/aligned/l0.1,adwin,0,0
416,cross/aligned/l0.1,mcusum,1,6
416,cross/aligned/l0.1,sketch1,0,0
417,cross/aligned/l0.2,always_multiD,1,11
417,cross/aligned/l0.2,union4_bonf,1,11
417,cross/aligned/l0.2,dci_v3,1,11
417,cross/aligned/l0.2,dci_v3_a8,1,11
417,cross/aligned/l0.2,best_axis_oracle,1,9
417,cross/aligned/l0.2,every_k2,0,6
417,cross/aligned/l0.2,adwin,0,0
417,cross/aligned/l0.2,mcusum,1,11
417,cross/aligned/l0.2,sketch1,0,1
418,cross/aligned/l0.4,always_multiD,1,11
418,cross/aligned/l0.4,union4_bonf,1,11
418,cross/aligned/l0.4,dci_v3,1,11
418,cross/aligned/l0.4,dci_v3_a8,1,11
418,cross/aligned/l0.4,best_axis_oracle,1,11
418,cross/aligned/l0.4,every_k2,0,6
418,cross/aligned/l0.4,adwin,0,0
418,cross/aligned/l0.4,mcusum,1,11
418,cross/aligned/l0.4,sketch1,0,6
419,cross/aligned/l1,always_multiD,1,11
419,cross/aligned/l1,union4_bonf,1,11
419,cross/aligned/l1,dci_v3,1,11
419,cross/aligned/l1,dci_v3_a8,1,11
419,cross/aligned/l1,best_axis_oracle,1,11
419,cross/aligned/l1,every_k2,0,6
419,cross/aligned/l1,adwin,0,0
419,cross/aligned/l1,mcusum,1,11
419,cross/aligned/l1,sketch1,1,11
420,cross/aligned/l0.05,always_multiD,1,0
420,cross/aligned/l0.05,union4_bonf,1,0
420,cross/aligned/l0.05,dci_v3,1,0
420,cross/aligned/l0.05,dci_v3_a8,1,0
420,cross/aligned/l0.05,best_axis_oracle,1,2
420,cross/aligned/l0.05,every_k2,0,0
420,cross/aligned/l0.05,adwin,0,0
420,cross/aligned/l0.05,mcusum,0,0
420,cross/aligned/l0.05,sketch1,0,0
421,cross/aligned/l0.1,always_multiD,1,0
421,cross/aligned/l0.1,union4_bonf,1,2
421,cross/aligned/l0.1,dci_v3,1,2
421,cross/aligned/l0.1,dci_v3_a8,1,2
421,cross/aligned/l0.1,best_axis_oracle,1,2
421,cross/aligned/l0.1,every_k2,1,0
421,cross/aligned/l0.1,adwin,0,0
421,cross/aligned/l0.1,mcusum,1,0
421,cross/aligned/l0.1,sketch1,0,0
422,cross/aligned/l0.2,always_multiD,1,2
422,cross/aligned/l0.2,union4_bonf,1,4
422,cross/aligned/l0.2,dci_v3,1,4
422,cross/aligned/l0.2,dci_v3_a8,1,3
422,cross/aligned/l0.2,best_axis_oracle,1,4
422,cross/aligned/l0.2,every_k2,0,2
422,cross/aligned/l0.2,adwin,0,0
422,cross/aligned/l0.2,mcusum,1,0
422,cross/aligned/l0.2,sketch1,0,0
423,cross/aligned/l0.4,always_multiD,1,11
423,cross/aligned/l0.4,union4_bonf,1,10
423,cross/aligned/l0.4,dci_v3,1,10
423,cross/aligned/l0.4,dci_v3_a8,1,10
423,cross/aligned/l0.4,best_axis_oracle,1,11
423,cross/aligned/l0.4,every_k2,1,5
423,cross/aligned/l0.4,adwin,0,0
423,cross/aligned/l0.4,mcusum,1,1
423,cross/aligned/l0.4,sketch1,0,0
424,cross/aligned/l1,always_multiD,1,11
424,cross/aligned/l1,union4_bonf,1,11
424,cross/aligned/l1,dci_v3,1,11
424,cross/aligned/l1,dci_v3_a8,1,11
424,cross/aligned/l1,best_axis_oracle,1,11
424,cross/aligned/l1,every_k2,1,5
424,cross/aligned/l1,adwin,0,0
424,cross/aligned/l1,mcusum,1,0
424,cross/aligned/l1,sketch1,0,0
425,cross/aligned/l0.05,always_multiD,1,14
425,cross/aligned/l0.05,union4_bonf,1,12
425,cross/aligned/l0.05,dci_v3,1,12
425,cross/aligned/l0.05,dci_v3_a8,1,13
425,cross/aligned/l0.05,best_axis_oracle,1,7
425,cross/aligned/l0.05,every_k2,0,7
425,cross/aligned/l0.05,adwin,0,0
425,cross/aligned/l0.05,mcusum,0,2
425,cross/aligned/l0.05,sketch1,0,3
426,cross/aligned/l0.1,always_multiD,1,14
426,cross/aligned/l0.1,union4_bonf,1,12
426,cross/aligned/l0.1,dci_v3,1,12
426,cross/aligned/l0.1,dci_v3_a8,1,13
426,cross/aligned/l0.1,best_axis_oracle,1,1
426,cross/aligned/l0.1,every_k2,0,7
426,cross/aligned/l0.1,adwin,0,0
426,cross/aligned/l0.1,mcusum,0,3
426,cross/aligned/l0.1,sketch1,0,3
427,cross/aligned/l0.2,always_multiD,1,14
427,cross/aligned/l0.2,union4_bonf,1,12
427,cross/aligned/l0.2,dci_v3,1,12
427,cross/aligned/l0.2,dci_v3_a8,1,12
427,cross/aligned/l0.2,best_axis_oracle,1,3
427,cross/aligned/l0.2,every_k2,0,7
427,cross/aligned/l0.2,adwin,0,0
427,cross/aligned/l0.2,mcusum,1,5
427,cross/aligned/l0.2,sketch1,0,7
428,cross/aligned/l0.4,always_multiD,1,14
428,cross/aligned/l0.4,union4_bonf,1,12
428,cross/aligned/l0.4,dci_v3,1,12
428,cross/aligned/l0.4,dci_v3_a8,1,13
428,cross/aligned/l0.4,best_axis_oracle,1,4
428,cross/aligned/l0.4,every_k2,1,7
428,cross/aligned/l0.4,adwin,0,0
428,cross/aligned/l0.4,mcusum,1,7
428,cross/aligned/l0.4,sketch1,1,5
429,cross/aligned/l1,always_multiD,1,14
429,cross/aligned/l1,union4_bonf,1,12
429,cross/aligned/l1,dci_v3,1,12
429,cross/aligned/l1,dci_v3_a8,1,12
429,cross/aligned/l1,best_axis_oracle,1,4
429,cross/aligned/l1,every_k2,0,7
429,cross/aligned/l1,adwin,0,0
429,cross/aligned/l1,mcusum,1,11
429,cross/aligned/l1,sketch1,1,10
430,cross/aligned/l0.05,always_multiD,1,13
430,cross/aligned/l0.05,union4_bonf,1,13
430,cross/aligned/l0.05,dci_v3,1,13
430,cross/aligned/l0.05,dci_v3_a8,1,13
430,cross/aligned/l0.05,best_axis_oracle,1,7
430,cross/aligned/l0.05,every_k2,0,7
430,cross/aligned/l0.05,adwin,0,0
430,cross/aligned/l0.05,mcusum,1,2
430,cross/aligned/l0.05,sketch1,0,2
431,cross/aligned/l0.1,always_multiD,1,13
431,cross/aligned/l0.1,union4_bonf,1,13
431,cross/aligned/l0.1,dci_v3,1,13
431,cross/aligned/l0.1,dci_v3_a8,1,13
431,cross/aligned/l0.1,best_axis_oracle,1,7
431,cross/aligned/l0.1,every_k2,0,7
431,cross/aligned/l0.1,adwin,0,0
431,cross/aligned/l0.1,mcusum,1,3
431,cross/aligned/l0.1,sketch1,0,2
432,cross/aligned/l0.2,always_multiD,1,13
432,cross/aligned/l0.2,union4_bonf,1,13
432,cross/aligned/l0.2,dci_v3,1,13
432,cross/aligned/l0.2,dci_v3_a8,1,13
432,cross/aligned/l0.2,best_axis_oracle,1,10
432,cross/aligned/l0.2,every_k2,0,7
432,cross/aligned/l0.2,adwin,0,0
432,cross/aligned/l0.2,mcusum,1,4
432,cross/aligned/l0.2,sketch1,0,2
433,cross/aligned/l0.4,always_multiD,1,13
433,cross/aligned/l0.4,union4_bonf,1,13
433,cross/aligned/l0.4,dci_v3,1,13
433,cross/aligned/l0.4,dci_v3_a8,1,13
433,cross/aligned/l0.4,best_axis_oracle,1,10
433,cross/aligned/l0.4,every_k2,1,6
433,cross/aligned/l0.4,adwin,0,0
433,cross/aligned/l0.4,mcusum,1,7
433,cross/aligned/l0.4,sketch1,1,2
434,cross/aligned/l1,always_multiD,1,13
434,cross/aligned/l1,union4_bonf,1,13
434,cross/aligned/l1,dci_v3,1,13
434,cross/aligned/l1,dci_v3_a8,1,13
434,cross/aligned/l1,best_axis_oracle,1,2
434,cross/aligned/l1,every_k2,1,6
434,cross/aligned/l1,adwin,0,0
434,cross/aligned/l1,mcusum,1,11
434,cross/aligned/l1,sketch1,1,13
435,cross/aligned/l0.05,always_multiD,1,12
435,cross/aligned/l0.05,union4_bonf,1,12
435,cross/aligned/l0.05,dci_v3,1,12
435,cross/aligned/l0.05,dci_v3_a8,1,12
435,cross/aligned/l0.05,best_axis_oracle,1,11
435,cross/aligned/l0.05,every_k2,1,5
435,cross/aligned/l0.05,adwin,0,0
435,cross/aligned/l0.05,mcusum,1,11
435,cross/aligned/l0.05,sketch1,1,11
436,cross/aligned/l0.1,always_multiD,1,12
436,cross/aligned/l0.1,union4_bonf,1,12
436,cross/aligned/l0.1,dci_v3,1,12
436,cross/aligned/l0.1,dci_v3_a8,1,12
436,cross/aligned/l0.1,best_axis_oracle,1,11
436,cross/aligned/l0.1,every_k2,1,5
436,cross/aligned/l0.1,adwin,0,0
436,cross/aligned/l0.1,mcusum,1,11
436,cross/aligned/l0.1,sketch1,1,11
437,cross/aligned/l0.2,always_multiD,1,12
437,cross/aligned/l0.2,union4_bonf,1,12
437,cross/aligned/l0.2,dci_v3,1,12
437,cross/aligned/l0.2,dci_v3_a8,1,12
437,cross/aligned/l0.2,best_axis_oracle,1,11
437,cross/aligned/l0.2,every_k2,0,7
437,cross/aligned/l0.2,adwin,0,0
437,cross/aligned/l0.2,mcusum,1,11
437,cross/aligned/l0.2,sketch1,1,11
438,cross/aligned/l0.4,always_multiD,1,12
438,cross/aligned/l0.4,union4_bonf,1,12
438,cross/aligned/l0.4,dci_v3,1,12
438,cross/aligned/l0.4,dci_v3_a8,1,12
438,cross/aligned/l0.4,best_axis_oracle,1,2
438,cross/aligned/l0.4,every_k2,0,7
438,cross/aligned/l0.4,adwin,0,0
438,cross/aligned/l0.4,mcusum,1,11
438,cross/aligned/l0.4,sketch1,1,11
439,cross/aligned/l1,always_multiD,1,12
439,cross/aligned/l1,union4_bonf,1,12
439,cross/aligned/l1,dci_v3,1,12
439,cross/aligned/l1,dci_v3_a8,1,12
439,cross/aligned/l1,best_axis_oracle,1,1
439,cross/aligned/l1,every_k2,0,7
439,cross/aligned/l1,adwin,0,0
439,cross/aligned/l1,mcusum,1,11
439,cross/aligned/l1,sketch1,1,11
440,cross/aligned/l0.05,always_multiD,0,0
440,cross/aligned/l0.05,union4_bonf,0,0
440,cross/aligned/l0.05,dci_v3,0,0
440,cross/aligned/l0.05,dci_v3_a8,0,0
440,cross/aligned/l0.05,best_axis_oracle,0,0
440,cross/aligned/l0.05,every_k2,0,0
440,cross/aligned/l0.05,adwin,0,0
440,cross/aligned/l0.05,mcusum,0,0
440,cross/aligned/l0.05,sketch1,0,0
441,cross/aligned/l0.1,always_multiD,0,0
441,cross/aligned/l0.1,union4_bonf,0,0
441,cross/aligned/l0.1,dci_v3,0,0
441,cross/aligned/l0.1,dci_v3_a8,0,0
441,cross/aligned/l0.1,best_axis_oracle,0,0
441,cross/aligned/l0.1,every_k2,0,0
441,cross/aligned/l0.1,adwin,0,0
441,cross/aligned/l0.1,mcusum,0,0
441,cross/aligned/l0.1,sketch1,0,0
442,cross/aligned/l0.2,always_multiD,0,4
442,cross/aligned/l0.2,union4_bonf,0,0
442,cross/aligned/l0.2,dci_v3,0,0
442,cross/aligned/l0.2,dci_v3_a8,0,1
442,cross/aligned/l0.2,best_axis_oracle,0,0
442,cross/aligned/l0.2,every_k2,0,2
442,cross/aligned/l0.2,adwin,0,0
442,cross/aligned/l0.2,mcusum,0,0
442,cross/aligned/l0.2,sketch1,0,0
443,cross/aligned/l0.4,always_multiD,1,3
443,cross/aligned/l0.4,union4_bonf,0,0
443,cross/aligned/l0.4,dci_v3,0,2
443,cross/aligned/l0.4,dci_v3_a8,0,2
443,cross/aligned/l0.4,best_axis_oracle,0,0
443,cross/aligned/l0.4,every_k2,1,2
443,cross/aligned/l0.4,adwin,0,0
443,cross/aligned/l0.4,mcusum,0,0
443,cross/aligned/l0.4,sketch1,0,0
444,cross/aligned/l1,always_multiD,1,11
444,cross/aligned/l1,union4_bonf,1,0
444,cross/aligned/l1,dci_v3,1,11
444,cross/aligned/l1,dci_v3_a8,1,11
444,cross/aligned/l1,best_axis_oracle,1,0
444,cross/aligned/l1,every_k2,1,5
444,cross/aligned/l1,adwin,0,0
444,cross/aligned/l1,mcusum,0,2
444,cross/aligned/l1,sketch1,0,0
445,cross/aligned/l0.05,always_multiD,0,1
445,cross/aligned/l0.05,union4_bonf,0,2
445,cross/aligned/l0.05,dci_v3,0,2
445,cross/aligned/l0.05,dci_v3_a8,0,2
445,cross/aligned/l0.05,best_axis_oracle,0,0
445,cross/aligned/l0.05,every_k2,0,0
445,cross/aligned/l0.05,adwin,0,0
445,cross/aligned/l0.05,mcusum,0,0
445,cross/aligned/l0.05,sketch1,0,1
446,cross/aligned/l0.1,always_multiD,0,1
446,cross/aligned/l0.1,union4_bonf,0,2
446,cross/aligned/l0.1,dci_v3,0,2
446,cross/aligned/l0.1,dci_v3_a8,0,2
446,cross/aligned/l0.1,best_axis_oracle,0,0
446,cross/aligned/l0.1,every_k2,0,0
446,cross/aligned/l0.1,adwin,0,0
446,cross/aligned/l0.1,mcusum,0,0
446,cross/aligned/l0.1,sketch1,0,1
447,cross/aligned/l0.2,always_multiD,0,1
447,cross/aligned/l0.2,union4_bonf,0,2
447,cross/aligned/l0.2,dci_v3,0,2
447,cross/aligned/l0.2,dci_v3_a8,0,2
447,cross/aligned/l0.2,best_axis_oracle,0,0
447,cross/aligned/l0.2,every_k2,0,1
447,cross/aligned/l0.2,adwin,0,0
447,cross/aligned/l0.2,mcusum,0,0
447,cross/aligned/l0.2,sketch1,0,1
448,cross/aligned/l0.4,always_multiD,0,1
448,cross/aligned/l0.4,union4_bonf,0,2
448,cross/aligned/l0.4,dci_v3,0,2
448,cross/aligned/l0.4,dci_v3_a8,0,2
448,cross/aligned/l0.4,best_axis_oracle,0,0
448,cross/aligned/l0.4,every_k2,0,0
448,cross/aligned/l0.4,adwin,0,0
448,cross/aligned/l0.4,mcusum,0,0
448,cross/aligned/l0.4,sketch1,0,1
449,cross/aligned/l1,always_multiD,0,1
449,cross/aligned/l1,union4_bonf,1,2
449,cross/aligned/l1,dci_v3,1,2
449,cross/aligned/l1,dci_v3_a8,1,2
449,cross/aligned/l1,best_axis_oracle,1,0
449,cross/aligned/l1,every_k2,0,1
449,cross/aligned/l1,adwin,0,0
449,cross/aligned/l1,mcusum,0,0
449,cross/aligned/l1,sketch1,0,1
450,cross/aligned/l0.05,always_multiD,0,1
450,cross/aligned/l0.05,union4_bonf,0,0
450,cross/aligned/l0.05,dci_v3,0,0
450,cross/aligned/l0.05,dci_v3_a8,0,0
450,cross/aligned/l0.05,best_axis_oracle,0,0
450,cross/aligned/l0.05,every_k2,0,0
450,cross/aligned/l0.05,adwin,0,0
450,cross/aligned/l0.05,mcusum,0,0
450,cross/aligned/l0.05,sketch1,0,1
451,cross/aligned/l0.1,always_multiD,0,1
451,cross/aligned/l0.1,union4_bonf,0,0
451,cross/aligned/l0.1,dci_v3,0,0
451,cross/aligned/l0.1,dci_v3_a8,0,0
451,cross/aligned/l0.1,best_axis_oracle,0,0
451,cross/aligned/l0.1,every_k2,0,1
451,cross/aligned/l0.1,adwin,0,0
451,cross/aligned/l0.1,mcusum,0,0
451,cross/aligned/l0.1,sketch1,0,1
452,cross/aligned/l0.2,always_multiD,0,0
452,cross/aligned/l0.2,union4_bonf,0,0
452,cross/aligned/l0.2,dci_v3,0,0
452,cross/aligned/l0.2,dci_v3_a8,0,0
452,cross/aligned/l0.2,best_axis_oracle,0,0
452,cross/aligned/l0.2,every_k2,0,0
452,cross/aligned/l0.2,adwin,0,0
452,cross/aligned/l0.2,mcusum,0,0
452,cross/aligned/l0.2,sketch1,0,1
453,cross/aligned/l0.4,always_multiD,0,3
453,cross/aligned/l0.4,union4_bonf,0,0
453,cross/aligned/l0.4,dci_v3,0,0
453,cross/aligned/l0.4,dci_v3_a8,0,0
453,cross/aligned/l0.4,best_axis_oracle,0,0
453,cross/aligned/l0.4,every_k2,0,1
453,cross/aligned/l0.4,adwin,0,0
453,cross/aligned/l0.4,mcusum,0,0
453,cross/aligned/l0.4,sketch1,0,4
454,cross/aligned/l1,always_multiD,1,11
454,cross/aligned/l1,union4_bonf,1,9
454,cross/aligned/l1,dci_v3,1,11
454,cross/aligned/l1,dci_v3_a8,1,11
454,cross/aligned/l1,best_axis_oracle,1,7
454,cross/aligned/l1,every_k2,0,6
454,cross/aligned/l1,adwin,0,0
454,cross/aligned/l1,mcusum,0,3
454,cross/aligned/l1,sketch1,0,9
455,cross/aligned/l0.05,always_multiD,0,3
455,cross/aligned/l0.05,union4_bonf,0,2
455,cross/aligned/l0.05,dci_v3,0,2
455,cross/aligned/l0.05,dci_v3_a8,0,2
455,cross/aligned/l0.05,best_axis_oracle,0,0
455,cross/aligned/l0.05,every_k2,0,2
455,cross/aligned/l0.05,adwin,0,0
455,cross/aligned/l0.05,mcusum,0,0
455,cross/aligned/l0.05,sketch1,0,0
456,cross/aligned/l0.1,always_multiD,0,3
456,cross/aligned/l0.1,union4_bonf,0,2
456,cross/aligned/l0.1,dci_v3,0,2
456,cross/aligned/l0.1,dci_v3_a8,0,2
456,cross/aligned/l0.1,best_axis_oracle,0,0
456,cross/aligned/l0.1,every_k2,0,2
456,cross/aligned/l0.1,adwin,0,0
456,cross/aligned/l0.1,mcusum,0,0
456,cross/aligned/l0.1,sketch1,0,0
457,cross/aligned/l0.2,always_multiD,0,3
457,cross/aligned/l0.2,union4_bonf,0,2
457,cross/aligned/l0.2,dci_v3,0,2
457,cross/aligned/l0.2,dci_v3_a8,0,2
457,cross/aligned/l0.2,best_axis_oracle,0,0
457,cross/aligned/l0.2,every_k2,0,1
457,cross/aligned/l0.2,adwin,0,0
457,cross/aligned/l0.2,mcusum,0,0
457,cross/aligned/l0.2,sketch1,0,0
458,cross/aligned/l0.4,always_multiD,0,3
458,cross/aligned/l0.4,union4_bonf,0,2
458,cross/aligned/l0.4,dci_v3,0,2
458,cross/aligned/l0.4,dci_v3_a8,0,2
458,cross/aligned/l0.4,best_axis_oracle,0,0
458,cross/aligned/l0.4,every_k2,0,1
458,cross/aligned/l0.4,adwin,0,0
458,cross/aligned/l0.4,mcusum,0,0
458,cross/aligned/l0.4,sketch1,0,0
459,cross/aligned/l1,always_multiD,1,7
459,cross/aligned/l1,union4_bonf,1,6
459,cross/aligned/l1,dci_v3,1,6
459,cross/aligned/l1,dci_v3_a8,1,6
459,cross/aligned/l1,best_axis_oracle,1,7
459,cross/aligned/l1,every_k2,0,3
459,cross/aligned/l1,adwin,0,0
459,cross/aligned/l1,mcusum,0,0
459,cross/aligned/l1,sketch1,0,0
460,cross/aligned/l0.05,always_multiD,0,1
460,cross/aligned/l0.05,union4_bonf,0,0
460,cross/aligned/l0.05,dci_v3,0,0
460,cross/aligned/l0.05,dci_v3_a8,0,0
460,cross/aligned/l0.05,best_axis_oracle,0,0
460,cross/aligned/l0.05,every_k2,0,0
460,cross/aligned/l0.05,adwin,0,0
460,cross/aligned/l0.05,mcusum,0,0
460,cross/aligned/l0.05,sketch1,0,2
461,cross/aligned/l0.1,always_multiD,0,0
461,cross/aligned/l0.1,union4_bonf,0,0
461,cross/aligned/l0.1,dci_v3,0,0
461,cross/aligned/l0.1,dci_v3_a8,0,0
461,cross/aligned/l0.1,best_axis_oracle,0,0
461,cross/aligned/l0.1,every_k2,0,0
461,cross/aligned/l0.1,adwin,0,0
461,cross/aligned/l0.1,mcusum,0,0
461,cross/aligned/l0.1,sketch1,0,0
462,cross/aligned/l0.2,always_multiD,0,0
462,cross/aligned/l0.2,union4_bonf,0,0
462,cross/aligned/l0.2,dci_v3,0,0
462,cross/aligned/l0.2,dci_v3_a8,0,0
462,cross/aligned/l0.2,best_axis_oracle,0,0
462,cross/aligned/l0.2,every_k2,0,0
462,cross/aligned/l0.2,adwin,0,0
462,cross/aligned/l0.2,mcusum,0,0
462,cross/aligned/l0.2,sketch1,0,0
463,cross/aligned/l0.4,always_multiD,0,2
463,cross/aligned/l0.4,union4_bonf,1,0
463,cross/aligned/l0.4,dci_v3,1,0
463,cross/aligned/l0.4,dci_v3_a8,1,0
463,cross/aligned/l0.4,best_axis_oracle,1,0
463,cross/aligned/l0.4,every_k2,0,1
463,cross/aligned/l0.4,adwin,0,0
463,cross/aligned/l0.4,mcusum,0,0
463,cross/aligned/l0.4,sketch1,0,0
464,cross/aligned/l1,always_multiD,1,5
464,cross/aligned/l1,union4_bonf,1,9
464,cross/aligned/l1,dci_v3,1,9
464,cross/aligned/l1,dci_v3_a8,1,8
464,cross/aligned/l1,best_axis_oracle,1,0
464,cross/aligned/l1,every_k2,1,2
464,cross/aligned/l1,adwin,0,0
464,cross/aligned/l1,mcusum,0,0
464,cross/aligned/l1,sketch1,0,0
465,cross/aligned/l0.05,always_multiD,0,0
465,cross/aligned/l0.05,union4_bonf,0,0
465,cross/aligned/l0.05,dci_v3,0,0
465,cross/aligned/l0.05,dci_v3_a8,0,0
465,cross/aligned/l0.05,best_axis_oracle,0,0
465,cross/aligned/l0.05,every_k2,0,0
465,cross/aligned/l0.05,adwin,0,0
465,cross/aligned/l0.05,mcusum,0,0
465,cross/aligned/l0.05,sketch1,0,0
466,cross/aligned/l0.1,always_multiD,0,0
466,cross/aligned/l0.1,union4_bonf,0,0
466,cross/aligned/l0.1,dci_v3,0,0
466,cross/aligned/l0.1,dci_v3_a8,0,0
466,cross/aligned/l0.1,best_axis_oracle,0,0
466,cross/aligned/l0.1,every_k2,0,0
466,cross/aligned/l0.1,adwin,0,0
466,cross/aligned/l0.1,mcusum,0,0
466,cross/aligned/l0.1,sketch1,0,0
467,cross/aligned/l0.2,always_multiD,0,0
467,cross/aligned/l0.2,union4_bonf,0,0
467,cross/aligned/l0.2,dci_v3,0,0
467,cross/aligned/l0.2,dci_v3_a8,0,0
467,cross/aligned/l0.2,best_axis_oracle,0,0
467,cross/aligned/l0.2,every_k2,0,0
467,cross/aligned/l0.2,adwin,0,0
467,cross/aligned/l0.2,mcusum,0,0
467,cross/aligned/l0.2,sketch1,0,0
468,cross/aligned/l0.4,always_multiD,1,0
468,cross/aligned/l0.4,union4_bonf,1,0
468,cross/aligned/l0.4,dci_v3,1,0
468,cross/aligned/l0.4,dci_v3_a8,1,0
468,cross/aligned/l0.4,best_axis_oracle,1,2
468,cross/aligned/l0.4,every_k2,0,0
468,cross/aligned/l0.4,adwin,0,0
468,cross/aligned/l0.4,mcusum,0,0
468,cross/aligned/l0.4,sketch1,0,0
469,cross/aligned/l1,always_multiD,1,11
469,cross/aligned/l1,union4_bonf,1,8
469,cross/aligned/l1,dci_v3,1,8
469,cross/aligned/l1,dci_v3_a8,1,8
469,cross/aligned/l1,best_axis_oracle,1,11
469,cross/aligned/l1,every_k2,1,5
469,cross/aligned/l1,adwin,0,0
469,cross/aligned/l1,mcusum,0,0
469,cross/aligned/l1,sketch1,1,4
470,cross/aligned/l0.05,always_multiD,1,2
470,cross/aligned/l0.05,union4_bonf,1,2
470,cross/aligned/l0.05,dci_v3,1,2
470,cross/aligned/l0.05,dci_v3_a8,1,2
470,cross/aligned/l0.05,best_axis_oracle,1,2
470,cross/aligned/l0.05,every_k2,1,1
470,cross/aligned/l0.05,adwin,0,0
470,cross/aligned/l0.05,mcusum,0,0
470,cross/aligned/l0.05,sketch1,0,2
471,cross/aligned/l0.1,always_multiD,1,2
471,cross/aligned/l0.1,union4_bonf,1,3
471,cross/aligned/l0.1,dci_v3,1,3
471,cross/aligned/l0.1,dci_v3_a8,1,3
471,cross/aligned/l0.1,best_axis_oracle,1,2
471,cross/aligned/l0.1,every_k2,1,2
471,cross/aligned/l0.1,adwin,0,0
471,cross/aligned/l0.1,mcusum,1,0
471,cross/aligned/l0.1,sketch1,0,2
472,cross/aligned/l0.2,always_multiD,1,5
472,cross/aligned/l0.2,union4_bonf,1,4
472,cross/aligned/l0.2,dci_v3,1,4
472,cross/aligned/l0.2,dci_v3_a8,1,4
472,cross/aligned/l0.2,best_axis_oracle,1,2
472,cross/aligned/l0.2,every_k2,0,2
472,cross/aligned/l0.2,adwin,0,0
472,cross/aligned/l0.2,mcusum,1,0
472,cross/aligned/l0.2,sketch1,0,3
473,cross/aligned/l0.4,always_multiD,1,6
473,cross/aligned/l0.4,union4_bonf,1,5
473,cross/aligned/l0.4,dci_v3,1,5
473,cross/aligned/l0.4,dci_v3_a8,1,6
473,cross/aligned/l0.4,best_axis_oracle,1,4
473,cross/aligned/l0.4,every_k2,1,2
473,cross/aligned/l0.4,adwin,0,0
473,cross/aligned/l0.4,mcusum,1,0
473,cross/aligned/l0.4,sketch1,0,2
474,cross/aligned/l1,always_multiD,1,9
474,cross/aligned/l1,union4_bonf,1,7
474,cross/aligned/l1,dci_v3,1,7
474,cross/aligned/l1,dci_v3_a8,1,7
474,cross/aligned/l1,best_axis_oracle,1,3
474,cross/aligned/l1,every_k2,1,5
474,cross/aligned/l1,adwin,0,0
474,cross/aligned/l1,mcusum,1,1
474,cross/aligned/l1,sketch1,0,3
475,cross/aligned/l0.05,always_multiD,0,0
475,cross/aligned/l0.05,union4_bonf,0,0
475,cross/aligned/l0.05,dci_v3,0,0
475,cross/aligned/l0.05,dci_v3_a8,0,0
475,cross/aligned/l0.05,best_axis_oracle,0,0
475,cross/aligned/l0.05,every_k2,0,0
475,cross/aligned/l0.05,adwin,0,0
475,cross/aligned/l0.05,mcusum,0,0
475,cross/aligned/l0.05,sketch1,0,0
476,cross/aligned/l0.1,always_multiD,0,0
476,cross/aligned/l0.1,union4_bonf,0,0
476,cross/aligned/l0.1,dci_v3,0,0
476,cross/aligned/l0.1,dci_v3_a8,0,0
476,cross/aligned/l0.1,best_axis_oracle,0,0
476,cross/aligned/l0.1,every_k2,0,0
476,cross/aligned/l0.1,adwin,0,0
476,cross/aligned/l0.1,mcusum,0,0
476,cross/aligned/l0.1,sketch1,0,0
477,cross/aligned/l0.2,always_multiD,0,0
477,cross/aligned/l0.2,union4_bonf,0,0
477,cross/aligned/l0.2,dci_v3,0,0
477,cross/aligned/l0.2,dci_v3_a8,0,0
477,cross/aligned/l0.2,best_axis_oracle,0,0
477,cross/aligned/l0.2,every_k2,0,0
477,cross/aligned/l0.2,adwin,0,0
477,cross/aligned/l0.2,mcusum,0,0
477,cross/aligned/l0.2,sketch1,0,0
478,cross/aligned/l0.4,always_multiD,1,3
478,cross/aligned/l0.4,union4_bonf,1,1
478,cross/aligned/l0.4,dci_v3,1,1
478,cross/aligned/l0.4,dci_v3_a8,1,2
478,cross/aligned/l0.4,best_axis_oracle,1,1
478,cross/aligned/l0.4,every_k2,1,1
478,cross/aligned/l0.4,adwin,0,0
478,cross/aligned/l0.4,mcusum,0,0
478,cross/aligned/l0.4,sketch1,0,2
479,cross/aligned/l1,always_multiD,1,11
479,cross/aligned/l1,union4_bonf,1,11
479,cross/aligned/l1,dci_v3,1,11
479,cross/aligned/l1,dci_v3_a8,1,11
479,cross/aligned/l1,best_axis_oracle,1,1
479,cross/aligned/l1,every_k2,0,6
479,cross/aligned/l1,adwin,0,0
479,cross/aligned/l1,mcusum,1,10
479,cross/aligned/l1,sketch1,1,11
480,cross/aligned/l0.05,always_multiD,1,12
480,cross/aligned/l0.05,union4_bonf,1,12
480,cross/aligned/l0.05,dci_v3,1,12
480,cross/aligned/l0.05,dci_v3_a8,1,12
480,cross/aligned/l0.05,best_axis_oracle,1,8
480,cross/aligned/l0.05,every_k2,1,5
480,cross/aligned/l0.05,adwin,0,0
480,cross/aligned/l0.05,mcusum,0,6
480,cross/aligned/l0.05,sketch1,0,8
481,cross/aligned/l0.1,always_multiD,1,12
481,cross/aligned/l0.1,union4_bonf,1,12
481,cross/aligned/l0.1,dci_v3,1,12
481,cross/aligned/l0.1,dci_v3_a8,1,12
481,cross/aligned/l0.1,best_axis_oracle,1,7
481,cross/aligned/l0.1,every_k2,0,7
481,cross/aligned/l0.1,adwin,0,0
481,cross/aligned/l0.1,mcusum,0,11
481,cross/aligned/l0.1,sketch1,1,12
482,cross/aligned/l0.2,always_multiD,1,12
482,cross/aligned/l0.2,union4_bonf,1,12
482,cross/aligned/l0.2,dci_v3,1,12
482,cross/aligned/l0.2,dci_v3_a8,1,12
482,cross/aligned/l0.2,best_axis_oracle,1,11
482,cross/aligned/l0.2,every_k2,1,5
482,cross/aligned/l0.2,adwin,0,0
482,cross/aligned/l0.2,mcusum,1,11
482,cross/aligned/l0.2,sketch1,1,12
483,cross/aligned/l0.4,always_multiD,1,12
483,cross/aligned/l0.4,union4_bonf,1,12
483,cross/aligned/l0.4,dci_v3,1,12
483,cross/aligned/l0.4,dci_v3_a8,1,12
483,cross/aligned/l0.4,best_axis_oracle,1,11
483,cross/aligned/l0.4,every_k2,1,5
483,cross/aligned/l0.4,adwin,0,0
483,cross/aligned/l0.4,mcusum,1,11
483,cross/aligned/l0.4,sketch1,0,12
484,cross/aligned/l1,always_multiD,1,12
484,cross/aligned/l1,union4_bonf,1,12
484,cross/aligned/l1,dci_v3,1,12
484,cross/aligned/l1,dci_v3_a8,1,12
484,cross/aligned/l1,best_axis_oracle,1,11
484,cross/aligned/l1,every_k2,1,5
484,cross/aligned/l1,adwin,0,0
484,cross/aligned/l1,mcusum,1,11
484,cross/aligned/l1,sketch1,1,12
485,cross/aligned/l0.05,always_multiD,0,1
485,cross/aligned/l0.05,union4_bonf,0,0
485,cross/aligned/l0.05,dci_v3,0,0
485,cross/aligned/l0.05,dci_v3_a8,0,0
485,cross/aligned/l0.05,best_axis_oracle,0,0
485,cross/aligned/l0.05,every_k2,0,1
485,cross/aligned/l0.05,adwin,0,0
485,cross/aligned/l0.05,mcusum,0,0
485,cross/aligned/l0.05,sketch1,0,1
486,cross/aligned/l0.1,always_multiD,0,2
486,cross/aligned/l0.1,union4_bonf,0,0
486,cross/aligned/l0.1,dci_v3,0,0
486,cross/aligned/l0.1,dci_v3_a8,0,0
486,cross/aligned/l0.1,best_axis_oracle,0,0
486,cross/aligned/l0.1,every_k2,0,1
486,cross/aligned/l0.1,adwin,0,0
486,cross/aligned/l0.1,mcusum,0,0
486,cross/aligned/l0.1,sketch1,0,2
487,cross/aligned/l0.2,always_multiD,0,4
487,cross/aligned/l0.2,union4_bonf,1,2
487,cross/aligned/l0.2,dci_v3,1,2
487,cross/aligned/l0.2,dci_v3_a8,1,2
487,cross/aligned/l0.2,best_axis_oracle,1,1
487,cross/aligned/l0.2,every_k2,0,2
487,cross/aligned/l0.2,adwin,0,0
487,cross/aligned/l0.2,mcusum,0,0
487,cross/aligned/l0.2,sketch1,0,0
488,cross/aligned/l0.4,always_multiD,1,6
488,cross/aligned/l0.4,union4_bonf,1,10
488,cross/aligned/l0.4,dci_v3,1,10
488,cross/aligned/l0.4,dci_v3_a8,1,10
488,cross/aligned/l0.4,best_axis_oracle,1,0
488,cross/aligned/l0.4,every_k2,0,3
488,cross/aligned/l0.4,adwin,0,0
488,cross/aligned/l0.4,mcusum,0,0
488,cross/aligned/l0.4,sketch1,0,0
489,cross/aligned/l1,always_multiD,1,11
489,cross/aligned/l1,union4_bonf,1,11
489,cross/aligned/l1,dci_v3,1,11
489,cross/aligned/l1,dci_v3_a8,1,11
489,cross/aligned/l1,best_axis_oracle,1,0
489,cross/aligned/l1,every_k2,0,6
489,cross/aligned/l1,adwin,0,0
489,cross/aligned/l1,mcusum,0,2
489,cross/aligned/l1,sketch1,0,1
490,cross/aligned/l0.05,always_multiD,0,3
490,cross/aligned/l0.05,union4_bonf,0,3
490,cross/aligned/l0.05,dci_v3,0,3
490,cross/aligned/l0.05,dci_v3_a8,0,3
490,cross/aligned/l0.05,best_axis_oracle,0,0
490,cross/aligned/l0.05,every_k2,0,1
490,cross/aligned/l0.05,adwin,0,0
490,cross/aligned/l0.05,mcusum,0,0
490,cross/aligned/l0.05,sketch1,0,1
491,cross/aligned/l0.1,always_multiD,0,3
491,cross/aligned/l0.1,union4_bonf,0,3
491,cross/aligned/l0.1,dci_v3,0,3
491,cross/aligned/l0.1,dci_v3_a8,0,3
491,cross/aligned/l0.1,best_axis_oracle,0,0
491,cross/aligned/l0.1,every_k2,0,1
491,cross/aligned/l0.1,adwin,0,0
491,cross/aligned/l0.1,mcusum,0,0
491,cross/aligned/l0.1,sketch1,0,1
492,cross/aligned/l0.2,always_multiD,0,3
492,cross/aligned/l0.2,union4_bonf,0,3
492,cross/aligned/l0.2,dci_v3,0,3
492,cross/aligned/l0.2,dci_v3_a8,0,3
492,cross/aligned/l0.2,best_axis_oracle,0,0
492,cross/aligned/l0.2,every_k2,0,1
492,cross/aligned/l0.2,adwin,0,0
492,cross/aligned/l0.2,mcusum,0,0
492,cross/aligned/l0.2,sketch1,0,1
493,cross/aligned/l0.4,always_multiD,0,3
493,cross/aligned/l0.4,union4_bonf,0,3
493,cross/aligned/l0.4,dci_v3,0,3
493,cross/aligned/l0.4,dci_v3_a8,0,3
493,cross/aligned/l0.4,best_axis_oracle,0,0
493,cross/aligned/l0.4,every_k2,0,1
493,cross/aligned/l0.4,adwin,0,0
493,cross/aligned/l0.4,mcusum,0,0
493,cross/aligned/l0.4,sketch1,0,1
494,cross/aligned/l1,always_multiD,1,4
494,cross/aligned/l1,union4_bonf,1,4
494,cross/aligned/l1,dci_v3,1,4
494,cross/aligned/l1,dci_v3_a8,1,4
494,cross/aligned/l1,best_axis_oracle,1,0
494,cross/aligned/l1,every_k2,1,3
494,cross/aligned/l1,adwin,0,0
494,cross/aligned/l1,mcusum,0,0
494,cross/aligned/l1,sketch1,0,3
495,cross/aligned/l0.05,always_multiD,0,1
495,cross/aligned/l0.05,union4_bonf,0,2
495,cross/aligned/l0.05,dci_v3,0,2
495,cross/aligned/l0.05,dci_v3_a8,0,2
495,cross/aligned/l0.05,best_axis_oracle,0,0
495,cross/aligned/l0.05,every_k2,0,0
495,cross/aligned/l0.05,adwin,0,0
495,cross/aligned/l0.05,mcusum,0,0
495,cross/aligned/l0.05,sketch1,0,1
496,cross/aligned/l0.1,always_multiD,0,1
496,cross/aligned/l0.1,union4_bonf,0,2
496,cross/aligned/l0.1,dci_v3,0,2
496,cross/aligned/l0.1,dci_v3_a8,0,2
496,cross/aligned/l0.1,best_axis_oracle,0,0
496,cross/aligned/l0.1,every_k2,0,1
496,cross/aligned/l0.1,adwin,0,0
496,cross/aligned/l0.1,mcusum,0,0
496,cross/aligned/l0.1,sketch1,0,1
497,cross/aligned/l0.2,always_multiD,0,1
497,cross/aligned/l0.2,union4_bonf,0,2
497,cross/aligned/l0.2,dci_v3,0,2
497,cross/aligned/l0.2,dci_v3_a8,0,2
497,cross/aligned/l0.2,best_axis_oracle,0,0
497,cross/aligned/l0.2,every_k2,0,1
497,cross/aligned/l0.2,adwin,0,0
497,cross/aligned/l0.2,mcusum,0,0
497,cross/aligned/l0.2,sketch1,0,1
498,cross/aligned/l0.4,always_multiD,0,1
498,cross/aligned/l0.4,union4_bonf,0,2
498,cross/aligned/l0.4,dci_v3,0,2
498,cross/aligned/l0.4,dci_v3_a8,0,2
498,cross/aligned/l0.4,best_axis_oracle,0,0
498,cross/aligned/l0.4,every_k2,0,0
498,cross/aligned/l0.4,adwin,0,0
498,cross/aligned/l0.4,mcusum,0,0
498,cross/aligned/l0.4,sketch1,0,1
499,cross/aligned/l1,always_multiD,0,1
499,cross/aligned/l1,union4_bonf,1,2
499,cross/aligned/l1,dci_v3,1,2
499,cross/aligned/l1,dci_v3_a8,1,2
499,cross/aligned/l1,best_axis_oracle,1,0
499,cross/aligned/l1,every_k2,0,1
499,cross/aligned/l1,adwin,0,0
499,cross/aligned/l1,mcusum,0,0
499,cross/aligned/l1,sketch1,0,2
500,cross/aligned/l0.05,always_multiD,1,13
500,cross/aligned/l0.05,union4_bonf,1,14
500,cross/aligned/l0.05,dci_v3,1,14
500,cross/aligned/l0.05,dci_v3_a8,1,13
500,cross/aligned/l0.05,best_axis_oracle,1,8
500,cross/aligned/l0.05,every_k2,1,7
500,cross/aligned/l0.05,adwin,0,0
500,cross/aligned/l0.05,mcusum,1,2
500,cross/aligned/l0.05,sketch1,0,14
501,cross/aligned/l0.1,always_multiD,1,13
501,cross/aligned/l0.1,union4_bonf,1,14
501,cross/aligned/l0.1,dci_v3,1,14
501,cross/aligned/l0.1,dci_v3_a8,1,14
501,cross/aligned/l0.1,best_axis_oracle,1,11
501,cross/aligned/l0.1,every_k2,0,6
501,cross/aligned/l0.1,adwin,0,0
501,cross/aligned/l0.1,mcusum,1,2
501,cross/aligned/l0.1,sketch1,0,14
502,cross/aligned/l0.2,always_multiD,1,13
502,cross/aligned/l0.2,union4_bonf,1,14
502,cross/aligned/l0.2,dci_v3,1,14
502,cross/aligned/l0.2,dci_v3_a8,1,14
502,cross/aligned/l0.2,best_axis_oracle,1,5
502,cross/aligned/l0.2,every_k2,0,6
502,cross/aligned/l0.2,adwin,0,0
502,cross/aligned/l0.2,mcusum,1,3
502,cross/aligned/l0.2,sketch1,0,14
503,cross/aligned/l0.4,always_multiD,1,13
503,cross/aligned/l0.4,union4_bonf,1,14
503,cross/aligned/l0.4,dci_v3,1,14
503,cross/aligned/l0.4,dci_v3_a8,1,13
503,cross/aligned/l0.4,best_axis_oracle,1,14
503,cross/aligned/l0.4,every_k2,1,7
503,cross/aligned/l0.4,adwin,0,0
503,cross/aligned/l0.4,mcusum,1,9
503,cross/aligned/l0.4,sketch1,1,14
504,cross/aligned/l1,always_multiD,1,13
504,cross/aligned/l1,union4_bonf,1,14
504,cross/aligned/l1,dci_v3,1,14
504,cross/aligned/l1,dci_v3_a8,1,14
504,cross/aligned/l1,best_axis_oracle,1,7
504,cross/aligned/l1,every_k2,0,6
504,cross/aligned/l1,adwin,0,0
504,cross/aligned/l1,mcusum,1,11
504,cross/aligned/l1,sketch1,1,6
505,cross/aligned/l0.05,always_multiD,0,2
505,cross/aligned/l0.05,union4_bonf,0,2
505,cross/aligned/l0.05,dci_v3,0,2
505,cross/aligned/l0.05,dci_v3_a8,0,2
505,cross/aligned/l0.05,best_axis_oracle,0,0
505,cross/aligned/l0.05,every_k2,0,0
505,cross/aligned/l0.05,adwin,0,0
505,cross/aligned/l0.05,mcusum,0,0
505,cross/aligned/l0.05,sketch1,0,1
506,cross/aligned/l0.1,always_multiD,0,2
506,cross/aligned/l0.1,union4_bonf,0,2
506,cross/aligned/l0.1,dci_v3,0,2
506,cross/aligned/l0.1,dci_v3_a8,0,2
506,cross/aligned/l0.1,best_axis_oracle,0,0
506,cross/aligned/l0.1,every_k2,0,0
506,cross/aligned/l0.1,adwin,0,0
506,cross/aligned/l0.1,mcusum,0,0
506,cross/aligned/l0.1,sketch1,0,1
507,cross/aligned/l0.2,always_multiD,0,2
507,cross/aligned/l0.2,union4_bonf,0,2
507,cross/aligned/l0.2,dci_v3,0,2
507,cross/aligned/l0.2,dci_v3_a8,0,2
507,cross/aligned/l0.2,best_axis_oracle,0,0
507,cross/aligned/l0.2,every_k2,0,0
507,cross/aligned/l0.2,adwin,0,0
507,cross/aligned/l0.2,mcusum,0,0
507,cross/aligned/l0.2,sketch1,0,1
508,cross/aligned/l0.4,always_multiD,0,2
508,cross/aligned/l0.4,union4_bonf,0,2
508,cross/aligned/l0.4,dci_v3,0,2
508,cross/aligned/l0.4,dci_v3_a8,0,2
508,cross/aligned/l0.4,best_axis_oracle,0,0
508,cross/aligned/l0.4,every_k2,0,2
508,cross/aligned/l0.4,adwin,0,0
508,cross/aligned/l0.4,mcusum,0,0
508,cross/aligned/l0.4,sketch1,0,1
509,cross/aligned/l1,always_multiD,1,2
509,cross/aligned/l1,union4_bonf,1,2
509,cross/aligned/l1,dci_v3,1,2
509,cross/aligned/l1,dci_v3_a8,1,2
509,cross/aligned/l1,best_axis_oracle,1,2
509,cross/aligned/l1,every_k2,0,0
509,cross/aligned/l1,adwin,0,0
509,cross/aligned/l1,mcusum,0,0
509,cross/aligned/l1,sketch1,0,1
510,cross/aligned/l0.05,always_multiD,0,3
510,cross/aligned/l0.05,union4_bonf,0,3
510,cross/aligned/l0.05,dci_v3,0,3
510,cross/aligned/l0.05,dci_v3_a8,0,3
510,cross/aligned/l0.05,best_axis_oracle,0,0
510,cross/aligned/l0.05,every_k2,0,2
510,cross/aligned/l0.05,adwin,0,0
510,cross/aligned/l0.05,mcusum,0,0
510,cross/aligned/l0.05,sketch1,0,2
511,cross/aligned/l0.1,always_multiD,0,2
511,cross/aligned/l0.1,union4_bonf,0,2
511,cross/aligned/l0.1,dci_v3,0,2
511,cross/aligned/l0.1,dci_v3_a8,0,2
511,cross/aligned/l0.1,best_axis_oracle,0,0
511,cross/aligned/l0.1,every_k2,0,2
511,cross/aligned/l0.1,adwin,0,0
511,cross/aligned/l0.1,mcusum,0,0
511,cross/aligned/l0.1,sketch1,0,1
512,cross/aligned/l0.2,always_multiD,0,3
512,cross/aligned/l0.2,union4_bonf,0,3
512,cross/aligned/l0.2,dci_v3,0,3
512,cross/aligned/l0.2,dci_v3_a8,0,3
512,cross/aligned/l0.2,best_axis_oracle,0,0
512,cross/aligned/l0.2,every_k2,0,0
512,cross/aligned/l0.2,adwin,0,0
512,cross/aligned/l0.2,mcusum,0,0
512,cross/aligned/l0.2,sketch1,0,1
513,cross/aligned/l0.4,always_multiD,0,5
513,cross/aligned/l0.4,union4_bonf,0,5
513,cross/aligned/l0.4,dci_v3,0,5
513,cross/aligned/l0.4,dci_v3_a8,0,5
513,cross/aligned/l0.4,best_axis_oracle,0,0
513,cross/aligned/l0.4,every_k2,0,2
513,cross/aligned/l0.4,adwin,0,0
513,cross/aligned/l0.4,mcusum,0,0
513,cross/aligned/l0.4,sketch1,0,1
514,cross/aligned/l1,always_multiD,1,13
514,cross/aligned/l1,union4_bonf,1,13
514,cross/aligned/l1,dci_v3,1,13
514,cross/aligned/l1,dci_v3_a8,1,13
514,cross/aligned/l1,best_axis_oracle,1,2
514,cross/aligned/l1,every_k2,0,6
514,cross/aligned/l1,adwin,0,0
514,cross/aligned/l1,mcusum,0,9
514,cross/aligned/l1,sketch1,0,12
515,cross/aligned/l0.05,always_multiD,0,4
515,cross/aligned/l0.05,union4_bonf,0,5
515,cross/aligned/l0.05,dci_v3,0,5
515,cross/aligned/l0.05,dci_v3_a8,0,5
515,cross/aligned/l0.05,best_axis_oracle,0,0
515,cross/aligned/l0.05,every_k2,0,1
515,cross/aligned/l0.05,adwin,0,0
515,cross/aligned/l0.05,mcusum,0,0
515,cross/aligned/l0.05,sketch1,0,4
516,cross/aligned/l0.1,always_multiD,0,4
516,cross/aligned/l0.1,union4_bonf,0,5
516,cross/aligned/l0.1,dci_v3,0,5
516,cross/aligned/l0.1,dci_v3_a8,0,5
516,cross/aligned/l0.1,best_axis_oracle,0,0
516,cross/aligned/l0.1,every_k2,0,1
516,cross/aligned/l0.1,adwin,0,0
516,cross/aligned/l0.1,mcusum,0,0
516,cross/aligned/l0.1,sketch1,0,4
517,cross/aligned/l0.2,always_multiD,0,4
517,cross/aligned/l0.2,union4_bonf,0,5
517,cross/aligned/l0.2,dci_v3,0,5
517,cross/aligned/l0.2,dci_v3_a8,0,5
517,cross/aligned/l0.2,best_axis_oracle,0,0
517,cross/aligned/l0.2,every_k2,0,1
517,cross/aligned/l0.2,adwin,0,0
517,cross/aligned/l0.2,mcusum,0,0
517,cross/aligned/l0.2,sketch1,0,4
518,cross/aligned/l0.4,always_multiD,0,4
518,cross/aligned/l0.4,union4_bonf,0,5
518,cross/aligned/l0.4,dci_v3,0,5
518,cross/aligned/l0.4,dci_v3_a8,0,4
518,cross/aligned/l0.4,best_axis_oracle,0,0
518,cross/aligned/l0.4,every_k2,0,1
518,cross/aligned/l0.4,adwin,0,0
518,cross/aligned/l0.4,mcusum,0,0
518,cross/aligned/l0.4,sketch1,0,4
519,cross/aligned/l1,always_multiD,0,4
519,cross/aligned/l1,union4_bonf,0,5
519,cross/aligned/l1,dci_v3,0,5
519,cross/aligned/l1,dci_v3_a8,0,5
519,cross/aligned/l1,best_axis_oracle,0,0
519,cross/aligned/l1,every_k2,0,3
519,cross/aligned/l1,adwin,0,0
519,cross/aligned/l1,mcusum,0,0
519,cross/aligned/l1,sketch1,0,4
520,cross/aligned/l0.05,always_multiD,0,0
520,cross/aligned/l0.05,union4_bonf,0,0
520,cross/aligned/l0.05,dci_v3,0,0
520,cross/aligned/l0.05,dci_v3_a8,0,0
520,cross/aligned/l0.05,best_axis_oracle,0,0
520,cross/aligned/l0.05,every_k2,0,0
520,cross/aligned/l0.05,adwin,0,0
520,cross/aligned/l0.05,mcusum,0,0
520,cross/aligned/l0.05,sketch1,0,1
521,cross/aligned/l0.1,always_multiD,0,1
521,cross/aligned/l0.1,union4_bonf,0,0
521,cross/aligned/l0.1,dci_v3,0,0
521,cross/aligned/l0.1,dci_v3_a8,0,0
521,cross/aligned/l0.1,best_axis_oracle,0,0
521,cross/aligned/l0.1,every_k2,0,0
521,cross/aligned/l0.1,adwin,0,0
521,cross/aligned/l0.1,mcusum,0,0
521,cross/aligned/l0.1,sketch1,0,1
522,cross/aligned/l0.2,always_multiD,0,1
522,cross/aligned/l0.2,union4_bonf,0,0
522,cross/aligned/l0.2,dci_v3,0,0
522,cross/aligned/l0.2,dci_v3_a8,0,1
522,cross/aligned/l0.2,best_axis_oracle,0,0
522,cross/aligned/l0.2,every_k2,0,0
522,cross/aligned/l0.2,adwin,0,0
522,cross/aligned/l0.2,mcusum,0,0
522,cross/aligned/l0.2,sketch1,0,1
523,cross/aligned/l0.4,always_multiD,0,0
523,cross/aligned/l0.4,union4_bonf,0,0
523,cross/aligned/l0.4,dci_v3,0,0
523,cross/aligned/l0.4,dci_v3_a8,0,0
523,cross/aligned/l0.4,best_axis_oracle,0,0
523,cross/aligned/l0.4,every_k2,0,0
523,cross/aligned/l0.4,adwin,0,0
523,cross/aligned/l0.4,mcusum,0,0
523,cross/aligned/l0.4,sketch1,0,0
524,cross/aligned/l1,always_multiD,1,11
524,cross/aligned/l1,union4_bonf,1,11
524,cross/aligned/l1,dci_v3,1,11
524,cross/aligned/l1,dci_v3_a8,1,11
524,cross/aligned/l1,best_axis_oracle,1,11
524,cross/aligned/l1,every_k2,1,5
524,cross/aligned/l1,adwin,0,0
524,cross/aligned/l1,mcusum,0,11
524,cross/aligned/l1,sketch1,1,11
525,cross/aligned/l0.05,always_multiD,0,3
525,cross/aligned/l0.05,union4_bonf,0,2
525,cross/aligned/l0.05,dci_v3,0,2
525,cross/aligned/l0.05,dci_v3_a8,0,3
525,cross/aligned/l0.05,best_axis_oracle,0,0
525,cross/aligned/l0.05,every_k2,0,1
525,cross/aligned/l0.05,adwin,0,0
525,cross/aligned/l0.05,mcusum,0,0
525,cross/aligned/l0.05,sketch1,0,0
526,cross/aligned/l0.1,always_multiD,0,3
526,cross/aligned/l0.1,union4_bonf,0,2
526,cross/aligned/l0.1,dci_v3,0,2
526,cross/aligned/l0.1,dci_v3_a8,0,3
526,cross/aligned/l0.1,best_axis_oracle,0,0
526,cross/aligned/l0.1,every_k2,0,1
526,cross/aligned/l0.1,adwin,0,0
526,cross/aligned/l0.1,mcusum,0,0
526,cross/aligned/l0.1,sketch1,0,0
527,cross/aligned/l0.2,always_multiD,0,3
527,cross/aligned/l0.2,union4_bonf,0,2
527,cross/aligned/l0.2,dci_v3,0,2
527,cross/aligned/l0.2,dci_v3_a8,0,2
527,cross/aligned/l0.2,best_axis_oracle,0,0
527,cross/aligned/l0.2,every_k2,0,2
527,cross/aligned/l0.2,adwin,0,0
527,cross/aligned/l0.2,mcusum,0,0
527,cross/aligned/l0.2,sketch1,0,0
528,cross/aligned/l0.4,always_multiD,0,3
528,cross/aligned/l0.4,union4_bonf,0,2
528,cross/aligned/l0.4,dci_v3,0,2
528,cross/aligned/l0.4,dci_v3_a8,0,2
528,cross/aligned/l0.4,best_axis_oracle,0,0
528,cross/aligned/l0.4,every_k2,0,1
528,cross/aligned/l0.4,adwin,0,0
528,cross/aligned/l0.4,mcusum,0,0
528,cross/aligned/l0.4,sketch1,0,0
529,cross/aligned/l1,always_multiD,1,14
529,cross/aligned/l1,union4_bonf,1,13
529,cross/aligned/l1,dci_v3,1,13
529,cross/aligned/l1,dci_v3_a8,1,13
529,cross/aligned/l1,best_axis_oracle,1,2
529,cross/aligned/l1,every_k2,0,8
529,cross/aligned/l1,adwin,0,0
529,cross/aligned/l1,mcusum,0,6
529,cross/aligned/l1,sketch1,1,11
530,cross/aligned/l0.05,always_multiD,1,11
530,cross/aligned/l0.05,union4_bonf,1,10
530,cross/aligned/l0.05,dci_v3,1,10
530,cross/aligned/l0.05,dci_v3_a8,1,10
530,cross/aligned/l0.05,best_axis_oracle,1,8
530,cross/aligned/l0.05,every_k2,0,6
530,cross/aligned/l0.05,adwin,0,0
530,cross/aligned/l0.05,mcusum,1,5
530,cross/aligned/l0.05,sketch1,0,1
531,cross/aligned/l0.1,always_multiD,1,11
531,cross/aligned/l0.1,union4_bonf,1,11
531,cross/aligned/l0.1,dci_v3,1,11
531,cross/aligned/l0.1,dci_v3_a8,1,11
531,cross/aligned/l0.1,best_axis_oracle,1,9
531,cross/aligned/l0.1,every_k2,0,6
531,cross/aligned/l0.1,adwin,0,0
531,cross/aligned/l0.1,mcusum,1,5
531,cross/aligned/l0.1,sketch1,1,5
532,cross/aligned/l0.2,always_multiD,1,11
532,cross/aligned/l0.2,union4_bonf,1,11
532,cross/aligned/l0.2,dci_v3,1,11
532,cross/aligned/l0.2,dci_v3_a8,1,11
532,cross/aligned/l0.2,best_axis_oracle,1,10
532,cross/aligned/l0.2,every_k2,0,6
532,cross/aligned/l0.2,adwin,0,0
532,cross/aligned/l0.2,mcusum,1,8
532,cross/aligned/l0.2,sketch1,1,9
533,cross/aligned/l0.4,always_multiD,1,11
533,cross/aligned/l0.4,union4_bonf,1,11
533,cross/aligned/l0.4,dci_v3,1,11
533,cross/aligned/l0.4,dci_v3_a8,1,11
533,cross/aligned/l0.4,best_axis_oracle,1,7
533,cross/aligned/l0.4,every_k2,1,5
533,cross/aligned/l0.4,adwin,0,0
533,cross/aligned/l0.4,mcusum,1,7
533,cross/aligned/l0.4,sketch1,1,11
534,cross/aligned/l1,always_multiD,1,11
534,cross/aligned/l1,union4_bonf,1,11
534,cross/aligned/l1,dci_v3,1,11
534,cross/aligned/l1,dci_v3_a8,1,11
534,cross/aligned/l1,best_axis_oracle,1,10
534,cross/aligned/l1,every_k2,0,6
534,cross/aligned/l1,adwin,0,0
534,cross/aligned/l1,mcusum,1,11
534,cross/aligned/l1,sketch1,1,11
535,cross/aligned/l0.05,always_multiD,1,6
535,cross/aligned/l0.05,union4_bonf,1,11
535,cross/aligned/l0.05,dci_v3,1,11
535,cross/aligned/l0.05,dci_v3_a8,1,11
535,cross/aligned/l0.05,best_axis_oracle,1,0
535,cross/aligned/l0.05,every_k2,0,4
535,cross/aligned/l0.05,adwin,0,0
535,cross/aligned/l0.05,mcusum,1,3
535,cross/aligned/l0.05,sketch1,0,6
536,cross/aligned/l0.1,always_multiD,1,8
536,cross/aligned/l0.1,union4_bonf,1,10
536,cross/aligned/l0.1,dci_v3,1,10
536,cross/aligned/l0.1,dci_v3_a8,1,10
536,cross/aligned/l0.1,best_axis_oracle,1,2
536,cross/aligned/l0.1,every_k2,0,4
536,cross/aligned/l0.1,adwin,0,0
536,cross/aligned/l0.1,mcusum,1,2
536,cross/aligned/l0.1,sketch1,0,5
537,cross/aligned/l0.2,always_multiD,1,10
537,cross/aligned/l0.2,union4_bonf,1,10
537,cross/aligned/l0.2,dci_v3,1,10
537,cross/aligned/l0.2,dci_v3_a8,1,10
537,cross/aligned/l0.2,best_axis_oracle,1,4
537,cross/aligned/l0.2,every_k2,0,6
537,cross/aligned/l0.2,adwin,0,0
537,cross/aligned/l0.2,mcusum,1,6
537,cross/aligned/l0.2,sketch1,0,5
538,cross/aligned/l0.4,always_multiD,1,11
538,cross/aligned/l0.4,union4_bonf,1,11
538,cross/aligned/l0.4,dci_v3,1,11
538,cross/aligned/l0.4,dci_v3_a8,1,11
538,cross/aligned/l0.4,best_axis_oracle,1,9
538,cross/aligned/l0.4,every_k2,1,5
538,cross/aligned/l0.4,adwin,0,0
538,cross/aligned/l0.4,mcusum,1,8
538,cross/aligned/l0.4,sketch1,1,0
539,cross/aligned/l1,always_multiD,1,11
539,cross/aligned/l1,union4_bonf,1,10
539,cross/aligned/l1,dci_v3,1,10
539,cross/aligned/l1,dci_v3_a8,1,10
539,cross/aligned/l1,best_axis_oracle,1,0
539,cross/aligned/l1,every_k2,1,5
539,cross/aligned/l1,adwin,0,0
539,cross/aligned/l1,mcusum,1,11
539,cross/aligned/l1,sketch1,1,11
540,cross/aligned/l0.05,always_multiD,1,3
540,cross/aligned/l0.05,union4_bonf,1,4
540,cross/aligned/l0.05,dci_v3,1,4
540,cross/aligned/l0.05,dci_v3_a8,1,4
540,cross/aligned/l0.05,best_axis_oracle,1,1
540,cross/aligned/l0.05,every_k2,1,1
540,cross/aligned/l0.05,adwin,0,0
540,cross/aligned/l0.05,mcusum,0,1
540,cross/aligned/l0.05,sketch1,0,3
541,cross/aligned/l0.1,always_multiD,1,7
541,cross/aligned/l0.1,union4_bonf,1,8
541,cross/aligned/l0.1,dci_v3,1,8
541,cross/aligned/l0.1,dci_v3_a8,1,8
541,cross/aligned/l0.1,best_axis_oracle,1,1
541,cross/aligned/l0.1,every_k2,1,3
541,cross/aligned/l0.1,adwin,0,0
541,cross/aligned/l0.1,mcusum,1,0
541,cross/aligned/l0.1,sketch1,1,4
542,cross/aligned/l0.2,always_multiD,1,11
542,cross/aligned/l0.2,union4_bonf,1,11
542,cross/aligned/l0.2,dci_v3,1,11
542,cross/aligned/l0.2,dci_v3_a8,1,11
542,cross/aligned/l0.2,best_axis_oracle,1,1
542,cross/aligned/l0.2,every_k2,1,5
542,cross/aligned/l0.2,adwin,0,0
542,cross/aligned/l0.2,mcusum,1,1
542,cross/aligned/l0.2,sketch1,1,8
543,cross/aligned/l0.4,always_multiD,1,12
543,cross/aligned/l0.4,union4_bonf,1,12
543,cross/aligned/l0.4,dci_v3,1,12
543,cross/aligned/l0.4,dci_v3_a8,1,12
543,cross/aligned/l0.4,best_axis_oracle,1,1
543,cross/aligned/l0.4,every_k2,1,5
543,cross/aligned/l0.4,adwin,0,0
543,cross/aligned/l0.4,mcusum,1,2
543,cross/aligned/l0.4,sketch1,1,11
544,cross/aligned/l1,always_multiD,1,12
544,cross/aligned/l1,union4_bonf,1,12
544,cross/aligned/l1,dci_v3,1,12
544,cross/aligned/l1,dci_v3_a8,1,12
544,cross/aligned/l1,best_axis_oracle,1,9
544,cross/aligned/l1,every_k2,1,5
544,cross/aligned/l1,adwin,0,0
544,cross/aligned/l1,mcusum,1,11
544,cross/aligned/l1,sketch1,1,11
545,cross/aligned/l0.05,always_multiD,0,0
545,cross/aligned/l0.05,union4_bonf,0,0
545,cross/aligned/l0.05,dci_v3,0,0
545,cross/aligned/l0.05,dci_v3_a8,0,0
545,cross/aligned/l0.05,best_axis_oracle,0,0
545,cross/aligned/l0.05,every_k2,0,0
545,cross/aligned/l0.05,adwin,0,0
545,cross/aligned/l0.05,mcusum,0,0
545,cross/aligned/l0.05,sketch1,0,0
546,cross/aligned/l0.1,always_multiD,0,0
546,cross/aligned/l0.1,union4_bonf,0,0
546,cross/aligned/l0.1,dci_v3,0,0
546,cross/aligned/l0.1,dci_v3_a8,0,0
546,cross/aligned/l0.1,best_axis_oracle,0,0
546,cross/aligned/l0.1,every_k2,0,0
546,cross/aligned/l0.1,adwin,0,0
546,cross/aligned/l0.1,mcusum,0,0
546,cross/aligned/l0.1,sketch1,0,0
547,cross/aligned/l0.2,always_multiD,0,0
547,cross/aligned/l0.2,union4_bonf,0,0
547,cross/aligned/l0.2,dci_v3,0,0
547,cross/aligned/l0.2,dci_v3_a8,0,0
547,cross/aligned/l0.2,best_axis_oracle,0,0
547,cross/aligned/l0.2,every_k2,0,0
547,cross/aligned/l0.2,adwin,0,0
547,cross/aligned/l0.2,mcusum,0,0
547,cross/aligned/l0.2,sketch1,0,2
548,cross/aligned/l0.4,always_multiD,1,0
548,cross/aligned/l0.4,union4_bonf,1,0
548,cross/aligned/l0.4,dci_v3,1,0
548,cross/aligned/l0.4,dci_v3_a8,1,0
548,cross/aligned/l0.4,best_axis_oracle,1,1
548,cross/aligned/l0.4,every_k2,0,0
548,cross/aligned/l0.4,adwin,0,0
548,cross/aligned/l0.4,mcusum,0,0
548,cross/aligned/l0.4,sketch1,0,0
549,cross/aligned/l1,always_multiD,1,5
549,cross/aligned/l1,union4_bonf,1,0
549,cross/aligned/l1,dci_v3,1,0
549,cross/aligned/l1,dci_v3_a8,1,0
549,cross/aligned/l1,best_axis_oracle,1,0
549,cross/aligned/l1,every_k2,0,1
549,cross/aligned/l1,adwin,0,0
549,cross/aligned/l1,mcusum,0,1
549,cross/aligned/l1,sketch1,1,7
550,cross/aligned/l0.05,always_multiD,0,0
550,cross/aligned/l0.05,union4_bonf,0,1
550,cross/aligned/l0.05,dci_v3,0,1
550,cross/aligned/l0.05,dci_v3_a8,0,1
550,cross/aligned/l0.05,best_axis_oracle,0,0
550,cross/aligned/l0.05,every_k2,0,0
550,cross/aligned/l0.05,adwin,0,0
550,cross/aligned/l0.05,mcusum,0,0
550,cross/aligned/l0.05,sketch1,0,1
551,cross/aligned/l0.1,always_multiD,0,0
551,cross/aligned/l0.1,union4_bonf,1,1
551,cross/aligned/l0.1,dci_v3,1,1
551,cross/aligned/l0.1,dci_v3_a8,1,1
551,cross/aligned/l0.1,best_axis_oracle,1,3
551,cross/aligned/l0.1,every_k2,0,0
551,cross/aligned/l0.1,adwin,0,0
551,cross/aligned/l0.1,mcusum,0,0
551,cross/aligned/l0.1,sketch1,0,1
552,cross/aligned/l0.2,always_multiD,1,9
552,cross/aligned/l0.2,union4_bonf,1,9
552,cross/aligned/l0.2,dci_v3,1,9
552,cross/aligned/l0.2,dci_v3_a8,1,9
552,cross/aligned/l0.2,best_axis_oracle,1,11
552,cross/aligned/l0.2,every_k2,0,5
552,cross/aligned/l0.2,adwin,0,0
552,cross/aligned/l0.2,mcusum,0,1
552,cross/aligned/l0.2,sketch1,0,1
553,cross/aligned/l0.4,always_multiD,1,11
553,cross/aligned/l0.4,union4_bonf,1,12
553,cross/aligned/l0.4,dci_v3,1,12
553,cross/aligned/l0.4,dci_v3_a8,1,12
553,cross/aligned/l0.4,best_axis_oracle,1,11
553,cross/aligned/l0.4,every_k2,0,6
553,cross/aligned/l0.4,adwin,0,0
553,cross/aligned/l0.4,mcusum,1,8
553,cross/aligned/l0.4,sketch1,0,2
554,cross/aligned/l1,always_multiD,1,11
554,cross/aligned/l1,union4_bonf,1,12
554,cross/aligned/l1,dci_v3,1,12
554,cross/aligned/l1,dci_v3_a8,1,11
554,cross/aligned/l1,best_axis_oracle,1,2
554,cross/aligned/l1,every_k2,0,6
554,cross/aligned/l1,adwin,0,0
554,cross/aligned/l1,mcusum,1,11
554,cross/aligned/l1,sketch1,0,12
555,cross/aligned/l0.05,always_multiD,1,3
555,cross/aligned/l0.05,union4_bonf,0,2
555,cross/aligned/l0.05,dci_v3,0,2
555,cross/aligned/l0.05,dci_v3_a8,0,2
555,cross/aligned/l0.05,best_axis_oracle,1,2
555,cross/aligned/l0.05,every_k2,0,1
555,cross/aligned/l0.05,adwin,0,0
555,cross/aligned/l0.05,mcusum,0,0
555,cross/aligned/l0.05,sketch1,0,1
556,cross/aligned/l0.1,always_multiD,1,4
556,cross/aligned/l0.1,union4_bonf,1,2
556,cross/aligned/l0.1,dci_v3,1,2
556,cross/aligned/l0.1,dci_v3_a8,1,2
556,cross/aligned/l0.1,best_axis_oracle,1,0
556,cross/aligned/l0.1,every_k2,0,2
556,cross/aligned/l0.1,adwin,0,0
556,cross/aligned/l0.1,mcusum,0,0
556,cross/aligned/l0.1,sketch1,0,1
557,cross/aligned/l0.2,always_multiD,1,3
557,cross/aligned/l0.2,union4_bonf,1,2
557,cross/aligned/l0.2,dci_v3,1,2
557,cross/aligned/l0.2,dci_v3_a8,1,2
557,cross/aligned/l0.2,best_axis_oracle,1,0
557,cross/aligned/l0.2,every_k2,0,1
557,cross/aligned/l0.2,adwin,0,0
557,cross/aligned/l0.2,mcusum,1,0
557,cross/aligned/l0.2,sketch1,0,1
558,cross/aligned/l0.4,always_multiD,1,3
558,cross/aligned/l0.4,union4_bonf,1,1
558,cross/aligned/l0.4,dci_v3,1,1
558,cross/aligned/l0.4,dci_v3_a8,1,2
558,cross/aligned/l0.4,best_axis_oracle,1,0
558,cross/aligned/l0.4,every_k2,1,2
558,cross/aligned/l0.4,adwin,0,0
558,cross/aligned/l0.4,mcusum,1,0
558,cross/aligned/l0.4,sketch1,0,1
559,cross/aligned/l1,always_multiD,1,14
559,cross/aligned/l1,union4_bonf,1,12
559,cross/aligned/l1,dci_v3,1,12
559,cross/aligned/l1,dci_v3_a8,1,12
559,cross/aligned/l1,best_axis_oracle,1,9
559,cross/aligned/l1,every_k2,0,7
559,cross/aligned/l1,adwin,0,0
559,cross/aligned/l1,mcusum,1,11
559,cross/aligned/l1,sketch1,1,12
560,cross/aligned/l0.05,always_multiD,0,2
560,cross/aligned/l0.05,union4_bonf,0,0
560,cross/aligned/l0.05,dci_v3,0,0
560,cross/aligned/l0.05,dci_v3_a8,0,1
560,cross/aligned/l0.05,best_axis_oracle,0,0
560,cross/aligned/l0.05,every_k2,0,1
560,cross/aligned/l0.05,adwin,0,0
560,cross/aligned/l0.05,mcusum,0,0
560,cross/aligned/l0.05,sketch1,0,0
561,cross/aligned/l0.1,always_multiD,0,1
561,cross/aligned/l0.1,union4_bonf,0,0
561,cross/aligned/l0.1,dci_v3,0,0
561,cross/aligned/l0.1,dci_v3_a8,0,0
561,cross/aligned/l0.1,best_axis_oracle,0,0
561,cross/aligned/l0.1,every_k2,0,1
561,cross/aligned/l0.1,adwin,0,0
561,cross/aligned/l0.1,mcusum,0,0
561,cross/aligned/l0.1,sketch1,0,0
562,cross/aligned/l0.2,always_multiD,1,0
562,cross/aligned/l0.2,union4_bonf,0,0
562,cross/aligned/l0.2,dci_v3,0,0
562,cross/aligned/l0.2,dci_v3_a8,0,0
562,cross/aligned/l0.2,best_axis_oracle,0,0
562,cross/aligned/l0.2,every_k2,1,0
562,cross/aligned/l0.2,adwin,0,0
562,cross/aligned/l0.2,mcusum,0,0
562,cross/aligned/l0.2,sketch1,0,0
563,cross/aligned/l0.4,always_multiD,1,6
563,cross/aligned/l0.4,union4_bonf,1,0
563,cross/aligned/l0.4,dci_v3,1,0
563,cross/aligned/l0.4,dci_v3_a8,1,1
563,cross/aligned/l0.4,best_axis_oracle,1,0
563,cross/aligned/l0.4,every_k2,1,3
563,cross/aligned/l0.4,adwin,0,0
563,cross/aligned/l0.4,mcusum,0,0
563,cross/aligned/l0.4,sketch1,0,0
564,cross/aligned/l1,always_multiD,1,11
564,cross/aligned/l1,union4_bonf,1,0
564,cross/aligned/l1,dci_v3,1,7
564,cross/aligned/l1,dci_v3_a8,1,7
564,cross/aligned/l1,best_axis_oracle,1,0
564,cross/aligned/l1,every_k2,1,5
564,cross/aligned/l1,adwin,0,0
564,cross/aligned/l1,mcusum,1,11
564,cross/aligned/l1,sketch1,1,11
565,cross/aligned/l0.05,always_multiD,0,0
565,cross/aligned/l0.05,union4_bonf,0,0
565,cross/aligned/l0.05,dci_v3,0,0
565,cross/aligned/l0.05,dci_v3_a8,0,0
565,cross/aligned/l0.05,best_axis_oracle,0,0
565,cross/aligned/l0.05,every_k2,0,0
565,cross/aligned/l0.05,adwin,0,0
565,cross/aligned/l0.05,mcusum,0,0
565,cross/aligned/l0.05,sketch1,0,0
566,cross/aligned/l0.1,always_multiD,0,0
566,cross/aligned/l0.1,union4_bonf,0,0
566,cross/aligned/l0.1,dci_v3,0,0
566,cross/aligned/l0.1,dci_v3_a8,0,0
566,cross/aligned/l0.1,best_axis_oracle,0,0
566,cross/aligned/l0.1,every_k2,0,0
566,cross/aligned/l0.1,adwin,0,0
566,cross/aligned/l0.1,mcusum,0,0
566,cross/aligned/l0.1,sketch1,0,0
567,cross/aligned/l0.2,always_multiD,0,0
567,cross/aligned/l0.2,union4_bonf,0,0
567,cross/aligned/l0.2,dci_v3,0,0
567,cross/aligned/l0.2,dci_v3_a8,0,0
567,cross/aligned/l0.2,best_axis_oracle,0,0
567,cross/aligned/l0.2,every_k2,0,0
567,cross/aligned/l0.2,adwin,0,0
567,cross/aligned/l0.2,mcusum,0,0
567,cross/aligned/l0.2,sketch1,0,0
568,cross/aligned/l0.4,always_multiD,1,0
568,cross/aligned/l0.4,union4_bonf,1,1
568,cross/aligned/l0.4,dci_v3,1,1
568,cross/aligned/l0.4,dci_v3_a8,1,1
568,cross/aligned/l0.4,best_axis_oracle,1,1
568,cross/aligned/l0.4,every_k2,1,0
568,cross/aligned/l0.4,adwin,0,0
568,cross/aligned/l0.4,mcusum,0,0
568,cross/aligned/l0.4,sketch1,0,0
569,cross/aligned/l1,always_multiD,1,11
569,cross/aligned/l1,union4_bonf,1,11
569,cross/aligned/l1,dci_v3,1,11
569,cross/aligned/l1,dci_v3_a8,1,11
569,cross/aligned/l1,best_axis_oracle,1,1
569,cross/aligned/l1,every_k2,1,5
569,cross/aligned/l1,adwin,0,0
569,cross/aligned/l1,mcusum,0,9
569,cross/aligned/l1,sketch1,0,11
570,cross/aligned/l0.05,always_multiD,0,0
570,cross/aligned/l0.05,union4_bonf,0,0
570,cross/aligned/l0.05,dci_v3,0,0
570,cross/aligned/l0.05,dci_v3_a8,0,0
570,cross/aligned/l0.05,best_axis_oracle,0,0
570,cross/aligned/l0.05,every_k2,0,0
570,cross/aligned/l0.05,adwin,0,0
570,cross/aligned/l0.05,mcusum,0,0
570,cross/aligned/l0.05,sketch1,0,0
571,cross/aligned/l0.1,always_multiD,0,0
571,cross/aligned/l0.1,union4_bonf,0,0
571,cross/aligned/l0.1,dci_v3,0,0
571,cross/aligned/l0.1,dci_v3_a8,0,0
571,cross/aligned/l0.1,best_axis_oracle,0,0
571,cross/aligned/l0.1,every_k2,0,0
571,cross/aligned/l0.1,adwin,0,0
571,cross/aligned/l0.1,mcusum,0,0
571,cross/aligned/l0.1,sketch1,0,0
572,cross/aligned/l0.2,always_multiD,1,0
572,cross/aligned/l0.2,union4_bonf,1,0
572,cross/aligned/l0.2,dci_v3,1,0
572,cross/aligned/l0.2,dci_v3_a8,1,0
572,cross/aligned/l0.2,best_axis_oracle,1,0
572,cross/aligned/l0.2,every_k2,0,0
572,cross/aligned/l0.2,adwin,0,0
572,cross/aligned/l0.2,mcusum,0,0
572,cross/aligned/l0.2,sketch1,0,0
573,cross/aligned/l0.4,always_multiD,1,1
573,cross/aligned/l0.4,union4_bonf,1,0
573,cross/aligned/l0.4,dci_v3,1,0
573,cross/aligned/l0.4,dci_v3_a8,1,0
573,cross/aligned/l0.4,best_axis_oracle,1,3
573,cross/aligned/l0.4,every_k2,1,1
573,cross/aligned/l0.4,adwin,0,0
573,cross/aligned/l0.4,mcusum,1,0
573,cross/aligned/l0.4,sketch1,1,1
574,cross/aligned/l1,always_multiD,1,11
574,cross/aligned/l1,union4_bonf,1,11
574,cross/aligned/l1,dci_v3,1,11
574,cross/aligned/l1,dci_v3_a8,1,11
574,cross/aligned/l1,best_axis_oracle,1,6
574,cross/aligned/l1,every_k2,1,5
574,cross/aligned/l1,adwin,0,0
574,cross/aligned/l1,mcusum,1,8
574,cross/aligned/l1,sketch1,1,11
575,cross/aligned/l0.05,always_multiD,0,2
575,cross/aligned/l0.05,union4_bonf,0,2
575,cross/aligned/l0.05,dci_v3,0,2
575,cross/aligned/l0.05,dci_v3_a8,0,2
575,cross/aligned/l0.05,best_axis_oracle,0,0
575,cross/aligned/l0.05,every_k2,0,1
575,cross/aligned/l0.05,adwin,0,0
575,cross/aligned/l0.05,mcusum,0,0
575,cross/aligned/l0.05,sketch1,0,2
576,cross/aligned/l0.1,always_multiD,0,2
576,cross/aligned/l0.1,union4_bonf,0,2
576,cross/aligned/l0.1,dci_v3,0,2
576,cross/aligned/l0.1,dci_v3_a8,0,2
576,cross/aligned/l0.1,best_axis_oracle,0,0
576,cross/aligned/l0.1,every_k2,0,1
576,cross/aligned/l0.1,adwin,0,0
576,cross/aligned/l0.1,mcusum,0,0
576,cross/aligned/l0.1,sketch1,0,4
577,cross/aligned/l0.2,always_multiD,0,6
577,cross/aligned/l0.2,union4_bonf,0,2
577,cross/aligned/l0.2,dci_v3,0,2
577,cross/aligned/l0.2,dci_v3_a8,0,2
577,cross/aligned/l0.2,best_axis_oracle,0,0
577,cross/aligned/l0.2,every_k2,0,3
577,cross/aligned/l0.2,adwin,0,0
577,cross/aligned/l0.2,mcusum,0,1
577,cross/aligned/l0.2,sketch1,0,7
578,cross/aligned/l0.4,always_multiD,1,7
578,cross/aligned/l0.4,union4_bonf,0,5
578,cross/aligned/l0.4,dci_v3,0,5
578,cross/aligned/l0.4,dci_v3_a8,0,5
578,cross/aligned/l0.4,best_axis_oracle,0,0
578,cross/aligned/l0.4,every_k2,1,3
578,cross/aligned/l0.4,adwin,0,0
578,cross/aligned/l0.4,mcusum,0,1
578,cross/aligned/l0.4,sketch1,1,11
579,cross/aligned/l1,always_multiD,1,12
579,cross/aligned/l1,union4_bonf,1,12
579,cross/aligned/l1,dci_v3,1,12
579,cross/aligned/l1,dci_v3_a8,1,12
579,cross/aligned/l1,best_axis_oracle,1,4
579,cross/aligned/l1,every_k2,1,5
579,cross/aligned/l1,adwin,0,0
579,cross/aligned/l1,mcusum,0,11
579,cross/aligned/l1,sketch1,1,13
580,cross/aligned/l0.05,always_multiD,0,0
580,cross/aligned/l0.05,union4_bonf,0,0
580,cross/aligned/l0.05,dci_v3,0,0
580,cross/aligned/l0.05,dci_v3_a8,0,0
580,cross/aligned/l0.05,best_axis_oracle,0,0
580,cross/aligned/l0.05,every_k2,0,0
580,cross/aligned/l0.05,adwin,0,0
580,cross/aligned/l0.05,mcusum,0,0
580,cross/aligned/l0.05,sketch1,0,0
581,cross/aligned/l0.1,always_multiD,0,0
581,cross/aligned/l0.1,union4_bonf,0,0
581,cross/aligned/l0.1,dci_v3,0,0
581,cross/aligned/l0.1,dci_v3_a8,0,0
581,cross/aligned/l0.1,best_axis_oracle,0,0
581,cross/aligned/l0.1,every_k2,0,0
581,cross/aligned/l0.1,adwin,0,0
581,cross/aligned/l0.1,mcusum,0,0
581,cross/aligned/l0.1,sketch1,0,0
582,cross/aligned/l0.2,always_multiD,0,0
582,cross/aligned/l0.2,union4_bonf,0,0
582,cross/aligned/l0.2,dci_v3,0,0
582,cross/aligned/l0.2,dci_v3_a8,0,0
582,cross/aligned/l0.2,best_axis_oracle,0,0
582,cross/aligned/l0.2,every_k2,0,0
582,cross/aligned/l0.2,adwin,0,0
582,cross/aligned/l0.2,mcusum,0,0
582,cross/aligned/l0.2,sketch1,0,0
583,cross/aligned/l0.4,always_multiD,1,1
583,cross/aligned/l0.4,union4_bonf,1,1
583,cross/aligned/l0.4,dci_v3,1,1
583,cross/aligned/l0.4,dci_v3_a8,1,1
583,cross/aligned/l0.4,best_axis_oracle,1,2
583,cross/aligned/l0.4,every_k2,0,1
583,cross/aligned/l0.4,adwin,0,0
583,cross/aligned/l0.4,mcusum,0,0
583,cross/aligned/l0.4,sketch1,0,0
584,cross/aligned/l1,always_multiD,1,11
584,cross/aligned/l1,union4_bonf,1,11
584,cross/aligned/l1,dci_v3,1,11
584,cross/aligned/l1,dci_v3_a8,1,11
584,cross/aligned/l1,best_axis_oracle,1,11
584,cross/aligned/l1,every_k2,0,6
584,cross/aligned/l1,adwin,0,0
584,cross/aligned/l1,mcusum,0,0
584,cross/aligned/l1,sketch1,1,2
585,cross/aligned/l0.05,always_multiD,1,16
585,cross/aligned/l0.05,union4_bonf,1,16
585,cross/aligned/l0.05,dci_v3,1,16
585,cross/aligned/l0.05,dci_v3_a8,1,16
585,cross/aligned/l0.05,best_axis_oracle,1,15
585,cross/aligned/l0.05,every_k2,1,7
585,cross/aligned/l0.05,adwin,0,0
585,cross/aligned/l0.05,mcusum,1,14
585,cross/aligned/l0.05,sketch1,0,8
586,cross/aligned/l0.1,always_multiD,1,16
586,cross/aligned/l0.1,union4_bonf,1,16
586,cross/aligned/l0.1,dci_v3,1,16
586,cross/aligned/l0.1,dci_v3_a8,1,16
586,cross/aligned/l0.1,best_axis_oracle,1,15
586,cross/aligned/l0.1,every_k2,1,7
586,cross/aligned/l0.1,adwin,0,0
586,cross/aligned/l0.1,mcusum,1,14
586,cross/aligned/l0.1,sketch1,0,10
587,cross/aligned/l0.2,always_multiD,1,16
587,cross/aligned/l0.2,union4_bonf,1,16
587,cross/aligned/l0.2,dci_v3,1,16
587,cross/aligned/l0.2,dci_v3_a8,1,16
587,cross/aligned/l0.2,best_axis_oracle,1,15
587,cross/aligned/l0.2,every_k2,0,9
587,cross/aligned/l0.2,adwin,0,0
587,cross/aligned/l0.2,mcusum,1,14
587,cross/aligned/l0.2,sketch1,0,9
588,cross/aligned/l0.4,always_multiD,1,16
588,cross/aligned/l0.4,union4_bonf,1,16
588,cross/aligned/l0.4,dci_v3,1,16
588,cross/aligned/l0.4,dci_v3_a8,1,16
588,cross/aligned/l0.4,best_axis_oracle,1,15
588,cross/aligned/l0.4,every_k2,1,7
588,cross/aligned/l0.4,adwin,0,0
588,cross/aligned/l0.4,mcusum,1,14
588,cross/aligned/l0.4,sketch1,0,10
589,cross/aligned/l1,always_multiD,1,16
589,cross/aligned/l1,union4_bonf,1,16
589,cross/aligned/l1,dci_v3,1,16
589,cross/aligned/l1,dci_v3_a8,1,16
589,cross/aligned/l1,best_axis_oracle,1,4
589,cross/aligned/l1,every_k2,1,7
589,cross/aligned/l1,adwin,0,0
589,cross/aligned/l1,mcusum,1,14
589,cross/aligned/l1,sketch1,1,16
590,cross/aligned/l0.05,always_multiD,0,4
590,cross/aligned/l0.05,union4_bonf,0,4
590,cross/aligned/l0.05,dci_v3,0,4
590,cross/aligned/l0.05,dci_v3_a8,0,4
590,cross/aligned/l0.05,best_axis_oracle,1,0
590,cross/aligned/l0.05,every_k2,0,2
590,cross/aligned/l0.05,adwin,0,0
590,cross/aligned/l0.05,mcusum,0,0
590,cross/aligned/l0.05,sketch1,0,4
591,cross/aligned/l0.1,always_multiD,0,4
591,cross/aligned/l0.1,union4_bonf,0,4
591,cross/aligned/l0.1,dci_v3,0,4
591,cross/aligned/l0.1,dci_v3_a8,0,4
591,cross/aligned/l0.1,best_axis_oracle,1,0
591,cross/aligned/l0.1,every_k2,0,2
591,cross/aligned/l0.1,adwin,0,0
591,cross/aligned/l0.1,mcusum,0,0
591,cross/aligned/l0.1,sketch1,0,4
592,cross/aligned/l0.2,always_multiD,0,4
592,cross/aligned/l0.2,union4_bonf,1,4
592,cross/aligned/l0.2,dci_v3,1,4
592,cross/aligned/l0.2,dci_v3_a8,1,4
592,cross/aligned/l0.2,best_axis_oracle,1,0
592,cross/aligned/l0.2,every_k2,0,2
592,cross/aligned/l0.2,adwin,0,0
592,cross/aligned/l0.2,mcusum,0,0
592,cross/aligned/l0.2,sketch1,0,4
593,cross/aligned/l0.4,always_multiD,0,4
593,cross/aligned/l0.4,union4_bonf,1,5
593,cross/aligned/l0.4,dci_v3,1,5
593,cross/aligned/l0.4,dci_v3_a8,1,5
593,cross/aligned/l0.4,best_axis_oracle,1,0
593,cross/aligned/l0.4,every_k2,0,2
593,cross/aligned/l0.4,adwin,0,0
593,cross/aligned/l0.4,mcusum,0,1
593,cross/aligned/l0.4,sketch1,0,5
594,cross/aligned/l1,always_multiD,1,13
594,cross/aligned/l1,union4_bonf,1,13
594,cross/aligned/l1,dci_v3,1,13
594,cross/aligned/l1,dci_v3_a8,1,13
594,cross/aligned/l1,best_axis_oracle,1,0
594,cross/aligned/l1,every_k2,0,7
594,cross/aligned/l1,adwin,0,0
594,cross/aligned/l1,mcusum,0,10
594,cross/aligned/l1,sketch1,1,12
595,cross/aligned/l0.05,always_multiD,1,5
595,cross/aligned/l0.05,union4_bonf,1,7
595,cross/aligned/l0.05,dci_v3,1,7
595,cross/aligned/l0.05,dci_v3_a8,1,7
595,cross/aligned/l0.05,best_axis_oracle,1,8
595,cross/aligned/l0.05,every_k2,1,3
595,cross/aligned/l0.05,adwin,0,0
595,cross/aligned/l0.05,mcusum,0,1
595,cross/aligned/l0.05,sketch1,0,0
596,cross/aligned/l0.1,always_multiD,1,10
596,cross/aligned/l0.1,union4_bonf,1,10
596,cross/aligned/l0.1,dci_v3,1,10
596,cross/aligned/l0.1,dci_v3_a8,1,10
596,cross/aligned/l0.1,best_axis_oracle,1,11
596,cross/aligned/l0.1,every_k2,1,5
596,cross/aligned/l0.1,adwin,0,0
596,cross/aligned/l0.1,mcusum,1,2
596,cross/aligned/l0.1,sketch1,0,0
597,cross/aligned/l0.2,always_multiD,1,11
597,cross/aligned/l0.2,union4_bonf,1,11
597,cross/aligned/l0.2,dci_v3,1,11
597,cross/aligned/l0.2,dci_v3_a8,1,11
597,cross/aligned/l0.2,best_axis_oracle,1,11
597,cross/aligned/l0.2,every_k2,1,5
597,cross/aligned/l0.2,adwin,0,0
597,cross/aligned/l0.2,mcusum,1,8
597,cross/aligned/l0.2,sketch1,0,0
598,cross/aligned/l0.4,always_multiD,1,11
598,cross/aligned/l0.4,union4_bonf,1,11
598,cross/aligned/l0.4,dci_v3,1,11
598,cross/aligned/l0.4,dci_v3_a8,1,11
598,cross/aligned/l0.4,best_axis_oracle,1,11
598,cross/aligned/l0.4,every_k2,1,5
598,cross/aligned/l0.4,adwin,0,0
598,cross/aligned/l0.4,mcusum,1,10
598,cross/aligned/l0.4,sketch1,0,0
599,cross/aligned/l1,always_multiD,1,11
599,cross/aligned/l1,union4_bonf,1,11
599,cross/aligned/l1,dci_v3,1,11
599,cross/aligned/l1,dci_v3_a8,1,11
599,cross/aligned/l1,best_axis_oracle,1,11
599,cross/aligned/l1,every_k2,1,5
599,cross/aligned/l1,adwin,0,0
599,cross/aligned/l1,mcusum,1,10
599,cross/aligned/l1,sketch1,1,1
600,cross/aligned/l0.05,always_multiD,0,2
600,cross/aligned/l0.05,union4_bonf,0,2
600,cross/aligned/l0.05,dci_v3,0,2
600,cross/aligned/l0.05,dci_v3_a8,0,2
600,cross/aligned/l0.05,best_axis_oracle,0,0
600,cross/aligned/l0.05,every_k2,0,2
600,cross/aligned/l0.05,adwin,0,0
600,cross/aligned/l0.05,mcusum,0,0
600,cross/aligned/l0.05,sketch1,0,1
601,cross/aligned/l0.1,always_multiD,0,2
601,cross/aligned/l0.1,union4_bonf,0,2
601,cross/aligned/l0.1,dci_v3,0,2
601,cross/aligned/l0.1,dci_v3_a8,0,2
601,cross/aligned/l0.1,best_axis_oracle,0,0
601,cross/aligned/l0.1,every_k2,0,0
601,cross/aligned/l0.1,adwin,0,0
601,cross/aligned/l0.1,mcusum,0,0
601,cross/aligned/l0.1,sketch1,0,1
602,cross/aligned/l0.2,always_multiD,0,2
602,cross/aligned/l0.2,union4_bonf,0,2
602,cross/aligned/l0.2,dci_v3,0,2
602,cross/aligned/l0.2,dci_v3_a8,0,2
602,cross/aligned/l0.2,best_axis_oracle,0,0
602,cross/aligned/l0.2,every_k2,0,0
602,cross/aligned/l0.2,adwin,0,0
602,cross/aligned/l0.2,mcusum,0,0
602,cross/aligned/l0.2,sketch1,0,1
603,cross/aligned/l0.4,always_multiD,0,2
603,cross/aligned/l0.4,union4_bonf,0,2
603,cross/aligned/l0.4,dci_v3,0,2
603,cross/aligned/l0.4,dci_v3_a8,0,2
603,cross/aligned/l0.4,best_axis_oracle,0,0
603,cross/aligned/l0.4,every_k2,0,2
603,cross/aligned/l0.4,adwin,0,0
603,cross/aligned/l0.4,mcusum,0,0
603,cross/aligned/l0.4,sketch1,0,1
604,cross/aligned/l1,always_multiD,1,2
604,cross/aligned/l1,union4_bonf,1,3
604,cross/aligned/l1,dci_v3,1,3
604,cross/aligned/l1,dci_v3_a8,1,3
604,cross/aligned/l1,best_axis_oracle,1,0
604,cross/aligned/l1,every_k2,0,0
604,cross/aligned/l1,adwin,0,0
604,cross/aligned/l1,mcusum,0,0
604,cross/aligned/l1,sketch1,0,1
605,cross/aligned/l0.05,always_multiD,1,5
605,cross/aligned/l0.05,union4_bonf,1,5
605,cross/aligned/l0.05,dci_v3,1,5
605,cross/aligned/l0.05,dci_v3_a8,1,5
605,cross/aligned/l0.05,best_axis_oracle,1,4
605,cross/aligned/l0.05,every_k2,0,2
605,cross/aligned/l0.05,adwin,0,0
605,cross/aligned/l0.05,mcusum,0,0
605,cross/aligned/l0.05,sketch1,0,2
606,cross/aligned/l0.1,always_multiD,1,5
606,cross/aligned/l0.1,union4_bonf,1,5
606,cross/aligned/l0.1,dci_v3,1,5
606,cross/aligned/l0.1,dci_v3_a8,1,5
606,cross/aligned/l0.1,best_axis_oracle,1,4
606,cross/aligned/l0.1,every_k2,1,4
606,cross/aligned/l0.1,adwin,0,0
606,cross/aligned/l0.1,mcusum,0,1
606,cross/aligned/l0.1,sketch1,0,2
607,cross/aligned/l0.2,always_multiD,1,6
607,cross/aligned/l0.2,union4_bonf,1,5
607,cross/aligned/l0.2,dci_v3,1,5
607,cross/aligned/l0.2,dci_v3_a8,1,6
607,cross/aligned/l0.2,best_axis_oracle,1,2
607,cross/aligned/l0.2,every_k2,1,4
607,cross/aligned/l0.2,adwin,0,0
607,cross/aligned/l0.2,mcusum,1,0
607,cross/aligned/l0.2,sketch1,0,2
608,cross/aligned/l0.4,always_multiD,1,1
608,cross/aligned/l0.4,union4_bonf,1,3
608,cross/aligned/l0.4,dci_v3,1,3
608,cross/aligned/l0.4,dci_v3_a8,1,3
608,cross/aligned/l0.4,best_axis_oracle,1,0
608,cross/aligned/l0.4,every_k2,0,1
608,cross/aligned/l0.4,adwin,0,0
608,cross/aligned/l0.4,mcusum,1,0
608,cross/aligned/l0.4,sketch1,0,3
609,cross/aligned/l1,always_multiD,1,10
609,cross/aligned/l1,union4_bonf,1,11
609,cross/aligned/l1,dci_v3,1,11
609,cross/aligned/l1,dci_v3_a8,1,11
609,cross/aligned/l1,best_axis_oracle,1,0
609,cross/aligned/l1,every_k2,1,4
609,cross/aligned/l1,adwin,0,0
609,cross/aligned/l1,mcusum,1,10
609,cross/aligned/l1,sketch1,1,12
610,cross/aligned/l0.05,always_multiD,0,2
610,cross/aligned/l0.05,union4_bonf,0,2
610,cross/aligned/l0.05,dci_v3,0,2
610,cross/aligned/l0.05,dci_v3_a8,0,2
610,cross/aligned/l0.05,best_axis_oracle,0,0
610,cross/aligned/l0.05,every_k2,0,1
610,cross/aligned/l0.05,adwin,0,0
610,cross/aligned/l0.05,mcusum,0,0
610,cross/aligned/l0.05,sketch1,0,3
611,cross/aligned/l0.1,always_multiD,0,2
611,cross/aligned/l0.1,union4_bonf,0,2
611,cross/aligned/l0.1,dci_v3,0,2
611,cross/aligned/l0.1,dci_v3_a8,0,2
611,cross/aligned/l0.1,best_axis_oracle,0,0
611,cross/aligned/l0.1,every_k2,0,1
611,cross/aligned/l0.1,adwin,0,0
611,cross/aligned/l0.1,mcusum,0,0
611,cross/aligned/l0.1,sketch1,0,3
612,cross/aligned/l0.2,always_multiD,0,2
612,cross/aligned/l0.2,union4_bonf,0,2
612,cross/aligned/l0.2,dci_v3,0,2
612,cross/aligned/l0.2,dci_v3_a8,0,2
612,cross/aligned/l0.2,best_axis_oracle,0,0
612,cross/aligned/l0.2,every_k2,0,1
612,cross/aligned/l0.2,adwin,0,0
612,cross/aligned/l0.2,mcusum,0,0
612,cross/aligned/l0.2,sketch1,0,3
613,cross/aligned/l0.4,always_multiD,0,2
613,cross/aligned/l0.4,union4_bonf,0,2
613,cross/aligned/l0.4,dci_v3,0,2
613,cross/aligned/l0.4,dci_v3_a8,0,2
613,cross/aligned/l0.4,best_axis_oracle,1,0
613,cross/aligned/l0.4,every_k2,0,1
613,cross/aligned/l0.4,adwin,0,0
613,cross/aligned/l0.4,mcusum,0,0
613,cross/aligned/l0.4,sketch1,0,2
614,cross/aligned/l1,always_multiD,1,1
614,cross/aligned/l1,union4_bonf,1,1
614,cross/aligned/l1,dci_v3,1,1
614,cross/aligned/l1,dci_v3_a8,1,1
614,cross/aligned/l1,best_axis_oracle,1,0
614,cross/aligned/l1,every_k2,1,0
614,cross/aligned/l1,adwin,0,0
614,cross/aligned/l1,mcusum,0,0
614,cross/aligned/l1,sketch1,1,3
615,cross/aligned/l0.05,always_multiD,1,11
615,cross/aligned/l0.05,union4_bonf,1,11
615,cross/aligned/l0.05,dci_v3,1,11
615,cross/aligned/l0.05,dci_v3_a8,1,11
615,cross/aligned/l0.05,best_axis_oracle,1,3
615,cross/aligned/l0.05,every_k2,1,5
615,cross/aligned/l0.05,adwin,0,0
615,cross/aligned/l0.05,mcusum,1,11
615,cross/aligned/l0.05,sketch1,0,5
616,cross/aligned/l0.1,always_multiD,1,11
616,cross/aligned/l0.1,union4_bonf,1,11
616,cross/aligned/l0.1,dci_v3,1,11
616,cross/aligned/l0.1,dci_v3_a8,1,11
616,cross/aligned/l0.1,best_axis_oracle,1,11
616,cross/aligned/l0.1,every_k2,0,6
616,cross/aligned/l0.1,adwin,0,0
616,cross/aligned/l0.1,mcusum,1,11
616,cross/aligned/l0.1,sketch1,0,10
617,cross/aligned/l0.2,always_multiD,1,11
617,cross/aligned/l0.2,union4_bonf,1,11
617,cross/aligned/l0.2,dci_v3,1,11
617,cross/aligned/l0.2,dci_v3_a8,1,11
617,cross/aligned/l0.2,best_axis_oracle,1,11
617,cross/aligned/l0.2,every_k2,0,6
617,cross/aligned/l0.2,adwin,0,0
617,cross/aligned/l0.2,mcusum,1,11
617,cross/aligned/l0.2,sketch1,0,11
618,cross/aligned/l0.4,always_multiD,1,11
618,cross/aligned/l0.4,union4_bonf,1,11
618,cross/aligned/l0.4,dci_v3,1,11
618,cross/aligned/l0.4,dci_v3_a8,1,11
618,cross/aligned/l0.4,best_axis_oracle,1,11
618,cross/aligned/l0.4,every_k2,0,6
618,cross/aligned/l0.4,adwin,0,0
618,cross/aligned/l0.4,mcusum,1,11
618,cross/aligned/l0.4,sketch1,1,11
619,cross/aligned/l1,always_multiD,1,11
619,cross/aligned/l1,union4_bonf,1,11
619,cross/aligned/l1,dci_v3,1,11
619,cross/aligned/l1,dci_v3_a8,1,11
619,cross/aligned/l1,best_axis_oracle,1,11
619,cross/aligned/l1,every_k2,1,5
619,cross/aligned/l1,adwin,0,0
619,cross/aligned/l1,mcusum,1,11
619,cross/aligned/l1,sketch1,1,11
620,cross/aligned/l0.05,always_multiD,0,1
620,cross/aligned/l0.05,union4_bonf,1,1
620,cross/aligned/l0.05,dci_v3,1,1
620,cross/aligned/l0.05,dci_v3_a8,1,1
620,cross/aligned/l0.05,best_axis_oracle,1,1
620,cross/aligned/l0.05,every_k2,0,1
620,cross/aligned/l0.05,adwin,0,0
620,cross/aligned/l0.05,mcusum,0,0
620,cross/aligned/l0.05,sketch1,0,2
621,cross/aligned/l0.1,always_multiD,1,3
621,cross/aligned/l0.1,union4_bonf,1,3
621,cross/aligned/l0.1,dci_v3,1,3
621,cross/aligned/l0.1,dci_v3_a8,1,3
621,cross/aligned/l0.1,best_axis_oracle,1,3
621,cross/aligned/l0.1,every_k2,1,1
621,cross/aligned/l0.1,adwin,0,0
621,cross/aligned/l0.1,mcusum,1,0
621,cross/aligned/l0.1,sketch1,0,3
622,cross/aligned/l0.2,always_multiD,1,7
622,cross/aligned/l0.2,union4_bonf,1,5
622,cross/aligned/l0.2,dci_v3,1,5
622,cross/aligned/l0.2,dci_v3_a8,1,5
622,cross/aligned/l0.2,best_axis_oracle,1,5
622,cross/aligned/l0.2,every_k2,0,3
622,cross/aligned/l0.2,adwin,0,0
622,cross/aligned/l0.2,mcusum,1,2
622,cross/aligned/l0.2,sketch1,0,6
623,cross/aligned/l0.4,always_multiD,1,7
623,cross/aligned/l0.4,union4_bonf,1,6
623,cross/aligned/l0.4,dci_v3,1,6
623,cross/aligned/l0.4,dci_v3_a8,1,6
623,cross/aligned/l0.4,best_axis_oracle,1,7
623,cross/aligned/l0.4,every_k2,0,3
623,cross/aligned/l0.4,adwin,0,0
623,cross/aligned/l0.4,mcusum,1,4
623,cross/aligned/l0.4,sketch1,1,5
624,cross/aligned/l1,always_multiD,1,11
624,cross/aligned/l1,union4_bonf,1,11
624,cross/aligned/l1,dci_v3,1,11
624,cross/aligned/l1,dci_v3_a8,1,11
624,cross/aligned/l1,best_axis_oracle,1,7
624,cross/aligned/l1,every_k2,1,5
624,cross/aligned/l1,adwin,0,0
624,cross/aligned/l1,mcusum,1,9
624,cross/aligned/l1,sketch1,1,8
625,cross/aligned/l0.05,always_multiD,0,0
625,cross/aligned/l0.05,union4_bonf,0,0
625,cross/aligned/l0.05,dci_v3,0,0
625,cross/aligned/l0.05,dci_v3_a8,0,0
625,cross/aligned/l0.05,best_axis_oracle,0,0
625,cross/aligned/l0.05,every_k2,0,0
625,cross/aligned/l0.05,adwin,0,0
625,cross/aligned/l0.05,mcusum,0,0
625,cross/aligned/l0.05,sketch1,0,0
626,cross/aligned/l0.1,always_multiD,0,0
626,cross/aligned/l0.1,union4_bonf,0,0
626,cross/aligned/l0.1,dci_v3,0,0
626,cross/aligned/l0.1,dci_v3_a8,0,0
626,cross/aligned/l0.1,best_axis_oracle,0,0
626,cross/aligned/l0.1,every_k2,0,0
626,cross/aligned/l0.1,adwin,0,0
626,cross/aligned/l0.1,mcusum,0,0
626,cross/aligned/l0.1,sketch1,0,0
627,cross/aligned/l0.2,always_multiD,0,0
627,cross/aligned/l0.2,union4_bonf,0,0
627,cross/aligned/l0.2,dci_v3,0,0
627,cross/aligned/l0.2,dci_v3_a8,0,0
627,cross/aligned/l0.2,best_axis_oracle,0,0
627,cross/aligned/l0.2,every_k2,0,0
627,cross/aligned/l0.2,adwin,0,0
627,cross/aligned/l0.2,mcusum,0,0
627,cross/aligned/l0.2,sketch1,0,0
628,cross/aligned/l0.4,always_multiD,0,0
628,cross/aligned/l0.4,union4_bonf,0,0
628,cross/aligned/l0.4,dci_v3,0,0
628,cross/aligned/l0.4,dci_v3_a8,0,0
628,cross/aligned/l0.4,best_axis_oracle,0,0
628,cross/aligned/l0.4,every_k2,0,0
628,cross/aligned/l0.4,adwin,0,0
628,cross/aligned/l0.4,mcusum,0,0
628,cross/aligned/l0.4,sketch1,0,0
629,cross/aligned/l1,always_multiD,0,0
629,cross/aligned/l1,union4_bonf,0,0
629,cross/aligned/l1,dci_v3,0,0
629,cross/aligned/l1,dci_v3_a8,0,0
629,cross/aligned/l1,best_axis_oracle,0,0
629,cross/aligned/l1,every_k2,0,0
629,cross/aligned/l1,adwin,0,0
629,cross/aligned/l1,mcusum,0,0
629,cross/aligned/l1,sketch1,0,0
630,cross/aligned/l0.05,always_multiD,1,12
630,cross/aligned/l0.05,union4_bonf,1,12
630,cross/aligned/l0.05,dci_v3,1,12
630,cross/aligned/l0.05,dci_v3_a8,1,12
630,cross/aligned/l0.05,best_axis_oracle,1,11
630,cross/aligned/l0.05,every_k2,1,5
630,cross/aligned/l0.05,adwin,0,0
630,cross/aligned/l0.05,mcusum,1,11
630,cross/aligned/l0.05,sketch1,1,11
631,cross/aligned/l0.1,always_multiD,1,12
631,cross/aligned/l0.1,union4_bonf,1,12
631,cross/aligned/l0.1,dci_v3,1,12
631,cross/aligned/l0.1,dci_v3_a8,1,12
631,cross/aligned/l0.1,best_axis_oracle,1,11
631,cross/aligned/l0.1,every_k2,0,7
631,cross/aligned/l0.1,adwin,0,0
631,cross/aligned/l0.1,mcusum,1,11
631,cross/aligned/l0.1,sketch1,1,11
632,cross/aligned/l0.2,always_multiD,1,12
632,cross/aligned/l0.2,union4_bonf,1,12
632,cross/aligned/l0.2,dci_v3,1,12
632,cross/aligned/l0.2,dci_v3_a8,1,12
632,cross/aligned/l0.2,best_axis_oracle,1,2
632,cross/aligned/l0.2,every_k2,1,5
632,cross/aligned/l0.2,adwin,0,0
632,cross/aligned/l0.2,mcusum,1,11
632,cross/aligned/l0.2,sketch1,1,11
633,cross/aligned/l0.4,always_multiD,1,12
633,cross/aligned/l0.4,union4_bonf,1,12
633,cross/aligned/l0.4,dci_v3,1,12
633,cross/aligned/l0.4,dci_v3_a8,1,12
633,cross/aligned/l0.4,best_axis_oracle,1,2
633,cross/aligned/l0.4,every_k2,0,7
633,cross/aligned/l0.4,adwin,0,0
633,cross/aligned/l0.4,mcusum,1,11
633,cross/aligned/l0.4,sketch1,1,11
634,cross/aligned/l1,always_multiD,1,12
634,cross/aligned/l1,union4_bonf,1,12
634,cross/aligned/l1,dci_v3,1,12
634,cross/aligned/l1,dci_v3_a8,1,12
634,cross/aligned/l1,best_axis_oracle,1,1
634,cross/aligned/l1,every_k2,0,7
634,cross/aligned/l1,adwin,0,0
634,cross/aligned/l1,mcusum,1,11
634,cross/aligned/l1,sketch1,1,11
635,cross/aligned/l0.05,always_multiD,0,1
635,cross/aligned/l0.05,union4_bonf,0,1
635,cross/aligned/l0.05,dci_v3,0,1
635,cross/aligned/l0.05,dci_v3_a8,0,1
635,cross/aligned/l0.05,best_axis_oracle,0,0
635,cross/aligned/l0.05,every_k2,0,0
635,cross/aligned/l0.05,adwin,0,0
635,cross/aligned/l0.05,mcusum,0,0
635,cross/aligned/l0.05,sketch1,0,0
636,cross/aligned/l0.1,always_multiD,0,1
636,cross/aligned/l0.1,union4_bonf,0,1
636,cross/aligned/l0.1,dci_v3,0,1
636,cross/aligned/l0.1,dci_v3_a8,0,1
636,cross/aligned/l0.1,best_axis_oracle,0,0
636,cross/aligned/l0.1,every_k2,0,0
636,cross/aligned/l0.1,adwin,0,0
636,cross/aligned/l0.1,mcusum,0,0
636,cross/aligned/l0.1,sketch1,0,0
637,cross/aligned/l0.2,always_multiD,0,1
637,cross/aligned/l0.2,union4_bonf,0,1
637,cross/aligned/l0.2,dci_v3,0,1
637,cross/aligned/l0.2,dci_v3_a8,0,1
637,cross/aligned/l0.2,best_axis_oracle,0,0
637,cross/aligned/l0.2,every_k2,0,0
637,cross/aligned/l0.2,adwin,0,0
637,cross/aligned/l0.2,mcusum,0,0
637,cross/aligned/l0.2,sketch1,0,0
638,cross/aligned/l0.4,always_multiD,0,1
638,cross/aligned/l0.4,union4_bonf,0,1
638,cross/aligned/l0.4,dci_v3,0,1
638,cross/aligned/l0.4,dci_v3_a8,0,0
638,cross/aligned/l0.4,best_axis_oracle,0,0
638,cross/aligned/l0.4,every_k2,0,0
638,cross/aligned/l0.4,adwin,0,0
638,cross/aligned/l0.4,mcusum,0,0
638,cross/aligned/l0.4,sketch1,0,0
639,cross/aligned/l1,always_multiD,1,2
639,cross/aligned/l1,union4_bonf,1,1
639,cross/aligned/l1,dci_v3,1,2
639,cross/aligned/l1,dci_v3_a8,1,2
639,cross/aligned/l1,best_axis_oracle,1,0
639,cross/aligned/l1,every_k2,0,2
639,cross/aligned/l1,adwin,0,0
639,cross/aligned/l1,mcusum,0,0
639,cross/aligned/l1,sketch1,0,4
640,cross/aligned/l0.05,always_multiD,0,12
640,cross/aligned/l0.05,union4_bonf,0,11
640,cross/aligned/l0.05,dci_v3,0,11
640,cross/aligned/l0.05,dci_v3_a8,0,12
640,cross/aligned/l0.05,best_axis_oracle,0,0
640,cross/aligned/l0.05,every_k2,0,7
640,cross/aligned/l0.05,adwin,0,0
640,cross/aligned/l0.05,mcusum,0,3
640,cross/aligned/l0.05,sketch1,0,6
641,cross/aligned/l0.1,always_multiD,0,10
641,cross/aligned/l0.1,union4_bonf,0,11
641,cross/aligned/l0.1,dci_v3,0,11
641,cross/aligned/l0.1,dci_v3_a8,0,11
641,cross/aligned/l0.1,best_axis_oracle,1,11
641,cross/aligned/l0.1,every_k2,0,4
641,cross/aligned/l0.1,adwin,0,0
641,cross/aligned/l0.1,mcusum,0,2
641,cross/aligned/l0.1,sketch1,0,5
642,cross/aligned/l0.2,always_multiD,1,13
642,cross/aligned/l0.2,union4_bonf,1,12
642,cross/aligned/l0.2,dci_v3,1,12
642,cross/aligned/l0.2,dci_v3_a8,1,12
642,cross/aligned/l0.2,best_axis_oracle,1,1
642,cross/aligned/l0.2,every_k2,1,4
642,cross/aligned/l0.2,adwin,0,0
642,cross/aligned/l0.2,mcusum,1,4
642,cross/aligned/l0.2,sketch1,0,7
643,cross/aligned/l0.4,always_multiD,1,15
643,cross/aligned/l0.4,union4_bonf,1,12
643,cross/aligned/l0.4,dci_v3,1,12
643,cross/aligned/l0.4,dci_v3_a8,1,13
643,cross/aligned/l0.4,best_axis_oracle,1,1
643,cross/aligned/l0.4,every_k2,1,6
643,cross/aligned/l0.4,adwin,0,0
643,cross/aligned/l0.4,mcusum,1,6
643,cross/aligned/l0.4,sketch1,0,11
644,cross/aligned/l1,always_multiD,1,17
644,cross/aligned/l1,union4_bonf,1,17
644,cross/aligned/l1,dci_v3,1,17
644,cross/aligned/l1,dci_v3_a8,1,17
644,cross/aligned/l1,best_axis_oracle,1,1
644,cross/aligned/l1,every_k2,0,10
644,cross/aligned/l1,adwin,0,0
644,cross/aligned/l1,mcusum,1,12
644,cross/aligned/l1,sketch1,1,16
645,cross/aligned/l0.05,always_multiD,0,2
645,cross/aligned/l0.05,union4_bonf,0,2
645,cross/aligned/l0.05,dci_v3,0,2
645,cross/aligned/l0.05,dci_v3_a8,0,2
645,cross/aligned/l0.05,best_axis_oracle,0,0
645,cross/aligned/l0.05,every_k2,0,1
645,cross/aligned/l0.05,adwin,0,0
645,cross/aligned/l0.05,mcusum,0,0
645,cross/aligned/l0.05,sketch1,0,2
646,cross/aligned/l0.1,always_multiD,0,2
646,cross/aligned/l0.1,union4_bonf,0,2
646,cross/aligned/l0.1,dci_v3,0,2
646,cross/aligned/l0.1,dci_v3_a8,0,2
646,cross/aligned/l0.1,best_axis_oracle,0,0
646,cross/aligned/l0.1,every_k2,0,1
646,cross/aligned/l0.1,adwin,0,0
646,cross/aligned/l0.1,mcusum,0,0
646,cross/aligned/l0.1,sketch1,0,2
647,cross/aligned/l0.2,always_multiD,0,2
647,cross/aligned/l0.2,union4_bonf,0,2
647,cross/aligned/l0.2,dci_v3,0,2
647,cross/aligned/l0.2,dci_v3_a8,0,2
647,cross/aligned/l0.2,best_axis_oracle,0,0
647,cross/aligned/l0.2,every_k2,0,1
647,cross/aligned/l0.2,adwin,0,0
647,cross/aligned/l0.2,mcusum,0,0
647,cross/aligned/l0.2,sketch1,1,3
648,cross/aligned/l0.4,always_multiD,1,2
648,cross/aligned/l0.4,union4_bonf,1,2
648,cross/aligned/l0.4,dci_v3,1,2
648,cross/aligned/l0.4,dci_v3_a8,1,2
648,cross/aligned/l0.4,best_axis_oracle,1,0
648,cross/aligned/l0.4,every_k2,1,1
648,cross/aligned/l0.4,adwin,0,0
648,cross/aligned/l0.4,mcusum,0,1
648,cross/aligned/l0.4,sketch1,1,5
649,cross/aligned/l1,always_multiD,1,11
649,cross/aligned/l1,union4_bonf,1,12
649,cross/aligned/l1,dci_v3,1,12
649,cross/aligned/l1,dci_v3_a8,1,12
649,cross/aligned/l1,best_axis_oracle,1,0
649,cross/aligned/l1,every_k2,0,6
649,cross/aligned/l1,adwin,0,0
649,cross/aligned/l1,mcusum,0,4
649,cross/aligned/l1,sketch1,0,11
650,cross/aligned/l0.05,always_multiD,0,0
650,cross/aligned/l0.05,union4_bonf,0,0
650,cross/aligned/l0.05,dci_v3,0,0
650,cross/aligned/l0.05,dci_v3_a8,0,0
650,cross/aligned/l0.05,best_axis_oracle,1,1
650,cross/aligned/l0.05,every_k2,0,0
650,cross/aligned/l0.05,adwin,0,0
650,cross/aligned/l0.05,mcusum,0,0
650,cross/aligned/l0.05,sketch1,0,0
651,cross/aligned/l0.1,always_multiD,0,0
651,cross/aligned/l0.1,union4_bonf,0,0
651,cross/aligned/l0.1,dci_v3,0,0
651,cross/aligned/l0.1,dci_v3_a8,0,0
651,cross/aligned/l0.1,best_axis_oracle,1,1
651,cross/aligned/l0.1,every_k2,0,0
651,cross/aligned/l0.1,adwin,0,0
651,cross/aligned/l0.1,mcusum,0,0
651,cross/aligned/l0.1,sketch1,0,0
652,cross/aligned/l0.2,always_multiD,1,0
652,cross/aligned/l0.2,union4_bonf,1,0
652,cross/aligned/l0.2,dci_v3,1,0
652,cross/aligned/l0.2,dci_v3_a8,1,0
652,cross/aligned/l0.2,best_axis_oracle,1,0
652,cross/aligned/l0.2,every_k2,0,0
652,cross/aligned/l0.2,adwin,0,0
652,cross/aligned/l0.2,mcusum,0,0
652,cross/aligned/l0.2,sketch1,0,0
653,cross/aligned/l0.4,always_multiD,1,0
653,cross/aligned/l0.4,union4_bonf,1,0
653,cross/aligned/l0.4,dci_v3,1,0
653,cross/aligned/l0.4,dci_v3_a8,1,0
653,cross/aligned/l0.4,best_axis_oracle,1,0
653,cross/aligned/l0.4,every_k2,1,0
653,cross/aligned/l0.4,adwin,0,0
653,cross/aligned/l0.4,mcusum,0,0
653,cross/aligned/l0.4,sketch1,0,0
654,cross/aligned/l1,always_multiD,1,9
654,cross/aligned/l1,union4_bonf,1,9
654,cross/aligned/l1,dci_v3,1,9
654,cross/aligned/l1,dci_v3_a8,1,9
654,cross/aligned/l1,best_axis_oracle,1,10
654,cross/aligned/l1,every_k2,1,5
654,cross/aligned/l1,adwin,0,0
654,cross/aligned/l1,mcusum,0,3
654,cross/aligned/l1,sketch1,1,9
655,cross/aligned/l0.05,always_multiD,0,3
655,cross/aligned/l0.05,union4_bonf,0,2
655,cross/aligned/l0.05,dci_v3,0,2
655,cross/aligned/l0.05,dci_v3_a8,0,2
655,cross/aligned/l0.05,best_axis_oracle,0,0
655,cross/aligned/l0.05,every_k2,0,2
655,cross/aligned/l0.05,adwin,0,0
655,cross/aligned/l0.05,mcusum,0,0
655,cross/aligned/l0.05,sketch1,0,0
656,cross/aligned/l0.1,always_multiD,0,3
656,cross/aligned/l0.1,union4_bonf,0,2
656,cross/aligned/l0.1,dci_v3,0,2
656,cross/aligned/l0.1,dci_v3_a8,0,3
656,cross/aligned/l0.1,best_axis_oracle,0,0
656,cross/aligned/l0.1,every_k2,0,1
656,cross/aligned/l0.1,adwin,0,0
656,cross/aligned/l0.1,mcusum,0,0
656,cross/aligned/l0.1,sketch1,0,0
657,cross/aligned/l0.2,always_multiD,0,3
657,cross/aligned/l0.2,union4_bonf,0,2
657,cross/aligned/l0.2,dci_v3,0,2
657,cross/aligned/l0.2,dci_v3_a8,0,2
657,cross/aligned/l0.2,best_axis_oracle,0,0
657,cross/aligned/l0.2,every_k2,0,1
657,cross/aligned/l0.2,adwin,0,0
657,cross/aligned/l0.2,mcusum,0,0
657,cross/aligned/l0.2,sketch1,0,0
658,cross/aligned/l0.4,always_multiD,0,3
658,cross/aligned/l0.4,union4_bonf,0,2
658,cross/aligned/l0.4,dci_v3,0,2
658,cross/aligned/l0.4,dci_v3_a8,0,2
658,cross/aligned/l0.4,best_axis_oracle,0,0
658,cross/aligned/l0.4,every_k2,0,2
658,cross/aligned/l0.4,adwin,0,0
658,cross/aligned/l0.4,mcusum,0,0
658,cross/aligned/l0.4,sketch1,0,0
659,cross/aligned/l1,always_multiD,1,12
659,cross/aligned/l1,union4_bonf,1,12
659,cross/aligned/l1,dci_v3,1,12
659,cross/aligned/l1,dci_v3_a8,1,12
659,cross/aligned/l1,best_axis_oracle,1,2
659,cross/aligned/l1,every_k2,1,6
659,cross/aligned/l1,adwin,0,0
659,cross/aligned/l1,mcusum,0,3
659,cross/aligned/l1,sketch1,1,7
660,cross/aligned/l0.05,always_multiD,1,0
660,cross/aligned/l0.05,union4_bonf,1,0
660,cross/aligned/l0.05,dci_v3,1,0
660,cross/aligned/l0.05,dci_v3_a8,1,0
660,cross/aligned/l0.05,best_axis_oracle,1,0
660,cross/aligned/l0.05,every_k2,0,0
660,cross/aligned/l0.05,adwin,0,0
660,cross/aligned/l0.05,mcusum,0,0
660,cross/aligned/l0.05,sketch1,0,1
661,cross/aligned/l0.1,always_multiD,1,3
661,cross/aligned/l0.1,union4_bonf,1,4
661,cross/aligned/l0.1,dci_v3,1,4
661,cross/aligned/l0.1,dci_v3_a8,1,5
661,cross/aligned/l0.1,best_axis_oracle,1,1
661,cross/aligned/l0.1,every_k2,1,0
661,cross/aligned/l0.1,adwin,0,0
661,cross/aligned/l0.1,mcusum,1,0
661,cross/aligned/l0.1,sketch1,0,1
662,cross/aligned/l0.2,always_multiD,1,11
662,cross/aligned/l0.2,union4_bonf,1,11
662,cross/aligned/l0.2,dci_v3,1,11
662,cross/aligned/l0.2,dci_v3_a8,1,11
662,cross/aligned/l0.2,best_axis_oracle,1,11
662,cross/aligned/l0.2,every_k2,1,5
662,cross/aligned/l0.2,adwin,0,0
662,cross/aligned/l0.2,mcusum,1,4
662,cross/aligned/l0.2,sketch1,0,0
663,cross/aligned/l0.4,always_multiD,1,11
663,cross/aligned/l0.4,union4_bonf,1,11
663,cross/aligned/l0.4,dci_v3,1,11
663,cross/aligned/l0.4,dci_v3_a8,1,11
663,cross/aligned/l0.4,best_axis_oracle,1,11
663,cross/aligned/l0.4,every_k2,1,5
663,cross/aligned/l0.4,adwin,0,0
663,cross/aligned/l0.4,mcusum,1,11
663,cross/aligned/l0.4,sketch1,1,0
664,cross/aligned/l1,always_multiD,1,11
664,cross/aligned/l1,union4_bonf,1,11
664,cross/aligned/l1,dci_v3,1,11
664,cross/aligned/l1,dci_v3_a8,1,11
664,cross/aligned/l1,best_axis_oracle,1,0
664,cross/aligned/l1,every_k2,1,5
664,cross/aligned/l1,adwin,0,0
664,cross/aligned/l1,mcusum,1,11
664,cross/aligned/l1,sketch1,1,1
665,cross/aligned/l0.05,always_multiD,1,5
665,cross/aligned/l0.05,union4_bonf,1,5
665,cross/aligned/l0.05,dci_v3,1,5
665,cross/aligned/l0.05,dci_v3_a8,1,5
665,cross/aligned/l0.05,best_axis_oracle,1,1
665,cross/aligned/l0.05,every_k2,1,2
665,cross/aligned/l0.05,adwin,0,0
665,cross/aligned/l0.05,mcusum,1,0
665,cross/aligned/l0.05,sketch1,0,0
666,cross/aligned/l0.1,always_multiD,1,7
666,cross/aligned/l0.1,union4_bonf,1,7
666,cross/aligned/l0.1,dci_v3,1,7
666,cross/aligned/l0.1,dci_v3_a8,1,7
666,cross/aligned/l0.1,best_axis_oracle,1,1
666,cross/aligned/l0.1,every_k2,1,2
666,cross/aligned/l0.1,adwin,0,0
666,cross/aligned/l0.1,mcusum,1,1
666,cross/aligned/l0.1,sketch1,1,0
667,cross/aligned/l0.2,always_multiD,1,5
667,cross/aligned/l0.2,union4_bonf,1,4
667,cross/aligned/l0.2,dci_v3,1,4
667,cross/aligned/l0.2,dci_v3_a8,1,4
667,cross/aligned/l0.2,best_axis_oracle,1,1
667,cross/aligned/l0.2,every_k2,0,4
667,cross/aligned/l0.2,adwin,0,0
667,cross/aligned/l0.2,mcusum,1,0
667,cross/aligned/l0.2,sketch1,1,2
668,cross/aligned/l0.4,always_multiD,1,11
668,cross/aligned/l0.4,union4_bonf,1,11
668,cross/aligned/l0.4,dci_v3,1,11
668,cross/aligned/l0.4,dci_v3_a8,1,11
668,cross/aligned/l0.4,best_axis_oracle,1,1
668,cross/aligned/l0.4,every_k2,1,5
668,cross/aligned/l0.4,adwin,0,0
668,cross/aligned/l0.4,mcusum,1,3
668,cross/aligned/l0.4,sketch1,1,7
669,cross/aligned/l1,always_multiD,1,11
669,cross/aligned/l1,union4_bonf,1,11
669,cross/aligned/l1,dci_v3,1,11
669,cross/aligned/l1,dci_v3_a8,1,11
669,cross/aligned/l1,best_axis_oracle,1,1
669,cross/aligned/l1,every_k2,0,6
669,cross/aligned/l1,adwin,0,0
669,cross/aligned/l1,mcusum,1,11
669,cross/aligned/l1,sketch1,1,10
670,cross/aligned/l0.05,always_multiD,0,2
670,cross/aligned/l0.05,union4_bonf,0,2
670,cross/aligned/l0.05,dci_v3,0,2
670,cross/aligned/l0.05,dci_v3_a8,0,2
670,cross/aligned/l0.05,best_axis_oracle,0,0
670,cross/aligned/l0.05,every_k2,0,2
670,cross/aligned/l0.05,adwin,0,0
670,cross/aligned/l0.05,mcusum,0,0
670,cross/aligned/l0.05,sketch1,0,1
671,cross/aligned/l0.1,always_multiD,0,1
671,cross/aligned/l0.1,union4_bonf,0,1
671,cross/aligned/l0.1,dci_v3,0,1
671,cross/aligned/l0.1,dci_v3_a8,0,1
671,cross/aligned/l0.1,best_axis_oracle,0,0
671,cross/aligned/l0.1,every_k2,0,1
671,cross/aligned/l0.1,adwin,0,0
671,cross/aligned/l0.1,mcusum,0,0
671,cross/aligned/l0.1,sketch1,0,1
672,cross/aligned/l0.2,always_multiD,0,1
672,cross/aligned/l0.2,union4_bonf,0,1
672,cross/aligned/l0.2,dci_v3,0,1
672,cross/aligned/l0.2,dci_v3_a8,0,1
672,cross/aligned/l0.2,best_axis_oracle,1,0
672,cross/aligned/l0.2,every_k2,0,0
672,cross/aligned/l0.2,adwin,0,0
672,cross/aligned/l0.2,mcusum,0,0
672,cross/aligned/l0.2,sketch1,0,1
673,cross/aligned/l0.4,always_multiD,1,1
673,cross/aligned/l0.4,union4_bonf,1,1
673,cross/aligned/l0.4,dci_v3,1,1
673,cross/aligned/l0.4,dci_v3_a8,1,1
673,cross/aligned/l0.4,best_axis_oracle,1,0
673,cross/aligned/l0.4,every_k2,0,1
673,cross/aligned/l0.4,adwin,0,0
673,cross/aligned/l0.4,mcusum,0,0
673,cross/aligned/l0.4,sketch1,0,1
674,cross/aligned/l1,always_multiD,1,12
674,cross/aligned/l1,union4_bonf,1,12
674,cross/aligned/l1,dci_v3,1,12
674,cross/aligned/l1,dci_v3_a8,1,12
674,cross/aligned/l1,best_axis_oracle,1,0
674,cross/aligned/l1,every_k2,0,7
674,cross/aligned/l1,adwin,0,0
674,cross/aligned/l1,mcusum,0,3
674,cross/aligned/l1,sketch1,1,11
675,cross/aligned/l0.05,always_multiD,0,5
675,cross/aligned/l0.05,union4_bonf,0,7
675,cross/aligned/l0.05,dci_v3,0,7
675,cross/aligned/l0.05,dci_v3_a8,0,7
675,cross/aligned/l0.05,best_axis_oracle,1,0
675,cross/aligned/l0.05,every_k2,0,2
675,cross/aligned/l0.05,adwin,0,0
675,cross/aligned/l0.05,mcusum,0,0
675,cross/aligned/l0.05,sketch1,0,5
676,cross/aligned/l0.1,always_multiD,0,6
676,cross/aligned/l0.1,union4_bonf,0,7
676,cross/aligned/l0.1,dci_v3,0,7
676,cross/aligned/l0.1,dci_v3_a8,0,7
676,cross/aligned/l0.1,best_axis_oracle,0,0
676,cross/aligned/l0.1,every_k2,0,3
676,cross/aligned/l0.1,adwin,0,0
676,cross/aligned/l0.1,mcusum,0,1
676,cross/aligned/l0.1,sketch1,0,5
677,cross/aligned/l0.2,always_multiD,1,6
677,cross/aligned/l0.2,union4_bonf,0,7
677,cross/aligned/l0.2,dci_v3,0,7
677,cross/aligned/l0.2,dci_v3_a8,0,8
677,cross/aligned/l0.2,best_axis_oracle,1,11
677,cross/aligned/l0.2,every_k2,0,3
677,cross/aligned/l0.2,adwin,0,0
677,cross/aligned/l0.2,mcusum,0,1
677,cross/aligned/l0.2,sketch1,0,5
678,cross/aligned/l0.4,always_multiD,1,7
678,cross/aligned/l0.4,union4_bonf,1,7
678,cross/aligned/l0.4,dci_v3,1,7
678,cross/aligned/l0.4,dci_v3_a8,1,6
678,cross/aligned/l0.4,best_axis_oracle,1,0
678,cross/aligned/l0.4,every_k2,1,3
678,cross/aligned/l0.4,adwin,0,0
678,cross/aligned/l0.4,mcusum,0,1
678,cross/aligned/l0.4,sketch1,1,7
679,cross/aligned/l1,always_multiD,1,11
679,cross/aligned/l1,union4_bonf,1,12
679,cross/aligned/l1,dci_v3,1,12
679,cross/aligned/l1,dci_v3_a8,1,12
679,cross/aligned/l1,best_axis_oracle,1,0
679,cross/aligned/l1,every_k2,1,5
679,cross/aligned/l1,adwin,0,0
679,cross/aligned/l1,mcusum,0,9
679,cross/aligned/l1,sketch1,1,11
680,cross/aligned/l0.05,always_multiD,0,0
680,cross/aligned/l0.05,union4_bonf,0,1
680,cross/aligned/l0.05,dci_v3,0,1
680,cross/aligned/l0.05,dci_v3_a8,0,1
680,cross/aligned/l0.05,best_axis_oracle,0,0
680,cross/aligned/l0.05,every_k2,0,0
680,cross/aligned/l0.05,adwin,0,0
680,cross/aligned/l0.05,mcusum,0,0
680,cross/aligned/l0.05,sketch1,0,0
681,cross/aligned/l0.1,always_multiD,1,2
681,cross/aligned/l0.1,union4_bonf,1,2
681,cross/aligned/l0.1,dci_v3,1,2
681,cross/aligned/l0.1,dci_v3_a8,1,2
681,cross/aligned/l0.1,best_axis_oracle,1,2
681,cross/aligned/l0.1,every_k2,0,1
681,cross/aligned/l0.1,adwin,0,0
681,cross/aligned/l0.1,mcusum,0,0
681,cross/aligned/l0.1,sketch1,0,0
682,cross/aligned/l0.2,always_multiD,1,11
682,cross/aligned/l0.2,union4_bonf,1,4
682,cross/aligned/l0.2,dci_v3,1,4
682,cross/aligned/l0.2,dci_v3_a8,1,5
682,cross/aligned/l0.2,best_axis_oracle,1,9
682,cross/aligned/l0.2,every_k2,1,5
682,cross/aligned/l0.2,adwin,0,0
682,cross/aligned/l0.2,mcusum,0,1
682,cross/aligned/l0.2,sketch1,0,0
683,cross/aligned/l0.4,always_multiD,1,11
683,cross/aligned/l0.4,union4_bonf,1,11
683,cross/aligned/l0.4,dci_v3,1,11
683,cross/aligned/l0.4,dci_v3_a8,1,11
683,cross/aligned/l0.4,best_axis_oracle,1,11
683,cross/aligned/l0.4,every_k2,1,5
683,cross/aligned/l0.4,adwin,0,0
683,cross/aligned/l0.4,mcusum,1,2
683,cross/aligned/l0.4,sketch1,0,0
684,cross/aligned/l1,always_multiD,1,11
684,cross/aligned/l1,union4_bonf,1,11
684,cross/aligned/l1,dci_v3,1,11
684,cross/aligned/l1,dci_v3_a8,1,11
684,cross/aligned/l1,best_axis_oracle,1,11
684,cross/aligned/l1,every_k2,1,5
684,cross/aligned/l1,adwin,0,0
684,cross/aligned/l1,mcusum,1,5
684,cross/aligned/l1,sketch1,0,0
685,cross/aligned/l0.05,always_multiD,1,16
685,cross/aligned/l0.05,union4_bonf,1,16
685,cross/aligned/l0.05,dci_v3,1,16
685,cross/aligned/l0.05,dci_v3_a8,1,16
685,cross/aligned/l0.05,best_axis_oracle,1,15
685,cross/aligned/l0.05,every_k2,0,9
685,cross/aligned/l0.05,adwin,0,0
685,cross/aligned/l0.05,mcusum,1,14
685,cross/aligned/l0.05,sketch1,0,5
686,cross/aligned/l0.1,always_multiD,1,16
686,cross/aligned/l0.1,union4_bonf,1,16
686,cross/aligned/l0.1,dci_v3,1,16
686,cross/aligned/l0.1,dci_v3_a8,1,16
686,cross/aligned/l0.1,best_axis_oracle,1,15
686,cross/aligned/l0.1,every_k2,1,7
686,cross/aligned/l0.1,adwin,0,0
686,cross/aligned/l0.1,mcusum,1,14
686,cross/aligned/l0.1,sketch1,0,5
687,cross/aligned/l0.2,always_multiD,1,16
687,cross/aligned/l0.2,union4_bonf,1,16
687,cross/aligned/l0.2,dci_v3,1,16
687,cross/aligned/l0.2,dci_v3_a8,1,16
687,cross/aligned/l0.2,best_axis_oracle,1,15
687,cross/aligned/l0.2,every_k2,0,9
687,cross/aligned/l0.2,adwin,0,0
687,cross/aligned/l0.2,mcusum,1,14
687,cross/aligned/l0.2,sketch1,0,5
688,cross/aligned/l0.4,always_multiD,1,16
688,cross/aligned/l0.4,union4_bonf,1,16
688,cross/aligned/l0.4,dci_v3,1,16
688,cross/aligned/l0.4,dci_v3_a8,1,16
688,cross/aligned/l0.4,best_axis_oracle,1,15
688,cross/aligned/l0.4,every_k2,1,7
688,cross/aligned/l0.4,adwin,0,0
688,cross/aligned/l0.4,mcusum,1,14
688,cross/aligned/l0.4,sketch1,0,5
689,cross/aligned/l1,always_multiD,1,16
689,cross/aligned/l1,union4_bonf,1,16
689,cross/aligned/l1,dci_v3,1,16
689,cross/aligned/l1,dci_v3_a8,1,16
689,cross/aligned/l1,best_axis_oracle,1,2
689,cross/aligned/l1,every_k2,1,7
689,cross/aligned/l1,adwin,0,0
689,cross/aligned/l1,mcusum,1,6
689,cross/aligned/l1,sketch1,1,5
690,cross/aligned/l0.05,always_multiD,1,15
690,cross/aligned/l0.05,union4_bonf,1,15
690,cross/aligned/l0.05,dci_v3,1,15
690,cross/aligned/l0.05,dci_v3_a8,1,15
690,cross/aligned/l0.05,best_axis_oracle,1,6
690,cross/aligned/l0.05,every_k2,0,8
690,cross/aligned/l0.05,adwin,0,0
690,cross/aligned/l0.05,mcusum,1,8
690,cross/aligned/l0.05,sketch1,1,6
691,cross/aligned/l0.1,always_multiD,1,15
691,cross/aligned/l0.1,union4_bonf,1,15
691,cross/aligned/l0.1,dci_v3,1,15
691,cross/aligned/l0.1,dci_v3_a8,1,15
691,cross/aligned/l0.1,best_axis_oracle,1,6
691,cross/aligned/l0.1,every_k2,0,8
691,cross/aligned/l0.1,adwin,0,0
691,cross/aligned/l0.1,mcusum,1,10
691,cross/aligned/l0.1,sketch1,1,6
692,cross/aligned/l0.2,always_multiD,1,15
692,cross/aligned/l0.2,union4_bonf,1,15
692,cross/aligned/l0.2,dci_v3,1,15
692,cross/aligned/l0.2,dci_v3_a8,1,15
692,cross/aligned/l0.2,best_axis_oracle,1,6
692,cross/aligned/l0.2,every_k2,1,7
692,cross/aligned/l0.2,adwin,0,0
692,cross/aligned/l0.2,mcusum,1,15
692,cross/aligned/l0.2,sketch1,1,6
693,cross/aligned/l0.4,always_multiD,1,15
693,cross/aligned/l0.4,union4_bonf,1,15
693,cross/aligned/l0.4,dci_v3,1,15
693,cross/aligned/l0.4,dci_v3_a8,1,15
693,cross/aligned/l0.4,best_axis_oracle,1,11
693,cross/aligned/l0.4,every_k2,0,8
693,cross/aligned/l0.4,adwin,0,0
693,cross/aligned/l0.4,mcusum,1,15
693,cross/aligned/l0.4,sketch1,1,6
694,cross/aligned/l1,always_multiD,1,15
694,cross/aligned/l1,union4_bonf,1,15
694,cross/aligned/l1,dci_v3,1,15
694,cross/aligned/l1,dci_v3_a8,1,15
694,cross/aligned/l1,best_axis_oracle,1,4
694,cross/aligned/l1,every_k2,1,7
694,cross/aligned/l1,adwin,0,0
694,cross/aligned/l1,mcusum,1,15
694,cross/aligned/l1,sketch1,1,4
695,cross/aligned/l0.05,always_multiD,0,0
695,cross/aligned/l0.05,union4_bonf,0,0
695,cross/aligned/l0.05,dci_v3,0,0
695,cross/aligned/l0.05,dci_v3_a8,0,0
695,cross/aligned/l0.05,best_axis_oracle,0,0
695,cross/aligned/l0.05,every_k2,0,0
695,cross/aligned/l0.05,adwin,0,0
695,cross/aligned/l0.05,mcusum,0,0
695,cross/aligned/l0.05,sketch1,0,0
696,cross/aligned/l0.1,always_multiD,1,1
696,cross/aligned/l0.1,union4_bonf,1,1
696,cross/aligned/l0.1,dci_v3,1,1
696,cross/aligned/l0.1,dci_v3_a8,1,1
696,cross/aligned/l0.1,best_axis_oracle,1,1
696,cross/aligned/l0.1,every_k2,1,1
696,cross/aligned/l0.1,adwin,0,0
696,cross/aligned/l0.1,mcusum,0,0
696,cross/aligned/l0.1,sketch1,0,0
697,cross/aligned/l0.2,always_multiD,1,2
697,cross/aligned/l0.2,union4_bonf,1,5
697,cross/aligned/l0.2,dci_v3,1,5
697,cross/aligned/l0.2,dci_v3_a8,1,5
697,cross/aligned/l0.2,best_axis_oracle,1,6
697,cross/aligned/l0.2,every_k2,1,1
697,cross/aligned/l0.2,adwin,0,0
697,cross/aligned/l0.2,mcusum,1,1
697,cross/aligned/l0.2,sketch1,0,0
698,cross/aligned/l0.4,always_multiD,1,8
698,cross/aligned/l0.4,union4_bonf,1,8
698,cross/aligned/l0.4,dci_v3,1,8
698,cross/aligned/l0.4,dci_v3_a8,1,8
698,cross/aligned/l0.4,best_axis_oracle,1,0
698,cross/aligned/l0.4,every_k2,0,4
698,cross/aligned/l0.4,adwin,0,0
698,cross/aligned/l0.4,mcusum,1,4
698,cross/aligned/l0.4,sketch1,1,0
699,cross/aligned/l1,always_multiD,1,10
699,cross/aligned/l1,union4_bonf,1,11
699,cross/aligned/l1,dci_v3,1,11
699,cross/aligned/l1,dci_v3_a8,1,11
699,cross/aligned/l1,best_axis_oracle,1,6
699,cross/aligned/l1,every_k2,0,5
699,cross/aligned/l1,adwin,0,0
699,cross/aligned/l1,mcusum,1,8
699,cross/aligned/l1,sketch1,1,6
700,cross/aligned/l0.05,always_multiD,1,13
700,cross/aligned/l0.05,union4_bonf,1,14
700,cross/aligned/l0.05,dci_v3,1,14
700,cross/aligned/l0.05,dci_v3_a8,1,13
700,cross/aligned/l0.05,best_axis_oracle,1,11
700,cross/aligned/l0.05,every_k2,0,7
700,cross/aligned/l0.05,adwin,0,0
700,cross/aligned/l0.05,mcusum,1,6
700,cross/aligned/l0.05,sketch1,1,8
701,cross/aligned/l0.1,always_multiD,1,13
701,cross/aligned/l0.1,union4_bonf,1,14
701,cross/aligned/l0.1,dci_v3,1,14
701,cross/aligned/l0.1,dci_v3_a8,1,13
701,cross/aligned/l0.1,best_axis_oracle,1,4
701,cross/aligned/l0.1,every_k2,0,7
701,cross/aligned/l0.1,adwin,0,0
701,cross/aligned/l0.1,mcusum,1,6
701,cross/aligned/l0.1,sketch1,0,10
702,cross/aligned/l0.2,always_multiD,1,13
702,cross/aligned/l0.2,union4_bonf,1,14
702,cross/aligned/l0.2,dci_v3,1,14
702,cross/aligned/l0.2,dci_v3_a8,1,13
702,cross/aligned/l0.2,best_axis_oracle,1,11
702,cross/aligned/l0.2,every_k2,0,7
702,cross/aligned/l0.2,adwin,0,0
702,cross/aligned/l0.2,mcusum,1,11
702,cross/aligned/l0.2,sketch1,0,3
703,cross/aligned/l0.4,always_multiD,1,13
703,cross/aligned/l0.4,union4_bonf,1,14
703,cross/aligned/l0.4,dci_v3,1,14
703,cross/aligned/l0.4,dci_v3_a8,1,14
703,cross/aligned/l0.4,best_axis_oracle,1,11
703,cross/aligned/l0.4,every_k2,0,7
703,cross/aligned/l0.4,adwin,0,0
703,cross/aligned/l0.4,mcusum,1,11
703,cross/aligned/l0.4,sketch1,1,11
704,cross/aligned/l1,always_multiD,1,13
704,cross/aligned/l1,union4_bonf,1,14
704,cross/aligned/l1,dci_v3,1,14
704,cross/aligned/l1,dci_v3_a8,1,13
704,cross/aligned/l1,best_axis_oracle,1,11
704,cross/aligned/l1,every_k2,0,7
704,cross/aligned/l1,adwin,0,0
704,cross/aligned/l1,mcusum,1,11
704,cross/aligned/l1,sketch1,1,14
705,cross/aligned/l0.05,always_multiD,1,11
705,cross/aligned/l0.05,union4_bonf,1,11
705,cross/aligned/l0.05,dci_v3,1,11
705,cross/aligned/l0.05,dci_v3_a8,1,11
705,cross/aligned/l0.05,best_axis_oracle,1,11
705,cross/aligned/l0.05,every_k2,1,5
705,cross/aligned/l0.05,adwin,0,0
705,cross/aligned/l0.05,mcusum,1,11
705,cross/aligned/l0.05,sketch1,1,11
706,cross/aligned/l0.1,always_multiD,1,11
706,cross/aligned/l0.1,union4_bonf,1,11
706,cross/aligned/l0.1,dci_v3,1,11
706,cross/aligned/l0.1,dci_v3_a8,1,11
706,cross/aligned/l0.1,best_axis_oracle,1,11
706,cross/aligned/l0.1,every_k2,1,5
706,cross/aligned/l0.1,adwin,0,0
706,cross/aligned/l0.1,mcusum,1,11
706,cross/aligned/l0.1,sketch1,1,11
707,cross/aligned/l0.2,always_multiD,1,11
707,cross/aligned/l0.2,union4_bonf,1,11
707,cross/aligned/l0.2,dci_v3,1,11
707,cross/aligned/l0.2,dci_v3_a8,1,11
707,cross/aligned/l0.2,best_axis_oracle,1,11
707,cross/aligned/l0.2,every_k2,0,6
707,cross/aligned/l0.2,adwin,0,0
707,cross/aligned/l0.2,mcusum,1,11
707,cross/aligned/l0.2,sketch1,1,11
708,cross/aligned/l0.4,always_multiD,1,11
708,cross/aligned/l0.4,union4_bonf,1,11
708,cross/aligned/l0.4,dci_v3,1,11
708,cross/aligned/l0.4,dci_v3_a8,1,11
708,cross/aligned/l0.4,best_axis_oracle,1,2
708,cross/aligned/l0.4,every_k2,0,6
708,cross/aligned/l0.4,adwin,0,0
708,cross/aligned/l0.4,mcusum,1,11
708,cross/aligned/l0.4,sketch1,1,11
709,cross/aligned/l1,always_multiD,1,11
709,cross/aligned/l1,union4_bonf,1,11
709,cross/aligned/l1,dci_v3,1,11
709,cross/aligned/l1,dci_v3_a8,1,11
709,cross/aligned/l1,best_axis_oracle,1,9
709,cross/aligned/l1,every_k2,0,6
709,cross/aligned/l1,adwin,0,0
709,cross/aligned/l1,mcusum,1,11
709,cross/aligned/l1,sketch1,1,11
710,cross/aligned/l0.05,always_multiD,1,12
710,cross/aligned/l0.05,union4_bonf,1,12
710,cross/aligned/l0.05,dci_v3,1,12
710,cross/aligned/l0.05,dci_v3_a8,1,12
710,cross/aligned/l0.05,best_axis_oracle,1,11
710,cross/aligned/l0.05,every_k2,0,7
710,cross/aligned/l0.05,adwin,0,0
710,cross/aligned/l0.05,mcusum,1,11
710,cross/aligned/l0.05,sketch1,1,11
711,cross/aligned/l0.1,always_multiD,1,12
711,cross/aligned/l0.1,union4_bonf,1,12
711,cross/aligned/l0.1,dci_v3,1,12
711,cross/aligned/l0.1,dci_v3_a8,1,12
711,cross/aligned/l0.1,best_axis_oracle,1,11
711,cross/aligned/l0.1,every_k2,1,5
711,cross/aligned/l0.1,adwin,0,0
711,cross/aligned/l0.1,mcusum,1,11
711,cross/aligned/l0.1,sketch1,1,11
712,cross/aligned/l0.2,always_multiD,1,12
712,cross/aligned/l0.2,union4_bonf,1,12
712,cross/aligned/l0.2,dci_v3,1,12
712,cross/aligned/l0.2,dci_v3_a8,1,12
712,cross/aligned/l0.2,best_axis_oracle,1,11
712,cross/aligned/l0.2,every_k2,0,7
712,cross/aligned/l0.2,adwin,0,0
712,cross/aligned/l0.2,mcusum,1,11
712,cross/aligned/l0.2,sketch1,1,11
713,cross/aligned/l0.4,always_multiD,1,12
713,cross/aligned/l0.4,union4_bonf,1,12
713,cross/aligned/l0.4,dci_v3,1,12
713,cross/aligned/l0.4,dci_v3_a8,1,12
713,cross/aligned/l0.4,best_axis_oracle,1,1
713,cross/aligned/l0.4,every_k2,1,5
713,cross/aligned/l0.4,adwin,0,0
713,cross/aligned/l0.4,mcusum,1,11
713,cross/aligned/l0.4,sketch1,1,11
714,cross/aligned/l1,always_multiD,1,12
714,cross/aligned/l1,union4_bonf,1,12
714,cross/aligned/l1,dci_v3,1,12
714,cross/aligned/l1,dci_v3_a8,1,12
714,cross/aligned/l1,best_axis_oracle,1,1
714,cross/aligned/l1,every_k2,1,5
714,cross/aligned/l1,adwin,0,0
714,cross/aligned/l1,mcusum,1,11
714,cross/aligned/l1,sketch1,1,11
715,cross/aligned/l0.05,always_multiD,0,3
715,cross/aligned/l0.05,union4_bonf,0,2
715,cross/aligned/l0.05,dci_v3,0,2
715,cross/aligned/l0.05,dci_v3_a8,0,3
715,cross/aligned/l0.05,best_axis_oracle,0,0
715,cross/aligned/l0.05,every_k2,0,1
715,cross/aligned/l0.05,adwin,0,0
715,cross/aligned/l0.05,mcusum,0,0
715,cross/aligned/l0.05,sketch1,0,1
716,cross/aligned/l0.1,always_multiD,1,9
716,cross/aligned/l0.1,union4_bonf,1,8
716,cross/aligned/l0.1,dci_v3,1,8
716,cross/aligned/l0.1,dci_v3_a8,1,8
716,cross/aligned/l0.1,best_axis_oracle,1,5
716,cross/aligned/l0.1,every_k2,0,5
716,cross/aligned/l0.1,adwin,0,0
716,cross/aligned/l0.1,mcusum,0,1
716,cross/aligned/l0.1,sketch1,0,5
717,cross/aligned/l0.2,always_multiD,1,11
717,cross/aligned/l0.2,union4_bonf,1,11
717,cross/aligned/l0.2,dci_v3,1,11
717,cross/aligned/l0.2,dci_v3_a8,1,11
717,cross/aligned/l0.2,best_axis_oracle,1,11
717,cross/aligned/l0.2,every_k2,1,5
717,cross/aligned/l0.2,adwin,0,0
717,cross/aligned/l0.2,mcusum,1,3
717,cross/aligned/l0.2,sketch1,0,9
718,cross/aligned/l0.4,always_multiD,1,11
718,cross/aligned/l0.4,union4_bonf,1,11
718,cross/aligned/l0.4,dci_v3,1,11
718,cross/aligned/l0.4,dci_v3_a8,1,11
718,cross/aligned/l0.4,best_axis_oracle,1,11
718,cross/aligned/l0.4,every_k2,1,5
718,cross/aligned/l0.4,adwin,0,0
718,cross/aligned/l0.4,mcusum,1,5
718,cross/aligned/l0.4,sketch1,0,10
719,cross/aligned/l1,always_multiD,1,11
719,cross/aligned/l1,union4_bonf,1,11
719,cross/aligned/l1,dci_v3,1,11
719,cross/aligned/l1,dci_v3_a8,1,11
719,cross/aligned/l1,best_axis_oracle,1,1
719,cross/aligned/l1,every_k2,1,5
719,cross/aligned/l1,adwin,0,0
719,cross/aligned/l1,mcusum,1,6
719,cross/aligned/l1,sketch1,1,11
720,cross/aligned/l0.05,always_multiD,0,2
720,cross/aligned/l0.05,union4_bonf,0,2
720,cross/aligned/l0.05,dci_v3,0,2
720,cross/aligned/l0.05,dci_v3_a8,0,2
720,cross/aligned/l0.05,best_axis_oracle,0,0
720,cross/aligned/l0.05,every_k2,0,1
720,cross/aligned/l0.05,adwin,0,0
720,cross/aligned/l0.05,mcusum,0,0
720,cross/aligned/l0.05,sketch1,0,4
721,cross/aligned/l0.1,always_multiD,0,2
721,cross/aligned/l0.1,union4_bonf,0,2
721,cross/aligned/l0.1,dci_v3,0,2
721,cross/aligned/l0.1,dci_v3_a8,0,2
721,cross/aligned/l0.1,best_axis_oracle,0,0
721,cross/aligned/l0.1,every_k2,0,1
721,cross/aligned/l0.1,adwin,0,0
721,cross/aligned/l0.1,mcusum,0,0
721,cross/aligned/l0.1,sketch1,0,3
722,cross/aligned/l0.2,always_multiD,0,2
722,cross/aligned/l0.2,union4_bonf,0,4
722,cross/aligned/l0.2,dci_v3,0,4
722,cross/aligned/l0.2,dci_v3_a8,0,3
722,cross/aligned/l0.2,best_axis_oracle,0,0
722,cross/aligned/l0.2,every_k2,0,1
722,cross/aligned/l0.2,adwin,0,0
722,cross/aligned/l0.2,mcusum,0,0
722,cross/aligned/l0.2,sketch1,0,5
723,cross/aligned/l0.4,always_multiD,0,5
723,cross/aligned/l0.4,union4_bonf,0,5
723,cross/aligned/l0.4,dci_v3,0,5
723,cross/aligned/l0.4,dci_v3_a8,0,6
723,cross/aligned/l0.4,best_axis_oracle,0,0
723,cross/aligned/l0.4,every_k2,0,3
723,cross/aligned/l0.4,adwin,0,0
723,cross/aligned/l0.4,mcusum,0,0
723,cross/aligned/l0.4,sketch1,0,7
724,cross/aligned/l1,always_multiD,1,12
724,cross/aligned/l1,union4_bonf,1,11
724,cross/aligned/l1,dci_v3,1,12
724,cross/aligned/l1,dci_v3_a8,1,12
724,cross/aligned/l1,best_axis_oracle,1,4
724,cross/aligned/l1,every_k2,1,5
724,cross/aligned/l1,adwin,0,0
724,cross/aligned/l1,mcusum,0,4
724,cross/aligned/l1,sketch1,1,13
725,cross/aligned/l0.05,always_multiD,0,2
725,cross/aligned/l0.05,union4_bonf,0,2
725,cross/aligned/l0.05,dci_v3,0,2
725,cross/aligned/l0.05,dci_v3_a8,0,2
725,cross/aligned/l0.05,best_axis_oracle,0,0
725,cross/aligned/l0.05,every_k2,0,1
725,cross/aligned/l0.05,adwin,0,0
725,cross/aligned/l0.05,mcusum,0,0
725,cross/aligned/l0.05,sketch1,0,2
726,cross/aligned/l0.1,always_multiD,0,2
726,cross/aligned/l0.1,union4_bonf,0,2
726,cross/aligned/l0.1,dci_v3,0,2
726,cross/aligned/l0.1,dci_v3_a8,0,2
726,cross/aligned/l0.1,best_axis_oracle,0,0
726,cross/aligned/l0.1,every_k2,0,1
726,cross/aligned/l0.1,adwin,0,0
726,cross/aligned/l0.1,mcusum,0,0
726,cross/aligned/l0.1,sketch1,0,2
727,cross/aligned/l0.2,always_multiD,0,2
727,cross/aligned/l0.2,union4_bonf,0,2
727,cross/aligned/l0.2,dci_v3,0,2
727,cross/aligned/l0.2,dci_v3_a8,0,2
727,cross/aligned/l0.2,best_axis_oracle,0,0
727,cross/aligned/l0.2,every_k2,0,1
727,cross/aligned/l0.2,adwin,0,0
727,cross/aligned/l0.2,mcusum,0,0
727,cross/aligned/l0.2,sketch1,0,2
728,cross/aligned/l0.4,always_multiD,0,3
728,cross/aligned/l0.4,union4_bonf,0,2
728,cross/aligned/l0.4,dci_v3,0,2
728,cross/aligned/l0.4,dci_v3_a8,0,2
728,cross/aligned/l0.4,best_axis_oracle,1,0
728,cross/aligned/l0.4,every_k2,0,2
728,cross/aligned/l0.4,adwin,0,0
728,cross/aligned/l0.4,mcusum,0,0
728,cross/aligned/l0.4,sketch1,0,4
729,cross/aligned/l1,always_multiD,1,8
729,cross/aligned/l1,union4_bonf,1,8
729,cross/aligned/l1,dci_v3,1,8
729,cross/aligned/l1,dci_v3_a8,1,8
729,cross/aligned/l1,best_axis_oracle,1,0
729,cross/aligned/l1,every_k2,1,3
729,cross/aligned/l1,adwin,0,0
729,cross/aligned/l1,mcusum,0,3
729,cross/aligned/l1,sketch1,1,9
730,cross/aligned/l0.05,always_multiD,0,2
730,cross/aligned/l0.05,union4_bonf,0,2
730,cross/aligned/l0.05,dci_v3,0,2
730,cross/aligned/l0.05,dci_v3_a8,0,2
730,cross/aligned/l0.05,best_axis_oracle,0,0
730,cross/aligned/l0.05,every_k2,0,1
730,cross/aligned/l0.05,adwin,0,0
730,cross/aligned/l0.05,mcusum,0,0
730,cross/aligned/l0.05,sketch1,0,2
731,cross/aligned/l0.1,always_multiD,0,2
731,cross/aligned/l0.1,union4_bonf,0,2
731,cross/aligned/l0.1,dci_v3,0,2
731,cross/aligned/l0.1,dci_v3_a8,0,2
731,cross/aligned/l0.1,best_axis_oracle,0,0
731,cross/aligned/l0.1,every_k2,0,1
731,cross/aligned/l0.1,adwin,0,0
731,cross/aligned/l0.1,mcusum,0,0
731,cross/aligned/l0.1,sketch1,0,2
732,cross/aligned/l0.2,always_multiD,0,1
732,cross/aligned/l0.2,union4_bonf,0,1
732,cross/aligned/l0.2,dci_v3,0,1
732,cross/aligned/l0.2,dci_v3_a8,0,1
732,cross/aligned/l0.2,best_axis_oracle,0,0
732,cross/aligned/l0.2,every_k2,0,0
732,cross/aligned/l0.2,adwin,0,0
732,cross/aligned/l0.2,mcusum,0,0
732,cross/aligned/l0.2,sketch1,0,2
733,cross/aligned/l0.4,always_multiD,0,2
733,cross/aligned/l0.4,union4_bonf,0,1
733,cross/aligned/l0.4,dci_v3,0,1
733,cross/aligned/l0.4,dci_v3_a8,0,2
733,cross/aligned/l0.4,best_axis_oracle,0,0
733,cross/aligned/l0.4,every_k2,0,1
733,cross/aligned/l0.4,adwin,0,0
733,cross/aligned/l0.4,mcusum,0,0
733,cross/aligned/l0.4,sketch1,0,2
734,cross/aligned/l1,always_multiD,1,11
734,cross/aligned/l1,union4_bonf,1,11
734,cross/aligned/l1,dci_v3,1,11
734,cross/aligned/l1,dci_v3_a8,1,11
734,cross/aligned/l1,best_axis_oracle,1,0
734,cross/aligned/l1,every_k2,0,6
734,cross/aligned/l1,adwin,0,0
734,cross/aligned/l1,mcusum,0,9
734,cross/aligned/l1,sketch1,1,11
735,cross/aligned/l0.05,always_multiD,0,0
735,cross/aligned/l0.05,union4_bonf,0,2
735,cross/aligned/l0.05,dci_v3,0,2
735,cross/aligned/l0.05,dci_v3_a8,0,2
735,cross/aligned/l0.05,best_axis_oracle,0,0
735,cross/aligned/l0.05,every_k2,0,0
735,cross/aligned/l0.05,adwin,0,0
735,cross/aligned/l0.05,mcusum,0,0
735,cross/aligned/l0.05,sketch1,0,0
736,cross/aligned/l0.1,always_multiD,1,2
736,cross/aligned/l0.1,union4_bonf,1,2
736,cross/aligned/l0.1,dci_v3,1,2
736,cross/aligned/l0.1,dci_v3_a8,1,2
736,cross/aligned/l0.1,best_axis_oracle,1,2
736,cross/aligned/l0.1,every_k2,1,1
736,cross/aligned/l0.1,adwin,0,0
736,cross/aligned/l0.1,mcusum,0,0
736,cross/aligned/l0.1,sketch1,0,0
737,cross/aligned/l0.2,always_multiD,1,11
737,cross/aligned/l0.2,union4_bonf,1,9
737,cross/aligned/l0.2,dci_v3,1,9
737,cross/aligned/l0.2,dci_v3_a8,1,9
737,cross/aligned/l0.2,best_axis_oracle,1,11
737,cross/aligned/l0.2,every_k2,1,5
737,cross/aligned/l0.2,adwin,0,0
737,cross/aligned/l0.2,mcusum,0,1
737,cross/aligned/l0.2,sketch1,0,0
738,cross/aligned/l0.4,always_multiD,1,11
738,cross/aligned/l0.4,union4_bonf,1,11
738,cross/aligned/l0.4,dci_v3,1,11
738,cross/aligned/l0.4,dci_v3_a8,1,11
738,cross/aligned/l0.4,best_axis_oracle,1,11
738,cross/aligned/l0.4,every_k2,0,6
738,cross/aligned/l0.4,adwin,0,0
738,cross/aligned/l0.4,mcusum,1,3
738,cross/aligned/l0.4,sketch1,0,0
739,cross/aligned/l1,always_multiD,1,11
739,cross/aligned/l1,union4_bonf,1,11
739,cross/aligned/l1,dci_v3,1,11
739,cross/aligned/l1,dci_v3_a8,1,11
739,cross/aligned/l1,best_axis_oracle,1,11
739,cross/aligned/l1,every_k2,0,6
739,cross/aligned/l1,adwin,0,0
739,cross/aligned/l1,mcusum,1,11
739,cross/aligned/l1,sketch1,0,0
740,cross/aligned/l0.05,always_multiD,1,2
740,cross/aligned/l0.05,union4_bonf,1,0
740,cross/aligned/l0.05,dci_v3,1,0
740,cross/aligned/l0.05,dci_v3_a8,1,0
740,cross/aligned/l0.05,best_axis_oracle,1,0
740,cross/aligned/l0.05,every_k2,1,1
740,cross/aligned/l0.05,adwin,0,0
740,cross/aligned/l0.05,mcusum,0,1
740,cross/aligned/l0.05,sketch1,0,0
741,cross/aligned/l0.1,always_multiD,1,9
741,cross/aligned/l0.1,union4_bonf,1,7
741,cross/aligned/l0.1,dci_v3,1,7
741,cross/aligned/l0.1,dci_v3_a8,1,7
741,cross/aligned/l0.1,best_axis_oracle,1,7
741,cross/aligned/l0.1,every_k2,1,4
741,cross/aligned/l0.1,adwin,0,0
741,cross/aligned/l0.1,mcusum,1,3
741,cross/aligned/l0.1,sketch1,0,0
742,cross/aligned/l0.2,always_multiD,1,11
742,cross/aligned/l0.2,union4_bonf,1,11
742,cross/aligned/l0.2,dci_v3,1,11
742,cross/aligned/l0.2,dci_v3_a8,1,11
742,cross/aligned/l0.2,best_axis_oracle,1,10
742,cross/aligned/l0.2,every_k2,1,5
742,cross/aligned/l0.2,adwin,0,0
742,cross/aligned/l0.2,mcusum,1,9
742,cross/aligned/l0.2,sketch1,1,7
743,cross/aligned/l0.4,always_multiD,1,11
743,cross/aligned/l0.4,union4_bonf,1,11
743,cross/aligned/l0.4,dci_v3,1,11
743,cross/aligned/l0.4,dci_v3_a8,1,11
743,cross/aligned/l0.4,best_axis_oracle,1,11
743,cross/aligned/l0.4,every_k2,1,5
743,cross/aligned/l0.4,adwin,0,0
743,cross/aligned/l0.4,mcusum,1,11
743,cross/aligned/l0.4,sketch1,1,11
744,cross/aligned/l1,always_multiD,1,11
744,cross/aligned/l1,union4_bonf,1,11
744,cross/aligned/l1,dci_v3,1,11
744,cross/aligned/l1,dci_v3_a8,1,11
744,cross/aligned/l1,best_axis_oracle,1,11
744,cross/aligned/l1,every_k2,0,6
744,cross/aligned/l1,adwin,0,0
744,cross/aligned/l1,mcusum,1,11
744,cross/aligned/l1,sketch1,1,11
745,cross/aligned/l0.05,always_multiD,1,3
745,cross/aligned/l0.05,union4_bonf,1,1
745,cross/aligned/l0.05,dci_v3,1,1
745,cross/aligned/l0.05,dci_v3_a8,1,1
745,cross/aligned/l0.05,best_axis_oracle,1,1
745,cross/aligned/l0.05,every_k2,1,1
745,cross/aligned/l0.05,adwin,0,0
745,cross/aligned/l0.05,mcusum,0,0
745,cross/aligned/l0.05,sketch1,0,1
746,cross/aligned/l0.1,always_multiD,1,3
746,cross/aligned/l0.1,union4_bonf,1,0
746,cross/aligned/l0.1,dci_v3,1,0
746,cross/aligned/l0.1,dci_v3_a8,1,0
746,cross/aligned/l0.1,best_axis_oracle,1,1
746,cross/aligned/l0.1,every_k2,1,1
746,cross/aligned/l0.1,adwin,0,0
746,cross/aligned/l0.1,mcusum,0,0
746,cross/aligned/l0.1,sketch1,0,1
747,cross/aligned/l0.2,always_multiD,1,3
747,cross/aligned/l0.2,union4_bonf,1,0
747,cross/aligned/l0.2,dci_v3,1,0
747,cross/aligned/l0.2,dci_v3_a8,1,0
747,cross/aligned/l0.2,best_axis_oracle,1,1
747,cross/aligned/l0.2,every_k2,0,2
747,cross/aligned/l0.2,adwin,0,0
747,cross/aligned/l0.2,mcusum,0,0
747,cross/aligned/l0.2,sketch1,0,1
748,cross/aligned/l0.4,always_multiD,1,0
748,cross/aligned/l0.4,union4_bonf,1,0
748,cross/aligned/l0.4,dci_v3,1,0
748,cross/aligned/l0.4,dci_v3_a8,1,0
748,cross/aligned/l0.4,best_axis_oracle,1,2
748,cross/aligned/l0.4,every_k2,0,0
748,cross/aligned/l0.4,adwin,0,0
748,cross/aligned/l0.4,mcusum,0,0
748,cross/aligned/l0.4,sketch1,0,1
749,cross/aligned/l1,always_multiD,1,6
749,cross/aligned/l1,union4_bonf,1,8
749,cross/aligned/l1,dci_v3,1,8
749,cross/aligned/l1,dci_v3_a8,1,8
749,cross/aligned/l1,best_axis_oracle,1,2
749,cross/aligned/l1,every_k2,0,3
749,cross/aligned/l1,adwin,0,0
749,cross/aligned/l1,mcusum,0,1
749,cross/aligned/l1,sketch1,0,1
750,cross/aligned/l0.05,always_multiD,1,1
750,cross/aligned/l0.05,union4_bonf,1,1
750,cross/aligned/l0.05,dci_v3,1,1
750,cross/aligned/l0.05,dci_v3_a8,1,1
750,cross/aligned/l0.05,best_axis_oracle,1,1
750,cross/aligned/l0.05,every_k2,1,1
750,cross/aligned/l0.05,adwin,0,0
750,cross/aligned/l0.05,mcusum,0,0
750,cross/aligned/l0.05,sketch1,0,1
751,cross/aligned/l0.1,always_multiD,1,1
751,cross/aligned/l0.1,union4_bonf,1,0
751,cross/aligned/l0.1,dci_v3,1,0
751,cross/aligned/l0.1,dci_v3_a8,1,0
751,cross/aligned/l0.1,best_axis_oracle,1,1
751,cross/aligned/l0.1,every_k2,0,0
751,cross/aligned/l0.1,adwin,0,0
751,cross/aligned/l0.1,mcusum,0,0
751,cross/aligned/l0.1,sketch1,0,1
752,cross/aligned/l0.2,always_multiD,1,0
752,cross/aligned/l0.2,union4_bonf,1,0
752,cross/aligned/l0.2,dci_v3,1,0
752,cross/aligned/l0.2,dci_v3_a8,1,0
752,cross/aligned/l0.2,best_axis_oracle,1,1
752,cross/aligned/l0.2,every_k2,0,0
752,cross/aligned/l0.2,adwin,0,0
752,cross/aligned/l0.2,mcusum,0,0
752,cross/aligned/l0.2,sketch1,0,1
753,cross/aligned/l0.4,always_multiD,1,0
753,cross/aligned/l0.4,union4_bonf,1,4
753,cross/aligned/l0.4,dci_v3,1,4
753,cross/aligned/l0.4,dci_v3_a8,1,3
753,cross/aligned/l0.4,best_axis_oracle,1,9
753,cross/aligned/l0.4,every_k2,0,0
753,cross/aligned/l0.4,adwin,0,0
753,cross/aligned/l0.4,mcusum,0,0
753,cross/aligned/l0.4,sketch1,0,1
754,cross/aligned/l1,always_multiD,1,11
754,cross/aligned/l1,union4_bonf,1,11
754,cross/aligned/l1,dci_v3,1,11
754,cross/aligned/l1,dci_v3_a8,1,11
754,cross/aligned/l1,best_axis_oracle,1,11
754,cross/aligned/l1,every_k2,1,5
754,cross/aligned/l1,adwin,0,0
754,cross/aligned/l1,mcusum,0,11
754,cross/aligned/l1,sketch1,1,12
755,cross/aligned/l0.05,always_multiD,1,0
755,cross/aligned/l0.05,union4_bonf,1,2
755,cross/aligned/l0.05,dci_v3,1,2
755,cross/aligned/l0.05,dci_v3_a8,1,2
755,cross/aligned/l0.05,best_axis_oracle,1,1
755,cross/aligned/l0.05,every_k2,1,0
755,cross/aligned/l0.05,adwin,0,0
755,cross/aligned/l0.05,mcusum,1,0
755,cross/aligned/l0.05,sketch1,0,0
756,cross/aligned/l0.1,always_multiD,1,0
756,cross/aligned/l0.1,union4_bonf,1,1
756,cross/aligned/l0.1,dci_v3,1,1
756,cross/aligned/l0.1,dci_v3_a8,1,0
756,cross/aligned/l0.1,best_axis_oracle,1,2
756,cross/aligned/l0.1,every_k2,0,0
756,cross/aligned/l0.1,adwin,0,0
756,cross/aligned/l0.1,mcusum,1,0
756,cross/aligned/l0.1,sketch1,0,0
757,cross/aligned/l0.2,always_multiD,1,5
757,cross/aligned/l0.2,union4_bonf,1,5
757,cross/aligned/l0.2,dci_v3,1,5
757,cross/aligned/l0.2,dci_v3_a8,1,5
757,cross/aligned/l0.2,best_axis_oracle,1,2
757,cross/aligned/l0.2,every_k2,0,4
757,cross/aligned/l0.2,adwin,0,0
757,cross/aligned/l0.2,mcusum,1,0
757,cross/aligned/l0.2,sketch1,0,1
758,cross/aligned/l0.4,always_multiD,1,3
758,cross/aligned/l0.4,union4_bonf,1,3
758,cross/aligned/l0.4,dci_v3,1,3
758,cross/aligned/l0.4,dci_v3_a8,1,3
758,cross/aligned/l0.4,best_axis_oracle,1,2
758,cross/aligned/l0.4,every_k2,1,1
758,cross/aligned/l0.4,adwin,0,0
758,cross/aligned/l0.4,mcusum,1,1
758,cross/aligned/l0.4,sketch1,0,0
759,cross/aligned/l1,always_multiD,1,11
759,cross/aligned/l1,union4_bonf,1,11
759,cross/aligned/l1,dci_v3,1,11
759,cross/aligned/l1,dci_v3_a8,1,11
759,cross/aligned/l1,best_axis_oracle,1,0
759,cross/aligned/l1,every_k2,0,6
759,cross/aligned/l1,adwin,0,0
759,cross/aligned/l1,mcusum,1,1
759,cross/aligned/l1,sketch1,1,9
760,cross/aligned/l0.05,always_multiD,1,9
760,cross/aligned/l0.05,union4_bonf,1,4
760,cross/aligned/l0.05,dci_v3,1,4
760,cross/aligned/l0.05,dci_v3_a8,1,4
760,cross/aligned/l0.05,best_axis_oracle,1,2
760,cross/aligned/l0.05,every_k2,1,4
760,cross/aligned/l0.05,adwin,0,0
760,cross/aligned/l0.05,mcusum,1,1
760,cross/aligned/l0.05,sketch1,0,0
761,cross/aligned/l0.1,always_multiD,1,10
761,cross/aligned/l0.1,union4_bonf,1,9
761,cross/aligned/l0.1,dci_v3,1,9
761,cross/aligned/l0.1,dci_v3_a8,1,9
761,cross/aligned/l0.1,best_axis_oracle,1,3
761,cross/aligned/l0.1,every_k2,0,6
761,cross/aligned/l0.1,adwin,0,0
761,cross/aligned/l0.1,mcusum,1,2
761,cross/aligned/l0.1,sketch1,0,0
762,cross/aligned/l0.2,always_multiD,1,10
762,cross/aligned/l0.2,union4_bonf,1,9
762,cross/aligned/l0.2,dci_v3,1,9
762,cross/aligned/l0.2,dci_v3_a8,1,9
762,cross/aligned/l0.2,best_axis_oracle,1,2
762,cross/aligned/l0.2,every_k2,1,4
762,cross/aligned/l0.2,adwin,0,0
762,cross/aligned/l0.2,mcusum,1,5
762,cross/aligned/l0.2,sketch1,0,0
763,cross/aligned/l0.4,always_multiD,1,11
763,cross/aligned/l0.4,union4_bonf,1,8
763,cross/aligned/l0.4,dci_v3,1,8
763,cross/aligned/l0.4,dci_v3_a8,1,8
763,cross/aligned/l0.4,best_axis_oracle,1,9
763,cross/aligned/l0.4,every_k2,0,6
763,cross/aligned/l0.4,adwin,0,0
763,cross/aligned/l0.4,mcusum,1,7
763,cross/aligned/l0.4,sketch1,1,2
764,cross/aligned/l1,always_multiD,1,11
764,cross/aligned/l1,union4_bonf,1,9
764,cross/aligned/l1,dci_v3,1,9
764,cross/aligned/l1,dci_v3_a8,1,9
764,cross/aligned/l1,best_axis_oracle,1,0
764,cross/aligned/l1,every_k2,1,5
764,cross/aligned/l1,adwin,0,0
764,cross/aligned/l1,mcusum,1,11
764,cross/aligned/l1,sketch1,1,11
765,cross/aligned/l0.05,always_multiD,0,4
765,cross/aligned/l0.05,union4_bonf,0,5
765,cross/aligned/l0.05,dci_v3,0,5
765,cross/aligned/l0.05,dci_v3_a8,0,5
765,cross/aligned/l0.05,best_axis_oracle,1,1
765,cross/aligned/l0.05,every_k2,0,2
765,cross/aligned/l0.05,adwin,0,0
765,cross/aligned/l0.05,mcusum,0,0
765,cross/aligned/l0.05,sketch1,0,4
766,cross/aligned/l0.1,always_multiD,0,4
766,cross/aligned/l0.1,union4_bonf,0,4
766,cross/aligned/l0.1,dci_v3,0,4
766,cross/aligned/l0.1,dci_v3_a8,0,4
766,cross/aligned/l0.1,best_axis_oracle,1,0
766,cross/aligned/l0.1,every_k2,0,2
766,cross/aligned/l0.1,adwin,0,0
766,cross/aligned/l0.1,mcusum,0,1
766,cross/aligned/l0.1,sketch1,0,4
767,cross/aligned/l0.2,always_multiD,0,4
767,cross/aligned/l0.2,union4_bonf,1,5
767,cross/aligned/l0.2,dci_v3,1,5
767,cross/aligned/l0.2,dci_v3_a8,1,5
767,cross/aligned/l0.2,best_axis_oracle,1,0
767,cross/aligned/l0.2,every_k2,0,2
767,cross/aligned/l0.2,adwin,0,0
767,cross/aligned/l0.2,mcusum,0,1
767,cross/aligned/l0.2,sketch1,0,4
768,cross/aligned/l0.4,always_multiD,0,4
768,cross/aligned/l0.4,union4_bonf,1,5
768,cross/aligned/l0.4,dci_v3,1,5
768,cross/aligned/l0.4,dci_v3_a8,0,5
768,cross/aligned/l0.4,best_axis_oracle,1,0
768,cross/aligned/l0.4,every_k2,0,2
768,cross/aligned/l0.4,adwin,0,0
768,cross/aligned/l0.4,mcusum,0,1
768,cross/aligned/l0.4,sketch1,0,5
769,cross/aligned/l1,always_multiD,1,13
769,cross/aligned/l1,union4_bonf,1,13
769,cross/aligned/l1,dci_v3,1,13
769,cross/aligned/l1,dci_v3_a8,1,13
769,cross/aligned/l1,best_axis_oracle,1,0
769,cross/aligned/l1,every_k2,1,6
769,cross/aligned/l1,adwin,0,0
769,cross/aligned/l1,mcusum,0,11
769,cross/aligned/l1,sketch1,1,13
770,cross/aligned/l0.05,always_multiD,0,0
770,cross/aligned/l0.05,union4_bonf,0,0
770,cross/aligned/l0.05,dci_v3,0,0
770,cross/aligned/l0.05,dci_v3_a8,0,0
770,cross/aligned/l0.05,best_axis_oracle,0,0
770,cross/aligned/l0.05,every_k2,0,0
770,cross/aligned/l0.05,adwin,0,0
770,cross/aligned/l0.05,mcusum,0,0
770,cross/aligned/l0.05,sketch1,0,0
771,cross/aligned/l0.1,always_multiD,0,0
771,cross/aligned/l0.1,union4_bonf,0,0
771,cross/aligned/l0.1,dci_v3,0,0
771,cross/aligned/l0.1,dci_v3_a8,0,0
771,cross/aligned/l0.1,best_axis_oracle,0,0
771,cross/aligned/l0.1,every_k2,0,0
771,cross/aligned/l0.1,adwin,0,0
771,cross/aligned/l0.1,mcusum,0,0
771,cross/aligned/l0.1,sketch1,0,0
772,cross/aligned/l0.2,always_multiD,1,0
772,cross/aligned/l0.2,union4_bonf,1,0
772,cross/aligned/l0.2,dci_v3,1,0
772,cross/aligned/l0.2,dci_v3_a8,1,0
772,cross/aligned/l0.2,best_axis_oracle,1,0
772,cross/aligned/l0.2,every_k2,1,0
772,cross/aligned/l0.2,adwin,0,0
772,cross/aligned/l0.2,mcusum,0,0
772,cross/aligned/l0.2,sketch1,0,0
773,cross/aligned/l0.4,always_multiD,1,0
773,cross/aligned/l0.4,union4_bonf,1,0
773,cross/aligned/l0.4,dci_v3,1,0
773,cross/aligned/l0.4,dci_v3_a8,1,0
773,cross/aligned/l0.4,best_axis_oracle,1,0
773,cross/aligned/l0.4,every_k2,0,0
773,cross/aligned/l0.4,adwin,0,0
773,cross/aligned/l0.4,mcusum,0,0
773,cross/aligned/l0.4,sketch1,0,0
774,cross/aligned/l1,always_multiD,1,11
774,cross/aligned/l1,union4_bonf,1,5
774,cross/aligned/l1,dci_v3,1,5
774,cross/aligned/l1,dci_v3_a8,1,6
774,cross/aligned/l1,best_axis_oracle,1,11
774,cross/aligned/l1,every_k2,1,5
774,cross/aligned/l1,adwin,0,0
774,cross/aligned/l1,mcusum,0,3
774,cross/aligned/l1,sketch1,1,10
775,cross/aligned/l0.05,always_multiD,1,11
775,cross/aligned/l0.05,union4_bonf,1,11
775,cross/aligned/l0.05,dci_v3,1,11
775,cross/aligned/l0.05,dci_v3_a8,1,11
775,cross/aligned/l0.05,best_axis_oracle,1,11
775,cross/aligned/l0.05,every_k2,0,6
775,cross/aligned/l0.05,adwin,0,0
775,cross/aligned/l0.05,mcusum,1,11
775,cross/aligned/l0.05,sketch1,1,11
776,cross/aligned/l0.1,always_multiD,1,11
776,cross/aligned/l0.1,union4_bonf,1,11
776,cross/aligned/l0.1,dci_v3,1,11
776,cross/aligned/l0.1,dci_v3_a8,1,11
776,cross/aligned/l0.1,best_axis_oracle,1,11
776,cross/aligned/l0.1,every_k2,1,5
776,cross/aligned/l0.1,adwin,0,0
776,cross/aligned/l0.1,mcusum,1,11
776,cross/aligned/l0.1,sketch1,1,11
777,cross/aligned/l0.2,always_multiD,1,11
777,cross/aligned/l0.2,union4_bonf,1,11
777,cross/aligned/l0.2,dci_v3,1,11
777,cross/aligned/l0.2,dci_v3_a8,1,11
777,cross/aligned/l0.2,best_axis_oracle,1,11
777,cross/aligned/l0.2,every_k2,1,5
777,cross/aligned/l0.2,adwin,0,0
777,cross/aligned/l0.2,mcusum,1,11
777,cross/aligned/l0.2,sketch1,1,11
778,cross/aligned/l0.4,always_multiD,1,11
778,cross/aligned/l0.4,union4_bonf,1,11
778,cross/aligned/l0.4,dci_v3,1,11
778,cross/aligned/l0.4,dci_v3_a8,1,11
778,cross/aligned/l0.4,best_axis_oracle,1,9
778,cross/aligned/l0.4,every_k2,0,6
778,cross/aligned/l0.4,adwin,0,0
778,cross/aligned/l0.4,mcusum,1,11
778,cross/aligned/l0.4,sketch1,1,11
779,cross/aligned/l1,always_multiD,1,11
779,cross/aligned/l1,union4_bonf,1,11
779,cross/aligned/l1,dci_v3,1,11
779,cross/aligned/l1,dci_v3_a8,1,11
779,cross/aligned/l1,best_axis_oracle,1,11
779,cross/aligned/l1,every_k2,0,6
779,cross/aligned/l1,adwin,0,0
779,cross/aligned/l1,mcusum,1,11
779,cross/aligned/l1,sketch1,1,11
780,cross/aligned/l0.05,always_multiD,1,1
780,cross/aligned/l0.05,union4_bonf,1,2
780,cross/aligned/l0.05,dci_v3,1,2
780,cross/aligned/l0.05,dci_v3_a8,1,2
780,cross/aligned/l0.05,best_axis_oracle,1,1
780,cross/aligned/l0.05,every_k2,1,1
780,cross/aligned/l0.05,adwin,0,0
780,cross/aligned/l0.05,mcusum,0,1
780,cross/aligned/l0.05,sketch1,0,2
781,cross/aligned/l0.1,always_multiD,1,3
781,cross/aligned/l0.1,union4_bonf,1,3
781,cross/aligned/l0.1,dci_v3,1,3
781,cross/aligned/l0.1,dci_v3_a8,1,3
781,cross/aligned/l0.1,best_axis_oracle,1,2
781,cross/aligned/l0.1,every_k2,0,1
781,cross/aligned/l0.1,adwin,0,0
781,cross/aligned/l0.1,mcusum,1,0
781,cross/aligned/l0.1,sketch1,0,4
782,cross/aligned/l0.2,always_multiD,1,5
782,cross/aligned/l0.2,union4_bonf,1,4
782,cross/aligned/l0.2,dci_v3,1,4
782,cross/aligned/l0.2,dci_v3_a8,1,4
782,cross/aligned/l0.2,best_axis_oracle,1,3
782,cross/aligned/l0.2,every_k2,1,2
782,cross/aligned/l0.2,adwin,0,0
782,cross/aligned/l0.2,mcusum,1,2
782,cross/aligned/l0.2,sketch1,0,4
783,cross/aligned/l0.4,always_multiD,1,9
783,cross/aligned/l0.4,union4_bonf,1,9
783,cross/aligned/l0.4,dci_v3,1,9
783,cross/aligned/l0.4,dci_v3_a8,1,9
783,cross/aligned/l0.4,best_axis_oracle,1,8
783,cross/aligned/l0.4,every_k2,1,5
783,cross/aligned/l0.4,adwin,0,0
783,cross/aligned/l0.4,mcusum,1,4
783,cross/aligned/l0.4,sketch1,1,7
784,cross/aligned/l1,always_multiD,1,11
784,cross/aligned/l1,union4_bonf,1,11
784,cross/aligned/l1,dci_v3,1,11
784,cross/aligned/l1,dci_v3_a8,1,11
784,cross/aligned/l1,best_axis_oracle,1,10
784,cross/aligned/l1,every_k2,1,5
784,cross/aligned/l1,adwin,0,0
784,cross/aligned/l1,mcusum,1,11
784,cross/aligned/l1,sketch1,1,11
785,cross/aligned/l0.05,always_multiD,0,2
785,cross/aligned/l0.05,union4_bonf,0,2
785,cross/aligned/l0.05,dci_v3,0,2
785,cross/aligned/l0.05,dci_v3_a8,0,2
785,cross/aligned/l0.05,best_axis_oracle,0,0
785,cross/aligned/l0.05,every_k2,0,0
785,cross/aligned/l0.05,adwin,0,0
785,cross/aligned/l0.05,mcusum,0,0
785,cross/aligned/l0.05,sketch1,0,1
786,cross/aligned/l0.1,always_multiD,0,2
786,cross/aligned/l0.1,union4_bonf,0,2
786,cross/aligned/l0.1,dci_v3,0,2
786,cross/aligned/l0.1,dci_v3_a8,0,2
786,cross/aligned/l0.1,best_axis_oracle,0,0
786,cross/aligned/l0.1,every_k2,0,0
786,cross/aligned/l0.1,adwin,0,0
786,cross/aligned/l0.1,mcusum,0,0
786,cross/aligned/l0.1,sketch1,0,1
787,cross/aligned/l0.2,always_multiD,0,2
787,cross/aligned/l0.2,union4_bonf,0,2
787,cross/aligned/l0.2,dci_v3,0,2
787,cross/aligned/l0.2,dci_v3_a8,0,2
787,cross/aligned/l0.2,best_axis_oracle,0,0
787,cross/aligned/l0.2,every_k2,0,0
787,cross/aligned/l0.2,adwin,0,0
787,cross/aligned/l0.2,mcusum,0,0
787,cross/aligned/l0.2,sketch1,0,1
788,cross/aligned/l0.4,always_multiD,0,2
788,cross/aligned/l0.4,union4_bonf,0,2
788,cross/aligned/l0.4,dci_v3,0,2
788,cross/aligned/l0.4,dci_v3_a8,0,2
788,cross/aligned/l0.4,best_axis_oracle,0,0
788,cross/aligned/l0.4,every_k2,0,0
788,cross/aligned/l0.4,adwin,0,0
788,cross/aligned/l0.4,mcusum,0,0
788,cross/aligned/l0.4,sketch1,0,1
789,cross/aligned/l1,always_multiD,1,2
789,cross/aligned/l1,union4_bonf,1,2
789,cross/aligned/l1,dci_v3,1,2
789,cross/aligned/l1,dci_v3_a8,1,2
789,cross/aligned/l1,best_axis_oracle,1,2
789,cross/aligned/l1,every_k2,1,2
789,cross/aligned/l1,adwin,0,0
789,cross/aligned/l1,mcusum,0,0
789,cross/aligned/l1,sketch1,0,1
790,cross/aligned/l0.05,always_multiD,0,0
790,cross/aligned/l0.05,union4_bonf,0,0
790,cross/aligned/l0.05,dci_v3,0,0
790,cross/aligned/l0.05,dci_v3_a8,0,0
790,cross/aligned/l0.05,best_axis_oracle,0,0
790,cross/aligned/l0.05,every_k2,0,0
790,cross/aligned/l0.05,adwin,0,0
790,cross/aligned/l0.05,mcusum,0,0
790,cross/aligned/l0.05,sketch1,0,0
791,cross/aligned/l0.1,always_multiD,0,1
791,cross/aligned/l0.1,union4_bonf,0,0
791,cross/aligned/l0.1,dci_v3,0,0
791,cross/aligned/l0.1,dci_v3_a8,0,1
791,cross/aligned/l0.1,best_axis_oracle,0,0
791,cross/aligned/l0.1,every_k2,0,1
791,cross/aligned/l0.1,adwin,0,0
791,cross/aligned/l0.1,mcusum,0,0
791,cross/aligned/l0.1,sketch1,0,2
792,cross/aligned/l0.2,always_multiD,0,0
792,cross/aligned/l0.2,union4_bonf,0,0
792,cross/aligned/l0.2,dci_v3,0,0
792,cross/aligned/l0.2,dci_v3_a8,0,0
792,cross/aligned/l0.2,best_axis_oracle,0,0
792,cross/aligned/l0.2,every_k2,0,0
792,cross/aligned/l0.2,adwin,0,0
792,cross/aligned/l0.2,mcusum,0,0
792,cross/aligned/l0.2,sketch1,0,1
793,cross/aligned/l0.4,always_multiD,0,1
793,cross/aligned/l0.4,union4_bonf,0,0
793,cross/aligned/l0.4,dci_v3,0,0
793,cross/aligned/l0.4,dci_v3_a8,0,0
793,cross/aligned/l0.4,best_axis_oracle,0,0
793,cross/aligned/l0.4,every_k2,0,0
793,cross/aligned/l0.4,adwin,0,0
793,cross/aligned/l0.4,mcusum,0,0
793,cross/aligned/l0.4,sketch1,0,3
794,cross/aligned/l1,always_multiD,1,11
794,cross/aligned/l1,union4_bonf,1,9
794,cross/aligned/l1,dci_v3,1,9
794,cross/aligned/l1,dci_v3_a8,1,9
794,cross/aligned/l1,best_axis_oracle,1,7
794,cross/aligned/l1,every_k2,1,5
794,cross/aligned/l1,adwin,0,0
794,cross/aligned/l1,mcusum,0,4
794,cross/aligned/l1,sketch1,1,11
795,cross/aligned/l0.05,always_multiD,0,0
795,cross/aligned/l0.05,union4_bonf,0,3
795,cross/aligned/l0.05,dci_v3,0,3
795,cross/aligned/l0.05,dci_v3_a8,0,2
795,cross/aligned/l0.05,best_axis_oracle,0,0
795,cross/aligned/l0.05,every_k2,0,0
795,cross/aligned/l0.05,adwin,0,0
795,cross/aligned/l0.05,mcusum,0,0
795,cross/aligned/l0.05,sketch1,0,0
796,cross/aligned/l0.1,always_multiD,0,7
796,cross/aligned/l0.1,union4_bonf,0,5
796,cross/aligned/l0.1,dci_v3,0,5
796,cross/aligned/l0.1,dci_v3_a8,0,6
796,cross/aligned/l0.1,best_axis_oracle,0,0
796,cross/aligned/l0.1,every_k2,0,4
796,cross/aligned/l0.1,adwin,0,0
796,cross/aligned/l0.1,mcusum,0,0
796,cross/aligned/l0.1,sketch1,0,5
797,cross/aligned/l0.2,always_multiD,0,11
797,cross/aligned/l0.2,union4_bonf,0,9
797,cross/aligned/l0.2,dci_v3,0,10
797,cross/aligned/l0.2,dci_v3_a8,0,10
797,cross/aligned/l0.2,best_axis_oracle,0,0
797,cross/aligned/l0.2,every_k2,0,6
797,cross/aligned/l0.2,adwin,0,0
797,cross/aligned/l0.2,mcusum,0,2
797,cross/aligned/l0.2,sketch1,0,11
798,cross/aligned/l0.4,always_multiD,0,11
798,cross/aligned/l0.4,union4_bonf,0,11
798,cross/aligned/l0.4,dci_v3,0,11
798,cross/aligned/l0.4,dci_v3_a8,0,11
798,cross/aligned/l0.4,best_axis_oracle,0,0
798,cross/aligned/l0.4,every_k2,0,5
798,cross/aligned/l0.4,adwin,0,0
798,cross/aligned/l0.4,mcusum,0,3
798,cross/aligned/l0.4,sketch1,0,11
799,cross/aligned/l1,always_multiD,1,11
799,cross/aligned/l1,union4_bonf,1,11
799,cross/aligned/l1,dci_v3,1,11
799,cross/aligned/l1,dci_v3_a8,1,11
799,cross/aligned/l1,best_axis_oracle,1,1
799,cross/aligned/l1,every_k2,1,5
799,cross/aligned/l1,adwin,0,0
799,cross/aligned/l1,mcusum,0,11
799,cross/aligned/l1,sketch1,0,11
800,cross/aligned/l0.05,always_multiD,0,0
800,cross/aligned/l0.05,union4_bonf,0,1
800,cross/aligned/l0.05,dci_v3,0,1
800,cross/aligned/l0.05,dci_v3_a8,0,0
800,cross/aligned/l0.05,best_axis_oracle,0,0
800,cross/aligned/l0.05,every_k2,0,0
800,cross/aligned/l0.05,adwin,0,0
800,cross/aligned/l0.05,mcusum,0,0
800,cross/aligned/l0.05,sketch1,0,1
801,cross/aligned/l0.1,always_multiD,0,0
801,cross/aligned/l0.1,union4_bonf,0,1
801,cross/aligned/l0.1,dci_v3,0,1
801,cross/aligned/l0.1,dci_v3_a8,0,1
801,cross/aligned/l0.1,best_axis_oracle,1,0
801,cross/aligned/l0.1,every_k2,0,0
801,cross/aligned/l0.1,adwin,0,0
801,cross/aligned/l0.1,mcusum,0,0
801,cross/aligned/l0.1,sketch1,0,1
802,cross/aligned/l0.2,always_multiD,1,2
802,cross/aligned/l0.2,union4_bonf,1,4
802,cross/aligned/l0.2,dci_v3,1,4
802,cross/aligned/l0.2,dci_v3_a8,1,4
802,cross/aligned/l0.2,best_axis_oracle,1,6
802,cross/aligned/l0.2,every_k2,0,1
802,cross/aligned/l0.2,adwin,0,0
802,cross/aligned/l0.2,mcusum,0,1
802,cross/aligned/l0.2,sketch1,0,1
803,cross/aligned/l0.4,always_multiD,1,11
803,cross/aligned/l0.4,union4_bonf,1,12
803,cross/aligned/l0.4,dci_v3,1,12
803,cross/aligned/l0.4,dci_v3_a8,1,12
803,cross/aligned/l0.4,best_axis_oracle,1,11
803,cross/aligned/l0.4,every_k2,1,5
803,cross/aligned/l0.4,adwin,0,0
803,cross/aligned/l0.4,mcusum,1,5
803,cross/aligned/l0.4,sketch1,1,6
804,cross/aligned/l1,always_multiD,1,11
804,cross/aligned/l1,union4_bonf,1,12
804,cross/aligned/l1,dci_v3,1,12
804,cross/aligned/l1,dci_v3_a8,1,12
804,cross/aligned/l1,best_axis_oracle,1,1
804,cross/aligned/l1,every_k2,0,6
804,cross/aligned/l1,adwin,0,0
804,cross/aligned/l1,mcusum,1,11
804,cross/aligned/l1,sketch1,1,12
805,cross/aligned/l0.05,always_multiD,1,20
805,cross/aligned/l0.05,union4_bonf,1,16
805,cross/aligned/l0.05,dci_v3,1,16
805,cross/aligned/l0.05,dci_v3_a8,1,17
805,cross/aligned/l0.05,best_axis_oracle,1,13
805,cross/aligned/l0.05,every_k2,1,9
805,cross/aligned/l0.05,adwin,0,0
805,cross/aligned/l0.05,mcusum,0,3
805,cross/aligned/l0.05,sketch1,1,20
806,cross/aligned/l0.1,always_multiD,1,20
806,cross/aligned/l0.1,union4_bonf,1,15
806,cross/aligned/l0.1,dci_v3,1,15
806,cross/aligned/l0.1,dci_v3_a8,1,16
806,cross/aligned/l0.1,best_axis_oracle,1,17
806,cross/aligned/l0.1,every_k2,0,11
806,cross/aligned/l0.1,adwin,0,0
806,cross/aligned/l0.1,mcusum,0,3
806,cross/aligned/l0.1,sketch1,1,20
807,cross/aligned/l0.2,always_multiD,1,19
807,cross/aligned/l0.2,union4_bonf,1,17
807,cross/aligned/l0.2,dci_v3,1,17
807,cross/aligned/l0.2,dci_v3_a8,1,18
807,cross/aligned/l0.2,best_axis_oracle,1,14
807,cross/aligned/l0.2,every_k2,1,9
807,cross/aligned/l0.2,adwin,0,0
807,cross/aligned/l0.2,mcusum,0,3
807,cross/aligned/l0.2,sketch1,1,20
808,cross/aligned/l0.4,always_multiD,1,13
808,cross/aligned/l0.4,union4_bonf,1,13
808,cross/aligned/l0.4,dci_v3,1,13
808,cross/aligned/l0.4,dci_v3_a8,1,13
808,cross/aligned/l0.4,best_axis_oracle,1,11
808,cross/aligned/l0.4,every_k2,0,7
808,cross/aligned/l0.4,adwin,0,0
808,cross/aligned/l0.4,mcusum,0,2
808,cross/aligned/l0.4,sketch1,1,20
809,cross/aligned/l1,always_multiD,1,11
809,cross/aligned/l1,union4_bonf,1,22
809,cross/aligned/l1,dci_v3,1,22
809,cross/aligned/l1,dci_v3_a8,1,20
809,cross/aligned/l1,best_axis_oracle,1,0
809,cross/aligned/l1,every_k2,1,5
809,cross/aligned/l1,adwin,0,0
809,cross/aligned/l1,mcusum,0,2
809,cross/aligned/l1,sketch1,1,11
810,cross/aligned/l0.05,always_multiD,0,2
810,cross/aligned/l0.05,union4_bonf,0,2
810,cross/aligned/l0.05,dci_v3,0,2
810,cross/aligned/l0.05,dci_v3_a8,0,2
810,cross/aligned/l0.05,best_axis_oracle,1,1
810,cross/aligned/l0.05,every_k2,0,1
810,cross/aligned/l0.05,adwin,0,0
810,cross/aligned/l0.05,mcusum,0,0
810,cross/aligned/l0.05,sketch1,0,2
811,cross/aligned/l0.1,always_multiD,0,2
811,cross/aligned/l0.1,union4_bonf,0,4
811,cross/aligned/l0.1,dci_v3,0,4
811,cross/aligned/l0.1,dci_v3_a8,0,3
811,cross/aligned/l0.1,best_axis_oracle,1,0
811,cross/aligned/l0.1,every_k2,0,1
811,cross/aligned/l0.1,adwin,0,0
811,cross/aligned/l0.1,mcusum,0,0
811,cross/aligned/l0.1,sketch1,0,2
812,cross/aligned/l0.2,always_multiD,0,2
812,cross/aligned/l0.2,union4_bonf,0,4
812,cross/aligned/l0.2,dci_v3,0,4
812,cross/aligned/l0.2,dci_v3_a8,0,4
812,cross/aligned/l0.2,best_axis_oracle,1,0
812,cross/aligned/l0.2,every_k2,0,1
812,cross/aligned/l0.2,adwin,0,0
812,cross/aligned/l0.2,mcusum,0,0
812,cross/aligned/l0.2,sketch1,0,2
813,cross/aligned/l0.4,always_multiD,0,2
813,cross/aligned/l0.4,union4_bonf,1,2
813,cross/aligned/l0.4,dci_v3,1,2
813,cross/aligned/l0.4,dci_v3_a8,1,2
813,cross/aligned/l0.4,best_axis_oracle,1,0
813,cross/aligned/l0.4,every_k2,0,1
813,cross/aligned/l0.4,adwin,0,0
813,cross/aligned/l0.4,mcusum,0,0
813,cross/aligned/l0.4,sketch1,0,2
814,cross/aligned/l1,always_multiD,1,2
814,cross/aligned/l1,union4_bonf,1,2
814,cross/aligned/l1,dci_v3,1,2
814,cross/aligned/l1,dci_v3_a8,1,2
814,cross/aligned/l1,best_axis_oracle,1,0
814,cross/aligned/l1,every_k2,1,1
814,cross/aligned/l1,adwin,0,0
814,cross/aligned/l1,mcusum,0,0
814,cross/aligned/l1,sketch1,0,2
815,cross/aligned/l0.05,always_multiD,0,2
815,cross/aligned/l0.05,union4_bonf,0,2
815,cross/aligned/l0.05,dci_v3,0,2
815,cross/aligned/l0.05,dci_v3_a8,0,2
815,cross/aligned/l0.05,best_axis_oracle,0,0
815,cross/aligned/l0.05,every_k2,0,0
815,cross/aligned/l0.05,adwin,0,0
815,cross/aligned/l0.05,mcusum,0,0
815,cross/aligned/l0.05,sketch1,0,1
816,cross/aligned/l0.1,always_multiD,0,1
816,cross/aligned/l0.1,union4_bonf,0,1
816,cross/aligned/l0.1,dci_v3,0,1
816,cross/aligned/l0.1,dci_v3_a8,0,1
816,cross/aligned/l0.1,best_axis_oracle,0,0
816,cross/aligned/l0.1,every_k2,0,0
816,cross/aligned/l0.1,adwin,0,0
816,cross/aligned/l0.1,mcusum,0,0
816,cross/aligned/l0.1,sketch1,0,1
817,cross/aligned/l0.2,always_multiD,0,1
817,cross/aligned/l0.2,union4_bonf,0,1
817,cross/aligned/l0.2,dci_v3,0,1
817,cross/aligned/l0.2,dci_v3_a8,0,1
817,cross/aligned/l0.2,best_axis_oracle,1,0
817,cross/aligned/l0.2,every_k2,0,1
817,cross/aligned/l0.2,adwin,0,0
817,cross/aligned/l0.2,mcusum,0,0
817,cross/aligned/l0.2,sketch1,0,1
818,cross/aligned/l0.4,always_multiD,1,1
818,cross/aligned/l0.4,union4_bonf,1,1
818,cross/aligned/l0.4,dci_v3,1,1
818,cross/aligned/l0.4,dci_v3_a8,1,1
818,cross/aligned/l0.4,best_axis_oracle,1,0
818,cross/aligned/l0.4,every_k2,0,1
818,cross/aligned/l0.4,adwin,0,0
818,cross/aligned/l0.4,mcusum,0,0
818,cross/aligned/l0.4,sketch1,0,1
819,cross/aligned/l1,always_multiD,1,12
819,cross/aligned/l1,union4_bonf,1,12
819,cross/aligned/l1,dci_v3,1,12
819,cross/aligned/l1,dci_v3_a8,1,12
819,cross/aligned/l1,best_axis_oracle,1,0
819,cross/aligned/l1,every_k2,0,7
819,cross/aligned/l1,adwin,0,0
819,cross/aligned/l1,mcusum,0,6
819,cross/aligned/l1,sketch1,1,12
820,cross/aligned/l0.05,always_multiD,0,3
820,cross/aligned/l0.05,union4_bonf,0,2
820,cross/aligned/l0.05,dci_v3,0,2
820,cross/aligned/l0.05,dci_v3_a8,0,2
820,cross/aligned/l0.05,best_axis_oracle,0,0
820,cross/aligned/l0.05,every_k2,0,2
820,cross/aligned/l0.05,adwin,0,0
820,cross/aligned/l0.05,mcusum,0,0
820,cross/aligned/l0.05,sketch1,0,0
821,cross/aligned/l0.1,always_multiD,0,3
821,cross/aligned/l0.1,union4_bonf,0,2
821,cross/aligned/l0.1,dci_v3,0,2
821,cross/aligned/l0.1,dci_v3_a8,0,3
821,cross/aligned/l0.1,best_axis_oracle,0,0
821,cross/aligned/l0.1,every_k2,0,1
821,cross/aligned/l0.1,adwin,0,0
821,cross/aligned/l0.1,mcusum,0,0
821,cross/aligned/l0.1,sketch1,0,0
822,cross/aligned/l0.2,always_multiD,0,3
822,cross/aligned/l0.2,union4_bonf,0,2
822,cross/aligned/l0.2,dci_v3,0,2
822,cross/aligned/l0.2,dci_v3_a8,0,2
822,cross/aligned/l0.2,best_axis_oracle,0,0
822,cross/aligned/l0.2,every_k2,0,2
822,cross/aligned/l0.2,adwin,0,0
822,cross/aligned/l0.2,mcusum,0,0
822,cross/aligned/l0.2,sketch1,0,0
823,cross/aligned/l0.4,always_multiD,0,3
823,cross/aligned/l0.4,union4_bonf,0,2
823,cross/aligned/l0.4,dci_v3,0,2
823,cross/aligned/l0.4,dci_v3_a8,0,2
823,cross/aligned/l0.4,best_axis_oracle,0,0
823,cross/aligned/l0.4,every_k2,0,1
823,cross/aligned/l0.4,adwin,0,0
823,cross/aligned/l0.4,mcusum,0,0
823,cross/aligned/l0.4,sketch1,0,0
824,cross/aligned/l1,always_multiD,1,9
824,cross/aligned/l1,union4_bonf,1,7
824,cross/aligned/l1,dci_v3,1,7
824,cross/aligned/l1,dci_v3_a8,1,8
824,cross/aligned/l1,best_axis_oracle,1,2
824,cross/aligned/l1,every_k2,0,6
824,cross/aligned/l1,adwin,0,0
824,cross/aligned/l1,mcusum,0,1
824,cross/aligned/l1,sketch1,0,3
825,cross/aligned/l0.05,always_multiD,1,17
825,cross/aligned/l0.05,union4_bonf,1,17
825,cross/aligned/l0.05,dci_v3,1,17
825,cross/aligned/l0.05,dci_v3_a8,1,17
825,cross/aligned/l0.05,best_axis_oracle,1,7
825,cross/aligned/l0.05,every_k2,1,7
825,cross/aligned/l0.05,adwin,0,0
825,cross/aligned/l0.05,mcusum,1,7
825,cross/aligned/l0.05,sketch1,0,16
826,cross/aligned/l0.1,always_multiD,1,17
826,cross/aligned/l0.1,union4_bonf,1,17
826,cross/aligned/l0.1,dci_v3,1,17
826,cross/aligned/l0.1,dci_v3_a8,1,17
826,cross/aligned/l0.1,best_axis_oracle,1,16
826,cross/aligned/l0.1,every_k2,0,10
826,cross/aligned/l0.1,adwin,0,0
826,cross/aligned/l0.1,mcusum,1,8
826,cross/aligned/l0.1,sketch1,0,16
827,cross/aligned/l0.2,always_multiD,1,17
827,cross/aligned/l0.2,union4_bonf,1,17
827,cross/aligned/l0.2,dci_v3,1,17
827,cross/aligned/l0.2,dci_v3_a8,1,17
827,cross/aligned/l0.2,best_axis_oracle,1,9
827,cross/aligned/l0.2,every_k2,0,10
827,cross/aligned/l0.2,adwin,0,0
827,cross/aligned/l0.2,mcusum,1,11
827,cross/aligned/l0.2,sketch1,0,16
828,cross/aligned/l0.4,always_multiD,1,17
828,cross/aligned/l0.4,union4_bonf,1,17
828,cross/aligned/l0.4,dci_v3,1,17
828,cross/aligned/l0.4,dci_v3_a8,1,17
828,cross/aligned/l0.4,best_axis_oracle,1,2
828,cross/aligned/l0.4,every_k2,0,10
828,cross/aligned/l0.4,adwin,0,0
828,cross/aligned/l0.4,mcusum,1,12
828,cross/aligned/l0.4,sketch1,1,16
829,cross/aligned/l1,always_multiD,1,17
829,cross/aligned/l1,union4_bonf,1,17
829,cross/aligned/l1,dci_v3,1,17
829,cross/aligned/l1,dci_v3_a8,1,17
829,cross/aligned/l1,best_axis_oracle,1,3
829,cross/aligned/l1,every_k2,0,10
829,cross/aligned/l1,adwin,0,0
829,cross/aligned/l1,mcusum,1,12
829,cross/aligned/l1,sketch1,1,16
830,cross/aligned/l0.05,always_multiD,0,0
830,cross/aligned/l0.05,union4_bonf,0,0
830,cross/aligned/l0.05,dci_v3,0,0
830,cross/aligned/l0.05,dci_v3_a8,0,0
830,cross/aligned/l0.05,best_axis_oracle,0,0
830,cross/aligned/l0.05,every_k2,0,0
830,cross/aligned/l0.05,adwin,0,0
830,cross/aligned/l0.05,mcusum,0,0
830,cross/aligned/l0.05,sketch1,0,0
831,cross/aligned/l0.1,always_multiD,0,0
831,cross/aligned/l0.1,union4_bonf,0,0
831,cross/aligned/l0.1,dci_v3,0,0
831,cross/aligned/l0.1,dci_v3_a8,0,0
831,cross/aligned/l0.1,best_axis_oracle,0,0
831,cross/aligned/l0.1,every_k2,0,0
831,cross/aligned/l0.1,adwin,0,0
831,cross/aligned/l0.1,mcusum,0,0
831,cross/aligned/l0.1,sketch1,0,0
832,cross/aligned/l0.2,always_multiD,0,0
832,cross/aligned/l0.2,union4_bonf,0,0
832,cross/aligned/l0.2,dci_v3,0,0
832,cross/aligned/l0.2,dci_v3_a8,0,0
832,cross/aligned/l0.2,best_axis_oracle,0,0
832,cross/aligned/l0.2,every_k2,0,0
832,cross/aligned/l0.2,adwin,0,0
832,cross/aligned/l0.2,mcusum,0,0
832,cross/aligned/l0.2,sketch1,0,1
833,cross/aligned/l0.4,always_multiD,0,0
833,cross/aligned/l0.4,union4_bonf,0,0
833,cross/aligned/l0.4,dci_v3,0,0
833,cross/aligned/l0.4,dci_v3_a8,0,0
833,cross/aligned/l0.4,best_axis_oracle,1,1
833,cross/aligned/l0.4,every_k2,0,0
833,cross/aligned/l0.4,adwin,0,0
833,cross/aligned/l0.4,mcusum,0,0
833,cross/aligned/l0.4,sketch1,0,2
834,cross/aligned/l1,always_multiD,1,6
834,cross/aligned/l1,union4_bonf,1,5
834,cross/aligned/l1,dci_v3,1,5
834,cross/aligned/l1,dci_v3_a8,1,5
834,cross/aligned/l1,best_axis_oracle,1,0
834,cross/aligned/l1,every_k2,1,3
834,cross/aligned/l1,adwin,0,0
834,cross/aligned/l1,mcusum,0,1
834,cross/aligned/l1,sketch1,0,9
835,cross/aligned/l0.05,always_multiD,0,2
835,cross/aligned/l0.05,union4_bonf,0,2
835,cross/aligned/l0.05,dci_v3,0,2
835,cross/aligned/l0.05,dci_v3_a8,0,2
835,cross/aligned/l0.05,best_axis_oracle,0,0
835,cross/aligned/l0.05,every_k2,0,1
835,cross/aligned/l0.05,adwin,0,0
835,cross/aligned/l0.05,mcusum,0,0
835,cross/aligned/l0.05,sketch1,0,1
836,cross/aligned/l0.1,always_multiD,0,1
836,cross/aligned/l0.1,union4_bonf,0,1
836,cross/aligned/l0.1,dci_v3,0,1
836,cross/aligned/l0.1,dci_v3_a8,0,1
836,cross/aligned/l0.1,best_axis_oracle,0,0
836,cross/aligned/l0.1,every_k2,0,1
836,cross/aligned/l0.1,adwin,0,0
836,cross/aligned/l0.1,mcusum,0,0
836,cross/aligned/l0.1,sketch1,0,0
837,cross/aligned/l0.2,always_multiD,0,1
837,cross/aligned/l0.2,union4_bonf,0,2
837,cross/aligned/l0.2,dci_v3,0,2
837,cross/aligned/l0.2,dci_v3_a8,0,2
837,cross/aligned/l0.2,best_axis_oracle,0,0
837,cross/aligned/l0.2,every_k2,0,1
837,cross/aligned/l0.2,adwin,0,0
837,cross/aligned/l0.2,mcusum,0,0
837,cross/aligned/l0.2,sketch1,0,0
838,cross/aligned/l0.4,always_multiD,0,1
838,cross/aligned/l0.4,union4_bonf,0,0
838,cross/aligned/l0.4,dci_v3,0,0
838,cross/aligned/l0.4,dci_v3_a8,0,1
838,cross/aligned/l0.4,best_axis_oracle,0,0
838,cross/aligned/l0.4,every_k2,0,0
838,cross/aligned/l0.4,adwin,0,0
838,cross/aligned/l0.4,mcusum,0,0
838,cross/aligned/l0.4,sketch1,0,0
839,cross/aligned/l1,always_multiD,1,5
839,cross/aligned/l1,union4_bonf,1,3
839,cross/aligned/l1,dci_v3,1,5
839,cross/aligned/l1,dci_v3_a8,1,5
839,cross/aligned/l1,best_axis_oracle,1,0
839,cross/aligned/l1,every_k2,0,3
839,cross/aligned/l1,adwin,0,0
839,cross/aligned/l1,mcusum,0,1
839,cross/aligned/l1,sketch1,0,8
840,cross/aligned/l0.05,always_multiD,0,2
840,cross/aligned/l0.05,union4_bonf,0,2
840,cross/aligned/l0.05,dci_v3,0,2
840,cross/aligned/l0.05,dci_v3_a8,0,2
840,cross/aligned/l0.05,best_axis_oracle,1,1
840,cross/aligned/l0.05,every_k2,0,1
840,cross/aligned/l0.05,adwin,0,0
840,cross/aligned/l0.05,mcusum,0,0
840,cross/aligned/l0.05,sketch1,0,2
841,cross/aligned/l0.1,always_multiD,0,2
841,cross/aligned/l0.1,union4_bonf,0,2
841,cross/aligned/l0.1,dci_v3,0,2
841,cross/aligned/l0.1,dci_v3_a8,0,2
841,cross/aligned/l0.1,best_axis_oracle,1,0
841,cross/aligned/l0.1,every_k2,0,1
841,cross/aligned/l0.1,adwin,0,0
841,cross/aligned/l0.1,mcusum,0,0
841,cross/aligned/l0.1,sketch1,0,2
842,cross/aligned/l0.2,always_multiD,0,2
842,cross/aligned/l0.2,union4_bonf,1,2
842,cross/aligned/l0.2,dci_v3,1,2
842,cross/aligned/l0.2,dci_v3_a8,1,2
842,cross/aligned/l0.2,best_axis_oracle,1,0
842,cross/aligned/l0.2,every_k2,0,1
842,cross/aligned/l0.2,adwin,0,0
842,cross/aligned/l0.2,mcusum,0,0
842,cross/aligned/l0.2,sketch1,0,2
843,cross/aligned/l0.4,always_multiD,0,2
843,cross/aligned/l0.4,union4_bonf,1,2
843,cross/aligned/l0.4,dci_v3,1,2
843,cross/aligned/l0.4,dci_v3_a8,1,2
843,cross/aligned/l0.4,best_axis_oracle,1,0
843,cross/aligned/l0.4,every_k2,0,1
843,cross/aligned/l0.4,adwin,0,0
843,cross/aligned/l0.4,mcusum,0,0
843,cross/aligned/l0.4,sketch1,0,2
844,cross/aligned/l1,always_multiD,1,2
844,cross/aligned/l1,union4_bonf,1,2
844,cross/aligned/l1,dci_v3,1,2
844,cross/aligned/l1,dci_v3_a8,1,2
844,cross/aligned/l1,best_axis_oracle,1,0
844,cross/aligned/l1,every_k2,1,1
844,cross/aligned/l1,adwin,0,0
844,cross/aligned/l1,mcusum,0,0
844,cross/aligned/l1,sketch1,0,2
845,cross/aligned/l0.05,always_multiD,0,1
845,cross/aligned/l0.05,union4_bonf,0,1
845,cross/aligned/l0.05,dci_v3,0,1
845,cross/aligned/l0.05,dci_v3_a8,0,1
845,cross/aligned/l0.05,best_axis_oracle,0,0
845,cross/aligned/l0.05,every_k2,0,0
845,cross/aligned/l0.05,adwin,0,0
845,cross/aligned/l0.05,mcusum,0,0
845,cross/aligned/l0.05,sketch1,0,1
846,cross/aligned/l0.1,always_multiD,0,0
846,cross/aligned/l0.1,union4_bonf,0,0
846,cross/aligned/l0.1,dci_v3,0,0
846,cross/aligned/l0.1,dci_v3_a8,0,0
846,cross/aligned/l0.1,best_axis_oracle,0,0
846,cross/aligned/l0.1,every_k2,0,0
846,cross/aligned/l0.1,adwin,0,0
846,cross/aligned/l0.1,mcusum,0,0
846,cross/aligned/l0.1,sketch1,0,0
847,cross/aligned/l0.2,always_multiD,1,0
847,cross/aligned/l0.2,union4_bonf,1,0
847,cross/aligned/l0.2,dci_v3,1,0
847,cross/aligned/l0.2,dci_v3_a8,1,0
847,cross/aligned/l0.2,best_axis_oracle,1,0
847,cross/aligned/l0.2,every_k2,1,0
847,cross/aligned/l0.2,adwin,0,0
847,cross/aligned/l0.2,mcusum,0,0
847,cross/aligned/l0.2,sketch1,0,0
848,cross/aligned/l0.4,always_multiD,1,3
848,cross/aligned/l0.4,union4_bonf,1,1
848,cross/aligned/l0.4,dci_v3,1,1
848,cross/aligned/l0.4,dci_v3_a8,1,2
848,cross/aligned/l0.4,best_axis_oracle,1,4
848,cross/aligned/l0.4,every_k2,0,2
848,cross/aligned/l0.4,adwin,0,0
848,cross/aligned/l0.4,mcusum,1,0
848,cross/aligned/l0.4,sketch1,0,0
849,cross/aligned/l1,always_multiD,1,11
849,cross/aligned/l1,union4_bonf,1,11
849,cross/aligned/l1,dci_v3,1,11
849,cross/aligned/l1,dci_v3_a8,1,11
849,cross/aligned/l1,best_axis_oracle,1,9
849,cross/aligned/l1,every_k2,1,5
849,cross/aligned/l1,adwin,0,0
849,cross/aligned/l1,mcusum,1,2
849,cross/aligned/l1,sketch1,0,8
850,cross/aligned/l0.05,always_multiD,1,1
850,cross/aligned/l0.05,union4_bonf,1,0
850,cross/aligned/l0.05,dci_v3,1,0
850,cross/aligned/l0.05,dci_v3_a8,1,0
850,cross/aligned/l0.05,best_axis_oracle,1,2
850,cross/aligned/l0.05,every_k2,0,0
850,cross/aligned/l0.05,adwin,0,0
850,cross/aligned/l0.05,mcusum,0,0
850,cross/aligned/l0.05,sketch1,0,1
851,cross/aligned/l0.1,always_multiD,1,4
851,cross/aligned/l0.1,union4_bonf,1,5
851,cross/aligned/l0.1,dci_v3,1,5
851,cross/aligned/l0.1,dci_v3_a8,1,5
851,cross/aligned/l0.1,best_axis_oracle,1,7
851,cross/aligned/l0.1,every_k2,1,2
851,cross/aligned/l0.1,adwin,0,0
851,cross/aligned/l0.1,mcusum,1,0
851,cross/aligned/l0.1,sketch1,0,0
852,cross/aligned/l0.2,always_multiD,1,11
852,cross/aligned/l0.2,union4_bonf,1,11
852,cross/aligned/l0.2,dci_v3,1,11
852,cross/aligned/l0.2,dci_v3_a8,1,11
852,cross/aligned/l0.2,best_axis_oracle,1,11
852,cross/aligned/l0.2,every_k2,0,6
852,cross/aligned/l0.2,adwin,0,0
852,cross/aligned/l0.2,mcusum,1,4
852,cross/aligned/l0.2,sketch1,0,0
853,cross/aligned/l0.4,always_multiD,1,11
853,cross/aligned/l0.4,union4_bonf,1,11
853,cross/aligned/l0.4,dci_v3,1,11
853,cross/aligned/l0.4,dci_v3_a8,1,11
853,cross/aligned/l0.4,best_axis_oracle,1,11
853,cross/aligned/l0.4,every_k2,1,5
853,cross/aligned/l0.4,adwin,0,0
853,cross/aligned/l0.4,mcusum,1,11
853,cross/aligned/l0.4,sketch1,0,0
854,cross/aligned/l1,always_multiD,1,11
854,cross/aligned/l1,union4_bonf,1,11
854,cross/aligned/l1,dci_v3,1,11
854,cross/aligned/l1,dci_v3_a8,1,11
854,cross/aligned/l1,best_axis_oracle,1,1
854,cross/aligned/l1,every_k2,0,6
854,cross/aligned/l1,adwin,0,0
854,cross/aligned/l1,mcusum,1,11
854,cross/aligned/l1,sketch1,1,0
855,cross/aligned/l0.05,always_multiD,1,1
855,cross/aligned/l0.05,union4_bonf,1,1
855,cross/aligned/l0.05,dci_v3,1,1
855,cross/aligned/l0.05,dci_v3_a8,1,1
855,cross/aligned/l0.05,best_axis_oracle,1,0
855,cross/aligned/l0.05,every_k2,0,0
855,cross/aligned/l0.05,adwin,0,0
855,cross/aligned/l0.05,mcusum,1,0
855,cross/aligned/l0.05,sketch1,0,1
856,cross/aligned/l0.1,always_multiD,1,1
856,cross/aligned/l0.1,union4_bonf,1,2
856,cross/aligned/l0.1,dci_v3,1,2
856,cross/aligned/l0.1,dci_v3_a8,1,2
856,cross/aligned/l0.1,best_axis_oracle,1,0
856,cross/aligned/l0.1,every_k2,0,0
856,cross/aligned/l0.1,adwin,0,0
856,cross/aligned/l0.1,mcusum,1,0
856,cross/aligned/l0.1,sketch1,0,3
857,cross/aligned/l0.2,always_multiD,1,2
857,cross/aligned/l0.2,union4_bonf,1,1
857,cross/aligned/l0.2,dci_v3,1,1
857,cross/aligned/l0.2,dci_v3_a8,1,1
857,cross/aligned/l0.2,best_axis_oracle,1,0
857,cross/aligned/l0.2,every_k2,1,1
857,cross/aligned/l0.2,adwin,0,0
857,cross/aligned/l0.2,mcusum,1,0
857,cross/aligned/l0.2,sketch1,1,5
858,cross/aligned/l0.4,always_multiD,1,7
858,cross/aligned/l0.4,union4_bonf,1,2
858,cross/aligned/l0.4,dci_v3,1,2
858,cross/aligned/l0.4,dci_v3_a8,1,2
858,cross/aligned/l0.4,best_axis_oracle,1,2
858,cross/aligned/l0.4,every_k2,0,3
858,cross/aligned/l0.4,adwin,0,0
858,cross/aligned/l0.4,mcusum,1,1
858,cross/aligned/l0.4,sketch1,1,6
859,cross/aligned/l1,always_multiD,1,11
859,cross/aligned/l1,union4_bonf,1,11
859,cross/aligned/l1,dci_v3,1,11
859,cross/aligned/l1,dci_v3_a8,1,11
859,cross/aligned/l1,best_axis_oracle,1,11
859,cross/aligned/l1,every_k2,0,6
859,cross/aligned/l1,adwin,0,0
859,cross/aligned/l1,mcusum,1,11
859,cross/aligned/l1,sketch1,1,11
860,cross/aligned/l0.05,always_multiD,0,0
860,cross/aligned/l0.05,union4_bonf,0,0
860,cross/aligned/l0.05,dci_v3,0,0
860,cross/aligned/l0.05,dci_v3_a8,0,0
860,cross/aligned/l0.05,best_axis_oracle,0,0
860,cross/aligned/l0.05,every_k2,0,0
860,cross/aligned/l0.05,adwin,0,0
860,cross/aligned/l0.05,mcusum,0,0
860,cross/aligned/l0.05,sketch1,0,0
861,cross/aligned/l0.1,always_multiD,0,0
861,cross/aligned/l0.1,union4_bonf,0,0
861,cross/aligned/l0.1,dci_v3,0,0
861,cross/aligned/l0.1,dci_v3_a8,0,0
861,cross/aligned/l0.1,best_axis_oracle,0,0
861,cross/aligned/l0.1,every_k2,0,0
861,cross/aligned/l0.1,adwin,0,0
861,cross/aligned/l0.1,mcusum,0,0
861,cross/aligned/l0.1,sketch1,0,0
862,cross/aligned/l0.2,always_multiD,0,0
862,cross/aligned/l0.2,union4_bonf,0,0
862,cross/aligned/l0.2,dci_v3,0,0
862,cross/aligned/l0.2,dci_v3_a8,0,0
862,cross/aligned/l0.2,best_axis_oracle,0,0
862,cross/aligned/l0.2,every_k2,0,0
862,cross/aligned/l0.2,adwin,0,0
862,cross/aligned/l0.2,mcusum,0,0
862,cross/aligned/l0.2,sketch1,0,0
863,cross/aligned/l0.4,always_multiD,0,0
863,cross/aligned/l0.4,union4_bonf,0,0
863,cross/aligned/l0.4,dci_v3,0,0
863,cross/aligned/l0.4,dci_v3_a8,0,0
863,cross/aligned/l0.4,best_axis_oracle,0,0
863,cross/aligned/l0.4,every_k2,0,0
863,cross/aligned/l0.4,adwin,0,0
863,cross/aligned/l0.4,mcusum,0,0
863,cross/aligned/l0.4,sketch1,0,0
864,cross/aligned/l1,always_multiD,0,0
864,cross/aligned/l1,union4_bonf,0,0
864,cross/aligned/l1,dci_v3,0,0
864,cross/aligned/l1,dci_v3_a8,0,0
864,cross/aligned/l1,best_axis_oracle,0,0
864,cross/aligned/l1,every_k2,0,0
864,cross/aligned/l1,adwin,0,0
864,cross/aligned/l1,mcusum,0,0
864,cross/aligned/l1,sketch1,0,0
865,cross/aligned/l0.05,always_multiD,0,0
865,cross/aligned/l0.05,union4_bonf,0,1
865,cross/aligned/l0.05,dci_v3,0,1
865,cross/aligned/l0.05,dci_v3_a8,0,1
865,cross/aligned/l0.05,best_axis_oracle,0,0
865,cross/aligned/l0.05,every_k2,0,0
865,cross/aligned/l0.05,adwin,0,0
865,cross/aligned/l0.05,mcusum,0,0
865,cross/aligned/l0.05,sketch1,0,1
866,cross/aligned/l0.1,always_multiD,1,0
866,cross/aligned/l0.1,union4_bonf,1,1
866,cross/aligned/l0.1,dci_v3,1,1
866,cross/aligned/l0.1,dci_v3_a8,1,1
866,cross/aligned/l0.1,best_axis_oracle,1,0
866,cross/aligned/l0.1,every_k2,1,0
866,cross/aligned/l0.1,adwin,0,0
866,cross/aligned/l0.1,mcusum,0,0
866,cross/aligned/l0.1,sketch1,0,1
867,cross/aligned/l0.2,always_multiD,1,0
867,cross/aligned/l0.2,union4_bonf,1,1
867,cross/aligned/l0.2,dci_v3,1,1
867,cross/aligned/l0.2,dci_v3_a8,1,1
867,cross/aligned/l0.2,best_axis_oracle,1,0
867,cross/aligned/l0.2,every_k2,0,0
867,cross/aligned/l0.2,adwin,0,0
867,cross/aligned/l0.2,mcusum,1,0
867,cross/aligned/l0.2,sketch1,1,1
868,cross/aligned/l0.4,always_multiD,1,0
868,cross/aligned/l0.4,union4_bonf,1,1
868,cross/aligned/l0.4,dci_v3,1,1
868,cross/aligned/l0.4,dci_v3_a8,1,1
868,cross/aligned/l0.4,best_axis_oracle,1,0
868,cross/aligned/l0.4,every_k2,0,0
868,cross/aligned/l0.4,adwin,0,0
868,cross/aligned/l0.4,mcusum,1,0
868,cross/aligned/l0.4,sketch1,1,1
869,cross/aligned/l1,always_multiD,1,11
869,cross/aligned/l1,union4_bonf,1,12
869,cross/aligned/l1,dci_v3,1,12
869,cross/aligned/l1,dci_v3_a8,1,12
869,cross/aligned/l1,best_axis_oracle,1,11
869,cross/aligned/l1,every_k2,1,5
869,cross/aligned/l1,adwin,0,0
869,cross/aligned/l1,mcusum,1,11
869,cross/aligned/l1,sketch1,1,12
870,cross/aligned/l0.05,always_multiD,1,12
870,cross/aligned/l0.05,union4_bonf,1,11
870,cross/aligned/l0.05,dci_v3,1,11
870,cross/aligned/l0.05,dci_v3_a8,1,12
870,cross/aligned/l0.05,best_axis_oracle,1,11
870,cross/aligned/l0.05,every_k2,1,6
870,cross/aligned/l0.05,adwin,0,0
870,cross/aligned/l0.05,mcusum,0,2
870,cross/aligned/l0.05,sketch1,1,10
871,cross/aligned/l0.1,always_multiD,1,13
871,cross/aligned/l0.1,union4_bonf,1,14
871,cross/aligned/l0.1,dci_v3,1,14
871,cross/aligned/l0.1,dci_v3_a8,1,14
871,cross/aligned/l0.1,best_axis_oracle,1,10
871,cross/aligned/l0.1,every_k2,0,6
871,cross/aligned/l0.1,adwin,0,0
871,cross/aligned/l0.1,mcusum,0,4
871,cross/aligned/l0.1,sketch1,1,8
872,cross/aligned/l0.2,always_multiD,1,13
872,cross/aligned/l0.2,union4_bonf,1,14
872,cross/aligned/l0.2,dci_v3,1,14
872,cross/aligned/l0.2,dci_v3_a8,1,14
872,cross/aligned/l0.2,best_axis_oracle,1,5
872,cross/aligned/l0.2,every_k2,1,7
872,cross/aligned/l0.2,adwin,0,0
872,cross/aligned/l0.2,mcusum,1,10
872,cross/aligned/l0.2,sketch1,1,8
873,cross/aligned/l0.4,always_multiD,1,13
873,cross/aligned/l0.4,union4_bonf,1,14
873,cross/aligned/l0.4,dci_v3,1,14
873,cross/aligned/l0.4,dci_v3_a8,1,14
873,cross/aligned/l0.4,best_axis_oracle,1,7
873,cross/aligned/l0.4,every_k2,1,7
873,cross/aligned/l0.4,adwin,0,0
873,cross/aligned/l0.4,mcusum,1,11
873,cross/aligned/l0.4,sketch1,1,8
874,cross/aligned/l1,always_multiD,1,13
874,cross/aligned/l1,union4_bonf,1,14
874,cross/aligned/l1,dci_v3,1,14
874,cross/aligned/l1,dci_v3_a8,1,14
874,cross/aligned/l1,best_axis_oracle,1,6
874,cross/aligned/l1,every_k2,1,7
874,cross/aligned/l1,adwin,0,0
874,cross/aligned/l1,mcusum,1,11
874,cross/aligned/l1,sketch1,1,14
875,within/aligned/l0.05,always_multiD,1,10
875,within/aligned/l0.05,union4_bonf,1,10
875,within/aligned/l0.05,dci_v3,1,10
875,within/aligned/l0.05,dci_v3_a8,1,10
875,within/aligned/l0.05,best_axis_oracle,1,10
875,within/aligned/l0.05,every_k2,0,6
875,within/aligned/l0.05,adwin,0,0
875,within/aligned/l0.05,mcusum,0,2
875,within/aligned/l0.05,sketch1,1,9
876,within/aligned/l0.1,always_multiD,1,12
876,within/aligned/l0.1,union4_bonf,1,12
876,within/aligned/l0.1,dci_v3,1,12
876,within/aligned/l0.1,dci_v3_a8,1,12
876,within/aligned/l0.1,best_axis_oracle,1,12
876,within/aligned/l0.1,every_k2,1,5
876,within/aligned/l0.1,adwin,0,0
876,within/aligned/l0.1,mcusum,0,2
876,within/aligned/l0.1,sketch1,1,8
877,within/aligned/l0.2,always_multiD,1,12
877,within/aligned/l0.2,union4_bonf,1,12
877,within/aligned/l0.2,dci_v3,1,12
877,within/aligned/l0.2,dci_v3_a8,1,12
877,within/aligned/l0.2,best_axis_oracle,1,6
877,within/aligned/l0.2,every_k2,1,5
877,within/aligned/l0.2,adwin,0,0
877,within/aligned/l0.2,mcusum,0,3
877,within/aligned/l0.2,sketch1,1,4
878,within/aligned/l0.4,always_multiD,1,12
878,within/aligned/l0.4,union4_bonf,1,12
878,within/aligned/l0.4,dci_v3,1,12
878,within/aligned/l0.4,dci_v3_a8,1,12
878,within/aligned/l0.4,best_axis_oracle,1,2
878,within/aligned/l0.4,every_k2,0,7
878,within/aligned/l0.4,adwin,0,0
878,within/aligned/l0.4,mcusum,1,5
878,within/aligned/l0.4,sketch1,1,11
879,within/aligned/l1,always_multiD,1,12
879,within/aligned/l1,union4_bonf,1,12
879,within/aligned/l1,dci_v3,1,12
879,within/aligned/l1,dci_v3_a8,1,12
879,within/aligned/l1,best_axis_oracle,1,1
879,within/aligned/l1,every_k2,1,5
879,within/aligned/l1,adwin,0,0
879,within/aligned/l1,mcusum,1,11
879,within/aligned/l1,sketch1,1,11
880,within/aligned/l0.05,always_multiD,0,9
880,within/aligned/l0.05,union4_bonf,0,9
880,within/aligned/l0.05,dci_v3,0,9
880,within/aligned/l0.05,dci_v3_a8,0,9
880,within/aligned/l0.05,best_axis_oracle,0,0
880,within/aligned/l0.05,every_k2,0,5
880,within/aligned/l0.05,adwin,0,0
880,within/aligned/l0.05,mcusum,0,1
880,within/aligned/l0.05,sketch1,0,6
881,within/aligned/l0.1,always_multiD,0,13
881,within/aligned/l0.1,union4_bonf,0,12
881,within/aligned/l0.1,dci_v3,0,12
881,within/aligned/l0.1,dci_v3_a8,0,13
881,within/aligned/l0.1,best_axis_oracle,0,0
881,within/aligned/l0.1,every_k2,0,7
881,within/aligned/l0.1,adwin,0,0
881,within/aligned/l0.1,mcusum,0,2
881,within/aligned/l0.1,sketch1,0,7
882,within/aligned/l0.2,always_multiD,1,19
882,within/aligned/l0.2,union4_bonf,1,18
882,within/aligned/l0.2,dci_v3,1,18
882,within/aligned/l0.2,dci_v3_a8,1,18
882,within/aligned/l0.2,best_axis_oracle,1,7
882,within/aligned/l0.2,every_k2,1,9
882,within/aligned/l0.2,adwin,0,0
882,within/aligned/l0.2,mcusum,0,3
882,within/aligned/l0.2,sketch1,0,8
883,within/aligned/l0.4,always_multiD,1,20
883,within/aligned/l0.4,union4_bonf,1,20
883,within/aligned/l0.4,dci_v3,1,20
883,within/aligned/l0.4,dci_v3_a8,1,20
883,within/aligned/l0.4,best_axis_oracle,1,12
883,within/aligned/l0.4,every_k2,1,9
883,within/aligned/l0.4,adwin,0,0
883,within/aligned/l0.4,mcusum,0,4
883,within/aligned/l0.4,sketch1,1,12
884,within/aligned/l1,always_multiD,1,20
884,within/aligned/l1,union4_bonf,1,20
884,within/aligned/l1,dci_v3,1,20
884,within/aligned/l1,dci_v3_a8,1,20
884,within/aligned/l1,best_axis_oracle,1,9
884,within/aligned/l1,every_k2,1,9
884,within/aligned/l1,adwin,0,0
884,within/aligned/l1,mcusum,1,5
884,within/aligned/l1,sketch1,1,15
885,within/aligned/l0.05,always_multiD,1,13
885,within/aligned/l0.05,union4_bonf,1,13
885,within/aligned/l0.05,dci_v3,1,13
885,within/aligned/l0.05,dci_v3_a8,1,13
885,within/aligned/l0.05,best_axis_oracle,1,0
885,within/aligned/l0.05,every_k2,0,7
885,within/aligned/l0.05,adwin,0,0
885,within/aligned/l0.05,mcusum,1,13
885,within/aligned/l0.05,sketch1,1,13
886,within/aligned/l0.1,always_multiD,1,13
886,within/aligned/l0.1,union4_bonf,1,13
886,within/aligned/l0.1,dci_v3,1,13
886,within/aligned/l0.1,dci_v3_a8,1,13
886,within/aligned/l0.1,best_axis_oracle,1,0
886,within/aligned/l0.1,every_k2,0,7
886,within/aligned/l0.1,adwin,0,0
886,within/aligned/l0.1,mcusum,1,13
886,within/aligned/l0.1,sketch1,1,13
887,within/aligned/l0.2,always_multiD,1,13
887,within/aligned/l0.2,union4_bonf,1,13
887,within/aligned/l0.2,dci_v3,1,13
887,within/aligned/l0.2,dci_v3_a8,1,13
887,within/aligned/l0.2,best_axis_oracle,1,0
887,within/aligned/l0.2,every_k2,1,6
887,within/aligned/l0.2,adwin,0,0
887,within/aligned/l0.2,mcusum,1,13
887,within/aligned/l0.2,sketch1,1,13
888,within/aligned/l0.4,always_multiD,1,13
888,within/aligned/l0.4,union4_bonf,1,13
888,within/aligned/l0.4,dci_v3,1,13
888,within/aligned/l0.4,dci_v3_a8,1,13
888,within/aligned/l0.4,best_axis_oracle,1,2
888,within/aligned/l0.4,every_k2,0,7
888,within/aligned/l0.4,adwin,0,0
888,within/aligned/l0.4,mcusum,1,13
888,within/aligned/l0.4,sketch1,1,13
889,within/aligned/l1,always_multiD,1,7
889,within/aligned/l1,union4_bonf,1,7
889,within/aligned/l1,dci_v3,1,7
889,within/aligned/l1,dci_v3_a8,1,7
889,within/aligned/l1,best_axis_oracle,1,0
889,within/aligned/l1,every_k2,0,4
889,within/aligned/l1,adwin,0,0
889,within/aligned/l1,mcusum,1,7
889,within/aligned/l1,sketch1,1,7
890,within/aligned/l0.05,always_multiD,0,8
890,within/aligned/l0.05,union4_bonf,0,8
890,within/aligned/l0.05,dci_v3,0,8
890,within/aligned/l0.05,dci_v3_a8,0,8
890,within/aligned/l0.05,best_axis_oracle,0,0
890,within/aligned/l0.05,every_k2,0,4
890,within/aligned/l0.05,adwin,0,0
890,within/aligned/l0.05,mcusum,0,1
890,within/aligned/l0.05,sketch1,0,11
891,within/aligned/l0.1,always_multiD,1,7
891,within/aligned/l0.1,union4_bonf,1,6
891,within/aligned/l0.1,dci_v3,1,6
891,within/aligned/l0.1,dci_v3_a8,1,6
891,within/aligned/l0.1,best_axis_oracle,1,10
891,within/aligned/l0.1,every_k2,0,4
891,within/aligned/l0.1,adwin,0,0
891,within/aligned/l0.1,mcusum,0,0
891,within/aligned/l0.1,sketch1,1,10
892,within/aligned/l0.2,always_multiD,1,2
892,within/aligned/l0.2,union4_bonf,1,1
892,within/aligned/l0.2,dci_v3,1,1
892,within/aligned/l0.2,dci_v3_a8,1,2
892,within/aligned/l0.2,best_axis_oracle,1,3
892,within/aligned/l0.2,every_k2,1,2
892,within/aligned/l0.2,adwin,0,0
892,within/aligned/l0.2,mcusum,0,0
892,within/aligned/l0.2,sketch1,1,4
893,within/aligned/l0.4,always_multiD,1,0
893,within/aligned/l0.4,union4_bonf,1,0
893,within/aligned/l0.4,dci_v3,1,0
893,within/aligned/l0.4,dci_v3_a8,1,0
893,within/aligned/l0.4,best_axis_oracle,1,0
893,within/aligned/l0.4,every_k2,0,0
893,within/aligned/l0.4,adwin,0,0
893,within/aligned/l0.4,mcusum,0,0
893,within/aligned/l0.4,sketch1,1,1
894,within/aligned/l1,always_multiD,1,11
894,within/aligned/l1,union4_bonf,1,11
894,within/aligned/l1,dci_v3,1,11
894,within/aligned/l1,dci_v3_a8,1,11
894,within/aligned/l1,best_axis_oracle,1,0
894,within/aligned/l1,every_k2,1,5
894,within/aligned/l1,adwin,0,0
894,within/aligned/l1,mcusum,1,5
894,within/aligned/l1,sketch1,1,12
895,within/aligned/l0.05,always_multiD,1,11
895,within/aligned/l0.05,union4_bonf,1,7
895,within/aligned/l0.05,dci_v3,1,7
895,within/aligned/l0.05,dci_v3_a8,1,7
895,within/aligned/l0.05,best_axis_oracle,1,7
895,within/aligned/l0.05,every_k2,1,5
895,within/aligned/l0.05,adwin,0,0
895,within/aligned/l0.05,mcusum,1,5
895,within/aligned/l0.05,sketch1,0,0
896,within/aligned/l0.1,always_multiD,1,11
896,within/aligned/l0.1,union4_bonf,1,8
896,within/aligned/l0.1,dci_v3,1,8
896,within/aligned/l0.1,dci_v3_a8,1,9
896,within/aligned/l0.1,best_axis_oracle,1,8
896,within/aligned/l0.1,every_k2,0,6
896,within/aligned/l0.1,adwin,0,0
896,within/aligned/l0.1,mcusum,1,6
896,within/aligned/l0.1,sketch1,0,0
897,within/aligned/l0.2,always_multiD,1,11
897,within/aligned/l0.2,union4_bonf,1,8
897,within/aligned/l0.2,dci_v3,1,8
897,within/aligned/l0.2,dci_v3_a8,1,9
897,within/aligned/l0.2,best_axis_oracle,1,8
897,within/aligned/l0.2,every_k2,1,5
897,within/aligned/l0.2,adwin,0,0
897,within/aligned/l0.2,mcusum,1,8
897,within/aligned/l0.2,sketch1,0,2
898,within/aligned/l0.4,always_multiD,1,11
898,within/aligned/l0.4,union4_bonf,1,8
898,within/aligned/l0.4,dci_v3,1,8
898,within/aligned/l0.4,dci_v3_a8,1,8
898,within/aligned/l0.4,best_axis_oracle,1,8
898,within/aligned/l0.4,every_k2,1,5
898,within/aligned/l0.4,adwin,0,0
898,within/aligned/l0.4,mcusum,1,8
898,within/aligned/l0.4,sketch1,1,6
899,within/aligned/l1,always_multiD,1,8
899,within/aligned/l1,union4_bonf,1,8
899,within/aligned/l1,dci_v3,1,8
899,within/aligned/l1,dci_v3_a8,1,8
899,within/aligned/l1,best_axis_oracle,1,0
899,within/aligned/l1,every_k2,0,5
899,within/aligned/l1,adwin,0,0
899,within/aligned/l1,mcusum,1,8
899,within/aligned/l1,sketch1,1,7
900,within/aligned/l0.05,always_multiD,1,13
900,within/aligned/l0.05,union4_bonf,1,13
900,within/aligned/l0.05,dci_v3,1,13
900,within/aligned/l0.05,dci_v3_a8,1,13
900,within/aligned/l0.05,best_axis_oracle,1,0
900,within/aligned/l0.05,every_k2,0,7
900,within/aligned/l0.05,adwin,0,0
900,within/aligned/l0.05,mcusum,1,13
900,within/aligned/l0.05,sketch1,1,13
901,within/aligned/l0.1,always_multiD,1,13
901,within/aligned/l0.1,union4_bonf,1,13
901,within/aligned/l0.1,dci_v3,1,13
901,within/aligned/l0.1,dci_v3_a8,1,13
901,within/aligned/l0.1,best_axis_oracle,1,0
901,within/aligned/l0.1,every_k2,0,7
901,within/aligned/l0.1,adwin,0,0
901,within/aligned/l0.1,mcusum,1,13
901,within/aligned/l0.1,sketch1,1,13
902,within/aligned/l0.2,always_multiD,1,13
902,within/aligned/l0.2,union4_bonf,1,13
902,within/aligned/l0.2,dci_v3,1,13
902,within/aligned/l0.2,dci_v3_a8,1,13
902,within/aligned/l0.2,best_axis_oracle,1,0
902,within/aligned/l0.2,every_k2,0,7
902,within/aligned/l0.2,adwin,0,0
902,within/aligned/l0.2,mcusum,1,13
902,within/aligned/l0.2,sketch1,1,13
903,within/aligned/l0.4,always_multiD,1,13
903,within/aligned/l0.4,union4_bonf,1,13
903,within/aligned/l0.4,dci_v3,1,13
903,within/aligned/l0.4,dci_v3_a8,1,13
903,within/aligned/l0.4,best_axis_oracle,1,0
903,within/aligned/l0.4,every_k2,0,7
903,within/aligned/l0.4,adwin,0,0
903,within/aligned/l0.4,mcusum,1,13
903,within/aligned/l0.4,sketch1,1,13
904,within/aligned/l1,always_multiD,1,2
904,within/aligned/l1,union4_bonf,1,2
904,within/aligned/l1,dci_v3,1,2
904,within/aligned/l1,dci_v3_a8,1,2
904,within/aligned/l1,best_axis_oracle,1,0
904,within/aligned/l1,every_k2,1,1
904,within/aligned/l1,adwin,0,0
904,within/aligned/l1,mcusum,1,2
904,within/aligned/l1,sketch1,1,2
905,within/aligned/l0.05,always_multiD,1,11
905,within/aligned/l0.05,union4_bonf,1,11
905,within/aligned/l0.05,dci_v3,1,11
905,within/aligned/l0.05,dci_v3_a8,1,11
905,within/aligned/l0.05,best_axis_oracle,1,1
905,within/aligned/l0.05,every_k2,0,6
905,within/aligned/l0.05,adwin,0,0
905,within/aligned/l0.05,mcusum,1,7
905,within/aligned/l0.05,sketch1,0,6
906,within/aligned/l0.1,always_multiD,1,11
906,within/aligned/l0.1,union4_bonf,1,11
906,within/aligned/l0.1,dci_v3,1,11
906,within/aligned/l0.1,dci_v3_a8,1,11
906,within/aligned/l0.1,best_axis_oracle,1,3
906,within/aligned/l0.1,every_k2,1,5
906,within/aligned/l0.1,adwin,0,0
906,within/aligned/l0.1,mcusum,1,11
906,within/aligned/l0.1,sketch1,0,11
907,within/aligned/l0.2,always_multiD,1,11
907,within/aligned/l0.2,union4_bonf,1,11
907,within/aligned/l0.2,dci_v3,1,11
907,within/aligned/l0.2,dci_v3_a8,1,11
907,within/aligned/l0.2,best_axis_oracle,1,9
907,within/aligned/l0.2,every_k2,0,6
907,within/aligned/l0.2,adwin,0,0
907,within/aligned/l0.2,mcusum,1,11
907,within/aligned/l0.2,sketch1,1,11
908,within/aligned/l0.4,always_multiD,1,11
908,within/aligned/l0.4,union4_bonf,1,11
908,within/aligned/l0.4,dci_v3,1,11
908,within/aligned/l0.4,dci_v3_a8,1,11
908,within/aligned/l0.4,best_axis_oracle,1,6
908,within/aligned/l0.4,every_k2,0,6
908,within/aligned/l0.4,adwin,0,0
908,within/aligned/l0.4,mcusum,1,11
908,within/aligned/l0.4,sketch1,1,11
909,within/aligned/l1,always_multiD,1,11
909,within/aligned/l1,union4_bonf,1,11
909,within/aligned/l1,dci_v3,1,11
909,within/aligned/l1,dci_v3_a8,1,11
909,within/aligned/l1,best_axis_oracle,1,10
909,within/aligned/l1,every_k2,0,6
909,within/aligned/l1,adwin,0,0
909,within/aligned/l1,mcusum,1,11
909,within/aligned/l1,sketch1,1,11
910,within/aligned/l0.05,always_multiD,1,0
910,within/aligned/l0.05,union4_bonf,1,11
910,within/aligned/l0.05,dci_v3,1,6
910,within/aligned/l0.05,dci_v3_a8,1,5
910,within/aligned/l0.05,best_axis_oracle,1,0
910,within/aligned/l0.05,every_k2,0,0
910,within/aligned/l0.05,adwin,0,0
910,within/aligned/l0.05,mcusum,1,0
910,within/aligned/l0.05,sketch1,0,0
911,within/aligned/l0.1,always_multiD,1,0
911,within/aligned/l0.1,union4_bonf,1,11
911,within/aligned/l0.1,dci_v3,1,11
911,within/aligned/l0.1,dci_v3_a8,1,10
911,within/aligned/l0.1,best_axis_oracle,1,0
911,within/aligned/l0.1,every_k2,0,0
911,within/aligned/l0.1,adwin,0,0
911,within/aligned/l0.1,mcusum,1,0
911,within/aligned/l0.1,sketch1,0,0
912,within/aligned/l0.2,always_multiD,1,0
912,within/aligned/l0.2,union4_bonf,1,11
912,within/aligned/l0.2,dci_v3,1,11
912,within/aligned/l0.2,dci_v3_a8,1,10
912,within/aligned/l0.2,best_axis_oracle,1,0
912,within/aligned/l0.2,every_k2,1,0
912,within/aligned/l0.2,adwin,0,0
912,within/aligned/l0.2,mcusum,1,0
912,within/aligned/l0.2,sketch1,0,0
913,within/aligned/l0.4,always_multiD,1,0
913,within/aligned/l0.4,union4_bonf,1,11
913,within/aligned/l0.4,dci_v3,1,11
913,within/aligned/l0.4,dci_v3_a8,1,9
913,within/aligned/l0.4,best_axis_oracle,1,0
913,within/aligned/l0.4,every_k2,0,0
913,within/aligned/l0.4,adwin,0,0
913,within/aligned/l0.4,mcusum,1,0
913,within/aligned/l0.4,sketch1,0,0
914,within/aligned/l1,always_multiD,1,0
914,within/aligned/l1,union4_bonf,1,3
914,within/aligned/l1,dci_v3,1,3
914,within/aligned/l1,dci_v3_a8,1,3
914,within/aligned/l1,best_axis_oracle,1,0
914,within/aligned/l1,every_k2,0,0
914,within/aligned/l1,adwin,0,0
914,within/aligned/l1,mcusum,1,0
914,within/aligned/l1,sketch1,1,1
915,within/aligned/l0.05,always_multiD,1,0
915,within/aligned/l0.05,union4_bonf,1,0
915,within/aligned/l0.05,dci_v3,1,0
915,within/aligned/l0.05,dci_v3_a8,1,0
915,within/aligned/l0.05,best_axis_oracle,1,0
915,within/aligned/l0.05,every_k2,0,0
915,within/aligned/l0.05,adwin,0,0
915,within/aligned/l0.05,mcusum,1,0
915,within/aligned/l0.05,sketch1,0,0
916,within/aligned/l0.1,always_multiD,1,0
916,within/aligned/l0.1,union4_bonf,1,0
916,within/aligned/l0.1,dci_v3,1,0
916,within/aligned/l0.1,dci_v3_a8,1,0
916,within/aligned/l0.1,best_axis_oracle,1,0
916,within/aligned/l0.1,every_k2,0,0
916,within/aligned/l0.1,adwin,0,0
916,within/aligned/l0.1,mcusum,1,0
916,within/aligned/l0.1,sketch1,0,0
917,within/aligned/l0.2,always_multiD,1,0
917,within/aligned/l0.2,union4_bonf,1,0
917,within/aligned/l0.2,dci_v3,1,0
917,within/aligned/l0.2,dci_v3_a8,1,0
917,within/aligned/l0.2,best_axis_oracle,1,0
917,within/aligned/l0.2,every_k2,1,0
917,within/aligned/l0.2,adwin,0,0
917,within/aligned/l0.2,mcusum,1,0
917,within/aligned/l0.2,sketch1,0,0
918,within/aligned/l0.4,always_multiD,1,0
918,within/aligned/l0.4,union4_bonf,1,0
918,within/aligned/l0.4,dci_v3,1,0
918,within/aligned/l0.4,dci_v3_a8,1,0
918,within/aligned/l0.4,best_axis_oracle,1,0
918,within/aligned/l0.4,every_k2,0,0
918,within/aligned/l0.4,adwin,0,0
918,within/aligned/l0.4,mcusum,1,0
918,within/aligned/l0.4,sketch1,1,0
919,within/aligned/l1,always_multiD,1,0
919,within/aligned/l1,union4_bonf,1,0
919,within/aligned/l1,dci_v3,1,0
919,within/aligned/l1,dci_v3_a8,1,0
919,within/aligned/l1,best_axis_oracle,1,0
919,within/aligned/l1,every_k2,0,0
919,within/aligned/l1,adwin,0,0
919,within/aligned/l1,mcusum,1,0
919,within/aligned/l1,sketch1,1,0
920,within/aligned/l0.05,always_multiD,1,10
920,within/aligned/l0.05,union4_bonf,1,9
920,within/aligned/l0.05,dci_v3,1,9
920,within/aligned/l0.05,dci_v3_a8,1,9
920,within/aligned/l0.05,best_axis_oracle,1,8
920,within/aligned/l0.05,every_k2,0,6
920,within/aligned/l0.05,adwin,0,0
920,within/aligned/l0.05,mcusum,0,1
920,within/aligned/l0.05,sketch1,0,11
921,within/aligned/l0.1,always_multiD,1,11
921,within/aligned/l0.1,union4_bonf,1,11
921,within/aligned/l0.1,dci_v3,1,11
921,within/aligned/l0.1,dci_v3_a8,1,11
921,within/aligned/l0.1,best_axis_oracle,1,12
921,within/aligned/l0.1,every_k2,1,5
921,within/aligned/l0.1,adwin,0,0
921,within/aligned/l0.1,mcusum,0,2
921,within/aligned/l0.1,sketch1,0,11
922,within/aligned/l0.2,always_multiD,1,11
922,within/aligned/l0.2,union4_bonf,1,11
922,within/aligned/l0.2,dci_v3,1,11
922,within/aligned/l0.2,dci_v3_a8,1,11
922,within/aligned/l0.2,best_axis_oracle,1,10
922,within/aligned/l0.2,every_k2,1,5
922,within/aligned/l0.2,adwin,0,0
922,within/aligned/l0.2,mcusum,0,2
922,within/aligned/l0.2,sketch1,1,11
923,within/aligned/l0.4,always_multiD,1,11
923,within/aligned/l0.4,union4_bonf,1,11
923,within/aligned/l0.4,dci_v3,1,11
923,within/aligned/l0.4,dci_v3_a8,1,11
923,within/aligned/l0.4,best_axis_oracle,1,2
923,within/aligned/l0.4,every_k2,1,5
923,within/aligned/l0.4,adwin,0,0
923,within/aligned/l0.4,mcusum,0,3
923,within/aligned/l0.4,sketch1,1,11
924,within/aligned/l1,always_multiD,1,11
924,within/aligned/l1,union4_bonf,1,11
924,within/aligned/l1,dci_v3,1,11
924,within/aligned/l1,dci_v3_a8,1,11
924,within/aligned/l1,best_axis_oracle,1,0
924,within/aligned/l1,every_k2,0,6
924,within/aligned/l1,adwin,0,0
924,within/aligned/l1,mcusum,1,11
924,within/aligned/l1,sketch1,1,11
925,within/aligned/l0.05,always_multiD,0,6
925,within/aligned/l0.05,union4_bonf,1,6
925,within/aligned/l0.05,dci_v3,1,6
925,within/aligned/l0.05,dci_v3_a8,0,5
925,within/aligned/l0.05,best_axis_oracle,1,10
925,within/aligned/l0.05,every_k2,0,4
925,within/aligned/l0.05,adwin,0,0
925,within/aligned/l0.05,mcusum,0,0
925,within/aligned/l0.05,sketch1,1,10
926,within/aligned/l0.1,always_multiD,0,6
926,within/aligned/l0.1,union4_bonf,0,7
926,within/aligned/l0.1,dci_v3,0,7
926,within/aligned/l0.1,dci_v3_a8,0,7
926,within/aligned/l0.1,best_axis_oracle,1,9
926,within/aligned/l0.1,every_k2,0,3
926,within/aligned/l0.1,adwin,0,0
926,within/aligned/l0.1,mcusum,0,0
926,within/aligned/l0.1,sketch1,0,9
927,within/aligned/l0.2,always_multiD,1,0
927,within/aligned/l0.2,union4_bonf,1,2
927,within/aligned/l0.2,dci_v3,1,2
927,within/aligned/l0.2,dci_v3_a8,1,1
927,within/aligned/l0.2,best_axis_oracle,1,0
927,within/aligned/l0.2,every_k2,1,0
927,within/aligned/l0.2,adwin,0,0
927,within/aligned/l0.2,mcusum,0,0
927,within/aligned/l0.2,sketch1,1,1
928,within/aligned/l0.4,always_multiD,1,6
928,within/aligned/l0.4,union4_bonf,1,6
928,within/aligned/l0.4,dci_v3,1,6
928,within/aligned/l0.4,dci_v3_a8,1,6
928,within/aligned/l0.4,best_axis_oracle,1,0
928,within/aligned/l0.4,every_k2,0,3
928,within/aligned/l0.4,adwin,0,0
928,within/aligned/l0.4,mcusum,0,1
928,within/aligned/l0.4,sketch1,1,9
929,within/aligned/l1,always_multiD,1,11
929,within/aligned/l1,union4_bonf,1,11
929,within/aligned/l1,dci_v3,1,11
929,within/aligned/l1,dci_v3_a8,1,11
929,within/aligned/l1,best_axis_oracle,1,1
929,within/aligned/l1,every_k2,1,5
929,within/aligned/l1,adwin,0,0
929,within/aligned/l1,mcusum,1,11
929,within/aligned/l1,sketch1,1,12
930,within/aligned/l0.05,always_multiD,0,0
930,within/aligned/l0.05,union4_bonf,0,0
930,within/aligned/l0.05,dci_v3,0,0
930,within/aligned/l0.05,dci_v3_a8,0,0
930,within/aligned/l0.05,best_axis_oracle,0,0
930,within/aligned/l0.05,every_k2,0,0
930,within/aligned/l0.05,adwin,0,0
930,within/aligned/l0.05,mcusum,0,0
930,within/aligned/l0.05,sketch1,0,0
931,within/aligned/l0.1,always_multiD,0,0
931,within/aligned/l0.1,union4_bonf,0,0
931,within/aligned/l0.1,dci_v3,0,0
931,within/aligned/l0.1,dci_v3_a8,0,0
931,within/aligned/l0.1,best_axis_oracle,0,0
931,within/aligned/l0.1,every_k2,0,0
931,within/aligned/l0.1,adwin,0,0
931,within/aligned/l0.1,mcusum,0,0
931,within/aligned/l0.1,sketch1,0,1
932,within/aligned/l0.2,always_multiD,0,0
932,within/aligned/l0.2,union4_bonf,0,0
932,within/aligned/l0.2,dci_v3,0,0
932,within/aligned/l0.2,dci_v3_a8,0,0
932,within/aligned/l0.2,best_axis_oracle,0,0
932,within/aligned/l0.2,every_k2,0,0
932,within/aligned/l0.2,adwin,0,0
932,within/aligned/l0.2,mcusum,0,0
932,within/aligned/l0.2,sketch1,0,0
933,within/aligned/l0.4,always_multiD,0,0
933,within/aligned/l0.4,union4_bonf,0,0
933,within/aligned/l0.4,dci_v3,0,0
933,within/aligned/l0.4,dci_v3_a8,0,0
933,within/aligned/l0.4,best_axis_oracle,0,0
933,within/aligned/l0.4,every_k2,0,0
933,within/aligned/l0.4,adwin,0,0
933,within/aligned/l0.4,mcusum,0,0
933,within/aligned/l0.4,sketch1,0,2
934,within/aligned/l1,always_multiD,0,1
934,within/aligned/l1,union4_bonf,0,0
934,within/aligned/l1,dci_v3,0,0
934,within/aligned/l1,dci_v3_a8,0,0
934,within/aligned/l1,best_axis_oracle,1,3
934,within/aligned/l1,every_k2,0,1
934,within/aligned/l1,adwin,0,0
934,within/aligned/l1,mcusum,0,0
934,within/aligned/l1,sketch1,0,1
935,within/aligned/l0.05,always_multiD,1,11
935,within/aligned/l0.05,union4_bonf,1,11
935,within/aligned/l0.05,dci_v3,1,11
935,within/aligned/l0.05,dci_v3_a8,1,11
935,within/aligned/l0.05,best_axis_oracle,1,0
935,within/aligned/l0.05,every_k2,1,5
935,within/aligned/l0.05,adwin,0,0
935,within/aligned/l0.05,mcusum,1,1
935,within/aligned/l0.05,sketch1,1,4
936,within/aligned/l0.1,always_multiD,1,11
936,within/aligned/l0.1,union4_bonf,1,11
936,within/aligned/l0.1,dci_v3,1,11
936,within/aligned/l0.1,dci_v3_a8,1,11
936,within/aligned/l0.1,best_axis_oracle,1,0
936,within/aligned/l0.1,every_k2,1,5
936,within/aligned/l0.1,adwin,0,0
936,within/aligned/l0.1,mcusum,1,1
936,within/aligned/l0.1,sketch1,0,3
937,within/aligned/l0.2,always_multiD,1,8
937,within/aligned/l0.2,union4_bonf,1,8
937,within/aligned/l0.2,dci_v3,1,8
937,within/aligned/l0.2,dci_v3_a8,1,8
937,within/aligned/l0.2,best_axis_oracle,1,0
937,within/aligned/l0.2,every_k2,1,3
937,within/aligned/l0.2,adwin,0,0
937,within/aligned/l0.2,mcusum,1,1
937,within/aligned/l0.2,sketch1,0,5
938,within/aligned/l0.4,always_multiD,1,11
938,within/aligned/l0.4,union4_bonf,1,11
938,within/aligned/l0.4,dci_v3,1,11
938,within/aligned/l0.4,dci_v3_a8,1,11
938,within/aligned/l0.4,best_axis_oracle,1,2
938,within/aligned/l0.4,every_k2,1,5
938,within/aligned/l0.4,adwin,0,0
938,within/aligned/l0.4,mcusum,1,1
938,within/aligned/l0.4,sketch1,0,5
939,within/aligned/l1,always_multiD,1,5
939,within/aligned/l1,union4_bonf,1,5
939,within/aligned/l1,dci_v3,1,5
939,within/aligned/l1,dci_v3_a8,1,5
939,within/aligned/l1,best_axis_oracle,1,0
939,within/aligned/l1,every_k2,0,4
939,within/aligned/l1,adwin,0,0
939,within/aligned/l1,mcusum,1,0
939,within/aligned/l1,sketch1,1,5
940,within/aligned/l0.05,always_multiD,1,6
940,within/aligned/l0.05,union4_bonf,1,10
940,within/aligned/l0.05,dci_v3,1,10
940,within/aligned/l0.05,dci_v3_a8,1,10
940,within/aligned/l0.05,best_axis_oracle,1,12
940,within/aligned/l0.05,every_k2,0,4
940,within/aligned/l0.05,adwin,0,0
940,within/aligned/l0.05,mcusum,0,1
940,within/aligned/l0.05,sketch1,0,9
941,within/aligned/l0.1,always_multiD,1,6
941,within/aligned/l0.1,union4_bonf,1,8
941,within/aligned/l0.1,dci_v3,1,8
941,within/aligned/l0.1,dci_v3_a8,1,8
941,within/aligned/l0.1,best_axis_oracle,1,1
941,within/aligned/l0.1,every_k2,1,2
941,within/aligned/l0.1,adwin,0,0
941,within/aligned/l0.1,mcusum,0,1
941,within/aligned/l0.1,sketch1,0,8
942,within/aligned/l0.2,always_multiD,1,1
942,within/aligned/l0.2,union4_bonf,1,1
942,within/aligned/l0.2,dci_v3,1,1
942,within/aligned/l0.2,dci_v3_a8,1,1
942,within/aligned/l0.2,best_axis_oracle,1,1
942,within/aligned/l0.2,every_k2,1,1
942,within/aligned/l0.2,adwin,0,0
942,within/aligned/l0.2,mcusum,0,0
942,within/aligned/l0.2,sketch1,1,0
943,within/aligned/l0.4,always_multiD,1,1
943,within/aligned/l0.4,union4_bonf,1,4
943,within/aligned/l0.4,dci_v3,1,4
943,within/aligned/l0.4,dci_v3_a8,1,3
943,within/aligned/l0.4,best_axis_oracle,1,1
943,within/aligned/l0.4,every_k2,0,0
943,within/aligned/l0.4,adwin,0,0
943,within/aligned/l0.4,mcusum,0,0
943,within/aligned/l0.4,sketch1,1,2
944,within/aligned/l1,always_multiD,1,11
944,within/aligned/l1,union4_bonf,1,11
944,within/aligned/l1,dci_v3,1,11
944,within/aligned/l1,dci_v3_a8,1,11
944,within/aligned/l1,best_axis_oracle,1,1
944,within/aligned/l1,every_k2,0,6
944,within/aligned/l1,adwin,0,0
944,within/aligned/l1,mcusum,1,5
944,within/aligned/l1,sketch1,1,11
945,within/aligned/l0.05,always_multiD,1,11
945,within/aligned/l0.05,union4_bonf,1,11
945,within/aligned/l0.05,dci_v3,1,11
945,within/aligned/l0.05,dci_v3_a8,1,11
945,within/aligned/l0.05,best_axis_oracle,1,11
945,within/aligned/l0.05,every_k2,1,5
945,within/aligned/l0.05,adwin,0,0
945,within/aligned/l0.05,mcusum,0,2
945,within/aligned/l0.05,sketch1,0,3
946,within/aligned/l0.1,always_multiD,1,11
946,within/aligned/l0.1,union4_bonf,1,11
946,within/aligned/l0.1,dci_v3,1,11
946,within/aligned/l0.1,dci_v3_a8,1,11
946,within/aligned/l0.1,best_axis_oracle,1,4
946,within/aligned/l0.1,every_k2,1,5
946,within/aligned/l0.1,adwin,0,0
946,within/aligned/l0.1,mcusum,0,3
946,within/aligned/l0.1,sketch1,0,2
947,within/aligned/l0.2,always_multiD,1,11
947,within/aligned/l0.2,union4_bonf,1,11
947,within/aligned/l0.2,dci_v3,1,11
947,within/aligned/l0.2,dci_v3_a8,1,11
947,within/aligned/l0.2,best_axis_oracle,1,10
947,within/aligned/l0.2,every_k2,1,5
947,within/aligned/l0.2,adwin,0,0
947,within/aligned/l0.2,mcusum,1,10
947,within/aligned/l0.2,sketch1,0,0
948,within/aligned/l0.4,always_multiD,1,11
948,within/aligned/l0.4,union4_bonf,1,11
948,within/aligned/l0.4,dci_v3,1,11
948,within/aligned/l0.4,dci_v3_a8,1,11
948,within/aligned/l0.4,best_axis_oracle,1,5
948,within/aligned/l0.4,every_k2,0,6
948,within/aligned/l0.4,adwin,0,0
948,within/aligned/l0.4,mcusum,1,11
948,within/aligned/l0.4,sketch1,1,0
949,within/aligned/l1,always_multiD,1,11
949,within/aligned/l1,union4_bonf,1,11
949,within/aligned/l1,dci_v3,1,11
949,within/aligned/l1,dci_v3_a8,1,11
949,within/aligned/l1,best_axis_oracle,1,3
949,within/aligned/l1,every_k2,0,6
949,within/aligned/l1,adwin,0,0
949,within/aligned/l1,mcusum,1,11
949,within/aligned/l1,sketch1,1,11
950,within/aligned/l0.05,always_multiD,0,9
950,within/aligned/l0.05,union4_bonf,0,9
950,within/aligned/l0.05,dci_v3,0,9
950,within/aligned/l0.05,dci_v3_a8,0,9
950,within/aligned/l0.05,best_axis_oracle,0,0
950,within/aligned/l0.05,every_k2,0,4
950,within/aligned/l0.05,adwin,0,0
950,within/aligned/l0.05,mcusum,0,1
950,within/aligned/l0.05,sketch1,0,6
951,within/aligned/l0.1,always_multiD,0,15
951,within/aligned/l0.1,union4_bonf,0,16
951,within/aligned/l0.1,dci_v3,0,16
951,within/aligned/l0.1,dci_v3_a8,0,15
951,within/aligned/l0.1,best_axis_oracle,1,1
951,within/aligned/l0.1,every_k2,0,6
951,within/aligned/l0.1,adwin,0,0
951,within/aligned/l0.1,mcusum,0,2
951,within/aligned/l0.1,sketch1,0,7
952,within/aligned/l0.2,always_multiD,1,20
952,within/aligned/l0.2,union4_bonf,1,20
952,within/aligned/l0.2,dci_v3,1,20
952,within/aligned/l0.2,dci_v3_a8,1,20
952,within/aligned/l0.2,best_axis_oracle,1,2
952,within/aligned/l0.2,every_k2,1,9
952,within/aligned/l0.2,adwin,0,0
952,within/aligned/l0.2,mcusum,0,5
952,within/aligned/l0.2,sketch1,0,7
953,within/aligned/l0.4,always_multiD,1,20
953,within/aligned/l0.4,union4_bonf,1,20
953,within/aligned/l0.4,dci_v3,1,20
953,within/aligned/l0.4,dci_v3_a8,1,20
953,within/aligned/l0.4,best_axis_oracle,1,11
953,within/aligned/l0.4,every_k2,1,9
953,within/aligned/l0.4,adwin,0,0
953,within/aligned/l0.4,mcusum,1,11
953,within/aligned/l0.4,sketch1,0,8
954,within/aligned/l1,always_multiD,1,20
954,within/aligned/l1,union4_bonf,1,20
954,within/aligned/l1,dci_v3,1,20
954,within/aligned/l1,dci_v3_a8,1,20
954,within/aligned/l1,best_axis_oracle,1,11
954,within/aligned/l1,every_k2,0,11
954,within/aligned/l1,adwin,0,0
954,within/aligned/l1,mcusum,1,12
954,within/aligned/l1,sketch1,1,17
955,within/aligned/l0.05,always_multiD,1,16
955,within/aligned/l0.05,union4_bonf,1,14
955,within/aligned/l0.05,dci_v3,1,14
955,within/aligned/l0.05,dci_v3_a8,1,15
955,within/aligned/l0.05,best_axis_oracle,1,8
955,within/aligned/l0.05,every_k2,0,9
955,within/aligned/l0.05,adwin,0,0
955,within/aligned/l0.05,mcusum,0,2
955,within/aligned/l0.05,sketch1,1,18
956,within/aligned/l0.1,always_multiD,1,14
956,within/aligned/l0.1,union4_bonf,1,11
956,within/aligned/l0.1,dci_v3,1,11
956,within/aligned/l0.1,dci_v3_a8,1,11
956,within/aligned/l0.1,best_axis_oracle,1,8
956,within/aligned/l0.1,every_k2,0,8
956,within/aligned/l0.1,adwin,0,0
956,within/aligned/l0.1,mcusum,0,2
956,within/aligned/l0.1,sketch1,1,19
957,within/aligned/l0.2,always_multiD,1,11
957,within/aligned/l0.2,union4_bonf,1,11
957,within/aligned/l0.2,dci_v3,1,11
957,within/aligned/l0.2,dci_v3_a8,1,11
957,within/aligned/l0.2,best_axis_oracle,1,8
957,within/aligned/l0.2,every_k2,0,6
957,within/aligned/l0.2,adwin,0,0
957,within/aligned/l0.2,mcusum,0,2
957,within/aligned/l0.2,sketch1,1,11
958,within/aligned/l0.4,always_multiD,1,11
958,within/aligned/l0.4,union4_bonf,1,11
958,within/aligned/l0.4,dci_v3,1,11
958,within/aligned/l0.4,dci_v3_a8,1,11
958,within/aligned/l0.4,best_axis_oracle,1,8
958,within/aligned/l0.4,every_k2,0,6
958,within/aligned/l0.4,adwin,0,0
958,within/aligned/l0.4,mcusum,0,2
958,within/aligned/l0.4,sketch1,1,11
959,within/aligned/l1,always_multiD,1,11
959,within/aligned/l1,union4_bonf,1,11
959,within/aligned/l1,dci_v3,1,11
959,within/aligned/l1,dci_v3_a8,1,11
959,within/aligned/l1,best_axis_oracle,1,0
959,within/aligned/l1,every_k2,1,5
959,within/aligned/l1,adwin,0,0
959,within/aligned/l1,mcusum,0,2
959,within/aligned/l1,sketch1,1,11
960,within/aligned/l0.05,always_multiD,1,13
960,within/aligned/l0.05,union4_bonf,1,13
960,within/aligned/l0.05,dci_v3,1,13
960,within/aligned/l0.05,dci_v3_a8,1,13
960,within/aligned/l0.05,best_axis_oracle,1,0
960,within/aligned/l0.05,every_k2,1,6
960,within/aligned/l0.05,adwin,0,0
960,within/aligned/l0.05,mcusum,1,11
960,within/aligned/l0.05,sketch1,0,2
961,within/aligned/l0.1,always_multiD,1,13
961,within/aligned/l0.1,union4_bonf,1,13
961,within/aligned/l0.1,dci_v3,1,13
961,within/aligned/l0.1,dci_v3_a8,1,13
961,within/aligned/l0.1,best_axis_oracle,1,0
961,within/aligned/l0.1,every_k2,1,6
961,within/aligned/l0.1,adwin,0,0
961,within/aligned/l0.1,mcusum,1,11
961,within/aligned/l0.1,sketch1,0,2
962,within/aligned/l0.2,always_multiD,1,13
962,within/aligned/l0.2,union4_bonf,1,13
962,within/aligned/l0.2,dci_v3,1,13
962,within/aligned/l0.2,dci_v3_a8,1,13
962,within/aligned/l0.2,best_axis_oracle,1,0
962,within/aligned/l0.2,every_k2,1,6
962,within/aligned/l0.2,adwin,0,0
962,within/aligned/l0.2,mcusum,1,10
962,within/aligned/l0.2,sketch1,0,3
963,within/aligned/l0.4,always_multiD,1,13
963,within/aligned/l0.4,union4_bonf,1,13
963,within/aligned/l0.4,dci_v3,1,13
963,within/aligned/l0.4,dci_v3_a8,1,13
963,within/aligned/l0.4,best_axis_oracle,1,0
963,within/aligned/l0.4,every_k2,0,7
963,within/aligned/l0.4,adwin,0,0
963,within/aligned/l0.4,mcusum,1,10
963,within/aligned/l0.4,sketch1,0,3
964,within/aligned/l1,always_multiD,1,3
964,within/aligned/l1,union4_bonf,1,3
964,within/aligned/l1,dci_v3,1,3
964,within/aligned/l1,dci_v3_a8,1,3
964,within/aligned/l1,best_axis_oracle,1,0
964,within/aligned/l1,every_k2,0,2
964,within/aligned/l1,adwin,0,0
964,within/aligned/l1,mcusum,1,0
964,within/aligned/l1,sketch1,1,3
965,within/aligned/l0.05,always_multiD,1,6
965,within/aligned/l0.05,union4_bonf,1,0
965,within/aligned/l0.05,dci_v3,1,0
965,within/aligned/l0.05,dci_v3_a8,1,1
965,within/aligned/l0.05,best_axis_oracle,1,0
965,within/aligned/l0.05,every_k2,1,3
965,within/aligned/l0.05,adwin,0,0
965,within/aligned/l0.05,mcusum,1,1
965,within/aligned/l0.05,sketch1,0,0
966,within/aligned/l0.1,always_multiD,1,7
966,within/aligned/l0.1,union4_bonf,1,0
966,within/aligned/l0.1,dci_v3,1,0
966,within/aligned/l0.1,dci_v3_a8,1,1
966,within/aligned/l0.1,best_axis_oracle,1,0
966,within/aligned/l0.1,every_k2,0,4
966,within/aligned/l0.1,adwin,0,0
966,within/aligned/l0.1,mcusum,1,1
966,within/aligned/l0.1,sketch1,0,0
967,within/aligned/l0.2,always_multiD,1,9
967,within/aligned/l0.2,union4_bonf,1,0
967,within/aligned/l0.2,dci_v3,1,0
967,within/aligned/l0.2,dci_v3_a8,1,1
967,within/aligned/l0.2,best_axis_oracle,1,0
967,within/aligned/l0.2,every_k2,0,5
967,within/aligned/l0.2,adwin,0,0
967,within/aligned/l0.2,mcusum,1,1
967,within/aligned/l0.2,sketch1,0,0
968,within/aligned/l0.4,always_multiD,1,8
968,within/aligned/l0.4,union4_bonf,1,0
968,within/aligned/l0.4,dci_v3,1,0
968,within/aligned/l0.4,dci_v3_a8,1,0
968,within/aligned/l0.4,best_axis_oracle,1,0
968,within/aligned/l0.4,every_k2,0,4
968,within/aligned/l0.4,adwin,0,0
968,within/aligned/l0.4,mcusum,1,1
968,within/aligned/l0.4,sketch1,1,0
969,within/aligned/l1,always_multiD,1,0
969,within/aligned/l1,union4_bonf,1,0
969,within/aligned/l1,dci_v3,1,0
969,within/aligned/l1,dci_v3_a8,1,0
969,within/aligned/l1,best_axis_oracle,1,0
969,within/aligned/l1,every_k2,1,0
969,within/aligned/l1,adwin,0,0
969,within/aligned/l1,mcusum,1,0
969,within/aligned/l1,sketch1,1,0
970,within/aligned/l0.05,always_multiD,1,11
970,within/aligned/l0.05,union4_bonf,1,11
970,within/aligned/l0.05,dci_v3,1,11
970,within/aligned/l0.05,dci_v3_a8,1,11
970,within/aligned/l0.05,best_axis_oracle,1,1
970,within/aligned/l0.05,every_k2,0,6
970,within/aligned/l0.05,adwin,0,0
970,within/aligned/l0.05,mcusum,0,7
970,within/aligned/l0.05,sketch1,0,5
971,within/aligned/l0.1,always_multiD,1,11
971,within/aligned/l0.1,union4_bonf,1,11
971,within/aligned/l0.1,dci_v3,1,11
971,within/aligned/l0.1,dci_v3_a8,1,11
971,within/aligned/l0.1,best_axis_oracle,1,2
971,within/aligned/l0.1,every_k2,1,5
971,within/aligned/l0.1,adwin,0,0
971,within/aligned/l0.1,mcusum,1,11
971,within/aligned/l0.1,sketch1,1,11
972,within/aligned/l0.2,always_multiD,1,11
972,within/aligned/l0.2,union4_bonf,1,11
972,within/aligned/l0.2,dci_v3,1,11
972,within/aligned/l0.2,dci_v3_a8,1,11
972,within/aligned/l0.2,best_axis_oracle,1,8
972,within/aligned/l0.2,every_k2,1,5
972,within/aligned/l0.2,adwin,0,0
972,within/aligned/l0.2,mcusum,1,11
972,within/aligned/l0.2,sketch1,1,11
973,within/aligned/l0.4,always_multiD,1,11
973,within/aligned/l0.4,union4_bonf,1,11
973,within/aligned/l0.4,dci_v3,1,11
973,within/aligned/l0.4,dci_v3_a8,1,11
973,within/aligned/l0.4,best_axis_oracle,1,11
973,within/aligned/l0.4,every_k2,0,6
973,within/aligned/l0.4,adwin,0,0
973,within/aligned/l0.4,mcusum,1,11
973,within/aligned/l0.4,sketch1,1,11
974,within/aligned/l1,always_multiD,1,11
974,within/aligned/l1,union4_bonf,1,11
974,within/aligned/l1,dci_v3,1,11
974,within/aligned/l1,dci_v3_a8,1,11
974,within/aligned/l1,best_axis_oracle,1,1
974,within/aligned/l1,every_k2,0,6
974,within/aligned/l1,adwin,0,0
974,within/aligned/l1,mcusum,1,11
974,within/aligned/l1,sketch1,1,11
975,within/aligned/l0.05,always_multiD,0,0
975,within/aligned/l0.05,union4_bonf,0,0
975,within/aligned/l0.05,dci_v3,0,0
975,within/aligned/l0.05,dci_v3_a8,0,0
975,within/aligned/l0.05,best_axis_oracle,0,0
975,within/aligned/l0.05,every_k2,0,0
975,within/aligned/l0.05,adwin,0,0
975,within/aligned/l0.05,mcusum,0,0
975,within/aligned/l0.05,sketch1,0,0
976,within/aligned/l0.1,always_multiD,0,0
976,within/aligned/l0.1,union4_bonf,0,0
976,within/aligned/l0.1,dci_v3,0,0
976,within/aligned/l0.1,dci_v3_a8,0,0
976,within/aligned/l0.1,best_axis_oracle,0,0
976,within/aligned/l0.1,every_k2,0,0
976,within/aligned/l0.1,adwin,0,0
976,within/aligned/l0.1,mcusum,0,0
976,within/aligned/l0.1,sketch1,0,0
977,within/aligned/l0.2,always_multiD,0,0
977,within/aligned/l0.2,union4_bonf,0,0
977,within/aligned/l0.2,dci_v3,0,0
977,within/aligned/l0.2,dci_v3_a8,0,0
977,within/aligned/l0.2,best_axis_oracle,0,0
977,within/aligned/l0.2,every_k2,0,0
977,within/aligned/l0.2,adwin,0,0
977,within/aligned/l0.2,mcusum,0,0
977,within/aligned/l0.2,sketch1,0,0
978,within/aligned/l0.4,always_multiD,0,0
978,within/aligned/l0.4,union4_bonf,0,0
978,within/aligned/l0.4,dci_v3,0,0
978,within/aligned/l0.4,dci_v3_a8,0,0
978,within/aligned/l0.4,best_axis_oracle,0,0
978,within/aligned/l0.4,every_k2,0,0
978,within/aligned/l0.4,adwin,0,0
978,within/aligned/l0.4,mcusum,0,0
978,within/aligned/l0.4,sketch1,0,0
979,within/aligned/l1,always_multiD,0,2
979,within/aligned/l1,union4_bonf,0,2
979,within/aligned/l1,dci_v3,0,2
979,within/aligned/l1,dci_v3_a8,0,2
979,within/aligned/l1,best_axis_oracle,1,2
979,within/aligned/l1,every_k2,0,0
979,within/aligned/l1,adwin,0,0
979,within/aligned/l1,mcusum,0,0
979,within/aligned/l1,sketch1,0,1
980,within/aligned/l0.05,always_multiD,1,13
980,within/aligned/l0.05,union4_bonf,1,13
980,within/aligned/l0.05,dci_v3,1,13
980,within/aligned/l0.05,dci_v3_a8,1,13
980,within/aligned/l0.05,best_axis_oracle,1,0
980,within/aligned/l0.05,every_k2,0,7
980,within/aligned/l0.05,adwin,0,0
980,within/aligned/l0.05,mcusum,1,11
980,within/aligned/l0.05,sketch1,1,13
981,within/aligned/l0.1,always_multiD,1,13
981,within/aligned/l0.1,union4_bonf,1,13
981,within/aligned/l0.1,dci_v3,1,13
981,within/aligned/l0.1,dci_v3_a8,1,13
981,within/aligned/l0.1,best_axis_oracle,1,0
981,within/aligned/l0.1,every_k2,0,7
981,within/aligned/l0.1,adwin,0,0
981,within/aligned/l0.1,mcusum,1,11
981,within/aligned/l0.1,sketch1,1,13
982,within/aligned/l0.2,always_multiD,1,13
982,within/aligned/l0.2,union4_bonf,1,13
982,within/aligned/l0.2,dci_v3,1,13
982,within/aligned/l0.2,dci_v3_a8,1,13
982,within/aligned/l0.2,best_axis_oracle,1,0
982,within/aligned/l0.2,every_k2,0,7
982,within/aligned/l0.2,adwin,0,0
982,within/aligned/l0.2,mcusum,1,11
982,within/aligned/l0.2,sketch1,1,13
983,within/aligned/l0.4,always_multiD,1,13
983,within/aligned/l0.4,union4_bonf,1,13
983,within/aligned/l0.4,dci_v3,1,13
983,within/aligned/l0.4,dci_v3_a8,1,13
983,within/aligned/l0.4,best_axis_oracle,1,0
983,within/aligned/l0.4,every_k2,0,7
983,within/aligned/l0.4,adwin,0,0
983,within/aligned/l0.4,mcusum,1,11
983,within/aligned/l0.4,sketch1,1,13
984,within/aligned/l1,always_multiD,1,2
984,within/aligned/l1,union4_bonf,1,2
984,within/aligned/l1,dci_v3,1,2
984,within/aligned/l1,dci_v3_a8,1,2
984,within/aligned/l1,best_axis_oracle,1,0
984,within/aligned/l1,every_k2,1,1
984,within/aligned/l1,adwin,0,0
984,within/aligned/l1,mcusum,1,0
984,within/aligned/l1,sketch1,1,2
985,within/aligned/l0.05,always_multiD,1,1
985,within/aligned/l0.05,union4_bonf,1,12
985,within/aligned/l0.05,dci_v3,1,12
985,within/aligned/l0.05,dci_v3_a8,1,10
985,within/aligned/l0.05,best_axis_oracle,1,0
985,within/aligned/l0.05,every_k2,0,1
985,within/aligned/l0.05,adwin,0,0
985,within/aligned/l0.05,mcusum,0,1
985,within/aligned/l0.05,sketch1,0,3
986,within/aligned/l0.1,always_multiD,1,1
986,within/aligned/l0.1,union4_bonf,1,12
986,within/aligned/l0.1,dci_v3,1,12
986,within/aligned/l0.1,dci_v3_a8,1,11
986,within/aligned/l0.1,best_axis_oracle,1,0
986,within/aligned/l0.1,every_k2,0,1
986,within/aligned/l0.1,adwin,0,0
986,within/aligned/l0.1,mcusum,1,0
986,within/aligned/l0.1,sketch1,0,3
987,within/aligned/l0.2,always_multiD,1,1
987,within/aligned/l0.2,union4_bonf,1,12
987,within/aligned/l0.2,dci_v3,1,12
987,within/aligned/l0.2,dci_v3_a8,1,10
987,within/aligned/l0.2,best_axis_oracle,1,0
987,within/aligned/l0.2,every_k2,1,0
987,within/aligned/l0.2,adwin,0,0
987,within/aligned/l0.2,mcusum,1,0
987,within/aligned/l0.2,sketch1,0,3
988,within/aligned/l0.4,always_multiD,1,1
988,within/aligned/l0.4,union4_bonf,1,12
988,within/aligned/l0.4,dci_v3,1,12
988,within/aligned/l0.4,dci_v3_a8,1,10
988,within/aligned/l0.4,best_axis_oracle,1,0
988,within/aligned/l0.4,every_k2,0,1
988,within/aligned/l0.4,adwin,0,0
988,within/aligned/l0.4,mcusum,1,0
988,within/aligned/l0.4,sketch1,0,1
989,within/aligned/l1,always_multiD,1,1
989,within/aligned/l1,union4_bonf,1,1
989,within/aligned/l1,dci_v3,1,1
989,within/aligned/l1,dci_v3_a8,1,1
989,within/aligned/l1,best_axis_oracle,1,0
989,within/aligned/l1,every_k2,0,1
989,within/aligned/l1,adwin,0,0
989,within/aligned/l1,mcusum,1,0
989,within/aligned/l1,sketch1,1,1
990,within/aligned/l0.05,always_multiD,1,13
990,within/aligned/l0.05,union4_bonf,1,13
990,within/aligned/l0.05,dci_v3,1,13
990,within/aligned/l0.05,dci_v3_a8,1,13
990,within/aligned/l0.05,best_axis_oracle,1,0
990,within/aligned/l0.05,every_k2,0,7
990,within/aligned/l0.05,adwin,0,0
990,within/aligned/l0.05,mcusum,1,13
990,within/aligned/l0.05,sketch1,1,13
991,within/aligned/l0.1,always_multiD,1,13
991,within/aligned/l0.1,union4_bonf,1,13
991,within/aligned/l0.1,dci_v3,1,13
991,within/aligned/l0.1,dci_v3_a8,1,13
991,within/aligned/l0.1,best_axis_oracle,1,0
991,within/aligned/l0.1,every_k2,0,7
991,within/aligned/l0.1,adwin,0,0
991,within/aligned/l0.1,mcusum,1,13
991,within/aligned/l0.1,sketch1,1,13
992,within/aligned/l0.2,always_multiD,1,13
992,within/aligned/l0.2,union4_bonf,1,13
992,within/aligned/l0.2,dci_v3,1,13
992,within/aligned/l0.2,dci_v3_a8,1,13
992,within/aligned/l0.2,best_axis_oracle,1,0
992,within/aligned/l0.2,every_k2,0,7
992,within/aligned/l0.2,adwin,0,0
992,within/aligned/l0.2,mcusum,1,13
992,within/aligned/l0.2,sketch1,1,13
993,within/aligned/l0.4,always_multiD,1,13
993,within/aligned/l0.4,union4_bonf,1,13
993,within/aligned/l0.4,dci_v3,1,13
993,within/aligned/l0.4,dci_v3_a8,1,13
993,within/aligned/l0.4,best_axis_oracle,1,0
993,within/aligned/l0.4,every_k2,0,7
993,within/aligned/l0.4,adwin,0,0
993,within/aligned/l0.4,mcusum,1,13
993,within/aligned/l0.4,sketch1,1,13
994,within/aligned/l1,always_multiD,1,4
994,within/aligned/l1,union4_bonf,1,4
994,within/aligned/l1,dci_v3,1,4
994,within/aligned/l1,dci_v3_a8,1,4
994,within/aligned/l1,best_axis_oracle,1,0
994,within/aligned/l1,every_k2,1,2
994,within/aligned/l1,adwin,0,0
994,within/aligned/l1,mcusum,1,4
994,within/aligned/l1,sketch1,1,4
995,within/aligned/l0.05,always_multiD,0,12
995,within/aligned/l0.05,union4_bonf,0,12
995,within/aligned/l0.05,dci_v3,0,12
995,within/aligned/l0.05,dci_v3_a8,0,12
995,within/aligned/l0.05,best_axis_oracle,1,12
995,within/aligned/l0.05,every_k2,0,5
995,within/aligned/l0.05,adwin,0,0
995,within/aligned/l0.05,mcusum,0,2
995,within/aligned/l0.05,sketch1,1,11
996,within/aligned/l0.1,always_multiD,1,11
996,within/aligned/l0.1,union4_bonf,1,12
996,within/aligned/l0.1,dci_v3,1,12
996,within/aligned/l0.1,dci_v3_a8,1,12
996,within/aligned/l0.1,best_axis_oracle,1,12
996,within/aligned/l0.1,every_k2,0,7
996,within/aligned/l0.1,adwin,0,0
996,within/aligned/l0.1,mcusum,0,2
996,within/aligned/l0.1,sketch1,1,8
997,within/aligned/l0.2,always_multiD,1,12
997,within/aligned/l0.2,union4_bonf,1,12
997,within/aligned/l0.2,dci_v3,1,12
997,within/aligned/l0.2,dci_v3_a8,1,12
997,within/aligned/l0.2,best_axis_oracle,1,4
997,within/aligned/l0.2,every_k2,1,5
997,within/aligned/l0.2,adwin,0,0
997,within/aligned/l0.2,mcusum,0,2
997,within/aligned/l0.2,sketch1,1,0
998,within/aligned/l0.4,always_multiD,1,12
998,within/aligned/l0.4,union4_bonf,1,12
998,within/aligned/l0.4,dci_v3,1,12
998,within/aligned/l0.4,dci_v3_a8,1,12
998,within/aligned/l0.4,best_axis_oracle,1,5
998,within/aligned/l0.4,every_k2,1,5
998,within/aligned/l0.4,adwin,0,0
998,within/aligned/l0.4,mcusum,1,1
998,within/aligned/l0.4,sketch1,1,3
999,within/aligned/l1,always_multiD,1,12
999,within/aligned/l1,union4_bonf,1,12
999,within/aligned/l1,dci_v3,1,12
999,within/aligned/l1,dci_v3_a8,1,12
999,within/aligned/l1,best_axis_oracle,1,1
999,within/aligned/l1,every_k2,0,7
999,within/aligned/l1,adwin,0,0
999,within/aligned/l1,mcusum,1,2
999,within/aligned/l1,sketch1,1,11
1000,within/aligned/l0.05,always_multiD,0,8
1000,within/aligned/l0.05,union4_bonf,0,7
1000,within/aligned/l0.05,dci_v3,0,7
1000,within/aligned/l0.05,dci_v3_a8,0,7
1000,within/aligned/l0.05,best_axis_oracle,1,9
1000,within/aligned/l0.05,every_k2,0,3
1000,within/aligned/l0.05,adwin,0,0
1000,within/aligned/l0.05,mcusum,0,1
1000,within/aligned/l0.05,sketch1,0,12
1001,within/aligned/l0.1,always_multiD,1,8
1001,within/aligned/l0.1,union4_bonf,1,8
1001,within/aligned/l0.1,dci_v3,1,8
1001,within/aligned/l0.1,dci_v3_a8,1,8
1001,within/aligned/l0.1,best_axis_oracle,1,10
1001,within/aligned/l0.1,every_k2,0,5
1001,within/aligned/l0.1,adwin,0,0
1001,within/aligned/l0.1,mcusum,0,1
1001,within/aligned/l0.1,sketch1,1,11
1002,within/aligned/l0.2,always_multiD,1,2
1002,within/aligned/l0.2,union4_bonf,1,2
1002,within/aligned/l0.2,dci_v3,1,2
1002,within/aligned/l0.2,dci_v3_a8,1,2
1002,within/aligned/l0.2,best_axis_oracle,1,1
1002,within/aligned/l0.2,every_k2,0,1
1002,within/aligned/l0.2,adwin,0,0
1002,within/aligned/l0.2,mcusum,0,0
1002,within/aligned/l0.2,sketch1,1,5
1003,within/aligned/l0.4,always_multiD,1,3
1003,within/aligned/l0.4,union4_bonf,1,3
1003,within/aligned/l0.4,dci_v3,1,3
1003,within/aligned/l0.4,dci_v3_a8,1,3
1003,within/aligned/l0.4,best_axis_oracle,1,0
1003,within/aligned/l0.4,every_k2,0,2
1003,within/aligned/l0.4,adwin,0,0
1003,within/aligned/l0.4,mcusum,0,0
1003,within/aligned/l0.4,sketch1,1,1
1004,within/aligned/l1,always_multiD,1,11
1004,within/aligned/l1,union4_bonf,1,10
1004,within/aligned/l1,dci_v3,1,10
1004,within/aligned/l1,dci_v3_a8,1,10
1004,within/aligned/l1,best_axis_oracle,1,1
1004,within/aligned/l1,every_k2,0,6
1004,within/aligned/l1,adwin,0,0
1004,within/aligned/l1,mcusum,1,1
1004,within/aligned/l1,sketch1,1,4
1005,within/aligned/l0.05,always_multiD,0,0
1005,within/aligned/l0.05,union4_bonf,0,0
1005,within/aligned/l0.05,dci_v3,0,0
1005,within/aligned/l0.05,dci_v3_a8,0,0
1005,within/aligned/l0.05,best_axis_oracle,0,0
1005,within/aligned/l0.05,every_k2,0,0
1005,within/aligned/l0.05,adwin,0,0
1005,within/aligned/l0.05,mcusum,0,0
1005,within/aligned/l0.05,sketch1,0,0
1006,within/aligned/l0.1,always_multiD,0,1
1006,within/aligned/l0.1,union4_bonf,0,0
1006,within/aligned/l0.1,dci_v3,0,0
1006,within/aligned/l0.1,dci_v3_a8,0,0
1006,within/aligned/l0.1,best_axis_oracle,1,0
1006,within/aligned/l0.1,every_k2,0,0
1006,within/aligned/l0.1,adwin,0,0
1006,within/aligned/l0.1,mcusum,0,0
1006,within/aligned/l0.1,sketch1,0,0
1007,within/aligned/l0.2,always_multiD,1,8
1007,within/aligned/l0.2,union4_bonf,1,5
1007,within/aligned/l0.2,dci_v3,1,5
1007,within/aligned/l0.2,dci_v3_a8,1,5
1007,within/aligned/l0.2,best_axis_oracle,1,8
1007,within/aligned/l0.2,every_k2,1,4
1007,within/aligned/l0.2,adwin,0,0
1007,within/aligned/l0.2,mcusum,0,0
1007,within/aligned/l0.2,sketch1,1,6
1008,within/aligned/l0.4,always_multiD,1,11
1008,within/aligned/l0.4,union4_bonf,1,11
1008,within/aligned/l0.4,dci_v3,1,11
1008,within/aligned/l0.4,dci_v3_a8,1,11
1008,within/aligned/l0.4,best_axis_oracle,1,11
1008,within/aligned/l0.4,every_k2,0,6
1008,within/aligned/l0.4,adwin,0,0
1008,within/aligned/l0.4,mcusum,0,1
1008,within/aligned/l0.4,sketch1,1,11
1009,within/aligned/l1,always_multiD,1,7
1009,within/aligned/l1,union4_bonf,1,0
1009,within/aligned/l1,dci_v3,1,0
1009,within/aligned/l1,dci_v3_a8,1,1
1009,within/aligned/l1,best_axis_oracle,1,0
1009,within/aligned/l1,every_k2,0,3
1009,within/aligned/l1,adwin,0,0
1009,within/aligned/l1,mcusum,0,1
1009,within/aligned/l1,sketch1,1,1
1010,within/aligned/l0.05,always_multiD,1,13
1010,within/aligned/l0.05,union4_bonf,1,13
1010,within/aligned/l0.05,dci_v3,1,13
1010,within/aligned/l0.05,dci_v3_a8,1,13
1010,within/aligned/l0.05,best_axis_oracle,1,0
1010,within/aligned/l0.05,every_k2,1,6
1010,within/aligned/l0.05,adwin,0,0
1010,within/aligned/l0.05,mcusum,1,11
1010,within/aligned/l0.05,sketch1,1,13
1011,within/aligned/l0.1,always_multiD,1,13
1011,within/aligned/l0.1,union4_bonf,1,13
1011,within/aligned/l0.1,dci_v3,1,13
1011,within/aligned/l0.1,dci_v3_a8,1,13
1011,within/aligned/l0.1,best_axis_oracle,1,0
1011,within/aligned/l0.1,every_k2,1,6
1011,within/aligned/l0.1,adwin,0,0
1011,within/aligned/l0.1,mcusum,1,10
1011,within/aligned/l0.1,sketch1,1,13
1012,within/aligned/l0.2,always_multiD,1,13
1012,within/aligned/l0.2,union4_bonf,1,13
1012,within/aligned/l0.2,dci_v3,1,13
1012,within/aligned/l0.2,dci_v3_a8,1,13
1012,within/aligned/l0.2,best_axis_oracle,1,0
1012,within/aligned/l0.2,every_k2,1,6
1012,within/aligned/l0.2,adwin,0,0
1012,within/aligned/l0.2,mcusum,1,11
1012,within/aligned/l0.2,sketch1,1,13
1013,within/aligned/l0.4,always_multiD,1,13
1013,within/aligned/l0.4,union4_bonf,1,13
1013,within/aligned/l0.4,dci_v3,1,13
1013,within/aligned/l0.4,dci_v3_a8,1,13
1013,within/aligned/l0.4,best_axis_oracle,1,0
1013,within/aligned/l0.4,every_k2,1,6
1013,within/aligned/l0.4,adwin,0,0
1013,within/aligned/l0.4,mcusum,1,9
1013,within/aligned/l0.4,sketch1,1,13
1014,within/aligned/l1,always_multiD,1,9
1014,within/aligned/l1,union4_bonf,1,9
1014,within/aligned/l1,dci_v3,1,9
1014,within/aligned/l1,dci_v3_a8,1,9
1014,within/aligned/l1,best_axis_oracle,1,0
1014,within/aligned/l1,every_k2,1,4
1014,within/aligned/l1,adwin,0,0
1014,within/aligned/l1,mcusum,1,5
1014,within/aligned/l1,sketch1,1,9
1015,within/aligned/l0.05,always_multiD,1,13
1015,within/aligned/l0.05,union4_bonf,1,13
1015,within/aligned/l0.05,dci_v3,1,13
1015,within/aligned/l0.05,dci_v3_a8,1,13
1015,within/aligned/l0.05,best_axis_oracle,1,0
1015,within/aligned/l0.05,every_k2,0,7
1015,within/aligned/l0.05,adwin,0,0
1015,within/aligned/l0.05,mcusum,1,13
1015,within/aligned/l0.05,sketch1,1,13
1016,within/aligned/l0.1,always_multiD,1,13
1016,within/aligned/l0.1,union4_bonf,1,13
1016,within/aligned/l0.1,dci_v3,1,13
1016,within/aligned/l0.1,dci_v3_a8,1,13
1016,within/aligned/l0.1,best_axis_oracle,1,0
1016,within/aligned/l0.1,every_k2,1,6
1016,within/aligned/l0.1,adwin,0,0
1016,within/aligned/l0.1,mcusum,1,13
1016,within/aligned/l0.1,sketch1,1,13
1017,within/aligned/l0.2,always_multiD,1,13
1017,within/aligned/l0.2,union4_bonf,1,13
1017,within/aligned/l0.2,dci_v3,1,13
1017,within/aligned/l0.2,dci_v3_a8,1,13
1017,within/aligned/l0.2,best_axis_oracle,1,0
1017,within/aligned/l0.2,every_k2,1,6
1017,within/aligned/l0.2,adwin,0,0
1017,within/aligned/l0.2,mcusum,1,13
1017,within/aligned/l0.2,sketch1,1,13
1018,within/aligned/l0.4,always_multiD,1,13
1018,within/aligned/l0.4,union4_bonf,1,13
1018,within/aligned/l0.4,dci_v3,1,13
1018,within/aligned/l0.4,dci_v3_a8,1,13
1018,within/aligned/l0.4,best_axis_oracle,1,0
1018,within/aligned/l0.4,every_k2,1,6
1018,within/aligned/l0.4,adwin,0,0
1018,within/aligned/l0.4,mcusum,1,13
1018,within/aligned/l0.4,sketch1,1,13
1019,within/aligned/l1,always_multiD,1,11
1019,within/aligned/l1,union4_bonf,1,11
1019,within/aligned/l1,dci_v3,1,11
1019,within/aligned/l1,dci_v3_a8,1,11
1019,within/aligned/l1,best_axis_oracle,1,0
1019,within/aligned/l1,every_k2,1,5
1019,within/aligned/l1,adwin,0,0
1019,within/aligned/l1,mcusum,1,11
1019,within/aligned/l1,sketch1,1,11
1020,within/aligned/l0.05,always_multiD,0,0
1020,within/aligned/l0.05,union4_bonf,0,0
1020,within/aligned/l0.05,dci_v3,0,0
1020,within/aligned/l0.05,dci_v3_a8,0,0
1020,within/aligned/l0.05,best_axis_oracle,0,0
1020,within/aligned/l0.05,every_k2,0,0
1020,within/aligned/l0.05,adwin,0,0
1020,within/aligned/l0.05,mcusum,0,0
1020,within/aligned/l0.05,sketch1,0,0
1021,within/aligned/l0.1,always_multiD,0,0
1021,within/aligned/l0.1,union4_bonf,0,0
1021,within/aligned/l0.1,dci_v3,0,0
1021,within/aligned/l0.1,dci_v3_a8,0,0
1021,within/aligned/l0.1,best_axis_oracle,0,0
1021,within/aligned/l0.1,every_k2,0,0
1021,within/aligned/l0.1,adwin,0,0
1021,within/aligned/l0.1,mcusum,0,0
1021,within/aligned/l0.1,sketch1,0,0
1022,within/aligned/l0.2,always_multiD,0,0
1022,within/aligned/l0.2,union4_bonf,0,0
1022,within/aligned/l0.2,dci_v3,0,0
1022,within/aligned/l0.2,dci_v3_a8,0,0
1022,within/aligned/l0.2,best_axis_oracle,0,0
1022,within/aligned/l0.2,every_k2,0,0
1022,within/aligned/l0.2,adwin,0,0
1022,within/aligned/l0.2,mcusum,0,0
1022,within/aligned/l0.2,sketch1,0,0
1023,within/aligned/l0.4,always_multiD,0,0
1023,within/aligned/l0.4,union4_bonf,0,0
1023,within/aligned/l0.4,dci_v3,0,0
1023,within/aligned/l0.4,dci_v3_a8,0,0
1023,within/aligned/l0.4,best_axis_oracle,0,0
1023,within/aligned/l0.4,every_k2,0,0
1023,within/aligned/l0.4,adwin,0,0
1023,within/aligned/l0.4,mcusum,0,0
1023,within/aligned/l0.4,sketch1,0,0
1024,within/aligned/l1,always_multiD,0,0
1024,within/aligned/l1,union4_bonf,0,0
1024,within/aligned/l1,dci_v3,0,0
1024,within/aligned/l1,dci_v3_a8,0,0
1024,within/aligned/l1,best_axis_oracle,0,0
1024,within/aligned/l1,every_k2,0,0
1024,within/aligned/l1,adwin,0,0
1024,within/aligned/l1,mcusum,0,0
1024,within/aligned/l1,sketch1,0,0
1025,within/aligned/l0.05,always_multiD,1,11
1025,within/aligned/l0.05,union4_bonf,1,12
1025,within/aligned/l0.05,dci_v3,1,12
1025,within/aligned/l0.05,dci_v3_a8,1,11
1025,within/aligned/l0.05,best_axis_oracle,1,0
1025,within/aligned/l0.05,every_k2,0,6
1025,within/aligned/l0.05,adwin,0,0
1025,within/aligned/l0.05,mcusum,0,5
1025,within/aligned/l0.05,sketch1,0,5
1026,within/aligned/l0.1,always_multiD,1,11
1026,within/aligned/l0.1,union4_bonf,1,12
1026,within/aligned/l0.1,dci_v3,1,12
1026,within/aligned/l0.1,dci_v3_a8,1,12
1026,within/aligned/l0.1,best_axis_oracle,1,1
1026,within/aligned/l0.1,every_k2,0,6
1026,within/aligned/l0.1,adwin,0,0
1026,within/aligned/l0.1,mcusum,1,11
1026,within/aligned/l0.1,sketch1,0,3
1027,within/aligned/l0.2,always_multiD,1,11
1027,within/aligned/l0.2,union4_bonf,1,12
1027,within/aligned/l0.2,dci_v3,1,12
1027,within/aligned/l0.2,dci_v3_a8,1,12
1027,within/aligned/l0.2,best_axis_oracle,1,8
1027,within/aligned/l0.2,every_k2,1,5
1027,within/aligned/l0.2,adwin,0,0
1027,within/aligned/l0.2,mcusum,1,11
1027,within/aligned/l0.2,sketch1,0,8
1028,within/aligned/l0.4,always_multiD,1,11
1028,within/aligned/l0.4,union4_bonf,1,12
1028,within/aligned/l0.4,dci_v3,1,12
1028,within/aligned/l0.4,dci_v3_a8,1,12
1028,within/aligned/l0.4,best_axis_oracle,1,11
1028,within/aligned/l0.4,every_k2,0,6
1028,within/aligned/l0.4,adwin,0,0
1028,within/aligned/l0.4,mcusum,1,11
1028,within/aligned/l0.4,sketch1,0,10
1029,within/aligned/l1,always_multiD,1,11
1029,within/aligned/l1,union4_bonf,1,12
1029,within/aligned/l1,dci_v3,1,12
1029,within/aligned/l1,dci_v3_a8,1,12
1029,within/aligned/l1,best_axis_oracle,1,8
1029,within/aligned/l1,every_k2,0,6
1029,within/aligned/l1,adwin,0,0
1029,within/aligned/l1,mcusum,1,11
1029,within/aligned/l1,sketch1,1,11
1030,within/aligned/l0.05,always_multiD,0,6
1030,within/aligned/l0.05,union4_bonf,0,3
1030,within/aligned/l0.05,dci_v3,0,3
1030,within/aligned/l0.05,dci_v3_a8,0,4
1030,within/aligned/l0.05,best_axis_oracle,1,4
1030,within/aligned/l0.05,every_k2,0,4
1030,within/aligned/l0.05,adwin,0,0
1030,within/aligned/l0.05,mcusum,0,1
1030,within/aligned/l0.05,sketch1,0,4
1031,within/aligned/l0.1,always_multiD,1,8
1031,within/aligned/l0.1,union4_bonf,1,6
1031,within/aligned/l0.1,dci_v3,1,6
1031,within/aligned/l0.1,dci_v3_a8,1,7
1031,within/aligned/l0.1,best_axis_oracle,1,4
1031,within/aligned/l0.1,every_k2,0,4
1031,within/aligned/l0.1,adwin,0,0
1031,within/aligned/l0.1,mcusum,0,2
1031,within/aligned/l0.1,sketch1,0,4
1032,within/aligned/l0.2,always_multiD,1,12
1032,within/aligned/l0.2,union4_bonf,1,12
1032,within/aligned/l0.2,dci_v3,1,12
1032,within/aligned/l0.2,dci_v3_a8,1,12
1032,within/aligned/l0.2,best_axis_oracle,1,10
1032,within/aligned/l0.2,every_k2,1,5
1032,within/aligned/l0.2,adwin,0,0
1032,within/aligned/l0.2,mcusum,0,7
1032,within/aligned/l0.2,sketch1,0,8
1033,within/aligned/l0.4,always_multiD,1,12
1033,within/aligned/l0.4,union4_bonf,1,12
1033,within/aligned/l0.4,dci_v3,1,12
1033,within/aligned/l0.4,dci_v3_a8,1,12
1033,within/aligned/l0.4,best_axis_oracle,1,4
1033,within/aligned/l0.4,every_k2,1,5
1033,within/aligned/l0.4,adwin,0,0
1033,within/aligned/l0.4,mcusum,0,9
1033,within/aligned/l0.4,sketch1,0,7
1034,within/aligned/l1,always_multiD,1,12
1034,within/aligned/l1,union4_bonf,1,12
1034,within/aligned/l1,dci_v3,1,12
1034,within/aligned/l1,dci_v3_a8,1,12
1034,within/aligned/l1,best_axis_oracle,1,10
1034,within/aligned/l1,every_k2,1,5
1034,within/aligned/l1,adwin,0,0
1034,within/aligned/l1,mcusum,1,11
1034,within/aligned/l1,sketch1,1,12
1035,within/aligned/l0.05,always_multiD,1,11
1035,within/aligned/l0.05,union4_bonf,1,12
1035,within/aligned/l0.05,dci_v3,1,12
1035,within/aligned/l0.05,dci_v3_a8,1,12
1035,within/aligned/l0.05,best_axis_oracle,1,13
1035,within/aligned/l0.05,every_k2,0,6
1035,within/aligned/l0.05,adwin,0,0
1035,within/aligned/l0.05,mcusum,0,3
1035,within/aligned/l0.05,sketch1,0,3
1036,within/aligned/l0.1,always_multiD,1,11
1036,within/aligned/l0.1,union4_bonf,1,12
1036,within/aligned/l0.1,dci_v3,1,12
1036,within/aligned/l0.1,dci_v3_a8,1,12
1036,within/aligned/l0.1,best_axis_oracle,1,5
1036,within/aligned/l0.1,every_k2,1,5
1036,within/aligned/l0.1,adwin,0,0
1036,within/aligned/l0.1,mcusum,1,11
1036,within/aligned/l0.1,sketch1,0,11
1037,within/aligned/l0.2,always_multiD,1,11
1037,within/aligned/l0.2,union4_bonf,1,12
1037,within/aligned/l0.2,dci_v3,1,12
1037,within/aligned/l0.2,dci_v3_a8,1,12
1037,within/aligned/l0.2,best_axis_oracle,1,10
1037,within/aligned/l0.2,every_k2,1,5
1037,within/aligned/l0.2,adwin,0,0
1037,within/aligned/l0.2,mcusum,1,11
1037,within/aligned/l0.2,sketch1,1,11
1038,within/aligned/l0.4,always_multiD,1,11
1038,within/aligned/l0.4,union4_bonf,1,12
1038,within/aligned/l0.4,dci_v3,1,12
1038,within/aligned/l0.4,dci_v3_a8,1,12
1038,within/aligned/l0.4,best_axis_oracle,1,11
1038,within/aligned/l0.4,every_k2,0,6
1038,within/aligned/l0.4,adwin,0,0
1038,within/aligned/l0.4,mcusum,1,11
1038,within/aligned/l0.4,sketch1,1,11
1039,within/aligned/l1,always_multiD,1,11
1039,within/aligned/l1,union4_bonf,1,12
1039,within/aligned/l1,dci_v3,1,12
1039,within/aligned/l1,dci_v3_a8,1,12
1039,within/aligned/l1,best_axis_oracle,1,0
1039,within/aligned/l1,every_k2,1,5
1039,within/aligned/l1,adwin,0,0
1039,within/aligned/l1,mcusum,1,11
1039,within/aligned/l1,sketch1,1,11
1040,within/aligned/l0.05,always_multiD,1,0
1040,within/aligned/l0.05,union4_bonf,1,0
1040,within/aligned/l0.05,dci_v3,1,0
1040,within/aligned/l0.05,dci_v3_a8,1,0
1040,within/aligned/l0.05,best_axis_oracle,1,0
1040,within/aligned/l0.05,every_k2,1,0
1040,within/aligned/l0.05,adwin,0,0
1040,within/aligned/l0.05,mcusum,1,0
1040,within/aligned/l0.05,sketch1,0,0
1041,within/aligned/l0.1,always_multiD,1,0
1041,within/aligned/l0.1,union4_bonf,1,0
1041,within/aligned/l0.1,dci_v3,1,0
1041,within/aligned/l0.1,dci_v3_a8,1,0
1041,within/aligned/l0.1,best_axis_oracle,1,0
1041,within/aligned/l0.1,every_k2,1,0
1041,within/aligned/l0.1,adwin,0,0
1041,within/aligned/l0.1,mcusum,1,0
1041,within/aligned/l0.1,sketch1,0,0
1042,within/aligned/l0.2,always_multiD,1,0
1042,within/aligned/l0.2,union4_bonf,1,0
1042,within/aligned/l0.2,dci_v3,1,0
1042,within/aligned/l0.2,dci_v3_a8,1,0
1042,within/aligned/l0.2,best_axis_oracle,1,0
1042,within/aligned/l0.2,every_k2,0,0
1042,within/aligned/l0.2,adwin,0,0
1042,within/aligned/l0.2,mcusum,1,0
1042,within/aligned/l0.2,sketch1,0,0
1043,within/aligned/l0.4,always_multiD,1,0
1043,within/aligned/l0.4,union4_bonf,1,0
1043,within/aligned/l0.4,dci_v3,1,0
1043,within/aligned/l0.4,dci_v3_a8,1,0
1043,within/aligned/l0.4,best_axis_oracle,1,0
1043,within/aligned/l0.4,every_k2,1,0
1043,within/aligned/l0.4,adwin,0,0
1043,within/aligned/l0.4,mcusum,1,0
1043,within/aligned/l0.4,sketch1,1,0
1044,within/aligned/l1,always_multiD,1,0
1044,within/aligned/l1,union4_bonf,1,0
1044,within/aligned/l1,dci_v3,1,0
1044,within/aligned/l1,dci_v3_a8,1,0
1044,within/aligned/l1,best_axis_oracle,1,0
1044,within/aligned/l1,every_k2,0,0
1044,within/aligned/l1,adwin,0,0
1044,within/aligned/l1,mcusum,1,0
1044,within/aligned/l1,sketch1,1,0
1045,within/aligned/l0.05,always_multiD,0,2
1045,within/aligned/l0.05,union4_bonf,0,4
1045,within/aligned/l0.05,dci_v3,0,4
1045,within/aligned/l0.05,dci_v3_a8,0,4
1045,within/aligned/l0.05,best_axis_oracle,0,0
1045,within/aligned/l0.05,every_k2,0,1
1045,within/aligned/l0.05,adwin,0,0
1045,within/aligned/l0.05,mcusum,0,0
1045,within/aligned/l0.05,sketch1,0,2
1046,within/aligned/l0.1,always_multiD,0,7
1046,within/aligned/l0.1,union4_bonf,0,7
1046,within/aligned/l0.1,dci_v3,0,7
1046,within/aligned/l0.1,dci_v3_a8,0,7
1046,within/aligned/l0.1,best_axis_oracle,1,10
1046,within/aligned/l0.1,every_k2,0,3
1046,within/aligned/l0.1,adwin,0,0
1046,within/aligned/l0.1,mcusum,0,1
1046,within/aligned/l0.1,sketch1,0,12
1047,within/aligned/l0.2,always_multiD,1,12
1047,within/aligned/l0.2,union4_bonf,1,12
1047,within/aligned/l0.2,dci_v3,1,12
1047,within/aligned/l0.2,dci_v3_a8,1,12
1047,within/aligned/l0.2,best_axis_oracle,1,14
1047,within/aligned/l0.2,every_k2,1,5
1047,within/aligned/l0.2,adwin,0,0
1047,within/aligned/l0.2,mcusum,0,4
1047,within/aligned/l0.2,sketch1,1,12
1048,within/aligned/l0.4,always_multiD,1,12
1048,within/aligned/l0.4,union4_bonf,1,12
1048,within/aligned/l0.4,dci_v3,1,12
1048,within/aligned/l0.4,dci_v3_a8,1,12
1048,within/aligned/l0.4,best_axis_oracle,1,14
1048,within/aligned/l0.4,every_k2,1,5
1048,within/aligned/l0.4,adwin,0,0
1048,within/aligned/l0.4,mcusum,0,7
1048,within/aligned/l0.4,sketch1,1,12
1049,within/aligned/l1,always_multiD,1,12
1049,within/aligned/l1,union4_bonf,1,12
1049,within/aligned/l1,dci_v3,1,12
1049,within/aligned/l1,dci_v3_a8,1,12
1049,within/aligned/l1,best_axis_oracle,1,1
1049,within/aligned/l1,every_k2,1,5
1049,within/aligned/l1,adwin,0,0
1049,within/aligned/l1,mcusum,1,11
1049,within/aligned/l1,sketch1,1,12
1050,within/aligned/l0.05,always_multiD,1,11
1050,within/aligned/l0.05,union4_bonf,1,11
1050,within/aligned/l0.05,dci_v3,1,11
1050,within/aligned/l0.05,dci_v3_a8,1,11
1050,within/aligned/l0.05,best_axis_oracle,1,0
1050,within/aligned/l0.05,every_k2,0,6
1050,within/aligned/l0.05,adwin,0,0
1050,within/aligned/l0.05,mcusum,1,11
1050,within/aligned/l0.05,sketch1,1,11
1051,within/aligned/l0.1,always_multiD,1,11
1051,within/aligned/l0.1,union4_bonf,1,11
1051,within/aligned/l0.1,dci_v3,1,11
1051,within/aligned/l0.1,dci_v3_a8,1,11
1051,within/aligned/l0.1,best_axis_oracle,1,0
1051,within/aligned/l0.1,every_k2,1,5
1051,within/aligned/l0.1,adwin,0,0
1051,within/aligned/l0.1,mcusum,1,11
1051,within/aligned/l0.1,sketch1,1,11
1052,within/aligned/l0.2,always_multiD,1,11
1052,within/aligned/l0.2,union4_bonf,1,11
1052,within/aligned/l0.2,dci_v3,1,11
1052,within/aligned/l0.2,dci_v3_a8,1,11
1052,within/aligned/l0.2,best_axis_oracle,1,0
1052,within/aligned/l0.2,every_k2,1,5
1052,within/aligned/l0.2,adwin,0,0
1052,within/aligned/l0.2,mcusum,1,10
1052,within/aligned/l0.2,sketch1,1,11
1053,within/aligned/l0.4,always_multiD,1,11
1053,within/aligned/l0.4,union4_bonf,1,11
1053,within/aligned/l0.4,dci_v3,1,11
1053,within/aligned/l0.4,dci_v3_a8,1,11
1053,within/aligned/l0.4,best_axis_oracle,1,0
1053,within/aligned/l0.4,every_k2,1,5
1053,within/aligned/l0.4,adwin,0,0
1053,within/aligned/l0.4,mcusum,1,11
1053,within/aligned/l0.4,sketch1,1,11
1054,within/aligned/l1,always_multiD,1,10
1054,within/aligned/l1,union4_bonf,1,9
1054,within/aligned/l1,dci_v3,1,9
1054,within/aligned/l1,dci_v3_a8,1,9
1054,within/aligned/l1,best_axis_oracle,1,0
1054,within/aligned/l1,every_k2,0,5
1054,within/aligned/l1,adwin,0,0
1054,within/aligned/l1,mcusum,1,7
1054,within/aligned/l1,sketch1,1,10
1055,within/aligned/l0.05,always_multiD,1,7
1055,within/aligned/l0.05,union4_bonf,0,0
1055,within/aligned/l0.05,dci_v3,0,2
1055,within/aligned/l0.05,dci_v3_a8,0,2
1055,within/aligned/l0.05,best_axis_oracle,0,0
1055,within/aligned/l0.05,every_k2,1,4
1055,within/aligned/l0.05,adwin,0,0
1055,within/aligned/l0.05,mcusum,0,0
1055,within/aligned/l0.05,sketch1,0,0
1056,within/aligned/l0.1,always_multiD,1,8
1056,within/aligned/l0.1,union4_bonf,0,0
1056,within/aligned/l0.1,dci_v3,0,4
1056,within/aligned/l0.1,dci_v3_a8,0,5
1056,within/aligned/l0.1,best_axis_oracle,0,0
1056,within/aligned/l0.1,every_k2,0,4
1056,within/aligned/l0.1,adwin,0,0
1056,within/aligned/l0.1,mcusum,0,0
1056,within/aligned/l0.1,sketch1,0,0
1057,within/aligned/l0.2,always_multiD,1,8
1057,within/aligned/l0.2,union4_bonf,0,0
1057,within/aligned/l0.2,dci_v3,0,4
1057,within/aligned/l0.2,dci_v3_a8,0,4
1057,within/aligned/l0.2,best_axis_oracle,0,0
1057,within/aligned/l0.2,every_k2,0,4
1057,within/aligned/l0.2,adwin,0,0
1057,within/aligned/l0.2,mcusum,0,0
1057,within/aligned/l0.2,sketch1,0,0
1058,within/aligned/l0.4,always_multiD,1,4
1058,within/aligned/l0.4,union4_bonf,0,0
1058,within/aligned/l0.4,dci_v3,0,2
1058,within/aligned/l0.4,dci_v3_a8,0,4
1058,within/aligned/l0.4,best_axis_oracle,1,0
1058,within/aligned/l0.4,every_k2,1,2
1058,within/aligned/l0.4,adwin,0,0
1058,within/aligned/l0.4,mcusum,0,0
1058,within/aligned/l0.4,sketch1,0,0
1059,within/aligned/l1,always_multiD,1,1
1059,within/aligned/l1,union4_bonf,1,0
1059,within/aligned/l1,dci_v3,1,0
1059,within/aligned/l1,dci_v3_a8,1,0
1059,within/aligned/l1,best_axis_oracle,1,0
1059,within/aligned/l1,every_k2,0,0
1059,within/aligned/l1,adwin,0,0
1059,within/aligned/l1,mcusum,0,0
1059,within/aligned/l1,sketch1,0,0
1060,within/aligned/l0.05,always_multiD,0,4
1060,within/aligned/l0.05,union4_bonf,0,0
1060,within/aligned/l0.05,dci_v3,0,0
1060,within/aligned/l0.05,dci_v3_a8,0,1
1060,within/aligned/l0.05,best_axis_oracle,0,0
1060,within/aligned/l0.05,every_k2,0,2
1060,within/aligned/l0.05,adwin,0,0
1060,within/aligned/l0.05,mcusum,0,0
1060,within/aligned/l0.05,sketch1,0,0
1061,within/aligned/l0.1,always_multiD,0,4
1061,within/aligned/l0.1,union4_bonf,0,0
1061,within/aligned/l0.1,dci_v3,0,0
1061,within/aligned/l0.1,dci_v3_a8,0,1
1061,within/aligned/l0.1,best_axis_oracle,0,0
1061,within/aligned/l0.1,every_k2,0,2
1061,within/aligned/l0.1,adwin,0,0
1061,within/aligned/l0.1,mcusum,0,0
1061,within/aligned/l0.1,sketch1,0,0
1062,within/aligned/l0.2,always_multiD,1,6
1062,within/aligned/l0.2,union4_bonf,0,0
1062,within/aligned/l0.2,dci_v3,0,1
1062,within/aligned/l0.2,dci_v3_a8,0,2
1062,within/aligned/l0.2,best_axis_oracle,0,0
1062,within/aligned/l0.2,every_k2,1,3
1062,within/aligned/l0.2,adwin,0,0
1062,within/aligned/l0.2,mcusum,0,0
1062,within/aligned/l0.2,sketch1,0,0
1063,within/aligned/l0.4,always_multiD,1,6
1063,within/aligned/l0.4,union4_bonf,1,0
1063,within/aligned/l0.4,dci_v3,1,1
1063,within/aligned/l0.4,dci_v3_a8,1,2
1063,within/aligned/l0.4,best_axis_oracle,1,0
1063,within/aligned/l0.4,every_k2,1,3
1063,within/aligned/l0.4,adwin,0,0
1063,within/aligned/l0.4,mcusum,0,0
1063,within/aligned/l0.4,sketch1,0,0
1064,within/aligned/l1,always_multiD,1,0
1064,within/aligned/l1,union4_bonf,1,0
1064,within/aligned/l1,dci_v3,1,0
1064,within/aligned/l1,dci_v3_a8,1,0
1064,within/aligned/l1,best_axis_oracle,1,0
1064,within/aligned/l1,every_k2,0,0
1064,within/aligned/l1,adwin,0,0
1064,within/aligned/l1,mcusum,1,0
1064,within/aligned/l1,sketch1,1,0
1065,within/aligned/l0.05,always_multiD,1,0
1065,within/aligned/l0.05,union4_bonf,1,0
1065,within/aligned/l0.05,dci_v3,1,0
1065,within/aligned/l0.05,dci_v3_a8,1,0
1065,within/aligned/l0.05,best_axis_oracle,1,0
1065,within/aligned/l0.05,every_k2,0,0
1065,within/aligned/l0.05,adwin,0,0
1065,within/aligned/l0.05,mcusum,1,0
1065,within/aligned/l0.05,sketch1,0,0
1066,within/aligned/l0.1,always_multiD,1,0
1066,within/aligned/l0.1,union4_bonf,1,0
1066,within/aligned/l0.1,dci_v3,1,0
1066,within/aligned/l0.1,dci_v3_a8,1,0
1066,within/aligned/l0.1,best_axis_oracle,1,0
1066,within/aligned/l0.1,every_k2,1,0
1066,within/aligned/l0.1,adwin,0,0
1066,within/aligned/l0.1,mcusum,1,0
1066,within/aligned/l0.1,sketch1,0,0
1067,within/aligned/l0.2,always_multiD,1,0
1067,within/aligned/l0.2,union4_bonf,1,0
1067,within/aligned/l0.2,dci_v3,1,0
1067,within/aligned/l0.2,dci_v3_a8,1,0
1067,within/aligned/l0.2,best_axis_oracle,1,0
1067,within/aligned/l0.2,every_k2,1,0
1067,within/aligned/l0.2,adwin,0,0
1067,within/aligned/l0.2,mcusum,1,0
1067,within/aligned/l0.2,sketch1,0,0
1068,within/aligned/l0.4,always_multiD,1,0
1068,within/aligned/l0.4,union4_bonf,1,0
1068,within/aligned/l0.4,dci_v3,1,0
1068,within/aligned/l0.4,dci_v3_a8,1,0
1068,within/aligned/l0.4,best_axis_oracle,1,0
1068,within/aligned/l0.4,every_k2,1,0
1068,within/aligned/l0.4,adwin,0,0
1068,within/aligned/l0.4,mcusum,1,0
1068,within/aligned/l0.4,sketch1,0,0
1069,within/aligned/l1,always_multiD,1,0
1069,within/aligned/l1,union4_bonf,1,0
1069,within/aligned/l1,dci_v3,1,0
1069,within/aligned/l1,dci_v3_a8,1,0
1069,within/aligned/l1,best_axis_oracle,1,0
1069,within/aligned/l1,every_k2,0,0
1069,within/aligned/l1,adwin,0,0
1069,within/aligned/l1,mcusum,1,0
1069,within/aligned/l1,sketch1,1,0
1070,within/aligned/l0.05,always_multiD,1,10
1070,within/aligned/l0.05,union4_bonf,1,7
1070,within/aligned/l0.05,dci_v3,1,7
1070,within/aligned/l0.05,dci_v3_a8,1,7
1070,within/aligned/l0.05,best_axis_oracle,1,7
1070,within/aligned/l0.05,every_k2,1,5
1070,within/aligned/l0.05,adwin,0,0
1070,within/aligned/l0.05,mcusum,1,6
1070,within/aligned/l0.05,sketch1,0,0
1071,within/aligned/l0.1,always_multiD,1,10
1071,within/aligned/l0.1,union4_bonf,1,7
1071,within/aligned/l0.1,dci_v3,1,7
1071,within/aligned/l0.1,dci_v3_a8,1,8
1071,within/aligned/l0.1,best_axis_oracle,1,7
1071,within/aligned/l0.1,every_k2,1,5
1071,within/aligned/l0.1,adwin,0,0
1071,within/aligned/l0.1,mcusum,1,8
1071,within/aligned/l0.1,sketch1,0,1
1072,within/aligned/l0.2,always_multiD,1,11
1072,within/aligned/l0.2,union4_bonf,1,8
1072,within/aligned/l0.2,dci_v3,1,8
1072,within/aligned/l0.2,dci_v3_a8,1,9
1072,within/aligned/l0.2,best_axis_oracle,1,8
1072,within/aligned/l0.2,every_k2,0,6
1072,within/aligned/l0.2,adwin,0,0
1072,within/aligned/l0.2,mcusum,1,8
1072,within/aligned/l0.2,sketch1,0,4
1073,within/aligned/l0.4,always_multiD,1,11
1073,within/aligned/l0.4,union4_bonf,1,8
1073,within/aligned/l0.4,dci_v3,1,8
1073,within/aligned/l0.4,dci_v3_a8,1,8
1073,within/aligned/l0.4,best_axis_oracle,1,8
1073,within/aligned/l0.4,every_k2,0,6
1073,within/aligned/l0.4,adwin,0,0
1073,within/aligned/l0.4,mcusum,1,8
1073,within/aligned/l0.4,sketch1,1,6
1074,within/aligned/l1,always_multiD,1,8
1074,within/aligned/l1,union4_bonf,1,8
1074,within/aligned/l1,dci_v3,1,8
1074,within/aligned/l1,dci_v3_a8,1,8
1074,within/aligned/l1,best_axis_oracle,1,1
1074,within/aligned/l1,every_k2,1,3
1074,within/aligned/l1,adwin,0,0
1074,within/aligned/l1,mcusum,1,8
1074,within/aligned/l1,sketch1,1,7
1075,within/aligned/l0.05,always_multiD,1,13
1075,within/aligned/l0.05,union4_bonf,1,13
1075,within/aligned/l0.05,dci_v3,1,13
1075,within/aligned/l0.05,dci_v3_a8,1,13
1075,within/aligned/l0.05,best_axis_oracle,1,0
1075,within/aligned/l0.05,every_k2,0,7
1075,within/aligned/l0.05,adwin,0,0
1075,within/aligned/l0.05,mcusum,1,13
1075,within/aligned/l0.05,sketch1,1,13
1076,within/aligned/l0.1,always_multiD,1,13
1076,within/aligned/l0.1,union4_bonf,1,13
1076,within/aligned/l0.1,dci_v3,1,13
1076,within/aligned/l0.1,dci_v3_a8,1,13
1076,within/aligned/l0.1,best_axis_oracle,1,0
1076,within/aligned/l0.1,every_k2,1,6
1076,within/aligned/l0.1,adwin,0,0
1076,within/aligned/l0.1,mcusum,1,13
1076,within/aligned/l0.1,sketch1,1,13
1077,within/aligned/l0.2,always_multiD,1,13
1077,within/aligned/l0.2,union4_bonf,1,13
1077,within/aligned/l0.2,dci_v3,1,13
1077,within/aligned/l0.2,dci_v3_a8,1,13
1077,within/aligned/l0.2,best_axis_oracle,1,0
1077,within/aligned/l0.2,every_k2,1,6
1077,within/aligned/l0.2,adwin,0,0
1077,within/aligned/l0.2,mcusum,1,13
1077,within/aligned/l0.2,sketch1,1,13
1078,within/aligned/l0.4,always_multiD,1,13
1078,within/aligned/l0.4,union4_bonf,1,13
1078,within/aligned/l0.4,dci_v3,1,13
1078,within/aligned/l0.4,dci_v3_a8,1,13
1078,within/aligned/l0.4,best_axis_oracle,1,0
1078,within/aligned/l0.4,every_k2,1,6
1078,within/aligned/l0.4,adwin,0,0
1078,within/aligned/l0.4,mcusum,1,13
1078,within/aligned/l0.4,sketch1,1,13
1079,within/aligned/l1,always_multiD,1,6
1079,within/aligned/l1,union4_bonf,1,6
1079,within/aligned/l1,dci_v3,1,6
1079,within/aligned/l1,dci_v3_a8,1,6
1079,within/aligned/l1,best_axis_oracle,1,0
1079,within/aligned/l1,every_k2,0,3
1079,within/aligned/l1,adwin,0,0
1079,within/aligned/l1,mcusum,1,6
1079,within/aligned/l1,sketch1,1,6
1080,within/aligned/l0.05,always_multiD,0,6
1080,within/aligned/l0.05,union4_bonf,0,6
1080,within/aligned/l0.05,dci_v3,0,6
1080,within/aligned/l0.05,dci_v3_a8,0,6
1080,within/aligned/l0.05,best_axis_oracle,0,0
1080,within/aligned/l0.05,every_k2,0,2
1080,within/aligned/l0.05,adwin,0,0
1080,within/aligned/l0.05,mcusum,0,1
1080,within/aligned/l0.05,sketch1,0,5
1081,within/aligned/l0.1,always_multiD,0,6
1081,within/aligned/l0.1,union4_bonf,0,6
1081,within/aligned/l0.1,dci_v3,0,6
1081,within/aligned/l0.1,dci_v3_a8,0,6
1081,within/aligned/l0.1,best_axis_oracle,0,0
1081,within/aligned/l0.1,every_k2,0,2
1081,within/aligned/l0.1,adwin,0,0
1081,within/aligned/l0.1,mcusum,0,2
1081,within/aligned/l0.1,sketch1,0,5
1082,within/aligned/l0.2,always_multiD,1,6
1082,within/aligned/l0.2,union4_bonf,1,9
1082,within/aligned/l0.2,dci_v3,1,9
1082,within/aligned/l0.2,dci_v3_a8,1,8
1082,within/aligned/l0.2,best_axis_oracle,1,1
1082,within/aligned/l0.2,every_k2,1,2
1082,within/aligned/l0.2,adwin,0,0
1082,within/aligned/l0.2,mcusum,1,1
1082,within/aligned/l0.2,sketch1,1,6
1083,within/aligned/l0.4,always_multiD,1,6
1083,within/aligned/l0.4,union4_bonf,1,6
1083,within/aligned/l0.4,dci_v3,1,6
1083,within/aligned/l0.4,dci_v3_a8,1,6
1083,within/aligned/l0.4,best_axis_oracle,1,1
1083,within/aligned/l0.4,every_k2,1,2
1083,within/aligned/l0.4,adwin,0,0
1083,within/aligned/l0.4,mcusum,1,1
1083,within/aligned/l0.4,sketch1,1,5
1084,within/aligned/l1,always_multiD,1,12
1084,within/aligned/l1,union4_bonf,1,12
1084,within/aligned/l1,dci_v3,1,12
1084,within/aligned/l1,dci_v3_a8,1,12
1084,within/aligned/l1,best_axis_oracle,1,1
1084,within/aligned/l1,every_k2,1,6
1084,within/aligned/l1,adwin,0,0
1084,within/aligned/l1,mcusum,1,3
1084,within/aligned/l1,sketch1,1,10
1085,within/aligned/l0.05,always_multiD,1,15
1085,within/aligned/l0.05,union4_bonf,1,17
1085,within/aligned/l0.05,dci_v3,1,17
1085,within/aligned/l0.05,dci_v3_a8,1,17
1085,within/aligned/l0.05,best_axis_oracle,1,6
1085,within/aligned/l0.05,every_k2,0,8
1085,within/aligned/l0.05,adwin,0,0
1085,within/aligned/l0.05,mcusum,1,6
1085,within/aligned/l0.05,sketch1,0,8
1086,within/aligned/l0.1,always_multiD,1,15
1086,within/aligned/l0.1,union4_bonf,1,17
1086,within/aligned/l0.1,dci_v3,1,17
1086,within/aligned/l0.1,dci_v3_a8,1,16
1086,within/aligned/l0.1,best_axis_oracle,1,6
1086,within/aligned/l0.1,every_k2,0,8
1086,within/aligned/l0.1,adwin,0,0
1086,within/aligned/l0.1,mcusum,1,6
1086,within/aligned/l0.1,sketch1,0,8
1087,within/aligned/l0.2,always_multiD,1,11
1087,within/aligned/l0.2,union4_bonf,1,15
1087,within/aligned/l0.2,dci_v3,1,15
1087,within/aligned/l0.2,dci_v3_a8,1,15
1087,within/aligned/l0.2,best_axis_oracle,1,8
1087,within/aligned/l0.2,every_k2,1,5
1087,within/aligned/l0.2,adwin,0,0
1087,within/aligned/l0.2,mcusum,1,6
1087,within/aligned/l0.2,sketch1,0,8
1088,within/aligned/l0.4,always_multiD,1,11
1088,within/aligned/l0.4,union4_bonf,1,15
1088,within/aligned/l0.4,dci_v3,1,15
1088,within/aligned/l0.4,dci_v3_a8,1,15
1088,within/aligned/l0.4,best_axis_oracle,1,8
1088,within/aligned/l0.4,every_k2,1,5
1088,within/aligned/l0.4,adwin,0,0
1088,within/aligned/l0.4,mcusum,1,6
1088,within/aligned/l0.4,sketch1,0,10
1089,within/aligned/l1,always_multiD,1,8
1089,within/aligned/l1,union4_bonf,1,12
1089,within/aligned/l1,dci_v3,1,12
1089,within/aligned/l1,dci_v3_a8,1,11
1089,within/aligned/l1,best_axis_oracle,1,3
1089,within/aligned/l1,every_k2,0,5
1089,within/aligned/l1,adwin,0,0
1089,within/aligned/l1,mcusum,1,4
1089,within/aligned/l1,sketch1,1,8
1090,within/aligned/l0.05,always_multiD,1,3
1090,within/aligned/l0.05,union4_bonf,1,0
1090,within/aligned/l0.05,dci_v3,1,0
1090,within/aligned/l0.05,dci_v3_a8,1,0
1090,within/aligned/l0.05,best_axis_oracle,1,0
1090,within/aligned/l0.05,every_k2,0,1
1090,within/aligned/l0.05,adwin,0,0
1090,within/aligned/l0.05,mcusum,1,0
1090,within/aligned/l0.05,sketch1,0,0
1091,within/aligned/l0.1,always_multiD,1,3
1091,within/aligned/l0.1,union4_bonf,1,0
1091,within/aligned/l0.1,dci_v3,1,0
1091,within/aligned/l0.1,dci_v3_a8,1,1
1091,within/aligned/l0.1,best_axis_oracle,1,0
1091,within/aligned/l0.1,every_k2,1,2
1091,within/aligned/l0.1,adwin,0,0
1091,within/aligned/l0.1,mcusum,1,0
1091,within/aligned/l0.1,sketch1,0,0
1092,within/aligned/l0.2,always_multiD,1,3
1092,within/aligned/l0.2,union4_bonf,1,0
1092,within/aligned/l0.2,dci_v3,1,0
1092,within/aligned/l0.2,dci_v3_a8,1,2
1092,within/aligned/l0.2,best_axis_oracle,1,0
1092,within/aligned/l0.2,every_k2,0,1
1092,within/aligned/l0.2,adwin,0,0
1092,within/aligned/l0.2,mcusum,1,0
1092,within/aligned/l0.2,sketch1,0,0
1093,within/aligned/l0.4,always_multiD,1,3
1093,within/aligned/l0.4,union4_bonf,1,0
1093,within/aligned/l0.4,dci_v3,1,0
1093,within/aligned/l0.4,dci_v3_a8,1,2
1093,within/aligned/l0.4,best_axis_oracle,1,0
1093,within/aligned/l0.4,every_k2,0,1
1093,within/aligned/l0.4,adwin,0,0
1093,within/aligned/l0.4,mcusum,1,0
1093,within/aligned/l0.4,sketch1,1,0
1094,within/aligned/l1,always_multiD,1,3
1094,within/aligned/l1,union4_bonf,1,0
1094,within/aligned/l1,dci_v3,1,0
1094,within/aligned/l1,dci_v3_a8,1,0
1094,within/aligned/l1,best_axis_oracle,1,0
1094,within/aligned/l1,every_k2,0,1
1094,within/aligned/l1,adwin,0,0
1094,within/aligned/l1,mcusum,1,0
1094,within/aligned/l1,sketch1,1,0
1095,within/aligned/l0.05,always_multiD,0,2
1095,within/aligned/l0.05,union4_bonf,0,2
1095,within/aligned/l0.05,dci_v3,0,2
1095,within/aligned/l0.05,dci_v3_a8,0,2
1095,within/aligned/l0.05,best_axis_oracle,0,0
1095,within/aligned/l0.05,every_k2,0,2
1095,within/aligned/l0.05,adwin,0,0
1095,within/aligned/l0.05,mcusum,0,0
1095,within/aligned/l0.05,sketch1,0,1
1096,within/aligned/l0.1,always_multiD,0,2
1096,within/aligned/l0.1,union4_bonf,0,1
1096,within/aligned/l0.1,dci_v3,0,1
1096,within/aligned/l0.1,dci_v3_a8,0,1
1096,within/aligned/l0.1,best_axis_oracle,0,0
1096,within/aligned/l0.1,every_k2,0,0
1096,within/aligned/l0.1,adwin,0,0
1096,within/aligned/l0.1,mcusum,0,0
1096,within/aligned/l0.1,sketch1,0,1
1097,within/aligned/l0.2,always_multiD,0,1
1097,within/aligned/l0.2,union4_bonf,0,1
1097,within/aligned/l0.2,dci_v3,0,1
1097,within/aligned/l0.2,dci_v3_a8,0,1
1097,within/aligned/l0.2,best_axis_oracle,0,0
1097,within/aligned/l0.2,every_k2,0,1
1097,within/aligned/l0.2,adwin,0,0
1097,within/aligned/l0.2,mcusum,0,0
1097,within/aligned/l0.2,sketch1,0,1
1098,within/aligned/l0.4,always_multiD,0,1
1098,within/aligned/l0.4,union4_bonf,0,1
1098,within/aligned/l0.4,dci_v3,0,1
1098,within/aligned/l0.4,dci_v3_a8,0,1
1098,within/aligned/l0.4,best_axis_oracle,0,0
1098,within/aligned/l0.4,every_k2,0,0
1098,within/aligned/l0.4,adwin,0,0
1098,within/aligned/l0.4,mcusum,0,0
1098,within/aligned/l0.4,sketch1,0,1
1099,within/aligned/l1,always_multiD,1,1
1099,within/aligned/l1,union4_bonf,1,1
1099,within/aligned/l1,dci_v3,1,1
1099,within/aligned/l1,dci_v3_a8,1,1
1099,within/aligned/l1,best_axis_oracle,1,1
1099,within/aligned/l1,every_k2,1,0
1099,within/aligned/l1,adwin,0,0
1099,within/aligned/l1,mcusum,0,0
1099,within/aligned/l1,sketch1,0,1
1100,within/aligned/l0.05,always_multiD,0,0
1100,within/aligned/l0.05,union4_bonf,0,0
1100,within/aligned/l0.05,dci_v3,0,0
1100,within/aligned/l0.05,dci_v3_a8,0,0
1100,within/aligned/l0.05,best_axis_oracle,0,0
1100,within/aligned/l0.05,every_k2,0,0
1100,within/aligned/l0.05,adwin,0,0
1100,within/aligned/l0.05,mcusum,0,0
1100,within/aligned/l0.05,sketch1,0,1
1101,within/aligned/l0.1,always_multiD,0,0
1101,within/aligned/l0.1,union4_bonf,0,0
1101,within/aligned/l0.1,dci_v3,0,0
1101,within/aligned/l0.1,dci_v3_a8,0,0
1101,within/aligned/l0.1,best_axis_oracle,0,0
1101,within/aligned/l0.1,every_k2,0,0
1101,within/aligned/l0.1,adwin,0,0
1101,within/aligned/l0.1,mcusum,0,0
1101,within/aligned/l0.1,sketch1,0,1
1102,within/aligned/l0.2,always_multiD,0,0
1102,within/aligned/l0.2,union4_bonf,0,0
1102,within/aligned/l0.2,dci_v3,0,0
1102,within/aligned/l0.2,dci_v3_a8,0,0
1102,within/aligned/l0.2,best_axis_oracle,0,0
1102,within/aligned/l0.2,every_k2,0,0
1102,within/aligned/l0.2,adwin,0,0
1102,within/aligned/l0.2,mcusum,0,0
1102,within/aligned/l0.2,sketch1,0,1
1103,within/aligned/l0.4,always_multiD,0,0
1103,within/aligned/l0.4,union4_bonf,0,0
1103,within/aligned/l0.4,dci_v3,0,0
1103,within/aligned/l0.4,dci_v3_a8,0,0
1103,within/aligned/l0.4,best_axis_oracle,0,0
1103,within/aligned/l0.4,every_k2,0,0
1103,within/aligned/l0.4,adwin,0,0
1103,within/aligned/l0.4,mcusum,0,0
1103,within/aligned/l0.4,sketch1,0,1
1104,within/aligned/l1,always_multiD,0,0
1104,within/aligned/l1,union4_bonf,0,0
1104,within/aligned/l1,dci_v3,0,0
1104,within/aligned/l1,dci_v3_a8,0,0
1104,within/aligned/l1,best_axis_oracle,0,0
1104,within/aligned/l1,every_k2,0,0
1104,within/aligned/l1,adwin,0,0
1104,within/aligned/l1,mcusum,0,0
1104,within/aligned/l1,sketch1,0,1
1105,within/aligned/l0.05,always_multiD,1,1
1105,within/aligned/l0.05,union4_bonf,1,0
1105,within/aligned/l0.05,dci_v3,1,0
1105,within/aligned/l0.05,dci_v3_a8,1,0
1105,within/aligned/l0.05,best_axis_oracle,1,2
1105,within/aligned/l0.05,every_k2,1,1
1105,within/aligned/l0.05,adwin,0,0
1105,within/aligned/l0.05,mcusum,1,0
1105,within/aligned/l0.05,sketch1,0,0
1106,within/aligned/l0.1,always_multiD,1,1
1106,within/aligned/l0.1,union4_bonf,1,0
1106,within/aligned/l0.1,dci_v3,1,0
1106,within/aligned/l0.1,dci_v3_a8,1,0
1106,within/aligned/l0.1,best_axis_oracle,1,2
1106,within/aligned/l0.1,every_k2,1,1
1106,within/aligned/l0.1,adwin,0,0
1106,within/aligned/l0.1,mcusum,1,0
1106,within/aligned/l0.1,sketch1,0,0
1107,within/aligned/l0.2,always_multiD,1,1
1107,within/aligned/l0.2,union4_bonf,1,0
1107,within/aligned/l0.2,dci_v3,1,0
1107,within/aligned/l0.2,dci_v3_a8,1,1
1107,within/aligned/l0.2,best_axis_oracle,1,2
1107,within/aligned/l0.2,every_k2,1,1
1107,within/aligned/l0.2,adwin,0,0
1107,within/aligned/l0.2,mcusum,1,0
1107,within/aligned/l0.2,sketch1,1,0
1108,within/aligned/l0.4,always_multiD,1,1
1108,within/aligned/l0.4,union4_bonf,1,0
1108,within/aligned/l0.4,dci_v3,1,0
1108,within/aligned/l0.4,dci_v3_a8,1,0
1108,within/aligned/l0.4,best_axis_oracle,1,2
1108,within/aligned/l0.4,every_k2,1,1
1108,within/aligned/l0.4,adwin,0,0
1108,within/aligned/l0.4,mcusum,1,0
1108,within/aligned/l0.4,sketch1,1,0
1109,within/aligned/l1,always_multiD,1,1
1109,within/aligned/l1,union4_bonf,1,0
1109,within/aligned/l1,dci_v3,1,0
1109,within/aligned/l1,dci_v3_a8,1,0
1109,within/aligned/l1,best_axis_oracle,1,0
1109,within/aligned/l1,every_k2,1,1
1109,within/aligned/l1,adwin,0,0
1109,within/aligned/l1,mcusum,1,0
1109,within/aligned/l1,sketch1,1,0
1110,within/aligned/l0.05,always_multiD,1,11
1110,within/aligned/l0.05,union4_bonf,1,11
1110,within/aligned/l0.05,dci_v3,1,11
1110,within/aligned/l0.05,dci_v3_a8,1,11
1110,within/aligned/l0.05,best_axis_oracle,1,0
1110,within/aligned/l0.05,every_k2,0,6
1110,within/aligned/l0.05,adwin,0,0
1110,within/aligned/l0.05,mcusum,1,9
1110,within/aligned/l0.05,sketch1,1,11
1111,within/aligned/l0.1,always_multiD,1,11
1111,within/aligned/l0.1,union4_bonf,1,11
1111,within/aligned/l0.1,dci_v3,1,11
1111,within/aligned/l0.1,dci_v3_a8,1,11
1111,within/aligned/l0.1,best_axis_oracle,1,0
1111,within/aligned/l0.1,every_k2,1,5
1111,within/aligned/l0.1,adwin,0,0
1111,within/aligned/l0.1,mcusum,1,11
1111,within/aligned/l0.1,sketch1,1,11
1112,within/aligned/l0.2,always_multiD,1,11
1112,within/aligned/l0.2,union4_bonf,1,11
1112,within/aligned/l0.2,dci_v3,1,11
1112,within/aligned/l0.2,dci_v3_a8,1,11
1112,within/aligned/l0.2,best_axis_oracle,1,0
1112,within/aligned/l0.2,every_k2,1,5
1112,within/aligned/l0.2,adwin,0,0
1112,within/aligned/l0.2,mcusum,1,9
1112,within/aligned/l0.2,sketch1,1,11
1113,within/aligned/l0.4,always_multiD,1,11
1113,within/aligned/l0.4,union4_bonf,1,11
1113,within/aligned/l0.4,dci_v3,1,11
1113,within/aligned/l0.4,dci_v3_a8,1,11
1113,within/aligned/l0.4,best_axis_oracle,1,0
1113,within/aligned/l0.4,every_k2,0,6
1113,within/aligned/l0.4,adwin,0,0
1113,within/aligned/l0.4,mcusum,1,10
1113,within/aligned/l0.4,sketch1,1,11
1114,within/aligned/l1,always_multiD,1,7
1114,within/aligned/l1,union4_bonf,1,7
1114,within/aligned/l1,dci_v3,1,7
1114,within/aligned/l1,dci_v3_a8,1,7
1114,within/aligned/l1,best_axis_oracle,1,0
1114,within/aligned/l1,every_k2,1,3
1114,within/aligned/l1,adwin,0,0
1114,within/aligned/l1,mcusum,1,5
1114,within/aligned/l1,sketch1,1,7
1115,within/aligned/l0.05,always_multiD,1,11
1115,within/aligned/l0.05,union4_bonf,1,11
1115,within/aligned/l0.05,dci_v3,1,11
1115,within/aligned/l0.05,dci_v3_a8,1,11
1115,within/aligned/l0.05,best_axis_oracle,1,0
1115,within/aligned/l0.05,every_k2,1,5
1115,within/aligned/l0.05,adwin,0,0
1115,within/aligned/l0.05,mcusum,1,1
1115,within/aligned/l0.05,sketch1,1,2
1116,within/aligned/l0.1,always_multiD,1,11
1116,within/aligned/l0.1,union4_bonf,1,11
1116,within/aligned/l0.1,dci_v3,1,11
1116,within/aligned/l0.1,dci_v3_a8,1,11
1116,within/aligned/l0.1,best_axis_oracle,1,0
1116,within/aligned/l0.1,every_k2,0,6
1116,within/aligned/l0.1,adwin,0,0
1116,within/aligned/l0.1,mcusum,1,1
1116,within/aligned/l0.1,sketch1,0,2
1117,within/aligned/l0.2,always_multiD,1,11
1117,within/aligned/l0.2,union4_bonf,1,11
1117,within/aligned/l0.2,dci_v3,1,11
1117,within/aligned/l0.2,dci_v3_a8,1,11
1117,within/aligned/l0.2,best_axis_oracle,1,0
1117,within/aligned/l0.2,every_k2,1,5
1117,within/aligned/l0.2,adwin,0,0
1117,within/aligned/l0.2,mcusum,1,1
1117,within/aligned/l0.2,sketch1,0,2
1118,within/aligned/l0.4,always_multiD,1,11
1118,within/aligned/l0.4,union4_bonf,1,11
1118,within/aligned/l0.4,dci_v3,1,11
1118,within/aligned/l0.4,dci_v3_a8,1,11
1118,within/aligned/l0.4,best_axis_oracle,1,0
1118,within/aligned/l0.4,every_k2,1,5
1118,within/aligned/l0.4,adwin,0,0
1118,within/aligned/l0.4,mcusum,1,1
1118,within/aligned/l0.4,sketch1,0,2
1119,within/aligned/l1,always_multiD,1,8
1119,within/aligned/l1,union4_bonf,1,9
1119,within/aligned/l1,dci_v3,1,9
1119,within/aligned/l1,dci_v3_a8,1,9
1119,within/aligned/l1,best_axis_oracle,1,0
1119,within/aligned/l1,every_k2,1,3
1119,within/aligned/l1,adwin,0,0
1119,within/aligned/l1,mcusum,1,0
1119,within/aligned/l1,sketch1,1,8
1120,within/aligned/l0.05,always_multiD,1,11
1120,within/aligned/l0.05,union4_bonf,1,11
1120,within/aligned/l0.05,dci_v3,1,11
1120,within/aligned/l0.05,dci_v3_a8,1,11
1120,within/aligned/l0.05,best_axis_oracle,1,2
1120,within/aligned/l0.05,every_k2,0,6
1120,within/aligned/l0.05,adwin,0,0
1120,within/aligned/l0.05,mcusum,0,2
1120,within/aligned/l0.05,sketch1,1,9
1121,within/aligned/l0.1,always_multiD,1,12
1121,within/aligned/l0.1,union4_bonf,1,12
1121,within/aligned/l0.1,dci_v3,1,12
1121,within/aligned/l0.1,dci_v3_a8,1,12
1121,within/aligned/l0.1,best_axis_oracle,1,11
1121,within/aligned/l0.1,every_k2,0,7
1121,within/aligned/l0.1,adwin,0,0
1121,within/aligned/l0.1,mcusum,0,3
1121,within/aligned/l0.1,sketch1,1,6
1122,within/aligned/l0.2,always_multiD,1,12
1122,within/aligned/l0.2,union4_bonf,1,12
1122,within/aligned/l0.2,dci_v3,1,12
1122,within/aligned/l0.2,dci_v3_a8,1,12
1122,within/aligned/l0.2,best_axis_oracle,1,4
1122,within/aligned/l0.2,every_k2,1,5
1122,within/aligned/l0.2,adwin,0,0
1122,within/aligned/l0.2,mcusum,0,4
1122,within/aligned/l0.2,sketch1,1,5
1123,within/aligned/l0.4,always_multiD,1,12
1123,within/aligned/l0.4,union4_bonf,1,12
1123,within/aligned/l0.4,dci_v3,1,12
1123,within/aligned/l0.4,dci_v3_a8,1,12
1123,within/aligned/l0.4,best_axis_oracle,1,1
1123,within/aligned/l0.4,every_k2,0,7
1123,within/aligned/l0.4,adwin,0,0
1123,within/aligned/l0.4,mcusum,1,7
1123,within/aligned/l0.4,sketch1,1,11
1124,within/aligned/l1,always_multiD,1,12
1124,within/aligned/l1,union4_bonf,1,12
1124,within/aligned/l1,dci_v3,1,12
1124,within/aligned/l1,dci_v3_a8,1,12
1124,within/aligned/l1,best_axis_oracle,1,1
1124,within/aligned/l1,every_k2,0,7
1124,within/aligned/l1,adwin,0,0
1124,within/aligned/l1,mcusum,1,11
1124,within/aligned/l1,sketch1,1,11
